pos_index,position,sample_index,voltage
0,-0.00915555284279916,0,0.0629191
0,-0.00915555284279916,1,0.06293245
0,-0.00915555284279916,2,0.06280358
0,-0.00915555284279916,3,0.06311433
0,-0.00915555284279916,4,0.06289832
0,-0.00915555284279916,5,0.06288593
0,-0.00915555284279916,6,0.06286471
0,-0.00915555284279916,7,0.06329016
0,-0.00915555284279916,8,0.06306174
0,-0.00915555284279916,9,0.062994
0,-0.00915555284279916,10,0.06272046
0,-0.00915555284279916,11,0.06301562
1,-0.00854518265327921,0,0.06278478
1,-0.00854518265327921,1,0.06271667
1,-0.00854518265327921,2,0.06289478
1,-0.00854518265327921,3,0.06281922
1,-0.00854518265327921,4,0.06291015
1,-0.00854518265327921,5,0.06271257
1,-0.00854518265327921,6,0.06288994
1,-0.00854518265327921,7,0.06290121
1,-0.00854518265327921,8,0.06291056
1,-0.00854518265327921,9,0.06285372
1,-0.00854518265327921,10,0.06262311
1,-0.00854518265327921,11,0.06263588
1,-0.00854518265327921,12,0.06273875
1,-0.00854518265327921,13,0.06300567
1,-0.00854518265327921,14,0.06290751
1,-0.00854518265327921,15,0.06311078
2,0.00122074037903989,0,0.06286001
2,0.00122074037903989,1,0.06295044
2,0.00122074037903989,2,0.06318296
2,0.00122074037903989,3,0.06297721
2,0.00122074037903989,4,0.06294122
2,0.00122074037903989,5,0.06296092
2,0.00122074037903989,6,0.06307556
2,0.00122074037903989,7,0.06305453
2,0.00122074037903989,8,0.06330535
2,0.00122074037903989,9,0.06313273
2,0.00122074037903989,10,0.06284139
2,0.00122074037903989,11,0.06306174
2,0.00122074037903989,12,0.06334258
2,0.00122074037903989,13,0.0634174
2,0.00122074037903989,14,0.06344805
2,0.00122074037903989,15,0.0630263
3,0.0122074037903989,0,0.06263419
3,0.0122074037903989,1,0.06282288
3,0.0122074037903989,2,0.0628107
3,0.0122074037903989,3,0.06293017
3,0.0122074037903989,4,0.06259601
3,0.0122074037903989,5,0.06272927
3,0.0122074037903989,6,0.06285865
3,0.0122074037903989,7,0.06308473
3,0.0122074037903989,8,0.06292219
3,0.0122074037903989,9,0.06279673
3,0.0122074037903989,10,0.06312675
3,0.0122074037903989,11,0.06288087
3,0.0122074037903989,12,0.06304184
3,0.0122074037903989,13,0.06284478
3,0.0122074037903989,14,0.06308259
3,0.0122074037903989,15,0.06302547
4,0.021973326822718,0,0.06283575
4,0.021973326822718,1,0.06311234
4,0.021973326822718,2,0.06303578
4,0.021973326822718,3,0.06297794
4,0.021973326822718,4,0.062958
4,0.021973326822718,5,0.06305823
4,0.021973326822718,6,0.06287397
4,0.021973326822718,7,0.06301709
4,0.021973326822718,8,0.06297024
4,0.021973326822718,9,0.06295618
4,0.021973326822718,10,0.06298843
4,0.021973326822718,11,0.06289012
4,0.021973326822718,12,0.06264487
4,0.021973326822718,13,0.06270837
4,0.021973326822718,14,0.06312132
4,0.021973326822718,15,0.06311584
5,0.0317392498550371,0,0.0627743
5,0.0317392498550371,1,0.06296051
5,0.0317392498550371,2,0.06283186
5,0.0317392498550371,3,0.06311256
5,0.0317392498550371,4,0.06322515
5,0.0317392498550371,5,0.06306444
5,0.0317392498550371,6,0.06312899
5,0.0317392498550371,7,0.06300846
5,0.0317392498550371,8,0.06318619
5,0.0317392498550371,9,0.06302492
5,0.0317392498550371,10,0.06297813
5,0.0317392498550371,11,0.06296302
5,0.0317392498550371,12,0.06294614
5,0.0317392498550371,13,0.06329239
5,0.0317392498550371,14,0.06311411
5,0.0317392498550371,15,0.06317141
6,0.0415051728873562,0,0.06309947
6,0.0415051728873562,1,0.06317205
6,0.0415051728873562,2,0.06324317
6,0.0415051728873562,3,0.0632424
6,0.0415051728873562,4,0.06347109
6,0.0415051728873562,5,0.06332451
6,0.0415051728873562,6,0.06328738
6,0.0415051728873562,7,0.06324208
6,0.0415051728873562,8,0.06332862
6,0.0415051728873562,9,0.06322515
6,0.0415051728873562,10,0.06310722
6,0.0415051728873562,11,0.06330051
6,0.0415051728873562,12,0.06322113
6,0.0415051728873562,13,0.06354038
6,0.0415051728873562,14,0.06342588
6,0.0415051728873562,15,0.06335106
7,0.0512710959196753,0,0.06320171
7,0.0512710959196753,1,0.06294902
7,0.0512710959196753,2,0.0631168
7,0.0512710959196753,3,0.06298109
7,0.0512710959196753,4,0.06292377
7,0.0512710959196753,5,0.06303953
7,0.0512710959196753,6,0.0632522
7,0.0512710959196753,7,0.06316996
7,0.0512710959196753,8,0.062998
7,0.0512710959196753,9,0.06291895
7,0.0512710959196753,10,0.06311056
7,0.0512710959196753,11,0.06268529
7,0.0512710959196753,12,0.06287493
7,0.0512710959196753,13,0.0627024
7,0.0512710959196753,14,0.06302389
7,0.0512710959196753,15,0.06291891
8,0.0616473891415143,0,0.06318113
8,0.0616473891415143,1,0.06316298
8,0.0616473891415143,2,0.06288105
8,0.0616473891415143,3,0.06298502
8,0.0616473891415143,4,0.06274094
8,0.0616473891415143,5,0.06290216
8,0.0616473891415143,6,0.06294427
8,0.0616473891415143,7,0.06311443
8,0.0616473891415143,8,0.06325444
8,0.0616473891415143,9,0.0631642
8,0.0616473891415143,10,0.06329084
8,0.0616473891415143,11,0.06322237
8,0.0616473891415143,12,0.06317109
8,0.0616473891415143,13,0.06300344
8,0.0616473891415143,14,0.063207
8,0.0616473891415143,15,0.06323925
9,0.0714133121738334,0,0.06323619
9,0.0714133121738334,1,0.06306169
9,0.0714133121738334,2,0.06289139
9,0.0714133121738334,3,0.06281777
9,0.0714133121738334,4,0.06297447
9,0.0714133121738334,5,0.0630387
9,0.0714133121738334,6,0.0630329
9,0.0714133121738334,7,0.06312785
9,0.0714133121738334,8,0.06294221
9,0.0714133121738334,9,0.06313775
9,0.0714133121738334,10,0.06317484
9,0.0714133121738334,11,0.06309921
9,0.0714133121738334,12,0.06319112
9,0.0714133121738334,13,0.06313994
9,0.0714133121738334,14,0.06300358
9,0.0714133121738334,15,0.06310722
10,0.0817896053956725,0,0.06311854
10,0.0817896053956725,1,0.06340558
10,0.0817896053956725,2,0.06297507
10,0.0817896053956725,3,0.06284596
10,0.0817896053956725,4,0.06285905
10,0.0817896053956725,5,0.06318615
10,0.0817896053956725,6,0.06287261
10,0.0817896053956725,7,0.0628977
10,0.0817896053956725,8,0.06307945
10,0.0817896053956725,9,0.06324979
10,0.0817896053956725,10,0.06304153
10,0.0817896053956725,11,0.06305851
10,0.0817896053956725,12,0.06341083
10,0.0817896053956725,13,0.06277976
10,0.0817896053956725,14,0.06291818
10,0.0817896053956725,15,0.06280696
11,0.0909451582384716,0,0.06302324
11,0.0909451582384716,1,0.06289405
11,0.0909451582384716,2,0.062808
11,0.0909451582384716,3,0.06298647
11,0.0909451582384716,4,0.0631137
11,0.0909451582384716,5,0.0630762
11,0.0909451582384716,6,0.06300545
11,0.0909451582384716,7,0.06280079
11,0.0909451582384716,8,0.06286371
11,0.0909451582384716,9,0.06298944
11,0.0909451582384716,10,0.06285303
11,0.0909451582384716,11,0.0630888
11,0.0909451582384716,12,0.06310517
11,0.0909451582384716,13,0.06332146
11,0.0909451582384716,14,0.06268643
11,0.0909451582384716,15,0.06304467
12,0.102542191839351,0,0.06284993
12,0.102542191839351,1,0.0627253
12,0.102542191839351,2,0.06250887
12,0.102542191839351,3,0.06270271
12,0.102542191839351,4,0.06309678
12,0.102542191839351,5,0.06293305
12,0.102542191839351,6,0.06311885
12,0.102542191839351,7,0.06308036
12,0.102542191839351,8,0.06270149
12,0.102542191839351,9,0.06301325
12,0.102542191839351,10,0.06296539
12,0.102542191839351,11,0.06294946
12,0.102542191839351,12,0.06276052
12,0.102542191839351,13,0.06289706
12,0.102542191839351,14,0.06294212
12,0.102542191839351,15,0.06267247
13,0.11108737449263,0,0.06295892
13,0.11108737449263,1,0.06307556
13,0.11108737449263,2,0.06300449
13,0.11108737449263,3,0.0629258
13,0.11108737449263,4,0.06316379
13,0.11108737449263,5,0.06295832
13,0.11108737449263,6,0.06270231
13,0.11108737449263,7,0.06284984
13,0.11108737449263,8,0.0629174
13,0.11108737449263,9,0.06293182
13,0.11108737449263,10,0.0631419
13,0.11108737449263,11,0.06290874
13,0.11108737449263,12,0.06313222
13,0.11108737449263,13,0.06290372
13,0.11108737449263,14,0.06292424
13,0.11108737449263,15,0.06293309
14,0.120853297524949,0,0.06311885
14,0.120853297524949,1,0.06300905
14,0.120853297524949,2,0.06290919
14,0.120853297524949,3,0.06290033
14,0.120853297524949,4,0.06307155
14,0.120853297524949,5,0.06297712
14,0.120853297524949,6,0.06296744
14,0.120853297524949,7,0.06286211
14,0.120853297524949,8,0.06259838
14,0.120853297524949,9,0.06268442
14,0.120853297524949,10,0.06285089
14,0.120853297524949,11,0.06279138
14,0.120853297524949,12,0.06297507
14,0.120853297524949,13,0.0632705
14,0.120853297524949,14,0.06291932
14,0.120853297524949,15,0.06291065
15,0.131229590746788,0,0.06304368
15,0.131229590746788,1,0.06277383
15,0.131229590746788,2,0.06267534
15,0.131229590746788,3,0.06289076
15,0.131229590746788,4,0.06269629
15,0.131229590746788,5,0.0628878
15,0.131229590746788,6,0.06271741
15,0.131229590746788,7,0.06248298
15,0.131229590746788,8,0.06273822
15,0.131229590746788,9,0.06280892
15,0.131229590746788,10,0.06277379
15,0.131229590746788,11,0.06271531
15,0.131229590746788,12,0.06267616
15,0.131229590746788,13,0.06271955
15,0.131229590746788,14,0.06269126
15,0.131229590746788,15,0.06253247
16,0.141605883968627,0,0.06297201
16,0.141605883968627,1,0.06262389
16,0.141605883968627,2,0.06286717
16,0.141605883968627,3,0.06297325
16,0.141605883968627,4,0.06264811
16,0.141605883968627,5,0.06277497
16,0.141605883968627,6,0.06267133
16,0.141605883968627,7,0.0625498
16,0.141605883968627,8,0.06271116
16,0.141605883968627,9,0.06268426
16,0.141605883968627,10,0.06271567
16,0.141605883968627,11,0.06255277
16,0.141605883968627,12,0.06251559
16,0.141605883968627,13,0.06277367
16,0.141605883968627,14,0.06276667
16,0.141605883968627,15,0.06261535
17,0.151371807000946,0,0.06284747
17,0.151371807000946,1,0.06299742
17,0.151371807000946,2,0.06299113
17,0.151371807000946,3,0.06294003
17,0.151371807000946,4,0.06301987
17,0.151371807000946,5,0.06301015
17,0.151371807000946,6,0.06284291
17,0.151371807000946,7,0.06313373
17,0.151371807000946,8,0.06324513
17,0.151371807000946,9,0.06267315
17,0.151371807000946,10,0.06297661
17,0.151371807000946,11,0.06299713
17,0.151371807000946,12,0.0628268
17,0.151371807000946,13,0.06265303
17,0.151371807000946,14,0.06297424
17,0.151371807000946,15,0.06273839
18,0.161137730033265,0,0.0628919
18,0.161137730033265,1,0.06291412
18,0.161137730033265,2,0.062883
18,0.161137730033265,3,0.06284928
18,0.161137730033265,4,0.06287598
18,0.161137730033265,5,0.06286777
18,0.161137730033265,6,0.06294802
18,0.161137730033265,7,0.06271604
18,0.161137730033265,8,0.06306946
18,0.161137730033265,9,0.06280158
18,0.161137730033265,10,0.06292475
18,0.161137730033265,11,0.06329239
18,0.161137730033265,12,0.06301954
18,0.161137730033265,13,0.06277566
18,0.161137730033265,14,0.06280325
18,0.161137730033265,15,0.06293502
19,0.171514023255104,0,0.06265085
19,0.171514023255104,1,0.06300139
19,0.171514023255104,2,0.06286868
19,0.171514023255104,3,0.06287958
19,0.171514023255104,4,0.06281339
19,0.171514023255104,5,0.06279515
19,0.171514023255104,6,0.06269637
19,0.171514023255104,7,0.06268424
19,0.171514023255104,8,0.06284989
19,0.171514023255104,9,0.06290974
19,0.171514023255104,10,0.06311548
19,0.171514023255104,11,0.06279016
19,0.171514023255104,12,0.06284975
19,0.171514023255104,13,0.0627332
19,0.171514023255104,14,0.0625817
19,0.171514023255104,15,0.06274223
20,0.181279946287423,0,0.06276645
20,0.181279946287423,1,0.06260975
20,0.181279946287423,2,0.06269532
20,0.181279946287423,3,0.0628264
20,0.181279946287423,4,0.06270235
20,0.181279946287423,5,0.06247709
20,0.181279946287423,6,0.06278587
20,0.181279946287423,7,0.06294814
20,0.181279946287423,8,0.06272389
20,0.181279946287423,9,0.06287958
20,0.181279946287423,10,0.06276234
20,0.181279946287423,11,0.06304162
20,0.181279946287423,12,0.06297109
20,0.181279946287423,13,0.06267329
20,0.181279946287423,14,0.06290124
20,0.181279946287423,15,0.06296403
21,0.191045869319742,0,0.06304988
21,0.191045869319742,1,0.06280782
21,0.191045869319742,2,0.06261686
21,0.191045869319742,3,0.06282876
21,0.191045869319742,4,0.06266968
21,0.191045869319742,5,0.06280185
21,0.191045869319742,6,0.06282767
21,0.191045869319742,7,0.06299095
21,0.191045869319742,8,0.06301265
21,0.191045869319742,9,0.06285914
21,0.191045869319742,10,0.0627867
21,0.191045869319742,11,0.06291584
21,0.191045869319742,12,0.06301544
21,0.191045869319742,13,0.0630102
21,0.191045869319742,14,0.0629314
21,0.191045869319742,15,0.06309481
22,0.200811792352062,0,0.06292415
22,0.200811792352062,1,0.06299158
22,0.200811792352062,2,0.06317265
22,0.200811792352062,3,0.06276453
22,0.200811792352062,4,0.06309733
22,0.200811792352062,5,0.06326037
22,0.200811792352062,6,0.06308843
22,0.200811792352062,7,0.0632012
22,0.200811792352062,8,0.06332438
22,0.200811792352062,9,0.06312506
22,0.200811792352062,10,0.06314604
22,0.200811792352062,11,0.06324331
22,0.200811792352062,12,0.0633164
22,0.200811792352062,13,0.06307064
22,0.200811792352062,14,0.0631861
22,0.200811792352062,15,0.06305275
23,0.21240882595294,0,0.06289897
23,0.21240882595294,1,0.06307378
23,0.21240882595294,2,0.06293419
23,0.21240882595294,3,0.06294204
23,0.21240882595294,4,0.0629564
23,0.21240882595294,5,0.0628617
23,0.21240882595294,6,0.06275331
23,0.21240882595294,7,0.0631939
23,0.21240882595294,8,0.06284451
23,0.21240882595294,9,0.06308582
23,0.21240882595294,10,0.06306247
23,0.21240882595294,11,0.0630466
23,0.21240882595294,12,0.06283452
23,0.21240882595294,13,0.06286425
23,0.21240882595294,14,0.06260413
23,0.21240882595294,15,0.06258597
24,0.22095400860622,0,0.06276703
24,0.22095400860622,1,0.06309925
24,0.22095400860622,2,0.06294802
24,0.22095400860622,3,0.06304974
24,0.22095400860622,4,0.06290243
24,0.22095400860622,5,0.06301767
24,0.22095400860622,6,0.06290495
24,0.22095400860622,7,0.06269153
24,0.22095400860622,8,0.06280062
24,0.22095400860622,9,0.06275272
24,0.22095400860622,10,0.06270295
24,0.22095400860622,11,0.06281627
24,0.22095400860622,12,0.06307816
24,0.22095400860622,13,0.06299902
24,0.22095400860622,14,0.062895
24,0.22095400860622,15,0.06308473
25,0.232551042207099,0,0.06278566
25,0.232551042207099,1,0.06290481
25,0.232551042207099,2,0.06314322
25,0.232551042207099,3,0.06315316
25,0.232551042207099,4,0.06309614
25,0.232551042207099,5,0.06294131
25,0.232551042207099,6,0.06287091
25,0.232551042207099,7,0.06303524
25,0.232551042207099,8,0.06297931
25,0.232551042207099,9,0.06293935
25,0.232551042207099,10,0.06286184
25,0.232551042207099,11,0.06299887
25,0.232551042207099,12,0.06242566
25,0.232551042207099,13,0.06252243
25,0.232551042207099,14,0.06277549
25,0.232551042207099,15,0.06286037
26,0.241706595049898,0,0.06305467
26,0.241706595049898,1,0.06309504
26,0.241706595049898,2,0.06277024
26,0.241706595049898,3,0.06270331
26,0.241706595049898,4,0.06271732
26,0.241706595049898,5,0.0625758
26,0.241706595049898,6,0.06285312
26,0.241706595049898,7,0.06299998
26,0.241706595049898,8,0.06276335
26,0.241706595049898,9,0.06305996
26,0.241706595049898,10,0.06305399
26,0.241706595049898,11,0.06307825
26,0.241706595049898,12,0.06302731
26,0.241706595049898,13,0.06295426
26,0.241706595049898,14,0.06284765
26,0.241706595049898,15,0.06305106
27,0.250862147892697,0,0.06303999
27,0.250862147892697,1,0.06290312
27,0.250862147892697,2,0.06286266
27,0.250862147892697,3,0.0629945
27,0.250862147892697,4,0.06312885
27,0.250862147892697,5,0.06325471
27,0.250862147892697,6,0.06331999
27,0.250862147892697,7,0.06323939
27,0.250862147892697,8,0.06335786
27,0.250862147892697,9,0.06313888
27,0.250862147892697,10,0.06331762
27,0.250862147892697,11,0.06315476
27,0.250862147892697,12,0.0633975
27,0.250862147892697,13,0.06358682
27,0.250862147892697,14,0.06332073
27,0.250862147892697,15,0.06340197
28,0.261238441114536,0,0.06333473
28,0.261238441114536,1,0.06318113
28,0.261238441114536,2,0.06319509
28,0.261238441114536,3,0.06332652
28,0.261238441114536,4,0.06332333
28,0.261238441114536,5,0.0633246
28,0.261238441114536,6,0.0631175
28,0.261238441114536,7,0.06315472
28,0.261238441114536,8,0.06280234
28,0.261238441114536,9,0.06307045
28,0.261238441114536,10,0.06325608
28,0.261238441114536,11,0.06305449
28,0.261238441114536,12,0.06314651
28,0.261238441114536,13,0.06281038
28,0.261238441114536,14,0.06306854
28,0.261238441114536,15,0.06326804
29,0.271614734336375,0,0.06316143
29,0.271614734336375,1,0.06288829
29,0.271614734336375,2,0.06259538
29,0.271614734336375,3,0.06291704
29,0.271614734336375,4,0.06297556
29,0.271614734336375,5,0.0627962
29,0.271614734336375,6,0.06295371
29,0.271614734336375,7,0.06291267
29,0.271614734336375,8,0.06297813
29,0.271614734336375,9,0.0632081
29,0.271614734336375,10,0.06300859
29,0.271614734336375,11,0.06290121
29,0.271614734336375,12,0.06327442
29,0.271614734336375,13,0.0632387
29,0.271614734336375,14,0.0630955
29,0.271614734336375,15,0.06313295
30,0.281380657368694,0,0.06331361
30,0.281380657368694,1,0.06332424
30,0.281380657368694,2,0.06317446
30,0.281380657368694,3,0.06305942
30,0.281380657368694,4,0.0631704
30,0.281380657368694,5,0.0630279
30,0.281380657368694,6,0.06339518
30,0.281380657368694,7,0.06332789
30,0.281380657368694,8,0.06308798
30,0.281380657368694,9,0.06307438
30,0.281380657368694,10,0.06334485
30,0.281380657368694,11,0.06313665
30,0.281380657368694,12,0.06315982
30,0.281380657368694,13,0.06309481
30,0.281380657368694,14,0.06344038
30,0.281380657368694,15,0.06311699
31,0.291756950590533,0,0.06301517
31,0.291756950590533,1,0.06315202
31,0.291756950590533,2,0.06296525
31,0.291756950590533,3,0.06292193
31,0.291756950590533,4,0.06315813
31,0.291756950590533,5,0.06353664
31,0.291756950590533,6,0.06316676
31,0.291756950590533,7,0.06321575
31,0.291756950590533,8,0.06338888
31,0.291756950590533,9,0.0631127
31,0.291756950590533,10,0.06290969
31,0.291756950590533,11,0.06316786
31,0.291756950590533,12,0.06336214
31,0.291756950590533,13,0.06339309
31,0.291756950590533,14,0.06349673
31,0.291756950590533,15,0.06325617
32,0.301522873622852,0,0.06312165
32,0.301522873622852,1,0.062906
32,0.301522873622852,2,0.06291439
32,0.301522873622852,3,0.06299148
32,0.301522873622852,4,0.06308136
32,0.301522873622852,5,0.06308734
32,0.301522873622852,6,0.06317168
32,0.301522873622852,7,0.06320398
32,0.301522873622852,8,0.06300317
32,0.301522873622852,9,0.06327826
32,0.301522873622852,10,0.06305152
32,0.301522873622852,11,0.0631799
32,0.301522873622852,12,0.06326959
32,0.301522873622852,13,0.06310681
32,0.301522873622852,14,0.06319892
32,0.301522873622852,15,0.0632314
33,0.311899166844691,0,0.06312383
33,0.311899166844691,1,0.06280057
33,0.311899166844691,2,0.06285905
33,0.311899166844691,3,0.06293078
33,0.311899166844691,4,0.06293423
33,0.311899166844691,5,0.06307434
33,0.311899166844691,6,0.06314796
33,0.311899166844691,7,0.06294072
33,0.311899166844691,8,0.06286403
33,0.311899166844691,9,0.0628425
33,0.311899166844691,10,0.06313195
33,0.311899166844691,11,0.06301562
33,0.311899166844691,12,0.06302976
33,0.311899166844691,13,0.06271016
33,0.311899166844691,14,0.06289387
33,0.311899166844691,15,0.06304162
34,0.32166508987701,0,0.0628305
34,0.32166508987701,1,0.06249952
34,0.32166508987701,2,0.06263607
34,0.32166508987701,3,0.06288474
34,0.32166508987701,4,0.06281462
34,0.32166508987701,5,0.06292748
34,0.32166508987701,6,0.06277151
34,0.32166508987701,7,0.0626242
34,0.32166508987701,8,0.06244881
34,0.32166508987701,9,0.062543
34,0.32166508987701,10,0.06272744
34,0.32166508987701,11,0.06260801
34,0.32166508987701,12,0.06298044
34,0.32166508987701,13,0.06281868
34,0.32166508987701,14,0.06252863
34,0.32166508987701,15,0.06243324
35,0.33143101290933,0,0.06297123
35,0.33143101290933,1,0.06310755
35,0.33143101290933,2,0.06285076
35,0.33143101290933,3,0.06285167
35,0.33143101290933,4,0.06289098
35,0.33143101290933,5,0.06304049
35,0.33143101290933,6,0.06288821
35,0.33143101290933,7,0.06296001
35,0.33143101290933,8,0.06276955
35,0.33143101290933,9,0.06272553
35,0.33143101290933,10,0.062593
35,0.33143101290933,11,0.0627846
35,0.33143101290933,12,0.06277055
35,0.33143101290933,13,0.06269568
35,0.33143101290933,14,0.06248762
35,0.33143101290933,15,0.06264724
36,0.341807306131169,0,0.0627633
36,0.341807306131169,1,0.06298437
36,0.341807306131169,2,0.06290194
36,0.341807306131169,3,0.06274004
36,0.341807306131169,4,0.06301196
36,0.341807306131169,5,0.06309286
36,0.341807306131169,6,0.06290285
36,0.341807306131169,7,0.06271732
36,0.341807306131169,8,0.06284304
36,0.341807306131169,9,0.06302238
36,0.341807306131169,10,0.06271261
36,0.341807306131169,11,0.06292242
36,0.341807306131169,12,0.06303424
36,0.341807306131169,13,0.06298223
36,0.341807306131169,14,0.06260464
36,0.341807306131169,15,0.06280084
37,0.352183599353008,0,0.0630309
37,0.352183599353008,1,0.06264642
37,0.352183599353008,2,0.0629451
37,0.352183599353008,3,0.06307086
37,0.352183599353008,4,0.06303081
37,0.352183599353008,5,0.06280494
37,0.352183599353008,6,0.06302211
37,0.352183599353008,7,0.06277662
37,0.352183599353008,8,0.06281663
37,0.352183599353008,9,0.06304546
37,0.352183599353008,10,0.06278728
37,0.352183599353008,11,0.06278032
37,0.352183599353008,12,0.0629596
37,0.352183599353008,13,0.06283867
37,0.352183599353008,14,0.06284993
37,0.352183599353008,15,0.06291216
38,0.361949522385327,0,0.06284285
38,0.361949522385327,1,0.06284989
38,0.361949522385327,2,0.06271412
38,0.361949522385327,3,0.06296339
38,0.361949522385327,4,0.06298123
38,0.361949522385327,5,0.06311885
38,0.361949522385327,6,0.06282448
38,0.361949522385327,7,0.06269742
38,0.361949522385327,8,0.06279705
38,0.361949522385327,9,0.06301138
38,0.361949522385327,10,0.06286279
38,0.361949522385327,11,0.06293245
38,0.361949522385327,12,0.06271774
38,0.361949522385327,13,0.06280992
38,0.361949522385327,14,0.06296412
38,0.361949522385327,15,0.06294715
39,0.371715445417646,0,0.06230259
39,0.371715445417646,1,0.06275468
39,0.371715445417646,2,0.06261693
39,0.371715445417646,3,0.06272247
39,0.371715445417646,4,0.06247644
39,0.371715445417646,5,0.06285854
39,0.371715445417646,6,0.06280358
39,0.371715445417646,7,0.06255171
39,0.371715445417646,8,0.06244948
39,0.371715445417646,9,0.06307051
39,0.371715445417646,10,0.06272111
39,0.371715445417646,11,0.06279569
39,0.371715445417646,12,0.06276841
39,0.371715445417646,13,0.06304756
39,0.371715445417646,14,0.06316001
39,0.371715445417646,15,0.06315759
40,0.382091738639485,0,0.06283976
40,0.382091738639485,1,0.06264218
40,0.382091738639485,2,0.0629304
40,0.382091738639485,3,0.06298929
40,0.382091738639485,4,0.06296056
40,0.382091738639485,5,0.06311963
40,0.382091738639485,6,0.06297356
40,0.382091738639485,7,0.06281243
40,0.382091738639485,8,0.06285927
40,0.382091738639485,9,0.06279578
40,0.382091738639485,10,0.06271627
40,0.382091738639485,11,0.06286621
40,0.382091738639485,12,0.06290134
40,0.382091738639485,13,0.062944
40,0.382091738639485,14,0.06288693
40,0.382091738639485,15,0.06281864
41,0.391857661671804,0,0.06281317
41,0.391857661671804,1,0.06272388
41,0.391857661671804,2,0.06287174
41,0.391857661671804,3,0.06303852
41,0.391857661671804,4,0.0630668
41,0.391857661671804,5,0.062869
41,0.391857661671804,6,0.06308063
41,0.391857661671804,7,0.06299304
41,0.391857661671804,8,0.06289222
41,0.391857661671804,9,0.06288428
41,0.391857661671804,10,0.06311658
41,0.391857661671804,11,0.06274655
41,0.391857661671804,12,0.0628868
41,0.391857661671804,13,0.06280572
41,0.391857661671804,14,0.06265309
41,0.391857661671804,15,0.06276549
42,0.401623584704123,0,0.06269655
42,0.401623584704123,1,0.06263894
42,0.401623584704123,2,0.06277183
42,0.401623584704123,3,0.06270491
42,0.401623584704123,4,0.06274319
42,0.401623584704123,5,0.06262703
42,0.401623584704123,6,0.06255268
42,0.401623584704123,7,0.06261028
42,0.401623584704123,8,0.06283374
42,0.401623584704123,9,0.0628388
42,0.401623584704123,10,0.06274114
42,0.401623584704123,11,0.06268589
42,0.401623584704123,12,0.06291097
42,0.401623584704123,13,0.06258296
42,0.401623584704123,14,0.06287192
42,0.401623584704123,15,0.06282205
43,0.410779137546922,0,0.06261887
43,0.410779137546922,1,0.06259989
43,0.410779137546922,2,0.06267626
43,0.410779137546922,3,0.06274145
43,0.410779137546922,4,0.06320535
43,0.410779137546922,5,0.06274012
43,0.410779137546922,6,0.06274919
43,0.410779137546922,7,0.06279446
43,0.410779137546922,8,0.06274519
43,0.410779137546922,9,0.06301763
43,0.410779137546922,10,0.06297608
43,0.410779137546922,11,0.06279341
43,0.410779137546922,12,0.06293149
43,0.410779137546922,13,0.06313282
43,0.410779137546922,14,0.06307082
43,0.410779137546922,15,0.06302931
44,0.421765800958281,0,0.06272525
44,0.421765800958281,1,0.06262873
44,0.421765800958281,2,0.06251454
44,0.421765800958281,3,0.06235264
44,0.421765800958281,4,0.06252933
44,0.421765800958281,5,0.06281485
44,0.421765800958281,6,0.06268624
44,0.421765800958281,7,0.0625388
44,0.421765800958281,8,0.06260107
44,0.421765800958281,9,0.06251235
44,0.421765800958281,10,0.06259953
44,0.421765800958281,11,0.06240938
44,0.421765800958281,12,0.06244683
44,0.421765800958281,13,0.0627977
44,0.421765800958281,14,0.06250176
44,0.421765800958281,15,0.06281932
45,0.43092135380108,0,0.06269642
45,0.43092135380108,1,0.06267211
45,0.43092135380108,2,0.06257092
45,0.43092135380108,3,0.06286913
45,0.43092135380108,4,0.06273784
45,0.43092135380108,5,0.06279948
45,0.43092135380108,6,0.06288619
45,0.43092135380108,7,0.06297639
45,0.43092135380108,8,0.06279511
45,0.43092135380108,9,0.06286919
45,0.43092135380108,10,0.06307694
45,0.43092135380108,11,0.06275746
45,0.43092135380108,12,0.06286385
45,0.43092135380108,13,0.06244547
45,0.43092135380108,14,0.0626368
45,0.43092135380108,15,0.06283788
46,0.441908017212439,0,0.0625175
46,0.441908017212439,1,0.06297639
46,0.441908017212439,2,0.06266307
46,0.441908017212439,3,0.0629304
46,0.441908017212439,4,0.06254893
46,0.441908017212439,5,0.06281357
46,0.441908017212439,6,0.06250524
46,0.441908017212439,7,0.06258771
46,0.441908017212439,8,0.06301854
46,0.441908017212439,9,0.06275468
46,0.441908017212439,10,0.06283086
46,0.441908017212439,11,0.06293806
46,0.441908017212439,12,0.06315175
46,0.441908017212439,13,0.06274332
46,0.441908017212439,14,0.06269214
46,0.441908017212439,15,0.06298441
47,0.451673940244758,0,0.06280906
47,0.451673940244758,1,0.06312378
47,0.451673940244758,2,0.06273246
47,0.451673940244758,3,0.06307753
47,0.451673940244758,4,0.06326652
47,0.451673940244758,5,0.06314335
47,0.451673940244758,6,0.06301457
47,0.451673940244758,7,0.06293491
47,0.451673940244758,8,0.06277466
47,0.451673940244758,9,0.0629862
47,0.451673940244758,10,0.06326652
47,0.451673940244758,11,0.06286886
47,0.451673940244758,12,0.06296089
47,0.451673940244758,13,0.06298643
47,0.451673940244758,14,0.06313806
47,0.451673940244758,15,0.0628367
48,0.461439863277078,0,0.06279104
48,0.461439863277078,1,0.06279136
48,0.461439863277078,2,0.06310572
48,0.461439863277078,3,0.06295732
48,0.461439863277078,4,0.06286152
48,0.461439863277078,5,0.06297991
48,0.461439863277078,6,0.06287515
48,0.461439863277078,7,0.06301653
48,0.461439863277078,8,0.06289897
48,0.461439863277078,9,0.06278556
48,0.461439863277078,10,0.06289058
48,0.461439863277078,11,0.06283324
48,0.461439863277078,12,0.06299468
48,0.461439863277078,13,0.06255154
48,0.461439863277078,14,0.06294641
48,0.461439863277078,15,0.06280372
49,0.471205786309397,0,0.06271736
49,0.471205786309397,1,0.06299989
49,0.471205786309397,2,0.06279701
49,0.471205786309397,3,0.06290089
49,0.471205786309397,4,0.06307849
49,0.471205786309397,5,0.0627903
49,0.471205786309397,6,0.06279245
49,0.471205786309397,7,0.0633153
49,0.471205786309397,8,0.06262425
49,0.471205786309397,9,0.06275567
49,0.471205786309397,10,0.06284016
49,0.471205786309397,11,0.06269499
49,0.471205786309397,12,0.06302046
49,0.471205786309397,13,0.06283041
49,0.471205786309397,14,0.06301051
49,0.471205786309397,15,0.06278574
50,0.481582079531236,0,0.06264628
50,0.481582079531236,1,0.06294628
50,0.481582079531236,2,0.06315973
50,0.481582079531236,3,0.06309769
50,0.481582079531236,4,0.0631471
50,0.481582079531236,5,0.06283443
50,0.481582079531236,6,0.06297603
50,0.481582079531236,7,0.06293843
50,0.481582079531236,8,0.06260043
50,0.481582079531236,9,0.06301187
50,0.481582079531236,10,0.06287804
50,0.481582079531236,11,0.06260216
50,0.481582079531236,12,0.06281996
50,0.481582079531236,13,0.06254199
50,0.481582079531236,14,0.0629179
50,0.481582079531236,15,0.06266216
51,0.491958372753075,0,0.06287672
51,0.491958372753075,1,0.06273551
51,0.491958372753075,2,0.06290933
51,0.491958372753075,3,0.06264523
51,0.491958372753075,4,0.0627846
51,0.491958372753075,5,0.06291526
51,0.491958372753075,6,0.06298424
51,0.491958372753075,7,0.06261102
51,0.491958372753075,8,0.06273683
51,0.491958372753075,9,0.06271257
51,0.491958372753075,10,0.06279399
51,0.491958372753075,11,0.0628809
51,0.491958372753075,12,0.06282457
51,0.491958372753075,13,0.06302881
51,0.491958372753075,14,0.06279145
51,0.491958372753075,15,0.06296106
52,0.501113925595874,0,0.06265085
52,0.501113925595874,1,0.06267215
52,0.501113925595874,2,0.06281111
52,0.501113925595874,3,0.06294098
52,0.501113925595874,4,0.0626265
52,0.501113925595874,5,0.06276558
52,0.501113925595874,6,0.06274851
52,0.501113925595874,7,0.06236094
52,0.501113925595874,8,0.06279381
52,0.501113925595874,9,0.06281772
52,0.501113925595874,10,0.06292032
52,0.501113925595874,11,0.06284546
52,0.501113925595874,12,0.06248972
52,0.501113925595874,13,0.0628946
52,0.501113925595874,14,0.0627123
52,0.501113925595874,15,0.06270043
53,0.511490218817713,0,0.06284665
53,0.511490218817713,1,0.0627805
53,0.511490218817713,2,0.06295951
53,0.511490218817713,3,0.06307442
53,0.511490218817713,4,0.06285573
53,0.511490218817713,5,0.06285316
53,0.511490218817713,6,0.06264688
53,0.511490218817713,7,0.06274513
53,0.511490218817713,8,0.06278661
53,0.511490218817713,9,0.06282644
53,0.511490218817713,10,0.06296698
53,0.511490218817713,11,0.06282401
53,0.511490218817713,12,0.06269633
53,0.511490218817713,13,0.06254447
53,0.511490218817713,14,0.06273128
53,0.511490218817713,15,0.06259264
54,0.521866512039552,0,0.06268337
54,0.521866512039552,1,0.0626211
54,0.521866512039552,2,0.06264441
54,0.521866512039552,3,0.06243324
54,0.521866512039552,4,0.06277251
54,0.521866512039552,5,0.0627382
54,0.521866512039552,6,0.06251253
54,0.521866512039552,7,0.06243206
54,0.521866512039552,8,0.06272822
54,0.521866512039552,9,0.06244948
54,0.521866512039552,10,0.06235287
54,0.521866512039552,11,0.06275458
54,0.521866512039552,12,0.06283689
54,0.521866512039552,13,0.06278032
54,0.521866512039552,14,0.0624778
54,0.521866512039552,15,0.062882
55,0.531632435071871,0,0.06289569
55,0.531632435071871,1,0.06274036
55,0.531632435071871,2,0.06269209
55,0.531632435071871,3,0.06273784
55,0.531632435071871,4,0.06294382
55,0.531632435071871,5,0.0627284
55,0.531632435071871,6,0.062869
55,0.531632435071871,7,0.06304345
55,0.531632435071871,8,0.06271321
55,0.531632435071871,9,0.06297694
55,0.531632435071871,10,0.06321465
55,0.531632435071871,11,0.06279386
55,0.531632435071871,12,0.06297725
55,0.531632435071871,13,0.06314645
55,0.531632435071871,14,0.06303145
55,0.531632435071871,15,0.06301823
56,0.54078798791467,0,0.06327415
56,0.54078798791467,1,0.0629709
56,0.54078798791467,2,0.06327168
56,0.54078798791467,3,0.0627514
56,0.54078798791467,4,0.06300645
56,0.54078798791467,5,0.06274031
56,0.54078798791467,6,0.06280048
56,0.54078798791467,7,0.06295531
56,0.54078798791467,8,0.06278899
56,0.54078798791467,9,0.06290952
56,0.54078798791467,10,0.06283383
56,0.54078798791467,11,0.06281891
56,0.54078798791467,12,0.0628247
56,0.54078798791467,13,0.06271741
56,0.54078798791467,14,0.06297456
56,0.54078798791467,15,0.06293588
57,0.551774651326029,0,0.06296015
57,0.551774651326029,1,0.06245816
57,0.551774651326029,2,0.06268529
57,0.551774651326029,3,0.06268542
57,0.551774651326029,4,0.06264833
57,0.551774651326029,5,0.06280459
57,0.551774651326029,6,0.06258711
57,0.551774651326029,7,0.06248046
57,0.551774651326029,8,0.06264719
57,0.551774651326029,9,0.06275079
57,0.551774651326029,10,0.06301379
57,0.551774651326029,11,0.06296252
57,0.551774651326029,12,0.0629112
57,0.551774651326029,13,0.06274939
57,0.551774651326029,14,0.06288907
57,0.551774651326029,15,0.06277265
58,0.561540574358348,0,0.06260573
58,0.561540574358348,1,0.06290158
58,0.561540574358348,2,0.06257353
58,0.561540574358348,3,0.06277461
58,0.561540574358348,4,0.06287402
58,0.561540574358348,5,0.06280764
58,0.561540574358348,6,0.062883
58,0.561540574358348,7,0.06282899
58,0.561540574358348,8,0.06316996
58,0.561540574358348,9,0.06314258
58,0.561540574358348,10,0.06280655
58,0.561540574358348,11,0.06320503
58,0.561540574358348,12,0.06277831
58,0.561540574358348,13,0.06289199
58,0.561540574358348,14,0.06283492
58,0.561540574358348,15,0.06294008
59,0.571916867580187,0,0.06279537
59,0.571916867580187,1,0.0632163
59,0.571916867580187,2,0.06307346
59,0.571916867580187,3,0.06308971
59,0.571916867580187,4,0.06322543
59,0.571916867580187,5,0.06309956
59,0.571916867580187,6,0.06285865
59,0.571916867580187,7,0.06300103
59,0.571916867580187,8,0.06301115
59,0.571916867580187,9,0.06291188
59,0.571916867580187,10,0.06307251
59,0.571916867580187,11,0.06323031
59,0.571916867580187,12,0.06319012
59,0.571916867580187,13,0.06303506
59,0.571916867580187,14,0.06303118
59,0.571916867580187,15,0.06315686
60,0.581682790612506,0,0.06292616
60,0.581682790612506,1,0.06304258
60,0.581682790612506,2,0.06311776
60,0.581682790612506,3,0.06307461
60,0.581682790612506,4,0.06292
60,0.581682790612506,5,0.06321821
60,0.581682790612506,6,0.06312069
60,0.581682790612506,7,0.06305416
60,0.581682790612506,8,0.06278998
60,0.581682790612506,9,0.06274163
60,0.581682790612506,10,0.06308004
60,0.581682790612506,11,0.0631173
60,0.581682790612506,12,0.06290805
60,0.581682790612506,13,0.06302753
60,0.581682790612506,14,0.06325959
60,0.581682790612506,15,0.06322438
61,0.591448713644826,0,0.06339759
61,0.591448713644826,1,0.06329458
61,0.591448713644826,2,0.06317712
61,0.591448713644826,3,0.06320508
61,0.591448713644826,4,0.06320494
61,0.591448713644826,5,0.06322273
61,0.591448713644826,6,0.06335955
61,0.591448713644826,7,0.06318136
61,0.591448713644826,8,0.06329942
61,0.591448713644826,9,0.06317109
61,0.591448713644826,10,0.06312985
61,0.591448713644826,11,0.06305828
61,0.591448713644826,12,0.06303437
61,0.591448713644826,13,0.06316599
61,0.591448713644826,14,0.06296516
61,0.591448713644826,15,0.06284884
62,0.601825006866665,0,0.06312191
62,0.601825006866665,1,0.06311694
62,0.601825006866665,2,0.063372
62,0.601825006866665,3,0.06330431
62,0.601825006866665,4,0.06315713
62,0.601825006866665,5,0.06337757
62,0.601825006866665,6,0.06336004
62,0.601825006866665,7,0.06323532
62,0.601825006866665,8,0.06295864
62,0.601825006866665,9,0.06311809
62,0.601825006866665,10,0.06313277
62,0.601825006866665,11,0.06339335
62,0.601825006866665,12,0.06326247
62,0.601825006866665,13,0.06347474
62,0.601825006866665,14,0.06328296
62,0.601825006866665,15,0.0629111
63,0.611590929898984,0,0.06306252
63,0.611590929898984,1,0.06326324
63,0.611590929898984,2,0.0632835
63,0.611590929898984,3,0.06302639
63,0.611590929898984,4,0.06336644
63,0.611590929898984,5,0.0633653
63,0.611590929898984,6,0.0635407
63,0.611590929898984,7,0.06349951
63,0.611590929898984,8,0.06335462
63,0.611590929898984,9,0.06324919
63,0.611590929898984,10,0.06349339
63,0.611590929898984,11,0.0632585
63,0.611590929898984,12,0.06356534
63,0.611590929898984,13,0.06369517
63,0.611590929898984,14,0.06361233
63,0.611590929898984,15,0.06356538
64,0.621967223120823,0,0.06342802
64,0.621967223120823,1,0.06380954
64,0.621967223120823,2,0.06374905
64,0.621967223120823,3,0.0636382
64,0.621967223120823,4,0.06350936
64,0.621967223120823,5,0.06356265
64,0.621967223120823,6,0.06377208
64,0.621967223120823,7,0.06344531
64,0.621967223120823,8,0.06348432
64,0.621967223120823,9,0.06378057
64,0.621967223120823,10,0.06346721
64,0.621967223120823,11,0.06349421
64,0.621967223120823,12,0.06339166
64,0.621967223120823,13,0.06356164
64,0.621967223120823,14,0.06329536
64,0.621967223120823,15,0.06329646
65,0.631733146153142,0,0.0634658
65,0.631733146153142,1,0.063485
65,0.631733146153142,2,0.06329139
65,0.631733146153142,3,0.06327821
65,0.631733146153142,4,0.06332104
65,0.631733146153142,5,0.06346346
65,0.631733146153142,6,0.06341315
65,0.631733146153142,7,0.06336014
65,0.631733146153142,8,0.06339969
65,0.631733146153142,9,0.0635928
65,0.631733146153142,10,0.06346375
65,0.631733146153142,11,0.0634356
65,0.631733146153142,12,0.06328487
65,0.631733146153142,13,0.06312054
65,0.631733146153142,14,0.06324144
65,0.631733146153142,15,0.06349832
66,0.642109439374981,0,0.06329039
66,0.642109439374981,1,0.06313487
66,0.642109439374981,2,0.06357049
66,0.642109439374981,3,0.06342679
66,0.642109439374981,4,0.06352255
66,0.642109439374981,5,0.06379107
66,0.642109439374981,6,0.06364568
66,0.642109439374981,7,0.06375498
66,0.642109439374981,8,0.06373413
66,0.642109439374981,9,0.06386542
66,0.642109439374981,10,0.06373285
66,0.642109439374981,11,0.06351739
66,0.642109439374981,12,0.06380155
66,0.642109439374981,13,0.0637141
66,0.642109439374981,14,0.06378832
66,0.642109439374981,15,0.06399165
67,0.65126499221778,0,0.06388253
67,0.65126499221778,1,0.06369385
67,0.65126499221778,2,0.06353641
67,0.65126499221778,3,0.06390548
67,0.65126499221778,4,0.06361972
67,0.65126499221778,5,0.06371816
67,0.65126499221778,6,0.06377181
67,0.65126499221778,7,0.06400917
67,0.65126499221778,8,0.06374298
67,0.65126499221778,9,0.06364727
67,0.65126499221778,10,0.06345183
67,0.65126499221778,11,0.06355448
67,0.65126499221778,12,0.06387413
67,0.65126499221778,13,0.06383089
67,0.65126499221778,14,0.06359877
67,0.65126499221778,15,0.06415059
68,0.662251655629139,0,0.06397815
68,0.662251655629139,1,0.06373888
68,0.662251655629139,2,0.06368978
68,0.662251655629139,3,0.06398299
68,0.662251655629139,4,0.06329235
68,0.662251655629139,5,0.06364886
68,0.662251655629139,6,0.06363139
68,0.662251655629139,7,0.06342907
68,0.662251655629139,8,0.06356429
68,0.662251655629139,9,0.0637064
68,0.662251655629139,10,0.06379015
68,0.662251655629139,11,0.06367761
68,0.662251655629139,12,0.06351238
68,0.662251655629139,13,0.06365488
68,0.662251655629139,14,0.06379896
68,0.662251655629139,15,0.0636043
69,0.671407208471938,0,0.06399033
69,0.671407208471938,1,0.06361365
69,0.671407208471938,2,0.06403655
69,0.671407208471938,3,0.06391446
69,0.671407208471938,4,0.06378025
69,0.671407208471938,5,0.06382381
69,0.671407208471938,6,0.06369421
69,0.671407208471938,7,0.06404562
69,0.671407208471938,8,0.06382915
69,0.671407208471938,9,0.0638391
69,0.671407208471938,10,0.06373746
69,0.671407208471938,11,0.06369691
69,0.671407208471938,12,0.06375429
69,0.671407208471938,13,0.06394909
69,0.671407208471938,14,0.06359079
69,0.671407208471938,15,0.0636422
70,0.681783501693777,0,0.06382724
70,0.681783501693777,1,0.06395612
70,0.681783501693777,2,0.06379631
70,0.681783501693777,3,0.06388061
70,0.681783501693777,4,0.06377319
70,0.681783501693777,5,0.06372902
70,0.681783501693777,6,0.06390849
70,0.681783501693777,7,0.06392067
70,0.681783501693777,8,0.06375521
70,0.681783501693777,9,0.06408148
70,0.681783501693777,10,0.06404932
70,0.681783501693777,11,0.0638402
70,0.681783501693777,12,0.06381515
70,0.681783501693777,13,0.06381
70,0.681783501693777,14,0.06395466
70,0.681783501693777,15,0.06395438
71,0.690328684347056,0,0.06397203
71,0.690328684347056,1,0.06399416
71,0.690328684347056,2,0.06396889
71,0.690328684347056,3,0.06397112
71,0.690328684347056,4,0.06422988
71,0.690328684347056,5,0.06406491
71,0.690328684347056,6,0.06398449
71,0.690328684347056,7,0.06375603
71,0.690328684347056,8,0.06393281
71,0.690328684347056,9,0.06398103
71,0.690328684347056,10,0.06387947
71,0.690328684347056,11,0.06395885
71,0.690328684347056,12,0.06392044
71,0.690328684347056,13,0.06388623
71,0.690328684347056,14,0.06421746
71,0.690328684347056,15,0.06380981
72,0.701925717947936,0,0.06422417
72,0.701925717947936,1,0.06385087
72,0.701925717947936,2,0.06422979
72,0.701925717947936,3,0.06433635
72,0.701925717947936,4,0.0640672
72,0.701925717947936,5,0.06403408
72,0.701925717947936,6,0.0637261
72,0.701925717947936,7,0.06383745
72,0.701925717947936,8,0.06400794
72,0.701925717947936,9,0.06359248
72,0.701925717947936,10,0.06398604
72,0.701925717947936,11,0.06381168
72,0.701925717947936,12,0.06373915
72,0.701925717947936,13,0.06379768
72,0.701925717947936,14,0.06403212
72,0.701925717947936,15,0.06383117
73,0.711691640980254,0,0.0642859
73,0.711691640980254,1,0.06434315
73,0.711691640980254,2,0.0642359
73,0.711691640980254,3,0.06419265
73,0.711691640980254,4,0.06412683
73,0.711691640980254,5,0.06407746
73,0.711691640980254,6,0.06409712
73,0.711691640980254,7,0.06385644
73,0.711691640980254,8,0.0638172
73,0.711691640980254,9,0.06392778
73,0.711691640980254,10,0.06405429
73,0.711691640980254,11,0.06394467
73,0.711691640980254,12,0.06425196
73,0.711691640980254,13,0.06410629
73,0.711691640980254,14,0.06413444
73,0.711691640980254,15,0.06409982
74,0.720847193823054,0,0.06435246
74,0.720847193823054,1,0.06422272
74,0.720847193823054,2,0.06442134
74,0.720847193823054,3,0.06402673
74,0.720847193823054,4,0.064264
74,0.720847193823054,5,0.06411213
74,0.720847193823054,6,0.06427868
74,0.720847193823054,7,0.06414977
74,0.720847193823054,8,0.06401017
74,0.720847193823054,9,0.06385849
74,0.720847193823054,10,0.06397291
74,0.720847193823054,11,0.06414763
74,0.720847193823054,12,0.06395502
74,0.720847193823054,13,0.06414389
74,0.720847193823054,14,0.06406327
74,0.720847193823054,15,0.06393071
75,0.731223487044893,0,0.06421094
75,0.731223487044893,1,0.06406834
75,0.731223487044893,2,0.06389727
75,0.731223487044893,3,0.06407122
75,0.731223487044893,4,0.06394275
75,0.731223487044893,5,0.06386483
75,0.731223487044893,6,0.06405465
75,0.731223487044893,7,0.06416135
75,0.731223487044893,8,0.06410182
75,0.731223487044893,9,0.06455127
75,0.731223487044893,10,0.06413211
75,0.731223487044893,11,0.06426049
75,0.731223487044893,12,0.06405826
75,0.731223487044893,13,0.06419443
75,0.731223487044893,14,0.06418581
75,0.731223487044893,15,0.06431615
76,0.740989410077212,0,0.06434899
76,0.740989410077212,1,0.06452403
76,0.740989410077212,2,0.06451391
76,0.740989410077212,3,0.06441336
76,0.740989410077212,4,0.06419575
76,0.740989410077212,5,0.06439191
76,0.740989410077212,6,0.06424872
76,0.740989410077212,7,0.06427198
76,0.740989410077212,8,0.06402276
76,0.740989410077212,9,0.06426679
76,0.740989410077212,10,0.06439994
76,0.740989410077212,11,0.06431884
76,0.740989410077212,12,0.06426445
76,0.740989410077212,13,0.06469528
76,0.740989410077212,14,0.06460018
76,0.740989410077212,15,0.06450574
77,0.750755333109531,0,0.06442358
77,0.750755333109531,1,0.06464648
77,0.750755333109531,2,0.06474934
77,0.750755333109531,3,0.06486792
77,0.750755333109531,4,0.06452772
77,0.750755333109531,5,0.0643562
77,0.750755333109531,6,0.06456802
77,0.750755333109531,7,0.06479962
77,0.750755333109531,8,0.06478082
77,0.750755333109531,9,0.06461568
77,0.750755333109531,10,0.06470405
77,0.750755333109531,11,0.06468525
77,0.750755333109531,12,0.06456327
77,0.750755333109531,13,0.06463808
77,0.750755333109531,14,0.06439036
77,0.750755333109531,15,0.06458101
78,0.76113162633137,0,0.06439671
78,0.76113162633137,1,0.06464656
78,0.76113162633137,2,0.06458133
78,0.76113162633137,3,0.06469958
78,0.76113162633137,4,0.06442741
78,0.76113162633137,5,0.06465615
78,0.76113162633137,6,0.06463093
78,0.76113162633137,7,0.06471951
78,0.76113162633137,8,0.06445509
78,0.76113162633137,9,0.06463393
78,0.76113162633137,10,0.06477581
78,0.76113162633137,11,0.0643723
78,0.76113162633137,12,0.06446874
78,0.76113162633137,13,0.06461833
78,0.76113162633137,14,0.06462412
78,0.76113162633137,15,0.0644004
79,0.771507919553209,0,0.06454502
79,0.771507919553209,1,0.06446295
79,0.771507919553209,2,0.06458005
79,0.771507919553209,3,0.06431842
79,0.771507919553209,4,0.06438343
79,0.771507919553209,5,0.06427376
79,0.771507919553209,6,0.06415351
79,0.771507919553209,7,0.06450259
79,0.771507919553209,8,0.06453598
79,0.771507919553209,9,0.06462508
79,0.771507919553209,10,0.06445009
79,0.771507919553209,11,0.06442855
79,0.771507919553209,12,0.06425501
79,0.771507919553209,13,0.06415706
79,0.771507919553209,14,0.064275
79,0.771507919553209,15,0.06425168
80,0.781273842585528,0,0.06428923
80,0.781273842585528,1,0.06442153
80,0.781273842585528,2,0.06433535
80,0.781273842585528,3,0.06454584
80,0.781273842585528,4,0.06436656
80,0.781273842585528,5,0.06461938
80,0.781273842585528,6,0.06464022
80,0.781273842585528,7,0.06464757
80,0.781273842585528,8,0.06458379
80,0.781273842585528,9,0.06432991
80,0.781273842585528,10,0.06459177
80,0.781273842585528,11,0.06426993
80,0.781273842585528,12,0.06449273
80,0.781273842585528,13,0.0644473
80,0.781273842585528,14,0.06459998
80,0.781273842585528,15,0.06450163
81,0.790429395428327,0,0.06448494
81,0.790429395428327,1,0.06445195
81,0.790429395428327,2,0.06471923
81,0.790429395428327,3,0.06465547
81,0.790429395428327,4,0.06478124
81,0.790429395428327,5,0.06452289
81,0.790429395428327,6,0.06437919
81,0.790429395428327,7,0.06436875
81,0.790429395428327,8,0.06443635
81,0.790429395428327,9,0.06452859
81,0.790429395428327,10,0.06456801
81,0.790429395428327,11,0.06447768
81,0.790429395428327,12,0.06453676
81,0.790429395428327,13,0.06444119
81,0.790429395428327,14,0.06430734
81,0.790429395428327,15,0.064565
82,0.800805688650166,0,0.06451458
82,0.800805688650166,1,0.06462909
82,0.800805688650166,2,0.06442563
82,0.800805688650166,3,0.06480003
82,0.800805688650166,4,0.06475386
82,0.800805688650166,5,0.06435309
82,0.800805688650166,6,0.06429995
82,0.800805688650166,7,0.06448162
82,0.800805688650166,8,0.06412203
82,0.800805688650166,9,0.06434721
82,0.800805688650166,10,0.0645557
82,0.800805688650166,11,0.06440268
82,0.800805688650166,12,0.06456153
82,0.800805688650166,13,0.06457644
82,0.800805688650166,14,0.06461149
82,0.800805688650166,15,0.0647655
83,0.811181981872006,0,0.06463128
83,0.811181981872006,1,0.06466006
83,0.811181981872006,2,0.06470172
83,0.811181981872006,3,0.06481773
83,0.811181981872006,4,0.0647103
83,0.811181981872006,5,0.06469806
83,0.811181981872006,6,0.06482407
83,0.811181981872006,7,0.06485862
83,0.811181981872006,8,0.06489309
83,0.811181981872006,9,0.06459142
83,0.811181981872006,10,0.06474411
83,0.811181981872006,11,0.06491746
83,0.811181981872006,12,0.06489424
83,0.811181981872006,13,0.06486174
83,0.811181981872006,14,0.06482352
83,0.811181981872006,15,0.06475268
84,0.820947904904324,0,0.06481089
84,0.820947904904324,1,0.06512425
84,0.820947904904324,2,0.06499299
84,0.820947904904324,3,0.06482986
84,0.820947904904324,4,0.06464739
84,0.820947904904324,5,0.06491034
84,0.820947904904324,6,0.06512316
84,0.820947904904324,7,0.06484196
84,0.820947904904324,8,0.0650488
84,0.820947904904324,9,0.06506713
84,0.820947904904324,10,0.06526959
84,0.820947904904324,11,0.06527634
84,0.820947904904324,12,0.0649116
84,0.820947904904324,13,0.06508119
84,0.820947904904324,14,0.06509326
84,0.820947904904324,15,0.06510136
85,0.831324198126164,0,0.06502854
85,0.831324198126164,1,0.06479816
85,0.831324198126164,2,0.06480363
85,0.831324198126164,3,0.06485153
85,0.831324198126164,4,0.06512161
85,0.831324198126164,5,0.06506175
85,0.831324198126164,6,0.0650098
85,0.831324198126164,7,0.06511404
85,0.831324198126164,8,0.06505522
85,0.831324198126164,9,0.06499861
85,0.831324198126164,10,0.06501745
85,0.831324198126164,11,0.06496572
85,0.831324198126164,12,0.06509893
85,0.831324198126164,13,0.06465396
85,0.831324198126164,14,0.06481011
85,0.831324198126164,15,0.06492598
86,0.841090121158483,0,0.0649597
86,0.841090121158483,1,0.06496937
86,0.841090121158483,2,0.06488999
86,0.841090121158483,3,0.06490203
86,0.841090121158483,4,0.06485686
86,0.841090121158483,5,0.06466464
86,0.841090121158483,6,0.06452161
86,0.841090121158483,7,0.06485021
86,0.841090121158483,8,0.06476481
86,0.841090121158483,9,0.06483967
86,0.841090121158483,10,0.06470446
86,0.841090121158483,11,0.06467851
86,0.841090121158483,12,0.06471131
86,0.841090121158483,13,0.06484067
86,0.841090121158483,14,0.06510579
86,0.841090121158483,15,0.06492558
87,0.850856044190802,0,0.06476892
87,0.850856044190802,1,0.064553
87,0.850856044190802,2,0.06472079
87,0.850856044190802,3,0.0648289
87,0.850856044190802,4,0.06455802
87,0.850856044190802,5,0.06483009
87,0.850856044190802,6,0.06487293
87,0.850856044190802,7,0.06483266
87,0.850856044190802,8,0.06461422
87,0.850856044190802,9,0.06450625
87,0.850856044190802,10,0.06446299
87,0.850856044190802,11,0.06477904
87,0.850856044190802,12,0.06456058
87,0.850856044190802,13,0.06468443
87,0.850856044190802,14,0.06468853
87,0.850856044190802,15,0.06437194
88,0.860621967223121,0,0.06435401
88,0.860621967223121,1,0.06425766
88,0.860621967223121,2,0.06461415
88,0.860621967223121,3,0.06461714
88,0.860621967223121,4,0.06461121
88,0.860621967223121,5,0.06450893
88,0.860621967223121,6,0.0646462
88,0.860621967223121,7,0.06475282
88,0.860621967223121,8,0.06455615
88,0.860621967223121,9,0.06487631
88,0.860621967223121,10,0.06468789
88,0.860621967223121,11,0.06500066
88,0.860621967223121,12,0.06482053
88,0.860621967223121,13,0.0644931
88,0.860621967223121,14,0.06469533
88,0.860621967223121,15,0.06493255
89,0.87038789025544,0,0.06481504
89,0.87038789025544,1,0.06467727
89,0.87038789025544,2,0.06467965
89,0.87038789025544,3,0.06471021
89,0.87038789025544,4,0.06462494
89,0.87038789025544,5,0.06481715
89,0.87038789025544,6,0.06490131
89,0.87038789025544,7,0.06510084
89,0.87038789025544,8,0.06488863
89,0.87038789025544,9,0.06492986
89,0.87038789025544,10,0.06484625
89,0.87038789025544,11,0.06480842
89,0.87038789025544,12,0.06505965
89,0.87038789025544,13,0.0650629
89,0.87038789025544,14,0.0648544
89,0.87038789025544,15,0.0647608
90,0.880764183477279,0,0.06483115
90,0.880764183477279,1,0.0647909
90,0.880764183477279,2,0.06475181
90,0.880764183477279,3,0.06469031
90,0.880764183477279,4,0.06472375
90,0.880764183477279,5,0.06449895
90,0.880764183477279,6,0.06489096
90,0.880764183477279,7,0.0649623
90,0.880764183477279,8,0.06489611
90,0.880764183477279,9,0.06480582
90,0.880764183477279,10,0.06462426
90,0.880764183477279,11,0.06470948
90,0.880764183477279,12,0.06472056
90,0.880764183477279,13,0.065131
90,0.880764183477279,14,0.0646233
90,0.880764183477279,15,0.0648628
91,0.890530106509598,0,0.06502657
91,0.890530106509598,1,0.0648384
91,0.890530106509598,2,0.06508206
91,0.890530106509598,3,0.065132
91,0.890530106509598,4,0.06502485
91,0.890530106509598,5,0.06495193
91,0.890530106509598,6,0.06478762
91,0.890530106509598,7,0.06508745
91,0.890530106509598,8,0.06470428
91,0.890530106509598,9,0.06479269
91,0.890530106509598,10,0.06502251
91,0.890530106509598,11,0.06500263
91,0.890530106509598,12,0.06481791
91,0.890530106509598,13,0.06497261
91,0.890530106509598,14,0.06486408
91,0.890530106509598,15,0.0650223
92,0.900296029541917,0,0.06488995
92,0.900296029541917,1,0.0648786
92,0.900296029541917,2,0.06485519
92,0.900296029541917,3,0.06476723
92,0.900296029541917,4,0.06498466
92,0.900296029541917,5,0.06497841
92,0.900296029541917,6,0.0648925
92,0.900296029541917,7,0.06494437
92,0.900296029541917,8,0.06502083
92,0.900296029541917,9,0.06480975
92,0.900296029541917,10,0.0649482
92,0.900296029541917,11,0.06502142
92,0.900296029541917,12,0.06517401
92,0.900296029541917,13,0.06525394
92,0.900296029541917,14,0.06521075
92,0.900296029541917,15,0.06507991
93,0.911282692953276,0,0.06478526
93,0.911282692953276,1,0.06488497
93,0.911282692953276,2,0.06491906
93,0.911282692953276,3,0.06490806
93,0.911282692953276,4,0.06528538
93,0.911282692953276,5,0.06495364
93,0.911282692953276,6,0.06516741
93,0.911282692953276,7,0.06487216
93,0.911282692953276,8,0.06501864
93,0.911282692953276,9,0.06476979
93,0.911282692953276,10,0.06466722
93,0.911282692953276,11,0.06483717
93,0.911282692953276,12,0.06480372
93,0.911282692953276,13,0.06456313
93,0.911282692953276,14,0.0649555
93,0.911282692953276,15,0.06475573
94,0.921048615985595,0,0.06505272
94,0.921048615985595,1,0.06510838
94,0.921048615985595,2,0.06490833
94,0.921048615985595,3,0.06488602
94,0.921048615985595,4,0.06525454
94,0.921048615985595,5,0.06502581
94,0.921048615985595,6,0.06507234
94,0.921048615985595,7,0.06495427
94,0.921048615985595,8,0.0650012
94,0.921048615985595,9,0.06488242
94,0.921048615985595,10,0.06515303
94,0.921048615985595,11,0.06509724
94,0.921048615985595,12,0.06509811
94,0.921048615985595,13,0.06499843
94,0.921048615985595,14,0.06482681
94,0.921048615985595,15,0.06509396
95,0.929593798638874,0,0.06508264
95,0.929593798638874,1,0.06522229
95,0.929593798638874,2,0.06518396
95,0.929593798638874,3,0.06479187
95,0.929593798638874,4,0.06485729
95,0.929593798638874,5,0.06494958
95,0.929593798638874,6,0.0651893
95,0.929593798638874,7,0.06486107
95,0.929593798638874,8,0.06482886
95,0.929593798638874,9,0.0647847
95,0.929593798638874,10,0.06486472
95,0.929593798638874,11,0.06493667
95,0.929593798638874,12,0.06493653
95,0.929593798638874,13,0.06499355
95,0.929593798638874,14,0.06503776
95,0.929593798638874,15,0.06489592
96,0.941190832239754,0,0.06521764
96,0.941190832239754,1,0.06524929
96,0.941190832239754,2,0.06515997
96,0.941190832239754,3,0.06520034
96,0.941190832239754,4,0.06489451
96,0.941190832239754,5,0.0649893
96,0.941190832239754,6,0.06520636
96,0.941190832239754,7,0.06518658
96,0.941190832239754,8,0.06509031
96,0.941190832239754,9,0.06534386
96,0.941190832239754,10,0.06511293
96,0.941190832239754,11,0.0650669
96,0.941190832239754,12,0.06503689
96,0.941190832239754,13,0.06498652
96,0.941190832239754,14,0.06519934
96,0.941190832239754,15,0.06513515
97,0.950346385082552,0,0.06480008
97,0.950346385082552,1,0.06497717
97,0.950346385082552,2,0.06499903
97,0.950346385082552,3,0.06500349
97,0.950346385082552,4,0.06509697
97,0.950346385082552,5,0.06497462
97,0.950346385082552,6,0.06504984
97,0.950346385082552,7,0.06513178
97,0.950346385082552,8,0.06505454
97,0.950346385082552,9,0.06530587
97,0.950346385082552,10,0.06529994
97,0.950346385082552,11,0.06521066
97,0.950346385082552,12,0.06493041
97,0.950346385082552,13,0.0651893
97,0.950346385082552,14,0.06502805
97,0.950346385082552,15,0.06502552
98,0.961333048493912,0,0.0652293
98,0.961333048493912,1,0.065271
98,0.961333048493912,2,0.06539285
98,0.961333048493912,3,0.06502809
98,0.961333048493912,4,0.06549819
98,0.961333048493912,5,0.06558746
98,0.961333048493912,6,0.06517836
98,0.961333048493912,7,0.06542123
98,0.961333048493912,8,0.0655715
98,0.961333048493912,9,0.06511112
98,0.961333048493912,10,0.06531877
98,0.961333048493912,11,0.06511345
98,0.961333048493912,12,0.06526663
98,0.961333048493912,13,0.06511112
98,0.961333048493912,14,0.06529186
98,0.961333048493912,15,0.06520048
99,0.970488601336711,0,0.06545284
99,0.970488601336711,1,0.06519441
99,0.970488601336711,2,0.0653873
99,0.970488601336711,3,0.06538679
99,0.970488601336711,4,0.06543773
99,0.970488601336711,5,0.06496587
99,0.970488601336711,6,0.06526764
99,0.970488601336711,7,0.06520975
99,0.970488601336711,8,0.06512206
99,0.970488601336711,9,0.06525057
99,0.970488601336711,10,0.06534797
99,0.970488601336711,11,0.06515751
99,0.970488601336711,12,0.06554536
99,0.970488601336711,13,0.06528962
99,0.970488601336711,14,0.06527767
99,0.970488601336711,15,0.06562756
100,0.98086489455855,0,0.0654024
100,0.98086489455855,1,0.06522844
100,0.98086489455855,2,0.06544624
100,0.98086489455855,3,0.06510413
100,0.98086489455855,4,0.06523666
100,0.98086489455855,5,0.06546192
100,0.98086489455855,6,0.06529331
100,0.98086489455855,7,0.06515098
100,0.98086489455855,8,0.0653564
100,0.98086489455855,9,0.06545942
100,0.98086489455855,10,0.06551037
100,0.98086489455855,11,0.06526338
100,0.98086489455855,12,0.06537794
100,0.98086489455855,13,0.06522023
100,0.98086489455855,14,0.06523022
100,0.98086489455855,15,0.06513616
101,0.990630817590869,0,0.06547467
101,0.990630817590869,1,0.06564979
101,0.990630817590869,2,0.06555166
101,0.990630817590869,3,0.06528838
101,0.990630817590869,4,0.06532939
101,0.990630817590869,5,0.06538415
101,0.990630817590869,6,0.06538802
101,0.990630817590869,7,0.06554636
101,0.990630817590869,8,0.06529454
101,0.990630817590869,9,0.06565791
101,0.990630817590869,10,0.06529431
101,0.990630817590869,11,0.06513018
101,0.990630817590869,12,0.06549277
101,0.990630817590869,13,0.06523414
101,0.990630817590869,14,0.06537115
101,0.990630817590869,15,0.06528642
102,1.00039674062319,0,0.06550822
102,1.00039674062319,1,0.06529291
102,1.00039674062319,2,0.06520718
102,1.00039674062319,3,0.06556868
102,1.00039674062319,4,0.06566732
102,1.00039674062319,5,0.06516092
102,1.00039674062319,6,0.06550138
102,1.00039674062319,7,0.06541193
102,1.00039674062319,8,0.06536909
102,1.00039674062319,9,0.06518526
102,1.00039674062319,10,0.06546931
102,1.00039674062319,11,0.0652695
102,1.00039674062319,12,0.06535075
102,1.00039674062319,13,0.06524742
102,1.00039674062319,14,0.06550339
102,1.00039674062319,15,0.06546523
103,1.01077303384503,0,0.06517238
103,1.01077303384503,1,0.06544495
103,1.01077303384503,2,0.06514487
103,1.01077303384503,3,0.06530892
103,1.01077303384503,4,0.06543697
103,1.01077303384503,5,0.0651613
103,1.01077303384503,6,0.06533793
103,1.01077303384503,7,0.06551177
103,1.01077303384503,8,0.06562296
103,1.01077303384503,9,0.06570024
103,1.01077303384503,10,0.06558044
103,1.01077303384503,11,0.06539098
103,1.01077303384503,12,0.06538079
103,1.01077303384503,13,0.0652779
103,1.01077303384503,14,0.06527242
103,1.01077303384503,15,0.06537023
104,1.02053895687735,0,0.0652238
104,1.02053895687735,1,0.06555644
104,1.02053895687735,2,0.06527358
104,1.02053895687735,3,0.06529354
104,1.02053895687735,4,0.06526635
104,1.02053895687735,5,0.06525239
104,1.02053895687735,6,0.06534792
104,1.02053895687735,7,0.06521276
104,1.02053895687735,8,0.06509188
104,1.02053895687735,9,0.06520838
104,1.02053895687735,10,0.06522284
104,1.02053895687735,11,0.06548666
104,1.02053895687735,12,0.06521796
104,1.02053895687735,13,0.06526882
104,1.02053895687735,14,0.06506349
104,1.02053895687735,15,0.06540258
105,1.02969450972015,0,0.06528738
105,1.02969450972015,1,0.06536055
105,1.02969450972015,2,0.0652663
105,1.02969450972015,3,0.06512183
105,1.02969450972015,4,0.06533838
105,1.02969450972015,5,0.06542388
105,1.02969450972015,6,0.06529938
105,1.02969450972015,7,0.06526581
105,1.02969450972015,8,0.06527963
105,1.02969450972015,9,0.0655412
105,1.02969450972015,10,0.06548955
105,1.02969450972015,11,0.06547814
105,1.02969450972015,12,0.065156
105,1.02969450972015,13,0.06553131
105,1.02969450972015,14,0.06508133
105,1.02969450972015,15,0.06517292
106,1.0406811731315,0,0.06528201
106,1.0406811731315,1,0.06544766
106,1.0406811731315,2,0.06548852
106,1.0406811731315,3,0.06544348
106,1.0406811731315,4,0.06582241
106,1.0406811731315,5,0.06589882
106,1.0406811731315,6,0.06538903
106,1.0406811731315,7,0.06589016
106,1.0406811731315,8,0.06562273
106,1.0406811731315,9,0.06560539
106,1.0406811731315,10,0.06572314
106,1.0406811731315,11,0.06527399
106,1.0406811731315,12,0.06556699
106,1.0406811731315,13,0.06515066
106,1.0406811731315,14,0.06541293
106,1.0406811731315,15,0.06561267
107,1.05105746635334,0,0.065382
107,1.05105746635334,1,0.0654407
107,1.05105746635334,2,0.06555215
107,1.05105746635334,3,0.06517616
107,1.05105746635334,4,0.06543338
107,1.05105746635334,5,0.06535772
107,1.05105746635334,6,0.06555147
107,1.05105746635334,7,0.06570713
107,1.05105746635334,8,0.06550736
107,1.05105746635334,9,0.06567506
107,1.05105746635334,10,0.06557766
107,1.05105746635334,11,0.06527671
107,1.05105746635334,12,0.06549107
107,1.05105746635334,13,0.06573877
107,1.05105746635334,14,0.06558555
107,1.05105746635334,15,0.0653742
108,1.06082338938566,0,0.06567679
108,1.06082338938566,1,0.06550243
108,1.06082338938566,2,0.06570809
108,1.06082338938566,3,0.06565646
108,1.06082338938566,4,0.0656007
108,1.06082338938566,5,0.06553728
108,1.06082338938566,6,0.06553661
108,1.06082338938566,7,0.06599604
108,1.06082338938566,8,0.06597983
108,1.06082338938566,9,0.06560499
108,1.06082338938566,10,0.06574847
108,1.06082338938566,11,0.06568405
108,1.06082338938566,12,0.06572807
108,1.06082338938566,13,0.06569432
108,1.06082338938566,14,0.0658193
108,1.06082338938566,15,0.06583928
109,1.07058931241798,0,0.06538935
109,1.07058931241798,1,0.06530043
109,1.07058931241798,2,0.06518798
109,1.07058931241798,3,0.06566723
109,1.07058931241798,4,0.06555296
109,1.07058931241798,5,0.06540427
109,1.07058931241798,6,0.06538506
109,1.07058931241798,7,0.06530659
109,1.07058931241798,8,0.06542429
109,1.07058931241798,9,0.06540713
109,1.07058931241798,10,0.06532498
109,1.07058931241798,11,0.06552269
109,1.07058931241798,12,0.06544696
109,1.07058931241798,13,0.06544738
109,1.07058931241798,14,0.06540924
109,1.07058931241798,15,0.06543806
110,1.08096560563982,0,0.06552601
110,1.08096560563982,1,0.0654285
110,1.08096560563982,2,0.06559869
110,1.08096560563982,3,0.06561517
110,1.08096560563982,4,0.06583267
110,1.08096560563982,5,0.06568372
110,1.08096560563982,6,0.06573523
110,1.08096560563982,7,0.06547958
110,1.08096560563982,8,0.06546324
110,1.08096560563982,9,0.06539524
110,1.08096560563982,10,0.06535075
110,1.08096560563982,11,0.0656527
110,1.08096560563982,12,0.06555176
110,1.08096560563982,13,0.06568624
110,1.08096560563982,14,0.0655918
110,1.08096560563982,15,0.06541909
111,1.09134189886166,0,0.06594599
111,1.09134189886166,1,0.06588363
111,1.09134189886166,2,0.06550951
111,1.09134189886166,3,0.06592205
111,1.09134189886166,4,0.06566712
111,1.09134189886166,5,0.06575043
111,1.09134189886166,6,0.06553221
111,1.09134189886166,7,0.06577241
111,1.09134189886166,8,0.06566799
111,1.09134189886166,9,0.06558784
111,1.09134189886166,10,0.06567798
111,1.09134189886166,11,0.06568041
111,1.09134189886166,12,0.06529564
111,1.09134189886166,13,0.06557474
111,1.09134189886166,14,0.06535906
111,1.09134189886166,15,0.06537297
112,1.10110782189398,0,0.06525362
112,1.10110782189398,1,0.06536221
112,1.10110782189398,2,0.06546915
112,1.10110782189398,3,0.06551261
112,1.10110782189398,4,0.06568405
112,1.10110782189398,5,0.06557178
112,1.10110782189398,6,0.06549168
112,1.10110782189398,7,0.06527223
112,1.10110782189398,8,0.06524154
112,1.10110782189398,9,0.06525711
112,1.10110782189398,10,0.0653616
112,1.10110782189398,11,0.06521024
112,1.10110782189398,12,0.06550243
112,1.10110782189398,13,0.06498178
112,1.10110782189398,14,0.06534646
112,1.10110782189398,15,0.06496955
113,1.1108737449263,0,0.06561297
113,1.1108737449263,1,0.06532187
113,1.1108737449263,2,0.06530222
113,1.1108737449263,3,0.0653409
113,1.1108737449263,4,0.06526096
113,1.1108737449263,5,0.06533478
113,1.1108737449263,6,0.06546117
113,1.1108737449263,7,0.06550568
113,1.1108737449263,8,0.0653982
113,1.1108737449263,9,0.06522489
113,1.1108737449263,10,0.06572319
113,1.1108737449263,11,0.06560275
113,1.1108737449263,12,0.06549732
113,1.1108737449263,13,0.06562807
113,1.1108737449263,14,0.06568824
113,1.1108737449263,15,0.06563506
114,1.12063966795862,0,0.06540508
114,1.12063966795862,1,0.06547739
114,1.12063966795862,2,0.06544208
114,1.12063966795862,3,0.06517941
114,1.12063966795862,4,0.06558076
114,1.12063966795862,5,0.06549422
114,1.12063966795862,6,0.06500058
114,1.12063966795862,7,0.06552017
114,1.12063966795862,8,0.06569112
114,1.12063966795862,9,0.06544647
114,1.12063966795862,10,0.0655131
114,1.12063966795862,11,0.0654911
114,1.12063966795862,12,0.06556667
114,1.12063966795862,13,0.06544595
114,1.12063966795862,14,0.06519026
114,1.12063966795862,15,0.06507986
115,1.13162633136998,0,0.06529067
115,1.13162633136998,1,0.06528182
115,1.13162633136998,2,0.06499884
115,1.13162633136998,3,0.06547639
115,1.13162633136998,4,0.06531271
115,1.13162633136998,5,0.06552885
115,1.13162633136998,6,0.06550831
115,1.13162633136998,7,0.06527389
115,1.13162633136998,8,0.06541
115,1.13162633136998,9,0.06556858
115,1.13162633136998,10,0.06550573
115,1.13162633136998,11,0.06537497
115,1.13162633136998,12,0.06536421
115,1.13162633136998,13,0.06557456
115,1.13162633136998,14,0.06570073
115,1.13162633136998,15,0.06551544
116,1.1413922544023,0,0.06536461
116,1.1413922544023,1,0.06555745
116,1.1413922544023,2,0.06537068
116,1.1413922544023,3,0.06579052
116,1.1413922544023,4,0.06552265
116,1.1413922544023,5,0.0653246
116,1.1413922544023,6,0.06560472
116,1.1413922544023,7,0.06566575
116,1.1413922544023,8,0.06547662
116,1.1413922544023,9,0.06527657
116,1.1413922544023,10,0.0652684
116,1.1413922544023,11,0.06538998
116,1.1413922544023,12,0.06535491
116,1.1413922544023,13,0.065446
116,1.1413922544023,14,0.06563592
116,1.1413922544023,15,0.06525435
117,1.15115817743461,0,0.06521928
117,1.15115817743461,1,0.06536198
117,1.15115817743461,2,0.06511977
117,1.15115817743461,3,0.06520914
117,1.15115817743461,4,0.06507767
117,1.15115817743461,5,0.06512306
117,1.15115817743461,6,0.06511562
117,1.15115817743461,7,0.06526138
117,1.15115817743461,8,0.06520751
117,1.15115817743461,9,0.06513616
117,1.15115817743461,10,0.0652164
117,1.15115817743461,11,0.06557713
117,1.15115817743461,12,0.06571243
117,1.15115817743461,13,0.06550421
117,1.15115817743461,14,0.06548208
117,1.15115817743461,15,0.06515647
118,1.16153447065645,0,0.0654298
118,1.16153447065645,1,0.06536312
118,1.16153447065645,2,0.06529163
118,1.16153447065645,3,0.06564495
118,1.16153447065645,4,0.06551781
118,1.16153447065645,5,0.06522758
118,1.16153447065645,6,0.06546054
118,1.16153447065645,7,0.06560567
118,1.16153447065645,8,0.065486
118,1.16153447065645,9,0.06530213
118,1.16153447065645,10,0.06520317
118,1.16153447065645,11,0.06502685
118,1.16153447065645,12,0.06507748
118,1.16153447065645,13,0.0652727
118,1.16153447065645,14,0.06543557
118,1.16153447065645,15,0.06533798
119,1.17191076387829,0,0.06524917
119,1.17191076387829,1,0.06535065
119,1.17191076387829,2,0.06538013
119,1.17191076387829,3,0.06531886
119,1.17191076387829,4,0.06554856
119,1.17191076387829,5,0.0652425
119,1.17191076387829,6,0.0656752
119,1.17191076387829,7,0.06542329
119,1.17191076387829,8,0.06559335
119,1.17191076387829,9,0.06592701
119,1.17191076387829,10,0.0656819
119,1.17191076387829,11,0.06566575
119,1.17191076387829,12,0.06551763
119,1.17191076387829,13,0.06561594
119,1.17191076387829,14,0.06569632
119,1.17191076387829,15,0.06570732
120,1.18167668691061,0,0.06564154
120,1.18167668691061,1,0.0657227
120,1.18167668691061,2,0.06581414
120,1.18167668691061,3,0.06564777
120,1.18167668691061,4,0.06560394
120,1.18167668691061,5,0.06539351
120,1.18167668691061,6,0.06555189
120,1.18167668691061,7,0.0656376
120,1.18167668691061,8,0.06581824
120,1.18167668691061,9,0.06551898
120,1.18167668691061,10,0.06569812
120,1.18167668691061,11,0.06574167
120,1.18167668691061,12,0.06561799
120,1.18167668691061,13,0.06551457
120,1.18167668691061,14,0.06572046
120,1.18167668691061,15,0.0655679
121,1.19205298013245,0,0.06567462
121,1.19205298013245,1,0.06551243
121,1.19205298013245,2,0.06574637
121,1.19205298013245,3,0.06534296
121,1.19205298013245,4,0.06575458
121,1.19205298013245,5,0.06558821
121,1.19205298013245,6,0.06559213
121,1.19205298013245,7,0.06556284
121,1.19205298013245,8,0.06562752
121,1.19205298013245,9,0.06576333
121,1.19205298013245,10,0.0653886
121,1.19205298013245,11,0.06537373
121,1.19205298013245,12,0.06536239
121,1.19205298013245,13,0.06540422
121,1.19205298013245,14,0.06546764
121,1.19205298013245,15,0.06550258
122,1.20181890316477,0,0.06548547
122,1.20181890316477,1,0.06542602
122,1.20181890316477,2,0.06548514
122,1.20181890316477,3,0.06576672
122,1.20181890316477,4,0.06556968
122,1.20181890316477,5,0.06550554
122,1.20181890316477,6,0.06548323
122,1.20181890316477,7,0.06530745
122,1.20181890316477,8,0.06545494
122,1.20181890316477,9,0.06580257
122,1.20181890316477,10,0.06558803
122,1.20181890316477,11,0.06617086
122,1.20181890316477,12,0.06565595
122,1.20181890316477,13,0.06586183
122,1.20181890316477,14,0.06589926
122,1.20181890316477,15,0.0653627
123,1.21158482619709,0,0.06567492
123,1.21158482619709,1,0.0655648
123,1.21158482619709,2,0.06563916
123,1.21158482619709,3,0.06571014
123,1.21158482619709,4,0.06562985
123,1.21158482619709,5,0.06568066
123,1.21158482619709,6,0.06554277
123,1.21158482619709,7,0.06544728
123,1.21158482619709,8,0.06574541
123,1.21158482619709,9,0.06554464
123,1.21158482619709,10,0.06550029
123,1.21158482619709,11,0.06578737
123,1.21158482619709,12,0.06559257
123,1.21158482619709,13,0.06585643
123,1.21158482619709,14,0.06584262
123,1.21158482619709,15,0.06577939
124,1.22196111941893,0,0.06596377
124,1.22196111941893,1,0.06574891
124,1.22196111941893,2,0.06579797
124,1.22196111941893,3,0.06587283
124,1.22196111941893,4,0.06590503
124,1.22196111941893,5,0.06603312
124,1.22196111941893,6,0.06586708
124,1.22196111941893,7,0.06577738
124,1.22196111941893,8,0.06591918
124,1.22196111941893,9,0.06588081
124,1.22196111941893,10,0.06604717
124,1.22196111941893,11,0.06604216
124,1.22196111941893,12,0.06578929
124,1.22196111941893,13,0.0657101
124,1.22196111941893,14,0.06572472
124,1.22196111941893,15,0.06562369
125,1.23172704245125,0,0.06550869
125,1.23172704245125,1,0.06548036
125,1.23172704245125,2,0.06574394
125,1.23172704245125,3,0.06568313
125,1.23172704245125,4,0.06555969
125,1.23172704245125,5,0.06561761
125,1.23172704245125,6,0.06575798
125,1.23172704245125,7,0.06549077
125,1.23172704245125,8,0.06554464
125,1.23172704245125,9,0.06558871
125,1.23172704245125,10,0.0652727
125,1.23172704245125,11,0.06547328
125,1.23172704245125,12,0.06554244
125,1.23172704245125,13,0.06539327
125,1.23172704245125,14,0.0656893
125,1.23172704245125,15,0.06546953
126,1.24149296548357,0,0.06532547
126,1.24149296548357,1,0.06568071
126,1.24149296548357,2,0.06538095
126,1.24149296548357,3,0.06571119
126,1.24149296548357,4,0.06567273
126,1.24149296548357,5,0.06570699
126,1.24149296548357,6,0.06599646
126,1.24149296548357,7,0.06560093
126,1.24149296548357,8,0.06546047
126,1.24149296548357,9,0.06565776
126,1.24149296548357,10,0.0654882
126,1.24149296548357,11,0.06569528
126,1.24149296548357,12,0.06558592
126,1.24149296548357,13,0.06573059
126,1.24149296548357,14,0.06558435
126,1.24149296548357,15,0.06567483
127,1.2518692587054,0,0.065724
127,1.2518692587054,1,0.06561297
127,1.2518692587054,2,0.06584386
127,1.2518692587054,3,0.06562483
127,1.2518692587054,4,0.06559659
127,1.2518692587054,5,0.06596033
127,1.2518692587054,6,0.06562994
127,1.2518692587054,7,0.06551334
127,1.2518692587054,8,0.0659188
127,1.2518692587054,9,0.06565007
127,1.2518692587054,10,0.06565814
127,1.2518692587054,11,0.06563683
127,1.2518692587054,12,0.06541682
127,1.2518692587054,13,0.06561279
127,1.2518692587054,14,0.06567702
127,1.2518692587054,15,0.06560756
128,1.26224555192724,0,0.06565499
128,1.26224555192724,1,0.06564294
128,1.26224555192724,2,0.06557269
128,1.26224555192724,3,0.06543802
128,1.26224555192724,4,0.06530614
128,1.26224555192724,5,0.06537731
128,1.26224555192724,6,0.06533416
128,1.26224555192724,7,0.06541584
128,1.26224555192724,8,0.0654544
128,1.26224555192724,9,0.06559855
128,1.26224555192724,10,0.06568883
128,1.26224555192724,11,0.06555171
128,1.26224555192724,12,0.06558871
128,1.26224555192724,13,0.06573547
128,1.26224555192724,14,0.06577519
128,1.26224555192724,15,0.06554354
129,1.27140110477004,0,0.06553145
129,1.27140110477004,1,0.06587578
129,1.27140110477004,2,0.06578345
129,1.27140110477004,3,0.06569704
129,1.27140110477004,4,0.06580658
129,1.27140110477004,5,0.06554597
129,1.27140110477004,6,0.06579942
129,1.27140110477004,7,0.06598819
129,1.27140110477004,8,0.06568925
129,1.27140110477004,9,0.06578632
129,1.27140110477004,10,0.0658981
129,1.27140110477004,11,0.06579057
129,1.27140110477004,12,0.0657381
129,1.27140110477004,13,0.06588975
129,1.27140110477004,14,0.06585252
129,1.27140110477004,15,0.06572299
130,1.28177739799188,0,0.06611852
130,1.28177739799188,1,0.06608865
130,1.28177739799188,2,0.06602619
130,1.28177739799188,3,0.06620875
130,1.28177739799188,4,0.06588979
130,1.28177739799188,5,0.06616626
130,1.28177739799188,6,0.06612851
130,1.28177739799188,7,0.06619231
130,1.28177739799188,8,0.06600827
130,1.28177739799188,9,0.06600392
130,1.28177739799188,10,0.06587975
130,1.28177739799188,11,0.06624742
130,1.28177739799188,12,0.0659976
130,1.28177739799188,13,0.06592109
130,1.28177739799188,14,0.06590279
130,1.28177739799188,15,0.06590498
131,1.2915433210242,0,0.06563788
131,1.2915433210242,1,0.06594677
131,1.2915433210242,2,0.06586307
131,1.2915433210242,3,0.06575874
131,1.2915433210242,4,0.06595626
131,1.2915433210242,5,0.06589558
131,1.2915433210242,6,0.06580285
131,1.2915433210242,7,0.06617387
131,1.2915433210242,8,0.06604134
131,1.2915433210242,9,0.06578417
131,1.2915433210242,10,0.06598002
131,1.2915433210242,11,0.0658622
131,1.2915433210242,12,0.06629803
131,1.2915433210242,13,0.06608702
131,1.2915433210242,14,0.06592253
131,1.2915433210242,15,0.06604998
132,1.30191961424604,0,0.06580826
132,1.30191961424604,1,0.06586298
132,1.30191961424604,2,0.06605625
132,1.30191961424604,3,0.06579573
132,1.30191961424604,4,0.06587693
132,1.30191961424604,5,0.06603905
132,1.30191961424604,6,0.06598552
132,1.30191961424604,7,0.06583048
132,1.30191961424604,8,0.06595111
132,1.30191961424604,9,0.066013
132,1.30191961424604,10,0.06600875
132,1.30191961424604,11,0.06613597
132,1.30191961424604,12,0.06613401
132,1.30191961424604,13,0.0660271
132,1.30191961424604,14,0.06609472
132,1.30191961424604,15,0.06606992
133,1.31168553727836,0,0.06592701
133,1.31168553727836,1,0.06609635
133,1.31168553727836,2,0.0661319
133,1.31168553727836,3,0.06629253
133,1.31168553727836,4,0.06623542
133,1.31168553727836,5,0.06627036
133,1.31168553727836,6,0.06608865
133,1.31168553727836,7,0.0662813
133,1.31168553727836,8,0.06612909
133,1.31168553727836,9,0.06625894
133,1.31168553727836,10,0.06608956
133,1.31168553727836,11,0.06619996
133,1.31168553727836,12,0.06624747
133,1.31168553727836,13,0.06621549
133,1.31168553727836,14,0.06607661
133,1.31168553727836,15,0.06626725
134,1.32145146031068,0,0.06632254
134,1.32145146031068,1,0.06635863
134,1.32145146031068,2,0.06641096
134,1.32145146031068,3,0.06603885
134,1.32145146031068,4,0.06609754
134,1.32145146031068,5,0.06613076
134,1.32145146031068,6,0.06611589
134,1.32145146031068,7,0.06609644
134,1.32145146031068,8,0.06591215
134,1.32145146031068,9,0.06595498
134,1.32145146031068,10,0.06594509
134,1.32145146031068,11,0.06606437
134,1.32145146031068,12,0.06608312
134,1.32145146031068,13,0.06607112
134,1.32145146031068,14,0.06576069
134,1.32145146031068,15,0.06618778
135,1.33182775353252,0,0.06605252
135,1.33182775353252,1,0.06618619
135,1.33182775353252,2,0.06566087
135,1.33182775353252,3,0.06554942
135,1.33182775353252,4,0.0658301
135,1.33182775353252,5,0.06603398
135,1.33182775353252,6,0.06612507
135,1.33182775353252,7,0.06571931
135,1.33182775353252,8,0.06600626
135,1.33182775353252,9,0.06586637
135,1.33182775353252,10,0.06576347
135,1.33182775353252,11,0.06581729
135,1.33182775353252,12,0.06565308
135,1.33182775353252,13,0.06601104
135,1.33182775353252,14,0.06603336
135,1.33182775353252,15,0.06599011
136,1.34159367656484,0,0.06603909
136,1.34159367656484,1,0.0660454
136,1.34159367656484,2,0.06618815
136,1.34159367656484,3,0.06601184
136,1.34159367656484,4,0.06614075
136,1.34159367656484,5,0.06615958
136,1.34159367656484,6,0.06613296
136,1.34159367656484,7,0.06600028
136,1.34159367656484,8,0.06583095
136,1.34159367656484,9,0.06573413
136,1.34159367656484,10,0.06604435
136,1.34159367656484,11,0.06630109
136,1.34159367656484,12,0.06600014
136,1.34159367656484,13,0.06596936
136,1.34159367656484,14,0.06609658
136,1.34159367656484,15,0.06597973
137,1.35196996978668,0,0.0660997
137,1.35196996978668,1,0.06570211
137,1.35196996978668,2,0.06580859
137,1.35196996978668,3,0.06597424
137,1.35196996978668,4,0.06615766
137,1.35196996978668,5,0.0659892
137,1.35196996978668,6,0.06612618
137,1.35196996978668,7,0.06593066
137,1.35196996978668,8,0.06586127
137,1.35196996978668,9,0.06604397
137,1.35196996978668,10,0.06598284
137,1.35196996978668,11,0.06625324
137,1.35196996978668,12,0.06635729
137,1.35196996978668,13,0.06606752
137,1.35196996978668,14,0.06619695
137,1.35196996978668,15,0.06585424
138,1.36295663319803,0,0.0661981
138,1.36295663319803,1,0.06628016
138,1.36295663319803,2,0.06625038
138,1.36295663319803,3,0.06645817
138,1.36295663319803,4,0.06625803
138,1.36295663319803,5,0.06617874
138,1.36295663319803,6,0.06594089
138,1.36295663319803,7,0.06622329
138,1.36295663319803,8,0.06618371
138,1.36295663319803,9,0.06615269
138,1.36295663319803,10,0.06591412
138,1.36295663319803,11,0.06613759
138,1.36295663319803,12,0.06603905
138,1.36295663319803,13,0.06604799
138,1.36295663319803,14,0.06622352
138,1.36295663319803,15,0.06597133
139,1.37211218604083,0,0.06593687
139,1.37211218604083,1,0.0659361
139,1.37211218604083,2,0.06621177
139,1.37211218604083,3,0.06613171
139,1.37211218604083,4,0.06626253
139,1.37211218604083,5,0.06613013
139,1.37211218604083,6,0.06593878
139,1.37211218604083,7,0.06618223
139,1.37211218604083,8,0.06621649
139,1.37211218604083,9,0.06609143
139,1.37211218604083,10,0.06605611
139,1.37211218604083,11,0.06591903
139,1.37211218604083,12,0.06615475
139,1.37211218604083,13,0.06626868
139,1.37211218604083,14,0.06605177
139,1.37211218604083,15,0.06617912
140,1.38309884945219,0,0.06596334
140,1.38309884945219,1,0.06605429
140,1.38309884945219,2,0.06605262
140,1.38309884945219,3,0.06630032
140,1.38309884945219,4,0.06583277
140,1.38309884945219,5,0.06637847
140,1.38309884945219,6,0.06593902
140,1.38309884945219,7,0.06595646
140,1.38309884945219,8,0.06615269
140,1.38309884945219,9,0.06625506
140,1.38309884945219,10,0.06656948
140,1.38309884945219,11,0.06603537
140,1.38309884945219,12,0.06625129
140,1.38309884945219,13,0.06587726
140,1.38309884945219,14,0.06604636
140,1.38309884945219,15,0.06593213
141,1.39286477248451,0,0.06587364
141,1.39286477248451,1,0.06624111
141,1.39286477248451,2,0.0662422
141,1.39286477248451,3,0.06644093
141,1.39286477248451,4,0.06600731
141,1.39286477248451,5,0.06616488
141,1.39286477248451,6,0.06649909
141,1.39286477248451,7,0.06655013
141,1.39286477248451,8,0.06623613
141,1.39286477248451,9,0.06626109
141,1.39286477248451,10,0.06609678
141,1.39286477248451,11,0.0658418
141,1.39286477248451,12,0.06596573
141,1.39286477248451,13,0.06595273
141,1.39286477248451,14,0.06569915
141,1.39286477248451,15,0.06590011
142,1.40202032532731,0,0.06594021
142,1.40202032532731,1,0.06596028
142,1.40202032532731,2,0.06580572
142,1.40202032532731,3,0.06565265
142,1.40202032532731,4,0.06608769
142,1.40202032532731,5,0.06626041
142,1.40202032532731,6,0.06611327
142,1.40202032532731,7,0.06600033
142,1.40202032532731,8,0.06628565
142,1.40202032532731,9,0.06594102
142,1.40202032532731,10,0.06611972
142,1.40202032532731,11,0.06603211
142,1.40202032532731,12,0.06600755
142,1.40202032532731,13,0.06618568
142,1.40202032532731,14,0.06609357
142,1.40202032532731,15,0.06603637
143,1.41300698873867,0,0.06609367
143,1.41300698873867,1,0.06610475
143,1.41300698873867,2,0.06597897
143,1.41300698873867,3,0.06625296
143,1.41300698873867,4,0.06599044
143,1.41300698873867,5,0.06594336
143,1.41300698873867,6,0.06578308
143,1.41300698873867,7,0.06600803
143,1.41300698873867,8,0.06597534
143,1.41300698873867,9,0.06602958
143,1.41300698873867,10,0.06609672
143,1.41300698873867,11,0.06587469
143,1.41300698873867,12,0.06580658
143,1.41300698873867,13,0.06583282
143,1.41300698873867,14,0.06612396
143,1.41300698873867,15,0.06627509
144,1.42216254158147,0,0.0655824
144,1.42216254158147,1,0.06596123
144,1.42216254158147,2,0.06587411
144,1.42216254158147,3,0.06574298
144,1.42216254158147,4,0.06598973
144,1.42216254158147,5,0.0656622
144,1.42216254158147,6,0.06558391
144,1.42216254158147,7,0.06571046
144,1.42216254158147,8,0.06604068
144,1.42216254158147,9,0.06600172
144,1.42216254158147,10,0.06597902
144,1.42216254158147,11,0.06595991
144,1.42216254158147,12,0.06587568
144,1.42216254158147,13,0.06631958
144,1.42216254158147,14,0.06604411
144,1.42216254158147,15,0.06612201
145,1.43253883480331,0,0.06562378
145,1.43253883480331,1,0.06589548
145,1.43253883480331,2,0.06581069
145,1.43253883480331,3,0.06595311
145,1.43253883480331,4,0.06605376
145,1.43253883480331,5,0.06603135
145,1.43253883480331,6,0.06593824
145,1.43253883480331,7,0.06593404
145,1.43253883480331,8,0.06603919
145,1.43253883480331,9,0.06606122
145,1.43253883480331,10,0.06583186
145,1.43253883480331,11,0.06595521
145,1.43253883480331,12,0.06606203
145,1.43253883480331,13,0.06598853
145,1.43253883480331,14,0.06607962
145,1.43253883480331,15,0.06610552
146,1.44230475783563,0,0.06612698
146,1.44230475783563,1,0.06633291
146,1.44230475783563,2,0.06646396
146,1.44230475783563,3,0.06624392
146,1.44230475783563,4,0.0665583
146,1.44230475783563,5,0.06650372
146,1.44230475783563,6,0.06612077
146,1.44230475783563,7,0.06625625
146,1.44230475783563,8,0.06611332
146,1.44230475783563,9,0.06581729
146,1.44230475783563,10,0.066238
146,1.44230475783563,11,0.06610758
146,1.44230475783563,12,0.06617779
146,1.44230475783563,13,0.06601936
146,1.44230475783563,14,0.06590895
146,1.44230475783563,15,0.06614934
147,1.45207068086795,0,0.06631365
147,1.45207068086795,1,0.06610461
147,1.45207068086795,2,0.06635696
147,1.45207068086795,3,0.06617157
147,1.45207068086795,4,0.06621774
147,1.45207068086795,5,0.06602456
147,1.45207068086795,6,0.06613134
147,1.45207068086795,7,0.06627437
147,1.45207068086795,8,0.06605033
147,1.45207068086795,9,0.06612196
147,1.45207068086795,10,0.06606118
147,1.45207068086795,11,0.06607885
147,1.45207068086795,12,0.06615704
147,1.45207068086795,13,0.06627103
147,1.45207068086795,14,0.06629851
147,1.45207068086795,15,0.06623002
148,1.46122623371075,0,0.06639867
148,1.46122623371075,1,0.06621697
148,1.46122623371075,2,0.06613683
148,1.46122623371075,3,0.0659575
148,1.46122623371075,4,0.06623193
148,1.46122623371075,5,0.06603981
148,1.46122623371075,6,0.06604225
148,1.46122623371075,7,0.06594452
148,1.46122623371075,8,0.06620937
148,1.46122623371075,9,0.0662922
148,1.46122623371075,10,0.06611323
148,1.46122623371075,11,0.06626237
148,1.46122623371075,12,0.06596908
148,1.46122623371075,13,0.06578574
148,1.46122623371075,14,0.06589568
148,1.46122623371075,15,0.06609462
149,1.4722128971221,0,0.06610447
149,1.4722128971221,1,0.06594303
149,1.4722128971221,2,0.06617176
149,1.4722128971221,3,0.06595632
149,1.4722128971221,4,0.06627743
149,1.4722128971221,5,0.06624206
149,1.4722128971221,6,0.06602055
149,1.4722128971221,7,0.06629626
149,1.4722128971221,8,0.06612569
149,1.4722128971221,9,0.06613759
149,1.4722128971221,10,0.06605779
149,1.4722128971221,11,0.06614897
149,1.4722128971221,12,0.06639863
149,1.4722128971221,13,0.06622031
149,1.4722128971221,14,0.06641703
149,1.4722128971221,15,0.06619905
150,1.48197882015442,0,0.06667119
150,1.48197882015442,1,0.06633469
150,1.48197882015442,2,0.06660729
150,1.48197882015442,3,0.06641909
150,1.48197882015442,4,0.06643897
150,1.48197882015442,5,0.06631098
150,1.48197882015442,6,0.06620024
150,1.48197882015442,7,0.066236
150,1.48197882015442,8,0.06656002
150,1.48197882015442,9,0.0661765
150,1.48197882015442,10,0.06617879
150,1.48197882015442,11,0.06593615
150,1.48197882015442,12,0.06611671
150,1.48197882015442,13,0.06625287
150,1.48197882015442,14,0.06639672
150,1.48197882015442,15,0.06634639
151,1.49235511337626,0,0.06669088
151,1.49235511337626,1,0.06652518
151,1.49235511337626,2,0.06637039
151,1.49235511337626,3,0.06629946
151,1.49235511337626,4,0.06660575
151,1.49235511337626,5,0.06652232
151,1.49235511337626,6,0.06649593
151,1.49235511337626,7,0.06618084
151,1.49235511337626,8,0.06649694
151,1.49235511337626,9,0.06619221
151,1.49235511337626,10,0.06650434
151,1.49235511337626,11,0.06632335
151,1.49235511337626,12,0.06649981
151,1.49235511337626,13,0.06627605
151,1.49235511337626,14,0.06623313
151,1.49235511337626,15,0.06618596
152,1.50151066621906,0,0.06620517
152,1.50151066621906,1,0.06632216
152,1.50151066621906,2,0.06623069
152,1.50151066621906,3,0.06653207
152,1.50151066621906,4,0.06645259
152,1.50151066621906,5,0.06619012
152,1.50151066621906,6,0.06626982
152,1.50151066621906,7,0.06655639
152,1.50151066621906,8,0.06665002
152,1.50151066621906,9,0.06636504
152,1.50151066621906,10,0.06660801
152,1.50151066621906,11,0.06631351
152,1.50151066621906,12,0.0662134
152,1.50151066621906,13,0.06645106
152,1.50151066621906,14,0.06656213
152,1.50151066621906,15,0.06643897
153,1.51249732963042,0,0.06642706
153,1.51249732963042,1,0.06665226
153,1.51249732963042,2,0.06656203
153,1.51249732963042,3,0.06657077
153,1.51249732963042,4,0.06630429
153,1.51249732963042,5,0.0664739
153,1.51249732963042,6,0.06614944
153,1.51249732963042,7,0.06635165
153,1.51249732963042,8,0.06645082
153,1.51249732963042,9,0.06636198
153,1.51249732963042,10,0.06643123
153,1.51249732963042,11,0.06639658
153,1.51249732963042,12,0.0667033
153,1.51249732963042,13,0.066658
153,1.51249732963042,14,0.06651954
153,1.51249732963042,15,0.06631031
154,1.52226325266274,0,0.06636938
154,1.52226325266274,1,0.06628135
154,1.52226325266274,2,0.06620292
154,1.52226325266274,3,0.06643128
154,1.52226325266274,4,0.06657403
154,1.52226325266274,5,0.06645679
154,1.52226325266274,6,0.06653398
154,1.52226325266274,7,0.06659921
154,1.52226325266274,8,0.06647299
154,1.52226325266274,9,0.06667099
154,1.52226325266274,10,0.0666635
154,1.52226325266274,11,0.06641047
154,1.52226325266274,12,0.06668308
154,1.52226325266274,13,0.06659295
154,1.52226325266274,14,0.06640474
154,1.52226325266274,15,0.06633731
155,1.53202917569506,0,0.06651533
155,1.53202917569506,1,0.06662746
155,1.53202917569506,2,0.06637125
155,1.53202917569506,3,0.0666265
155,1.53202917569506,4,0.06653646
155,1.53202917569506,5,0.06635543
155,1.53202917569506,6,0.06643423
155,1.53202917569506,7,0.06637076
155,1.53202917569506,8,0.06650081
155,1.53202917569506,9,0.0665021
155,1.53202917569506,10,0.06637942
155,1.53202917569506,11,0.06648523
155,1.53202917569506,12,0.06642185
155,1.53202917569506,13,0.0664186
155,1.53202917569506,14,0.06652021
155,1.53202917569506,15,0.06646597
156,1.5424054689169,0,0.06629134
156,1.5424054689169,1,0.06677437
156,1.5424054689169,2,0.06665475
156,1.5424054689169,3,0.06642802
156,1.5424054689169,4,0.06644083
156,1.5424054689169,5,0.06650535
156,1.5424054689169,6,0.06627714
156,1.5424054689169,7,0.06653512
156,1.5424054689169,8,0.06607614
156,1.5424054689169,9,0.06628039
156,1.5424054689169,10,0.06642874
156,1.5424054689169,11,0.06643576
156,1.5424054689169,12,0.06633727
156,1.5424054689169,13,0.06643614
156,1.5424054689169,14,0.06636322
156,1.5424054689169,15,0.06662631
157,1.5515610217597,0,0.06655185
157,1.5515610217597,1,0.06678431
157,1.5515610217597,2,0.06666445
157,1.5515610217597,3,0.06676309
157,1.5515610217597,4,0.06663105
157,1.5515610217597,5,0.06688119
157,1.5515610217597,6,0.06679378
157,1.5515610217597,7,0.06682929
157,1.5515610217597,8,0.06684922
157,1.5515610217597,9,0.0669113
157,1.5515610217597,10,0.0667661
157,1.5515610217597,11,0.06656514
157,1.5515610217597,12,0.0667771
157,1.5515610217597,13,0.06675683
157,1.5515610217597,14,0.06669652
157,1.5515610217597,15,0.06677991
158,1.56193731498154,0,0.06636838
158,1.56193731498154,1,0.06648198
158,1.56193731498154,2,0.06640571
158,1.56193731498154,3,0.06613841
158,1.56193731498154,4,0.06636862
158,1.56193731498154,5,0.06658603
158,1.56193731498154,6,0.06638855
158,1.56193731498154,7,0.0662033
158,1.56193731498154,8,0.06632632
158,1.56193731498154,9,0.06616383
158,1.56193731498154,10,0.06637287
158,1.56193731498154,11,0.06634644
158,1.56193731498154,12,0.06623613
158,1.56193731498154,13,0.06619604
158,1.56193731498154,14,0.06667138
158,1.56193731498154,15,0.06630519
159,1.57231360820338,0,0.06640159
159,1.57231360820338,1,0.06638243
159,1.57231360820338,2,0.06632756
159,1.57231360820338,3,0.06622715
159,1.57231360820338,4,0.06635562
159,1.57231360820338,5,0.06622405
159,1.57231360820338,6,0.0663777
159,1.57231360820338,7,0.06646559
159,1.57231360820338,8,0.0660542
159,1.57231360820338,9,0.0666298
159,1.57231360820338,10,0.06631514
159,1.57231360820338,11,0.06662665
159,1.57231360820338,12,0.06655873
159,1.57231360820338,13,0.0663819
159,1.57231360820338,14,0.06639644
159,1.57231360820338,15,0.06637789
160,1.58207953123569,0,0.0661668
160,1.58207953123569,1,0.06637053
160,1.58207953123569,2,0.06602944
160,1.58207953123569,3,0.06666655
160,1.58207953123569,4,0.06613988
160,1.58207953123569,5,0.06641068
160,1.58207953123569,6,0.06680132
160,1.58207953123569,7,0.06650735
160,1.58207953123569,8,0.06644489
160,1.58207953123569,9,0.0660714
160,1.58207953123569,10,0.06643472
160,1.58207953123569,11,0.06669566
160,1.58207953123569,12,0.06623193
160,1.58207953123569,13,0.06633235
160,1.58207953123569,14,0.06636488
160,1.58207953123569,15,0.06644087
161,1.59184545426801,0,0.06643558
161,1.59184545426801,1,0.06641822
161,1.59184545426801,2,0.06652514
161,1.59184545426801,3,0.06627151
161,1.59184545426801,4,0.06617864
161,1.59184545426801,5,0.06618624
161,1.59184545426801,6,0.06622514
161,1.59184545426801,7,0.0659871
161,1.59184545426801,8,0.06648121
161,1.59184545426801,9,0.06641373
161,1.59184545426801,10,0.06620827
161,1.59184545426801,11,0.06617769
161,1.59184545426801,12,0.06620836
161,1.59184545426801,13,0.06638888
161,1.59184545426801,14,0.06643452
161,1.59184545426801,15,0.06633602
162,1.60222174748985,0,0.06655912
162,1.60222174748985,1,0.06646573
162,1.60222174748985,2,0.06623943
162,1.60222174748985,3,0.0665001
162,1.60222174748985,4,0.06654177
162,1.60222174748985,5,0.06647529
162,1.60222174748985,6,0.06665245
162,1.60222174748985,7,0.06645976
162,1.60222174748985,8,0.06665398
162,1.60222174748985,9,0.06666555
162,1.60222174748985,10,0.06661317
162,1.60222174748985,11,0.06655424
162,1.60222174748985,12,0.0668516
162,1.60222174748985,13,0.06662148
162,1.60222174748985,14,0.06682995
162,1.60222174748985,15,0.06660595
163,1.61198767052217,0,0.06599417
163,1.61198767052217,1,0.06607154
163,1.61198767052217,2,0.06641483
163,1.61198767052217,3,0.06633846
163,1.61198767052217,4,0.06632508
163,1.61198767052217,5,0.06658722
163,1.61198767052217,6,0.06668084
163,1.61198767052217,7,0.06653603
163,1.61198767052217,8,0.06661924
163,1.61198767052217,9,0.06657168
163,1.61198767052217,10,0.06636149
163,1.61198767052217,11,0.06641139
163,1.61198767052217,12,0.06633249
163,1.61198767052217,13,0.06617053
163,1.61198767052217,14,0.06611064
163,1.61198767052217,15,0.0660141
164,1.62175359355449,0,0.06617162
164,1.62175359355449,1,0.06634133
164,1.62175359355449,2,0.06637445
164,1.62175359355449,3,0.06649063
164,1.62175359355449,4,0.06607537
164,1.62175359355449,5,0.06615513
164,1.62175359355449,6,0.06637158
164,1.62175359355449,7,0.06650926
164,1.62175359355449,8,0.06633177
164,1.62175359355449,9,0.06624097
164,1.62175359355449,10,0.06603016
164,1.62175359355449,11,0.06629235
164,1.62175359355449,12,0.06620207
164,1.62175359355449,13,0.06624971
164,1.62175359355449,14,0.06623714
164,1.62175359355449,15,0.06614987
165,1.63151951658681,0,0.06628321
165,1.63151951658681,1,0.06630954
165,1.63151951658681,2,0.06637244
165,1.63151951658681,3,0.06614973
165,1.63151951658681,4,0.06620463
165,1.63151951658681,5,0.06600813
165,1.63151951658681,6,0.06637707
165,1.63151951658681,7,0.06628431
165,1.63151951658681,8,0.06634859
165,1.63151951658681,9,0.06624006
165,1.63151951658681,10,0.06632636
165,1.63151951658681,11,0.06626415
165,1.63151951658681,12,0.06636054
165,1.63151951658681,13,0.06616569
165,1.63151951658681,14,0.06644183
165,1.63151951658681,15,0.0662391
166,1.64189580980865,0,0.06649694
166,1.64189580980865,1,0.06617669
166,1.64189580980865,2,0.06638879
166,1.64189580980865,3,0.06639256
166,1.64189580980865,4,0.06616278
166,1.64189580980865,5,0.06623136
166,1.64189580980865,6,0.06606323
166,1.64189580980865,7,0.06618959
166,1.64189580980865,8,0.06616775
166,1.64189580980865,9,0.06587961
166,1.64189580980865,10,0.06604741
166,1.64189580980865,11,0.06627834
166,1.64189580980865,12,0.0662598
166,1.64189580980865,13,0.06610256
166,1.64189580980865,14,0.06632794
166,1.64189580980865,15,0.06629349
167,1.65166173284097,0,0.06619737
167,1.65166173284097,1,0.06606752
167,1.65166173284097,2,0.06610356
167,1.65166173284097,3,0.06625421
167,1.65166173284097,4,0.06623785
167,1.65166173284097,5,0.06642937
167,1.65166173284097,6,0.06618247
167,1.65166173284097,7,0.06615952
167,1.65166173284097,8,0.06601466
167,1.65166173284097,9,0.0660876
167,1.65166173284097,10,0.06612679
167,1.65166173284097,11,0.06619814
167,1.65166173284097,12,0.06629042
167,1.65166173284097,13,0.0660022
167,1.65166173284097,14,0.0662663
167,1.65166173284097,15,0.06604064
168,1.66203802606281,0,0.0661364
168,1.66203802606281,1,0.06633076
168,1.66203802606281,2,0.06641861
168,1.66203802606281,3,0.06596205
168,1.66203802606281,4,0.06656801
168,1.66203802606281,5,0.06641717
168,1.66203802606281,6,0.06620842
168,1.66203802606281,7,0.0661818
168,1.66203802606281,8,0.0663818
168,1.66203802606281,9,0.06641354
168,1.66203802606281,10,0.06655663
168,1.66203802606281,11,0.06657164
168,1.66203802606281,12,0.06642578
168,1.66203802606281,13,0.06632417
168,1.66203802606281,14,0.06634773
168,1.66203802606281,15,0.06660036
169,1.67180394909513,0,0.0663927
169,1.67180394909513,1,0.06650511
169,1.67180394909513,2,0.06655238
169,1.67180394909513,3,0.06652456
169,1.67180394909513,4,0.06656495
169,1.67180394909513,5,0.06649622
169,1.67180394909513,6,0.06629138
169,1.67180394909513,7,0.06647911
169,1.67180394909513,8,0.06637239
169,1.67180394909513,9,0.06659491
169,1.67180394909513,10,0.06662746
169,1.67180394909513,11,0.06633134
169,1.67180394909513,12,0.06640834
169,1.67180394909513,13,0.06644102
169,1.67180394909513,14,0.06648872
169,1.67180394909513,15,0.06643404
170,1.68156987212745,0,0.0666904
170,1.68156987212745,1,0.06650133
170,1.68156987212745,2,0.06622514
170,1.68156987212745,3,0.06638558
170,1.68156987212745,4,0.06642903
170,1.68156987212745,5,0.06652776
170,1.68156987212745,6,0.06646104
170,1.68156987212745,7,0.06655104
170,1.68156987212745,8,0.06628503
170,1.68156987212745,9,0.06663027
170,1.68156987212745,10,0.06665953
170,1.68156987212745,11,0.06656743
170,1.68156987212745,12,0.06635246
170,1.68156987212745,13,0.06609452
170,1.68156987212745,14,0.06617669
170,1.68156987212745,15,0.06638104
171,1.6925565355388,0,0.06681303
171,1.6925565355388,1,0.06646635
171,1.6925565355388,2,0.06658
171,1.6925565355388,3,0.06674656
171,1.6925565355388,4,0.06640351
171,1.6925565355388,5,0.06668662
171,1.6925565355388,6,0.06636684
171,1.6925565355388,7,0.06663606
171,1.6925565355388,8,0.06633081
171,1.6925565355388,9,0.06640346
171,1.6925565355388,10,0.06648198
171,1.6925565355388,11,0.06624918
171,1.6925565355388,12,0.06652547
171,1.6925565355388,13,0.0663019
171,1.6925565355388,14,0.0663756
171,1.6925565355388,15,0.06634639
172,1.7017120883816,0,0.06649039
172,1.7017120883816,1,0.06610452
172,1.7017120883816,2,0.06644198
172,1.7017120883816,3,0.06628154
172,1.7017120883816,4,0.06654444
172,1.7017120883816,5,0.06658253
172,1.7017120883816,6,0.06635495
172,1.7017120883816,7,0.0663287
172,1.7017120883816,8,0.06641258
172,1.7017120883816,9,0.06649737
172,1.7017120883816,10,0.06620923
172,1.7017120883816,11,0.06615599
172,1.7017120883816,12,0.06609128
172,1.7017120883816,13,0.0663474
172,1.7017120883816,14,0.0663536
172,1.7017120883816,15,0.06636331
173,1.71208838160344,0,0.06635242
173,1.71208838160344,1,0.06631897
173,1.71208838160344,2,0.06636159
173,1.71208838160344,3,0.06654334
173,1.71208838160344,4,0.06640341
173,1.71208838160344,5,0.06632508
173,1.71208838160344,6,0.06629296
173,1.71208838160344,7,0.06635419
173,1.71208838160344,8,0.06610485
173,1.71208838160344,9,0.06642697
173,1.71208838160344,10,0.06630538
173,1.71208838160344,11,0.0662651
173,1.71208838160344,12,0.06647342
173,1.71208838160344,13,0.06617081
173,1.71208838160344,14,0.0664134
173,1.71208838160344,15,0.06644676
174,1.72246467482528,0,0.06599456
174,1.72246467482528,1,0.06611388
174,1.72246467482528,2,0.06625564
174,1.72246467482528,3,0.06633421
174,1.72246467482528,4,0.06637029
174,1.72246467482528,5,0.06631973
174,1.72246467482528,6,0.0661244
174,1.72246467482528,7,0.06624193
174,1.72246467482528,8,0.06634691
174,1.72246467482528,9,0.06618787
174,1.72246467482528,10,0.06643997
174,1.72246467482528,11,0.06674077
174,1.72246467482528,12,0.06643686
174,1.72246467482528,13,0.06661934
174,1.72246467482528,14,0.06664113
174,1.72246467482528,15,0.06647405
175,1.73162022766808,0,0.06633975
175,1.73162022766808,1,0.06659797
175,1.73162022766808,2,0.06658043
175,1.73162022766808,3,0.06629425
175,1.73162022766808,4,0.06644112
175,1.73162022766808,5,0.0660444
175,1.73162022766808,6,0.06645019
175,1.73162022766808,7,0.06633688
175,1.73162022766808,8,0.06650334
175,1.73162022766808,9,0.06654932
175,1.73162022766808,10,0.06648585
175,1.73162022766808,11,0.06661025
175,1.73162022766808,12,0.06625048
175,1.73162022766808,13,0.06638162
175,1.73162022766808,14,0.06636131
175,1.73162022766808,15,0.06654138
176,1.7413861507004,0,0.06667071
176,1.7413861507004,1,0.06659458
176,1.7413861507004,2,0.06649698
176,1.7413861507004,3,0.06643261
176,1.7413861507004,4,0.06647141
176,1.7413861507004,5,0.06632427
176,1.7413861507004,6,0.06636957
176,1.7413861507004,7,0.06652188
176,1.7413861507004,8,0.06638773
176,1.7413861507004,9,0.06658163
176,1.7413861507004,10,0.06654836
176,1.7413861507004,11,0.06644288
176,1.7413861507004,12,0.06652876
176,1.7413861507004,13,0.06677155
176,1.7413861507004,14,0.06662837
176,1.7413861507004,15,0.066815
177,1.75237281411176,0,0.06634534
177,1.75237281411176,1,0.06644709
177,1.75237281411176,2,0.0662661
177,1.75237281411176,3,0.0664025
177,1.75237281411176,4,0.06656131
177,1.75237281411176,5,0.06639447
177,1.75237281411176,6,0.06623366
177,1.75237281411176,7,0.06657417
177,1.75237281411176,8,0.0665876
177,1.75237281411176,9,0.06632427
177,1.75237281411176,10,0.06640708
177,1.75237281411176,11,0.06658641
177,1.75237281411176,12,0.06679664
177,1.75237281411176,13,0.06641062
177,1.75237281411176,14,0.06626415
177,1.75237281411176,15,0.06644571
178,1.76152836695456,0,0.06628937
178,1.76152836695456,1,0.0660626
178,1.76152836695456,2,0.06642382
178,1.76152836695456,3,0.06653508
178,1.76152836695456,4,0.06646869
178,1.76152836695456,5,0.06635419
178,1.76152836695456,6,0.06645751
178,1.76152836695456,7,0.06660079
178,1.76152836695456,8,0.06654616
178,1.76152836695456,9,0.06649546
178,1.76152836695456,10,0.06632981
178,1.76152836695456,11,0.06645712
178,1.76152836695456,12,0.06617884
178,1.76152836695456,13,0.06632618
178,1.76152836695456,14,0.06636953
178,1.76152836695456,15,0.06642104
179,1.77251503036592,0,0.06646788
179,1.77251503036592,1,0.06628221
179,1.77251503036592,2,0.06643257
179,1.77251503036592,3,0.0664761
179,1.77251503036592,4,0.06633206
179,1.77251503036592,5,0.06615335
179,1.77251503036592,6,0.06630223
179,1.77251503036592,7,0.06621181
179,1.77251503036592,8,0.06623891
179,1.77251503036592,9,0.06639648
179,1.77251503036592,10,0.06627408
179,1.77251503036592,11,0.06623021
179,1.77251503036592,12,0.06599198
179,1.77251503036592,13,0.06620134
179,1.77251503036592,14,0.06642052
179,1.77251503036592,15,0.06639104
180,1.78167058320872,0,0.06652752
180,1.78167058320872,1,0.06630023
180,1.78167058320872,2,0.06619303
180,1.78167058320872,3,0.06633631
180,1.78167058320872,4,0.06631862
180,1.78167058320872,5,0.06669714
180,1.78167058320872,6,0.06647304
180,1.78167058320872,7,0.06622108
180,1.78167058320872,8,0.06606113
180,1.78167058320872,9,0.06636771
180,1.78167058320872,10,0.06622318
180,1.78167058320872,11,0.06612966
180,1.78167058320872,12,0.06648872
180,1.78167058320872,13,0.06627432
180,1.78167058320872,14,0.06624402
180,1.78167058320872,15,0.0664318
181,1.79204687643056,0,0.06674938
181,1.79204687643056,1,0.06660438
181,1.79204687643056,2,0.06664094
181,1.79204687643056,3,0.06650344
181,1.79204687643056,4,0.06642372
181,1.79204687643056,5,0.06663444
181,1.79204687643056,6,0.06630209
181,1.79204687643056,7,0.06641249
181,1.79204687643056,8,0.06663979
181,1.79204687643056,9,0.06638382
181,1.79204687643056,10,0.06639543
181,1.79204687643056,11,0.06663649
181,1.79204687643056,12,0.06653795
181,1.79204687643056,13,0.06660839
181,1.79204687643056,14,0.06639767
181,1.79204687643056,15,0.06648938
182,1.80181279946287,0,0.06664743
182,1.80181279946287,1,0.06642272
182,1.80181279946287,2,0.06623982
182,1.80181279946287,3,0.0664739
182,1.80181279946287,4,0.06641369
182,1.80181279946287,5,0.06680863
182,1.80181279946287,6,0.06660963
182,1.80181279946287,7,0.06626619
182,1.80181279946287,8,0.06667559
182,1.80181279946287,9,0.06635447
182,1.80181279946287,10,0.06629115
182,1.80181279946287,11,0.0661351
182,1.80181279946287,12,0.06624714
182,1.80181279946287,13,0.06655224
182,1.80181279946287,14,0.06657618
182,1.80181279946287,15,0.06653799
183,1.81157872249519,0,0.06655137
183,1.81157872249519,1,0.06654859
183,1.81157872249519,2,0.06633125
183,1.81157872249519,3,0.0664503
183,1.81157872249519,4,0.06670187
183,1.81157872249519,5,0.06670187
183,1.81157872249519,6,0.0667143
183,1.81157872249519,7,0.06656218
183,1.81157872249519,8,0.06661422
183,1.81157872249519,9,0.0666245
183,1.81157872249519,10,0.0665021
183,1.81157872249519,11,0.06629645
183,1.81157872249519,12,0.06644648
183,1.81157872249519,13,0.06636413
183,1.81157872249519,14,0.06639156
183,1.81157872249519,15,0.06677882
184,1.82195501571703,0,0.06660858
184,1.82195501571703,1,0.06670097
184,1.82195501571703,2,0.06674489
184,1.82195501571703,3,0.0666667
184,1.82195501571703,4,0.06666971
184,1.82195501571703,5,0.06670173
184,1.82195501571703,6,0.06645675
184,1.82195501571703,7,0.06656308
184,1.82195501571703,8,0.06657851
184,1.82195501571703,9,0.06641933
184,1.82195501571703,10,0.06642606
184,1.82195501571703,11,0.06646778
184,1.82195501571703,12,0.06646717
184,1.82195501571703,13,0.06639447
184,1.82195501571703,14,0.06649049
184,1.82195501571703,15,0.0665021
185,1.83233130893887,0,0.06604139
185,1.83233130893887,1,0.06665155
185,1.83233130893887,2,0.0666483
185,1.83233130893887,3,0.06626998
185,1.83233130893887,4,0.0663819
185,1.83233130893887,5,0.06647118
185,1.83233130893887,6,0.06656442
185,1.83233130893887,7,0.06641956
185,1.83233130893887,8,0.06649077
185,1.83233130893887,9,0.06611808
185,1.83233130893887,10,0.06644408
185,1.83233130893887,11,0.0664578
185,1.83233130893887,12,0.06669456
185,1.83233130893887,13,0.06654884
185,1.83233130893887,14,0.06667492
185,1.83233130893887,15,0.06634749
186,1.84148686178167,0,0.06640308
186,1.84148686178167,1,0.0662609
186,1.84148686178167,2,0.06623738
186,1.84148686178167,3,0.06626223
186,1.84148686178167,4,0.0661817
186,1.84148686178167,5,0.06617133
186,1.84148686178167,6,0.06641866
186,1.84148686178167,7,0.06643476
186,1.84148686178167,8,0.06627791
186,1.84148686178167,9,0.06658932
186,1.84148686178167,10,0.06644112
186,1.84148686178167,11,0.06652322
186,1.84148686178167,12,0.06631825
186,1.84148686178167,13,0.06622113
186,1.84148686178167,14,0.06623719
186,1.84148686178167,15,0.06633645
187,1.85247352519303,0,0.06626605
187,1.85247352519303,1,0.06652881
187,1.85247352519303,2,0.0666751
187,1.85247352519303,3,0.06658512
187,1.85247352519303,4,0.06651147
187,1.85247352519303,5,0.06623828
187,1.85247352519303,6,0.06622352
187,1.85247352519303,7,0.06667472
187,1.85247352519303,8,0.06637469
187,1.85247352519303,9,0.06652576
187,1.85247352519303,10,0.06664844
187,1.85247352519303,11,0.06649302
187,1.85247352519303,12,0.06681399
187,1.85247352519303,13,0.06648528
187,1.85247352519303,14,0.06662856
187,1.85247352519303,15,0.0665941
188,1.86223944822535,0,0.06679191
188,1.86223944822535,1,0.06674808
188,1.86223944822535,2,0.06660108
188,1.86223944822535,3,0.06647099
188,1.86223944822535,4,0.06668854
188,1.86223944822535,5,0.06640369
188,1.86223944822535,6,0.06639376
188,1.86223944822535,7,0.06660399
188,1.86223944822535,8,0.0667208
188,1.86223944822535,9,0.06633823
188,1.86223944822535,10,0.06668743
188,1.86223944822535,11,0.06663515
188,1.86223944822535,12,0.066712
188,1.86223944822535,13,0.06675459
188,1.86223944822535,14,0.06677175
188,1.86223944822535,15,0.06679511
189,1.87139500106815,0,0.06693562
189,1.87139500106815,1,0.06660748
189,1.87139500106815,2,0.06647161
189,1.87139500106815,3,0.06638061
189,1.87139500106815,4,0.06649407
189,1.87139500106815,5,0.06675267
189,1.87139500106815,6,0.06615188
189,1.87139500106815,7,0.06639151
189,1.87139500106815,8,0.06659625
189,1.87139500106815,9,0.06653526
189,1.87139500106815,10,0.06655701
189,1.87139500106815,11,0.06648041
189,1.87139500106815,12,0.0664145
189,1.87139500106815,13,0.06654324
189,1.87139500106815,14,0.06680897
189,1.87139500106815,15,0.06668472
190,1.88238166447951,0,0.06647022
190,1.88238166447951,1,0.06628861
190,1.88238166447951,2,0.06627485
190,1.88238166447951,3,0.06619412
190,1.88238166447951,4,0.06641072
190,1.88238166447951,5,0.06649393
190,1.88238166447951,6,0.06655146
190,1.88238166447951,7,0.06640298
190,1.88238166447951,8,0.06640962
190,1.88238166447951,9,0.06653006
190,1.88238166447951,10,0.06662865
190,1.88238166447951,11,0.06667142
190,1.88238166447951,12,0.06635213
190,1.88238166447951,13,0.06653713
190,1.88238166447951,14,0.06650301
190,1.88238166447951,15,0.06649049
191,1.89153721732231,0,0.06656787
191,1.89153721732231,1,0.06642052
191,1.89153721732231,2,0.06663366
191,1.89153721732231,3,0.06642363
191,1.89153721732231,4,0.06628307
191,1.89153721732231,5,0.06623819
191,1.89153721732231,6,0.06602217
191,1.89153721732231,7,0.06624445
191,1.89153721732231,8,0.0663505
191,1.89153721732231,9,0.06642181
191,1.89153721732231,10,0.06649985
191,1.89153721732231,11,0.06650233
191,1.89153721732231,12,0.06664658
191,1.89153721732231,13,0.06666254
191,1.89153721732231,14,0.0666645
191,1.89153721732231,15,0.06649488
192,1.90191351054414,0,0.06667329
192,1.90191351054414,1,0.06674483
192,1.90191351054414,2,0.06646597
192,1.90191351054414,3,0.0665009
192,1.90191351054414,4,0.0665812
192,1.90191351054414,5,0.06666841
192,1.90191351054414,6,0.06663252
192,1.90191351054414,7,0.06644581
192,1.90191351054414,8,0.06652609
192,1.90191351054414,9,0.06676094
192,1.90191351054414,10,0.06658377
192,1.90191351054414,11,0.06677982
192,1.90191351054414,12,0.06677896
192,1.90191351054414,13,0.06653383
192,1.90191351054414,14,0.06648672
192,1.90191351054414,15,0.06637956
193,1.91228980376598,0,0.0668084
193,1.91228980376598,1,0.0665411
193,1.91228980376598,2,0.0667555
193,1.91228980376598,3,0.06661011
193,1.91228980376598,4,0.06665843
193,1.91228980376598,5,0.06650994
193,1.91228980376598,6,0.06623527
193,1.91228980376598,7,0.06655171
193,1.91228980376598,8,0.06666249
193,1.91228980376598,9,0.06663171
193,1.91228980376598,10,0.06674417
193,1.91228980376598,11,0.06632819
193,1.91228980376598,12,0.06648753
193,1.91228980376598,13,0.06666952
193,1.91228980376598,14,0.06635509
193,1.91228980376598,15,0.06668165
194,1.92266609698782,0,0.0667629
194,1.92266609698782,1,0.06672443
194,1.92266609698782,2,0.06681094
194,1.92266609698782,3,0.0668786
194,1.92266609698782,4,0.06664743
194,1.92266609698782,5,0.06674001
194,1.92266609698782,6,0.06662048
194,1.92266609698782,7,0.06667243
194,1.92266609698782,8,0.06677619
194,1.92266609698782,9,0.06697161
194,1.92266609698782,10,0.06661542
194,1.92266609698782,11,0.06700841
194,1.92266609698782,12,0.06657016
194,1.92266609698782,13,0.06639366
194,1.92266609698782,14,0.06667793
194,1.92266609698782,15,0.06679554
195,1.93182164983062,0,0.06672519
195,1.93182164983062,1,0.06645196
195,1.93182164983062,2,0.06663587
195,1.93182164983062,3,0.06707011
195,1.93182164983062,4,0.06711541
195,1.93182164983062,5,0.06653427
195,1.93182164983062,6,0.06688157
195,1.93182164983062,7,0.06631748
195,1.93182164983062,8,0.06642482
195,1.93182164983062,9,0.06648456
195,1.93182164983062,10,0.06667386
195,1.93182164983062,11,0.06691226
195,1.93182164983062,12,0.0667326
195,1.93182164983062,13,0.06656294
195,1.93182164983062,14,0.06686264
195,1.93182164983062,15,0.06678202
196,1.94219794305246,0,0.06658655
196,1.94219794305246,1,0.0670702
196,1.94219794305246,2,0.06665867
196,1.94219794305246,3,0.06680419
196,1.94219794305246,4,0.06681604
196,1.94219794305246,5,0.06681987
196,1.94219794305246,6,0.06705716
196,1.94219794305246,7,0.06710208
196,1.94219794305246,8,0.0672747
196,1.94219794305246,9,0.06692539
196,1.94219794305246,10,0.06692023
196,1.94219794305246,11,0.06686116
196,1.94219794305246,12,0.06700301
196,1.94219794305246,13,0.06696061
196,1.94219794305246,14,0.0669437
196,1.94219794305246,15,0.06653283
197,1.95135349589526,0,0.06668175
197,1.95135349589526,1,0.06653498
197,1.95135349589526,2,0.0666525
197,1.95135349589526,3,0.06692453
197,1.95135349589526,4,0.06687813
197,1.95135349589526,5,0.06686852
197,1.95135349589526,6,0.06683315
197,1.95135349589526,7,0.06679091
197,1.95135349589526,8,0.06719241
197,1.95135349589526,9,0.06703976
197,1.95135349589526,10,0.0670248
197,1.95135349589526,11,0.06691827
197,1.95135349589526,12,0.0666244
197,1.95135349589526,13,0.06689476
197,1.95135349589526,14,0.06687158
197,1.95135349589526,15,0.06676429
198,1.9617297891171,0,0.06689514
198,1.9617297891171,1,0.06732288
198,1.9617297891171,2,0.06718357
198,1.9617297891171,3,0.06726281
198,1.9617297891171,4,0.06695818
198,1.9617297891171,5,0.06704812
198,1.9617297891171,6,0.06729803
198,1.9617297891171,7,0.06738453
198,1.9617297891171,8,0.06698078
198,1.9617297891171,9,0.06717071
198,1.9617297891171,10,0.06718452
198,1.9617297891171,11,0.06678106
198,1.9617297891171,12,0.06688448
198,1.9617297891171,13,0.06663472
198,1.9617297891171,14,0.06679707
198,1.9617297891171,15,0.06685916
199,1.97210608233894,0,0.06716034
199,1.97210608233894,1,0.06684835
199,1.97210608233894,2,0.06685629
199,1.97210608233894,3,0.06677623
199,1.97210608233894,4,0.06665838
199,1.97210608233894,5,0.06700272
199,1.97210608233894,6,0.06710929
199,1.97210608233894,7,0.06698111
199,1.97210608233894,8,0.06686604
199,1.97210608233894,9,0.06715723
199,1.97210608233894,10,0.06673858
199,1.97210608233894,11,0.06685217
199,1.97210608233894,12,0.06662645
199,1.97210608233894,13,0.06659424
199,1.97210608233894,14,0.06679893
199,1.97210608233894,15,0.06667951
200,1.98187200537126,0,0.06672486
200,1.98187200537126,1,0.06671846
200,1.98187200537126,2,0.06680821
200,1.98187200537126,3,0.06652537
200,1.98187200537126,4,0.06673155
200,1.98187200537126,5,0.06650545
200,1.98187200537126,6,0.06649813
200,1.98187200537126,7,0.0665907
200,1.98187200537126,8,0.066802
200,1.98187200537126,9,0.06671061
200,1.98187200537126,10,0.06647261
200,1.98187200537126,11,0.06667568
200,1.98187200537126,12,0.06697682
200,1.98187200537126,13,0.06677241
200,1.98187200537126,14,0.06668165
200,1.98187200537126,15,0.06654502
