position,voltage_mean,voltage_std,n_samples
0.00122074037903989,5.937074,7.457546513429643e-05,16
1.00100711081271,5.9371095,9.7328695665818e-05,16
1.9922482985931,5.9371079374999995,5.332619988105717e-05,16
2.98409985656301,5.937056312499999,8.775300475629632e-05,16
3.98327585680715,5.937103875,8.232927410707038e-05,16
