position,voltage_mean,voltage_std,n_samples
0.0,0.7777963,0.00017091364778741526,16
1.00001525925474,0.77751696875,0.0002120066205297261,16
1.99934385204627,0.77729721875,0.0001905576265160749,16
2.98356578264718,1.1520976250000001,0.0006689180513149682,16
3.98083437604907,1.711676,0.0021819995989917017,16
4.97810296945097,2.27852975,0.003920256680052996,16
