position,voltage_mean,voltage_std,n_samples
0.0,5.934375312499999,6.192507443479408e-05,16
0.999176000244148,5.9344980625,5.66430365866747e-05,16
1.9861445966979,5.93446625,8.207961074458267e-05,16
2.97250282296213,5.934582125,6.551037608655326e-05,16
3.97045808282723,5.934597375,8.146845631890199e-05,16
4.96841334269234,5.93463725,7.841356706594597e-05,16
5.96819971312601,5.934675375,9.148215331409893e-05,16
6.9685964537492,5.93463775,9.70054766495292e-05,16
7.96838282418287,5.934746625000001,9.287617765067952e-05,16
