position,voltage_mean,voltage_std,n_samples
0.0,-4.100070677419355,0.0008676107491673903,31
0.997344889675588,-4.098594935483871,0.001084138008578286,31
1.99652088991974,-4.099029387096774,0.0009151741832241667,31
2.99386577959532,-4.09837764516129,0.0007496946711135429,31
3.99487289040803,-4.0984130322580645,0.0007551551638835164,31
4.99282815027314,-4.099145,0.0009156100733672621,31
5.99200415051729,-4.082856580645162,0.0010771162447882443,31
6.99056978057192,-4.076873806451613,0.001261435598431615,31
7.99035615100558,-4.063650935483871,0.001143898397684261,31
