position,voltage_mean,voltage_std,n_samples
2.00003051850948,0.7385633875,0.000137171384019226,16
2.999359111301,0.738441425,0.00020332171397811742,16
3.9989165929136,0.7384480437500001,0.000430958533342755,16
4.99412518692587,1.1516124374999999,0.0008680165586518062,16
