position,voltage_mean,voltage_std,n_samples
0.0,-4.283294875,0.0007239248529428638,24
0.997344889675588,-4.2828773333333325,0.0007959480022100425,24
1.9525742362743,-4.282566291666666,0.0008959949534439659,24
2.94381542405469,-4.281659291666666,0.0009639821695777394,24
3.94238105410932,-4.280234833333333,0.000981963452589881,24
4.89455854976043,-4.271357625,0.0008381164801953665,24
5.8851893673513,-4.259324166666667,0.0008701648630511787,24
6.88436536759545,-4.227782291666666,0.0010817504517820259,24
7.88415173802912,-4.18458925,0.0008847489403780469,24
