position,voltage_mean,voltage_std,n_samples
-0.00228888821069979,0.027118984375,0.00020006515194958234,16
0.495315408795434,0.02738863,0.00016408337571947981,16
0.991775261696219,0.027246231875,0.00024112676264826784,16
1.488235114597,0.029116895625,0.00044677262859547386,16
1.98469496749779,0.053218501875000004,0.00023179605354758449,16
2.48207037568285,0.0515186175,0.00020527932623927333,16
2.97921689504685,0.050591775625,0.00013895511905687153,16
