position,voltage_mean,voltage_std,n_samples
-0.00549333170567949,0.011548514374999999,0.00018414658451111548,16
0.98147526474807,0.010755984375,0.00022613226566460914,16
1.97027497177038,0.011786175,0.0003358370005300189,16
2.95785393841365,0.01881404875,0.00017068636181879742,16
3.95031586657308,0.019734295625000002,0.00015963322954388082,16
4.91164891506699,0.0181640625,0.0002804905303102941,16
