pos_index,position,sample_index,voltage
0,-0.0097659230323191,0,0.06742396
0,-0.0097659230323191,1,0.06724569
0,-0.0097659230323191,2,0.06724799
0,-0.0097659230323191,3,0.06728235
0,-0.0097659230323191,4,0.06728417
0,-0.0097659230323191,5,0.06729411
0,-0.0097659230323191,6,0.0673063
0,-0.0097659230323191,7,0.06718858
0,-0.0097659230323191,8,0.06732092
0,-0.0097659230323191,9,0.067146
0,-0.0097659230323191,10,0.06743528
0,-0.0097659230323191,11,0.06721903
1,-0.0097659230323191,0,0.06731012
1,-0.0097659230323191,1,0.06742238
1,-0.0097659230323191,2,0.06727743
1,-0.0097659230323191,3,0.0674089
1,-0.0097659230323191,4,0.06740212
1,-0.0097659230323191,5,0.06737158
1,-0.0097659230323191,6,0.06719494
1,-0.0097659230323191,7,0.0672078
1,-0.0097659230323191,8,0.06733617
1,-0.0097659230323191,9,0.06726706
1,-0.0097659230323191,10,0.06713019
1,-0.0097659230323191,11,0.06739558
1,-0.0097659230323191,12,0.06699249
1,-0.0097659230323191,13,0.0672737
1,-0.0097659230323191,14,0.06757519
1,-0.0097659230323191,15,0.06737374
2,0.000610370189519944,0,0.06734094
2,0.000610370189519944,1,0.06750152
2,0.000610370189519944,2,0.06718366
2,0.000610370189519944,3,0.06726481
2,0.000610370189519944,4,0.06728026
2,0.000610370189519944,5,0.0672141
2,0.000610370189519944,6,0.06722926
2,0.000610370189519944,7,0.06716889
2,0.000610370189519944,8,0.06726472
2,0.000610370189519944,9,0.06737574
2,0.000610370189519944,10,0.06713659
2,0.000610370189519944,11,0.06712861
2,0.000610370189519944,12,0.06729965
2,0.000610370189519944,13,0.06709945
2,0.000610370189519944,14,0.06716388
2,0.000610370189519944,15,0.06727231
3,0.010376293221839,0,0.06734683
3,0.010376293221839,1,0.06740882
3,0.010376293221839,2,0.06729865
3,0.010376293221839,3,0.06711914
3,0.010376293221839,4,0.06721645
3,0.010376293221839,5,0.06713769
3,0.010376293221839,6,0.06717793
3,0.010376293221839,7,0.0670702
3,0.010376293221839,8,0.06707087
3,0.010376293221839,9,0.06693523
3,0.010376293221839,10,0.06708975
3,0.010376293221839,11,0.06701481
3,0.010376293221839,12,0.0673062
3,0.010376293221839,13,0.06714185
3,0.010376293221839,14,0.06733182
3,0.010376293221839,15,0.06741297
4,0.021362956633198,0,0.0670258
4,0.021362956633198,1,0.06736442
4,0.021362956633198,2,0.06734296
4,0.021362956633198,3,0.06707661
4,0.021362956633198,4,0.06722926
4,0.021362956633198,5,0.06711613
4,0.021362956633198,6,0.0669394
4,0.021362956633198,7,0.06704354
4,0.021362956633198,8,0.0673667
4,0.021362956633198,9,0.06730271
4,0.021362956633198,10,0.06686546
4,0.021362956633198,11,0.0668398
4,0.021362956633198,12,0.06703699
4,0.021362956633198,13,0.06707527
4,0.021362956633198,14,0.06705806
4,0.021362956633198,15,0.06723179
5,0.0305185094759972,0,0.06700702
5,0.0305185094759972,1,0.06692559
5,0.0305185094759972,2,0.06690073
5,0.0305185094759972,3,0.06703714
5,0.0305185094759972,4,0.06686828
5,0.0305185094759972,5,0.06708526
5,0.0305185094759972,6,0.06703015
5,0.0305185094759972,7,0.06692143
5,0.0305185094759972,8,0.06708922
5,0.0305185094759972,9,0.06721803
5,0.0305185094759972,10,0.06691316
5,0.0305185094759972,11,0.06697509
5,0.0305185094759972,12,0.06726496
5,0.0305185094759972,13,0.06709605
5,0.0305185094759972,14,0.06732216
5,0.0305185094759972,15,0.06709721
6,0.0408948026978362,0,0.06705486
6,0.0408948026978362,1,0.06731376
6,0.0408948026978362,2,0.06721004
6,0.0408948026978362,3,0.06695484
6,0.0408948026978362,4,0.0669676
6,0.0408948026978362,5,0.06751338
6,0.0408948026978362,6,0.06723451
6,0.0408948026978362,7,0.06721435
6,0.0408948026978362,8,0.06718405
6,0.0408948026978362,9,0.06736733
6,0.0408948026978362,10,0.06721617
6,0.0408948026978362,11,0.06737153
6,0.0408948026978362,12,0.06714872
6,0.0408948026978362,13,0.06718342
6,0.0408948026978362,14,0.06716598
6,0.0408948026978362,15,0.06712201
7,0.0506607257301553,0,0.06687187
7,0.0506607257301553,1,0.06707116
7,0.0506607257301553,2,0.06712086
7,0.0506607257301553,3,0.06718171
7,0.0506607257301553,4,0.06737058
7,0.0506607257301553,5,0.06703106
7,0.0506607257301553,6,0.06702624
7,0.0506607257301553,7,0.06709195
7,0.0506607257301553,8,0.06686532
7,0.0506607257301553,9,0.06731213
7,0.0506607257301553,10,0.06722467
7,0.0506607257301553,11,0.06699698
7,0.0506607257301553,12,0.06695211
7,0.0506607257301553,13,0.06712645
7,0.0506607257301553,14,0.06688778
7,0.0506607257301553,15,0.06715857
8,0.0604266487624744,0,0.06737158
8,0.0604266487624744,1,0.06729507
8,0.0604266487624744,2,0.06735887
8,0.0604266487624744,3,0.06764004
8,0.0604266487624744,4,0.06740241
8,0.0604266487624744,5,0.06722859
8,0.0604266487624744,6,0.06694021
8,0.0604266487624744,7,0.0668548
8,0.0604266487624744,8,0.06712554
8,0.0604266487624744,9,0.0672381
8,0.0604266487624744,10,0.0670639
8,0.0604266487624744,11,0.0672141
8,0.0604266487624744,12,0.06699841
8,0.0604266487624744,13,0.06715131
8,0.0604266487624744,14,0.06715719
8,0.0604266487624744,15,0.06718027
9,0.0701925717947936,0,0.06705434
9,0.0701925717947936,1,0.06696052
9,0.0701925717947936,2,0.06664676
9,0.0701925717947936,3,0.06681088
9,0.0701925717947936,4,0.06671411
9,0.0701925717947936,5,0.06685972
9,0.0701925717947936,6,0.06683306
9,0.0701925717947936,7,0.0668551
9,0.0701925717947936,8,0.06718042
9,0.0701925717947936,9,0.06705046
9,0.0701925717947936,10,0.06720048
9,0.0701925717947936,11,0.06722157
9,0.0701925717947936,12,0.0672792
9,0.0701925717947936,13,0.06725711
9,0.0701925717947936,14,0.06720015
9,0.0701925717947936,15,0.06721812
10,0.0811792352061525,0,0.06709161
10,0.0811792352061525,1,0.06679836
10,0.0811792352061525,2,0.06690178
10,0.0811792352061525,3,0.06692491
10,0.0811792352061525,4,0.06668031
10,0.0811792352061525,5,0.06710199
10,0.0811792352061525,6,0.06712478
10,0.0811792352061525,7,0.06705085
10,0.0811792352061525,8,0.06687807
10,0.0811792352061525,9,0.0669381
10,0.0811792352061525,10,0.0671319
10,0.0811792352061525,11,0.06696181
10,0.0811792352061525,12,0.06685796
10,0.0811792352061525,13,0.06723318
10,0.0811792352061525,14,0.06736867
10,0.0811792352061525,15,0.06710093
11,0.0897244178594318,0,0.06722816
11,0.0897244178594318,1,0.06718548
11,0.0897244178594318,2,0.06723212
11,0.0897244178594318,3,0.06709692
11,0.0897244178594318,4,0.06727873
11,0.0897244178594318,5,0.06718395
11,0.0897244178594318,6,0.06771277
11,0.0897244178594318,7,0.06738316
11,0.0897244178594318,8,0.06728948
11,0.0897244178594318,9,0.06735542
11,0.0897244178594318,10,0.06722591
11,0.0897244178594318,11,0.06737091
11,0.0897244178594318,12,0.06728604
11,0.0897244178594318,13,0.06717764
11,0.0897244178594318,14,0.06721449
11,0.0897244178594318,15,0.06697658
12,0.101321451460311,0,0.06709348
12,0.101321451460311,1,0.06694824
12,0.101321451460311,2,0.0671082
12,0.101321451460311,3,0.06693251
12,0.101321451460311,4,0.06695727
12,0.101321451460311,5,0.06703708
12,0.101321451460311,6,0.06669002
12,0.101321451460311,7,0.06707063
12,0.101321451460311,8,0.06699067
12,0.101321451460311,9,0.06728421
12,0.101321451460311,10,0.06719293
12,0.101321451460311,11,0.06705706
12,0.101321451460311,12,0.06699292
12,0.101321451460311,13,0.0669381
12,0.101321451460311,14,0.06722165
12,0.101321451460311,15,0.06710428
13,0.11047700430311,0,0.0670702
13,0.11047700430311,1,0.0670962
13,0.11047700430311,2,0.06700315
13,0.11047700430311,3,0.0670563
13,0.11047700430311,4,0.06715279
13,0.11047700430311,5,0.06707799
13,0.11047700430311,6,0.06708349
13,0.11047700430311,7,0.06677838
13,0.11047700430311,8,0.06668609
13,0.11047700430311,9,0.0669512
13,0.11047700430311,10,0.06688257
13,0.11047700430311,11,0.06706165
13,0.11047700430311,12,0.06708354
13,0.11047700430311,13,0.06694943
13,0.11047700430311,14,0.06703737
13,0.11047700430311,15,0.06711279
14,0.120242927335429,0,0.06691512
14,0.120242927335429,1,0.06723991
14,0.120242927335429,2,0.06690364
14,0.120242927335429,3,0.06729119
14,0.120242927335429,4,0.06714811
14,0.120242927335429,5,0.06719571
14,0.120242927335429,6,0.06723036
14,0.120242927335429,7,0.06724197
14,0.120242927335429,8,0.06713434
14,0.120242927335429,9,0.0672249
14,0.120242927335429,10,0.06704497
14,0.120242927335429,11,0.06718959
14,0.120242927335429,12,0.06728909
14,0.120242927335429,13,0.06687401
14,0.120242927335429,14,0.06711881
14,0.120242927335429,15,0.06710365
15,0.130008850367748,0,0.06697997
15,0.130008850367748,1,0.06691029
15,0.130008850367748,2,0.06680453
15,0.130008850367748,3,0.06700808
15,0.130008850367748,4,0.06703393
15,0.130008850367748,5,0.06703336
15,0.130008850367748,6,0.06686785
15,0.130008850367748,7,0.06690575
15,0.130008850367748,8,0.06692
15,0.130008850367748,9,0.06679827
15,0.130008850367748,10,0.0670226
15,0.130008850367748,11,0.06685433
15,0.130008850367748,12,0.06690226
15,0.130008850367748,13,0.06673575
15,0.130008850367748,14,0.06698733
15,0.130008850367748,15,0.06715561
16,0.140385143589587,0,0.06724183
16,0.140385143589587,1,0.06678899
16,0.140385143589587,2,0.06688998
16,0.140385143589587,3,0.06708612
16,0.140385143589587,4,0.06717338
16,0.140385143589587,5,0.06682852
16,0.140385143589587,6,0.06699947
16,0.140385143589587,7,0.06677409
16,0.140385143589587,8,0.0671124
16,0.140385143589587,9,0.06702604
16,0.140385143589587,10,0.06691961
16,0.140385143589587,11,0.06717941
16,0.140385143589587,12,0.06722787
16,0.140385143589587,13,0.06726797
16,0.140385143589587,14,0.06698733
16,0.140385143589587,15,0.0670378
17,0.150151066621906,0,0.06731682
17,0.150151066621906,1,0.06708813
17,0.150151066621906,2,0.06757259
17,0.150151066621906,3,0.06732832
17,0.150151066621906,4,0.06735528
17,0.150151066621906,5,0.06724015
17,0.150151066621906,6,0.06727585
17,0.150151066621906,7,0.06721291
17,0.150151066621906,8,0.06681848
17,0.150151066621906,9,0.0670497
17,0.150151066621906,10,0.06701571
17,0.150151066621906,11,0.06713276
17,0.150151066621906,12,0.06685819
17,0.150151066621906,13,0.06689839
17,0.150151066621906,14,0.06715585
17,0.150151066621906,15,0.06725081
18,0.160527359843745,0,0.06689887
18,0.160527359843745,1,0.06704579
18,0.160527359843745,2,0.06689691
18,0.160527359843745,3,0.06709788
18,0.160527359843745,4,0.06697285
18,0.160527359843745,5,0.06702002
18,0.160527359843745,6,0.06696215
18,0.160527359843745,7,0.06701151
18,0.160527359843745,8,0.0671374
18,0.160527359843745,9,0.0671341
18,0.160527359843745,10,0.06705903
18,0.160527359843745,11,0.0672423
18,0.160527359843745,12,0.06739265
18,0.160527359843745,13,0.06713969
18,0.160527359843745,14,0.06727203
18,0.160527359843745,15,0.06728221
19,0.170903653065584,0,0.06705941
19,0.170903653065584,1,0.06716034
19,0.170903653065584,2,0.0671276
19,0.170903653065584,3,0.06709553
19,0.170903653065584,4,0.06720608
19,0.170903653065584,5,0.06739523
19,0.170903653065584,6,0.06714017
19,0.170903653065584,7,0.06707465
19,0.170903653065584,8,0.06732962
19,0.170903653065584,9,0.06738496
19,0.170903653065584,10,0.06736967
19,0.170903653065584,11,0.06705123
19,0.170903653065584,12,0.0672878
19,0.170903653065584,13,0.0671158
19,0.170903653065584,14,0.06716216
19,0.170903653065584,15,0.06713597
20,0.180669576097903,0,0.06709353
20,0.180669576097903,1,0.06698924
20,0.180669576097903,2,0.06684711
20,0.180669576097903,3,0.06682393
20,0.180669576097903,4,0.06700072
20,0.180669576097903,5,0.06723838
20,0.180669576097903,6,0.06692707
20,0.180669576097903,7,0.06700898
20,0.180669576097903,8,0.06717621
20,0.180669576097903,9,0.06696291
20,0.180669576097903,10,0.06691875
20,0.180669576097903,11,0.06725526
20,0.180669576097903,12,0.06705109
20,0.180669576097903,13,0.06688368
20,0.180669576097903,14,0.06738263
20,0.180669576097903,15,0.06743667
21,0.190435499130222,0,0.06743256
21,0.190435499130222,1,0.06764485
21,0.190435499130222,2,0.0672663
21,0.190435499130222,3,0.06764916
21,0.190435499130222,4,0.0675965
21,0.190435499130222,5,0.06756792
21,0.190435499130222,6,0.06779893
21,0.190435499130222,7,0.06765331
21,0.190435499130222,8,0.06741837
21,0.190435499130222,9,0.06742382
21,0.190435499130222,10,0.06735628
21,0.190435499130222,11,0.06739604
21,0.190435499130222,12,0.06750745
21,0.190435499130222,13,0.06749374
21,0.190435499130222,14,0.06732427
21,0.190435499130222,15,0.06737999
22,0.200201422162542,0,0.06735443
22,0.200201422162542,1,0.06733196
22,0.200201422162542,2,0.06726931
22,0.200201422162542,3,0.0676656
22,0.200201422162542,4,0.06776989
22,0.200201422162542,5,0.06747261
22,0.200201422162542,6,0.06779908
22,0.200201422162542,7,0.06734639
22,0.200201422162542,8,0.06774732
22,0.200201422162542,9,0.06768276
22,0.200201422162542,10,0.06773137
22,0.200201422162542,11,0.06721491
22,0.200201422162542,12,0.06741387
22,0.200201422162542,13,0.0672975
22,0.200201422162542,14,0.06730825
22,0.200201422162542,15,0.0676007
23,0.211188085573901,0,0.06708559
23,0.211188085573901,1,0.06722921
23,0.211188085573901,2,0.06723624
23,0.211188085573901,3,0.06748155
23,0.211188085573901,4,0.06746549
23,0.211188085573901,5,0.06738286
23,0.211188085573901,6,0.0674089
23,0.211188085573901,7,0.06753866
23,0.211188085573901,8,0.06702948
23,0.211188085573901,9,0.06729143
23,0.211188085573901,10,0.06709462
23,0.211188085573901,11,0.06750721
23,0.211188085573901,12,0.06750587
23,0.211188085573901,13,0.06771478
23,0.211188085573901,14,0.06754807
23,0.211188085573901,15,0.06707221
24,0.21973326822718,0,0.06713855
24,0.21973326822718,1,0.06724402
24,0.21973326822718,2,0.06742167
24,0.21973326822718,3,0.06705859
24,0.21973326822718,4,0.06720135
24,0.21973326822718,5,0.06691813
24,0.21973326822718,6,0.06714872
24,0.21973326822718,7,0.06701515
24,0.21973326822718,8,0.0669188
24,0.21973326822718,9,0.06695011
24,0.21973326822718,10,0.0670063
24,0.21973326822718,11,0.06731452
24,0.21973326822718,12,0.0670293
24,0.21973326822718,13,0.06719145
24,0.21973326822718,14,0.06720675
24,0.21973326822718,15,0.06708554
25,0.231330301828059,0,0.06739275
25,0.231330301828059,1,0.06748772
25,0.231330301828059,2,0.06722189
25,0.231330301828059,3,0.06731357
25,0.231330301828059,4,0.06732689
25,0.231330301828059,5,0.06719092
25,0.231330301828059,6,0.06721004
25,0.231330301828059,7,0.06742936
25,0.231330301828059,8,0.06724885
25,0.231330301828059,9,0.06726109
25,0.231330301828059,10,0.06733182
25,0.231330301828059,11,0.06731065
25,0.231330301828059,12,0.0674751
25,0.231330301828059,13,0.06751242
25,0.231330301828059,14,0.06748629
25,0.231330301828059,15,0.06733091
26,0.240485854670858,0,0.06778239
26,0.240485854670858,1,0.06772238
26,0.240485854670858,2,0.06787752
26,0.240485854670858,3,0.06757216
26,0.240485854670858,4,0.06765025
26,0.240485854670858,5,0.0676589
26,0.240485854670858,6,0.06751405
26,0.240485854670858,7,0.06761417
26,0.240485854670858,8,0.06763128
26,0.240485854670858,9,0.06768806
26,0.240485854670858,10,0.06768347
26,0.240485854670858,11,0.06769489
26,0.240485854670858,12,0.06751314
26,0.240485854670858,13,0.06707914
26,0.240485854670858,14,0.0675423
26,0.240485854670858,15,0.0671427
27,0.250251777703177,0,0.06730716
27,0.250251777703177,1,0.06746129
27,0.250251777703177,2,0.06765226
27,0.250251777703177,3,0.0674622
27,0.250251777703177,4,0.06758626
27,0.250251777703177,5,0.06727538
27,0.250251777703177,6,0.06741263
27,0.250251777703177,7,0.06746707
27,0.250251777703177,8,0.06737278
27,0.250251777703177,9,0.0675464
27,0.250251777703177,10,0.0674177
27,0.250251777703177,11,0.06725334
27,0.250251777703177,12,0.06746051
27,0.250251777703177,13,0.06733521
27,0.250251777703177,14,0.06779105
27,0.250251777703177,15,0.06750511
28,0.260628070925016,0,0.06776104
28,0.260628070925016,1,0.06771071
28,0.260628070925016,2,0.06758741
28,0.260628070925016,3,0.06772148
28,0.260628070925016,4,0.06746707
28,0.260628070925016,5,0.06770938
28,0.260628070925016,6,0.06768409
28,0.260628070925016,7,0.06791727
28,0.260628070925016,8,0.06772782
28,0.260628070925016,9,0.06777585
28,0.260628070925016,10,0.06762263
28,0.260628070925016,11,0.06764974
28,0.260628070925016,12,0.06772773
28,0.260628070925016,13,0.06770178
28,0.260628070925016,14,0.06768839
28,0.260628070925016,15,0.06759258
29,0.270393993957335,0,0.067972
29,0.270393993957335,1,0.06761465
29,0.270393993957335,2,0.0677425
29,0.270393993957335,3,0.06752604
29,0.270393993957335,4,0.06787749
29,0.270393993957335,5,0.06766244
29,0.270393993957335,6,0.0676082
29,0.270393993957335,7,0.06746831
29,0.270393993957335,8,0.06760533
29,0.270393993957335,9,0.06763754
29,0.270393993957335,10,0.06798159
29,0.270393993957335,11,0.06768543
29,0.270393993957335,12,0.06768567
29,0.270393993957335,13,0.06769819
29,0.270393993957335,14,0.06758105
29,0.270393993957335,15,0.06717989
30,0.280159916989654,0,0.06759635
30,0.280159916989654,1,0.067999
30,0.280159916989654,2,0.06758737
30,0.280159916989654,3,0.0676764
30,0.280159916989654,4,0.06756007
30,0.280159916989654,5,0.06743839
30,0.280159916989654,6,0.0673377
30,0.280159916989654,7,0.06765345
30,0.280159916989654,8,0.06765198
30,0.280159916989654,9,0.06774957
30,0.280159916989654,10,0.0679579
30,0.280159916989654,11,0.0676764
30,0.280159916989654,12,0.06780376
30,0.280159916989654,13,0.06785128
30,0.280159916989654,14,0.06767344
30,0.280159916989654,15,0.06806771
31,0.291146580401013,0,0.06787584
31,0.291146580401013,1,0.06787019
31,0.291146580401013,2,0.06791053
31,0.291146580401013,3,0.0678289
31,0.291146580401013,4,0.06778632
31,0.291146580401013,5,0.06763066
31,0.291146580401013,6,0.06776955
31,0.291146580401013,7,0.06792028
31,0.291146580401013,8,0.06801219
31,0.291146580401013,9,0.06788018
31,0.291146580401013,10,0.06787871
31,0.291146580401013,11,0.06809893
31,0.291146580401013,12,0.06793391
31,0.291146580401013,13,0.06787717
31,0.291146580401013,14,0.0680412
31,0.291146580401013,15,0.06813253
32,0.300302133243812,0,0.06810132
32,0.300302133243812,1,0.06833641
32,0.300302133243812,2,0.06844719
32,0.300302133243812,3,0.06824996
32,0.300302133243812,4,0.06805521
32,0.300302133243812,5,0.06792463
32,0.300302133243812,6,0.06802666
32,0.300302133243812,7,0.06804546
32,0.300302133243812,8,0.06811604
32,0.300302133243812,9,0.06824268
32,0.300302133243812,10,0.06830572
32,0.300302133243812,11,0.06792371
32,0.300302133243812,12,0.06802409
32,0.300302133243812,13,0.06794968
32,0.300302133243812,14,0.06776543
32,0.300302133243812,15,0.06796522
33,0.310678426465651,0,0.0684652
33,0.310678426465651,1,0.06848787
33,0.310678426465651,2,0.06822229
33,0.310678426465651,3,0.06820321
33,0.310678426465651,4,0.06827527
33,0.310678426465651,5,0.0684394
33,0.310678426465651,6,0.06839448
33,0.310678426465651,7,0.06840709
33,0.310678426465651,8,0.06849775
33,0.310678426465651,9,0.06819011
33,0.310678426465651,10,0.06809281
33,0.310678426465651,11,0.06856772
33,0.310678426465651,12,0.06829224
33,0.310678426465651,13,0.06854461
33,0.310678426465651,14,0.06813611
33,0.310678426465651,15,0.06823786
34,0.32105471968749,0,0.06809606
34,0.32105471968749,1,0.06855763
34,0.32105471968749,2,0.06844638
34,0.32105471968749,3,0.06834286
34,0.32105471968749,4,0.06821679
34,0.32105471968749,5,0.06834606
34,0.32105471968749,6,0.0682845
34,0.32105471968749,7,0.06843123
34,0.32105471968749,8,0.06809706
34,0.32105471968749,9,0.06819476
34,0.32105471968749,10,0.06815853
34,0.32105471968749,11,0.06838354
34,0.32105471968749,12,0.06825067
34,0.32105471968749,13,0.06823074
34,0.32105471968749,14,0.06852074
34,0.32105471968749,15,0.06835099
35,0.33082064271981,0,0.06824268
35,0.33082064271981,1,0.06823666
35,0.33082064271981,2,0.06818271
35,0.33082064271981,3,0.06857122
35,0.33082064271981,4,0.06833238
35,0.33082064271981,5,0.06830944
35,0.33082064271981,6,0.0681928
35,0.33082064271981,7,0.06847563
35,0.33082064271981,8,0.06846836
35,0.33082064271981,9,0.06853188
35,0.33082064271981,10,0.06841072
35,0.33082064271981,11,0.06825803
35,0.33082064271981,12,0.06853646
35,0.33082064271981,13,0.06841426
35,0.33082064271981,14,0.06829578
35,0.33082064271981,15,0.06838004
36,0.340586565752129,0,0.06875445
36,0.340586565752129,1,0.0686518
36,0.340586565752129,2,0.06875807
36,0.340586565752129,3,0.06887101
36,0.340586565752129,4,0.06880558
36,0.340586565752129,5,0.06891679
36,0.340586565752129,6,0.06907073
36,0.340586565752129,7,0.06887589
36,0.340586565752129,8,0.06884392
36,0.340586565752129,9,0.06868318
36,0.340586565752129,10,0.06897172
36,0.340586565752129,11,0.06869548
36,0.340586565752129,12,0.06871927
36,0.340586565752129,13,0.06899913
36,0.340586565752129,14,0.06902095
36,0.340586565752129,15,0.06892411
37,0.350962858973968,0,0.06888211
37,0.350962858973968,1,0.06893444
37,0.350962858973968,2,0.06881075
37,0.350962858973968,3,0.06887373
37,0.350962858973968,4,0.06909808
37,0.350962858973968,5,0.06856108
37,0.350962858973968,6,0.0687166
37,0.350962858973968,7,0.0688788
37,0.350962858973968,8,0.06881025
37,0.350962858973968,9,0.06843859
37,0.350962858973968,10,0.06866125
37,0.350962858973968,11,0.06895676
37,0.350962858973968,12,0.06901138
37,0.350962858973968,13,0.06882223
37,0.350962858973968,14,0.06892602
37,0.350962858973968,15,0.06892401
38,0.360728782006287,0,0.06862693
38,0.360728782006287,1,0.06873844
38,0.360728782006287,2,0.06891719
38,0.360728782006287,3,0.0688961
38,0.360728782006287,4,0.06873242
38,0.360728782006287,5,0.06875349
38,0.360728782006287,6,0.06874446
38,0.360728782006287,7,0.06899045
38,0.360728782006287,8,0.06883232
38,0.360728782006287,9,0.06893796
38,0.360728782006287,10,0.06874245
38,0.360728782006287,11,0.06852557
38,0.360728782006287,12,0.06889094
38,0.360728782006287,13,0.0686202
38,0.360728782006287,14,0.0686084
38,0.360728782006287,15,0.06873035
39,0.369884334849086,0,0.06875739
39,0.369884334849086,1,0.06894924
39,0.369884334849086,2,0.0685758
39,0.369884334849086,3,0.06871827
39,0.369884334849086,4,0.06887975
39,0.369884334849086,5,0.06900235
39,0.369884334849086,6,0.06880292
39,0.369884334849086,7,0.06901544
39,0.369884334849086,8,0.06842846
39,0.369884334849086,9,0.06878637
39,0.369884334849086,10,0.06881481
39,0.369884334849086,11,0.06865188
39,0.369884334849086,12,0.06884939
39,0.369884334849086,13,0.06888472
39,0.369884334849086,14,0.06884316
39,0.369884334849086,15,0.06870367
40,0.380870998260445,0,0.06856495
40,0.380870998260445,1,0.06868478
40,0.380870998260445,2,0.06881412
40,0.380870998260445,3,0.06889371
40,0.380870998260445,4,0.06877451
40,0.380870998260445,5,0.06881963
40,0.380870998260445,6,0.06881411
40,0.380870998260445,7,0.06879038
40,0.380870998260445,8,0.0688129
40,0.380870998260445,9,0.0687122
40,0.380870998260445,10,0.06887583
40,0.380870998260445,11,0.06923925
40,0.380870998260445,12,0.06872583
40,0.380870998260445,13,0.06866667
40,0.380870998260445,14,0.06904403
40,0.380870998260445,15,0.0688941
41,0.390636921292764,0,0.06917607
41,0.390636921292764,1,0.06926775
41,0.390636921292764,2,0.06914767
41,0.390636921292764,3,0.06900119
41,0.390636921292764,4,0.06928796
41,0.390636921292764,5,0.06929971
41,0.390636921292764,6,0.06931622
41,0.390636921292764,7,0.06939406
41,0.390636921292764,8,0.06904072
41,0.390636921292764,9,0.06888869
41,0.390636921292764,10,0.06895769
41,0.390636921292764,11,0.06891794
41,0.390636921292764,12,0.06912525
41,0.390636921292764,13,0.06893865
41,0.390636921292764,14,0.06913357
41,0.390636921292764,15,0.06923751
42,0.400402844325083,0,0.06936571
42,0.400402844325083,1,0.06939396
42,0.400402844325083,2,0.06920025
42,0.400402844325083,3,0.06916206
42,0.400402844325083,4,0.06932501
42,0.400402844325083,5,0.06937413
42,0.400402844325083,6,0.06905307
42,0.400402844325083,7,0.06920513
42,0.400402844325083,8,0.06923558
42,0.400402844325083,9,0.06918851
42,0.400402844325083,10,0.0690733
42,0.400402844325083,11,0.06910185
42,0.400402844325083,12,0.06894739
42,0.400402844325083,13,0.06920025
42,0.400402844325083,14,0.06906978
42,0.400402844325083,15,0.06921401
43,0.409558397167882,0,0.06921908
43,0.409558397167882,1,0.0692526
43,0.409558397167882,2,0.06920949
43,0.409558397167882,3,0.06933454
43,0.409558397167882,4,0.06916177
43,0.409558397167882,5,0.06922028
43,0.409558397167882,6,0.06906748
43,0.409558397167882,7,0.0693613
43,0.409558397167882,8,0.0691324
43,0.409558397167882,9,0.06906085
43,0.409558397167882,10,0.06931031
43,0.409558397167882,11,0.06919795
43,0.409558397167882,12,0.06927007
43,0.409558397167882,13,0.06928482
43,0.409558397167882,14,0.06932341
43,0.409558397167882,15,0.06933017
44,0.420545060579241,0,0.06941499
44,0.420545060579241,1,0.06908254
44,0.420545060579241,2,0.06951214
44,0.420545060579241,3,0.06917025
44,0.420545060579241,4,0.06931201
44,0.420545060579241,5,0.06941092
44,0.420545060579241,6,0.06932667
44,0.420545060579241,7,0.06949162
44,0.420545060579241,8,0.06943657
44,0.420545060579241,9,0.06941544
44,0.420545060579241,10,0.06915891
44,0.420545060579241,11,0.06915098
44,0.420545060579241,12,0.06935065
44,0.420545060579241,13,0.06950983
44,0.420545060579241,14,0.06909879
44,0.420545060579241,15,0.06945322
45,0.43031098361156,0,0.06958862
45,0.43031098361156,1,0.06939632
45,0.43031098361156,2,0.06931748
45,0.43031098361156,3,0.06932225
45,0.43031098361156,4,0.06927824
45,0.43031098361156,5,0.0694588
45,0.43031098361156,6,0.06919022
45,0.43031098361156,7,0.06925731
45,0.43031098361156,8,0.06908224
45,0.43031098361156,9,0.06942502
45,0.43031098361156,10,0.06925286
45,0.43031098361156,11,0.0692813
45,0.43031098361156,12,0.06937971
45,0.43031098361156,13,0.06936786
45,0.43031098361156,14,0.06940309
45,0.43031098361156,15,0.06937374
46,0.4406872768334,0,0.06981394
46,0.4406872768334,1,0.06917377
46,0.4406872768334,2,0.06934287
46,0.4406872768334,3,0.06937288
46,0.4406872768334,4,0.06925315
46,0.4406872768334,5,0.06939873
46,0.4406872768334,6,0.06917291
46,0.4406872768334,7,0.06960391
46,0.4406872768334,8,0.06957421
46,0.4406872768334,9,0.06930955
46,0.4406872768334,10,0.06942708
46,0.4406872768334,11,0.06915478
46,0.4406872768334,12,0.06932636
46,0.4406872768334,13,0.0694743
46,0.4406872768334,14,0.06924341
46,0.4406872768334,15,0.06930268
47,0.450453199865719,0,0.06963348
47,0.450453199865719,1,0.06926691
47,0.450453199865719,2,0.06919689
47,0.450453199865719,3,0.06921832
47,0.450453199865719,4,0.06914566
47,0.450453199865719,5,0.06939616
47,0.450453199865719,6,0.06959669
47,0.450453199865719,7,0.06942522
47,0.450453199865719,8,0.06944279
47,0.450453199865719,9,0.06945392
47,0.450453199865719,10,0.06948273
47,0.450453199865719,11,0.06949086
47,0.450453199865719,12,0.06956066
47,0.450453199865719,13,0.06975336
47,0.450453199865719,14,0.06975206
47,0.450453199865719,15,0.06962249
48,0.460219122898038,0,0.06937031
48,0.460219122898038,1,0.06949829
48,0.460219122898038,2,0.06934428
48,0.460219122898038,3,0.06913482
48,0.460219122898038,4,0.0694323
48,0.460219122898038,5,0.06960197
48,0.460219122898038,6,0.06965581
48,0.460219122898038,7,0.06963147
48,0.460219122898038,8,0.06967688
48,0.460219122898038,9,0.06971868
48,0.460219122898038,10,0.06949317
48,0.460219122898038,11,0.06932581
48,0.460219122898038,12,0.06948002
48,0.460219122898038,13,0.06938548
48,0.460219122898038,14,0.0693639
48,0.460219122898038,15,0.06922074
49,0.470595416119877,0,0.06966991
49,0.470595416119877,1,0.06977389
49,0.470595416119877,2,0.0696533
49,0.470595416119877,3,0.06977996
49,0.470595416119877,4,0.06960066
49,0.470595416119877,5,0.06964793
49,0.470595416119877,6,0.06956965
49,0.470595416119877,7,0.06963147
49,0.470595416119877,8,0.06937394
49,0.470595416119877,9,0.0697654
49,0.470595416119877,10,0.0694212
49,0.470595416119877,11,0.06976946
49,0.470595416119877,12,0.06979887
49,0.470595416119877,13,0.06962264
49,0.470595416119877,14,0.06975928
49,0.470595416119877,15,0.07008125
50,0.480361339152196,0,0.06974107
50,0.480361339152196,1,0.06989954
50,0.480361339152196,2,0.06971086
50,0.480361339152196,3,0.06934899
50,0.480361339152196,4,0.06950612
50,0.480361339152196,5,0.06955334
50,0.480361339152196,6,0.06941991
50,0.480361339152196,7,0.06949423
50,0.480361339152196,8,0.06963112
50,0.480361339152196,9,0.06971306
50,0.480361339152196,10,0.06925584
50,0.480361339152196,11,0.06940796
50,0.480361339152196,12,0.06971919
50,0.480361339152196,13,0.06960658
50,0.480361339152196,14,0.06949077
50,0.480361339152196,15,0.06947234
51,0.491348002563555,0,0.06943893
51,0.491348002563555,1,0.06957341
51,0.491348002563555,2,0.06950019
51,0.491348002563555,3,0.0696679
51,0.491348002563555,4,0.06968622
51,0.491348002563555,5,0.06996954
51,0.491348002563555,6,0.06969094
51,0.491348002563555,7,0.06943467
51,0.491348002563555,8,0.06962389
51,0.491348002563555,9,0.06964687
51,0.491348002563555,10,0.06989612
51,0.491348002563555,11,0.06972501
51,0.491348002563555,12,0.0697371
51,0.491348002563555,13,0.06951024
51,0.491348002563555,14,0.06936676
51,0.491348002563555,15,0.06954852
52,0.500503555406354,0,0.06977615
52,0.500503555406354,1,0.06958058
52,0.500503555406354,2,0.06991048
52,0.500503555406354,3,0.06982046
52,0.500503555406354,4,0.0695294
52,0.500503555406354,5,0.06968822
52,0.500503555406354,6,0.06955861
52,0.500503555406354,7,0.06968768
52,0.500503555406354,8,0.06972521
52,0.500503555406354,9,0.06995249
52,0.500503555406354,10,0.07010739
52,0.500503555406354,11,0.0699586
52,0.500503555406354,12,0.07035238
52,0.500503555406354,13,0.06982282
52,0.500503555406354,14,0.0697491
52,0.500503555406354,15,0.06961877
53,0.510879848628193,0,0.06978729
53,0.510879848628193,1,0.06965797
53,0.510879848628193,2,0.06932858
53,0.510879848628193,3,0.06961145
53,0.510879848628193,4,0.06967031
53,0.510879848628193,5,0.06958903
53,0.510879848628193,6,0.06948203
53,0.510879848628193,7,0.06960803
53,0.510879848628193,8,0.06970493
53,0.510879848628193,9,0.06959399
53,0.510879848628193,10,0.06983727
53,0.510879848628193,11,0.06979662
53,0.510879848628193,12,0.06980792
53,0.510879848628193,13,0.06962159
53,0.510879848628193,14,0.06994426
53,0.510879848628193,15,0.069972
54,0.520645771660512,0,0.06951816
54,0.520645771660512,1,0.06968622
54,0.520645771660512,2,0.07001401
54,0.520645771660512,3,0.0698719
54,0.520645771660512,4,0.06982964
54,0.520645771660512,5,0.06974301
54,0.520645771660512,6,0.07000066
54,0.520645771660512,7,0.06985759
54,0.520645771660512,8,0.06988434
54,0.520645771660512,9,0.06984545
54,0.520645771660512,10,0.06975622
54,0.520645771660512,11,0.06946913
54,0.520645771660512,12,0.06965887
54,0.520645771660512,13,0.06966971
54,0.520645771660512,14,0.06955831
54,0.520645771660512,15,0.06949522
55,0.530411694692831,0,0.06948113
55,0.530411694692831,1,0.06927176
55,0.530411694692831,2,0.06969615
55,0.530411694692831,3,0.06969309
55,0.530411694692831,4,0.06943863
55,0.530411694692831,5,0.06936089
55,0.530411694692831,6,0.06939782
55,0.530411694692831,7,0.06960467
55,0.530411694692831,8,0.06936957
55,0.530411694692831,9,0.06954375
55,0.530411694692831,10,0.06980359
55,0.530411694692831,11,0.0697914
55,0.530411694692831,12,0.06973656
55,0.530411694692831,13,0.0696528
55,0.530411694692831,14,0.06952247
55,0.530411694692831,15,0.06955931
56,0.54017761772515,0,0.06953678
56,0.54017761772515,1,0.06940987
56,0.54017761772515,2,0.069446
56,0.54017761772515,3,0.06956738
56,0.54017761772515,4,0.06952157
56,0.54017761772515,5,0.0694872
56,0.54017761772515,6,0.06950175
56,0.54017761772515,7,0.06978863
56,0.54017761772515,8,0.0698461
56,0.54017761772515,9,0.06967538
56,0.54017761772515,10,0.06955726
56,0.54017761772515,11,0.06913447
56,0.54017761772515,12,0.0695555
56,0.54017761772515,13,0.0697217
56,0.54017761772515,14,0.0696265
56,0.54017761772515,15,0.06984454
57,0.550553910946989,0,0.06978086
57,0.550553910946989,1,0.06960291
57,0.550553910946989,2,0.06996372
57,0.550553910946989,3,0.06972235
57,0.550553910946989,4,0.06979708
57,0.550553910946989,5,0.06961331
57,0.550553910946989,6,0.06960523
57,0.550553910946989,7,0.06974337
57,0.550553910946989,8,0.06972325
57,0.550553910946989,9,0.06952193
57,0.550553910946989,10,0.06948745
57,0.550553910946989,11,0.0696287
57,0.550553910946989,12,0.06932973
57,0.550553910946989,13,0.06979386
57,0.550553910946989,14,0.06988253
57,0.550553910946989,15,0.06966183
58,0.560319833979308,0,0.06994787
58,0.560319833979308,1,0.06996062
58,0.560319833979308,2,0.07027163
58,0.560319833979308,3,0.07010017
58,0.560319833979308,4,0.07003824
58,0.560319833979308,5,0.06985351
58,0.560319833979308,6,0.06983952
58,0.560319833979308,7,0.06970519
58,0.560319833979308,8,0.07008486
58,0.560319833979308,9,0.0698462
58,0.560319833979308,10,0.06978086
58,0.560319833979308,11,0.06961823
58,0.560319833979308,12,0.06980846
58,0.560319833979308,13,0.07018267
58,0.560319833979308,14,0.07006785
58,0.560319833979308,15,0.06947239
59,0.571306497390667,0,0.06967805
59,0.571306497390667,1,0.06986547
59,0.571306497390667,2,0.06998967
59,0.571306497390667,3,0.0699036
59,0.571306497390667,4,0.0700241
59,0.571306497390667,5,0.06993311
59,0.571306497390667,6,0.07005701
59,0.571306497390667,7,0.06997868
59,0.571306497390667,8,0.06988308
59,0.571306497390667,9,0.07018021
59,0.571306497390667,10,0.06986963
59,0.571306497390667,11,0.06986236
59,0.571306497390667,12,0.06966253
59,0.571306497390667,13,0.06961687
59,0.571306497390667,14,0.06955449
59,0.571306497390667,15,0.06959554
60,0.580462050233467,0,0.06985798
60,0.580462050233467,1,0.06969118
60,0.580462050233467,2,0.06938347
60,0.580462050233467,3,0.0693084
60,0.580462050233467,4,0.0694182
60,0.580462050233467,5,0.0697229
60,0.580462050233467,6,0.06975607
60,0.580462050233467,7,0.06988062
60,0.580462050233467,8,0.06995364
60,0.580462050233467,9,0.06995058
60,0.580462050233467,10,0.06994862
60,0.580462050233467,11,0.07006619
60,0.580462050233467,12,0.07002579
60,0.580462050233467,13,0.07015356
60,0.580462050233467,14,0.06992162
60,0.580462050233467,15,0.06993181
61,0.590227973265786,0,0.06987043
61,0.590227973265786,1,0.07004341
61,0.590227973265786,2,0.07024575
61,0.590227973265786,3,0.07025563
61,0.590227973265786,4,0.06998636
61,0.590227973265786,5,0.07016992
61,0.590227973265786,6,0.06973696
61,0.590227973265786,7,0.06991535
61,0.590227973265786,8,0.07009345
61,0.590227973265786,9,0.06997888
61,0.590227973265786,10,0.07017148
61,0.590227973265786,11,0.07015577
61,0.590227973265786,12,0.07004627
61,0.590227973265786,13,0.06993446
61,0.590227973265786,14,0.07017855
61,0.590227973265786,15,0.07010262
62,0.600604266487625,0,0.07029251
62,0.600604266487625,1,0.0699968
62,0.600604266487625,2,0.07018201
62,0.600604266487625,3,0.07017584
62,0.600604266487625,4,0.0702199
62,0.600604266487625,5,0.07037401
62,0.600604266487625,6,0.07018764
62,0.600604266487625,7,0.0700831
62,0.600604266487625,8,0.07002294
62,0.600604266487625,9,0.07007287
62,0.600604266487625,10,0.0700534
62,0.600604266487625,11,0.07027394
62,0.600604266487625,12,0.07032313
62,0.600604266487625,13,0.07008185
62,0.600604266487625,14,0.07005762
62,0.600604266487625,15,0.07019692
63,0.610980559709464,0,0.07019476
63,0.610980559709464,1,0.07030521
63,0.610980559709464,2,0.07000095
63,0.610980559709464,3,0.07029603
63,0.610980559709464,4,0.07035037
63,0.610980559709464,5,0.07034756
63,0.610980559709464,6,0.07048044
63,0.610980559709464,7,0.07039865
63,0.610980559709464,8,0.0703018
63,0.610980559709464,9,0.07046875
63,0.610980559709464,10,0.07037376
63,0.610980559709464,11,0.07004522
63,0.610980559709464,12,0.07015612
63,0.610980559709464,13,0.07015843
63,0.610980559709464,14,0.07042028
63,0.610980559709464,15,0.07018783
64,0.621356852931303,0,0.07035986
64,0.621356852931303,1,0.07043187
64,0.621356852931303,2,0.070564
64,0.621356852931303,3,0.07048079
64,0.621356852931303,4,0.07020444
64,0.621356852931303,5,0.07025423
64,0.621356852931303,6,0.07019712
64,0.621356852931303,7,0.07047492
64,0.621356852931303,8,0.07026401
64,0.621356852931303,9,0.07047372
64,0.621356852931303,10,0.07002711
64,0.621356852931303,11,0.07018563
64,0.621356852931303,12,0.07059662
64,0.621356852931303,13,0.07024589
64,0.621356852931303,14,0.07035123
64,0.621356852931303,15,0.07052285
65,0.631122775963622,0,0.07021719
65,0.631122775963622,1,0.07025594
65,0.631122775963622,2,0.07022261
65,0.631122775963622,3,0.07029357
65,0.631122775963622,4,0.07026868
65,0.631122775963622,5,0.07016254
65,0.631122775963622,6,0.07033738
65,0.631122775963622,7,0.0700955
65,0.631122775963622,8,0.07019079
65,0.631122775963622,9,0.07015567
65,0.631122775963622,10,0.07026486
65,0.631122775963622,11,0.0700653
65,0.631122775963622,12,0.0700674
65,0.631122775963622,13,0.07003494
65,0.631122775963622,14,0.07031921
65,0.631122775963622,15,0.07013068
66,0.640888698995941,0,0.07028238
66,0.640888698995941,1,0.07016049
66,0.640888698995941,2,0.07025914
66,0.640888698995941,3,0.07019035
66,0.640888698995941,4,0.07011743
66,0.640888698995941,5,0.07030828
66,0.640888698995941,6,0.07022578
66,0.640888698995941,7,0.07018226
66,0.640888698995941,8,0.07007819
66,0.640888698995941,9,0.06994104
66,0.640888698995941,10,0.07012386
66,0.640888698995941,11,0.07008617
66,0.640888698995941,12,0.06993577
66,0.640888698995941,13,0.07006644
66,0.640888698995941,14,0.06992037
66,0.640888698995941,15,0.06996754
67,0.65065462202826,0,0.0701357
67,0.65065462202826,1,0.07014232
67,0.65065462202826,2,0.06997426
67,0.65065462202826,3,0.07000899
67,0.65065462202826,4,0.07008607
67,0.65065462202826,5,0.0701509
67,0.65065462202826,6,0.07027359
67,0.65065462202826,7,0.07031976
67,0.65065462202826,8,0.07038314
67,0.65065462202826,9,0.07046012
67,0.65065462202826,10,0.06989959
67,0.65065462202826,11,0.07050695
67,0.65065462202826,12,0.07034501
67,0.65065462202826,13,0.07038234
67,0.65065462202826,14,0.07025708
67,0.65065462202826,15,0.07009952
68,0.661030915250099,0,0.07038124
68,0.661030915250099,1,0.07004517
68,0.661030915250099,2,0.07026145
68,0.661030915250099,3,0.07022206
68,0.661030915250099,4,0.07030747
68,0.661030915250099,5,0.07029839
68,0.661030915250099,6,0.07005993
68,0.661030915250099,7,0.07006741
68,0.661030915250099,8,0.0704276
68,0.661030915250099,9,0.07042043
68,0.661030915250099,10,0.07013188
68,0.661030915250099,11,0.06997596
68,0.661030915250099,12,0.06991982
68,0.661030915250099,13,0.07007538
68,0.661030915250099,14,0.07000422
68,0.661030915250099,15,0.07016566
69,0.670186468092898,0,0.07001792
69,0.670186468092898,1,0.07034867
69,0.670186468092898,2,0.07006936
69,0.670186468092898,3,0.07004863
69,0.670186468092898,4,0.0700542
69,0.670186468092898,5,0.07016249
69,0.670186468092898,6,0.07032639
69,0.670186468092898,7,0.07017223
69,0.670186468092898,8,0.07017574
69,0.670186468092898,9,0.07024218
69,0.670186468092898,10,0.07039734
69,0.670186468092898,11,0.07007894
69,0.670186468092898,12,0.07009936
69,0.670186468092898,13,0.07039449
69,0.670186468092898,14,0.07030968
69,0.670186468092898,15,0.06995604
70,0.681173131504257,0,0.07006177
70,0.681173131504257,1,0.07035604
70,0.681173131504257,2,0.07023541
70,0.681173131504257,3,0.07025207
70,0.681173131504257,4,0.07003423
70,0.681173131504257,5,0.07019059
70,0.681173131504257,6,0.07017479
70,0.681173131504257,7,0.06994787
70,0.681173131504257,8,0.07002128
70,0.681173131504257,9,0.0698053
70,0.681173131504257,10,0.06982974
70,0.681173131504257,11,0.0703293
70,0.681173131504257,12,0.07032413
70,0.681173131504257,13,0.07042073
70,0.681173131504257,14,0.0702178
70,0.681173131504257,15,0.07028383
71,0.690328684347056,0,0.07020304
71,0.690328684347056,1,0.07044226
71,0.690328684347056,2,0.0703718
71,0.690328684347056,3,0.0706581
71,0.690328684347056,4,0.07072458
71,0.690328684347056,5,0.07050062
71,0.690328684347056,6,0.07032694
71,0.690328684347056,7,0.07072267
71,0.690328684347056,8,0.0705097
71,0.690328684347056,9,0.0701907
71,0.690328684347056,10,0.07048622
71,0.690328684347056,11,0.07053118
71,0.690328684347056,12,0.07013173
71,0.690328684347056,13,0.07011131
71,0.690328684347056,14,0.07012857
71,0.690328684347056,15,0.0705933
72,0.701315347758416,0,0.07047151
72,0.701315347758416,1,0.07002083
72,0.701315347758416,2,0.07026497
72,0.701315347758416,3,0.07038069
72,0.701315347758416,4,0.07039338
72,0.701315347758416,5,0.07032157
72,0.701315347758416,6,0.07032207
72,0.701315347758416,7,0.07032729
72,0.701315347758416,8,0.07011241
72,0.701315347758416,9,0.07031404
72,0.701315347758416,10,0.07032187
72,0.701315347758416,11,0.07006885
72,0.701315347758416,12,0.07017444
72,0.701315347758416,13,0.07010644
72,0.701315347758416,14,0.07016034
72,0.701315347758416,15,0.07029814
73,0.710470900601215,0,0.07028544
73,0.710470900601215,1,0.07038946
73,0.710470900601215,2,0.07038941
73,0.710470900601215,3,0.07043734
73,0.710470900601215,4,0.0700272
73,0.710470900601215,5,0.07029909
73,0.710470900601215,6,0.07025699
73,0.710470900601215,7,0.07041852
73,0.710470900601215,8,0.07018573
73,0.710470900601215,9,0.07068548
73,0.710470900601215,10,0.07044547
73,0.710470900601215,11,0.07013324
73,0.710470900601215,12,0.07060309
73,0.710470900601215,13,0.07032493
73,0.710470900601215,14,0.0705659
73,0.710470900601215,15,0.070398
74,0.719626453444014,0,0.07050674
74,0.719626453444014,1,0.0703155
74,0.719626453444014,2,0.07076392
74,0.719626453444014,3,0.07035343
74,0.719626453444014,4,0.07060655
74,0.719626453444014,5,0.07052295
74,0.719626453444014,6,0.07042755
74,0.719626453444014,7,0.07052948
74,0.719626453444014,8,0.07068956
74,0.719626453444014,9,0.07060405
74,0.719626453444014,10,0.07035013
74,0.719626453444014,11,0.07034962
74,0.719626453444014,12,0.07061002
74,0.719626453444014,13,0.07058482
74,0.719626453444014,14,0.07056214
74,0.719626453444014,15,0.0704825
75,0.730002746665853,0,0.07051402
75,0.730002746665853,1,0.07059907
75,0.730002746665853,2,0.07051928
75,0.730002746665853,3,0.07073647
75,0.730002746665853,4,0.07064033
75,0.730002746665853,5,0.07046685
75,0.730002746665853,6,0.07064494
75,0.730002746665853,7,0.07044361
75,0.730002746665853,8,0.07033145
75,0.730002746665853,9,0.07068754
75,0.730002746665853,10,0.07051291
75,0.730002746665853,11,0.0703024
75,0.730002746665853,12,0.07055131
75,0.730002746665853,13,0.07046388
75,0.730002746665853,14,0.07052315
75,0.730002746665853,15,0.07054598
76,0.740379039887692,0,0.07046052
76,0.740379039887692,1,0.07020244
76,0.740379039887692,2,0.07032624
76,0.740379039887692,3,0.07015612
76,0.740379039887692,4,0.07038164
76,0.740379039887692,5,0.07048
76,0.740379039887692,6,0.0705637
76,0.740379039887692,7,0.07038319
76,0.740379039887692,8,0.07012215
76,0.740379039887692,9,0.0701768
76,0.740379039887692,10,0.07048356
76,0.740379039887692,11,0.07034912
76,0.740379039887692,12,0.07061343
76,0.740379039887692,13,0.07059195
76,0.740379039887692,14,0.07051066
76,0.740379039887692,15,0.07052601
77,0.750144962920011,0,0.0705223
77,0.750144962920011,1,0.07038435
77,0.750144962920011,2,0.07058146
77,0.750144962920011,3,0.07059667
77,0.750144962920011,4,0.07062101
77,0.750144962920011,5,0.07048561
77,0.750144962920011,6,0.07050925
77,0.750144962920011,7,0.07042364
77,0.750144962920011,8,0.07043287
77,0.750144962920011,9,0.07036653
77,0.750144962920011,10,0.07044949
77,0.750144962920011,11,0.07036749
77,0.750144962920011,12,0.07018663
77,0.750144962920011,13,0.07013851
77,0.750144962920011,14,0.07068765
77,0.750144962920011,15,0.07069226
78,0.76052125614185,0,0.07043919
78,0.76052125614185,1,0.07064249
78,0.76052125614185,2,0.07058267
78,0.76052125614185,3,0.07031745
78,0.76052125614185,4,0.07044186
78,0.76052125614185,5,0.07041311
78,0.76052125614185,6,0.07062045
78,0.76052125614185,7,0.07071771
78,0.76052125614185,8,0.07021163
78,0.76052125614185,9,0.0706889
78,0.76052125614185,10,0.07057027
78,0.76052125614185,11,0.07072248
78,0.76052125614185,12,0.07084201
78,0.76052125614185,13,0.07090312
78,0.76052125614185,14,0.07060415
78,0.76052125614185,15,0.07086424
79,0.770287179174169,0,0.07060745
79,0.770287179174169,1,0.07053042
79,0.770287179174169,2,0.07074245
79,0.770287179174169,3,0.07075344
79,0.770287179174169,4,0.07095863
79,0.770287179174169,5,0.07073437
79,0.770287179174169,6,0.07080463
79,0.770287179174169,7,0.07073351
79,0.770287179174169,8,0.07070716
79,0.770287179174169,9,0.0706596
79,0.770287179174169,10,0.07048029
79,0.770287179174169,11,0.07047518
79,0.770287179174169,12,0.07067651
79,0.770287179174169,13,0.07036538
79,0.770287179174169,14,0.07046278
79,0.770287179174169,15,0.07072353
80,0.780053102206488,0,0.0705091
80,0.780053102206488,1,0.07052611
80,0.780053102206488,2,0.07021222
80,0.780053102206488,3,0.07079653
80,0.780053102206488,4,0.07076763
80,0.780053102206488,5,0.07027149
80,0.780053102206488,6,0.07026587
80,0.780053102206488,7,0.07068198
80,0.780053102206488,8,0.07078089
80,0.780053102206488,9,0.07058834
80,0.780053102206488,10,0.07066251
80,0.780053102206488,11,0.07042088
80,0.780053102206488,12,0.07059732
80,0.780053102206488,13,0.07055558
80,0.780053102206488,14,0.07036719
80,0.780053102206488,15,0.07071685
81,0.790429395428327,0,0.07085726
81,0.790429395428327,1,0.07062501
81,0.790429395428327,2,0.07054327
81,0.790429395428327,3,0.07055797
81,0.790429395428327,4,0.07025904
81,0.790429395428327,5,0.07078701
81,0.790429395428327,6,0.07057102
81,0.790429395428327,7,0.07063229
81,0.790429395428327,8,0.07053891
81,0.790429395428327,9,0.0706317
81,0.790429395428327,10,0.07068012
81,0.790429395428327,11,0.07053469
81,0.790429395428327,12,0.07043237
81,0.790429395428327,13,0.0707025
81,0.790429395428327,14,0.07058633
81,0.790429395428327,15,0.07077
82,0.799584948271126,0,0.07062125
82,0.799584948271126,1,0.07053324
82,0.799584948271126,2,0.07036011
82,0.799584948271126,3,0.07058382
82,0.799584948271126,4,0.07040437
82,0.799584948271126,5,0.07046193
82,0.799584948271126,6,0.07016741
82,0.799584948271126,7,0.07039523
82,0.799584948271126,8,0.07061358
82,0.799584948271126,9,0.07068649
82,0.799584948271126,10,0.07065111
82,0.799584948271126,11,0.07083488
82,0.799584948271126,12,0.07067726
82,0.799584948271126,13,0.07044276
82,0.799584948271126,14,0.07048943
82,0.799584948271126,15,0.07039744
83,0.809961241492966,0,0.07052652
83,0.809961241492966,1,0.07058793
83,0.809961241492966,2,0.07058939
83,0.809961241492966,3,0.07039875
83,0.809961241492966,4,0.07033341
83,0.809961241492966,5,0.0706477
83,0.809961241492966,6,0.07048556
83,0.809961241492966,7,0.07042344
83,0.809961241492966,8,0.07059155
83,0.809961241492966,9,0.07080005
83,0.809961241492966,10,0.07059933
83,0.809961241492966,11,0.07035559
83,0.809961241492966,12,0.07063225
83,0.809961241492966,13,0.07045946
83,0.809961241492966,14,0.07049374
83,0.809961241492966,15,0.070579
84,0.819727164525284,0,0.07047187
84,0.819727164525284,1,0.07075839
84,0.819727164525284,2,0.07051713
84,0.819727164525284,3,0.07052395
84,0.819727164525284,4,0.07053279
84,0.819727164525284,5,0.07063837
84,0.819727164525284,6,0.07046865
84,0.819727164525284,7,0.07053916
84,0.819727164525284,8,0.07052857
84,0.819727164525284,9,0.070564
84,0.819727164525284,10,0.07052551
84,0.819727164525284,11,0.0704824
84,0.819727164525284,12,0.0704966
84,0.819727164525284,13,0.07083739
84,0.819727164525284,14,0.07053876
84,0.819727164525284,15,0.07059567
85,0.829493087557604,0,0.07083066
85,0.829493087557604,1,0.0703708
85,0.829493087557604,2,0.07051443
85,0.829493087557604,3,0.07092631
85,0.829493087557604,4,0.07078183
85,0.829493087557604,5,0.07080723
85,0.829493087557604,6,0.07039338
85,0.829493087557604,7,0.07048245
85,0.829493087557604,8,0.07051713
85,0.829493087557604,9,0.07066456
85,0.829493087557604,10,0.07047261
85,0.829493087557604,11,0.07071138
85,0.829493087557604,12,0.07098045
85,0.829493087557604,13,0.07058287
85,0.829493087557604,14,0.07052255
85,0.829493087557604,15,0.0706194
86,0.839259010589923,0,0.07046875
86,0.839259010589923,1,0.07053755
86,0.839259010589923,2,0.07074746
86,0.839259010589923,3,0.07066778
86,0.839259010589923,4,0.07052701
86,0.839259010589923,5,0.07052495
86,0.839259010589923,6,0.07082394
86,0.839259010589923,7,0.07059602
86,0.839259010589923,8,0.07057358
86,0.839259010589923,9,0.07091307
86,0.839259010589923,10,0.07080954
86,0.839259010589923,11,0.07093418
86,0.839259010589923,12,0.07084291
86,0.839259010589923,13,0.07108759
86,0.839259010589923,14,0.070702
86,0.839259010589923,15,0.07081977
87,0.850245674001282,0,0.07075961
87,0.850245674001282,1,0.07069743
87,0.850245674001282,2,0.07096038
87,0.850245674001282,3,0.07066251
87,0.850245674001282,4,0.07079478
87,0.850245674001282,5,0.07054894
87,0.850245674001282,6,0.07077893
87,0.850245674001282,7,0.07069663
87,0.850245674001282,8,0.07105644
87,0.850245674001282,9,0.07086179
87,0.850245674001282,10,0.07052626
87,0.850245674001282,11,0.07085194
87,0.850245674001282,12,0.07070757
87,0.850245674001282,13,0.07089741
87,0.850245674001282,14,0.07065769
87,0.850245674001282,15,0.07071826
88,0.859401226844081,0,0.07086313
88,0.859401226844081,1,0.07083338
88,0.859401226844081,2,0.0708409
88,0.859401226844081,3,0.07098774
88,0.859401226844081,4,0.07074064
88,0.859401226844081,5,0.07103696
88,0.859401226844081,6,0.07065784
88,0.859401226844081,7,0.07089339
88,0.859401226844081,8,0.07096315
88,0.859401226844081,9,0.07099903
88,0.859401226844081,10,0.07093158
88,0.859401226844081,11,0.07081712
88,0.859401226844081,12,0.0708652
88,0.859401226844081,13,0.07101548
88,0.859401226844081,14,0.07095733
88,0.859401226844081,15,0.07112297
89,0.86977752006592,0,0.07096545
89,0.86977752006592,1,0.07086584
89,0.86977752006592,2,0.07116878
89,0.86977752006592,3,0.07102282
89,0.86977752006592,4,0.07081105
89,0.86977752006592,5,0.07105578
89,0.86977752006592,6,0.07094467
89,0.86977752006592,7,0.0708679
89,0.86977752006592,8,0.07096741
89,0.86977752006592,9,0.07090548
89,0.86977752006592,10,0.07118731
89,0.86977752006592,11,0.07119654
89,0.86977752006592,12,0.07079579
89,0.86977752006592,13,0.07078736
89,0.86977752006592,14,0.07097278
89,0.86977752006592,15,0.07072855
90,0.880153813287759,0,0.07091928
90,0.880153813287759,1,0.07093579
90,0.880153813287759,2,0.07106275
90,0.880153813287759,3,0.0710059
90,0.880153813287759,4,0.07080502
90,0.880153813287759,5,0.07098558
90,0.880153813287759,6,0.07078324
90,0.880153813287759,7,0.07051919
90,0.880153813287759,8,0.07040688
90,0.880153813287759,9,0.07065503
90,0.880153813287759,10,0.0705778
90,0.880153813287759,11,0.07049992
90,0.880153813287759,12,0.07096897
90,0.880153813287759,13,0.07091316
90,0.880153813287759,14,0.07121932
90,0.880153813287759,15,0.07127794
91,0.889919736320078,0,0.07098959
91,0.889919736320078,1,0.07076488
91,0.889919736320078,2,0.0709651
91,0.889919736320078,3,0.07066757
91,0.889919736320078,4,0.07094488
91,0.889919736320078,5,0.07112392
91,0.889919736320078,6,0.07102793
91,0.889919736320078,7,0.0709497
91,0.889919736320078,8,0.07105738
91,0.889919736320078,9,0.07097188
91,0.889919736320078,10,0.07105654
91,0.889919736320078,11,0.07070988
91,0.889919736320078,12,0.07091337
91,0.889919736320078,13,0.07108599
91,0.889919736320078,14,0.07112218
91,0.889919736320078,15,0.07083393
92,0.899685659352397,0,0.07110766
92,0.899685659352397,1,0.07109186
92,0.899685659352397,2,0.07107531
92,0.899685659352397,3,0.07100886
92,0.899685659352397,4,0.07120748
92,0.899685659352397,5,0.07104951
92,0.899685659352397,6,0.07101203
92,0.899685659352397,7,0.07099767
92,0.899685659352397,8,0.07072288
92,0.899685659352397,9,0.07079699
92,0.899685659352397,10,0.07077251
92,0.899685659352397,11,0.07084151
92,0.899685659352397,12,0.07088577
92,0.899685659352397,13,0.07109176
92,0.899685659352397,14,0.07126714
92,0.899685659352397,15,0.07122549
93,0.910061952574236,0,0.07118295
93,0.910061952574236,1,0.07093886
93,0.910061952574236,2,0.07122043
93,0.910061952574236,3,0.07064835
93,0.910061952574236,4,0.0711162
93,0.910061952574236,5,0.07098246
93,0.910061952574236,6,0.07061066
93,0.910061952574236,7,0.07088988
93,0.910061952574236,8,0.0707456
93,0.910061952574236,9,0.07070727
93,0.910061952574236,10,0.07091076
93,0.910061952574236,11,0.07078245
93,0.910061952574236,12,0.07057735
93,0.910061952574236,13,0.0707571
93,0.910061952574236,14,0.07086539
93,0.910061952574236,15,0.07077882
94,0.919827875606555,0,0.07081796
94,0.919827875606555,1,0.07105688
94,0.919827875606555,2,0.07099421
94,0.919827875606555,3,0.07070852
94,0.919827875606555,4,0.07059807
94,0.919827875606555,5,0.07085209
94,0.919827875606555,6,0.0711012
94,0.919827875606555,7,0.07090323
94,0.919827875606555,8,0.07109824
94,0.919827875606555,9,0.07110601
94,0.919827875606555,10,0.07103138
94,0.919827875606555,11,0.07063656
94,0.919827875606555,12,0.07078285
94,0.919827875606555,13,0.070785
94,0.919827875606555,14,0.07082805
94,0.919827875606555,15,0.07085747
95,0.928983428449354,0,0.07122685
95,0.928983428449354,1,0.0710353
95,0.928983428449354,2,0.07106366
95,0.928983428449354,3,0.07118785
95,0.928983428449354,4,0.07125756
95,0.928983428449354,5,0.0709107
95,0.928983428449354,6,0.07083222
95,0.928983428449354,7,0.07083689
95,0.928983428449354,8,0.07095186
95,0.928983428449354,9,0.07081009
95,0.928983428449354,10,0.07079735
95,0.928983428449354,11,0.07071549
95,0.928983428449354,12,0.07067831
95,0.928983428449354,13,0.07084813
95,0.928983428449354,14,0.07066542
95,0.928983428449354,15,0.07066637
96,0.940580462050234,0,0.07105156
96,0.940580462050234,1,0.07116237
96,0.940580462050234,2,0.07088185
96,0.940580462050234,3,0.07103275
96,0.940580462050234,4,0.07104925
96,0.940580462050234,5,0.07114379
96,0.940580462050234,6,0.07097966
96,0.940580462050234,7,0.07053018
96,0.940580462050234,8,0.07086358
96,0.940580462050234,9,0.0709917
96,0.940580462050234,10,0.07095301
96,0.940580462050234,11,0.07097137
96,0.940580462050234,12,0.07068754
96,0.940580462050234,13,0.07120376
96,0.940580462050234,14,0.07117517
96,0.940580462050234,15,0.07134709
97,0.949125644703513,0,0.07110783
97,0.949125644703513,1,0.0710908
97,0.949125644703513,2,0.07119023
97,0.949125644703513,3,0.07112402
97,0.949125644703513,4,0.07102708
97,0.949125644703513,5,0.07132374
97,0.949125644703513,6,0.07109091
97,0.949125644703513,7,0.07113487
97,0.949125644703513,8,0.07105628
97,0.949125644703513,9,0.07114716
97,0.949125644703513,10,0.07138883
97,0.949125644703513,11,0.0712005
97,0.949125644703513,12,0.0709627
97,0.949125644703513,13,0.07096917
97,0.949125644703513,14,0.07082549
97,0.949125644703513,15,0.07108529
98,0.960112308114872,0,0.07113802
98,0.960112308114872,1,0.07092561
98,0.960112308114872,2,0.07084
98,0.960112308114872,3,0.07069267
98,0.960112308114872,4,0.07095833
98,0.960112308114872,5,0.07090132
98,0.960112308114872,6,0.07099015
98,0.960112308114872,7,0.07138036
98,0.960112308114872,8,0.07110065
98,0.960112308114872,9,0.07137609
98,0.960112308114872,10,0.07144393
98,0.960112308114872,11,0.07115267
98,0.960112308114872,12,0.07119253
98,0.960112308114872,13,0.0711178
98,0.960112308114872,14,0.07134704
98,0.960112308114872,15,0.07112613
99,0.969267860957671,0,0.07126729
99,0.969267860957671,1,0.0712807
99,0.969267860957671,2,0.07133646
99,0.969267860957671,3,0.07135291
99,0.969267860957671,4,0.0713646
99,0.969267860957671,5,0.07114827
99,0.969267860957671,6,0.07094166
99,0.969267860957671,7,0.07110009
99,0.969267860957671,8,0.07104941
99,0.969267860957671,9,0.07081751
99,0.969267860957671,10,0.0708682
99,0.969267860957671,11,0.07096911
99,0.969267860957671,12,0.07124297
99,0.969267860957671,13,0.07120848
99,0.969267860957671,14,0.07134045
99,0.969267860957671,15,0.07121566
100,0.97964415417951,0,0.07111198
100,0.97964415417951,1,0.07120506
100,0.97964415417951,2,0.07105076
100,0.97964415417951,3,0.07110722
100,0.97964415417951,4,0.07126675
100,0.97964415417951,5,0.07175034
100,0.97964415417951,6,0.07141031
100,0.97964415417951,7,0.07159278
100,0.97964415417951,8,0.07138191
100,0.97964415417951,9,0.07144519
100,0.97964415417951,10,0.07137278
100,0.97964415417951,11,0.07150602
100,0.97964415417951,12,0.07133293
100,0.97964415417951,13,0.07134503
100,0.97964415417951,14,0.07153235
100,0.97964415417951,15,0.071712
101,0.989410077211829,0,0.07154018
101,0.989410077211829,1,0.07116999
101,0.989410077211829,2,0.07142512
101,0.989410077211829,3,0.07137489
101,0.989410077211829,4,0.0714483
101,0.989410077211829,5,0.07158781
101,0.989410077211829,6,0.07145944
101,0.989410077211829,7,0.07139115
101,0.989410077211829,8,0.0713499
101,0.989410077211829,9,0.07130985
101,0.989410077211829,10,0.07129098
101,0.989410077211829,11,0.07161959
101,0.989410077211829,12,0.0713935
101,0.989410077211829,13,0.07126831
101,0.989410077211829,14,0.07154681
101,0.989410077211829,15,0.07166007
102,0.999176000244148,0,0.07175086
102,0.999176000244148,1,0.07140499
102,0.999176000244148,2,0.07142216
102,0.999176000244148,3,0.07151515
102,0.999176000244148,4,0.07160456
102,0.999176000244148,5,0.07155865
102,0.999176000244148,6,0.07138088
102,0.999176000244148,7,0.07137705
102,0.999176000244148,8,0.07140002
102,0.999176000244148,9,0.07134397
102,0.999176000244148,10,0.07148641
102,0.999176000244148,11,0.07110085
102,0.999176000244148,12,0.07131312
102,0.999176000244148,13,0.07123403
102,0.999176000244148,14,0.07136489
102,0.999176000244148,15,0.07136786
103,1.01016266365551,0,0.07133906
103,1.01016266365551,1,0.07137384
103,1.01016266365551,2,0.07127518
103,1.01016266365551,3,0.07094082
103,1.01016266365551,4,0.07136306
103,1.01016266365551,5,0.07138492
103,1.01016266365551,6,0.07165585
103,1.01016266365551,7,0.07167608
103,1.01016266365551,8,0.07160348
103,1.01016266365551,9,0.07164241
103,1.01016266365551,10,0.0713404
103,1.01016266365551,11,0.07142933
103,1.01016266365551,12,0.07137668
103,1.01016266365551,13,0.0715031
103,1.01016266365551,14,0.07147135
103,1.01016266365551,15,0.07131001
104,1.01931821649831,0,0.07136721
104,1.01931821649831,1,0.07148153
104,1.01931821649831,2,0.07135993
104,1.01931821649831,3,0.07133911
104,1.01931821649831,4,0.07121742
104,1.01931821649831,5,0.07128792
104,1.01931821649831,6,0.0712968
104,1.01931821649831,7,0.07146567
104,1.01931821649831,8,0.07144645
104,1.01931821649831,9,0.07142738
104,1.01931821649831,10,0.0712405
104,1.01931821649831,11,0.07137885
104,1.01931821649831,12,0.07123528
104,1.01931821649831,13,0.07108002
104,1.01931821649831,14,0.07109201
104,1.01931821649831,15,0.0713091
105,1.02908413953063,0,0.07160662
105,1.02908413953063,1,0.07138417
105,1.02908413953063,2,0.0713753
105,1.02908413953063,3,0.07149608
105,1.02908413953063,4,0.07147846
105,1.02908413953063,5,0.07116231
105,1.02908413953063,6,0.07148468
105,1.02908413953063,7,0.07134668
105,1.02908413953063,8,0.07146521
105,1.02908413953063,9,0.07147355
105,1.02908413953063,10,0.07115941
105,1.02908413953063,11,0.07123452
105,1.02908413953063,12,0.07159668
105,1.02908413953063,13,0.07149573
105,1.02908413953063,14,0.07132446
105,1.02908413953063,15,0.07166889
106,1.04007080294198,0,0.07149709
106,1.04007080294198,1,0.07167245
106,1.04007080294198,2,0.07173308
106,1.04007080294198,3,0.07159856
106,1.04007080294198,4,0.07201409
106,1.04007080294198,5,0.07162198
106,1.04007080294198,6,0.07165647
106,1.04007080294198,7,0.07174157
106,1.04007080294198,8,0.07164216
106,1.04007080294198,9,0.07182415
106,1.04007080294198,10,0.07173619
106,1.04007080294198,11,0.07150479
106,1.04007080294198,12,0.07159056
106,1.04007080294198,13,0.07169947
106,1.04007080294198,14,0.07154421
106,1.04007080294198,15,0.07181609
107,1.0498367259743,0,0.07153556
107,1.0498367259743,1,0.07150947
107,1.0498367259743,2,0.07128335
107,1.0498367259743,3,0.07145342
107,1.0498367259743,4,0.07133199
107,1.0498367259743,5,0.07160883
107,1.0498367259743,6,0.07116462
107,1.0498367259743,7,0.07115418
107,1.0498367259743,8,0.07159795
107,1.0498367259743,9,0.07157096
107,1.0498367259743,10,0.07163578
107,1.0498367259743,11,0.07174448
107,1.0498367259743,12,0.07151024
107,1.0498367259743,13,0.0717953
107,1.0498367259743,14,0.0716007
107,1.0498367259743,15,0.07159021
108,1.0589922788171,0,0.07147995
108,1.0589922788171,1,0.07179657
108,1.0589922788171,2,0.07152509
108,1.0589922788171,3,0.07176656
108,1.0589922788171,4,0.07167993
108,1.0589922788171,5,0.07141568
108,1.0589922788171,6,0.07131878
108,1.0589922788171,7,0.07173163
108,1.0589922788171,8,0.07140188
108,1.0589922788171,9,0.07161419
108,1.0589922788171,10,0.07145533
108,1.0589922788171,11,0.07138687
108,1.0589922788171,12,0.07145322
108,1.0589922788171,13,0.07148629
108,1.0589922788171,14,0.07162762
108,1.0589922788171,15,0.07152363
109,1.07058931241798,0,0.07159971
109,1.07058931241798,1,0.07153737
109,1.07058931241798,2,0.07165415
109,1.07058931241798,3,0.07158685
109,1.07058931241798,4,0.07166319
109,1.07058931241798,5,0.07165922
109,1.07058931241798,6,0.0716006
109,1.07058931241798,7,0.07171998
109,1.07058931241798,8,0.07167984
109,1.07058931241798,9,0.07174654
109,1.07058931241798,10,0.07182577
109,1.07058931241798,11,0.07171151
109,1.07058931241798,12,0.07170063
109,1.07058931241798,13,0.07159318
109,1.07058931241798,14,0.07156217
109,1.07058931241798,15,0.07152909
110,1.07974486526078,0,0.07177101
110,1.07974486526078,1,0.07187194
110,1.07974486526078,2,0.07154707
110,1.07974486526078,3,0.07145569
110,1.07974486526078,4,0.07145949
110,1.07974486526078,5,0.07152318
110,1.07974486526078,6,0.07168034
110,1.07974486526078,7,0.07176916
110,1.07974486526078,8,0.07162785
110,1.07974486526078,9,0.07153446
110,1.07974486526078,10,0.07169445
110,1.07974486526078,11,0.07203515
110,1.07974486526078,12,0.07153843
110,1.07974486526078,13,0.07166437
110,1.07974486526078,14,0.07173153
110,1.07974486526078,15,0.07175513
111,1.09012115848262,0,0.07167533
111,1.09012115848262,1,0.07188071
111,1.09012115848262,2,0.07188252
111,1.09012115848262,3,0.07197199
111,1.09012115848262,4,0.07182366
111,1.09012115848262,5,0.07214007
111,1.09012115848262,6,0.07196265
111,1.09012115848262,7,0.0718153
111,1.09012115848262,8,0.07189023
111,1.09012115848262,9,0.07170282
111,1.09012115848262,10,0.07185372
111,1.09012115848262,11,0.07198779
111,1.09012115848262,12,0.07185572
111,1.09012115848262,13,0.0720789
111,1.09012115848262,14,0.07198092
111,1.09012115848262,15,0.07193618
112,1.09988708151494,0,0.0719294
112,1.09988708151494,1,0.07179018
112,1.09988708151494,2,0.0714753
112,1.09988708151494,3,0.07180639
112,1.09988708151494,4,0.07163122
112,1.09988708151494,5,0.07161959
112,1.09988708151494,6,0.07181036
112,1.09988708151494,7,0.07160919
112,1.09988708151494,8,0.07157185
112,1.09988708151494,9,0.07158405
112,1.09988708151494,10,0.07163572
112,1.09988708151494,11,0.07171447
112,1.09988708151494,12,0.07176264
112,1.09988708151494,13,0.07170042
112,1.09988708151494,14,0.07188509
112,1.09988708151494,15,0.07182381
113,1.10965300454726,0,0.07162729
113,1.10965300454726,1,0.07168627
113,1.10965300454726,2,0.0721342
113,1.10965300454726,3,0.07171161
113,1.10965300454726,4,0.07192387
113,1.10965300454726,5,0.07156032
113,1.10965300454726,6,0.07138316
113,1.10965300454726,7,0.07206994
113,1.10965300454726,8,0.07184073
113,1.10965300454726,9,0.07193074
113,1.10965300454726,10,0.07200637
113,1.10965300454726,11,0.07189824
113,1.10965300454726,12,0.07204346
113,1.10965300454726,13,0.07204135
113,1.10965300454726,14,0.07186867
113,1.10965300454726,15,0.07195725
114,1.11941892757958,0,0.07168827
114,1.11941892757958,1,0.0718328
114,1.11941892757958,2,0.07170158
114,1.11941892757958,3,0.07194024
114,1.11941892757958,4,0.07207943
114,1.11941892757958,5,0.0718925
114,1.11941892757958,6,0.07169409
114,1.11941892757958,7,0.07170735
114,1.11941892757958,8,0.07183687
114,1.11941892757958,9,0.07177237
114,1.11941892757958,10,0.07192593
114,1.11941892757958,11,0.07178949
114,1.11941892757958,12,0.07161475
114,1.11941892757958,13,0.07201049
114,1.11941892757958,14,0.07169108
114,1.11941892757958,15,0.07189652
115,1.13040559099094,0,0.07199308
115,1.13040559099094,1,0.07239932
115,1.13040559099094,2,0.072065
115,1.13040559099094,3,0.07208626
115,1.13040559099094,4,0.07201003
115,1.13040559099094,5,0.07197897
115,1.13040559099094,6,0.07165851
115,1.13040559099094,7,0.07182842
115,1.13040559099094,8,0.07180137
115,1.13040559099094,9,0.071945
115,1.13040559099094,10,0.07183059
115,1.13040559099094,11,0.07205761
115,1.13040559099094,12,0.07197236
115,1.13040559099094,13,0.07206664
115,1.13040559099094,14,0.07207393
115,1.13040559099094,15,0.07184322
116,1.13956114383374,0,0.07146843
116,1.13956114383374,1,0.07160511
116,1.13956114383374,2,0.07188784
116,1.13956114383374,3,0.07169249
116,1.13956114383374,4,0.07168802
116,1.13956114383374,5,0.07156578
116,1.13956114383374,6,0.0716683
116,1.13956114383374,7,0.07188689
116,1.13956114383374,8,0.07204235
116,1.13956114383374,9,0.07188815
116,1.13956114383374,10,0.07181156
116,1.13956114383374,11,0.07193257
116,1.13956114383374,12,0.07167237
116,1.13956114383374,13,0.0717112
116,1.13956114383374,14,0.07148598
116,1.13956114383374,15,0.07168636
117,1.15054780724509,0,0.07148724
117,1.15054780724509,1,0.07153101
117,1.15054780724509,2,0.0717111
117,1.15054780724509,3,0.07185572
117,1.15054780724509,4,0.07175487
117,1.15054780724509,5,0.07183951
117,1.15054780724509,6,0.07161576
117,1.15054780724509,7,0.07151585
117,1.15054780724509,8,0.0716514
117,1.15054780724509,9,0.0715859
117,1.15054780724509,10,0.07144815
117,1.15054780724509,11,0.07158917
117,1.15054780724509,12,0.07185858
117,1.15054780724509,13,0.07175953
117,1.15054780724509,14,0.0716997
117,1.15054780724509,15,0.07162875
118,1.16031373027741,0,0.07162875
118,1.16031373027741,1,0.07161576
118,1.16031373027741,2,0.07152483
118,1.16031373027741,3,0.07152643
118,1.16031373027741,4,0.07178303
118,1.16031373027741,5,0.07152453
118,1.16031373027741,6,0.07153583
118,1.16031373027741,7,0.07179666
118,1.16031373027741,8,0.07157671
118,1.16031373027741,9,0.07161645
118,1.16031373027741,10,0.07173604
118,1.16031373027741,11,0.07165822
118,1.16031373027741,12,0.07171638
118,1.16031373027741,13,0.07174602
118,1.16031373027741,14,0.07170539
118,1.16031373027741,15,0.07177088
119,1.17130039368877,0,0.07166678
119,1.17130039368877,1,0.07137709
119,1.17130039368877,2,0.07153451
119,1.17130039368877,3,0.07143917
119,1.17130039368877,4,0.07170454
119,1.17130039368877,5,0.07159895
119,1.17130039368877,6,0.07148824
119,1.17130039368877,7,0.07149347
119,1.17130039368877,8,0.07147571
119,1.17130039368877,9,0.07152779
119,1.17130039368877,10,0.07153652
119,1.17130039368877,11,0.07154641
119,1.17130039368877,12,0.07163207
119,1.17130039368877,13,0.07162289
119,1.17130039368877,14,0.07175019
119,1.17130039368877,15,0.07182462
120,1.17984557634205,0,0.07146676
120,1.17984557634205,1,0.07177137
120,1.17984557634205,2,0.07146982
120,1.17984557634205,3,0.07191685
120,1.17984557634205,4,0.07165099
120,1.17984557634205,5,0.07182657
120,1.17984557634205,6,0.07175963
120,1.17984557634205,7,0.0717951
120,1.17984557634205,8,0.07191229
120,1.17984557634205,9,0.07185737
120,1.17984557634205,10,0.07168712
120,1.17984557634205,11,0.07196634
120,1.17984557634205,12,0.07161691
120,1.17984557634205,13,0.07144243
120,1.17984557634205,14,0.07142419
120,1.17984557634205,15,0.07159257
121,1.19083223975341,0,0.07166877
121,1.19083223975341,1,0.07167824
121,1.19083223975341,2,0.07168668
121,1.19083223975341,3,0.071683
121,1.19083223975341,4,0.07194711
121,1.19083223975341,5,0.07178795
121,1.19083223975341,6,0.0719303
121,1.19083223975341,7,0.07179234
121,1.19083223975341,8,0.0720666
121,1.19083223975341,9,0.07207859
121,1.19083223975341,10,0.07184538
121,1.19083223975341,11,0.07195995
121,1.19083223975341,12,0.07193025
121,1.19083223975341,13,0.07179742
121,1.19083223975341,14,0.0715972
121,1.19083223975341,15,0.07165626
122,1.20120853297525,0,0.07205995
122,1.20120853297525,1,0.07164296
122,1.20120853297525,2,0.07181965
122,1.20120853297525,3,0.07175603
122,1.20120853297525,4,0.07184248
122,1.20120853297525,5,0.07181543
122,1.20120853297525,6,0.07181434
122,1.20120853297525,7,0.07182266
122,1.20120853297525,8,0.07164136
122,1.20120853297525,9,0.07157698
122,1.20120853297525,10,0.07158199
122,1.20120853297525,11,0.07125215
122,1.20120853297525,12,0.07176059
122,1.20120853297525,13,0.07175611
122,1.20120853297525,14,0.07222687
122,1.20120853297525,15,0.07154259
123,1.21036408581805,0,0.07179239
123,1.21036408581805,1,0.07201456
123,1.21036408581805,2,0.07205404
123,1.21036408581805,3,0.07200849
123,1.21036408581805,4,0.07168346
123,1.21036408581805,5,0.07181595
123,1.21036408581805,6,0.07167085
123,1.21036408581805,7,0.07171473
123,1.21036408581805,8,0.07177268
123,1.21036408581805,9,0.07173092
123,1.21036408581805,10,0.07180575
123,1.21036408581805,11,0.07206062
123,1.21036408581805,12,0.07189392
123,1.21036408581805,13,0.07192127
123,1.21036408581805,14,0.07196059
123,1.21036408581805,15,0.07217705
124,1.22135074922941,0,0.07191574
124,1.22135074922941,1,0.07224349
124,1.22135074922941,2,0.07187726
124,1.22135074922941,3,0.07212345
124,1.22135074922941,4,0.07212663
124,1.22135074922941,5,0.07197547
124,1.22135074922941,6,0.07231016
124,1.22135074922941,7,0.07210308
124,1.22135074922941,8,0.07200442
124,1.22135074922941,9,0.07225579
124,1.22135074922941,10,0.07209454
124,1.22135074922941,11,0.0721491
124,1.22135074922941,12,0.07219606
124,1.22135074922941,13,0.07203919
124,1.22135074922941,14,0.07194152
124,1.22135074922941,15,0.07230399
125,1.23111667226173,0,0.07205211
125,1.23111667226173,1,0.07178403
125,1.23111667226173,2,0.07189281
125,1.23111667226173,3,0.07175922
125,1.23111667226173,4,0.07173534
125,1.23111667226173,5,0.0716245
125,1.23111667226173,6,0.07186244
125,1.23111667226173,7,0.07186144
125,1.23111667226173,8,0.07160999
125,1.23111667226173,9,0.07193391
125,1.23111667226173,10,0.07177649
125,1.23111667226173,11,0.0718687
125,1.23111667226173,12,0.07190712
125,1.23111667226173,13,0.07190053
125,1.23111667226173,14,0.07180209
125,1.23111667226173,15,0.07190045
126,1.24088259529405,0,0.07169775
126,1.24088259529405,1,0.07159452
126,1.24088259529405,2,0.07178619
126,1.24088259529405,3,0.07214323
126,1.24088259529405,4,0.07195161
126,1.24088259529405,5,0.07165289
126,1.24088259529405,6,0.07185788
126,1.24088259529405,7,0.07170222
126,1.24088259529405,8,0.07187595
126,1.24088259529405,9,0.07212506
126,1.24088259529405,10,0.0720677
126,1.24088259529405,11,0.07204508
126,1.24088259529405,12,0.07177479
126,1.24088259529405,13,0.07153006
126,1.24088259529405,14,0.07162891
126,1.24088259529405,15,0.07152236
127,1.25064851832636,0,0.0716831
127,1.25064851832636,1,0.07174844
127,1.25064851832636,2,0.0716829
127,1.25064851832636,3,0.07164834
127,1.25064851832636,4,0.07205285
127,1.25064851832636,5,0.07179149
127,1.25064851832636,6,0.07199217
127,1.25064851832636,7,0.07202333
127,1.25064851832636,8,0.07181126
127,1.25064851832636,9,0.07188404
127,1.25064851832636,10,0.0718731
127,1.25064851832636,11,0.07173228
127,1.25064851832636,12,0.07146325
127,1.25064851832636,13,0.07171833
127,1.25064851832636,14,0.07164857
127,1.25064851832636,15,0.07173704
128,1.2610248115482,0,0.07208018
128,1.2610248115482,1,0.07192995
128,1.2610248115482,2,0.07179044
128,1.2610248115482,3,0.07169335
128,1.2610248115482,4,0.07204737
128,1.2610248115482,5,0.07149222
128,1.2610248115482,6,0.07141186
128,1.2610248115482,7,0.07165363
128,1.2610248115482,8,0.07152653
128,1.2610248115482,9,0.07169023
128,1.2610248115482,10,0.07171301
128,1.2610248115482,11,0.07188632
128,1.2610248115482,12,0.07190146
128,1.2610248115482,13,0.07176776
128,1.2610248115482,14,0.07188799
128,1.2610248115482,15,0.07212246
129,1.270180364391,0,0.07184479
129,1.270180364391,1,0.07203031
129,1.270180364391,2,0.07213854
129,1.270180364391,3,0.07192829
129,1.270180364391,4,0.07228464
129,1.270180364391,5,0.07204922
129,1.270180364391,6,0.0719424
129,1.270180364391,7,0.07211727
129,1.270180364391,8,0.0718905
129,1.270180364391,9,0.07207537
129,1.270180364391,10,0.07195424
129,1.270180364391,11,0.07173349
129,1.270180364391,12,0.07209755
129,1.270180364391,13,0.07181051
129,1.270180364391,14,0.07182185
129,1.270180364391,15,0.0718469
130,1.28116702780236,0,0.07198133
130,1.28116702780236,1,0.07198746
130,1.28116702780236,2,0.07180098
130,1.28116702780236,3,0.07189039
130,1.28116702780236,4,0.07218582
130,1.28116702780236,5,0.07208054
130,1.28116702780236,6,0.07220229
130,1.28116702780236,7,0.07237756
130,1.28116702780236,8,0.07219722
130,1.28116702780236,9,0.07204591
130,1.28116702780236,10,0.07223484
130,1.28116702780236,11,0.07212596
130,1.28116702780236,12,0.07210869
130,1.28116702780236,13,0.07195222
130,1.28116702780236,14,0.07202148
130,1.28116702780236,15,0.07184257
131,1.29093295083468,0,0.07212359
131,1.29093295083468,1,0.07189744
131,1.29093295083468,2,0.07213353
131,1.29093295083468,3,0.07189999
131,1.29093295083468,4,0.07206368
131,1.29093295083468,5,0.07221012
131,1.29093295083468,6,0.07236832
131,1.29093295083468,7,0.0720836
131,1.29093295083468,8,0.07200465
131,1.29093295083468,9,0.07218909
131,1.29093295083468,10,0.07220066
131,1.29093295083468,11,0.07230245
131,1.29093295083468,12,0.07209328
131,1.29093295083468,13,0.07199197
131,1.29093295083468,14,0.07193507
131,1.29093295083468,15,0.07193612
132,1.30130924405652,0,0.0722352
132,1.30130924405652,1,0.07218654
132,1.30130924405652,2,0.07212429
132,1.30130924405652,3,0.07234333
132,1.30130924405652,4,0.07190174
132,1.30130924405652,5,0.07199786
132,1.30130924405652,6,0.07194469
132,1.30130924405652,7,0.07195193
132,1.30130924405652,8,0.07187264
132,1.30130924405652,9,0.0719432
132,1.30130924405652,10,0.07240324
132,1.30130924405652,11,0.07177829
132,1.30130924405652,12,0.07217578
132,1.30130924405652,13,0.07224841
132,1.30130924405652,14,0.07243483
132,1.30130924405652,15,0.07209761
133,1.31046479689932,0,0.07219114
133,1.31046479689932,1,0.07237108
133,1.31046479689932,2,0.07219552
133,1.31046479689932,3,0.07228469
133,1.31046479689932,4,0.07199418
133,1.31046479689932,5,0.07222653
133,1.31046479689932,6,0.07222844
133,1.31046479689932,7,0.0723577
133,1.31046479689932,8,0.07225206
133,1.31046479689932,9,0.07221804
133,1.31046479689932,10,0.07205942
133,1.31046479689932,11,0.07204161
133,1.31046479689932,12,0.0721248
133,1.31046479689932,13,0.0722193
133,1.31046479689932,14,0.07225829
133,1.31046479689932,15,0.07221462
134,1.32084109012116,0,0.0717971
134,1.32084109012116,1,0.07198662
134,1.32084109012116,2,0.07203664
134,1.32084109012116,3,0.07196955
134,1.32084109012116,4,0.07228307
134,1.32084109012116,5,0.07218044
134,1.32084109012116,6,0.07217658
134,1.32084109012116,7,0.07227028
134,1.32084109012116,8,0.072152
134,1.32084109012116,9,0.07206278
134,1.32084109012116,10,0.07217985
134,1.32084109012116,11,0.07202186
134,1.32084109012116,12,0.0719422
134,1.32084109012116,13,0.07203844
134,1.32084109012116,14,0.07189754
134,1.32084109012116,15,0.07242839
135,1.33060701315348,0,0.07176579
135,1.33060701315348,1,0.07181208
135,1.33060701315348,2,0.07202107
135,1.33060701315348,3,0.07179824
135,1.33060701315348,4,0.07207336
135,1.33060701315348,5,0.07204685
135,1.33060701315348,6,0.07214566
135,1.33060701315348,7,0.07226896
135,1.33060701315348,8,0.07210848
135,1.33060701315348,9,0.07188993
135,1.33060701315348,10,0.07216595
135,1.33060701315348,11,0.07227684
135,1.33060701315348,12,0.07209297
135,1.33060701315348,13,0.0722656
135,1.33060701315348,14,0.07198968
135,1.33060701315348,15,0.07227916
136,1.3403729361858,0,0.07221186
136,1.3403729361858,1,0.07199464
136,1.3403729361858,2,0.07217678
136,1.3403729361858,3,0.07214122
136,1.3403729361858,4,0.07232156
136,1.3403729361858,5,0.07226948
136,1.3403729361858,6,0.07235903
136,1.3403729361858,7,0.0721518
136,1.3403729361858,8,0.07225616
136,1.3403729361858,9,0.07187446
136,1.3403729361858,10,0.07214133
136,1.3403729361858,11,0.07228253
136,1.3403729361858,12,0.07238473
136,1.3403729361858,13,0.07235342
136,1.3403729361858,14,0.07222337
136,1.3403729361858,15,0.07221855
137,1.35074922940764,0,0.07244569
137,1.35074922940764,1,0.07247492
137,1.35074922940764,2,0.07237687
137,1.35074922940764,3,0.0723857
137,1.35074922940764,4,0.0722445
137,1.35074922940764,5,0.07246483
137,1.35074922940764,6,0.07261092
137,1.35074922940764,7,0.07225554
137,1.35074922940764,8,0.07240191
137,1.35074922940764,9,0.07225906
137,1.35074922940764,10,0.0724951
137,1.35074922940764,11,0.07247575
137,1.35074922940764,12,0.07260218
137,1.35074922940764,13,0.07262857
137,1.35074922940764,14,0.07217499
137,1.35074922940764,15,0.07248115
138,1.36173589281899,0,0.0724121
138,1.36173589281899,1,0.07243598
138,1.36173589281899,2,0.07232162
138,1.36173589281899,3,0.07252664
138,1.36173589281899,4,0.07215106
138,1.36173589281899,5,0.07233737
138,1.36173589281899,6,0.07218122
138,1.36173589281899,7,0.07225492
138,1.36173589281899,8,0.07260428
138,1.36173589281899,9,0.07249515
138,1.36173589281899,10,0.07247623
138,1.36173589281899,11,0.07212725
138,1.36173589281899,12,0.07236537
138,1.36173589281899,13,0.0722902
138,1.36173589281899,14,0.0722885
138,1.36173589281899,15,0.07226295
139,1.37089144566179,0,0.07230219
139,1.37089144566179,1,0.07202596
139,1.37089144566179,2,0.07216965
139,1.37089144566179,3,0.07216922
139,1.37089144566179,4,0.07241885
139,1.37089144566179,5,0.0725934
139,1.37089144566179,6,0.07227229
139,1.37089144566179,7,0.07232691
139,1.37089144566179,8,0.07230435
139,1.37089144566179,9,0.07210944
139,1.37089144566179,10,0.07239334
139,1.37089144566179,11,0.07227743
139,1.37089144566179,12,0.07212524
139,1.37089144566179,13,0.07196417
139,1.37089144566179,14,0.07220038
139,1.37089144566179,15,0.0718339
140,1.38187810907315,0,0.07252245
140,1.38187810907315,1,0.07264241
140,1.38187810907315,2,0.07257814
140,1.38187810907315,3,0.07220399
140,1.38187810907315,4,0.07228053
140,1.38187810907315,5,0.07232584
140,1.38187810907315,6,0.07218487
140,1.38187810907315,7,0.07252587
140,1.38187810907315,8,0.07233655
140,1.38187810907315,9,0.07234967
140,1.38187810907315,10,0.07220273
140,1.38187810907315,11,0.07227931
140,1.38187810907315,12,0.07227504
140,1.38187810907315,13,0.07227571
140,1.38187810907315,14,0.07243969
140,1.38187810907315,15,0.07230984
141,1.39164403210547,0,0.07202133
141,1.39164403210547,1,0.07204583
141,1.39164403210547,2,0.07233933
141,1.39164403210547,3,0.07212686
141,1.39164403210547,4,0.07228766
141,1.39164403210547,5,0.07206436
141,1.39164403210547,6,0.07183696
141,1.39164403210547,7,0.07217092
141,1.39164403210547,8,0.07223657
141,1.39164403210547,9,0.07216716
141,1.39164403210547,10,0.07196718
141,1.39164403210547,11,0.07222416
141,1.39164403210547,12,0.07220023
141,1.39164403210547,13,0.07234931
141,1.39164403210547,14,0.07188118
141,1.39164403210547,15,0.07215476
142,1.40018921475875,0,0.07207737
142,1.40018921475875,1,0.07203923
142,1.40018921475875,2,0.07218999
142,1.40018921475875,3,0.07215174
142,1.40018921475875,4,0.07219179
142,1.40018921475875,5,0.07205175
142,1.40018921475875,6,0.0723428
142,1.40018921475875,7,0.07238363
142,1.40018921475875,8,0.07213327
142,1.40018921475875,9,0.07247888
142,1.40018921475875,10,0.07216274
142,1.40018921475875,11,0.07213303
142,1.40018921475875,12,0.07215126
142,1.40018921475875,13,0.07226446
142,1.40018921475875,14,0.07259556
142,1.40018921475875,15,0.07238001
143,1.41178624835963,0,0.07195234
143,1.41178624835963,1,0.07238147
143,1.41178624835963,2,0.07230019
143,1.41178624835963,3,0.07224709
143,1.41178624835963,4,0.07225903
143,1.41178624835963,5,0.07207009
143,1.41178624835963,6,0.07211829
143,1.41178624835963,7,0.07215586
143,1.41178624835963,8,0.0723436
143,1.41178624835963,9,0.07207573
143,1.41178624835963,10,0.07221101
143,1.41178624835963,11,0.07213206
143,1.41178624835963,12,0.07231159
143,1.41178624835963,13,0.07241274
143,1.41178624835963,14,0.07219712
143,1.41178624835963,15,0.07216358
144,1.42094180120243,0,0.07214905
144,1.42094180120243,1,0.07209986
144,1.42094180120243,2,0.07223531
144,1.42094180120243,3,0.0721416
144,1.42094180120243,4,0.07196168
144,1.42094180120243,5,0.07210452
144,1.42094180120243,6,0.07227825
144,1.42094180120243,7,0.07242193
144,1.42094180120243,8,0.07216035
144,1.42094180120243,9,0.07240456
144,1.42094180120243,10,0.07237672
144,1.42094180120243,11,0.07199799
144,1.42094180120243,12,0.0722257
144,1.42094180120243,13,0.07219542
144,1.42094180120243,14,0.0722781
144,1.42094180120243,15,0.07238423
145,1.43131809442427,0,0.07266386
145,1.43131809442427,1,0.07231249
145,1.43131809442427,2,0.07225152
145,1.43131809442427,3,0.07210527
145,1.43131809442427,4,0.07216765
145,1.43131809442427,5,0.07249103
145,1.43131809442427,6,0.07233588
145,1.43131809442427,7,0.07239388
145,1.43131809442427,8,0.07204703
145,1.43131809442427,9,0.07233289
145,1.43131809442427,10,0.07239707
145,1.43131809442427,11,0.07221001
145,1.43131809442427,12,0.07233462
145,1.43131809442427,13,0.0722324
145,1.43131809442427,14,0.0723437
145,1.43131809442427,15,0.0724585
146,1.44108401745659,0,0.07250665
146,1.44108401745659,1,0.0725363
146,1.44108401745659,2,0.07217043
146,1.44108401745659,3,0.07219686
146,1.44108401745659,4,0.07193618
146,1.44108401745659,5,0.07235675
146,1.44108401745659,6,0.07242172
146,1.44108401745659,7,0.07226194
146,1.44108401745659,8,0.07233346
146,1.44108401745659,9,0.07228397
146,1.44108401745659,10,0.07217352
146,1.44108401745659,11,0.07221101
146,1.44108401745659,12,0.07213926
146,1.44108401745659,13,0.0719152
146,1.44108401745659,14,0.07203849
146,1.44108401745659,15,0.07205105
147,1.45084994048891,0,0.07215592
147,1.45084994048891,1,0.07226722
147,1.45084994048891,2,0.07221855
147,1.45084994048891,3,0.07195977
147,1.45084994048891,4,0.07188699
147,1.45084994048891,5,0.07191762
147,1.45084994048891,6,0.07220494
147,1.45084994048891,7,0.07213881
147,1.45084994048891,8,0.07213213
147,1.45084994048891,9,0.07211796
147,1.45084994048891,10,0.07199963
147,1.45084994048891,11,0.07173534
147,1.45084994048891,12,0.07198229
147,1.45084994048891,13,0.07211672
147,1.45084994048891,14,0.0723597
147,1.45084994048891,15,0.07204717
148,1.46061586352123,0,0.07199538
148,1.46061586352123,1,0.07225306
148,1.46061586352123,2,0.0724178
148,1.46061586352123,3,0.07255848
148,1.46061586352123,4,0.07213283
148,1.46061586352123,5,0.07208852
148,1.46061586352123,6,0.07209712
148,1.46061586352123,7,0.07246985
148,1.46061586352123,8,0.07223765
148,1.46061586352123,9,0.07259577
148,1.46061586352123,10,0.07216008
148,1.46061586352123,11,0.0724409
148,1.46061586352123,12,0.0720669
148,1.46061586352123,13,0.07248141
148,1.46061586352123,14,0.07229859
148,1.46061586352123,15,0.07235443
149,1.47160252693258,0,0.07205671
149,1.47160252693258,1,0.07191664
149,1.47160252693258,2,0.07202274
149,1.47160252693258,3,0.07230327
149,1.47160252693258,4,0.07231094
149,1.47160252693258,5,0.07223371
149,1.47160252693258,6,0.07207885
149,1.47160252693258,7,0.07227514
149,1.47160252693258,8,0.07208515
149,1.47160252693258,9,0.07219084
149,1.47160252693258,10,0.07198303
149,1.47160252693258,11,0.0721359
149,1.47160252693258,12,0.07175948
149,1.47160252693258,13,0.07214156
149,1.47160252693258,14,0.07203802
149,1.47160252693258,15,0.07231264
150,1.48075807977538,0,0.07196381
150,1.48075807977538,1,0.07209048
150,1.48075807977538,2,0.07187273
150,1.48075807977538,3,0.07194109
150,1.48075807977538,4,0.07213209
150,1.48075807977538,5,0.07240441
150,1.48075807977538,6,0.07209217
150,1.48075807977538,7,0.07227682
150,1.48075807977538,8,0.07234421
150,1.48075807977538,9,0.07209781
150,1.48075807977538,10,0.07192266
150,1.48075807977538,11,0.07217589
150,1.48075807977538,12,0.07203335
150,1.48075807977538,13,0.07196412
150,1.48075807977538,14,0.07202464
150,1.48075807977538,15,0.07232373
151,1.4905240028077,0,0.07238459
151,1.4905240028077,1,0.07233809
151,1.4905240028077,2,0.07208129
151,1.4905240028077,3,0.07241074
151,1.4905240028077,4,0.07223801
151,1.4905240028077,5,0.0724289
151,1.4905240028077,6,0.07242595
151,1.4905240028077,7,0.07244694
151,1.4905240028077,8,0.07236262
151,1.4905240028077,9,0.07237566
151,1.4905240028077,10,0.07216623
151,1.4905240028077,11,0.07225101
151,1.4905240028077,12,0.07225901
151,1.4905240028077,13,0.07226521
151,1.4905240028077,14,0.07221191
151,1.4905240028077,15,0.07224329
152,1.50028992584002,0,0.07258128
152,1.50028992584002,1,0.07230314
152,1.50028992584002,2,0.07224187
152,1.50028992584002,3,0.07234787
152,1.50028992584002,4,0.07241496
152,1.50028992584002,5,0.07260434
152,1.50028992584002,6,0.07232839
152,1.50028992584002,7,0.07243593
152,1.50028992584002,8,0.07249108
152,1.50028992584002,9,0.07252409
152,1.50028992584002,10,0.07253048
152,1.50028992584002,11,0.07260163
152,1.50028992584002,12,0.07231817
152,1.50028992584002,13,0.07205048
152,1.50028992584002,14,0.07250518
152,1.50028992584002,15,0.07263771
153,1.51127658925138,0,0.07250755
153,1.51127658925138,1,0.07251211
153,1.51127658925138,2,0.07230441
153,1.51127658925138,3,0.07234339
153,1.51127658925138,4,0.07234208
153,1.51127658925138,5,0.07248871
153,1.51127658925138,6,0.07268262
153,1.51127658925138,7,0.07266957
153,1.51127658925138,8,0.07244638
153,1.51127658925138,9,0.07240073
153,1.51127658925138,10,0.0723324
153,1.51127658925138,11,0.07253439
153,1.51127658925138,12,0.07250915
153,1.51127658925138,13,0.07241501
153,1.51127658925138,14,0.07235279
153,1.51127658925138,15,0.07234184
154,1.5210425122837,0,0.07225396
154,1.5210425122837,1,0.0723979
154,1.5210425122837,2,0.07222962
154,1.5210425122837,3,0.07234002
154,1.5210425122837,4,0.0726506
154,1.5210425122837,5,0.07213198
154,1.5210425122837,6,0.07225211
154,1.5210425122837,7,0.07240667
154,1.5210425122837,8,0.07209168
154,1.5210425122837,9,0.07209755
154,1.5210425122837,10,0.07245215
154,1.5210425122837,11,0.07243714
154,1.5210425122837,12,0.07237159
154,1.5210425122837,13,0.07212918
154,1.5210425122837,14,0.07227581
154,1.5210425122837,15,0.07208119
155,1.53080843531602,0,0.07248273
155,1.53080843531602,1,0.0722409
155,1.53080843531602,2,0.07237133
155,1.53080843531602,3,0.0721378
155,1.53080843531602,4,0.07226124
155,1.53080843531602,5,0.07208106
155,1.53080843531602,6,0.07236869
155,1.53080843531602,7,0.07245901
155,1.53080843531602,8,0.07249218
155,1.53080843531602,9,0.07236851
155,1.53080843531602,10,0.07232363
155,1.53080843531602,11,0.07228618
155,1.53080843531602,12,0.07210674
155,1.53080843531602,13,0.07217535
155,1.53080843531602,14,0.07236928
155,1.53080843531602,15,0.07224804
156,1.54179509872738,0,0.07244386
156,1.54179509872738,1,0.07203934
156,1.54179509872738,2,0.07221899
156,1.54179509872738,3,0.07224593
156,1.54179509872738,4,0.07198623
156,1.54179509872738,5,0.07233346
156,1.54179509872738,6,0.07214884
156,1.54179509872738,7,0.07202122
156,1.54179509872738,8,0.07198581
156,1.54179509872738,9,0.07188246
156,1.54179509872738,10,0.07217007
156,1.54179509872738,11,0.07197949
156,1.54179509872738,12,0.07223415
156,1.54179509872738,13,0.07210146
156,1.54179509872738,14,0.07213093
156,1.54179509872738,15,0.07181252
157,1.55095065157018,0,0.07185979
157,1.55095065157018,1,0.07223626
157,1.55095065157018,2,0.07200733
157,1.55095065157018,3,0.07215311
157,1.55095065157018,4,0.07206353
157,1.55095065157018,5,0.0723023
157,1.55095065157018,6,0.07228518
157,1.55095065157018,7,0.07223821
157,1.55095065157018,8,0.07180398
157,1.55095065157018,9,0.07169309
157,1.55095065157018,10,0.07221904
157,1.55095065157018,11,0.07211919
157,1.55095065157018,12,0.07218628
157,1.55095065157018,13,0.07212671
157,1.55095065157018,14,0.07186841
157,1.55095065157018,15,0.07204246
158,1.5607165746025,0,0.0722219
158,1.5607165746025,1,0.07207336
158,1.5607165746025,2,0.07189551
158,1.5607165746025,3,0.0719434
158,1.5607165746025,4,0.07199793
158,1.5607165746025,5,0.07215005
158,1.5607165746025,6,0.07221577
158,1.5607165746025,7,0.07230672
158,1.5607165746025,8,0.0720162
158,1.5607165746025,9,0.07193887
158,1.5607165746025,10,0.07209495
158,1.5607165746025,11,0.07217022
158,1.5607165746025,12,0.07220299
158,1.5607165746025,13,0.07248449
158,1.5607165746025,14,0.07224799
158,1.5607165746025,15,0.07200215
159,1.57109286782434,0,0.07170022
159,1.57109286782434,1,0.07224037
159,1.57109286782434,2,0.07236864
159,1.57109286782434,3,0.07233842
159,1.57109286782434,4,0.07204114
159,1.57109286782434,5,0.07202817
159,1.57109286782434,6,0.0720554
159,1.57109286782434,7,0.07219701
159,1.57109286782434,8,0.07225163
159,1.57109286782434,9,0.07231069
159,1.57109286782434,10,0.07246151
159,1.57109286782434,11,0.07250196
159,1.57109286782434,12,0.07235198
159,1.57109286782434,13,0.07232638
159,1.57109286782434,14,0.07227641
159,1.57109286782434,15,0.07225417
160,1.58085879085665,0,0.07248063
160,1.58085879085665,1,0.07250439
160,1.58085879085665,2,0.07235036
160,1.58085879085665,3,0.07240989
160,1.58085879085665,4,0.07222172
160,1.58085879085665,5,0.07225939
160,1.58085879085665,6,0.07246494
160,1.58085879085665,7,0.07221037
160,1.58085879085665,8,0.07240776
160,1.58085879085665,9,0.07254581
160,1.58085879085665,10,0.07249404
160,1.58085879085665,11,0.07248444
160,1.58085879085665,12,0.07257628
160,1.58085879085665,13,0.07244983
160,1.58085879085665,14,0.07266412
160,1.58085879085665,15,0.07275651
161,1.59062471388897,0,0.0726404
161,1.59062471388897,1,0.07271193
161,1.59062471388897,2,0.07265758
161,1.59062471388897,3,0.0726785
161,1.59062471388897,4,0.07259435
161,1.59062471388897,5,0.07251056
161,1.59062471388897,6,0.07271173
161,1.59062471388897,7,0.0723026
161,1.59062471388897,8,0.07251543
161,1.59062471388897,9,0.07233261
161,1.59062471388897,10,0.07243619
161,1.59062471388897,11,0.07253825
161,1.59062471388897,12,0.07241765
161,1.59062471388897,13,0.07255092
161,1.59062471388897,14,0.07271847
161,1.59062471388897,15,0.072298
162,1.60100100711081,0,0.0724288
162,1.60100100711081,1,0.07267299
162,1.60100100711081,2,0.07276623
162,1.60100100711081,3,0.07262652
162,1.60100100711081,4,0.0725786
162,1.60100100711081,5,0.07251395
162,1.60100100711081,6,0.07249646
162,1.60100100711081,7,0.07248459
162,1.60100100711081,8,0.07227489
162,1.60100100711081,9,0.07231729
162,1.60100100711081,10,0.07254157
162,1.60100100711081,11,0.0723324
162,1.60100100711081,12,0.07254
162,1.60100100711081,13,0.07256265
162,1.60100100711081,14,0.07229004
162,1.60100100711081,15,0.0723156
163,1.61137730033265,0,0.07241903
163,1.61137730033265,1,0.07258764
163,1.61137730033265,2,0.07252631
163,1.61137730033265,3,0.07293432
163,1.61137730033265,4,0.07257438
163,1.61137730033265,5,0.07268213
163,1.61137730033265,6,0.07267585
163,1.61137730033265,7,0.0727478
163,1.61137730033265,8,0.07270125
163,1.61137730033265,9,0.07244502
163,1.61137730033265,10,0.07285799
163,1.61137730033265,11,0.07257132
163,1.61137730033265,12,0.07257016
163,1.61137730033265,13,0.07265874
163,1.61137730033265,14,0.07260063
163,1.61137730033265,15,0.07267775
164,1.62053285317545,0,0.07253773
164,1.62053285317545,1,0.07275604
164,1.62053285317545,2,0.07257101
164,1.62053285317545,3,0.0725683
164,1.62053285317545,4,0.07249203
164,1.62053285317545,5,0.0724288
164,1.62053285317545,6,0.07258146
164,1.62053285317545,7,0.07257194
164,1.62053285317545,8,0.07260122
164,1.62053285317545,9,0.07278883
164,1.62053285317545,10,0.07273406
164,1.62053285317545,11,0.0726103
164,1.62053285317545,12,0.07252726
164,1.62053285317545,13,0.07279439
164,1.62053285317545,14,0.07250593
164,1.62053285317545,15,0.07253408
165,1.63090914639729,0,0.07233747
165,1.63090914639729,1,0.07232859
165,1.63090914639729,2,0.07245278
165,1.63090914639729,3,0.07227895
165,1.63090914639729,4,0.07219822
165,1.63090914639729,5,0.07246146
165,1.63090914639729,6,0.0724233
165,1.63090914639729,7,0.0725355
165,1.63090914639729,8,0.07253475
165,1.63090914639729,9,0.0725636
165,1.63090914639729,10,0.07238127
165,1.63090914639729,11,0.07243393
165,1.63090914639729,12,0.07244602
165,1.63090914639729,13,0.07267881
165,1.63090914639729,14,0.07232638
165,1.63090914639729,15,0.07282624
166,1.64128543961913,0,0.07253418
166,1.64128543961913,1,0.07233801
166,1.64128543961913,2,0.07262815
166,1.64128543961913,3,0.07240587
166,1.64128543961913,4,0.07266085
166,1.64128543961913,5,0.07289027
166,1.64128543961913,6,0.07261352
166,1.64128543961913,7,0.07257513
166,1.64128543961913,8,0.07267676
166,1.64128543961913,9,0.07260058
166,1.64128543961913,10,0.07261337
166,1.64128543961913,11,0.07250292
166,1.64128543961913,12,0.07233065
166,1.64128543961913,13,0.07241892
166,1.64128543961913,14,0.07273781
166,1.64128543961913,15,0.0725784
167,1.65044099246193,0,0.07240652
167,1.65044099246193,1,0.07242955
167,1.65044099246193,2,0.07265024
167,1.65044099246193,3,0.07261363
167,1.65044099246193,4,0.07274279
167,1.65044099246193,5,0.07276945
167,1.65044099246193,6,0.07264886
167,1.65044099246193,7,0.07258267
167,1.65044099246193,8,0.07253609
167,1.65044099246193,9,0.07255822
167,1.65044099246193,10,0.07265958
167,1.65044099246193,11,0.07270987
167,1.65044099246193,12,0.07265858
167,1.65044099246193,13,0.07264405
167,1.65044099246193,14,0.07256434
167,1.65044099246193,15,0.0726414
168,1.66081728568377,0,0.07260735
168,1.66081728568377,1,0.07271577
168,1.66081728568377,2,0.07274834
168,1.66081728568377,3,0.072832
168,1.66081728568377,4,0.07217167
168,1.66081728568377,5,0.07261162
168,1.66081728568377,6,0.07229
168,1.66081728568377,7,0.07274711
168,1.66081728568377,8,0.07259615
168,1.66081728568377,9,0.07222401
168,1.66081728568377,10,0.07235698
168,1.66081728568377,11,0.07222903
168,1.66081728568377,12,0.07215455
168,1.66081728568377,13,0.07229612
168,1.66081728568377,14,0.07226747
168,1.66081728568377,15,0.07229658
169,1.67180394909513,0,0.07248675
169,1.67180394909513,1,0.07225754
169,1.67180394909513,2,0.07263666
169,1.67180394909513,3,0.07250287
169,1.67180394909513,4,0.07257634
169,1.67180394909513,5,0.072454
169,1.67180394909513,6,0.07243688
169,1.67180394909513,7,0.07251997
169,1.67180394909513,8,0.07238933
169,1.67180394909513,9,0.07250016
169,1.67180394909513,10,0.07244432
169,1.67180394909513,11,0.07226863
169,1.67180394909513,12,0.07214974
169,1.67180394909513,13,0.07222386
169,1.67180394909513,14,0.07223464
169,1.67180394909513,15,0.07207853
170,1.68095950193793,0,0.07251221
170,1.68095950193793,1,0.07224091
170,1.68095950193793,2,0.07249986
170,1.68095950193793,3,0.07190295
170,1.68095950193793,4,0.0724655
170,1.68095950193793,5,0.07226387
170,1.68095950193793,6,0.0724725
170,1.68095950193793,7,0.07245595
170,1.68095950193793,8,0.07241601
170,1.68095950193793,9,0.07217123
170,1.68095950193793,10,0.07217879
170,1.68095950193793,11,0.07222352
170,1.68095950193793,12,0.07232363
170,1.68095950193793,13,0.07245294
170,1.68095950193793,14,0.07251298
170,1.68095950193793,15,0.07252499
171,1.69194616534928,0,0.07235252
171,1.69194616534928,1,0.07214858
171,1.69194616534928,2,0.07203639
171,1.69194616534928,3,0.07209225
171,1.69194616534928,4,0.07209655
171,1.69194616534928,5,0.07237947
171,1.69194616534928,6,0.07229135
171,1.69194616534928,7,0.07245109
171,1.69194616534928,8,0.07214931
171,1.69194616534928,9,0.07234117
171,1.69194616534928,10,0.072542
171,1.69194616534928,11,0.07261813
171,1.69194616534928,12,0.07261416
171,1.69194616534928,13,0.07224488
171,1.69194616534928,14,0.07233894
171,1.69194616534928,15,0.07254136
172,1.70110171819208,0,0.07238101
172,1.70110171819208,1,0.07229025
172,1.70110171819208,2,0.07238675
172,1.70110171819208,3,0.0723822
172,1.70110171819208,4,0.07232643
172,1.70110171819208,5,0.07249188
172,1.70110171819208,6,0.0723997
172,1.70110171819208,7,0.07242639
172,1.70110171819208,8,0.07248195
172,1.70110171819208,9,0.07242554
172,1.70110171819208,10,0.07233387
172,1.70110171819208,11,0.07225116
172,1.70110171819208,12,0.07233991
172,1.70110171819208,13,0.07243552
172,1.70110171819208,14,0.0723857
172,1.70110171819208,15,0.07236995
173,1.7108676412244,0,0.07236678
173,1.7108676412244,1,0.07261373
173,1.7108676412244,2,0.0724813
173,1.7108676412244,3,0.07232854
173,1.7108676412244,4,0.07237963
173,1.7108676412244,5,0.07251323
173,1.7108676412244,6,0.07262389
173,1.7108676412244,7,0.07262546
173,1.7108676412244,8,0.07222972
173,1.7108676412244,9,0.07245749
173,1.7108676412244,10,0.07227936
173,1.7108676412244,11,0.07250276
173,1.7108676412244,12,0.07242437
173,1.7108676412244,13,0.07244993
173,1.7108676412244,14,0.07237208
173,1.7108676412244,15,0.07236984
174,1.72124393444624,0,0.07258157
174,1.72124393444624,1,0.07247259
174,1.72124393444624,2,0.07223134
174,1.72124393444624,3,0.07251797
174,1.72124393444624,4,0.07254046
174,1.72124393444624,5,0.07241454
174,1.72124393444624,6,0.07216209
174,1.72124393444624,7,0.07248748
174,1.72124393444624,8,0.07237037
174,1.72124393444624,9,0.07213289
174,1.72124393444624,10,0.07233356
174,1.72124393444624,11,0.07199207
174,1.72124393444624,12,0.07233541
174,1.72124393444624,13,0.072364
174,1.72124393444624,14,0.07259165
174,1.72124393444624,15,0.07231086
175,1.73162022766808,0,0.07259108
175,1.73162022766808,1,0.07235554
175,1.73162022766808,2,0.07244983
175,1.73162022766808,3,0.07229135
175,1.73162022766808,4,0.07216526
175,1.73162022766808,5,0.07245389
175,1.73162022766808,6,0.07258505
175,1.73162022766808,7,0.07214868
175,1.73162022766808,8,0.07248917
175,1.73162022766808,9,0.0723558
175,1.73162022766808,10,0.07229315
175,1.73162022766808,11,0.07239679
175,1.73162022766808,12,0.0721975
175,1.73162022766808,13,0.07215381
175,1.73162022766808,14,0.07250819
175,1.73162022766808,15,0.0721817
176,1.74077578051088,0,0.07280131
176,1.74077578051088,1,0.07243827
176,1.74077578051088,2,0.07219959
176,1.74077578051088,3,0.07243487
176,1.74077578051088,4,0.07223108
176,1.74077578051088,5,0.07242986
176,1.74077578051088,6,0.07255315
176,1.74077578051088,7,0.07257307
176,1.74077578051088,8,0.07266751
176,1.74077578051088,9,0.07236966
176,1.74077578051088,10,0.07249916
176,1.74077578051088,11,0.07253745
176,1.74077578051088,12,0.07238253
176,1.74077578051088,13,0.07237762
176,1.74077578051088,14,0.07224714
176,1.74077578051088,15,0.07230309
177,1.75115207373272,0,0.07222854
177,1.75115207373272,1,0.07241697
177,1.75115207373272,2,0.07253867
177,1.75115207373272,3,0.0723121
177,1.75115207373272,4,0.07241529
177,1.75115207373272,5,0.07231125
177,1.75115207373272,6,0.07207949
177,1.75115207373272,7,0.07242325
177,1.75115207373272,8,0.07250819
177,1.75115207373272,9,0.07249558
177,1.75115207373272,10,0.07255374
177,1.75115207373272,11,0.07263386
177,1.75115207373272,12,0.07267294
177,1.75115207373272,13,0.07247122
177,1.75115207373272,14,0.07265441
177,1.75115207373272,15,0.07241295
178,1.76030762657552,0,0.072322
178,1.76030762657552,1,0.07260856
178,1.76030762657552,2,0.07265721
178,1.76030762657552,3,0.0724005
178,1.76030762657552,4,0.07234629
178,1.76030762657552,5,0.07226521
178,1.76030762657552,6,0.07221909
178,1.76030762657552,7,0.07239795
178,1.76030762657552,8,0.07244264
178,1.76030762657552,9,0.07251607
178,1.76030762657552,10,0.07241148
178,1.76030762657552,11,0.07225818
178,1.76030762657552,12,0.07235008
178,1.76030762657552,13,0.07242399
178,1.76030762657552,14,0.07250709
178,1.76030762657552,15,0.07231217
179,1.77068391979736,0,0.07243122
179,1.77068391979736,1,0.07242152
179,1.77068391979736,2,0.07237989
179,1.77068391979736,3,0.07238454
179,1.77068391979736,4,0.07227398
179,1.77068391979736,5,0.07248706
179,1.77068391979736,6,0.07276037
179,1.77068391979736,7,0.07247852
179,1.77068391979736,8,0.07266736
179,1.77068391979736,9,0.07251522
179,1.77068391979736,10,0.07255168
179,1.77068391979736,11,0.07251807
179,1.77068391979736,12,0.07245685
179,1.77068391979736,13,0.07244401
179,1.77068391979736,14,0.07275715
179,1.77068391979736,15,0.07241897
180,1.78044984282968,0,0.07265431
180,1.78044984282968,1,0.07230788
180,1.78044984282968,2,0.07257289
180,1.78044984282968,3,0.07242723
180,1.78044984282968,4,0.07264649
180,1.78044984282968,5,0.07255442
180,1.78044984282968,6,0.07293252
180,1.78044984282968,7,0.07275414
180,1.78044984282968,8,0.07278541
180,1.78044984282968,9,0.07267485
180,1.78044984282968,10,0.07273434
180,1.78044984282968,11,0.07275899
180,1.78044984282968,12,0.0728031
180,1.78044984282968,13,0.0726243
180,1.78044984282968,14,0.07263998
180,1.78044984282968,15,0.07243361
181,1.79082613605152,0,0.07239383
181,1.79082613605152,1,0.07258158
181,1.79082613605152,2,0.07255858
181,1.79082613605152,3,0.07277945
181,1.79082613605152,4,0.07258426
181,1.79082613605152,5,0.07272704
181,1.79082613605152,6,0.07261643
181,1.79082613605152,7,0.0728834
181,1.79082613605152,8,0.07232533
181,1.79082613605152,9,0.07253704
181,1.79082613605152,10,0.07257032
181,1.79082613605152,11,0.07276338
181,1.79082613605152,12,0.07247904
181,1.79082613605152,13,0.07248781
181,1.79082613605152,14,0.07249324
181,1.79082613605152,15,0.07264195
182,1.80059205908383,0,0.07258051
182,1.80059205908383,1,0.07248691
182,1.80059205908383,2,0.0726629
182,1.80059205908383,3,0.07263555
182,1.80059205908383,4,0.07264405
182,1.80059205908383,5,0.07276255
182,1.80059205908383,6,0.07291314
182,1.80059205908383,7,0.07281034
182,1.80059205908383,8,0.07302358
182,1.80059205908383,9,0.07270163
182,1.80059205908383,10,0.07300446
182,1.80059205908383,11,0.07289349
182,1.80059205908383,12,0.07264274
182,1.80059205908383,13,0.07270344
182,1.80059205908383,14,0.07279492
182,1.80059205908383,15,0.07285424
183,1.81035798211615,0,0.07286078
183,1.81035798211615,1,0.07288319
183,1.81035798211615,2,0.07292476
183,1.81035798211615,3,0.07281294
183,1.81035798211615,4,0.07275487
183,1.81035798211615,5,0.07264996
183,1.81035798211615,6,0.07259355
183,1.81035798211615,7,0.07258468
183,1.81035798211615,8,0.07280522
183,1.81035798211615,9,0.07249821
183,1.81035798211615,10,0.07256483
183,1.81035798211615,11,0.07268753
183,1.81035798211615,12,0.07252384
183,1.81035798211615,13,0.07264721
183,1.81035798211615,14,0.07255176
183,1.81035798211615,15,0.07270099
184,1.82195501571703,0,0.07283046
184,1.82195501571703,1,0.07270364
184,1.82195501571703,2,0.07262022
184,1.82195501571703,3,0.07266831
184,1.82195501571703,4,0.07242605
184,1.82195501571703,5,0.07255241
184,1.82195501571703,6,0.07267258
184,1.82195501571703,7,0.07293352
184,1.82195501571703,8,0.07268933
184,1.82195501571703,9,0.07286928
184,1.82195501571703,10,0.07282038
184,1.82195501571703,11,0.07316848
184,1.82195501571703,12,0.07301984
184,1.82195501571703,13,0.07304007
184,1.82195501571703,14,0.07287241
184,1.82195501571703,15,0.07284426
185,1.83111056855983,0,0.07244404
185,1.83111056855983,1,0.07255943
185,1.83111056855983,2,0.07265742
185,1.83111056855983,3,0.07281582
185,1.83111056855983,4,0.0726636
185,1.83111056855983,5,0.07258822
185,1.83111056855983,6,0.07274595
185,1.83111056855983,7,0.07265599
185,1.83111056855983,8,0.07252636
185,1.83111056855983,9,0.07280697
185,1.83111056855983,10,0.07284494
185,1.83111056855983,11,0.07256138
185,1.83111056855983,12,0.07247036
185,1.83111056855983,13,0.07255065
185,1.83111056855983,14,0.0725671
185,1.83111056855983,15,0.07253905
186,1.84087649159215,0,0.07276073
186,1.84087649159215,1,0.07289792
186,1.84087649159215,2,0.07272593
186,1.84087649159215,3,0.07264232
186,1.84087649159215,4,0.07268336
186,1.84087649159215,5,0.07270639
186,1.84087649159215,6,0.07264147
186,1.84087649159215,7,0.07255235
186,1.84087649159215,8,0.0726804
186,1.84087649159215,9,0.07246619
186,1.84087649159215,10,0.07293162
186,1.84087649159215,11,0.07250264
186,1.84087649159215,12,0.07251158
186,1.84087649159215,13,0.07255024
186,1.84087649159215,14,0.07237366
186,1.84087649159215,15,0.07260359
187,1.85125278481399,0,0.07264253
187,1.85125278481399,1,0.07281652
187,1.85125278481399,2,0.07292159
187,1.85125278481399,3,0.07282735
187,1.85125278481399,4,0.07287236
187,1.85125278481399,5,0.07268409
187,1.85125278481399,6,0.07244481
187,1.85125278481399,7,0.07286677
187,1.85125278481399,8,0.07275482
187,1.85125278481399,9,0.07273048
187,1.85125278481399,10,0.07299954
187,1.85125278481399,11,0.0727899
187,1.85125278481399,12,0.07280692
187,1.85125278481399,13,0.07263604
187,1.85125278481399,14,0.07285604
187,1.85125278481399,15,0.07276381
188,1.86101870784631,0,0.07263555
188,1.86101870784631,1,0.0729323
188,1.86101870784631,2,0.07272381
188,1.86101870784631,3,0.07269999
188,1.86101870784631,4,0.07279397
188,1.86101870784631,5,0.07268373
188,1.86101870784631,6,0.07253715
188,1.86101870784631,7,0.07284431
188,1.86101870784631,8,0.07249609
188,1.86101870784631,9,0.07241797
188,1.86101870784631,10,0.07254723
188,1.86101870784631,11,0.07244453
188,1.86101870784631,12,0.07259507
188,1.86101870784631,13,0.07234818
188,1.86101870784631,14,0.07237672
188,1.86101870784631,15,0.07267416
189,1.87078463087863,0,0.07233752
189,1.87078463087863,1,0.07230262
189,1.87078463087863,2,0.07240145
189,1.87078463087863,3,0.07251437
189,1.87078463087863,4,0.07253328
189,1.87078463087863,5,0.0725679
189,1.87078463087863,6,0.07259001
189,1.87078463087863,7,0.07258949
189,1.87078463087863,8,0.07235844
189,1.87078463087863,9,0.07269598
189,1.87078463087863,10,0.07259925
189,1.87078463087863,11,0.07250407
189,1.87078463087863,12,0.07221133
189,1.87078463087863,13,0.07236943
189,1.87078463087863,14,0.07264785
189,1.87078463087863,15,0.07255732
190,1.88177129428999,0,0.07265013
190,1.88177129428999,1,0.0725719
190,1.88177129428999,2,0.07267881
190,1.88177129428999,3,0.0724876
190,1.88177129428999,4,0.07238845
190,1.88177129428999,5,0.07257207
190,1.88177129428999,6,0.07265926
190,1.88177129428999,7,0.07225391
190,1.88177129428999,8,0.07221307
190,1.88177129428999,9,0.07249103
190,1.88177129428999,10,0.07260846
190,1.88177129428999,11,0.07247708
190,1.88177129428999,12,0.07228444
190,1.88177129428999,13,0.07267168
190,1.88177129428999,14,0.07264469
190,1.88177129428999,15,0.07236668
191,1.89092684713279,0,0.07248215
191,1.89092684713279,1,0.07246033
191,1.89092684713279,2,0.07262933
191,1.89092684713279,3,0.07267855
191,1.89092684713279,4,0.07270802
191,1.89092684713279,5,0.07268853
191,1.89092684713279,6,0.07278515
191,1.89092684713279,7,0.07270323
191,1.89092684713279,8,0.07286798
191,1.89092684713279,9,0.07287844
191,1.89092684713279,10,0.07277078
191,1.89092684713279,11,0.07297452
191,1.89092684713279,12,0.07283723
191,1.89092684713279,13,0.07294326
191,1.89092684713279,14,0.07308205
191,1.89092684713279,15,0.07270745
192,1.90130314035462,0,0.07277047
192,1.90130314035462,1,0.07268579
192,1.90130314035462,2,0.07267717
192,1.90130314035462,3,0.07271495
192,1.90130314035462,4,0.07250629
192,1.90130314035462,5,0.07292359
192,1.90130314035462,6,0.07268864
192,1.90130314035462,7,0.07280259
192,1.90130314035462,8,0.07285751
192,1.90130314035462,9,0.07291989
192,1.90130314035462,10,0.07258025
192,1.90130314035462,11,0.07281926
192,1.90130314035462,12,0.07284377
192,1.90130314035462,13,0.07281736
192,1.90130314035462,14,0.07265367
192,1.90130314035462,15,0.07269567
193,1.91106906338694,0,0.07228824
193,1.91106906338694,1,0.07259852
193,1.91106906338694,2,0.07264072
193,1.91106906338694,3,0.07256583
193,1.91106906338694,4,0.07276233
193,1.91106906338694,5,0.07285769
193,1.91106906338694,6,0.0725541
193,1.91106906338694,7,0.07260285
193,1.91106906338694,8,0.07281853
193,1.91106906338694,9,0.07248706
193,1.91106906338694,10,0.07269598
193,1.91106906338694,11,0.0728199
193,1.91106906338694,12,0.07253218
193,1.91106906338694,13,0.07276417
193,1.91106906338694,14,0.07267881
193,1.91106906338694,15,0.07290246
194,1.92083498641926,0,0.07255051
194,1.92083498641926,1,0.07222887
194,1.92083498641926,2,0.07235448
194,1.92083498641926,3,0.07291219
194,1.92083498641926,4,0.07280681
194,1.92083498641926,5,0.07256429
194,1.92083498641926,6,0.07225575
194,1.92083498641926,7,0.07223096
194,1.92083498641926,8,0.07254301
194,1.92083498641926,9,0.07244211
194,1.92083498641926,10,0.07238697
194,1.92083498641926,11,0.07259345
194,1.92083498641926,12,0.07277063
194,1.92083498641926,13,0.07289749
194,1.92083498641926,14,0.07254126
194,1.92083498641926,15,0.072661
195,1.9312112796411,0,0.07235829
195,1.9312112796411,1,0.0722866
195,1.9312112796411,2,0.0723717
195,1.9312112796411,3,0.07243101
195,1.9312112796411,4,0.07250477
195,1.9312112796411,5,0.07262379
195,1.9312112796411,6,0.07250629
195,1.9312112796411,7,0.07238047
195,1.9312112796411,8,0.07263392
195,1.9312112796411,9,0.07234333
195,1.9312112796411,10,0.07243314
195,1.9312112796411,11,0.07265895
195,1.9312112796411,12,0.07286718
195,1.9312112796411,13,0.07277215
195,1.9312112796411,14,0.07225666
195,1.9312112796411,15,0.07276823
196,1.94158757286294,0,0.07251908
196,1.94158757286294,1,0.07247551
196,1.94158757286294,2,0.07222807
196,1.94158757286294,3,0.07251453
196,1.94158757286294,4,0.07256973
196,1.94158757286294,5,0.07245374
196,1.94158757286294,6,0.07257438
196,1.94158757286294,7,0.0723692
196,1.94158757286294,8,0.07236107
196,1.94158757286294,9,0.0724989
196,1.94158757286294,10,0.0724504
196,1.94158757286294,11,0.0726319
196,1.94158757286294,12,0.07232594
196,1.94158757286294,13,0.07255103
196,1.94158757286294,14,0.07243784
196,1.94158757286294,15,0.07234202
197,1.95074312570574,0,0.07273396
197,1.95074312570574,1,0.07257919
197,1.95074312570574,2,0.07247587
197,1.95074312570574,3,0.0723611
197,1.95074312570574,4,0.07263074
197,1.95074312570574,5,0.0725831
197,1.95074312570574,6,0.07281536
197,1.95074312570574,7,0.07265262
197,1.95074312570574,8,0.07281272
197,1.95074312570574,9,0.07247999
197,1.95074312570574,10,0.07280697
197,1.95074312570574,11,0.07253012
197,1.95074312570574,12,0.07261965
197,1.95074312570574,13,0.07232882
197,1.95074312570574,14,0.07250308
197,1.95074312570574,15,0.07228427
198,1.95989867854854,0,0.07236709
198,1.95989867854854,1,0.0725094
198,1.95989867854854,2,0.07236938
198,1.95989867854854,3,0.07228138
198,1.95989867854854,4,0.07226034
198,1.95989867854854,5,0.07226647
198,1.95989867854854,6,0.07242664
198,1.95989867854854,7,0.07213299
198,1.95989867854854,8,0.07236869
198,1.95989867854854,9,0.07248585
198,1.95989867854854,10,0.07226521
198,1.95989867854854,11,0.07265542
198,1.95989867854854,12,0.07256329
198,1.95989867854854,13,0.0723867
198,1.95989867854854,14,0.07243028
198,1.95989867854854,15,0.07255943
199,1.9708853419599,0,0.07256736
199,1.9708853419599,1,0.07292935
199,1.9708853419599,2,0.07267611
199,1.9708853419599,3,0.07274986
199,1.9708853419599,4,0.07267173
199,1.9708853419599,5,0.07273491
199,1.9708853419599,6,0.07244458
199,1.9708853419599,7,0.07265028
199,1.9708853419599,8,0.07291467
199,1.9708853419599,9,0.07287501
199,1.9708853419599,10,0.0724594
199,1.9708853419599,11,0.07243186
199,1.9708853419599,12,0.07249579
199,1.9708853419599,13,0.07278641
199,1.9708853419599,14,0.07250271
199,1.9708853419599,15,0.07269302
200,1.98065126499222,0,0.07238855
200,1.98065126499222,1,0.07229856
200,1.98065126499222,2,0.07224478
200,1.98065126499222,3,0.07236642
200,1.98065126499222,4,0.07245611
200,1.98065126499222,5,0.07221552
200,1.98065126499222,6,0.07223621
200,1.98065126499222,7,0.07216673
200,1.98065126499222,8,0.07236045
200,1.98065126499222,9,0.07240973
200,1.98065126499222,10,0.07249288
200,1.98065126499222,11,0.07245986
200,1.98065126499222,12,0.0721902
200,1.98065126499222,13,0.07231809
200,1.98065126499222,14,0.07252747
200,1.98065126499222,15,0.07228269
