position,voltage_mean,voltage_std,n_samples
-0.00610370189519944,0.023825460625,0.00012750826651970252,16
0.984527115695669,0.023809406875,0.00030609855691669704,16
1.97515793328654,0.10299498125,0.0004538497111086876,16
2.96823023163549,0.21416206250000003,0.0005608424498856615,16
3.96191290017396,0.24746067500000002,0.000215855549210578,16
