position,voltage_mean,voltage_std,n_samples
0.0,-4.281421916666667,0.0005327568955181709,24
0.997955259865108,-4.281168333333333,0.0007428465334254068,24
1.99652088991974,-4.282148083333333,0.0009984657779424444,24
2.99142429883724,-4.28107275,0.0007964102926047327,24
3.99121066927091,-4.2816047500000005,0.0008736862160790889,24
4.9671926023133,-4.279724083333334,0.0008039215818238413,24
5.96209601123081,-4.266617291666667,0.0009296877826795808,24
6.96127201147496,-4.242110791666667,0.001076714368622093,24
7.95556505020295,-4.1961960000000005,0.000921757560316226,24
