position,voltage_mean,voltage_std,n_samples
-0.00610370189519944,0.016996011249999998,0.00021618532142224058,16
0.984527115695669,0.016905885000000002,0.000300538525567023,16
1.9769890438551,0.016473609375,0.00021740221648101755,16
2.97006134220405,0.08273524374999999,0.0008191543747889871,16
3.963133640553,0.22060893125000003,0.0005026550627900185,16
