pos_index,position,sample_index,voltage
0,1.9891964476455,0,0.07665332
0,1.9891964476455,1,0.07701518
0,1.9891964476455,2,0.07697108
0,1.9891964476455,3,0.07688276
0,1.9891964476455,4,0.07694029
0,1.9891964476455,5,0.07706675
0,1.9891964476455,6,0.07701356
0,1.9891964476455,7,0.07692792
0,1.9891964476455,8,0.07683759
0,1.9891964476455,9,0.07686407
0,1.9891964476455,10,0.07685383
0,1.9891964476455,11,0.07685845
1,1.98797570726646,0,0.0767404
1,1.98797570726646,1,0.07691804
1,1.98797570726646,2,0.07676359
1,1.98797570726646,3,0.0768469
1,1.98797570726646,4,0.07678223
1,1.98797570726646,5,0.07677872
1,1.98797570726646,6,0.07671347
1,1.98797570726646,7,0.0765646
1,1.98797570726646,8,0.07654881
1,1.98797570726646,9,0.07656743
1,1.98797570726646,10,0.07699359
1,1.98797570726646,11,0.07678702
1,1.98797570726646,12,0.07661483
1,1.98797570726646,13,0.07679588
1,1.98797570726646,14,0.07689542
1,1.98797570726646,15,0.07680013
2,1.99774163029878,0,0.07715402
2,1.99774163029878,1,0.07686637
2,1.99774163029878,2,0.07684445
2,1.99774163029878,3,0.07705466
2,1.99774163029878,4,0.07681233
2,1.99774163029878,5,0.07683307
2,1.99774163029878,6,0.07699372
2,1.99774163029878,7,0.07692239
2,1.99774163029878,8,0.07692914
2,1.99774163029878,9,0.0767598
2,1.99774163029878,10,0.0765084
2,1.99774163029878,11,0.07673839
2,1.99774163029878,12,0.07678244
2,1.99774163029878,13,0.07680007
2,1.99774163029878,14,0.07674392
2,1.99774163029878,15,0.07687752
3,2.00811792352062,0,0.07661416
3,2.00811792352062,1,0.07693015
3,2.00811792352062,2,0.07691622
3,2.00811792352062,3,0.07711449
3,2.00811792352062,4,0.07671772
3,2.00811792352062,5,0.07688208
3,2.00811792352062,6,0.076689
3,2.00811792352062,7,0.07682934
3,2.00811792352062,8,0.07685086
3,2.00811792352062,9,0.07650924
3,2.00811792352062,10,0.07675491
3,2.00811792352062,11,0.07668588
3,2.00811792352062,12,0.07681914
3,2.00811792352062,13,0.07685465
3,2.00811792352062,14,0.0767215
3,2.00811792352062,15,0.07681446
4,2.01849421674245,0,0.07664622
4,2.01849421674245,1,0.07660632
4,2.01849421674245,2,0.0766606
4,2.01849421674245,3,0.07669926
4,2.01849421674245,4,0.07687473
4,2.01849421674245,5,0.07670505
4,2.01849421674245,6,0.07695334
4,2.01849421674245,7,0.07686518
4,2.01849421674245,8,0.07674816
4,2.01849421674245,9,0.07686608
4,2.01849421674245,10,0.07678385
4,2.01849421674245,11,0.07686882
4,2.01849421674245,12,0.07656818
4,2.01849421674245,13,0.07654719
4,2.01849421674245,14,0.07673785
4,2.01849421674245,15,0.0766964
5,2.02826013977477,0,0.07673215
5,2.02826013977477,1,0.07672887
5,2.02826013977477,2,0.07677525
5,2.02826013977477,3,0.07672925
5,2.02826013977477,4,0.07679148
5,2.02826013977477,5,0.07701624
5,2.02826013977477,6,0.07662705
5,2.02826013977477,7,0.07657252
5,2.02826013977477,8,0.07669892
5,2.02826013977477,9,0.07683446
5,2.02826013977477,10,0.0766938
5,2.02826013977477,11,0.07673834
5,2.02826013977477,12,0.07679628
5,2.02826013977477,13,0.07691086
5,2.02826013977477,14,0.07687752
5,2.02826013977477,15,0.07687975
6,2.03802606280709,0,0.07701445
6,2.03802606280709,1,0.07696244
6,2.03802606280709,2,0.07672529
6,2.03802606280709,3,0.07676482
6,2.03802606280709,4,0.0769006
6,2.03802606280709,5,0.07676533
6,2.03802606280709,6,0.07685544
6,2.03802606280709,7,0.07701094
6,2.03802606280709,8,0.07654759
6,2.03802606280709,9,0.07655343
6,2.03802606280709,10,0.07639371
6,2.03802606280709,11,0.07669529
6,2.03802606280709,12,0.0766856
6,2.03802606280709,13,0.07693868
6,2.03802606280709,14,0.07700608
6,2.03802606280709,15,0.07681077
7,2.04840235602893,0,0.07667617
7,2.04840235602893,1,0.07668956
7,2.04840235602893,2,0.07652239
7,2.04840235602893,3,0.07663017
7,2.04840235602893,4,0.07650956
7,2.04840235602893,5,0.07680721
7,2.04840235602893,6,0.07663648
7,2.04840235602893,7,0.07640161
7,2.04840235602893,8,0.07660787
7,2.04840235602893,9,0.07671197
7,2.04840235602893,10,0.07663976
7,2.04840235602893,11,0.07688694
7,2.04840235602893,12,0.07680129
7,2.04840235602893,13,0.07649635
7,2.04840235602893,14,0.07689865
7,2.04840235602893,15,0.07663301
8,2.05816827906125,0,0.07631581
8,2.05816827906125,1,0.07661957
8,2.05816827906125,2,0.07653549
8,2.05816827906125,3,0.07655133
8,2.05816827906125,4,0.07659637
8,2.05816827906125,5,0.07641292
8,2.05816827906125,6,0.07643195
8,2.05816827906125,7,0.07659788
8,2.05816827906125,8,0.07663798
8,2.05816827906125,9,0.07650924
8,2.05816827906125,10,0.07670149
8,2.05816827906125,11,0.07646657
8,2.05816827906125,12,0.07665732
8,2.05816827906125,13,0.07658929
8,2.05816827906125,14,0.07642208
8,2.05816827906125,15,0.0765467
9,2.06793420209357,0,0.0764813
9,2.06793420209357,1,0.07651609
9,2.06793420209357,2,0.07660084
9,2.06793420209357,3,0.076765
9,2.06793420209357,4,0.07685571
9,2.06793420209357,5,0.07665126
9,2.06793420209357,6,0.07664991
9,2.06793420209357,7,0.07686949
9,2.06793420209357,8,0.0767079
9,2.06793420209357,9,0.07714693
9,2.06793420209357,10,0.07690896
9,2.06793420209357,11,0.0767002
9,2.06793420209357,12,0.07657168
9,2.06793420209357,13,0.07641728
9,2.06793420209357,14,0.07683765
9,2.06793420209357,15,0.07668454
10,2.07770012512589,0,0.07679325
10,2.07770012512589,1,0.07653693
10,2.07770012512589,2,0.07679677
10,2.07770012512589,3,0.07683697
10,2.07770012512589,4,0.07703269
10,2.07770012512589,5,0.07688378
10,2.07770012512589,6,0.07695268
10,2.07770012512589,7,0.07710033
10,2.07770012512589,8,0.07680876
10,2.07770012512589,9,0.07665438
10,2.07770012512589,10,0.07675835
10,2.07770012512589,11,0.07699388
10,2.07770012512589,12,0.07694141
10,2.07770012512589,13,0.07664845
10,2.07770012512589,14,0.0771373
10,2.07770012512589,15,0.07691371
11,2.08746604815821,0,0.07686474
11,2.08746604815821,1,0.07708991
11,2.08746604815821,2,0.07729258
11,2.08746604815821,3,0.07709804
11,2.08746604815821,4,0.07714041
11,2.08746604815821,5,0.07693858
11,2.08746604815821,6,0.07686334
11,2.08746604815821,7,0.07680564
11,2.08746604815821,8,0.07673768
11,2.08746604815821,9,0.07688102
11,2.08746604815821,10,0.07674721
11,2.08746604815821,11,0.07674398
11,2.08746604815821,12,0.07680252
11,2.08746604815821,13,0.07675511
11,2.08746604815821,14,0.07660662
11,2.08746604815821,15,0.07655088
12,2.09845271156957,0,0.07685009
12,2.09845271156957,1,0.07677078
12,2.09845271156957,2,0.07695401
12,2.09845271156957,3,0.07680514
12,2.09845271156957,4,0.07695613
12,2.09845271156957,5,0.07675133
12,2.09845271156957,6,0.07662655
12,2.09845271156957,7,0.07644644
12,2.09845271156957,8,0.07642845
12,2.09845271156957,9,0.07659075
12,2.09845271156957,10,0.07675301
12,2.09845271156957,11,0.07655507
12,2.09845271156957,12,0.07633745
12,2.09845271156957,13,0.07671816
12,2.09845271156957,14,0.07687858
12,2.09845271156957,15,0.07662309
13,2.10760826441237,0,0.07676182
13,2.10760826441237,1,0.07710128
13,2.10760826441237,2,0.07702678
13,2.10760826441237,3,0.07701239
13,2.10760826441237,4,0.07702595
13,2.10760826441237,5,0.07711828
13,2.10760826441237,6,0.07703285
13,2.10760826441237,7,0.07714052
13,2.10760826441237,8,0.07677531
13,2.10760826441237,9,0.0767912
13,2.10760826441237,10,0.07700074
13,2.10760826441237,11,0.07678836
13,2.10760826441237,12,0.07682365
13,2.10760826441237,13,0.07666418
13,2.10760826441237,14,0.07689965
13,2.10760826441237,15,0.0765956
14,2.11798455763421,0,0.0769641
14,2.11798455763421,1,0.0767132
14,2.11798455763421,2,0.07722712
14,2.11798455763421,3,0.07696618
14,2.11798455763421,4,0.07710178
14,2.11798455763421,5,0.07682516
14,2.11798455763421,6,0.07675228
14,2.11798455763421,7,0.07703914
14,2.11798455763421,8,0.0769616
14,2.11798455763421,9,0.07706609
14,2.11798455763421,10,0.07704502
14,2.11798455763421,11,0.07705416
14,2.11798455763421,12,0.07672597
14,2.11798455763421,13,0.07690819
14,2.11798455763421,14,0.07722266
14,2.11798455763421,15,0.07713763
15,2.12836085085604,0,0.07712011
15,2.12836085085604,1,0.07709225
15,2.12836085085604,2,0.0770231
15,2.12836085085604,3,0.0770512
15,2.12836085085604,4,0.0772391
15,2.12836085085604,5,0.07732057
15,2.12836085085604,6,0.07729162
15,2.12836085085604,7,0.07697716
15,2.12836085085604,8,0.07729877
15,2.12836085085604,9,0.0771412
15,2.12836085085604,10,0.07691202
15,2.12836085085604,11,0.07713606
15,2.12836085085604,12,0.07722367
15,2.12836085085604,13,0.07726955
15,2.12836085085604,14,0.07743438
15,2.12836085085604,15,0.07731622
16,2.13812677388836,0,0.07713266
16,2.13812677388836,1,0.07686319
16,2.13812677388836,2,0.0774249
16,2.13812677388836,3,0.07707027
16,2.13812677388836,4,0.07715017
16,2.13812677388836,5,0.07686702
16,2.13812677388836,6,0.07724407
16,2.13812677388836,7,0.0773693
16,2.13812677388836,8,0.07695424
16,2.13812677388836,9,0.07694883
16,2.13812677388836,10,0.07707117
16,2.13812677388836,11,0.07693801
16,2.13812677388836,12,0.07697883
16,2.13812677388836,13,0.07672808
16,2.13812677388836,14,0.0769311
16,2.13812677388836,15,0.07696611
17,2.14789269692068,0,0.07737142
17,2.14789269692068,1,0.07726443
17,2.14789269692068,2,0.07726677
17,2.14789269692068,3,0.07710256
17,2.14789269692068,4,0.07726688
17,2.14789269692068,5,0.0772666
17,2.14789269692068,6,0.07703368
17,2.14789269692068,7,0.07715402
17,2.14789269692068,8,0.07712319
17,2.14789269692068,9,0.07744619
17,2.14789269692068,10,0.0771388
17,2.14789269692068,11,0.07732609
17,2.14789269692068,12,0.07735157
17,2.14789269692068,13,0.07726124
17,2.14789269692068,14,0.07714359
17,2.14789269692068,15,0.07708047
18,2.15826899014252,0,0.07725082
18,2.15826899014252,1,0.07706447
18,2.15826899014252,2,0.07750535
18,2.15826899014252,3,0.07726815
18,2.15826899014252,4,0.07703743
18,2.15826899014252,5,0.07747078
18,2.15826899014252,6,0.07717214
18,2.15826899014252,7,0.07739104
18,2.15826899014252,8,0.07729141
18,2.15826899014252,9,0.07719662
18,2.15826899014252,10,0.07724491
18,2.15826899014252,11,0.07738168
18,2.15826899014252,12,0.07733133
18,2.15826899014252,13,0.07723598
18,2.15826899014252,14,0.0772594
18,2.15826899014252,15,0.07739656
19,2.16742454298532,0,0.07744976
19,2.16742454298532,1,0.07759562
19,2.16742454298532,2,0.07743789
19,2.16742454298532,3,0.07764447
19,2.16742454298532,4,0.07744413
19,2.16742454298532,5,0.07726096
19,2.16742454298532,6,0.07741497
19,2.16742454298532,7,0.07767647
19,2.16742454298532,8,0.07750273
19,2.16742454298532,9,0.0775131
19,2.16742454298532,10,0.07769883
19,2.16742454298532,11,0.077378
19,2.16742454298532,12,0.07758587
19,2.16742454298532,13,0.07740649
19,2.16742454298532,14,0.07760053
19,2.16742454298532,15,0.07735403
20,2.17780083620716,0,0.07789895
20,2.17780083620716,1,0.07737076
20,2.17780083620716,2,0.07758358
20,2.17780083620716,3,0.07790463
20,2.17780083620716,4,0.07778024
20,2.17780083620716,5,0.07772844
20,2.17780083620716,6,0.07751751
20,2.17780083620716,7,0.07748383
20,2.17780083620716,8,0.07745907
20,2.17780083620716,9,0.07781893
20,2.17780083620716,10,0.07756986
20,2.17780083620716,11,0.07785802
20,2.17780083620716,12,0.07776145
20,2.17780083620716,13,0.07718971
20,2.17780083620716,14,0.07727484
20,2.17780083620716,15,0.07733523
21,2.188177129429,0,0.0771921
21,2.188177129429,1,0.07733294
21,2.188177129429,2,0.07689206
21,2.188177129429,3,0.07688905
21,2.188177129429,4,0.07719611
21,2.188177129429,5,0.07658139
21,2.188177129429,6,0.07715597
21,2.188177129429,7,0.07696828
21,2.188177129429,8,0.07688437
21,2.188177129429,9,0.07699227
21,2.188177129429,10,0.07656829
21,2.188177129429,11,0.07640898
21,2.188177129429,12,0.07668571
21,2.188177129429,13,0.07700676
21,2.188177129429,14,0.0765515
21,2.188177129429,15,0.0769012
22,2.19794305246132,0,0.07686386
22,2.19794305246132,1,0.0769466
22,2.19794305246132,2,0.07703693
22,2.19794305246132,3,0.07710773
22,2.19794305246132,4,0.07712457
22,2.19794305246132,5,0.0770323
22,2.19794305246132,6,0.07735162
22,2.19794305246132,7,0.07715949
22,2.19794305246132,8,0.0774056
22,2.19794305246132,9,0.07728969
22,2.19794305246132,10,0.07724708
22,2.19794305246132,11,0.07724234
22,2.19794305246132,12,0.0773233
22,2.19794305246132,13,0.07719187
22,2.19794305246132,14,0.07733545
22,2.19794305246132,15,0.07729983
23,2.20831934568316,0,0.07755459
23,2.20831934568316,1,0.07734554
23,2.20831934568316,2,0.07723811
23,2.20831934568316,3,0.07730484
23,2.20831934568316,4,0.07718915
23,2.20831934568316,5,0.07738737
23,2.20831934568316,6,0.07741374
23,2.20831934568316,7,0.07719015
23,2.20831934568316,8,0.07702745
23,2.20831934568316,9,0.07730128
23,2.20831934568316,10,0.0772962
23,2.20831934568316,11,0.07737649
23,2.20831934568316,12,0.07719361
23,2.20831934568316,13,0.07741564
23,2.20831934568316,14,0.07736232
23,2.20831934568316,15,0.07721183
24,2.21808526871548,0,0.07747624
24,2.21808526871548,1,0.07746527
24,2.21808526871548,2,0.07735102
24,2.21808526871548,3,0.07734633
24,2.21808526871548,4,0.07739489
24,2.21808526871548,5,0.07743069
24,2.21808526871548,6,0.07738201
24,2.21808526871548,7,0.07729258
24,2.21808526871548,8,0.07733522
24,2.21808526871548,9,0.07732804
24,2.21808526871548,10,0.07723854
24,2.21808526871548,11,0.07730629
24,2.21808526871548,12,0.07735692
24,2.21808526871548,13,0.07749052
24,2.21808526871548,14,0.07727139
24,2.21808526871548,15,0.0770895
25,2.22846156193732,0,0.07752275
25,2.22846156193732,1,0.07724351
25,2.22846156193732,2,0.07753418
25,2.22846156193732,3,0.07757304
25,2.22846156193732,4,0.07766403
25,2.22846156193732,5,0.07730753
25,2.22846156193732,6,0.07736071
25,2.22846156193732,7,0.07755391
25,2.22846156193732,8,0.07724078
25,2.22846156193732,9,0.07741881
25,2.22846156193732,10,0.07728716
25,2.22846156193732,11,0.07731031
25,2.22846156193732,12,0.07738954
25,2.22846156193732,13,0.07723648
25,2.22846156193732,14,0.07749225
25,2.22846156193732,15,0.07720158
26,2.23761711478011,0,0.07730195
26,2.23761711478011,1,0.07734554
26,2.23761711478011,2,0.07722054
26,2.23761711478011,3,0.0774831
26,2.23761711478011,4,0.07737309
26,2.23761711478011,5,0.07747245
26,2.23761711478011,6,0.07755197
26,2.23761711478011,7,0.07761531
26,2.23761711478011,8,0.07752214
26,2.23761711478011,9,0.07726303
26,2.23761711478011,10,0.07745066
26,2.23761711478011,11,0.07718324
26,2.23761711478011,12,0.07747602
26,2.23761711478011,13,0.07759719
26,2.23761711478011,14,0.0775054
26,2.23761711478011,15,0.07714672
27,2.24860377819147,0,0.07765836
27,2.24860377819147,1,0.07799374
27,2.24860377819147,2,0.07733908
27,2.24860377819147,3,0.07744837
27,2.24860377819147,4,0.07771679
27,2.24860377819147,5,0.07761486
27,2.24860377819147,6,0.07759011
27,2.24860377819147,7,0.07755391
27,2.24860377819147,8,0.07748467
27,2.24860377819147,9,0.07739211
27,2.24860377819147,10,0.07749682
27,2.24860377819147,11,0.07739707
27,2.24860377819147,12,0.07745372
27,2.24860377819147,13,0.0771819
27,2.24860377819147,14,0.07735987
27,2.24860377819147,15,0.07723297
28,2.25836970122379,0,0.07750341
28,2.25836970122379,1,0.0774032
28,2.25836970122379,2,0.07730139
28,2.25836970122379,3,0.07746159
28,2.25836970122379,4,0.07752938
28,2.25836970122379,5,0.07739501
28,2.25836970122379,6,0.07757103
28,2.25836970122379,7,0.07768885
28,2.25836970122379,8,0.07764748
28,2.25836970122379,9,0.07770535
28,2.25836970122379,10,0.07764268
28,2.25836970122379,11,0.07762846
28,2.25836970122379,12,0.07759909
28,2.25836970122379,13,0.07764965
28,2.25836970122379,14,0.07779463
28,2.25836970122379,15,0.07783192
29,2.26813562425611,0,0.07714794
29,2.26813562425611,1,0.07752398
29,2.26813562425611,2,0.07744179
29,2.26813562425611,3,0.07759184
29,2.26813562425611,4,0.07755347
29,2.26813562425611,5,0.07785869
29,2.26813562425611,6,0.07759914
29,2.26813562425611,7,0.07793151
29,2.26813562425611,8,0.0779276
29,2.26813562425611,9,0.07754494
29,2.26813562425611,10,0.07751823
29,2.26813562425611,11,0.07750061
29,2.26813562425611,12,0.07743248
29,2.26813562425611,13,0.07761107
29,2.26813562425611,14,0.07762083
29,2.26813562425611,15,0.07735346
30,2.27790154728843,0,0.077502
30,2.27790154728843,1,0.07759027
30,2.27790154728843,2,0.07735284
30,2.27790154728843,3,0.07747664
30,2.27790154728843,4,0.07716195
30,2.27790154728843,5,0.07750647
30,2.27790154728843,6,0.07736535
30,2.27790154728843,7,0.07720023
30,2.27790154728843,8,0.07739706
30,2.27790154728843,9,0.07734521
30,2.27790154728843,10,0.07752436
30,2.27790154728843,11,0.07730976
30,2.27790154728843,12,0.07715257
30,2.27790154728843,13,0.07772633
30,2.27790154728843,14,0.07759055
30,2.27790154728843,15,0.07766231
31,2.28827784051027,0,0.0776835
31,2.28827784051027,1,0.07754505
31,2.28827784051027,2,0.07796792
31,2.28827784051027,3,0.07774606
31,2.28827784051027,4,0.07792142
31,2.28827784051027,5,0.07788596
31,2.28827784051027,6,0.07778699
31,2.28827784051027,7,0.07766125
31,2.28827784051027,8,0.07769833
31,2.28827784051027,9,0.0778084
31,2.28827784051027,10,0.07760995
31,2.28827784051027,11,0.07759009
31,2.28827784051027,12,0.07773808
31,2.28827784051027,13,0.07778782
31,2.28827784051027,14,0.07753652
31,2.28827784051027,15,0.07754695
32,2.29743339335307,0,0.07776903
32,2.29743339335307,1,0.07773614
32,2.29743339335307,2,0.07812176
32,2.29743339335307,3,0.07784776
32,2.29743339335307,4,0.07754081
32,2.29743339335307,5,0.07775716
32,2.29743339335307,6,0.07770697
32,2.29743339335307,7,0.07778381
32,2.29743339335307,8,0.07746905
32,2.29743339335307,9,0.07747769
32,2.29743339335307,10,0.07762467
32,2.29743339335307,11,0.07745466
32,2.29743339335307,12,0.07748673
32,2.29743339335307,13,0.07758246
32,2.29743339335307,14,0.0776985
32,2.29743339335307,15,0.07778291
33,2.30780968657491,0,0.07799652
33,2.30780968657491,1,0.07780092
33,2.30780968657491,2,0.07821275
33,2.30780968657491,3,0.07824337
33,2.30780968657491,4,0.07800355
33,2.30780968657491,5,0.077899
33,2.30780968657491,6,0.07763059
33,2.30780968657491,7,0.07801219
33,2.30780968657491,8,0.07806365
33,2.30780968657491,9,0.07781018
33,2.30780968657491,10,0.07809985
33,2.30780968657491,11,0.07782763
33,2.30780968657491,12,0.07780489
33,2.30780968657491,13,0.07776451
33,2.30780968657491,14,0.07805518
33,2.30780968657491,15,0.07807285
34,2.31818597979675,0,0.07812265
34,2.31818597979675,1,0.07792176
34,2.31818597979675,2,0.07842319
34,2.31818597979675,3,0.0780844
34,2.31818597979675,4,0.0782403
34,2.31818597979675,5,0.07825708
34,2.31818597979675,6,0.0781367
34,2.31818597979675,7,0.07837261
34,2.31818597979675,8,0.07810815
34,2.31818597979675,9,0.07839659
34,2.31818597979675,10,0.07817534
34,2.31818597979675,11,0.07829444
34,2.31818597979675,12,0.07789616
34,2.31818597979675,13,0.07766582
34,2.31818597979675,14,0.07800505
34,2.31818597979675,15,0.07780182
35,2.32795190282907,0,0.07805184
35,2.32795190282907,1,0.07824175
35,2.32795190282907,2,0.07808752
35,2.32795190282907,3,0.07812727
35,2.32795190282907,4,0.07807168
35,2.32795190282907,5,0.0780244
35,2.32795190282907,6,0.07780633
35,2.32795190282907,7,0.07800388
35,2.32795190282907,8,0.07795281
35,2.32795190282907,9,0.07808322
35,2.32795190282907,10,0.07793274
35,2.32795190282907,11,0.07802373
35,2.32795190282907,12,0.07828468
35,2.32795190282907,13,0.07809784
35,2.32795190282907,14,0.0784936
35,2.32795190282907,15,0.07823188
36,2.33710745567187,0,0.0780651
36,2.33710745567187,1,0.07823188
36,2.33710745567187,2,0.07813012
36,2.33710745567187,3,0.07840105
36,2.33710745567187,4,0.07809231
36,2.33710745567187,5,0.0782166
36,2.33710745567187,6,0.07797305
36,2.33710745567187,7,0.07809521
36,2.33710745567187,8,0.07808758
36,2.33710745567187,9,0.07807336
36,2.33710745567187,10,0.07818978
36,2.33710745567187,11,0.07834395
36,2.33710745567187,12,0.07817088
36,2.33710745567187,13,0.07810536
36,2.33710745567187,14,0.07832053
36,2.33710745567187,15,0.0781464
37,2.34809411908322,0,0.07802658
37,2.34809411908322,1,0.07824665
37,2.34809411908322,2,0.07812928
37,2.34809411908322,3,0.07825429
37,2.34809411908322,4,0.07815409
37,2.34809411908322,5,0.07795816
37,2.34809411908322,6,0.07810971
37,2.34809411908322,7,0.07820372
37,2.34809411908322,8,0.07829472
37,2.34809411908322,9,0.07816759
37,2.34809411908322,10,0.07818136
37,2.34809411908322,11,0.07824665
37,2.34809411908322,12,0.07809098
37,2.34809411908322,13,0.07812304
37,2.34809411908322,14,0.07833553
37,2.34809411908322,15,0.07827459
38,2.35847041230506,0,0.07801353
38,2.35847041230506,1,0.07803472
38,2.35847041230506,2,0.07825758
38,2.35847041230506,3,0.0780859
38,2.35847041230506,4,0.07801771
38,2.35847041230506,5,0.07803667
38,2.35847041230506,6,0.07835204
38,2.35847041230506,7,0.07820946
38,2.35847041230506,8,0.07835488
38,2.35847041230506,9,0.07827175
38,2.35847041230506,10,0.07806394
38,2.35847041230506,11,0.07811841
38,2.35847041230506,12,0.07813129
38,2.35847041230506,13,0.07810848
38,2.35847041230506,14,0.07805189
38,2.35847041230506,15,0.07804771
39,2.36762596514786,0,0.07806695
39,2.36762596514786,1,0.07809343
39,2.36762596514786,2,0.07794779
39,2.36762596514786,3,0.07826171
39,2.36762596514786,4,0.07792721
39,2.36762596514786,5,0.07820283
39,2.36762596514786,6,0.07791127
39,2.36762596514786,7,0.07773329
39,2.36762596514786,8,0.07827459
39,2.36762596514786,9,0.07835811
39,2.36762596514786,10,0.07825669
39,2.36762596514786,11,0.07821465
39,2.36762596514786,12,0.07831055
39,2.36762596514786,13,0.07803935
39,2.36762596514786,14,0.07816234
39,2.36762596514786,15,0.07803399
40,2.3780022583697,0,0.07796864
40,2.3780022583697,1,0.07791366
40,2.3780022583697,2,0.07824437
40,2.3780022583697,3,0.07837746
40,2.3780022583697,4,0.07805379
40,2.3780022583697,5,0.0780675
40,2.3780022583697,6,0.0782548
40,2.3780022583697,7,0.07831351
40,2.3780022583697,8,0.07840077
40,2.3780022583697,9,0.07835717
40,2.3780022583697,10,0.07855527
40,2.3780022583697,11,0.07841198
40,2.3780022583697,12,0.07854173
40,2.3780022583697,13,0.07828284
40,2.3780022583697,14,0.07834691
40,2.3780022583697,15,0.07812125
41,2.38776818140202,0,0.07873081
41,2.38776818140202,1,0.07833604
41,2.38776818140202,2,0.07841304
41,2.38776818140202,3,0.07826511
41,2.38776818140202,4,0.07827615
41,2.38776818140202,5,0.07837981
41,2.38776818140202,6,0.07822697
41,2.38776818140202,7,0.07833001
41,2.38776818140202,8,0.0782185
41,2.38776818140202,9,0.07832109
41,2.38776818140202,10,0.07830537
41,2.38776818140202,11,0.07834651
41,2.38776818140202,12,0.07847755
41,2.38776818140202,13,0.07819207
41,2.38776818140202,14,0.07833676
41,2.38776818140202,15,0.07825965
42,2.39814447462386,0,0.07898478
42,2.39814447462386,1,0.07861689
42,2.39814447462386,2,0.07847565
42,2.39814447462386,3,0.07857769
42,2.39814447462386,4,0.07833659
42,2.39814447462386,5,0.07842882
42,2.39814447462386,6,0.0786122
42,2.39814447462386,7,0.07886016
42,2.39814447462386,8,0.07859576
42,2.39814447462386,9,0.07851658
42,2.39814447462386,10,0.07845268
42,2.39814447462386,11,0.07841142
42,2.39814447462386,12,0.07727133
42,2.39814447462386,13,0.07725366
42,2.39814447462386,14,0.07706626
42,2.39814447462386,15,0.07752308
43,2.40791039765618,0,0.0775325
43,2.40791039765618,1,0.07774071
43,2.40791039765618,2,0.07763806
43,2.40791039765618,3,0.0778491
43,2.40791039765618,4,0.07730881
43,2.40791039765618,5,0.07780705
43,2.40791039765618,6,0.07755224
43,2.40791039765618,7,0.07728656
43,2.40791039765618,8,0.07748222
43,2.40791039765618,9,0.07762328
43,2.40791039765618,10,0.07751912
43,2.40791039765618,11,0.07759005
43,2.40791039765618,12,0.07758486
43,2.40791039765618,13,0.07785758
43,2.40791039765618,14,0.07788467
43,2.40791039765618,15,0.07794143
44,2.41828669087802,0,0.0776777
44,2.41828669087802,1,0.07765852
44,2.41828669087802,2,0.07732604
44,2.41828669087802,3,0.07760153
44,2.41828669087802,4,0.07788674
44,2.41828669087802,5,0.07782044
44,2.41828669087802,6,0.0776884
44,2.41828669087802,7,0.0778079
44,2.41828669087802,8,0.07765556
44,2.41828669087802,9,0.07752988
44,2.41828669087802,10,0.07763042
44,2.41828669087802,11,0.07759953
44,2.41828669087802,12,0.07761793
44,2.41828669087802,13,0.07747056
44,2.41828669087802,14,0.0774894
44,2.41828669087802,15,0.07786516
45,2.42805261391034,0,0.07725088
45,2.42805261391034,1,0.07747201
45,2.42805261391034,2,0.07759836
45,2.42805261391034,3,0.07760895
45,2.42805261391034,4,0.07778972
45,2.42805261391034,5,0.07767262
45,2.42805261391034,6,0.07785897
45,2.42805261391034,7,0.07784826
45,2.42805261391034,8,0.0775106
45,2.42805261391034,9,0.07755163
45,2.42805261391034,10,0.07747512
45,2.42805261391034,11,0.07739589
45,2.42805261391034,12,0.07764213
45,2.42805261391034,13,0.07782507
45,2.42805261391034,14,0.07747039
45,2.42805261391034,15,0.07747692
46,2.43842890713218,0,0.0775905
46,2.43842890713218,1,0.07771472
46,2.43842890713218,2,0.0774376
46,2.43842890713218,3,0.07770407
46,2.43842890713218,4,0.07757147
46,2.43842890713218,5,0.07782707
46,2.43842890713218,6,0.07802976
46,2.43842890713218,7,0.07805602
46,2.43842890713218,8,0.07804843
46,2.43842890713218,9,0.07781035
46,2.43842890713218,10,0.07803059
46,2.43842890713218,11,0.0779435
46,2.43842890713218,12,0.07818571
46,2.43842890713218,13,0.07793552
46,2.43842890713218,14,0.07788623
46,2.43842890713218,15,0.07791545
47,2.4481948301645,0,0.07784843
47,2.4481948301645,1,0.07812271
47,2.4481948301645,2,0.07797372
47,2.4481948301645,3,0.07795755
47,2.4481948301645,4,0.07816279
47,2.4481948301645,5,0.07791924
47,2.4481948301645,6,0.0779343
47,2.4481948301645,7,0.0781943
47,2.4481948301645,8,0.07804392
47,2.4481948301645,9,0.07759412
47,2.4481948301645,10,0.07739913
47,2.4481948301645,11,0.07803834
47,2.4481948301645,12,0.07783578
47,2.4481948301645,13,0.07801683
47,2.4481948301645,14,0.07787324
47,2.4481948301645,15,0.07792337
48,2.45796075319681,0,0.07763951
48,2.45796075319681,1,0.07786432
48,2.45796075319681,2,0.07773513
48,2.45796075319681,3,0.0774671
48,2.45796075319681,4,0.07736562
48,2.45796075319681,5,0.07745355
48,2.45796075319681,6,0.0775203
48,2.45796075319681,7,0.07793759
48,2.45796075319681,8,0.07796859
48,2.45796075319681,9,0.07757527
48,2.45796075319681,10,0.07793424
48,2.45796075319681,11,0.07808044
48,2.45796075319681,12,0.0779653
48,2.45796075319681,13,0.07770903
48,2.45796075319681,14,0.07752614
48,2.45796075319681,15,0.07760231
49,2.46833704641865,0,0.07820946
49,2.46833704641865,1,0.07780611
49,2.46833704641865,2,0.0779431
49,2.46833704641865,3,0.07788713
49,2.46833704641865,4,0.07769783
49,2.46833704641865,5,0.07793893
49,2.46833704641865,6,0.07807509
49,2.46833704641865,7,0.07766326
49,2.46833704641865,8,0.0779793
49,2.46833704641865,9,0.07797629
49,2.46833704641865,10,0.07790224
49,2.46833704641865,11,0.07755342
49,2.46833704641865,12,0.07784764
49,2.46833704641865,13,0.07799953
49,2.46833704641865,14,0.0778055
49,2.46833704641865,15,0.07781068
50,2.47810296945097,0,0.07835422
50,2.47810296945097,1,0.07798242
50,2.47810296945097,2,0.07818621
50,2.47810296945097,3,0.07821503
50,2.47810296945097,4,0.07818978
50,2.47810296945097,5,0.07840824
50,2.47810296945097,6,0.07816888
50,2.47810296945097,7,0.07806589
50,2.47810296945097,8,0.07839207
50,2.47810296945097,9,0.0778961
50,2.47810296945097,10,0.07804459
50,2.47810296945097,11,0.0779547
50,2.47810296945097,12,0.07796513
50,2.47810296945097,13,0.07807247
50,2.47810296945097,14,0.07813268
50,2.47810296945097,15,0.0781212
51,2.48786889248329,0,0.0785652
51,2.48786889248329,1,0.07854513
51,2.48786889248329,2,0.07839759
51,2.48786889248329,3,0.07848619
51,2.48786889248329,4,0.07864878
51,2.48786889248329,5,0.07829862
51,2.48786889248329,6,0.07801565
51,2.48786889248329,7,0.07827397
51,2.48786889248329,8,0.07829076
51,2.48786889248329,9,0.07831953
51,2.48786889248329,10,0.07812516
51,2.48786889248329,11,0.07823126
51,2.48786889248329,12,0.07827464
51,2.48786889248329,13,0.07823093
51,2.48786889248329,14,0.07805334
51,2.48786889248329,15,0.07825764
52,2.49946592608417,0,0.07806985
52,2.49946592608417,1,0.07784888
52,2.49946592608417,2,0.07801765
52,2.49946592608417,3,0.07827476
52,2.49946592608417,4,0.07782222
52,2.49946592608417,5,0.07800701
52,2.49946592608417,6,0.07808267
52,2.49946592608417,7,0.07796658
52,2.49946592608417,8,0.07810581
52,2.49946592608417,9,0.07823093
52,2.49946592608417,10,0.07834317
52,2.49946592608417,11,0.0780133
52,2.49946592608417,12,0.07798605
52,2.49946592608417,13,0.0778583
52,2.49946592608417,14,0.07815738
52,2.49946592608417,15,0.07827387
53,2.50862147892697,0,0.07847649
53,2.50862147892697,1,0.07836185
53,2.50862147892697,2,0.07863975
53,2.50862147892697,3,0.07843183
53,2.50862147892697,4,0.07845162
53,2.50862147892697,5,0.07844231
53,2.50862147892697,6,0.07822669
53,2.50862147892697,7,0.07845686
53,2.50862147892697,8,0.07854792
53,2.50862147892697,9,0.07858621
53,2.50862147892697,10,0.07855728
53,2.50862147892697,11,0.07843523
53,2.50862147892697,12,0.07835405
53,2.50862147892697,13,0.07834691
53,2.50862147892697,14,0.07858561
53,2.50862147892697,15,0.0783865
54,2.51899777214881,0,0.07888547
54,2.51899777214881,1,0.07854646
54,2.51899777214881,2,0.07880574
54,2.51899777214881,3,0.07896225
54,2.51899777214881,4,0.07902643
54,2.51899777214881,5,0.0788823
54,2.51899777214881,6,0.07894229
54,2.51899777214881,7,0.07891855
54,2.51899777214881,8,0.07873075
54,2.51899777214881,9,0.07897765
54,2.51899777214881,10,0.07893275
54,2.51899777214881,11,0.07862704
54,2.51899777214881,12,0.07879493
54,2.51899777214881,13,0.07870661
54,2.51899777214881,14,0.07867242
54,2.51899777214881,15,0.07823913
55,2.52937406537065,0,0.07890555
55,2.52937406537065,1,0.07874385
55,2.52937406537065,2,0.0788755
55,2.52937406537065,3,0.07870208
55,2.52937406537065,4,0.07868619
55,2.52937406537065,5,0.0788165
55,2.52937406537065,6,0.07881783
55,2.52937406537065,7,0.07867014
55,2.52937406537065,8,0.07890449
55,2.52937406537065,9,0.07871006
55,2.52937406537065,10,0.07874976
55,2.52937406537065,11,0.07872422
55,2.52937406537065,12,0.07864153
55,2.52937406537065,13,0.07857579
55,2.52937406537065,14,0.07884967
55,2.52937406537065,15,0.0788422
56,2.53852961821345,0,0.0784713
56,2.53852961821345,1,0.07852249
56,2.53852961821345,2,0.07828607
56,2.53852961821345,3,0.0782709
56,2.53852961821345,4,0.07850955
56,2.53852961821345,5,0.07851417
56,2.53852961821345,6,0.07859871
56,2.53852961821345,7,0.07859994
56,2.53852961821345,8,0.07873733
56,2.53852961821345,9,0.07851759
56,2.53852961821345,10,0.07860239
56,2.53852961821345,11,0.07866947
56,2.53852961821345,12,0.07848602
56,2.53852961821345,13,0.07862307
56,2.53852961821345,14,0.07866941
56,2.53852961821345,15,0.0784059
57,2.54890591143529,0,0.07887571
57,2.54890591143529,1,0.0789685
57,2.54890591143529,2,0.07866094
57,2.54890591143529,3,0.07884009
57,2.54890591143529,4,0.07856894
57,2.54890591143529,5,0.07835332
57,2.54890591143529,6,0.07843629
57,2.54890591143529,7,0.07814088
57,2.54890591143529,8,0.07846026
57,2.54890591143529,9,0.07853364
57,2.54890591143529,10,0.0785497
57,2.54890591143529,11,0.07847627
57,2.54890591143529,12,0.07834708
57,2.54890591143529,13,0.07842681
57,2.54890591143529,14,0.07848246
57,2.54890591143529,15,0.07866824
58,2.5586718344676,0,0.07838048
58,2.5586718344676,1,0.07844443
58,2.5586718344676,2,0.0786823
58,2.5586718344676,3,0.07880707
58,2.5586718344676,4,0.07881778
58,2.5586718344676,5,0.07826935
58,2.5586718344676,6,0.07830927
58,2.5586718344676,7,0.07863456
58,2.5586718344676,8,0.07866997
58,2.5586718344676,9,0.07858723
58,2.5586718344676,10,0.07845954
58,2.5586718344676,11,0.07860763
58,2.5586718344676,12,0.07865341
58,2.5586718344676,13,0.07859102
58,2.5586718344676,14,0.07860172
58,2.5586718344676,15,0.07862709
59,2.56965849787896,0,0.07900273
59,2.56965849787896,1,0.0789148
59,2.56965849787896,2,0.0787007
59,2.56965849787896,3,0.07865737
59,2.56965849787896,4,0.07888024
59,2.56965849787896,5,0.07875416
59,2.56965849787896,6,0.07868949
59,2.56965849787896,7,0.07886188
59,2.56965849787896,8,0.07898322
59,2.56965849787896,9,0.07898617
59,2.56965849787896,10,0.07896672
59,2.56965849787896,11,0.07920909
59,2.56965849787896,12,0.07893873
59,2.56965849787896,13,0.07894112
59,2.56965849787896,14,0.07875171
59,2.56965849787896,15,0.07895382
60,2.57881405072176,0,0.0790077
60,2.57881405072176,1,0.07919203
60,2.57881405072176,2,0.07909011
60,2.57881405072176,3,0.07907768
60,2.57881405072176,4,0.0790043
60,2.57881405072176,5,0.07919188
60,2.57881405072176,6,0.07907756
60,2.57881405072176,7,0.0795417
60,2.57881405072176,8,0.07937727
60,2.57881405072176,9,0.0791168
60,2.57881405072176,10,0.07925498
60,2.57881405072176,11,0.07913901
60,2.57881405072176,12,0.07897624
60,2.57881405072176,13,0.07909674
60,2.57881405072176,14,0.07934653
60,2.57881405072176,15,0.07889752
61,2.58857997375408,0,0.07924818
61,2.58857997375408,1,0.07925219
61,2.58857997375408,2,0.07906646
61,2.58857997375408,3,0.07916671
61,2.58857997375408,4,0.07920419
61,2.58857997375408,5,0.07909121
61,2.58857997375408,6,0.07923011
61,2.58857997375408,7,0.07908409
61,2.58857997375408,8,0.07906908
61,2.58857997375408,9,0.07901829
61,2.58857997375408,10,0.07898634
61,2.58857997375408,11,0.0791723
61,2.58857997375408,12,0.07896343
61,2.58857997375408,13,0.07903033
61,2.58857997375408,14,0.07880886
61,2.58857997375408,15,0.07890499
62,2.59895626697592,0,0.07951416
62,2.59895626697592,1,0.07912557
62,2.59895626697592,2,0.07936543
62,2.59895626697592,3,0.07934108
62,2.59895626697592,4,0.07938189
62,2.59895626697592,5,0.07951305
62,2.59895626697592,6,0.07935958
62,2.59895626697592,7,0.07963854
62,2.59895626697592,8,0.07956333
62,2.59895626697592,9,0.07995027
62,2.59895626697592,10,0.07972112
62,2.59895626697592,11,0.07949981
62,2.59895626697592,12,0.07944684
62,2.59895626697592,13,0.07966888
62,2.59895626697592,14,0.07948393
62,2.59895626697592,15,0.07954632
63,2.60872219000824,0,0.07957967
63,2.60872219000824,1,0.0795132
63,2.60872219000824,2,0.07935964
63,2.60872219000824,3,0.07948248
63,2.60872219000824,4,0.07920586
63,2.60872219000824,5,0.07914508
63,2.60872219000824,6,0.07926819
63,2.60872219000824,7,0.07953963
63,2.60872219000824,8,0.07948744
63,2.60872219000824,9,0.0795946
63,2.60872219000824,10,0.07947555
63,2.60872219000824,11,0.07942912
63,2.60872219000824,12,0.07939789
63,2.60872219000824,13,0.07919114
63,2.60872219000824,14,0.07916715
63,2.60872219000824,15,0.07907159
64,2.61909848323008,0,0.07955234
64,2.61909848323008,1,0.07947667
64,2.61909848323008,2,0.07941151
64,2.61909848323008,3,0.07952492
64,2.61909848323008,4,0.0792339
64,2.61909848323008,5,0.07956605
64,2.61909848323008,6,0.07912869
64,2.61909848323008,7,0.07912061
64,2.61909848323008,8,0.07906139
64,2.61909848323008,9,0.0790619
64,2.61909848323008,10,0.07910021
64,2.61909848323008,11,0.07925303
64,2.61909848323008,12,0.07921339
64,2.61909848323008,13,0.07913477
64,2.61909848323008,14,0.07917876
64,2.61909848323008,15,0.07926742
65,2.62947477645192,0,0.07947852
65,2.62947477645192,1,0.07953706
65,2.62947477645192,2,0.07952246
65,2.62947477645192,3,0.07939298
65,2.62947477645192,4,0.07911509
65,2.62947477645192,5,0.07952312
65,2.62947477645192,6,0.07943334
65,2.62947477645192,7,0.07926096
65,2.62947477645192,8,0.07927501
65,2.62947477645192,9,0.07938249
65,2.62947477645192,10,0.07918885
65,2.62947477645192,11,0.07926574
65,2.62947477645192,12,0.07930806
65,2.62947477645192,13,0.07940865
65,2.62947477645192,14,0.07940497
65,2.62947477645192,15,0.0792203
66,2.63863032929472,0,0.07918802
66,2.63863032929472,1,0.07921178
66,2.63863032929472,2,0.07930143
66,2.63863032929472,3,0.07939833
66,2.63863032929472,4,0.07917704
66,2.63863032929472,5,0.07901745
66,2.63863032929472,6,0.07916554
66,2.63863032929472,7,0.07912825
66,2.63863032929472,8,0.07902844
66,2.63863032929472,9,0.07926179
66,2.63863032929472,10,0.07922604
66,2.63863032929472,11,0.07945069
66,2.63863032929472,12,0.0792909
66,2.63863032929472,13,0.0793734
66,2.63863032929472,14,0.07928531
66,2.63863032929472,15,0.07936271
67,2.64900662251656,0,0.07899844
67,2.64900662251656,1,0.07903708
67,2.64900662251656,2,0.07924038
67,2.64900662251656,3,0.07934146
67,2.64900662251656,4,0.07918857
67,2.64900662251656,5,0.07946904
67,2.64900662251656,6,0.07946608
67,2.64900662251656,7,0.07916349
67,2.64900662251656,8,0.07888775
67,2.64900662251656,9,0.07931177
67,2.64900662251656,10,0.0792078
67,2.64900662251656,11,0.07908152
67,2.64900662251656,12,0.07956813
67,2.64900662251656,13,0.07935026
67,2.64900662251656,14,0.07915228
67,2.64900662251656,15,0.07925397
68,2.65816217535936,0,0.07965387
68,2.65816217535936,1,0.07935112
68,2.65816217535936,2,0.07953176
68,2.65816217535936,3,0.07950322
68,2.65816217535936,4,0.07960057
68,2.65816217535936,5,0.07948722
68,2.65816217535936,6,0.0794943
68,2.65816217535936,7,0.07971929
68,2.65816217535936,8,0.07972987
68,2.65816217535936,9,0.07969357
68,2.65816217535936,10,0.07966107
68,2.65816217535936,11,0.07962973
68,2.65816217535936,12,0.07955813
68,2.65816217535936,13,0.07933661
68,2.65816217535936,14,0.07977119
68,2.65816217535936,15,0.0795374
69,2.66853846858119,0,0.07973664
69,2.66853846858119,1,0.07990178
69,2.66853846858119,2,0.07978765
69,2.66853846858119,3,0.07938651
69,2.66853846858119,4,0.07960525
69,2.66853846858119,5,0.07966526
69,2.66853846858119,6,0.07987227
69,2.66853846858119,7,0.07987674
69,2.66853846858119,8,0.07963848
69,2.66853846858119,9,0.07970495
69,2.66853846858119,10,0.07973406
69,2.66853846858119,11,0.07979755
69,2.66853846858119,12,0.08006282
69,2.66853846858119,13,0.07992971
69,2.66853846858119,14,0.07974042
69,2.66853846858119,15,0.07982834
70,2.67891476180303,0,0.07975167
70,2.67891476180303,1,0.07965516
70,2.67891476180303,2,0.07972184
70,2.67891476180303,3,0.07977828
70,2.67891476180303,4,0.07970679
70,2.67891476180303,5,0.07978937
70,2.67891476180303,6,0.07980993
70,2.67891476180303,7,0.07985194
70,2.67891476180303,8,0.0798666
70,2.67891476180303,9,0.07998519
70,2.67891476180303,10,0.07970544
70,2.67891476180303,11,0.0799011
70,2.67891476180303,12,0.08012304
70,2.67891476180303,13,0.07996294
70,2.67891476180303,14,0.07999104
70,2.67891476180303,15,0.08009603
71,2.68868068483535,0,0.07981618
71,2.68868068483535,1,0.07992865
71,2.68868068483535,2,0.0801553
71,2.68868068483535,3,0.08011544
71,2.68868068483535,4,0.08023229
71,2.68868068483535,5,0.0800827
71,2.68868068483535,6,0.07979462
71,2.68868068483535,7,0.08009643
71,2.68868068483535,8,0.08019017
71,2.68868068483535,9,0.08030401
71,2.68868068483535,10,0.0802495
71,2.68868068483535,11,0.08002836
71,2.68868068483535,12,0.08014254
71,2.68868068483535,13,0.08023932
71,2.68868068483535,14,0.07991164
71,2.68868068483535,15,0.08010076
72,2.69905697805719,0,0.08038448
72,2.69905697805719,1,0.08029713
72,2.69905697805719,2,0.08047807
72,2.69905697805719,3,0.07998274
72,2.69905697805719,4,0.0802739
72,2.69905697805719,5,0.08038319
72,2.69905697805719,6,0.08036661
72,2.69905697805719,7,0.08019399
72,2.69905697805719,8,0.08003587
72,2.69905697805719,9,0.08023935
72,2.69905697805719,10,0.07999271
72,2.69905697805719,11,0.07989725
72,2.69905697805719,12,0.0800517
72,2.69905697805719,13,0.08007295
72,2.69905697805719,14,0.08031677
72,2.69905697805719,15,0.08027077
73,2.70821253089999,0,0.08035382
73,2.70821253089999,1,0.08077242
73,2.70821253089999,2,0.0804699
73,2.70821253089999,3,0.08044911
73,2.70821253089999,4,0.08004903
73,2.70821253089999,5,0.08058455
73,2.70821253089999,6,0.08007506
73,2.70821253089999,7,0.08042032
73,2.70821253089999,8,0.08001173
73,2.70821253089999,9,0.08024625
73,2.70821253089999,10,0.08017471
73,2.70821253089999,11,0.08029865
73,2.70821253089999,12,0.08034138
73,2.70821253089999,13,0.08028767
73,2.70821253089999,14,0.08005221
73,2.70821253089999,15,0.08037751
74,2.71858882412183,0,0.08028721
74,2.71858882412183,1,0.08024775
74,2.71858882412183,2,0.0804026
74,2.71858882412183,3,0.08014549
74,2.71858882412183,4,0.08021073
74,2.71858882412183,5,0.08007948
74,2.71858882412183,6,0.08034794
74,2.71858882412183,7,0.08032758
74,2.71858882412183,8,0.08051902
74,2.71858882412183,9,0.08051466
74,2.71858882412183,10,0.08029489
74,2.71858882412183,11,0.0805731
74,2.71858882412183,12,0.08056252
74,2.71858882412183,13,0.08036199
74,2.71858882412183,14,0.08007673
74,2.71858882412183,15,0.08048407
75,2.72896511734367,0,0.08041573
75,2.72896511734367,1,0.08044418
75,2.72896511734367,2,0.08033446
75,2.72896511734367,3,0.08058927
75,2.72896511734367,4,0.0805218
75,2.72896511734367,5,0.08053101
75,2.72896511734367,6,0.08040562
75,2.72896511734367,7,0.08013285
75,2.72896511734367,8,0.08014957
75,2.72896511734367,9,0.0802337
75,2.72896511734367,10,0.08005247
75,2.72896511734367,11,0.08030614
75,2.72896511734367,12,0.08052304
75,2.72896511734367,13,0.08025853
75,2.72896511734367,14,0.08013617
75,2.72896511734367,15,0.08004504
76,2.73873104037599,0,0.0802251
76,2.73873104037599,1,0.08030519
76,2.73873104037599,2,0.08021882
76,2.73873104037599,3,0.08009732
76,2.73873104037599,4,0.08012743
76,2.73873104037599,5,0.08031109
76,2.73873104037599,6,0.08020755
76,2.73873104037599,7,0.08013896
76,2.73873104037599,8,0.08007412
76,2.73873104037599,9,0.08019817
76,2.73873104037599,10,0.08028517
76,2.73873104037599,11,0.08021104
76,2.73873104037599,12,0.08038955
76,2.73873104037599,13,0.08042789
76,2.73873104037599,14,0.08043222
76,2.73873104037599,15,0.08028065
77,2.74910733359783,0,0.08014667
77,2.74910733359783,1,0.08014928
77,2.74910733359783,2,0.08063531
77,2.74910733359783,3,0.08059045
77,2.74910733359783,4,0.08049955
77,2.74910733359783,5,0.08026129
77,2.74910733359783,6,0.08026226
77,2.74910733359783,7,0.08037043
77,2.74910733359783,8,0.08019277
77,2.74910733359783,9,0.08028752
77,2.74910733359783,10,0.08012714
77,2.74910733359783,11,0.0803137
77,2.74910733359783,12,0.0803513
77,2.74910733359783,13,0.07997091
77,2.74910733359783,14,0.08026074
77,2.74910733359783,15,0.08035295
78,2.75887325663015,0,0.080088
78,2.75887325663015,1,0.08018162
78,2.75887325663015,2,0.08022154
78,2.75887325663015,3,0.08025956
78,2.75887325663015,4,0.08048803
78,2.75887325663015,5,0.0803404
78,2.75887325663015,6,0.08022914
78,2.75887325663015,7,0.0803574
78,2.75887325663015,8,0.08046181
78,2.75887325663015,9,0.08006471
78,2.75887325663015,10,0.08028127
78,2.75887325663015,11,0.08047782
78,2.75887325663015,12,0.08040994
78,2.75887325663015,13,0.08057582
78,2.75887325663015,14,0.08046199
78,2.75887325663015,15,0.08063851
79,2.76802880947295,0,0.08057281
79,2.76802880947295,1,0.08032308
79,2.76802880947295,2,0.08050065
79,2.76802880947295,3,0.08043159
79,2.76802880947295,4,0.08044346
79,2.76802880947295,5,0.08044521
79,2.76802880947295,6,0.08048607
79,2.76802880947295,7,0.08049591
79,2.76802880947295,8,0.08055174
79,2.76802880947295,9,0.08040498
79,2.76802880947295,10,0.08049754
79,2.76802880947295,11,0.08066851
79,2.76802880947295,12,0.08049577
79,2.76802880947295,13,0.08058154
79,2.76802880947295,14,0.08063014
79,2.76802880947295,15,0.08082691
80,2.7790154728843,0,0.08056808
80,2.7790154728843,1,0.08047727
80,2.7790154728843,2,0.08026404
80,2.7790154728843,3,0.0804607
80,2.7790154728843,4,0.08071717
80,2.7790154728843,5,0.08064
80,2.7790154728843,6,0.08068608
80,2.7790154728843,7,0.08066639
80,2.7790154728843,8,0.08067212
80,2.7790154728843,9,0.08046577
80,2.7790154728843,10,0.08067524
80,2.7790154728843,11,0.08067212
80,2.7790154728843,12,0.08045556
80,2.7790154728843,13,0.08038023
80,2.7790154728843,14,0.08049152
80,2.7790154728843,15,0.08047976
81,2.78878139591662,0,0.08058693
81,2.78878139591662,1,0.08046637
81,2.78878139591662,2,0.08042766
81,2.78878139591662,3,0.08037917
81,2.78878139591662,4,0.08066905
81,2.78878139591662,5,0.08049955
81,2.78878139591662,6,0.08089043
81,2.78878139591662,7,0.08066013
81,2.78878139591662,8,0.08050296
81,2.78878139591662,9,0.08064497
81,2.78878139591662,10,0.08039646
81,2.78878139591662,11,0.08047108
81,2.78878139591662,12,0.08048908
81,2.78878139591662,13,0.08081197
81,2.78878139591662,14,0.08067949
81,2.78878139591662,15,0.08064892
82,2.79793694875942,0,0.08046832
82,2.79793694875942,1,0.08069242
82,2.79793694875942,2,0.08089834
82,2.79793694875942,3,0.08073615
82,2.79793694875942,4,0.08022945
82,2.79793694875942,5,0.0802733
82,2.79793694875942,6,0.08057528
82,2.79793694875942,7,0.08022455
82,2.79793694875942,8,0.08030184
82,2.79793694875942,9,0.08026817
82,2.79793694875942,10,0.0804734
82,2.79793694875942,11,0.08021718
82,2.79793694875942,12,0.08037126
82,2.79793694875942,13,0.0803513
82,2.79793694875942,14,0.08067677
82,2.79793694875942,15,0.08075719
83,2.80831324198126,0,0.08043391
83,2.80831324198126,1,0.08044865
83,2.80831324198126,2,0.08039346
83,2.80831324198126,3,0.08023046
83,2.80831324198126,4,0.08038147
83,2.80831324198126,5,0.08052464
83,2.80831324198126,6,0.08066733
83,2.80831324198126,7,0.0805097
83,2.80831324198126,8,0.08093642
83,2.80831324198126,9,0.08082685
83,2.80831324198126,10,0.08068061
83,2.80831324198126,11,0.08069607
83,2.80831324198126,12,0.08061933
83,2.80831324198126,13,0.08080276
83,2.80831324198126,14,0.08039735
83,2.80831324198126,15,0.0804124
84,2.8186895352031,0,0.08027881
84,2.8186895352031,1,0.08045066
84,2.8186895352031,2,0.08054784
84,2.8186895352031,3,0.08053674
84,2.8186895352031,4,0.08068198
84,2.8186895352031,5,0.08053998
84,2.8186895352031,6,0.0806298
84,2.8186895352031,7,0.08038849
84,2.8186895352031,8,0.08056921
84,2.8186895352031,9,0.08031806
84,2.8186895352031,10,0.08065032
84,2.8186895352031,11,0.08054423
84,2.8186895352031,12,0.08042141
84,2.8186895352031,13,0.08052393
84,2.8186895352031,14,0.08061835
84,2.8186895352031,15,0.0805218
85,2.82906582842494,0,0.08091287
85,2.82906582842494,1,0.08065695
85,2.82906582842494,2,0.08060872
85,2.82906582842494,3,0.08084959
85,2.82906582842494,4,0.08052859
85,2.82906582842494,5,0.08107593
85,2.82906582842494,6,0.080481
85,2.82906582842494,7,0.08074728
85,2.82906582842494,8,0.08082189
85,2.82906582842494,9,0.08071987
85,2.82906582842494,10,0.08083004
85,2.82906582842494,11,0.08082278
85,2.82906582842494,12,0.08082147
85,2.82906582842494,13,0.08081197
85,2.82906582842494,14,0.08089026
85,2.82906582842494,15,0.08076835
86,2.83822138126774,0,0.08076072
86,2.83822138126774,1,0.08081398
86,2.83822138126774,2,0.08084492
86,2.83822138126774,3,0.08103383
86,2.83822138126774,4,0.08086434
86,2.83822138126774,5,0.08081965
86,2.83822138126774,6,0.08087041
86,2.83822138126774,7,0.08126833
86,2.83822138126774,8,0.08106484
86,2.83822138126774,9,0.08086149
86,2.83822138126774,10,0.0809167
86,2.83822138126774,11,0.08071238
86,2.83822138126774,12,0.08068652
86,2.83822138126774,13,0.08095071
86,2.83822138126774,14,0.08049405
86,2.83822138126774,15,0.08105456
87,2.84859767448958,0,0.08077738
87,2.84859767448958,1,0.08112642
87,2.84859767448958,2,0.08072855
87,2.84859767448958,3,0.08070211
87,2.84859767448958,4,0.0809497
87,2.84859767448958,5,0.08105396
87,2.84859767448958,6,0.08109565
87,2.84859767448958,7,0.08087733
87,2.84859767448958,8,0.08082757
87,2.84859767448958,9,0.08097078
87,2.84859767448958,10,0.08106719
87,2.84859767448958,11,0.08104157
87,2.84859767448958,12,0.08117285
87,2.84859767448958,13,0.0809484
87,2.84859767448958,14,0.08101706
87,2.84859767448958,15,0.08105881
88,2.8583635975219,0,0.08132087
88,2.8583635975219,1,0.08108903
88,2.8583635975219,2,0.08101648
88,2.8583635975219,3,0.08090537
88,2.8583635975219,4,0.08091877
88,2.8583635975219,5,0.08116006
88,2.8583635975219,6,0.08092549
88,2.8583635975219,7,0.08084434
88,2.8583635975219,8,0.08097278
88,2.8583635975219,9,0.08115809
88,2.8583635975219,10,0.08099882
88,2.8583635975219,11,0.08097456
88,2.8583635975219,12,0.08103627
88,2.8583635975219,13,0.08113036
88,2.8583635975219,14,0.08121633
88,2.8583635975219,15,0.08126483
89,2.86873989074374,0,0.08116838
89,2.86873989074374,1,0.08049186
89,2.86873989074374,2,0.0807544
89,2.86873989074374,3,0.08070039
89,2.86873989074374,4,0.08059088
89,2.86873989074374,5,0.08032821
89,2.86873989074374,6,0.08050924
89,2.86873989074374,7,0.08064158
89,2.86873989074374,8,0.08047426
89,2.86873989074374,9,0.08075407
89,2.86873989074374,10,0.08047776
89,2.86873989074374,11,0.08030513
89,2.86873989074374,12,0.08043455
89,2.86873989074374,13,0.08058681
89,2.86873989074374,14,0.08055983
89,2.86873989074374,15,0.08057956
90,2.87911618396558,0,0.08052983
90,2.87911618396558,1,0.08058179
90,2.87911618396558,2,0.08053864
90,2.87911618396558,3,0.08046838
90,2.87911618396558,4,0.08061749
90,2.87911618396558,5,0.08066515
90,2.87911618396558,6,0.08066013
90,2.87911618396558,7,0.08069131
90,2.87911618396558,8,0.08047263
90,2.87911618396558,9,0.08043652
90,2.87911618396558,10,0.08049287
90,2.87911618396558,11,0.08038754
90,2.87911618396558,12,0.08053425
90,2.87911618396558,13,0.08043148
90,2.87911618396558,14,0.08057996
90,2.87911618396558,15,0.08057912
91,2.88888210699789,0,0.08039591
91,2.88888210699789,1,0.08047765
91,2.88888210699789,2,0.08035783
91,2.88888210699789,3,0.08052789
91,2.88888210699789,4,0.08054942
91,2.88888210699789,5,0.08045161
91,2.88888210699789,6,0.08049464
91,2.88888210699789,7,0.08045416
91,2.88888210699789,8,0.08049186
91,2.88888210699789,9,0.08042557
91,2.88888210699789,10,0.08036818
91,2.88888210699789,11,0.0805756
91,2.88888210699789,12,0.08079462
91,2.88888210699789,13,0.08054534
91,2.88888210699789,14,0.08063769
91,2.88888210699789,15,0.08088684
92,2.89803765984069,0,0.08063567
92,2.89803765984069,1,0.08063108
92,2.89803765984069,2,0.08075476
92,2.89803765984069,3,0.08077225
92,2.89803765984069,4,0.08079626
92,2.89803765984069,5,0.0806217
92,2.89803765984069,6,0.08060487
92,2.89803765984069,7,0.08035279
92,2.89803765984069,8,0.080465
92,2.89803765984069,9,0.08061053
92,2.89803765984069,10,0.08046938
92,2.89803765984069,11,0.08072015
92,2.89803765984069,12,0.08060103
92,2.89803765984069,13,0.08048708
92,2.89803765984069,14,0.0809212
92,2.89803765984069,15,0.08077189
93,2.90963469344157,0,0.08062713
93,2.90963469344157,1,0.08058985
93,2.90963469344157,2,0.0808278
93,2.90963469344157,3,0.08054494
93,2.90963469344157,4,0.08041324
93,2.90963469344157,5,0.08074816
93,2.90963469344157,6,0.08058798
93,2.90963469344157,7,0.08084615
93,2.90963469344157,8,0.0808491
93,2.90963469344157,9,0.08111903
93,2.90963469344157,10,0.08076598
93,2.90963469344157,11,0.08080147
93,2.90963469344157,12,0.08094539
93,2.90963469344157,13,0.08055988
93,2.90963469344157,14,0.08086063
93,2.90963469344157,15,0.08090224
94,2.91817987609485,0,0.08075069
94,2.91817987609485,1,0.08089888
94,2.91817987609485,2,0.0807488
94,2.91817987609485,3,0.08070464
94,2.91817987609485,4,0.08081521
94,2.91817987609485,5,0.0806716
94,2.91817987609485,6,0.08076078
94,2.91817987609485,7,0.08067329
94,2.91817987609485,8,0.08073825
94,2.91817987609485,9,0.08071126
94,2.91817987609485,10,0.08072497
94,2.91817987609485,11,0.08069472
94,2.91817987609485,12,0.08101359
94,2.91817987609485,13,0.08105752
94,2.91817987609485,14,0.08092532
94,2.91817987609485,15,0.08059673
95,2.92794579912717,0,0.08089456
95,2.92794579912717,1,0.08075364
95,2.92794579912717,2,0.08070377
95,2.92794579912717,3,0.08046973
95,2.92794579912717,4,0.08080908
95,2.92794579912717,5,0.08088931
95,2.92794579912717,6,0.08071031
95,2.92794579912717,7,0.0806094
95,2.92794579912717,8,0.08059879
95,2.92794579912717,9,0.08061001
95,2.92794579912717,10,0.08067731
95,2.92794579912717,11,0.08094167
95,2.92794579912717,12,0.08069767
95,2.92794579912717,13,0.08073807
95,2.92794579912717,14,0.08080093
95,2.92794579912717,15,0.0805378
96,2.93832209234901,0,0.0803519
96,2.93832209234901,1,0.08097746
96,2.93832209234901,2,0.08091297
96,2.93832209234901,3,0.08099357
96,2.93832209234901,4,0.08107883
96,2.93832209234901,5,0.08060545
96,2.93832209234901,6,0.08122104
96,2.93832209234901,7,0.08109365
96,2.93832209234901,8,0.08086609
96,2.93832209234901,9,0.08072443
96,2.93832209234901,10,0.08093453
96,2.93832209234901,11,0.0808844
96,2.93832209234901,12,0.08095159
96,2.93832209234901,13,0.08097238
96,2.93832209234901,14,0.08065173
96,2.93832209234901,15,0.08099653
97,2.94869838557085,0,0.08110292
97,2.94869838557085,1,0.08090071
97,2.94869838557085,2,0.08105356
97,2.94869838557085,3,0.0811668
97,2.94869838557085,4,0.08107805
97,2.94869838557085,5,0.08076698
97,2.94869838557085,6,0.08079626
97,2.94869838557085,7,0.08094463
97,2.94869838557085,8,0.08086221
97,2.94869838557085,9,0.08114742
97,2.94869838557085,10,0.08076747
97,2.94869838557085,11,0.08066968
97,2.94869838557085,12,0.08088885
97,2.94869838557085,13,0.08120996
97,2.94869838557085,14,0.08094227
97,2.94869838557085,15,0.08095974
98,2.95907467879269,0,0.08104133
98,2.95907467879269,1,0.08098259
98,2.95907467879269,2,0.08091156
98,2.95907467879269,3,0.08112582
98,2.95907467879269,4,0.08075129
98,2.95907467879269,5,0.08098176
98,2.95907467879269,6,0.08112612
98,2.95907467879269,7,0.08098377
98,2.95907467879269,8,0.08072809
98,2.95907467879269,9,0.08096699
98,2.95907467879269,10,0.08103727
98,2.95907467879269,11,0.08080973
98,2.95907467879269,12,0.08088163
98,2.95907467879269,13,0.08087773
98,2.95907467879269,14,0.08080111
98,2.95907467879269,15,0.08095816
99,2.96884060182501,0,0.08121833
99,2.96884060182501,1,0.08119536
99,2.96884060182501,2,0.08092237
99,2.96884060182501,3,0.08113555
99,2.96884060182501,4,0.08154988
99,2.96884060182501,5,0.08118303
99,2.96884060182501,6,0.08122022
99,2.96884060182501,7,0.08114016
99,2.96884060182501,8,0.08106802
99,2.96884060182501,9,0.08085047
99,2.96884060182501,10,0.08107197
99,2.96884060182501,11,0.08103939
99,2.96884060182501,12,0.08110368
99,2.96884060182501,13,0.08106047
99,2.96884060182501,14,0.08090442
99,2.96884060182501,15,0.08091592
100,2.97860652485733,0,0.08088879
100,2.97860652485733,1,0.08095408
100,2.97860652485733,2,0.08094285
100,2.97860652485733,3,0.08102457
100,2.97860652485733,4,0.08107267
100,2.97860652485733,5,0.08084733
100,2.97860652485733,6,0.08078883
100,2.97860652485733,7,0.08082697
100,2.97860652485733,8,0.08093631
100,2.97860652485733,9,0.08095721
100,2.97860652485733,10,0.08088624
100,2.97860652485733,11,0.08059733
100,2.97860652485733,12,0.08088688
100,2.97860652485733,13,0.08075824
100,2.97860652485733,14,0.08098944
100,2.97860652485733,15,0.08119938
101,2.98837244788964,0,0.08100291
101,2.98837244788964,1,0.08128753
101,2.98837244788964,2,0.08114785
101,2.98837244788964,3,0.08091033
101,2.98837244788964,4,0.08116686
101,2.98837244788964,5,0.08115929
101,2.98837244788964,6,0.08123551
101,2.98837244788964,7,0.08123977
101,2.98837244788964,8,0.08110646
101,2.98837244788964,9,0.08123834
101,2.98837244788964,10,0.08096894
101,2.98837244788964,11,0.08114123
101,2.98837244788964,12,0.08110463
101,2.98837244788964,13,0.08136309
101,2.98837244788964,14,0.08136234
101,2.98837244788964,15,0.08113497
102,2.999359111301,0,0.0813733
102,2.999359111301,1,0.08116703
102,2.999359111301,2,0.08140223
102,2.999359111301,3,0.08132064
102,2.999359111301,4,0.08128687
102,2.999359111301,5,0.0811039
102,2.999359111301,6,0.08112204
102,2.999359111301,7,0.08085152
102,2.999359111301,8,0.081112
102,2.999359111301,9,0.08103495
102,2.999359111301,10,0.08080736
102,2.999359111301,11,0.08040527
102,2.999359111301,12,0.08092839
102,2.999359111301,13,0.0810822
102,2.999359111301,14,0.08095094
102,2.999359111301,15,0.08109924
103,3.00912503433332,0,0.08129591
103,3.00912503433332,1,0.080993
103,3.00912503433332,2,0.08100957
103,3.00912503433332,3,0.08122217
103,3.00912503433332,4,0.0813086
103,3.00912503433332,5,0.08118922
103,3.00912503433332,6,0.08150294
103,3.00912503433332,7,0.08115911
103,3.00912503433332,8,0.08123196
103,3.00912503433332,9,0.08101477
103,3.00912503433332,10,0.08137195
103,3.00912503433332,11,0.08133894
103,3.00912503433332,12,0.0811362
103,3.00912503433332,13,0.08138399
103,3.00912503433332,14,0.08111077
103,3.00912503433332,15,0.08139563
104,3.01889095736564,0,0.08115676
104,3.01889095736564,1,0.08105013
104,3.01889095736564,2,0.08111295
104,3.01889095736564,3,0.08121189
104,3.01889095736564,4,0.08127695
104,3.01889095736564,5,0.0812622
104,3.01889095736564,6,0.08139916
104,3.01889095736564,7,0.08130204
104,3.01889095736564,8,0.08131657
104,3.01889095736564,9,0.08133983
104,3.01889095736564,10,0.08142827
104,3.01889095736564,11,0.08123706
104,3.01889095736564,12,0.08150219
104,3.01889095736564,13,0.08137359
104,3.01889095736564,14,0.08168827
104,3.01889095736564,15,0.0815229
105,3.02865688039796,0,0.08131615
105,3.02865688039796,1,0.08143913
105,3.02865688039796,2,0.08157852
105,3.02865688039796,3,0.08173391
105,3.02865688039796,4,0.08162893
105,3.02865688039796,5,0.08140632
105,3.02865688039796,6,0.08152243
105,3.02865688039796,7,0.0818492
105,3.02865688039796,8,0.08171289
105,3.02865688039796,9,0.08134083
105,3.02865688039796,10,0.08133752
105,3.02865688039796,11,0.08145171
105,3.02865688039796,12,0.0811054
105,3.02865688039796,13,0.08106755
105,3.02865688039796,14,0.08117516
105,3.02865688039796,15,0.08140177
106,3.0390331736198,0,0.08126479
106,3.0390331736198,1,0.08150767
106,3.0390331736198,2,0.08124112
106,3.0390331736198,3,0.08112534
106,3.0390331736198,4,0.08137366
106,3.0390331736198,5,0.08136687
106,3.0390331736198,6,0.08144751
106,3.0390331736198,7,0.08116786
106,3.0390331736198,8,0.08144131
106,3.0390331736198,9,0.08145401
106,3.0390331736198,10,0.08140748
106,3.0390331736198,11,0.08152097
106,3.0390331736198,12,0.08146735
106,3.0390331736198,13,0.08125351
106,3.0390331736198,14,0.08138493
106,3.0390331736198,15,0.08157121
107,3.04879909665212,0,0.08154002
107,3.04879909665212,1,0.08146002
107,3.04879909665212,2,0.08124827
107,3.04879909665212,3,0.08160858
107,3.04879909665212,4,0.08165497
107,3.04879909665212,5,0.08155963
107,3.04879909665212,6,0.08142933
107,3.04879909665212,7,0.08143967
107,3.04879909665212,8,0.08128522
107,3.04879909665212,9,0.08148289
107,3.04879909665212,10,0.08145897
107,3.04879909665212,11,0.08156074
107,3.04879909665212,12,0.08143854
107,3.04879909665212,13,0.08149676
107,3.04879909665212,14,0.08116844
107,3.04879909665212,15,0.08142643
108,3.05856501968444,0,0.08126261
108,3.05856501968444,1,0.08125404
108,3.05856501968444,2,0.08122044
108,3.05856501968444,3,0.08138075
108,3.05856501968444,4,0.08129945
108,3.05856501968444,5,0.08145697
108,3.05856501968444,6,0.08146115
108,3.05856501968444,7,0.08127294
108,3.05856501968444,8,0.08172824
108,3.05856501968444,9,0.0814925
108,3.05856501968444,10,0.08182754
108,3.05856501968444,11,0.08159775
108,3.05856501968444,12,0.08164205
108,3.05856501968444,13,0.08161306
108,3.05856501968444,14,0.08121745
108,3.05856501968444,15,0.0812606
109,3.06894131290628,0,0.08148944
109,3.06894131290628,1,0.08136676
109,3.06894131290628,2,0.08140472
109,3.06894131290628,3,0.0814689
109,3.06894131290628,4,0.08129874
109,3.06894131290628,5,0.08151198
109,3.06894131290628,6,0.08114489
109,3.06894131290628,7,0.08145413
109,3.06894131290628,8,0.08125163
109,3.06894131290628,9,0.08139055
109,3.06894131290628,10,0.08132567
109,3.06894131290628,11,0.08126952
109,3.06894131290628,12,0.08125222
109,3.06894131290628,13,0.08136646
109,3.06894131290628,14,0.0816234
109,3.06894131290628,15,0.08176365
110,3.0787072359386,0,0.08158225
110,3.0787072359386,1,0.08139437
110,3.0787072359386,2,0.08150703
110,3.0787072359386,3,0.08149824
110,3.0787072359386,4,0.08150636
110,3.0787072359386,5,0.08144137
110,3.0787072359386,6,0.08141191
110,3.0787072359386,7,0.08162598
110,3.0787072359386,8,0.08137725
110,3.0787072359386,9,0.08155148
110,3.0787072359386,10,0.08138322
110,3.0787072359386,11,0.08155621
110,3.0787072359386,12,0.08163166
110,3.0787072359386,13,0.0815598
110,3.0787072359386,14,0.08148187
110,3.0787072359386,15,0.08129165
111,3.08847315897092,0,0.08120494
111,3.08847315897092,1,0.08125646
111,3.08847315897092,2,0.08129349
111,3.08847315897092,3,0.0811882
111,3.08847315897092,4,0.0810741
111,3.08847315897092,5,0.08128618
111,3.08847315897092,6,0.08130676
111,3.08847315897092,7,0.08109861
111,3.08847315897092,8,0.08134591
111,3.08847315897092,9,0.08115763
111,3.08847315897092,10,0.08108809
111,3.08847315897092,11,0.08159794
111,3.08847315897092,12,0.08142543
111,3.08847315897092,13,0.08183546
111,3.08847315897092,14,0.08181071
111,3.08847315897092,15,0.08156895
112,3.09884945219276,0,0.08169666
112,3.09884945219276,1,0.0818557
112,3.09884945219276,2,0.08184053
112,3.09884945219276,3,0.08178716
112,3.09884945219276,4,0.08141115
112,3.09884945219276,5,0.08154457
112,3.09884945219276,6,0.08142117
112,3.09884945219276,7,0.08146305
112,3.09884945219276,8,0.08151364
112,3.09884945219276,9,0.08165143
112,3.09884945219276,10,0.08182023
112,3.09884945219276,11,0.08178716
112,3.09884945219276,12,0.08167894
112,3.09884945219276,13,0.08188151
112,3.09884945219276,14,0.08187879
112,3.09884945219276,15,0.08141699
113,3.10861537522507,0,0.08165627
113,3.10861537522507,1,0.08179141
113,3.10861537522507,2,0.08147444
113,3.10861537522507,3,0.08152509
113,3.10861537522507,4,0.0811424
113,3.10861537522507,5,0.08137253
113,3.10861537522507,6,0.08166447
113,3.10861537522507,7,0.08138625
113,3.10861537522507,8,0.08160745
113,3.10861537522507,9,0.08164411
113,3.10861537522507,10,0.08145396
113,3.10861537522507,11,0.08185557
113,3.10861537522507,12,0.08169359
113,3.10861537522507,13,0.08186721
113,3.10861537522507,14,0.08167049
113,3.10861537522507,15,0.08166625
114,3.11838129825739,0,0.0817747
114,3.11838129825739,1,0.08188114
114,3.11838129825739,2,0.08149457
114,3.11838129825739,3,0.0818076
114,3.11838129825739,4,0.08194225
114,3.11838129825739,5,0.0817195
114,3.11838129825739,6,0.08160815
114,3.11838129825739,7,0.08164706
114,3.11838129825739,8,0.08158685
114,3.11838129825739,9,0.08165486
114,3.11838129825739,10,0.08175138
114,3.11838129825739,11,0.0813259
114,3.11838129825739,12,0.08172641
114,3.11838129825739,13,0.08149824
114,3.11838129825739,14,0.08158654
114,3.11838129825739,15,0.08160886
115,3.12936796166875,0,0.08113515
115,3.12936796166875,1,0.08149409
115,3.12936796166875,2,0.0813759
115,3.12936796166875,3,0.08164912
115,3.12936796166875,4,0.08156337
115,3.12936796166875,5,0.08156435
115,3.12936796166875,6,0.08151298
115,3.12936796166875,7,0.08151813
115,3.12936796166875,8,0.08139084
115,3.12936796166875,9,0.08127807
115,3.12936796166875,10,0.08126025
115,3.12936796166875,11,0.08152539
115,3.12936796166875,12,0.08146552
115,3.12936796166875,13,0.08153608
115,3.12936796166875,14,0.08143393
115,3.12936796166875,15,0.08149315
116,3.13852351451155,0,0.08168001
116,3.13852351451155,1,0.08151718
116,3.13852351451155,2,0.0814157
116,3.13852351451155,3,0.08165415
116,3.13852351451155,4,0.0818034
116,3.13852351451155,5,0.08166613
116,3.13852351451155,6,0.08163401
116,3.13852351451155,7,0.08200601
116,3.13852351451155,8,0.0816058
116,3.13852351451155,9,0.08147769
116,3.13852351451155,10,0.08169706
116,3.13852351451155,11,0.08160634
116,3.13852351451155,12,0.08169494
116,3.13852351451155,13,0.0815621
116,3.13852351451155,14,0.08193298
116,3.13852351451155,15,0.08196127
117,3.14889980773339,0,0.08190489
117,3.14889980773339,1,0.08192188
117,3.14889980773339,2,0.08164967
117,3.14889980773339,3,0.08159416
117,3.14889980773339,4,0.08192519
117,3.14889980773339,5,0.08157834
117,3.14889980773339,6,0.08173231
117,3.14889980773339,7,0.08177494
117,3.14889980773339,8,0.08181284
117,3.14889980773339,9,0.08168302
117,3.14889980773339,10,0.08154457
117,3.14889980773339,11,0.08174926
117,3.14889980773339,12,0.08170261
117,3.14889980773339,13,0.08172742
117,3.14889980773339,14,0.08184566
117,3.14889980773339,15,0.08161718
118,3.15866573076571,0,0.08175646
118,3.15866573076571,1,0.08173013
118,3.15866573076571,2,0.08156577
118,3.15866573076571,3,0.08195908
118,3.15866573076571,4,0.0820402
118,3.15866573076571,5,0.08181272
118,3.15866573076571,6,0.08169653
118,3.15866573076571,7,0.08212379
118,3.15866573076571,8,0.08174229
118,3.15866573076571,9,0.08191404
118,3.15866573076571,10,0.08185203
118,3.15866573076571,11,0.08175829
118,3.15866573076571,12,0.08182783
118,3.15866573076571,13,0.08155178
118,3.15866573076571,14,0.08165085
118,3.15866573076571,15,0.0815473
119,3.16904202398755,0,0.08201599
119,3.16904202398755,1,0.08170628
119,3.16904202398755,2,0.08192921
119,3.16904202398755,3,0.08181066
119,3.16904202398755,4,0.08174318
119,3.16904202398755,5,0.08167287
119,3.16904202398755,6,0.08165073
119,3.16904202398755,7,0.0818188
119,3.16904202398755,8,0.08200932
119,3.16904202398755,9,0.08182371
119,3.16904202398755,10,0.08171242
119,3.16904202398755,11,0.0814053
119,3.16904202398755,12,0.0816574
119,3.16904202398755,13,0.08170037
119,3.16904202398755,14,0.08185866
119,3.16904202398755,15,0.08199008
120,3.17758720664083,0,0.08176874
120,3.17758720664083,1,0.08160149
120,3.17758720664083,2,0.0816735
120,3.17758720664083,3,0.08155745
120,3.17758720664083,4,0.08158071
120,3.17758720664083,5,0.08175204
120,3.17758720664083,6,0.08156872
120,3.17758720664083,7,0.08167275
120,3.17758720664083,8,0.08165704
120,3.17758720664083,9,0.08164619
120,3.17758720664083,10,0.08163756
120,3.17758720664083,11,0.08166354
120,3.17758720664083,12,0.08167168
120,3.17758720664083,13,0.08188989
120,3.17758720664083,14,0.08173715
120,3.17758720664083,15,0.0818403
121,3.18796349986267,0,0.08180629
121,3.18796349986267,1,0.08179365
121,3.18796349986267,2,0.08200158
121,3.18796349986267,3,0.08168969
121,3.18796349986267,4,0.08203802
121,3.18796349986267,5,0.08133458
121,3.18796349986267,6,0.08164164
121,3.18796349986267,7,0.08201092
121,3.18796349986267,8,0.08208701
121,3.18796349986267,9,0.0818243
121,3.18796349986267,10,0.08186946
121,3.18796349986267,11,0.08172724
121,3.18796349986267,12,0.08183486
121,3.18796349986267,13,0.08179732
121,3.18796349986267,14,0.08174802
121,3.18796349986267,15,0.08182388
122,3.19833979308451,0,0.08189479
122,3.19833979308451,1,0.08201516
122,3.19833979308451,2,0.0819566
122,3.19833979308451,3,0.08188681
122,3.19833979308451,4,0.08212633
122,3.19833979308451,5,0.08214422
122,3.19833979308451,6,0.08170032
122,3.19833979308451,7,0.08156299
122,3.19833979308451,8,0.08119649
122,3.19833979308451,9,0.08152544
122,3.19833979308451,10,0.08121768
122,3.19833979308451,11,0.08141817
122,3.19833979308451,12,0.08151972
122,3.19833979308451,13,0.08143819
122,3.19833979308451,14,0.08132967
122,3.19833979308451,15,0.0815366
123,3.20810571611682,0,0.08168615
123,3.20810571611682,1,0.08186492
123,3.20810571611682,2,0.08191863
123,3.20810571611682,3,0.08161011
123,3.20810571611682,4,0.08169359
123,3.20810571611682,5,0.08178716
123,3.20810571611682,6,0.08145083
123,3.20810571611682,7,0.08181284
123,3.20810571611682,8,0.0817436
123,3.20810571611682,9,0.08165143
123,3.20810571611682,10,0.08151311
123,3.20810571611682,11,0.0814804
123,3.20810571611682,12,0.08157469
123,3.20810571611682,13,0.08145978
123,3.20810571611682,14,0.08168396
123,3.20810571611682,15,0.08142485
124,3.21848200933866,0,0.08144574
124,3.21848200933866,1,0.08165003
124,3.21848200933866,2,0.08133558
124,3.21848200933866,3,0.08186645
124,3.21848200933866,4,0.08142649
124,3.21848200933866,5,0.08163225
124,3.21848200933866,6,0.08163058
124,3.21848200933866,7,0.081567
124,3.21848200933866,8,0.08161938
124,3.21848200933866,9,0.08160279
124,3.21848200933866,10,0.08131833
124,3.21848200933866,11,0.08166814
124,3.21848200933866,12,0.08144733
124,3.21848200933866,13,0.08166885
124,3.21848200933866,14,0.0813635
124,3.21848200933866,15,0.08176035
125,3.2288583025605,0,0.08174324
125,3.2288583025605,1,0.08177506
125,3.2288583025605,2,0.08186556
125,3.2288583025605,3,0.0815278
125,3.2288583025605,4,0.08161931
125,3.2288583025605,5,0.0816313
125,3.2288583025605,6,0.08143543
125,3.2288583025605,7,0.0816179
125,3.2288583025605,8,0.08158613
125,3.2288583025605,9,0.08129939
125,3.2288583025605,10,0.08158868
125,3.2288583025605,11,0.08158862
125,3.2288583025605,12,0.08154197
125,3.2288583025605,13,0.08158242
125,3.2288583025605,14,0.08169311
125,3.2288583025605,15,0.08182447
126,3.23740348521378,0,0.0815457
126,3.23740348521378,1,0.08188061
126,3.23740348521378,2,0.08171436
126,3.23740348521378,3,0.08175534
126,3.23740348521378,4,0.08175398
126,3.23740348521378,5,0.08160715
126,3.23740348521378,6,0.0817861
126,3.23740348521378,7,0.08182264
126,3.23740348521378,8,0.08194613
126,3.23740348521378,9,0.08167139
126,3.23740348521378,10,0.08159026
126,3.23740348521378,11,0.08187831
126,3.23740348521378,12,0.08185151
126,3.23740348521378,13,0.08187117
126,3.23740348521378,14,0.08183888
126,3.23740348521378,15,0.08161236
127,3.24839014862514,0,0.08167174
127,3.24839014862514,1,0.08156157
127,3.24839014862514,2,0.08151281
127,3.24839014862514,3,0.08149605
127,3.24839014862514,4,0.08157203
127,3.24839014862514,5,0.08154245
127,3.24839014862514,6,0.0814791
127,3.24839014862514,7,0.08178261
127,3.24839014862514,8,0.08158325
127,3.24839014862514,9,0.08143253
127,3.24839014862514,10,0.08164175
127,3.24839014862514,11,0.08158077
127,3.24839014862514,12,0.08165079
127,3.24839014862514,13,0.08153264
127,3.24839014862514,14,0.08131308
127,3.24839014862514,15,0.08168314
128,3.25815607165746,0,0.08155444
128,3.25815607165746,1,0.08162923
128,3.25815607165746,2,0.0818361
128,3.25815607165746,3,0.0816228
128,3.25815607165746,4,0.08159989
128,3.25815607165746,5,0.08157627
128,3.25815607165746,6,0.08127701
128,3.25815607165746,7,0.08124537
128,3.25815607165746,8,0.08142172
128,3.25815607165746,9,0.08134539
128,3.25815607165746,10,0.08137365
128,3.25815607165746,11,0.08129343
128,3.25815607165746,12,0.08161879
128,3.25815607165746,13,0.0816388
128,3.25815607165746,14,0.08143158
128,3.25815607165746,15,0.08141505
129,3.26731162450026,0,0.08110422
129,3.26731162450026,1,0.08136982
129,3.26731162450026,2,0.08141794
129,3.26731162450026,3,0.08155963
129,3.26731162450026,4,0.08145
129,3.26731162450026,5,0.08128799
129,3.26731162450026,6,0.0813622
129,3.26731162450026,7,0.08155355
129,3.26731162450026,8,0.08139326
129,3.26731162450026,9,0.08134875
129,3.26731162450026,10,0.08118297
129,3.26731162450026,11,0.08134043
129,3.26731162450026,12,0.08136687
129,3.26731162450026,13,0.08131084
129,3.26731162450026,14,0.08115883
129,3.26731162450026,15,0.08151223
130,3.27829828791162,0,0.08200081
130,3.27829828791162,1,0.08176231
130,3.27829828791162,2,0.08155343
130,3.27829828791162,3,0.08172069
130,3.27829828791162,4,0.08169541
130,3.27829828791162,5,0.08145366
130,3.27829828791162,6,0.08171891
130,3.27829828791162,7,0.08161205
130,3.27829828791162,8,0.0815516
130,3.27829828791162,9,0.08173496
130,3.27829828791162,10,0.08187896
130,3.27829828791162,11,0.0815797
130,3.27829828791162,12,0.08167127
130,3.27829828791162,13,0.08173177
130,3.27829828791162,14,0.08187135
130,3.27829828791162,15,0.08176231
131,3.28745384075442,0,0.0817904
131,3.28745384075442,1,0.08166289
131,3.28745384075442,2,0.08135011
131,3.28745384075442,3,0.08160096
131,3.28745384075442,4,0.08169211
131,3.28745384075442,5,0.08158821
131,3.28745384075442,6,0.08170846
131,3.28745384075442,7,0.08154003
131,3.28745384075442,8,0.08177477
131,3.28745384075442,9,0.08188894
131,3.28745384075442,10,0.08169942
131,3.28745384075442,11,0.08165131
131,3.28745384075442,12,0.08148512
131,3.28745384075442,13,0.08166814
131,3.28745384075442,14,0.08157209
131,3.28745384075442,15,0.08160119
132,3.29844050416578,0,0.08158077
132,3.29844050416578,1,0.08167634
132,3.29844050416578,2,0.08201315
132,3.29844050416578,3,0.08200914
132,3.29844050416578,4,0.08202219
132,3.29844050416578,5,0.0820314
132,3.29844050416578,6,0.08188771
132,3.29844050416578,7,0.08173739
132,3.29844050416578,8,0.08195194
132,3.29844050416578,9,0.08193015
132,3.29844050416578,10,0.08197154
132,3.29844050416578,11,0.0820696
132,3.29844050416578,12,0.08182158
132,3.29844050416578,13,0.08185429
132,3.29844050416578,14,0.08179
132,3.29844050416578,15,0.0818704
133,3.30759605700858,0,0.08191131
133,3.30759605700858,1,0.08195087
133,3.30759605700858,2,0.08190654
133,3.30759605700858,3,0.08188375
133,3.30759605700858,4,0.08184762
133,3.30759605700858,5,0.08174773
133,3.30759605700858,6,0.08191191
133,3.30759605700858,7,0.08209156
133,3.30759605700858,8,0.08201056
133,3.30759605700858,9,0.08200034
133,3.30759605700858,10,0.08202992
133,3.30759605700858,11,0.08217686
133,3.30759605700858,12,0.08220214
133,3.30759605700858,13,0.08205354
133,3.30759605700858,14,0.08184496
133,3.30759605700858,15,0.08210189
134,3.31797235023041,0,0.08218461
134,3.31797235023041,1,0.08204516
134,3.31797235023041,2,0.08222853
134,3.31797235023041,3,0.08213005
134,3.31797235023041,4,0.08191858
134,3.31797235023041,5,0.08203211
134,3.31797235023041,6,0.08216618
134,3.31797235023041,7,0.08231962
134,3.31797235023041,8,0.08201198
134,3.31797235023041,9,0.0820539
134,3.31797235023041,10,0.08181957
134,3.31797235023041,11,0.08229017
134,3.31797235023041,12,0.08198872
134,3.31797235023041,13,0.08218779
134,3.31797235023041,14,0.08199651
134,3.31797235023041,15,0.08205318
135,3.32773827326273,0,0.08186923
135,3.32773827326273,1,0.0820402
135,3.32773827326273,2,0.08188522
135,3.32773827326273,3,0.08198676
135,3.32773827326273,4,0.08184549
135,3.32773827326273,5,0.08192495
135,3.32773827326273,6,0.08213542
135,3.32773827326273,7,0.08198258
135,3.32773827326273,8,0.0819785
135,3.32773827326273,9,0.08188375
135,3.32773827326273,10,0.08207468
135,3.32773827326273,11,0.08214794
135,3.32773827326273,12,0.08194461
135,3.32773827326273,13,0.08189002
135,3.32773827326273,14,0.08168124
135,3.32773827326273,15,0.08176709
136,3.33872493667409,0,0.08199503
136,3.33872493667409,1,0.08222103
136,3.33872493667409,2,0.08215384
136,3.33872493667409,3,0.08202633
136,3.33872493667409,4,0.0820144
136,3.33872493667409,5,0.08211901
136,3.33872493667409,6,0.0822698
136,3.33872493667409,7,0.08213773
136,3.33872493667409,8,0.08214535
136,3.33872493667409,9,0.08202461
136,3.33872493667409,10,0.08176035
136,3.33872493667409,11,0.08202343
136,3.33872493667409,12,0.08174772
136,3.33872493667409,13,0.08218998
136,3.33872493667409,14,0.08205903
136,3.33872493667409,15,0.08201239
137,3.34849085970641,0,0.08218419
137,3.34849085970641,1,0.08187754
137,3.34849085970641,2,0.082017
137,3.34849085970641,3,0.082083
137,3.34849085970641,4,0.08213873
137,3.34849085970641,5,0.08206423
137,3.34849085970641,6,0.08202107
137,3.34849085970641,7,0.08204982
137,3.34849085970641,8,0.08188262
137,3.34849085970641,9,0.08231755
137,3.34849085970641,10,0.08199769
137,3.34849085970641,11,0.08209717
137,3.34849085970641,12,0.0820967
137,3.34849085970641,13,0.08238769
137,3.34849085970641,14,0.0822809
137,3.34849085970641,15,0.08211269
138,3.35764641254921,0,0.0820575
138,3.35764641254921,1,0.08220834
138,3.35764641254921,2,0.08218053
138,3.35764641254921,3,0.08218484
138,3.35764641254921,4,0.08209924
138,3.35764641254921,5,0.08202314
138,3.35764641254921,6,0.0821738
138,3.35764641254921,7,0.08206546
138,3.35764641254921,8,0.08215355
138,3.35764641254921,9,0.08198015
138,3.35764641254921,10,0.08217675
138,3.35764641254921,11,0.08199864
138,3.35764641254921,12,0.08187896
138,3.35764641254921,13,0.08165309
138,3.35764641254921,14,0.08170044
138,3.35764641254921,15,0.08189785
139,3.36741233558153,0,0.08186999
139,3.36741233558153,1,0.08166725
139,3.36741233558153,2,0.08171023
139,3.36741233558153,3,0.08154535
139,3.36741233558153,4,0.08174229
139,3.36741233558153,5,0.0819687
139,3.36741233558153,6,0.08194803
139,3.36741233558153,7,0.08184366
139,3.36741233558153,8,0.08189975
139,3.36741233558153,9,0.08176661
139,3.36741233558153,10,0.0818028
139,3.36741233558153,11,0.08170663
139,3.36741233558153,12,0.08169495
139,3.36741233558153,13,0.08146606
139,3.36741233558153,14,0.08167794
139,3.36741233558153,15,0.08143228
140,3.37839899899289,0,0.08176898
140,3.37839899899289,1,0.0817805
140,3.37839899899289,2,0.08179513
140,3.37839899899289,3,0.08182223
140,3.37839899899289,4,0.08182625
140,3.37839899899289,5,0.08169099
140,3.37839899899289,6,0.08157533
140,3.37839899899289,7,0.08172759
140,3.37839899899289,8,0.08185086
140,3.37839899899289,9,0.08192897
140,3.37839899899289,10,0.08168226
140,3.37839899899289,11,0.0819964
140,3.37839899899289,12,0.08213755
140,3.37839899899289,13,0.08196115
140,3.37839899899289,14,0.0819592
140,3.37839899899289,15,0.08196492
141,3.38755455183569,0,0.08214197
141,3.38755455183569,1,0.08218283
141,3.38755455183569,2,0.08221135
141,3.38755455183569,3,0.08211293
141,3.38755455183569,4,0.08174635
141,3.38755455183569,5,0.08184992
141,3.38755455183569,6,0.08188085
141,3.38755455183569,7,0.08194124
141,3.38755455183569,8,0.08181031
141,3.38755455183569,9,0.08215904
141,3.38755455183569,10,0.08203754
141,3.38755455183569,11,0.08192886
141,3.38755455183569,12,0.08197053
141,3.38755455183569,13,0.08178786
141,3.38755455183569,14,0.08172027
141,3.38755455183569,15,0.08208264
142,3.39732047486801,0,0.08167038
142,3.39732047486801,1,0.08178946
142,3.39732047486801,2,0.08227801
142,3.39732047486801,3,0.08221005
142,3.39732047486801,4,0.08207846
142,3.39732047486801,5,0.08193245
142,3.39732047486801,6,0.08195885
142,3.39732047486801,7,0.08186397
142,3.39732047486801,8,0.08232883
142,3.39732047486801,9,0.08235227
142,3.39732047486801,10,0.08187342
142,3.39732047486801,11,0.08196929
142,3.39732047486801,12,0.08187749
142,3.39732047486801,13,0.08213152
142,3.39732047486801,14,0.08232848
142,3.39732047486801,15,0.08206706
143,3.40830713827937,0,0.08199191
143,3.40830713827937,1,0.0822421
143,3.40830713827937,2,0.0820579
143,3.40830713827937,3,0.08229671
143,3.40830713827937,4,0.08182713
143,3.40830713827937,5,0.08192266
143,3.40830713827937,6,0.08225598
143,3.40830713827937,7,0.08182689
143,3.40830713827937,8,0.08180257
143,3.40830713827937,9,0.08205567
143,3.40830713827937,10,0.08184077
143,3.40830713827937,11,0.08182264
143,3.40830713827937,12,0.08202308
143,3.40830713827937,13,0.08220167
143,3.40830713827937,14,0.08191976
143,3.40830713827937,15,0.0821199
144,3.41807306131169,0,0.08186142
144,3.41807306131169,1,0.08202561
144,3.41807306131169,2,0.08200082
144,3.41807306131169,3,0.08226194
144,3.41807306131169,4,0.08223131
144,3.41807306131169,5,0.08203924
144,3.41807306131169,6,0.08229306
144,3.41807306131169,7,0.08221211
144,3.41807306131169,8,0.08200082
144,3.41807306131169,9,0.08236744
144,3.41807306131169,10,0.08216518
144,3.41807306131169,11,0.08203117
144,3.41807306131169,12,0.08192082
144,3.41807306131169,13,0.0818978
144,3.41807306131169,14,0.08223785
144,3.41807306131169,15,0.08231396
145,3.42844935453352,0,0.08207432
145,3.42844935453352,1,0.0820663
145,3.42844935453352,2,0.08213542
145,3.42844935453352,3,0.082389
145,3.42844935453352,4,0.08218814
145,3.42844935453352,5,0.08219682
145,3.42844935453352,6,0.08227736
145,3.42844935453352,7,0.08227853
145,3.42844935453352,8,0.08194178
145,3.42844935453352,9,0.08203984
145,3.42844935453352,10,0.08213029
145,3.42844935453352,11,0.08201239
145,3.42844935453352,12,0.08232913
145,3.42844935453352,13,0.08220149
145,3.42844935453352,14,0.08216394
145,3.42844935453352,15,0.08182861
146,3.43821527756584,0,0.08206859
146,3.43821527756584,1,0.08171737
146,3.43821527756584,2,0.08187856
146,3.43821527756584,3,0.08201995
146,3.43821527756584,4,0.0818044
146,3.43821527756584,5,0.08194065
146,3.43821527756584,6,0.08203647
146,3.43821527756584,7,0.08214033
146,3.43821527756584,8,0.08197307
146,3.43821527756584,9,0.08195796
146,3.43821527756584,10,0.08201499
146,3.43821527756584,11,0.08175333
146,3.43821527756584,12,0.08226407
146,3.43821527756584,13,0.08198021
146,3.43821527756584,14,0.08182565
146,3.43821527756584,15,0.08156513
147,3.44798120059816,0,0.08223172
147,3.44798120059816,1,0.08206346
147,3.44798120059816,2,0.08197838
147,3.44798120059816,3,0.0820559
147,3.44798120059816,4,0.08230061
147,3.44798120059816,5,0.08230876
147,3.44798120059816,6,0.08223006
147,3.44798120059816,7,0.08196439
147,3.44798120059816,8,0.08183511
147,3.44798120059816,9,0.08182636
147,3.44798120059816,10,0.08219139
147,3.44798120059816,11,0.08201516
147,3.44798120059816,12,0.0819193
147,3.44798120059816,13,0.08187678
147,3.44798120059816,14,0.08172198
147,3.44798120059816,15,0.08192112
148,3.45774712363048,0,0.082003
148,3.45774712363048,1,0.08204078
148,3.45774712363048,2,0.08193652
148,3.45774712363048,3,0.08220728
148,3.45774712363048,4,0.08213896
148,3.45774712363048,5,0.08201864
148,3.45774712363048,6,0.08208796
148,3.45774712363048,7,0.08207326
148,3.45774712363048,8,0.08226395
148,3.45774712363048,9,0.08205561
148,3.45774712363048,10,0.08207787
148,3.45774712363048,11,0.08187259
148,3.45774712363048,12,0.08234483
148,3.45774712363048,13,0.08220952
148,3.45774712363048,14,0.08247666
148,3.45774712363048,15,0.08211907
149,3.46812341685232,0,0.08213253
149,3.46812341685232,1,0.08216022
149,3.46812341685232,2,0.08243681
149,3.46812341685232,3,0.08203293
149,3.46812341685232,4,0.08201563
149,3.46812341685232,5,0.08246739
149,3.46812341685232,6,0.0821496
149,3.46812341685232,7,0.08216631
149,3.46812341685232,8,0.08212232
149,3.46812341685232,9,0.08204321
149,3.46812341685232,10,0.08201876
149,3.46812341685232,11,0.08207373
149,3.46812341685232,12,0.08172835
149,3.46812341685232,13,0.08214535
149,3.46812341685232,14,0.08187566
149,3.46812341685232,15,0.08194261
150,3.47788933988464,0,0.08189142
150,3.47788933988464,1,0.08174831
150,3.47788933988464,2,0.08215367
150,3.47788933988464,3,0.08219051
150,3.47788933988464,4,0.08209486
150,3.47788933988464,5,0.08193824
150,3.47788933988464,6,0.0817913
150,3.47788933988464,7,0.08202042
150,3.47788933988464,8,0.08203293
150,3.47788933988464,9,0.08221702
150,3.47788933988464,10,0.08212001
150,3.47788933988464,11,0.0823332
150,3.47788933988464,12,0.08211913
150,3.47788933988464,13,0.08221412
150,3.47788933988464,14,0.08206729
150,3.47788933988464,15,0.08258234
151,3.48826563310648,0,0.08247171
151,3.48826563310648,1,0.08230828
151,3.48826563310648,2,0.08214551
151,3.48826563310648,3,0.08239726
151,3.48826563310648,4,0.0821823
151,3.48826563310648,5,0.08268484
151,3.48826563310648,6,0.08251817
151,3.48826563310648,7,0.08241285
151,3.48826563310648,8,0.08222168
151,3.48826563310648,9,0.08224323
151,3.48826563310648,10,0.08212409
151,3.48826563310648,11,0.08249474
151,3.48826563310648,12,0.08227947
151,3.48826563310648,13,0.08247637
151,3.48826563310648,14,0.08241107
151,3.48826563310648,15,0.08243687
152,3.4980315561388,0,0.08210561
152,3.4980315561388,1,0.08250943
152,3.4980315561388,2,0.08278903
152,3.4980315561388,3,0.08243274
152,3.4980315561388,4,0.082162
152,3.4980315561388,5,0.08210154
152,3.4980315561388,6,0.08193883
152,3.4980315561388,7,0.08215691
152,3.4980315561388,8,0.08217338
152,3.4980315561388,9,0.08232865
152,3.4980315561388,10,0.08232748
152,3.4980315561388,11,0.08210544
152,3.4980315561388,12,0.08208672
152,3.4980315561388,13,0.08201965
152,3.4980315561388,14,0.08226897
152,3.4980315561388,15,0.08177346
153,3.50840784936064,0,0.08212575
153,3.50840784936064,1,0.08210496
153,3.50840784936064,2,0.08214553
153,3.50840784936064,3,0.08217309
153,3.50840784936064,4,0.08217434
153,3.50840784936064,5,0.08227836
153,3.50840784936064,6,0.08212114
153,3.50840784936064,7,0.08215042
153,3.50840784936064,8,0.08224477
153,3.50840784936064,9,0.08204043
153,3.50840784936064,10,0.08195441
153,3.50840784936064,11,0.08181521
153,3.50840784936064,12,0.08211263
153,3.50840784936064,13,0.08232435
153,3.50840784936064,14,0.08207863
153,3.50840784936064,15,0.08214192
154,3.51756340220344,0,0.08199291
154,3.51756340220344,1,0.08236627
154,3.51756340220344,2,0.08231998
154,3.51756340220344,3,0.0821836
154,3.51756340220344,4,0.08181291
154,3.51756340220344,5,0.08221495
154,3.51756340220344,6,0.08194675
154,3.51756340220344,7,0.08195288
154,3.51756340220344,8,0.0823727
154,3.51756340220344,9,0.08235936
154,3.51756340220344,10,0.0822473
154,3.51756340220344,11,0.08212191
154,3.51756340220344,12,0.08221194
154,3.51756340220344,13,0.08251569
154,3.51756340220344,14,0.08218843
154,3.51756340220344,15,0.0820239
155,3.5285500656148,0,0.08211754
155,3.5285500656148,1,0.08218348
155,3.5285500656148,2,0.08221117
155,3.5285500656148,3,0.08202881
155,3.5285500656148,4,0.08201977
155,3.5285500656148,5,0.08243859
155,3.5285500656148,6,0.08189508
155,3.5285500656148,7,0.08215101
155,3.5285500656148,8,0.08192348
155,3.5285500656148,9,0.08212462
155,3.5285500656148,10,0.08223662
155,3.5285500656148,11,0.08221973
155,3.5285500656148,12,0.08227641
155,3.5285500656148,13,0.08220207
155,3.5285500656148,14,0.08250494
155,3.5285500656148,15,0.08225609
156,3.53770561845759,0,0.0824939
156,3.53770561845759,1,0.08223721
156,3.53770561845759,2,0.08251504
156,3.53770561845759,3,0.0823652
156,3.53770561845759,4,0.08250288
156,3.53770561845759,5,0.08248245
156,3.53770561845759,6,0.08250884
156,3.53770561845759,7,0.08239189
156,3.53770561845759,8,0.08223432
156,3.53770561845759,9,0.08239514
156,3.53770561845759,10,0.08246362
156,3.53770561845759,11,0.0824116
156,3.53770561845759,12,0.08229748
156,3.53770561845759,13,0.08241774
156,3.53770561845759,14,0.08227044
156,3.53770561845759,15,0.08224795
157,3.54808191167943,0,0.08227061
157,3.54808191167943,1,0.08232984
157,3.54808191167943,2,0.0824367
157,3.54808191167943,3,0.08229241
157,3.54808191167943,4,0.08230675
157,3.54808191167943,5,0.08224051
157,3.54808191167943,6,0.08254325
157,3.54808191167943,7,0.08230953
157,3.54808191167943,8,0.08253948
157,3.54808191167943,9,0.08227765
157,3.54808191167943,10,0.08219788
157,3.54808191167943,11,0.08253068
157,3.54808191167943,12,0.08264994
157,3.54808191167943,13,0.08268347
157,3.54808191167943,14,0.08229028
157,3.54808191167943,15,0.08253399
158,3.55906857509079,0,0.08252384
158,3.55906857509079,1,0.08227511
158,3.55906857509079,2,0.08228308
158,3.55906857509079,3,0.08212096
158,3.55906857509079,4,0.08257113
158,3.55906857509079,5,0.08271104
158,3.55906857509079,6,0.082215
158,3.55906857509079,7,0.08228077
158,3.55906857509079,8,0.08237666
158,3.55906857509079,9,0.08234069
158,3.55906857509079,10,0.08212864
158,3.55906857509079,11,0.08219282
158,3.55906857509079,12,0.08215822
158,3.55906857509079,13,0.0822133
158,3.55906857509079,14,0.08239412
158,3.55906857509079,15,0.08237299
159,3.56822412793359,0,0.08247348
159,3.56822412793359,1,0.08251923
159,3.56822412793359,2,0.08245192
159,3.56822412793359,3,0.0825135
159,3.56822412793359,4,0.08243635
159,3.56822412793359,5,0.08253812
159,3.56822412793359,6,0.08258813
159,3.56822412793359,7,0.08252024
159,3.56822412793359,8,0.08251681
159,3.56822412793359,9,0.08270308
159,3.56822412793359,10,0.08232529
159,3.56822412793359,11,0.08235623
159,3.56822412793359,12,0.08261558
159,3.56822412793359,13,0.08269333
159,3.56822412793359,14,0.08290859
159,3.56822412793359,15,0.08238834
160,3.57860042115543,0,0.08245529
160,3.57860042115543,1,0.082618
160,3.57860042115543,2,0.08253706
160,3.57860042115543,3,0.08293273
160,3.57860042115543,4,0.08286301
160,3.57860042115543,5,0.08251239
160,3.57860042115543,6,0.08285799
160,3.57860042115543,7,0.0825102
160,3.57860042115543,8,0.08249042
160,3.57860042115543,9,0.08238061
160,3.57860042115543,10,0.08265614
160,3.57860042115543,11,0.08282115
160,3.57860042115543,12,0.08276571
160,3.57860042115543,13,0.08272935
160,3.57860042115543,14,0.08260643
160,3.57860042115543,15,0.08258352
161,3.58897671437727,0,0.08259203
161,3.58897671437727,1,0.08253323
161,3.58897671437727,2,0.08262567
161,3.58897671437727,3,0.08278219
161,3.58897671437727,4,0.08234867
161,3.58897671437727,5,0.08223921
161,3.58897671437727,6,0.08260465
161,3.58897671437727,7,0.08270727
161,3.58897671437727,8,0.08263453
161,3.58897671437727,9,0.08263335
161,3.58897671437727,10,0.08256917
161,3.58897671437727,11,0.08251864
161,3.58897671437727,12,0.08262851
161,3.58897671437727,13,0.08263306
161,3.58897671437727,14,0.08295795
161,3.58897671437727,15,0.08276825
162,3.59935300759911,0,0.08277309
162,3.59935300759911,1,0.08252507
162,3.59935300759911,2,0.08247212
162,3.59935300759911,3,0.08247679
162,3.59935300759911,4,0.08248298
162,3.59935300759911,5,0.08275615
162,3.59935300759911,6,0.08253299
162,3.59935300759911,7,0.0826265
162,3.59935300759911,8,0.08252254
162,3.59935300759911,9,0.08258063
162,3.59935300759911,10,0.08253493
162,3.59935300759911,11,0.08251628
162,3.59935300759911,12,0.08232452
162,3.59935300759911,13,0.08227452
162,3.59935300759911,14,0.08242288
162,3.59935300759911,15,0.08249438
163,3.60911893063143,0,0.08224417
163,3.60911893063143,1,0.08239756
163,3.60911893063143,2,0.08254916
163,3.60911893063143,3,0.08246987
163,3.60911893063143,4,0.08231343
163,3.60911893063143,5,0.08259681
163,3.60911893063143,6,0.08241078
163,3.60911893063143,7,0.0822646
163,3.60911893063143,8,0.08251002
163,3.60911893063143,9,0.08244768
163,3.60911893063143,10,0.08223
163,3.60911893063143,11,0.08240505
163,3.60911893063143,12,0.08226147
163,3.60911893063143,13,0.08235717
163,3.60911893063143,14,0.08208235
163,3.60911893063143,15,0.08236449
164,3.61888485366375,0,0.08226755
164,3.61888485366375,1,0.08215301
164,3.61888485366375,2,0.08200601
164,3.61888485366375,3,0.08220585
164,3.61888485366375,4,0.08224081
164,3.61888485366375,5,0.08244927
164,3.61888485366375,6,0.08212149
164,3.61888485366375,7,0.08231767
164,3.61888485366375,8,0.08245251
164,3.61888485366375,9,0.08234195
164,3.61888485366375,10,0.08225314
164,3.61888485366375,11,0.08214398
164,3.61888485366375,12,0.0823854
164,3.61888485366375,13,0.0825683
164,3.61888485366375,14,0.08244272
164,3.61888485366375,15,0.08223526
165,3.62865077669607,0,0.08218171
165,3.62865077669607,1,0.08203884
165,3.62865077669607,2,0.08241137
165,3.62865077669607,3,0.0821268
165,3.62865077669607,4,0.08262178
165,3.62865077669607,5,0.08234353
165,3.62865077669607,6,0.08236314
165,3.62865077669607,7,0.08245134
165,3.62865077669607,8,0.08240594
165,3.62865077669607,9,0.08237895
165,3.62865077669607,10,0.08214829
165,3.62865077669607,11,0.08234973
165,3.62865077669607,12,0.08240269
165,3.62865077669607,13,0.08243492
165,3.62865077669607,14,0.082311
165,3.62865077669607,15,0.08236189
166,3.6390270699179,0,0.08255678
166,3.6390270699179,1,0.08232399
166,3.6390270699179,2,0.08229572
166,3.6390270699179,3,0.08224417
166,3.6390270699179,4,0.0821522
166,3.6390270699179,5,0.08223373
166,3.6390270699179,6,0.08232759
166,3.6390270699179,7,0.08234643
166,3.6390270699179,8,0.08238114
166,3.6390270699179,9,0.0823577
166,3.6390270699179,10,0.08244006
166,3.6390270699179,11,0.08230764
166,3.6390270699179,12,0.08229867
166,3.6390270699179,13,0.08283384
166,3.6390270699179,14,0.08228716
166,3.6390270699179,15,0.08214676
167,3.64940336313974,0,0.08210047
167,3.64940336313974,1,0.08221453
167,3.64940336313974,2,0.08241893
167,3.64940336313974,3,0.08229737
167,3.64940336313974,4,0.08253818
167,3.64940336313974,5,0.08225864
167,3.64940336313974,6,0.08217876
167,3.64940336313974,7,0.08234242
167,3.64940336313974,8,0.08210142
167,3.64940336313974,9,0.08214493
167,3.64940336313974,10,0.08226413
167,3.64940336313974,11,0.08226637
167,3.64940336313974,12,0.08238138
167,3.64940336313974,13,0.08231615
167,3.64940336313974,14,0.08236466
167,3.64940336313974,15,0.08198476
168,3.65977965636158,0,0.08256428
168,3.65977965636158,1,0.08241763
168,3.65977965636158,2,0.08248965
168,3.65977965636158,3,0.08246462
168,3.65977965636158,4,0.0823433
168,3.65977965636158,5,0.08243179
168,3.65977965636158,6,0.0824622
168,3.65977965636158,7,0.08263719
168,3.65977965636158,8,0.08253022
168,3.65977965636158,9,0.08270951
168,3.65977965636158,10,0.08267049
168,3.65977965636158,11,0.08255211
168,3.65977965636158,12,0.08250394
168,3.65977965636158,13,0.08234979
168,3.65977965636158,14,0.08260325
168,3.65977965636158,15,0.08230374
169,3.6695455793939,0,0.08238959
169,3.6695455793939,1,0.08198211
169,3.6695455793939,2,0.08243298
169,3.6695455793939,3,0.0821826
169,3.6695455793939,4,0.08229098
169,3.6695455793939,5,0.08209894
169,3.6695455793939,6,0.08204971
169,3.6695455793939,7,0.08213985
169,3.6695455793939,8,0.08223142
169,3.6695455793939,9,0.08225309
169,3.6695455793939,10,0.08228633
169,3.6695455793939,11,0.08233798
169,3.6695455793939,12,0.08217859
169,3.6695455793939,13,0.08192053
169,3.6695455793939,14,0.08212397
169,3.6695455793939,15,0.08192077
170,3.67931150242622,0,0.08186515
170,3.67931150242622,1,0.08195353
170,3.67931150242622,2,0.08218106
170,3.67931150242622,3,0.08227026
170,3.67931150242622,4,0.08204622
170,3.67931150242622,5,0.08200997
170,3.67931150242622,6,0.08231974
170,3.67931150242622,7,0.08225031
170,3.67931150242622,8,0.08230303
170,3.67931150242622,9,0.08206056
170,3.67931150242622,10,0.08221418
170,3.67931150242622,11,0.08203902
170,3.67931150242622,12,0.08209328
170,3.67931150242622,13,0.08211789
170,3.67931150242622,14,0.08227611
170,3.67931150242622,15,0.08214168
171,3.68968779564806,0,0.08207119
171,3.68968779564806,1,0.08190188
171,3.68968779564806,2,0.08226773
171,3.68968779564806,3,0.08246946
171,3.68968779564806,4,0.08221406
171,3.68968779564806,5,0.08231803
171,3.68968779564806,6,0.08230451
171,3.68968779564806,7,0.08218147
171,3.68968779564806,8,0.08236396
171,3.68968779564806,9,0.08225073
171,3.68968779564806,10,0.08217894
171,3.68968779564806,11,0.08236095
171,3.68968779564806,12,0.08235924
171,3.68968779564806,13,0.08256923
171,3.68968779564806,14,0.08244112
171,3.68968779564806,15,0.08196882
172,3.69945371868038,0,0.08207291
172,3.69945371868038,1,0.0819197
172,3.69945371868038,2,0.08237246
172,3.69945371868038,3,0.08244467
172,3.69945371868038,4,0.08205844
172,3.69945371868038,5,0.08219682
172,3.69945371868038,6,0.08209682
172,3.69945371868038,7,0.08205213
172,3.69945371868038,8,0.08235841
172,3.69945371868038,9,0.08226608
172,3.69945371868038,10,0.0823061
172,3.69945371868038,11,0.08198193
172,3.69945371868038,12,0.08200803
172,3.69945371868038,13,0.08201593
172,3.69945371868038,14,0.0821081
172,3.69945371868038,15,0.08228586
173,3.7092196417127,0,0.08237217
173,3.7092196417127,1,0.08234714
173,3.7092196417127,2,0.08242471
173,3.7092196417127,3,0.0822235
173,3.7092196417127,4,0.08229453
173,3.7092196417127,5,0.08227652
173,3.7092196417127,6,0.08230983
173,3.7092196417127,7,0.08214705
173,3.7092196417127,8,0.08213856
173,3.7092196417127,9,0.08239696
173,3.7092196417127,10,0.08267444
173,3.7092196417127,11,0.0822532
173,3.7092196417127,12,0.08215579
173,3.7092196417127,13,0.0822062
173,3.7092196417127,14,0.0821212
173,3.7092196417127,15,0.08212751
174,3.71959593493454,0,0.08233362
174,3.71959593493454,1,0.08212456
174,3.71959593493454,2,0.08206888
174,3.71959593493454,3,0.08218336
174,3.71959593493454,4,0.08212043
174,3.71959593493454,5,0.08241232
174,3.71959593493454,6,0.08225568
174,3.71959593493454,7,0.08242896
174,3.71959593493454,8,0.08231207
174,3.71959593493454,9,0.08228072
174,3.71959593493454,10,0.08197815
174,3.71959593493454,11,0.08212267
174,3.71959593493454,12,0.08215444
174,3.71959593493454,13,0.08233356
174,3.71959593493454,14,0.08192921
174,3.71959593493454,15,0.08213826
175,3.72997222815638,0,0.08219936
175,3.72997222815638,1,0.0825014
175,3.72997222815638,2,0.08230711
175,3.72997222815638,3,0.08232435
175,3.72997222815638,4,0.08264776
175,3.72997222815638,5,0.08241303
175,3.72997222815638,6,0.0825249
175,3.72997222815638,7,0.08255831
175,3.72997222815638,8,0.08235817
175,3.72997222815638,9,0.08241639
175,3.72997222815638,10,0.08235244
175,3.72997222815638,11,0.08248705
175,3.72997222815638,12,0.08266842
175,3.72997222815638,13,0.08242365
175,3.72997222815638,14,0.08242471
175,3.72997222815638,15,0.08229719
176,3.73912778099918,0,0.08225905
176,3.73912778099918,1,0.0826157
176,3.73912778099918,2,0.0824798
176,3.73912778099918,3,0.08247335
176,3.73912778099918,4,0.0823345
176,3.73912778099918,5,0.08232134
176,3.73912778099918,6,0.08221406
176,3.73912778099918,7,0.08239248
176,3.73912778099918,8,0.08237707
176,3.73912778099918,9,0.08229022
176,3.73912778099918,10,0.08219647
176,3.73912778099918,11,0.08203819
176,3.73912778099918,12,0.08243032
176,3.73912778099918,13,0.08223384
176,3.73912778099918,14,0.08223904
176,3.73912778099918,15,0.0822662
177,3.75011444441054,0,0.08255944
177,3.75011444441054,1,0.0826895
177,3.75011444441054,2,0.08254579
177,3.75011444441054,3,0.08258589
177,3.75011444441054,4,0.08258706
177,3.75011444441054,5,0.08273248
177,3.75011444441054,6,0.08260129
177,3.75011444441054,7,0.08236851
177,3.75011444441054,8,0.0825958
177,3.75011444441054,9,0.08285433
177,3.75011444441054,10,0.08264162
177,3.75011444441054,11,0.08276459
177,3.75011444441054,12,0.08259621
177,3.75011444441054,13,0.08285628
177,3.75011444441054,14,0.08251551
177,3.75011444441054,15,0.08269817
178,3.75926999725333,0,0.0825491
178,3.75926999725333,1,0.08268601
178,3.75926999725333,2,0.08254816
178,3.75926999725333,3,0.08265448
178,3.75926999725333,4,0.08261712
178,3.75926999725333,5,0.08275166
178,3.75926999725333,6,0.08264929
178,3.75926999725333,7,0.08264215
178,3.75926999725333,8,0.0826124
178,3.75926999725333,9,0.08229601
178,3.75926999725333,10,0.0824694
178,3.75926999725333,11,0.08234719
178,3.75926999725333,12,0.08216642
178,3.75926999725333,13,0.08246167
178,3.75926999725333,14,0.08249757
178,3.75926999725333,15,0.08252212
179,3.77025666066469,0,0.08209416
179,3.77025666066469,1,0.08229247
179,3.77025666066469,2,0.08215751
179,3.77025666066469,3,0.08242075
179,3.77025666066469,4,0.08240824
179,3.77025666066469,5,0.0822741
179,3.77025666066469,6,0.08204149
179,3.77025666066469,7,0.08231001
179,3.77025666066469,8,0.08240275
179,3.77025666066469,9,0.08204993
179,3.77025666066469,10,0.08252721
179,3.77025666066469,11,0.08234844
179,3.77025666066469,12,0.08234613
179,3.77025666066469,13,0.08229052
179,3.77025666066469,14,0.08232128
179,3.77025666066469,15,0.08255348
180,3.78002258369701,0,0.08260696
180,3.78002258369701,1,0.08230422
180,3.78002258369701,2,0.08247088
180,3.78002258369701,3,0.08209717
180,3.78002258369701,4,0.08233202
180,3.78002258369701,5,0.08238562
180,3.78002258369701,6,0.08249155
180,3.78002258369701,7,0.08207881
180,3.78002258369701,8,0.08220633
180,3.78002258369701,9,0.08244207
180,3.78002258369701,10,0.08239631
180,3.78002258369701,11,0.08236278
180,3.78002258369701,12,0.08218644
180,3.78002258369701,13,0.08215355
180,3.78002258369701,14,0.08230115
180,3.78002258369701,15,0.08240771
181,3.78978850672933,0,0.0820066
181,3.78978850672933,1,0.0821356
181,3.78978850672933,2,0.08205099
181,3.78978850672933,3,0.08208583
181,3.78978850672933,4,0.08189851
181,3.78978850672933,5,0.08173934
181,3.78978850672933,6,0.08201683
181,3.78978850672933,7,0.08216571
181,3.78978850672933,8,0.08215721
181,3.78978850672933,9,0.08222959
181,3.78978850672933,10,0.08254716
181,3.78978850672933,11,0.08217782
181,3.78978850672933,12,0.08235646
181,3.78978850672933,13,0.08235599
181,3.78978850672933,14,0.08210891
181,3.78978850672933,15,0.08248517
182,3.79955442976165,0,0.08227877
182,3.79955442976165,1,0.08234259
182,3.79955442976165,2,0.08212179
182,3.79955442976165,3,0.0822532
182,3.79955442976165,4,0.08205195
182,3.79955442976165,5,0.08215196
182,3.79955442976165,6,0.08223426
182,3.79955442976165,7,0.08210006
182,3.79955442976165,8,0.08223113
182,3.79955442976165,9,0.0823727
182,3.79955442976165,10,0.08228308
182,3.79955442976165,11,0.08217291
182,3.79955442976165,12,0.08207733
182,3.79955442976165,13,0.08224665
182,3.79955442976165,14,0.0822499
182,3.79955442976165,15,0.08228508
183,3.80993072298349,0,0.08248847
183,3.80993072298349,1,0.08240045
183,3.80993072298349,2,0.08200194
183,3.80993072298349,3,0.08227605
183,3.80993072298349,4,0.08214014
183,3.80993072298349,5,0.08211966
183,3.80993072298349,6,0.08206859
183,3.80993072298349,7,0.08197048
183,3.80993072298349,8,0.0820654
183,3.80993072298349,9,0.0822192
183,3.80993072298349,10,0.0821666
183,3.80993072298349,11,0.082213
183,3.80993072298349,12,0.08225238
183,3.80993072298349,13,0.08209328
183,3.80993072298349,14,0.0820203
183,3.80993072298349,15,0.08202267
184,3.82030701620533,0,0.08226696
184,3.82030701620533,1,0.08230817
184,3.82030701620533,2,0.08231307
184,3.82030701620533,3,0.08212798
184,3.82030701620533,4,0.08252732
184,3.82030701620533,5,0.08214357
184,3.82030701620533,6,0.08210348
184,3.82030701620533,7,0.08243593
184,3.82030701620533,8,0.08236974
184,3.82030701620533,9,0.08248699
184,3.82030701620533,10,0.08237636
184,3.82030701620533,11,0.08219329
184,3.82030701620533,12,0.08251215
184,3.82030701620533,13,0.08260135
184,3.82030701620533,14,0.08243463
184,3.82030701620533,15,0.08230799
185,3.82946256904813,0,0.08215243
185,3.82946256904813,1,0.08243209
185,3.82946256904813,2,0.08268064
185,3.82946256904813,3,0.08225556
185,3.82946256904813,4,0.08218855
185,3.82946256904813,5,0.08222888
185,3.82946256904813,6,0.08214848
185,3.82946256904813,7,0.0820425
185,3.82946256904813,8,0.08217079
185,3.82946256904813,9,0.08211735
185,3.82946256904813,10,0.08187991
185,3.82946256904813,11,0.0822045
185,3.82946256904813,12,0.08216672
185,3.82946256904813,13,0.08216985
185,3.82946256904813,14,0.08205567
185,3.82946256904813,15,0.08223993
186,3.83922849208045,0,0.08221642
186,3.83922849208045,1,0.08214257
186,3.83922849208045,2,0.08215048
186,3.83922849208045,3,0.08216323
186,3.83922849208045,4,0.08236803
186,3.83922849208045,5,0.08238751
186,3.83922849208045,6,0.08245842
186,3.83922849208045,7,0.08253711
186,3.83922849208045,8,0.08246616
186,3.83922849208045,9,0.08259167
186,3.83922849208045,10,0.08250459
186,3.83922849208045,11,0.08210077
186,3.83922849208045,12,0.08239756
186,3.83922849208045,13,0.08235587
186,3.83922849208045,14,0.08244195
186,3.83922849208045,15,0.08225574
187,3.84960478530229,0,0.08259504
187,3.84960478530229,1,0.08236573
187,3.84960478530229,2,0.08261747
187,3.84960478530229,3,0.08252744
187,3.84960478530229,4,0.08233468
187,3.84960478530229,5,0.08244419
187,3.84960478530229,6,0.08227488
187,3.84960478530229,7,0.08221819
187,3.84960478530229,8,0.08235522
187,3.84960478530229,9,0.08239437
187,3.84960478530229,10,0.08234955
187,3.84960478530229,11,0.08238693
187,3.84960478530229,12,0.08213188
187,3.84960478530229,13,0.08241078
187,3.84960478530229,14,0.08223897
187,3.84960478530229,15,0.08247814
188,3.8593707083346,0,0.0820706
188,3.8593707083346,1,0.08220202
188,3.8593707083346,2,0.08222971
188,3.8593707083346,3,0.08224358
188,3.8593707083346,4,0.08234395
188,3.8593707083346,5,0.08226259
188,3.8593707083346,6,0.08197261
188,3.8593707083346,7,0.08223319
188,3.8593707083346,8,0.08207834
188,3.8593707083346,9,0.08228503
188,3.8593707083346,10,0.08213448
188,3.8593707083346,11,0.0824769
188,3.8593707083346,12,0.08188298
188,3.8593707083346,13,0.08242495
188,3.8593707083346,14,0.08220096
188,3.8593707083346,15,0.08223408
189,3.86974700155644,0,0.08210503
189,3.86974700155644,1,0.08220325
189,3.86974700155644,2,0.08217256
189,3.86974700155644,3,0.0823701
189,3.86974700155644,4,0.08234809
189,3.86974700155644,5,0.08222977
189,3.86974700155644,6,0.08219051
189,3.86974700155644,7,0.08234265
189,3.86974700155644,8,0.08226254
189,3.86974700155644,9,0.08226519
189,3.86974700155644,10,0.08220568
189,3.86974700155644,11,0.08224299
189,3.86974700155644,12,0.08219144
189,3.86974700155644,13,0.08200187
189,3.86974700155644,14,0.08193836
189,3.86974700155644,15,0.08182009
190,3.87951292458876,0,0.08229152
190,3.87951292458876,1,0.08271553
190,3.87951292458876,2,0.08247183
190,3.87951292458876,3,0.08240328
190,3.87951292458876,4,0.08232447
190,3.87951292458876,5,0.08258116
190,3.87951292458876,6,0.0824266
190,3.87951292458876,7,0.08241332
190,3.87951292458876,8,0.08206984
190,3.87951292458876,9,0.08224477
190,3.87951292458876,10,0.08222269
190,3.87951292458876,11,0.08240057
190,3.87951292458876,12,0.08215963
190,3.87951292458876,13,0.08229937
190,3.87951292458876,14,0.08235924
190,3.87951292458876,15,0.08237122
191,3.88927884762108,0,0.08261151
191,3.88927884762108,1,0.08233037
191,3.88927884762108,2,0.08249715
191,3.88927884762108,3,0.08292187
191,3.88927884762108,4,0.08271979
191,3.88927884762108,5,0.08269694
191,3.88927884762108,6,0.08309125
191,3.88927884762108,7,0.08261759
191,3.88927884762108,8,0.08249225
191,3.88927884762108,9,0.08243256
191,3.88927884762108,10,0.08245565
191,3.88927884762108,11,0.08245606
191,3.88927884762108,12,0.08244342
191,3.88927884762108,13,0.08252419
191,3.88927884762108,14,0.08249474
191,3.88927884762108,15,0.08253647
192,3.89965514084292,0,0.08239094
192,3.89965514084292,1,0.08254125
192,3.89965514084292,2,0.08268087
192,3.89965514084292,3,0.08260082
192,3.89965514084292,4,0.08273189
192,3.89965514084292,5,0.08255944
192,3.89965514084292,6,0.08247897
192,3.89965514084292,7,0.08254639
192,3.89965514084292,8,0.08262296
192,3.89965514084292,9,0.08233202
192,3.89965514084292,10,0.08230091
192,3.89965514084292,11,0.0825171
192,3.89965514084292,12,0.08234347
192,3.89965514084292,13,0.08263896
192,3.89965514084292,14,0.08254379
192,3.89965514084292,15,0.08276288
193,3.90942106387524,0,0.0826271
193,3.90942106387524,1,0.08210514
193,3.90942106387524,2,0.08260152
193,3.90942106387524,3,0.08224181
193,3.90942106387524,4,0.0826928
193,3.90942106387524,5,0.08244573
193,3.90942106387524,6,0.08250996
193,3.90942106387524,7,0.08242772
193,3.90942106387524,8,0.08228827
193,3.90942106387524,9,0.08254278
193,3.90942106387524,10,0.08244715
193,3.90942106387524,11,0.08272085
193,3.90942106387524,12,0.08254887
193,3.90942106387524,13,0.08250973
193,3.90942106387524,14,0.08233521
193,3.90942106387524,15,0.08235133
194,3.91918698690756,0,0.08270632
194,3.91918698690756,1,0.08269504
194,3.91918698690756,2,0.08305996
194,3.91918698690756,3,0.0827751
194,3.91918698690756,4,0.08286437
194,3.91918698690756,5,0.0826484
194,3.91918698690756,6,0.08269369
194,3.91918698690756,7,0.08254403
194,3.91918698690756,8,0.08277865
194,3.91918698690756,9,0.08261535
194,3.91918698690756,10,0.08250931
194,3.91918698690756,11,0.082699
194,3.91918698690756,12,0.08232109
194,3.91918698690756,13,0.08239803
194,3.91918698690756,14,0.08241591
194,3.91918698690756,15,0.08249927
195,3.92895290993988,0,0.08220208
195,3.92895290993988,1,0.08244579
195,3.92895290993988,2,0.08232623
195,3.92895290993988,3,0.08240836
195,3.92895290993988,4,0.08232441
195,3.92895290993988,5,0.08237943
195,3.92895290993988,6,0.08254107
195,3.92895290993988,7,0.08222906
195,3.92895290993988,8,0.0823717
195,3.92895290993988,9,0.08217569
195,3.92895290993988,10,0.08230309
195,3.92895290993988,11,0.08218862
195,3.92895290993988,12,0.08247389
195,3.92895290993988,13,0.08212439
195,3.92895290993988,14,0.08244219
195,3.92895290993988,15,0.0824106
196,3.93993957335124,0,0.08255719
196,3.93993957335124,1,0.08222079
196,3.93993957335124,2,0.08227234
196,3.93993957335124,3,0.08205093
196,3.93993957335124,4,0.08261168
196,3.93993957335124,5,0.08258358
196,3.93993957335124,6,0.08240482
196,3.93993957335124,7,0.08229448
196,3.93993957335124,8,0.08257856
196,3.93993957335124,9,0.08221625
196,3.93993957335124,10,0.08217374
196,3.93993957335124,11,0.08245199
196,3.93993957335124,12,0.08225952
196,3.93993957335124,13,0.08241792
196,3.93993957335124,14,0.08270378
196,3.93993957335124,15,0.08242501
197,3.94970549638356,0,0.08207745
197,3.94970549638356,1,0.08218378
197,3.94970549638356,2,0.08221784
197,3.94970549638356,3,0.08220326
197,3.94970549638356,4,0.08232718
197,3.94970549638356,5,0.08221891
197,3.94970549638356,6,0.08206765
197,3.94970549638356,7,0.08231737
197,3.94970549638356,8,0.08231018
197,3.94970549638356,9,0.0821372
197,3.94970549638356,10,0.08205809
197,3.94970549638356,11,0.08195429
197,3.94970549638356,12,0.08218513
197,3.94970549638356,13,0.08242666
197,3.94970549638356,14,0.08229046
197,3.94970549638356,15,0.08226814
198,3.95947141941588,0,0.08244892
198,3.95947141941588,1,0.08279511
198,3.95947141941588,2,0.08255914
198,3.95947141941588,3,0.08220757
198,3.95947141941588,4,0.08240458
198,3.95947141941588,5,0.08233911
198,3.95947141941588,6,0.08214954
198,3.95947141941588,7,0.08230617
198,3.95947141941588,8,0.08241396
198,3.95947141941588,9,0.08226448
198,3.95947141941588,10,0.08233875
198,3.95947141941588,11,0.08214068
198,3.95947141941588,12,0.08227735
198,3.95947141941588,13,0.08219659
198,3.95947141941588,14,0.08224146
198,3.95947141941588,15,0.08221418
199,3.9692373424482,0,0.08252366
199,3.9692373424482,1,0.0822721
199,3.9692373424482,2,0.08205673
199,3.9692373424482,3,0.08234064
199,3.9692373424482,4,0.08250347
199,3.9692373424482,5,0.08227871
199,3.9692373424482,6,0.08242737
199,3.9692373424482,7,0.08215048
199,3.9692373424482,8,0.08210903
199,3.9692373424482,9,0.08222835
199,3.9692373424482,10,0.08216896
199,3.9692373424482,11,0.08206086
199,3.9692373424482,12,0.08224329
199,3.9692373424482,13,0.08218631
199,3.9692373424482,14,0.08226229
199,3.9692373424482,15,0.08222475
200,3.97961363567003,0,0.08211883
200,3.97961363567003,1,0.08251085
200,3.97961363567003,2,0.08243357
200,3.97961363567003,3,0.08249526
200,3.97961363567003,4,0.08258872
200,3.97961363567003,5,0.08266334
200,3.97961363567003,6,0.08243593
200,3.97961363567003,7,0.08249202
200,3.97961363567003,8,0.08220698
200,3.97961363567003,9,0.08234212
200,3.97961363567003,10,0.08223136
200,3.97961363567003,11,0.0822136
200,3.97961363567003,12,0.08248581
200,3.97961363567003,13,0.08244389
200,3.97961363567003,14,0.08245511
200,3.97961363567003,15,0.08228278
