position,voltage_mean,voltage_std,n_samples
-0.00610370189519944,0.007725918625,0.00013238119019373326,16
0.966826380199591,0.007741536375,0.0002890670324786006,16
1.95684682760094,0.007174257,0.00018250749846821364,16
2.94747764519181,0.10314913125,0.0007452493841986297,16
3.94116031373028,0.20477326875,0.00031510286954967336,16
4.93423261207923,0.23296978124999998,0.0002015093211825145,16
