pos_index,position,sample_index,voltage
0,0.988189336832789,0,0.07205751
0,0.988189336832789,1,0.07178117
0,0.988189336832789,2,0.07201162
0,0.988189336832789,3,0.07190099
0,0.988189336832789,4,0.07191334
0,0.988189336832789,5,0.07168302
0,0.988189336832789,6,0.07165761
0,0.988189336832789,7,0.07172102
0,0.988189336832789,8,0.07164647
0,0.988189336832789,9,0.0716968
0,0.988189336832789,10,0.0716428
0,0.988189336832789,11,0.07183441
1,0.986358226264229,0,0.07191152
1,0.986358226264229,1,0.07191121
1,0.986358226264229,2,0.07180209
1,0.986358226264229,3,0.07192997
1,0.986358226264229,4,0.07219915
1,0.986358226264229,5,0.07194891
1,0.986358226264229,6,0.07213487
1,0.986358226264229,7,0.07171205
1,0.986358226264229,8,0.07173956
1,0.986358226264229,9,0.07167128
1,0.986358226264229,10,0.07192302
1,0.986358226264229,11,0.07187248
1,0.986358226264229,12,0.07181005
1,0.986358226264229,13,0.07195628
1,0.986358226264229,14,0.07181149
1,0.986358226264229,15,0.07159582
2,0.996734519486068,0,0.07183043
2,0.996734519486068,1,0.07194269
2,0.996734519486068,2,0.07172572
2,0.996734519486068,3,0.07192938
2,0.996734519486068,4,0.07178614
2,0.996734519486068,5,0.07190599
2,0.996734519486068,6,0.07184304
2,0.996734519486068,7,0.07194011
2,0.996734519486068,8,0.07229916
2,0.996734519486068,9,0.07200059
2,0.996734519486068,10,0.07213409
2,0.996734519486068,11,0.0720371
2,0.996734519486068,12,0.07200151
2,0.996734519486068,13,0.07218623
2,0.996734519486068,14,0.07210674
2,0.996734519486068,15,0.07210664
3,1.00711081270791,0,0.07186299
3,1.00711081270791,1,0.07211407
3,1.00711081270791,2,0.07196574
3,1.00711081270791,3,0.07182521
3,1.00711081270791,4,0.0719766
3,1.00711081270791,5,0.07184901
3,1.00711081270791,6,0.07191211
3,1.00711081270791,7,0.07223866
3,1.00711081270791,8,0.0722115
3,1.00711081270791,9,0.07183707
3,1.00711081270791,10,0.07185774
3,1.00711081270791,11,0.07179829
3,1.00711081270791,12,0.07210991
3,1.00711081270791,13,0.07194615
3,1.00711081270791,14,0.07182605
3,1.00711081270791,15,0.07171501
4,1.01687673574023,0,0.07192737
4,1.01687673574023,1,0.07180806
4,1.01687673574023,2,0.07179234
4,1.01687673574023,3,0.07199274
4,1.01687673574023,4,0.07194443
4,1.01687673574023,5,0.07181628
4,1.01687673574023,6,0.07193848
4,1.01687673574023,7,0.07216731
4,1.01687673574023,8,0.07178737
4,1.01687673574023,9,0.07169677
4,1.01687673574023,10,0.07167746
4,1.01687673574023,11,0.07185066
4,1.01687673574023,12,0.07192636
4,1.01687673574023,13,0.07220422
4,1.01687673574023,14,0.0721765
4,1.01687673574023,15,0.07191967
5,1.02664265877255,0,0.07198255
5,1.02664265877255,1,0.07212862
5,1.02664265877255,2,0.07221071
5,1.02664265877255,3,0.07200634
5,1.02664265877255,4,0.07196175
5,1.02664265877255,5,0.07194487
5,1.02664265877255,6,0.07184731
5,1.02664265877255,7,0.07182055
5,1.02664265877255,8,0.07203352
5,1.02664265877255,9,0.07186666
5,1.02664265877255,10,0.07195431
5,1.02664265877255,11,0.07192227
5,1.02664265877255,12,0.07224336
5,1.02664265877255,13,0.07211427
5,1.02664265877255,14,0.07212395
5,1.02664265877255,15,0.07214668
6,1.03701895199438,0,0.07227264
6,1.03701895199438,1,0.07204263
6,1.03701895199438,2,0.07193257
6,1.03701895199438,3,0.0720291
6,1.03701895199438,4,0.0719469
6,1.03701895199438,5,0.07226776
6,1.03701895199438,6,0.07175551
6,1.03701895199438,7,0.07222152
6,1.03701895199438,8,0.07205489
6,1.03701895199438,9,0.071988
6,1.03701895199438,10,0.07190781
6,1.03701895199438,11,0.07183256
6,1.03701895199438,12,0.07182127
6,1.03701895199438,13,0.07178359
6,1.03701895199438,14,0.07208531
6,1.03701895199438,15,0.07201706
7,1.04739524521622,0,0.07211263
7,1.04739524521622,1,0.07199562
7,1.04739524521622,2,0.07218765
7,1.04739524521622,3,0.07224843
7,1.04739524521622,4,0.07222697
7,1.04739524521622,5,0.07185804
7,1.04739524521622,6,0.07213338
7,1.04739524521622,7,0.0718701
7,1.04739524521622,8,0.07201618
7,1.04739524521622,9,0.07212839
7,1.04739524521622,10,0.07195362
7,1.04739524521622,11,0.07194461
7,1.04739524521622,12,0.0720511
7,1.04739524521622,13,0.07156572
7,1.04739524521622,14,0.07175192
7,1.04739524521622,15,0.07209439
8,1.05655079805902,0,0.07207825
8,1.05655079805902,1,0.0720641
8,1.05655079805902,2,0.07200465
8,1.05655079805902,3,0.07172376
8,1.05655079805902,4,0.07193236
8,1.05655079805902,5,0.07189556
8,1.05655079805902,6,0.072092
8,1.05655079805902,7,0.07223281
8,1.05655079805902,8,0.07190779
8,1.05655079805902,9,0.07218749
8,1.05655079805902,10,0.07164605
8,1.05655079805902,11,0.07203772
8,1.05655079805902,12,0.07188053
8,1.05655079805902,13,0.07224962
8,1.05655079805902,14,0.07175969
8,1.05655079805902,15,0.07194632
9,1.06692709128086,0,0.07195473
9,1.06692709128086,1,0.07164755
9,1.06692709128086,2,0.07161546
9,1.06692709128086,3,0.07145451
9,1.06692709128086,4,0.07170083
9,1.06692709128086,5,0.07185061
9,1.06692709128086,6,0.07160223
9,1.06692709128086,7,0.07200447
9,1.06692709128086,8,0.07165237
9,1.06692709128086,9,0.07176611
9,1.06692709128086,10,0.07184057
9,1.06692709128086,11,0.07188295
9,1.06692709128086,12,0.07189216
9,1.06692709128086,13,0.07198795
9,1.06692709128086,14,0.07193223
9,1.06692709128086,15,0.071712
10,1.07669301431318,0,0.07164311
10,1.07669301431318,1,0.07176952
10,1.07669301431318,2,0.07175797
10,1.07669301431318,3,0.07146677
10,1.07669301431318,4,0.07154702
10,1.07669301431318,5,0.07161756
10,1.07669301431318,6,0.07164745
10,1.07669301431318,7,0.07140729
10,1.07669301431318,8,0.0716314
10,1.07669301431318,9,0.07166608
10,1.07669301431318,10,0.07159212
10,1.07669301431318,11,0.07145055
10,1.07669301431318,12,0.07158813
10,1.07669301431318,13,0.07160177
10,1.07669301431318,14,0.07144912
10,1.07669301431318,15,0.07147478
11,1.0864589373455,0,0.07167125
11,1.0864589373455,1,0.07168124
11,1.0864589373455,2,0.07152881
11,1.0864589373455,3,0.07113659
11,1.0864589373455,4,0.07180899
11,1.0864589373455,5,0.07156873
11,1.0864589373455,6,0.07176138
11,1.0864589373455,7,0.0714407
11,1.0864589373455,8,0.0716247
11,1.0864589373455,9,0.07166741
11,1.0864589373455,10,0.07149193
11,1.0864589373455,11,0.07155988
11,1.0864589373455,12,0.07166361
11,1.0864589373455,13,0.07126512
11,1.0864589373455,14,0.07136337
11,1.0864589373455,15,0.07146077
12,1.09683523056734,0,0.07128374
12,1.09683523056734,1,0.07172357
12,1.09683523056734,2,0.07125525
12,1.09683523056734,3,0.07145285
12,1.09683523056734,4,0.07172447
12,1.09683523056734,5,0.07167091
12,1.09683523056734,6,0.0713675
12,1.09683523056734,7,0.07166929
12,1.09683523056734,8,0.07141942
12,1.09683523056734,9,0.07145423
12,1.09683523056734,10,0.07166149
12,1.09683523056734,11,0.0714507
12,1.09683523056734,12,0.07153188
12,1.09683523056734,13,0.07152686
12,1.09683523056734,14,0.07143493
12,1.09683523056734,15,0.07109679
13,1.10660115359966,0,0.07130827
13,1.10660115359966,1,0.07114626
13,1.10660115359966,2,0.07125898
13,1.10660115359966,3,0.07127321
13,1.10660115359966,4,0.07140242
13,1.10660115359966,5,0.07138304
13,1.10660115359966,6,0.07140256
13,1.10660115359966,7,0.07136983
13,1.10660115359966,8,0.07130498
13,1.10660115359966,9,0.07151932
13,1.10660115359966,10,0.07134518
13,1.10660115359966,11,0.07142623
13,1.10660115359966,12,0.07170245
13,1.10660115359966,13,0.07162409
13,1.10660115359966,14,0.07157525
13,1.10660115359966,15,0.07157613
14,1.11636707663198,0,0.0715568
14,1.11636707663198,1,0.0717122
14,1.11636707663198,2,0.07143281
14,1.11636707663198,3,0.0715601
14,1.11636707663198,4,0.07156599
14,1.11636707663198,5,0.07152364
14,1.11636707663198,6,0.07138613
14,1.11636707663198,7,0.07138992
14,1.11636707663198,8,0.07155403
14,1.11636707663198,9,0.07199112
14,1.11636707663198,10,0.07161816
14,1.11636707663198,11,0.07172386
14,1.11636707663198,12,0.07167702
14,1.11636707663198,13,0.07180508
14,1.11636707663198,14,0.07165661
14,1.11636707663198,15,0.07165779
15,1.12796411023286,0,0.07146286
15,1.12796411023286,1,0.07179301
15,1.12796411023286,2,0.07158584
15,1.12796411023286,3,0.07139879
15,1.12796411023286,4,0.07170209
15,1.12796411023286,5,0.07154982
15,1.12796411023286,6,0.07172398
15,1.12796411023286,7,0.07166928
15,1.12796411023286,8,0.07144592
15,1.12796411023286,9,0.071675
15,1.12796411023286,10,0.07132298
15,1.12796411023286,11,0.07148515
15,1.12796411023286,12,0.07174199
15,1.12796411023286,13,0.07170036
15,1.12796411023286,14,0.07141469
15,1.12796411023286,15,0.07145012
16,1.13711966307566,0,0.07149659
16,1.13711966307566,1,0.07180642
16,1.13711966307566,2,0.07161645
16,1.13711966307566,3,0.07132147
16,1.13711966307566,4,0.07162901
16,1.13711966307566,5,0.07188431
16,1.13711966307566,6,0.07178157
16,1.13711966307566,7,0.07151034
16,1.13711966307566,8,0.0714928
16,1.13711966307566,9,0.07158121
16,1.13711966307566,10,0.07148759
16,1.13711966307566,11,0.07147547
16,1.13711966307566,12,0.07142573
16,1.13711966307566,13,0.07134289
16,1.13711966307566,14,0.07168677
16,1.13711966307566,15,0.07161644
17,1.14749595629749,0,0.07122713
17,1.14749595629749,1,0.07164491
17,1.14749595629749,2,0.07158451
17,1.14749595629749,3,0.07128889
17,1.14749595629749,4,0.07126631
17,1.14749595629749,5,0.07176925
17,1.14749595629749,6,0.07165483
17,1.14749595629749,7,0.07169741
17,1.14749595629749,8,0.0716763
17,1.14749595629749,9,0.07175767
17,1.14749595629749,10,0.0717682
17,1.14749595629749,11,0.07147656
17,1.14749595629749,12,0.07135607
17,1.14749595629749,13,0.07159494
17,1.14749595629749,14,0.07177827
17,1.14749595629749,15,0.07191877
18,1.15726187932981,0,0.07147047
18,1.15726187932981,1,0.07183404
18,1.15726187932981,2,0.07167892
18,1.15726187932981,3,0.07191306
18,1.15726187932981,4,0.07191445
18,1.15726187932981,5,0.07199305
18,1.15726187932981,6,0.07189693
18,1.15726187932981,7,0.07174048
18,1.15726187932981,8,0.07162274
18,1.15726187932981,9,0.07151203
18,1.15726187932981,10,0.07191288
18,1.15726187932981,11,0.07177438
18,1.15726187932981,12,0.07153528
18,1.15726187932981,13,0.07166511
18,1.15726187932981,14,0.0716867
18,1.15726187932981,15,0.07150238
19,1.16702780236213,0,0.07171737
19,1.16702780236213,1,0.0715916
19,1.16702780236213,2,0.07164553
19,1.16702780236213,3,0.07175247
19,1.16702780236213,4,0.07151379
19,1.16702780236213,5,0.07135903
19,1.16702780236213,6,0.07167232
19,1.16702780236213,7,0.07143724
19,1.16702780236213,8,0.07134052
19,1.16702780236213,9,0.07155821
19,1.16702780236213,10,0.07146037
19,1.16702780236213,11,0.07153469
19,1.16702780236213,12,0.07162987
19,1.16702780236213,13,0.07157321
19,1.16702780236213,14,0.0719048
19,1.16702780236213,15,0.07166238
20,1.17801446577349,0,0.0713862
20,1.17801446577349,1,0.07167859
20,1.17801446577349,2,0.07171553
20,1.17801446577349,3,0.07148165
20,1.17801446577349,4,0.07158214
20,1.17801446577349,5,0.07176558
20,1.17801446577349,6,0.07158035
20,1.17801446577349,7,0.07151949
20,1.17801446577349,8,0.07147212
20,1.17801446577349,9,0.07170089
20,1.17801446577349,10,0.07154807
20,1.17801446577349,11,0.07166099
20,1.17801446577349,12,0.07163052
20,1.17801446577349,13,0.07171303
20,1.17801446577349,14,0.07152427
20,1.17801446577349,15,0.07115628
21,1.18778038880581,0,0.07156529
21,1.18778038880581,1,0.07158829
21,1.18778038880581,2,0.07132705
21,1.18778038880581,3,0.07133884
21,1.18778038880581,4,0.07145459
21,1.18778038880581,5,0.07145752
21,1.18778038880581,6,0.07157539
21,1.18778038880581,7,0.07125135
21,1.18778038880581,8,0.07128425
21,1.18778038880581,9,0.0716311
21,1.18778038880581,10,0.07163591
21,1.18778038880581,11,0.07151621
21,1.18778038880581,12,0.07166667
21,1.18778038880581,13,0.07127774
21,1.18778038880581,14,0.07166862
21,1.18778038880581,15,0.07164675
22,1.19754631183813,0,0.0710445
22,1.19754631183813,1,0.07166051
22,1.19754631183813,2,0.07116257
22,1.19754631183813,3,0.07141753
22,1.19754631183813,4,0.0712529
22,1.19754631183813,5,0.07136073
22,1.19754631183813,6,0.07135969
22,1.19754631183813,7,0.07154991
22,1.19754631183813,8,0.07116146
22,1.19754631183813,9,0.07121539
22,1.19754631183813,10,0.07115831
22,1.19754631183813,11,0.07101474
22,1.19754631183813,12,0.07118234
22,1.19754631183813,13,0.07133411
22,1.19754631183813,14,0.07147273
22,1.19754631183813,15,0.07118306
23,1.20792260505997,0,0.07152347
23,1.20792260505997,1,0.07114377
23,1.20792260505997,2,0.0715518
23,1.20792260505997,3,0.07141222
23,1.20792260505997,4,0.07112531
23,1.20792260505997,5,0.07144245
23,1.20792260505997,6,0.07144549
23,1.20792260505997,7,0.07154511
23,1.20792260505997,8,0.07156557
23,1.20792260505997,9,0.07168879
23,1.20792260505997,10,0.07177798
23,1.20792260505997,11,0.07127884
23,1.20792260505997,12,0.07150479
23,1.20792260505997,13,0.07186492
23,1.20792260505997,14,0.07130349
23,1.20792260505997,15,0.07140865
24,1.21768852809229,0,0.0715486
24,1.21768852809229,1,0.07147006
24,1.21768852809229,2,0.0712193
24,1.21768852809229,3,0.07141308
24,1.21768852809229,4,0.07119704
24,1.21768852809229,5,0.07156703
24,1.21768852809229,6,0.071445
24,1.21768852809229,7,0.07137243
24,1.21768852809229,8,0.07139444
24,1.21768852809229,9,0.07162176
24,1.21768852809229,10,0.07132664
24,1.21768852809229,11,0.0716314
24,1.21768852809229,12,0.07163776
24,1.21768852809229,13,0.07141515
24,1.21768852809229,14,0.07171182
24,1.21768852809229,15,0.07150954
25,1.22806482131413,0,0.07200581
25,1.22806482131413,1,0.07213044
25,1.22806482131413,2,0.07208478
25,1.22806482131413,3,0.07181864
25,1.22806482131413,4,0.07157613
25,1.22806482131413,5,0.07174519
25,1.22806482131413,6,0.07205918
25,1.22806482131413,7,0.07202931
25,1.22806482131413,8,0.07205944
25,1.22806482131413,9,0.07208427
25,1.22806482131413,10,0.07187035
25,1.22806482131413,11,0.07196175
25,1.22806482131413,12,0.071874
25,1.22806482131413,13,0.07184165
25,1.22806482131413,14,0.07171832
25,1.22806482131413,15,0.07194541
26,1.23783074434645,0,0.07232914
26,1.23783074434645,1,0.07227594
26,1.23783074434645,2,0.07210834
26,1.23783074434645,3,0.07207923
26,1.23783074434645,4,0.07205074
26,1.23783074434645,5,0.07224694
26,1.23783074434645,6,0.07216819
26,1.23783074434645,7,0.07224215
26,1.23783074434645,8,0.07221747
26,1.23783074434645,9,0.07234529
26,1.23783074434645,10,0.07202586
26,1.23783074434645,11,0.07186245
26,1.23783074434645,12,0.07229306
26,1.23783074434645,13,0.07199683
26,1.23783074434645,14,0.07222437
26,1.23783074434645,15,0.0719327
27,1.24698629718925,0,0.0721501
27,1.24698629718925,1,0.07215706
27,1.24698629718925,2,0.07252558
27,1.24698629718925,3,0.07219873
27,1.24698629718925,4,0.07245571
27,1.24698629718925,5,0.07231022
27,1.24698629718925,6,0.07233963
27,1.24698629718925,7,0.07247014
27,1.24698629718925,8,0.07218497
27,1.24698629718925,9,0.07230739
27,1.24698629718925,10,0.07224246
27,1.24698629718925,11,0.07239064
27,1.24698629718925,12,0.07220906
27,1.24698629718925,13,0.07242327
27,1.24698629718925,14,0.07223058
27,1.24698629718925,15,0.07239006
28,1.2579729606006,0,0.07244711
28,1.2579729606006,1,0.0724684
28,1.2579729606006,2,0.07245964
28,1.2579729606006,3,0.07244188
28,1.2579729606006,4,0.07236977
28,1.2579729606006,5,0.07257375
28,1.2579729606006,6,0.07259511
28,1.2579729606006,7,0.07269599
28,1.2579729606006,8,0.07225623
28,1.2579729606006,9,0.0724308
28,1.2579729606006,10,0.07252707
28,1.2579729606006,11,0.07250317
28,1.2579729606006,12,0.07283526
28,1.2579729606006,13,0.07268521
28,1.2579729606006,14,0.07258637
28,1.2579729606006,15,0.07241484
29,1.2671285134434,0,0.07288196
29,1.2671285134434,1,0.07282474
29,1.2671285134434,2,0.07311258
29,1.2671285134434,3,0.07292701
29,1.2671285134434,4,0.07252412
29,1.2671285134434,5,0.07272204
29,1.2671285134434,6,0.07273483
29,1.2671285134434,7,0.07271415
29,1.2671285134434,8,0.07265531
29,1.2671285134434,9,0.07297893
29,1.2671285134434,10,0.07265908
29,1.2671285134434,11,0.07251975
29,1.2671285134434,12,0.07286686
29,1.2671285134434,13,0.07262247
29,1.2671285134434,14,0.07285195
29,1.2671285134434,15,0.07279314
30,1.27811517685476,0,0.07270179
30,1.27811517685476,1,0.07271605
30,1.27811517685476,2,0.07268674
30,1.27811517685476,3,0.07274909
30,1.27811517685476,4,0.07293041
30,1.27811517685476,5,0.07267537
30,1.27811517685476,6,0.0727835
30,1.27811517685476,7,0.07300802
30,1.27811517685476,8,0.07302509
30,1.27811517685476,9,0.07280704
30,1.27811517685476,10,0.07282908
30,1.27811517685476,11,0.07284018
30,1.27811517685476,12,0.0727511
30,1.27811517685476,13,0.07281932
30,1.27811517685476,14,0.07304709
30,1.27811517685476,15,0.07262856
31,1.28788109988708,0,0.07314076
31,1.28788109988708,1,0.07333257
31,1.28788109988708,2,0.07313858
31,1.28788109988708,3,0.07312885
31,1.28788109988708,4,0.07341875
31,1.28788109988708,5,0.07298312
31,1.28788109988708,6,0.07300678
31,1.28788109988708,7,0.07274671
31,1.28788109988708,8,0.07311943
31,1.28788109988708,9,0.07289755
31,1.28788109988708,10,0.07298218
31,1.28788109988708,11,0.07328142
31,1.28788109988708,12,0.07351916
31,1.28788109988708,13,0.07313992
31,1.28788109988708,14,0.07322902
31,1.28788109988708,15,0.07318248
32,1.29825739310892,0,0.07310808
32,1.29825739310892,1,0.07328586
32,1.29825739310892,2,0.07317236
32,1.29825739310892,3,0.07353976
32,1.29825739310892,4,0.07325729
32,1.29825739310892,5,0.07297035
32,1.29825739310892,6,0.07318891
32,1.29825739310892,7,0.07293142
32,1.29825739310892,8,0.07333983
32,1.29825739310892,9,0.07311306
32,1.29825739310892,10,0.07303136
32,1.29825739310892,11,0.07324614
32,1.29825739310892,12,0.07324871
32,1.29825739310892,13,0.07338232
32,1.29825739310892,14,0.07322799
32,1.29825739310892,15,0.0731541
33,1.30802331614124,0,0.07304271
33,1.30802331614124,1,0.07342128
33,1.30802331614124,2,0.07332102
33,1.30802331614124,3,0.07337619
33,1.30802331614124,4,0.07336154
33,1.30802331614124,5,0.07323049
33,1.30802331614124,6,0.0732495
33,1.30802331614124,7,0.0735235
33,1.30802331614124,8,0.07368572
33,1.30802331614124,9,0.07324661
33,1.30802331614124,10,0.07340369
33,1.30802331614124,11,0.07361933
33,1.30802331614124,12,0.073502
33,1.30802331614124,13,0.07358748
33,1.30802331614124,14,0.07353323
33,1.30802331614124,15,0.07333466
34,1.31839960936308,0,0.07351151
34,1.31839960936308,1,0.07343391
34,1.31839960936308,2,0.07355013
34,1.31839960936308,3,0.07354194
34,1.31839960936308,4,0.07369903
34,1.31839960936308,5,0.07354791
34,1.31839960936308,6,0.07371125
34,1.31839960936308,7,0.07347622
34,1.31839960936308,8,0.07335849
34,1.31839960936308,9,0.07355864
34,1.31839960936308,10,0.07384662
34,1.31839960936308,11,0.07387937
34,1.31839960936308,12,0.07377151
34,1.31839960936308,13,0.07389908
34,1.31839960936308,14,0.07378318
34,1.31839960936308,15,0.07365714
35,1.3281655323954,0,0.07353791
35,1.3281655323954,1,0.07344581
35,1.3281655323954,2,0.07397298
35,1.3281655323954,3,0.0737892
35,1.3281655323954,4,0.07379697
35,1.3281655323954,5,0.07387805
35,1.3281655323954,6,0.07371588
35,1.3281655323954,7,0.07396833
35,1.3281655323954,8,0.07366824
35,1.3281655323954,9,0.07363787
35,1.3281655323954,10,0.07379105
35,1.3281655323954,11,0.07367501
35,1.3281655323954,12,0.07390341
35,1.3281655323954,13,0.07389437
35,1.3281655323954,14,0.0737845
35,1.3281655323954,15,0.07399172
36,1.33793145542772,0,0.07360172
36,1.33793145542772,1,0.07379053
36,1.33793145542772,2,0.07401866
36,1.33793145542772,3,0.07351045
36,1.33793145542772,4,0.07376998
36,1.33793145542772,5,0.07373939
36,1.33793145542772,6,0.0737359
36,1.33793145542772,7,0.07361974
36,1.33793145542772,8,0.07353508
36,1.33793145542772,9,0.0739904
36,1.33793145542772,10,0.07376454
36,1.33793145542772,11,0.07362582
36,1.33793145542772,12,0.07360823
36,1.33793145542772,13,0.07344258
36,1.33793145542772,14,0.07336742
36,1.33793145542772,15,0.07376543
37,1.34830774864956,0,0.07398634
37,1.34830774864956,1,0.07424027
37,1.34830774864956,2,0.07376016
37,1.34830774864956,3,0.0740566
37,1.34830774864956,4,0.07400055
37,1.34830774864956,5,0.07392474
37,1.34830774864956,6,0.07386463
37,1.34830774864956,7,0.0738622
37,1.34830774864956,8,0.0739829
37,1.34830774864956,9,0.07395565
37,1.34830774864956,10,0.07381123
37,1.34830774864956,11,0.073746
37,1.34830774864956,12,0.07398406
37,1.34830774864956,13,0.0738051
37,1.34830774864956,14,0.07395411
37,1.34830774864956,15,0.07377521
38,1.35807367168188,0,0.07427427
38,1.35807367168188,1,0.07424238
38,1.35807367168188,2,0.07416452
38,1.35807367168188,3,0.073938
38,1.35807367168188,4,0.07398803
38,1.35807367168188,5,0.07364019
38,1.35807367168188,6,0.07390282
38,1.35807367168188,7,0.07377051
38,1.35807367168188,8,0.07418364
38,1.35807367168188,9,0.07427402
38,1.35807367168188,10,0.0742252
38,1.35807367168188,11,0.07423238
38,1.35807367168188,12,0.07406109
38,1.35807367168188,13,0.07393653
38,1.35807367168188,14,0.07383965
38,1.35807367168188,15,0.07387177
39,1.36844996490371,0,0.07419319
39,1.36844996490371,1,0.07412056
39,1.36844996490371,2,0.07424016
39,1.36844996490371,3,0.07427154
39,1.36844996490371,4,0.07430317
39,1.36844996490371,5,0.07411269
39,1.36844996490371,6,0.07400768
39,1.36844996490371,7,0.07413863
39,1.36844996490371,8,0.07431062
39,1.36844996490371,9,0.07399706
39,1.36844996490371,10,0.07383014
39,1.36844996490371,11,0.07427459
39,1.36844996490371,12,0.0744711
39,1.36844996490371,13,0.07403166
39,1.36844996490371,14,0.07413869
39,1.36844996490371,15,0.07421147
40,1.37821588793603,0,0.07426678
40,1.37821588793603,1,0.07420196
40,1.37821588793603,2,0.07420895
40,1.37821588793603,3,0.07441235
40,1.37821588793603,4,0.0745253
40,1.37821588793603,5,0.07437913
40,1.37821588793603,6,0.07421126
40,1.37821588793603,7,0.07388318
40,1.37821588793603,8,0.0741232
40,1.37821588793603,9,0.07394715
40,1.37821588793603,10,0.07408121
40,1.37821588793603,11,0.07439118
40,1.37821588793603,12,0.07420709
40,1.37821588793603,13,0.07467493
40,1.37821588793603,14,0.0743347
40,1.37821588793603,15,0.07461917
41,1.38859218115787,0,0.07440808
41,1.38859218115787,1,0.07479398
41,1.38859218115787,2,0.07443724
41,1.38859218115787,3,0.07432837
41,1.38859218115787,4,0.07459914
41,1.38859218115787,5,0.07444469
41,1.38859218115787,6,0.07424159
41,1.38859218115787,7,0.07431173
41,1.38859218115787,8,0.07435636
41,1.38859218115787,9,0.07416663
41,1.38859218115787,10,0.07415849
41,1.38859218115787,11,0.07427682
41,1.38859218115787,12,0.07461153
41,1.38859218115787,13,0.07424983
41,1.38859218115787,14,0.07457674
41,1.38859218115787,15,0.07465641
42,1.39835810419019,0,0.0748614
42,1.39835810419019,1,0.07475422
42,1.39835810419019,2,0.07474008
42,1.39835810419019,3,0.07457777
42,1.39835810419019,4,0.07455169
42,1.39835810419019,5,0.07502232
42,1.39835810419019,6,0.07476351
42,1.39835810419019,7,0.07498391
42,1.39835810419019,8,0.07502714
42,1.39835810419019,9,0.07490675
42,1.39835810419019,10,0.07472952
42,1.39835810419019,11,0.07474774
42,1.39835810419019,12,0.07477448
42,1.39835810419019,13,0.07485361
42,1.39835810419019,14,0.07463025
42,1.39835810419019,15,0.07484276
43,1.40812402722251,0,0.07501386
43,1.40812402722251,1,0.07484958
43,1.40812402722251,2,0.07483711
43,1.40812402722251,3,0.07522669
43,1.40812402722251,4,0.07484387
43,1.40812402722251,5,0.07510643
43,1.40812402722251,6,0.07479446
43,1.40812402722251,7,0.07475506
43,1.40812402722251,8,0.07490366
43,1.40812402722251,9,0.07466445
43,1.40812402722251,10,0.0749751
43,1.40812402722251,11,0.07508967
43,1.40812402722251,12,0.07482819
43,1.40812402722251,13,0.07495857
43,1.40812402722251,14,0.07482704
43,1.40812402722251,15,0.07492819
44,1.41788995025483,0,0.07493852
44,1.41788995025483,1,0.07516313
44,1.41788995025483,2,0.07455247
44,1.41788995025483,3,0.07502034
44,1.41788995025483,4,0.07463717
44,1.41788995025483,5,0.07512921
44,1.41788995025483,6,0.07510003
44,1.41788995025483,7,0.07463416
44,1.41788995025483,8,0.0747876
44,1.41788995025483,9,0.07516762
44,1.41788995025483,10,0.0750023
44,1.41788995025483,11,0.07517563
44,1.41788995025483,12,0.07540455
44,1.41788995025483,13,0.07527009
44,1.41788995025483,14,0.07507073
44,1.41788995025483,15,0.07495482
45,1.42826624347667,0,0.07496639
45,1.42826624347667,1,0.07523059
45,1.42826624347667,2,0.07556854
45,1.42826624347667,3,0.07536594
45,1.42826624347667,4,0.07545734
45,1.42826624347667,5,0.07545201
45,1.42826624347667,6,0.07570475
45,1.42826624347667,7,0.07532322
45,1.42826624347667,8,0.07543533
45,1.42826624347667,9,0.07528671
45,1.42826624347667,10,0.07539594
45,1.42826624347667,11,0.07524221
45,1.42826624347667,12,0.07548227
45,1.42826624347667,13,0.07565582
45,1.42826624347667,14,0.0754021
45,1.42826624347667,15,0.07529499
46,1.43803216650899,0,0.07530803
46,1.43803216650899,1,0.07533798
46,1.43803216650899,2,0.07558108
46,1.43803216650899,3,0.07565426
46,1.43803216650899,4,0.07539453
46,1.43803216650899,5,0.07516553
46,1.43803216650899,6,0.07551459
46,1.43803216650899,7,0.07530343
46,1.43803216650899,8,0.07524713
46,1.43803216650899,9,0.07564661
46,1.43803216650899,10,0.07541171
46,1.43803216650899,11,0.0757064
46,1.43803216650899,12,0.07565925
46,1.43803216650899,13,0.07574068
46,1.43803216650899,14,0.07578864
46,1.43803216650899,15,0.07552445
47,1.44779808954131,0,0.07587852
47,1.44779808954131,1,0.07598512
47,1.44779808954131,2,0.07575127
47,1.44779808954131,3,0.07559028
47,1.44779808954131,4,0.07556631
47,1.44779808954131,5,0.07556286
47,1.44779808954131,6,0.07578222
47,1.44779808954131,7,0.07591418
47,1.44779808954131,8,0.07564612
47,1.44779808954131,9,0.07584157
47,1.44779808954131,10,0.07576303
47,1.44779808954131,11,0.07600909
47,1.44779808954131,12,0.07594036
47,1.44779808954131,13,0.0756722
47,1.44779808954131,14,0.07570899
47,1.44779808954131,15,0.07579714
48,1.45756401257363,0,0.07529495
48,1.45756401257363,1,0.07537305
48,1.45756401257363,2,0.07552457
48,1.45756401257363,3,0.07545789
48,1.45756401257363,4,0.07549335
48,1.45756401257363,5,0.07551479
48,1.45756401257363,6,0.07549068
48,1.45756401257363,7,0.07542283
48,1.45756401257363,8,0.07568343
48,1.45756401257363,9,0.07542296
48,1.45756401257363,10,0.07562372
48,1.45756401257363,11,0.07580013
48,1.45756401257363,12,0.07560316
48,1.45756401257363,13,0.07539411
48,1.45756401257363,14,0.07532745
48,1.45756401257363,15,0.07538474
49,1.46794030579546,0,0.07535451
49,1.46794030579546,1,0.07573274
49,1.46794030579546,2,0.07561583
49,1.46794030579546,3,0.07590754
49,1.46794030579546,4,0.07553047
49,1.46794030579546,5,0.0755407
49,1.46794030579546,6,0.07566842
49,1.46794030579546,7,0.07574888
49,1.46794030579546,8,0.07566569
49,1.46794030579546,9,0.07560509
49,1.46794030579546,10,0.07565343
49,1.46794030579546,11,0.07573556
49,1.46794030579546,12,0.07592165
49,1.46794030579546,13,0.07568736
49,1.46794030579546,14,0.0756097
49,1.46794030579546,15,0.07574199
50,1.47770622882778,0,0.07553758
50,1.47770622882778,1,0.07580427
50,1.47770622882778,2,0.07591489
50,1.47770622882778,3,0.07563246
50,1.47770622882778,4,0.07593225
50,1.47770622882778,5,0.07575851
50,1.47770622882778,6,0.07562323
50,1.47770622882778,7,0.07564345
50,1.47770622882778,8,0.07554073
50,1.47770622882778,9,0.07555727
50,1.47770622882778,10,0.07539923
50,1.47770622882778,11,0.07565039
50,1.47770622882778,12,0.07578957
50,1.47770622882778,13,0.07598767
50,1.47770622882778,14,0.07535648
50,1.47770622882778,15,0.07527737
51,1.48808252204962,0,0.07576668
51,1.48808252204962,1,0.07581181
51,1.48808252204962,2,0.07582836
51,1.48808252204962,3,0.07552651
51,1.48808252204962,4,0.07569064
51,1.48808252204962,5,0.07569753
51,1.48808252204962,6,0.07555851
51,1.48808252204962,7,0.07566316
51,1.48808252204962,8,0.07574047
51,1.48808252204962,9,0.07560533
51,1.48808252204962,10,0.0755702
51,1.48808252204962,11,0.07584729
51,1.48808252204962,12,0.07578943
51,1.48808252204962,13,0.07551484
51,1.48808252204962,14,0.07542058
51,1.48808252204962,15,0.07559231
52,1.49784844508194,0,0.07586343
52,1.49784844508194,1,0.07578854
52,1.49784844508194,2,0.07595205
52,1.49784844508194,3,0.07596555
52,1.49784844508194,4,0.0759938
52,1.49784844508194,5,0.07602887
52,1.49784844508194,6,0.07605702
52,1.49784844508194,7,0.07618527
52,1.49784844508194,8,0.07588817
52,1.49784844508194,9,0.07562406
52,1.49784844508194,10,0.075691
52,1.49784844508194,11,0.07585388
52,1.49784844508194,12,0.0755179
52,1.49784844508194,13,0.07571466
52,1.49784844508194,14,0.07592251
52,1.49784844508194,15,0.07586465
53,1.50761436811426,0,0.07598764
53,1.50761436811426,1,0.07621428
53,1.50761436811426,2,0.07600003
53,1.50761436811426,3,0.0759763
53,1.50761436811426,4,0.07622938
53,1.50761436811426,5,0.07601642
53,1.50761436811426,6,0.0763521
53,1.50761436811426,7,0.07629872
53,1.50761436811426,8,0.07636422
53,1.50761436811426,9,0.07637665
53,1.50761436811426,10,0.07618085
53,1.50761436811426,11,0.07607053
53,1.50761436811426,12,0.07604183
53,1.50761436811426,13,0.07595704
53,1.50761436811426,14,0.07627259
53,1.50761436811426,15,0.07623526
54,1.51860103152562,0,0.07618488
54,1.51860103152562,1,0.07645318
54,1.51860103152562,2,0.07648791
54,1.51860103152562,3,0.07652761
54,1.51860103152562,4,0.07602171
54,1.51860103152562,5,0.07642474
54,1.51860103152562,6,0.07601827
54,1.51860103152562,7,0.07601663
54,1.51860103152562,8,0.0761767
54,1.51860103152562,9,0.0756904
54,1.51860103152562,10,0.07595281
54,1.51860103152562,11,0.07603852
54,1.51860103152562,12,0.07594679
54,1.51860103152562,13,0.076056
54,1.51860103152562,14,0.07596054
54,1.51860103152562,15,0.07609142
55,1.52775658436842,0,0.07622742
55,1.52775658436842,1,0.07613271
55,1.52775658436842,2,0.076088
55,1.52775658436842,3,0.07621501
55,1.52775658436842,4,0.07610379
55,1.52775658436842,5,0.07642313
55,1.52775658436842,6,0.07641607
55,1.52775658436842,7,0.07623825
55,1.52775658436842,8,0.07614819
55,1.52775658436842,9,0.07638168
55,1.52775658436842,10,0.07642595
55,1.52775658436842,11,0.0764073
55,1.52775658436842,12,0.07640274
55,1.52775658436842,13,0.07626951
55,1.52775658436842,14,0.07639002
55,1.52775658436842,15,0.0762702
56,1.53813287759026,0,0.07609329
56,1.53813287759026,1,0.0760197
56,1.53813287759026,2,0.07648917
56,1.53813287759026,3,0.07591014
56,1.53813287759026,4,0.07638577
56,1.53813287759026,5,0.07618474
56,1.53813287759026,6,0.07613978
56,1.53813287759026,7,0.07617934
56,1.53813287759026,8,0.07633219
56,1.53813287759026,9,0.07631336
56,1.53813287759026,10,0.07585673
56,1.53813287759026,11,0.07603715
56,1.53813287759026,12,0.07577476
56,1.53813287759026,13,0.07610276
56,1.53813287759026,14,0.07606427
56,1.53813287759026,15,0.07603828
57,1.54789880062258,0,0.07658451
57,1.54789880062258,1,0.07655097
57,1.54789880062258,2,0.07637529
57,1.54789880062258,3,0.07646205
57,1.54789880062258,4,0.07625809
57,1.54789880062258,5,0.07643765
57,1.54789880062258,6,0.07612403
57,1.54789880062258,7,0.07611453
57,1.54789880062258,8,0.07615614
57,1.54789880062258,9,0.07611059
57,1.54789880062258,10,0.07632948
57,1.54789880062258,11,0.07652887
57,1.54789880062258,12,0.0766138
57,1.54789880062258,13,0.07636984
57,1.54789880062258,14,0.07617823
57,1.54789880062258,15,0.07666536
58,1.5576647236549,0,0.07627088
58,1.5576647236549,1,0.07636495
58,1.5576647236549,2,0.07647505
58,1.5576647236549,3,0.076583
58,1.5576647236549,4,0.07656827
58,1.5576647236549,5,0.07663759
58,1.5576647236549,6,0.07653406
58,1.5576647236549,7,0.07663207
58,1.5576647236549,8,0.07630406
58,1.5576647236549,9,0.07595867
58,1.5576647236549,10,0.07619247
58,1.5576647236549,11,0.07634636
58,1.5576647236549,12,0.07645284
58,1.5576647236549,13,0.07650609
58,1.5576647236549,14,0.07663874
58,1.5576647236549,15,0.0765537
59,1.56804101687674,0,0.07667192
59,1.56804101687674,1,0.07663739
59,1.56804101687674,2,0.07651502
59,1.56804101687674,3,0.07664896
59,1.56804101687674,4,0.07688047
59,1.56804101687674,5,0.07670189
59,1.56804101687674,6,0.07696661
59,1.56804101687674,7,0.07665256
59,1.56804101687674,8,0.0764246
59,1.56804101687674,9,0.07627184
59,1.56804101687674,10,0.07640274
59,1.56804101687674,11,0.07608157
59,1.56804101687674,12,0.07664084
59,1.56804101687674,13,0.07650626
59,1.56804101687674,14,0.07691817
59,1.56804101687674,15,0.07648426
60,1.57841731009857,0,0.07663818
60,1.57841731009857,1,0.07662911
60,1.57841731009857,2,0.0768251
60,1.57841731009857,3,0.0766843
60,1.57841731009857,4,0.07684455
60,1.57841731009857,5,0.0769529
60,1.57841731009857,6,0.07663374
60,1.57841731009857,7,0.07679279
60,1.57841731009857,8,0.07697169
60,1.57841731009857,9,0.07699035
60,1.57841731009857,10,0.07702879
60,1.57841731009857,11,0.07701641
60,1.57841731009857,12,0.07654461
60,1.57841731009857,13,0.07693192
60,1.57841731009857,14,0.07683565
60,1.57841731009857,15,0.07716741
61,1.58757286294137,0,0.07701742
61,1.58757286294137,1,0.0772241
61,1.58757286294137,2,0.0769094
61,1.58757286294137,3,0.07685896
61,1.58757286294137,4,0.07691187
61,1.58757286294137,5,0.0769679
61,1.58757286294137,6,0.07706245
61,1.58757286294137,7,0.07694555
61,1.58757286294137,8,0.0770018
61,1.58757286294137,9,0.07703514
61,1.58757286294137,10,0.07657114
61,1.58757286294137,11,0.07667448
61,1.58757286294137,12,0.07698674
61,1.58757286294137,13,0.07664371
61,1.58757286294137,14,0.07671474
61,1.58757286294137,15,0.07658883
62,1.59855952635273,0,0.07645938
62,1.59855952635273,1,0.07644055
62,1.59855952635273,2,0.07648385
62,1.59855952635273,3,0.07649285
62,1.59855952635273,4,0.07681555
62,1.59855952635273,5,0.07640669
62,1.59855952635273,6,0.07661049
62,1.59855952635273,7,0.07688387
62,1.59855952635273,8,0.07643343
62,1.59855952635273,9,0.07682183
62,1.59855952635273,10,0.07679238
62,1.59855952635273,11,0.07665171
62,1.59855952635273,12,0.07664048
62,1.59855952635273,13,0.07679823
62,1.59855952635273,14,0.07647393
62,1.59855952635273,15,0.07675803
63,1.60771507919553,0,0.07682861
63,1.60771507919553,1,0.07657009
63,1.60771507919553,2,0.0771093
63,1.60771507919553,3,0.07680818
63,1.60771507919553,4,0.07682218
63,1.60771507919553,5,0.07673521
63,1.60771507919553,6,0.07666883
63,1.60771507919553,7,0.07657059
63,1.60771507919553,8,0.07662848
63,1.60771507919553,9,0.07686708
63,1.60771507919553,10,0.07695732
63,1.60771507919553,11,0.07695203
63,1.60771507919553,12,0.07692012
63,1.60771507919553,13,0.07695737
63,1.60771507919553,14,0.07692152
63,1.60771507919553,15,0.07704282
64,1.61809137241737,0,0.07676309
64,1.61809137241737,1,0.07641491
64,1.61809137241737,2,0.076855
64,1.61809137241737,3,0.07687718
64,1.61809137241737,4,0.07667192
64,1.61809137241737,5,0.07654856
64,1.61809137241737,6,0.0764102
64,1.61809137241737,7,0.0764992
64,1.61809137241737,8,0.07658354
64,1.61809137241737,9,0.07679202
64,1.61809137241737,10,0.07666367
64,1.61809137241737,11,0.07649468
64,1.61809137241737,12,0.0768925
64,1.61809137241737,13,0.07692179
64,1.61809137241737,14,0.07707391
64,1.61809137241737,15,0.07698147
65,1.62846766563921,0,0.07687753
65,1.62846766563921,1,0.07685872
65,1.62846766563921,2,0.07674584
65,1.62846766563921,3,0.07676081
65,1.62846766563921,4,0.07662877
65,1.62846766563921,5,0.07683971
65,1.62846766563921,6,0.07674589
65,1.62846766563921,7,0.07665343
65,1.62846766563921,8,0.07679049
65,1.62846766563921,9,0.0767073
65,1.62846766563921,10,0.07671075
65,1.62846766563921,11,0.07643755
65,1.62846766563921,12,0.07688282
65,1.62846766563921,13,0.07683014
65,1.62846766563921,14,0.07671332
65,1.62846766563921,15,0.07695255
66,1.63823358867153,0,0.07692374
66,1.63823358867153,1,0.0769245
66,1.63823358867153,2,0.07671423
66,1.63823358867153,3,0.07693824
66,1.63823358867153,4,0.07669674
66,1.63823358867153,5,0.07666263
66,1.63823358867153,6,0.07673516
66,1.63823358867153,7,0.0766169
66,1.63823358867153,8,0.07682917
66,1.63823358867153,9,0.07653426
66,1.63823358867153,10,0.07691167
66,1.63823358867153,11,0.07673559
66,1.63823358867153,12,0.07694297
66,1.63823358867153,13,0.07667881
66,1.63823358867153,14,0.0767273
66,1.63823358867153,15,0.07679088
67,1.64860988189337,0,0.07697451
67,1.64860988189337,1,0.07671323
67,1.64860988189337,2,0.0769871
67,1.64860988189337,3,0.07702673
67,1.64860988189337,4,0.07695364
67,1.64860988189337,5,0.07679857
67,1.64860988189337,6,0.07677796
67,1.64860988189337,7,0.07679797
67,1.64860988189337,8,0.07680918
67,1.64860988189337,9,0.07665458
67,1.64860988189337,10,0.07675026
67,1.64860988189337,11,0.07704074
67,1.64860988189337,12,0.07664491
67,1.64860988189337,13,0.07690807
67,1.64860988189337,14,0.07682495
67,1.64860988189337,15,0.07693414
68,1.65837580492569,0,0.07719309
68,1.65837580492569,1,0.07678978
68,1.65837580492569,2,0.07709868
68,1.65837580492569,3,0.07709837
68,1.65837580492569,4,0.07735766
68,1.65837580492569,5,0.07683562
68,1.65837580492569,6,0.07687989
68,1.65837580492569,7,0.07675969
68,1.65837580492569,8,0.07671544
68,1.65837580492569,9,0.07670028
68,1.65837580492569,10,0.07709973
68,1.65837580492569,11,0.07692748
68,1.65837580492569,12,0.07709241
68,1.65837580492569,13,0.07715243
68,1.65837580492569,14,0.07705402
68,1.65837580492569,15,0.07697368
69,1.66814172795801,0,0.07681771
69,1.66814172795801,1,0.07703479
69,1.66814172795801,2,0.07720168
69,1.66814172795801,3,0.07710607
69,1.66814172795801,4,0.07716641
69,1.66814172795801,5,0.07700302
69,1.66814172795801,6,0.07682257
69,1.66814172795801,7,0.07695571
69,1.66814172795801,8,0.07679129
69,1.66814172795801,9,0.07664146
69,1.66814172795801,10,0.07673374
69,1.66814172795801,11,0.07656559
69,1.66814172795801,12,0.07689228
69,1.66814172795801,13,0.07693502
69,1.66814172795801,14,0.0766836
69,1.66814172795801,15,0.07695041
70,1.67790765099033,0,0.07689083
70,1.67790765099033,1,0.07705413
70,1.67790765099033,2,0.07690291
70,1.67790765099033,3,0.07700756
70,1.67790765099033,4,0.07695795
70,1.67790765099033,5,0.07681277
70,1.67790765099033,6,0.0769136
70,1.67790765099033,7,0.07678841
70,1.67790765099033,8,0.07687163
70,1.67790765099033,9,0.07674854
70,1.67790765099033,10,0.07701213
70,1.67790765099033,11,0.07696246
70,1.67790765099033,12,0.0769285
70,1.67790765099033,13,0.07694811
70,1.67790765099033,14,0.07673617
70,1.67790765099033,15,0.07680648
71,1.68828394421216,0,0.07710114
71,1.68828394421216,1,0.07695128
71,1.68828394421216,2,0.07717852
71,1.68828394421216,3,0.07706573
71,1.68828394421216,4,0.07739072
71,1.68828394421216,5,0.07728405
71,1.68828394421216,6,0.07698041
71,1.68828394421216,7,0.07713988
71,1.68828394421216,8,0.07718883
71,1.68828394421216,9,0.07719985
71,1.68828394421216,10,0.07737838
71,1.68828394421216,11,0.07732464
71,1.68828394421216,12,0.07735951
71,1.68828394421216,13,0.07700516
71,1.68828394421216,14,0.07675175
71,1.68828394421216,15,0.07683159
72,1.69804986724448,0,0.0766537
72,1.69804986724448,1,0.07691277
72,1.69804986724448,2,0.07691307
72,1.69804986724448,3,0.07688092
72,1.69804986724448,4,0.07679527
72,1.69804986724448,5,0.07690841
72,1.69804986724448,6,0.07653121
72,1.69804986724448,7,0.07687733
72,1.69804986724448,8,0.07686298
72,1.69804986724448,9,0.0769529
72,1.69804986724448,10,0.07691639
72,1.69804986724448,11,0.07696691
72,1.69804986724448,12,0.07683376
72,1.69804986724448,13,0.07700682
72,1.69804986724448,14,0.077043
72,1.69804986724448,15,0.07703459
73,1.7078157902768,0,0.07698176
73,1.7078157902768,1,0.07666028
73,1.7078157902768,2,0.0766537
73,1.7078157902768,3,0.07651763
73,1.7078157902768,4,0.07705463
73,1.7078157902768,5,0.0767194
73,1.7078157902768,6,0.07712856
73,1.7078157902768,7,0.07686513
73,1.7078157902768,8,0.07728043
73,1.7078157902768,9,0.07723678
73,1.7078157902768,10,0.07728294
73,1.7078157902768,11,0.07685032
73,1.7078157902768,12,0.07698062
73,1.7078157902768,13,0.07674693
73,1.7078157902768,14,0.07665767
73,1.7078157902768,15,0.07691239
74,1.71758171330912,0,0.07711634
74,1.71758171330912,1,0.07710803
74,1.71758171330912,2,0.07694609
74,1.71758171330912,3,0.07699504
74,1.71758171330912,4,0.07702812
74,1.71758171330912,5,0.07735112
74,1.71758171330912,6,0.07717884
74,1.71758171330912,7,0.07742667
74,1.71758171330912,8,0.07728314
74,1.71758171330912,9,0.07706475
74,1.71758171330912,10,0.07729241
74,1.71758171330912,11,0.07718641
74,1.71758171330912,12,0.07736886
74,1.71758171330912,13,0.07691219
74,1.71758171330912,14,0.07673334
74,1.71758171330912,15,0.07676902
75,1.72856837672048,0,0.07729769
75,1.72856837672048,1,0.07718462
75,1.72856837672048,2,0.07710265
75,1.72856837672048,3,0.07682253
75,1.72856837672048,4,0.07710736
75,1.72856837672048,5,0.07688533
75,1.72856837672048,6,0.0772749
75,1.72856837672048,7,0.07710253
75,1.72856837672048,8,0.07670918
75,1.72856837672048,9,0.07715692
75,1.72856837672048,10,0.0771596
75,1.72856837672048,11,0.07718746
75,1.72856837672048,12,0.0769873
75,1.72856837672048,13,0.07690106
75,1.72856837672048,14,0.07695858
75,1.72856837672048,15,0.07734174
76,1.73772392956328,0,0.0770691
76,1.73772392956328,1,0.07706422
76,1.73772392956328,2,0.0772628
76,1.73772392956328,3,0.07713515
76,1.73772392956328,4,0.07741234
76,1.73772392956328,5,0.07713889
76,1.73772392956328,6,0.07771438
76,1.73772392956328,7,0.07758114
76,1.73772392956328,8,0.07748412
76,1.73772392956328,9,0.07762557
76,1.73772392956328,10,0.07753234
76,1.73772392956328,11,0.07738606
76,1.73772392956328,12,0.07758017
76,1.73772392956328,13,0.07746342
76,1.73772392956328,14,0.0771339
76,1.73772392956328,15,0.07698469
77,1.74810022278512,0,0.07730306
77,1.74810022278512,1,0.07700381
77,1.74810022278512,2,0.07727335
77,1.74810022278512,3,0.07722376
77,1.74810022278512,4,0.07709337
77,1.74810022278512,5,0.07746152
77,1.74810022278512,6,0.07720132
77,1.74810022278512,7,0.07729942
77,1.74810022278512,8,0.07693961
77,1.74810022278512,9,0.0768155
77,1.74810022278512,10,0.07681553
77,1.74810022278512,11,0.0771675
77,1.74810022278512,12,0.07720526
77,1.74810022278512,13,0.07715653
77,1.74810022278512,14,0.07731305
77,1.74810022278512,15,0.07706863
78,1.75847651600696,0,0.07703708
78,1.75847651600696,1,0.07742895
78,1.75847651600696,2,0.07703368
78,1.75847651600696,3,0.07709913
78,1.75847651600696,4,0.07703964
78,1.75847651600696,5,0.07734761
78,1.75847651600696,6,0.07729837
78,1.75847651600696,7,0.07763281
78,1.75847651600696,8,0.07719328
78,1.75847651600696,9,0.07709861
78,1.75847651600696,10,0.0772256
78,1.75847651600696,11,0.07726596
78,1.75847651600696,12,0.07725708
78,1.75847651600696,13,0.07732625
78,1.75847651600696,14,0.07742599
78,1.75847651600696,15,0.07720575
79,1.76763206884976,0,0.0774921
79,1.76763206884976,1,0.07723729
79,1.76763206884976,2,0.0771424
79,1.76763206884976,3,0.0772149
79,1.76763206884976,4,0.07728528
79,1.76763206884976,5,0.07738161
79,1.76763206884976,6,0.07752754
79,1.76763206884976,7,0.07757913
79,1.76763206884976,8,0.07779139
79,1.76763206884976,9,0.07744078
79,1.76763206884976,10,0.07769677
79,1.76763206884976,11,0.07729843
79,1.76763206884976,12,0.07729844
79,1.76763206884976,13,0.07711097
79,1.76763206884976,14,0.07719997
79,1.76763206884976,15,0.07739382
80,1.7780083620716,0,0.07739225
80,1.7780083620716,1,0.07723115
80,1.7780083620716,2,0.07735889
80,1.7780083620716,3,0.07739417
80,1.7780083620716,4,0.07736871
80,1.7780083620716,5,0.07758156
80,1.7780083620716,6,0.07733414
80,1.7780083620716,7,0.07735844
80,1.7780083620716,8,0.07732565
80,1.7780083620716,9,0.07739598
80,1.7780083620716,10,0.07731186
80,1.7780083620716,11,0.07737172
80,1.7780083620716,12,0.07737027
80,1.7780083620716,13,0.07720067
80,1.7780083620716,14,0.07704702
80,1.7780083620716,15,0.07747357
81,1.78838465529344,0,0.07749783
81,1.78838465529344,1,0.07729865
81,1.78838465529344,2,0.0774101
81,1.78838465529344,3,0.07716075
81,1.78838465529344,4,0.07731483
81,1.78838465529344,5,0.07726069
81,1.78838465529344,6,0.07727244
81,1.78838465529344,7,0.07747652
81,1.78838465529344,8,0.07740226
81,1.78838465529344,9,0.07734361
81,1.78838465529344,10,0.077226
81,1.78838465529344,11,0.07734413
81,1.78838465529344,12,0.07722781
81,1.78838465529344,13,0.07739498
81,1.78838465529344,14,0.07741937
81,1.78838465529344,15,0.07726192
82,1.79754020813623,0,0.07754149
82,1.79754020813623,1,0.07754287
82,1.79754020813623,2,0.07734188
82,1.79754020813623,3,0.07719081
82,1.79754020813623,4,0.07756799
82,1.79754020813623,5,0.07733407
82,1.79754020813623,6,0.07750797
82,1.79754020813623,7,0.07738771
82,1.79754020813623,8,0.07751171
82,1.79754020813623,9,0.07763261
82,1.79754020813623,10,0.07766583
82,1.79754020813623,11,0.0777997
82,1.79754020813623,12,0.07784258
82,1.79754020813623,13,0.0776627
82,1.79754020813623,14,0.07747214
82,1.79754020813623,15,0.07744529
83,1.80791650135807,0,0.07762411
83,1.80791650135807,1,0.07771254
83,1.80791650135807,2,0.07795409
83,1.80791650135807,3,0.07782958
83,1.80791650135807,4,0.07787023
83,1.80791650135807,5,0.07803333
83,1.80791650135807,6,0.0778394
83,1.80791650135807,7,0.07751952
83,1.80791650135807,8,0.07787989
83,1.80791650135807,9,0.0777973
83,1.80791650135807,10,0.07793279
83,1.80791650135807,11,0.07767171
83,1.80791650135807,12,0.07777322
83,1.80791650135807,13,0.07796859
83,1.80791650135807,14,0.07786677
83,1.80791650135807,15,0.0777116
84,1.81829279457991,0,0.07755503
84,1.81829279457991,1,0.07773858
84,1.81829279457991,2,0.07758279
84,1.81829279457991,3,0.07753184
84,1.81829279457991,4,0.07773736
84,1.81829279457991,5,0.07762952
84,1.81829279457991,6,0.07790519
84,1.81829279457991,7,0.07786532
84,1.81829279457991,8,0.07786544
84,1.81829279457991,9,0.07776731
84,1.81829279457991,10,0.07782774
84,1.81829279457991,11,0.07777372
84,1.81829279457991,12,0.07788774
84,1.81829279457991,13,0.07768846
84,1.81829279457991,14,0.07792699
84,1.81829279457991,15,0.07771388
85,1.82805871761223,0,0.07745573
85,1.82805871761223,1,0.0775441
85,1.82805871761223,2,0.07748348
85,1.82805871761223,3,0.07772354
85,1.82805871761223,4,0.07741334
85,1.82805871761223,5,0.07749476
85,1.82805871761223,6,0.07744959
85,1.82805871761223,7,0.07765903
85,1.82805871761223,8,0.07738559
85,1.82805871761223,9,0.07758672
85,1.82805871761223,10,0.07781001
85,1.82805871761223,11,0.07769042
85,1.82805871761223,12,0.07759725
85,1.82805871761223,13,0.07758358
85,1.82805871761223,14,0.07749937
85,1.82805871761223,15,0.07780077
86,1.83782464064455,0,0.07766277
86,1.83782464064455,1,0.07768751
86,1.83782464064455,2,0.07770886
86,1.83782464064455,3,0.07781626
86,1.83782464064455,4,0.07779674
86,1.83782464064455,5,0.07774404
86,1.83782464064455,6,0.07759687
86,1.83782464064455,7,0.07743582
86,1.83782464064455,8,0.07771968
86,1.83782464064455,9,0.07780159
86,1.83782464064455,10,0.07764786
86,1.83782464064455,11,0.07761118
86,1.83782464064455,12,0.07763354
86,1.83782464064455,13,0.07760685
86,1.83782464064455,14,0.07790782
86,1.83782464064455,15,0.0779198
87,1.84759056367687,0,0.07767391
87,1.84759056367687,1,0.0779498
87,1.84759056367687,2,0.07775794
87,1.84759056367687,3,0.07809823
87,1.84759056367687,4,0.07787675
87,1.84759056367687,5,0.07782552
87,1.84759056367687,6,0.07758079
87,1.84759056367687,7,0.07771411
87,1.84759056367687,8,0.07769476
87,1.84759056367687,9,0.07775843
87,1.84759056367687,10,0.07801788
87,1.84759056367687,11,0.07774316
87,1.84759056367687,12,0.07789861
87,1.84759056367687,13,0.07787714
87,1.84759056367687,14,0.07778387
87,1.84759056367687,15,0.07753692
88,1.85796685689871,0,0.07789582
88,1.85796685689871,1,0.07800405
88,1.85796685689871,2,0.07785467
88,1.85796685689871,3,0.07789833
88,1.85796685689871,4,0.07795732
88,1.85796685689871,5,0.07781553
88,1.85796685689871,6,0.07779408
88,1.85796685689871,7,0.07792287
88,1.85796685689871,8,0.07796524
88,1.85796685689871,9,0.07791473
88,1.85796685689871,10,0.07796452
88,1.85796685689871,11,0.07788239
88,1.85796685689871,12,0.07795816
88,1.85796685689871,13,0.07789784
88,1.85796685689871,14,0.07820349
88,1.85796685689871,15,0.07798136
89,1.86773277993103,0,0.07796028
89,1.86773277993103,1,0.07804481
89,1.86773277993103,2,0.07838432
89,1.86773277993103,3,0.07801827
89,1.86773277993103,4,0.0779174
89,1.86773277993103,5,0.07801141
89,1.86773277993103,6,0.07829372
89,1.86773277993103,7,0.07807157
89,1.86773277993103,8,0.07808139
89,1.86773277993103,9,0.07781883
89,1.86773277993103,10,0.07803945
89,1.86773277993103,11,0.07807525
89,1.86773277993103,12,0.0780268
89,1.86773277993103,13,0.07801459
89,1.86773277993103,14,0.07784186
89,1.86773277993103,15,0.07792594
90,1.87810907315287,0,0.07776263
90,1.87810907315287,1,0.07779475
90,1.87810907315287,2,0.07769264
90,1.87810907315287,3,0.07776423
90,1.87810907315287,4,0.07780249
90,1.87810907315287,5,0.07799101
90,1.87810907315287,6,0.07793793
90,1.87810907315287,7,0.07788964
90,1.87810907315287,8,0.07792532
90,1.87810907315287,9,0.07794367
90,1.87810907315287,10,0.07808378
90,1.87810907315287,11,0.0779837
90,1.87810907315287,12,0.0779576
90,1.87810907315287,13,0.07796998
90,1.87810907315287,14,0.07807682
90,1.87810907315287,15,0.07789393
91,1.88787499618519,0,0.07757438
91,1.88787499618519,1,0.07779892
91,1.88787499618519,2,0.07771122
91,1.88787499618519,3,0.07785062
91,1.88787499618519,4,0.07794651
91,1.88787499618519,5,0.07825936
91,1.88787499618519,6,0.07815917
91,1.88787499618519,7,0.07859659
91,1.88787499618519,8,0.07852656
91,1.88787499618519,9,0.07832951
91,1.88787499618519,10,0.07831741
91,1.88787499618519,11,0.07831016
91,1.88787499618519,12,0.07843991
91,1.88787499618519,13,0.07853999
91,1.88787499618519,14,0.07826176
91,1.88787499618519,15,0.07843021
92,1.89703054902799,0,0.07830698
92,1.89703054902799,1,0.0779817
92,1.89703054902799,2,0.07800578
92,1.89703054902799,3,0.0780592
92,1.89703054902799,4,0.07842743
92,1.89703054902799,5,0.07831306
92,1.89703054902799,6,0.0780617
92,1.89703054902799,7,0.07810347
92,1.89703054902799,8,0.078112
92,1.89703054902799,9,0.07807241
92,1.89703054902799,10,0.07823255
92,1.89703054902799,11,0.07812917
92,1.89703054902799,12,0.07834189
92,1.89703054902799,13,0.07790798
92,1.89703054902799,14,0.07820217
92,1.89703054902799,15,0.07840122
93,1.90801721243934,0,0.07822625
93,1.90801721243934,1,0.07800606
93,1.90801721243934,2,0.078252
93,1.90801721243934,3,0.07827983
93,1.90801721243934,4,0.07852467
93,1.90801721243934,5,0.07801147
93,1.90801721243934,6,0.07789443
93,1.90801721243934,7,0.07851702
93,1.90801721243934,8,0.07846706
93,1.90801721243934,9,0.07821047
93,1.90801721243934,10,0.07819268
93,1.90801721243934,11,0.07818694
93,1.90801721243934,12,0.07856587
93,1.90801721243934,13,0.07825323
93,1.90801721243934,14,0.07845451
93,1.90801721243934,15,0.07831423
94,1.91778313547166,0,0.07848212
94,1.91778313547166,1,0.07837104
94,1.91778313547166,2,0.07829696
94,1.91778313547166,3,0.07816708
94,1.91778313547166,4,0.07828128
94,1.91778313547166,5,0.07816435
94,1.91778313547166,6,0.07789164
94,1.91778313547166,7,0.07807972
94,1.91778313547166,8,0.0778574
94,1.91778313547166,9,0.0779319
94,1.91778313547166,10,0.07805033
94,1.91778313547166,11,0.07810213
94,1.91778313547166,12,0.07810815
94,1.91778313547166,13,0.07796447
94,1.91778313547166,14,0.07793195
94,1.91778313547166,15,0.0778418
95,1.9281594286935,0,0.07787107
95,1.9281594286935,1,0.07821426
95,1.9281594286935,2,0.0782375
95,1.9281594286935,3,0.07848373
95,1.9281594286935,4,0.07869872
95,1.9281594286935,5,0.07843834
95,1.9281594286935,6,0.07816508
95,1.9281594286935,7,0.07839247
95,1.9281594286935,8,0.07828134
95,1.9281594286935,9,0.07788752
95,1.9281594286935,10,0.07810174
95,1.9281594286935,11,0.07802474
95,1.9281594286935,12,0.07817574
95,1.9281594286935,13,0.07807732
95,1.9281594286935,14,0.07807291
95,1.9281594286935,15,0.07800283
96,1.93853572191534,0,0.07798861
96,1.93853572191534,1,0.07838348
96,1.93853572191534,2,0.0786112
96,1.93853572191534,3,0.07872817
96,1.93853572191534,4,0.07856288
96,1.93853572191534,5,0.07862125
96,1.93853572191534,6,0.07844855
96,1.93853572191534,7,0.07847878
96,1.93853572191534,8,0.07848346
96,1.93853572191534,9,0.07838164
96,1.93853572191534,10,0.07832287
96,1.93853572191534,11,0.07860982
96,1.93853572191534,12,0.07874977
96,1.93853572191534,13,0.0783619
96,1.93853572191534,14,0.07801771
96,1.93853572191534,15,0.07846673
97,1.94769127475814,0,0.07852322
97,1.94769127475814,1,0.07850051
97,1.94769127475814,2,0.0784762
97,1.94769127475814,3,0.07834216
97,1.94769127475814,4,0.07836871
97,1.94769127475814,5,0.07834874
97,1.94769127475814,6,0.07862981
97,1.94769127475814,7,0.07856476
97,1.94769127475814,8,0.0783173
97,1.94769127475814,9,0.07850876
97,1.94769127475814,10,0.07836999
97,1.94769127475814,11,0.07848005
97,1.94769127475814,12,0.07823718
97,1.94769127475814,13,0.07802145
97,1.94769127475814,14,0.07817646
97,1.94769127475814,15,0.07846171
98,1.95745719779046,0,0.07819641
98,1.95745719779046,1,0.0780757
98,1.95745719779046,2,0.07825023
98,1.95745719779046,3,0.07845748
98,1.95745719779046,4,0.07803416
98,1.95745719779046,5,0.07815142
98,1.95745719779046,6,0.07789532
98,1.95745719779046,7,0.07814473
98,1.95745719779046,8,0.07828876
98,1.95745719779046,9,0.07784826
98,1.95745719779046,10,0.07790324
98,1.95745719779046,11,0.07828803
98,1.95745719779046,12,0.07798052
98,1.95745719779046,13,0.07796379
98,1.95745719779046,14,0.0779474
98,1.95745719779046,15,0.0782021
99,1.96722312082278,0,0.07862993
99,1.96722312082278,1,0.07832293
99,1.96722312082278,2,0.07806666
99,1.96722312082278,3,0.07813486
99,1.96722312082278,4,0.07818532
99,1.96722312082278,5,0.07804821
99,1.96722312082278,6,0.0782098
99,1.96722312082278,7,0.07806928
99,1.96722312082278,8,0.07802752
99,1.96722312082278,9,0.07806828
99,1.96722312082278,10,0.07810029
99,1.96722312082278,11,0.07814021
99,1.96722312082278,12,0.07815571
99,1.96722312082278,13,0.07801826
99,1.96722312082278,14,0.07777997
99,1.96722312082278,15,0.07769829
100,1.97759941404462,0,0.07807771
100,1.97759941404462,1,0.07783528
100,1.97759941404462,2,0.0776941
100,1.97759941404462,3,0.07791584
100,1.97759941404462,4,0.07798498
100,1.97759941404462,5,0.0782713
100,1.97759941404462,6,0.07819664
100,1.97759941404462,7,0.07814205
100,1.97759941404462,8,0.07795047
100,1.97759941404462,9,0.07787586
100,1.97759941404462,10,0.07831413
100,1.97759941404462,11,0.07847375
100,1.97759941404462,12,0.0785159
100,1.97759941404462,13,0.07818431
100,1.97759941404462,14,0.07841293
100,1.97759941404462,15,0.07861137
101,1.98797570726646,0,0.0782011
101,1.98797570726646,1,0.0784117
101,1.98797570726646,2,0.0784689
101,1.98797570726646,3,0.07817406
101,1.98797570726646,4,0.07838607
101,1.98797570726646,5,0.07851028
101,1.98797570726646,6,0.07795777
101,1.98797570726646,7,0.07813519
101,1.98797570726646,8,0.07806277
101,1.98797570726646,9,0.07819858
101,1.98797570726646,10,0.07814311
101,1.98797570726646,11,0.07821526
101,1.98797570726646,12,0.07821281
101,1.98797570726646,13,0.07817857
101,1.98797570726646,14,0.07808111
101,1.98797570726646,15,0.07848742
102,1.99713126010926,0,0.07843991
102,1.99713126010926,1,0.07825144
102,1.99713126010926,2,0.07836341
102,1.99713126010926,3,0.07823852
102,1.99713126010926,4,0.07827041
102,1.99713126010926,5,0.07858065
102,1.99713126010926,6,0.07827676
102,1.99713126010926,7,0.07836369
102,1.99713126010926,8,0.07809293
102,1.99713126010926,9,0.07826901
102,1.99713126010926,10,0.07818855
102,1.99713126010926,11,0.07820349
102,1.99713126010926,12,0.07825424
102,1.99713126010926,13,0.07837897
102,1.99713126010926,14,0.07852596
102,1.99713126010926,15,0.07877011
103,2.0075075533311,0,0.07833609
103,2.0075075533311,1,0.07841422
103,2.0075075533311,2,0.07851543
103,2.0075075533311,3,0.07812109
103,2.0075075533311,4,0.0779895
103,2.0075075533311,5,0.07823445
103,2.0075075533311,6,0.0785817
103,2.0075075533311,7,0.07874496
103,2.0075075533311,8,0.07867452
103,2.0075075533311,9,0.07852153
103,2.0075075533311,10,0.07858794
103,2.0075075533311,11,0.0784687
103,2.0075075533311,12,0.07840411
103,2.0075075533311,13,0.07842122
103,2.0075075533311,14,0.0785986
103,2.0075075533311,15,0.0786316
104,2.01727347636341,0,0.0787022
104,2.01727347636341,1,0.07870901
104,2.01727347636341,2,0.07845436
104,2.01727347636341,3,0.0787231
104,2.01727347636341,4,0.07887283
104,2.01727347636341,5,0.07890499
104,2.01727347636341,6,0.07874832
104,2.01727347636341,7,0.07910375
104,2.01727347636341,8,0.0788394
104,2.01727347636341,9,0.07886986
104,2.01727347636341,10,0.07874585
104,2.01727347636341,11,0.07899519
104,2.01727347636341,12,0.07885759
104,2.01727347636341,13,0.07877105
104,2.01727347636341,14,0.07896034
104,2.01727347636341,15,0.07872378
105,2.02703939939573,0,0.07889359
105,2.02703939939573,1,0.07922893
105,2.02703939939573,2,0.07878612
105,2.02703939939573,3,0.07901533
105,2.02703939939573,4,0.07871746
105,2.02703939939573,5,0.07853402
105,2.02703939939573,6,0.07847007
105,2.02703939939573,7,0.07842786
105,2.02703939939573,8,0.07861891
105,2.02703939939573,9,0.07857779
105,2.02703939939573,10,0.07858125
105,2.02703939939573,11,0.07849595
105,2.02703939939573,12,0.07836922
105,2.02703939939573,13,0.07854342
105,2.02703939939573,14,0.07839825
105,2.02703939939573,15,0.07849973
106,2.03741569261757,0,0.078358
106,2.03741569261757,1,0.07848657
106,2.03741569261757,2,0.07861724
106,2.03741569261757,3,0.07852111
106,2.03741569261757,4,0.07850002
106,2.03741569261757,5,0.07838181
106,2.03741569261757,6,0.07855933
106,2.03741569261757,7,0.07867204
106,2.03741569261757,8,0.07875633
106,2.03741569261757,9,0.07869178
106,2.03741569261757,10,0.07871521
106,2.03741569261757,11,0.07854941
106,2.03741569261757,12,0.07868809
106,2.03741569261757,13,0.07875486
106,2.03741569261757,14,0.07869757
106,2.03741569261757,15,0.07901299
107,2.04718161564989,0,0.07893024
107,2.04718161564989,1,0.0791003
107,2.04718161564989,2,0.07852896
107,2.04718161564989,3,0.07875103
107,2.04718161564989,4,0.07854357
107,2.04718161564989,5,0.07883917
107,2.04718161564989,6,0.07881396
107,2.04718161564989,7,0.07896459
107,2.04718161564989,8,0.07883564
107,2.04718161564989,9,0.07871574
107,2.04718161564989,10,0.0786892
107,2.04718161564989,11,0.07864548
107,2.04718161564989,12,0.07898744
107,2.04718161564989,13,0.07893473
107,2.04718161564989,14,0.07882737
107,2.04718161564989,15,0.07856592
108,2.05694753868221,0,0.07894066
108,2.05694753868221,1,0.07904963
108,2.05694753868221,2,0.07884905
108,2.05694753868221,3,0.07906144
108,2.05694753868221,4,0.07907435
108,2.05694753868221,5,0.07890131
108,2.05694753868221,6,0.07876258
108,2.05694753868221,7,0.07924193
108,2.05694753868221,8,0.07867302
108,2.05694753868221,9,0.07897903
108,2.05694753868221,10,0.07896362
108,2.05694753868221,11,0.07889749
108,2.05694753868221,12,0.07880511
108,2.05694753868221,13,0.0787807
108,2.05694753868221,14,0.07888834
108,2.05694753868221,15,0.07888228
109,2.06732383190405,0,0.07879193
109,2.06732383190405,1,0.07862307
109,2.06732383190405,2,0.07867799
109,2.06732383190405,3,0.07850788
109,2.06732383190405,4,0.0784795
109,2.06732383190405,5,0.07874089
109,2.06732383190405,6,0.07843623
109,2.06732383190405,7,0.07849471
109,2.06732383190405,8,0.07878293
109,2.06732383190405,9,0.0787318
109,2.06732383190405,10,0.07864673
109,2.06732383190405,11,0.07883617
109,2.06732383190405,12,0.07868488
109,2.06732383190405,13,0.07846724
109,2.06732383190405,14,0.07891726
109,2.06732383190405,15,0.07842039
110,2.07770012512589,0,0.07879291
110,2.07770012512589,1,0.07871737
110,2.07770012512589,2,0.07909662
110,2.07770012512589,3,0.07906339
110,2.07770012512589,4,0.0786912
110,2.07770012512589,5,0.07858925
110,2.07770012512589,6,0.07861579
110,2.07770012512589,7,0.07861175
110,2.07770012512589,8,0.07886301
110,2.07770012512589,9,0.07852311
110,2.07770012512589,10,0.07871972
110,2.07770012512589,11,0.07859123
110,2.07770012512589,12,0.07864488
110,2.07770012512589,13,0.07870574
110,2.07770012512589,14,0.07905841
110,2.07770012512589,15,0.07865965
111,2.08685567796869,0,0.07850108
111,2.08685567796869,1,0.07844617
111,2.08685567796869,2,0.07850648
111,2.08685567796869,3,0.07857495
111,2.08685567796869,4,0.07856608
111,2.08685567796869,5,0.07856359
111,2.08685567796869,6,0.07832924
111,2.08685567796869,7,0.07851629
111,2.08685567796869,8,0.07841559
111,2.08685567796869,9,0.0783265
111,2.08685567796869,10,0.07847866
111,2.08685567796869,11,0.07866344
111,2.08685567796869,12,0.07847185
111,2.08685567796869,13,0.07878327
111,2.08685567796869,14,0.07887352
111,2.08685567796869,15,0.07868407
112,2.09784234138005,0,0.07905904
112,2.09784234138005,1,0.07873815
112,2.09784234138005,2,0.07893434
112,2.09784234138005,3,0.07900957
112,2.09784234138005,4,0.07882217
112,2.09784234138005,5,0.07895544
112,2.09784234138005,6,0.07862408
112,2.09784234138005,7,0.07873475
112,2.09784234138005,8,0.07892834
112,2.09784234138005,9,0.07877696
112,2.09784234138005,10,0.07869372
112,2.09784234138005,11,0.07906406
112,2.09784234138005,12,0.07868942
112,2.09784234138005,13,0.0788473
112,2.09784234138005,14,0.07911072
112,2.09784234138005,15,0.07871714
113,2.10699789422285,0,0.07875701
113,2.10699789422285,1,0.07879429
113,2.10699789422285,2,0.07874021
113,2.10699789422285,3,0.07913109
113,2.10699789422285,4,0.07893261
113,2.10699789422285,5,0.07875429
113,2.10699789422285,6,0.07898434
113,2.10699789422285,7,0.07902431
113,2.10699789422285,8,0.0789768
113,2.10699789422285,9,0.07905252
113,2.10699789422285,10,0.07907885
113,2.10699789422285,11,0.07871803
113,2.10699789422285,12,0.07897977
113,2.10699789422285,13,0.07919285
113,2.10699789422285,14,0.07921739
113,2.10699789422285,15,0.07902308
114,2.11737418744469,0,0.07909021
114,2.11737418744469,1,0.07908006
114,2.11737418744469,2,0.07963417
114,2.11737418744469,3,0.07910216
114,2.11737418744469,4,0.07901007
114,2.11737418744469,5,0.07890275
114,2.11737418744469,6,0.07923424
114,2.11737418744469,7,0.07907327
114,2.11737418744469,8,0.07889879
114,2.11737418744469,9,0.07937643
114,2.11737418744469,10,0.0791389
114,2.11737418744469,11,0.07899939
114,2.11737418744469,12,0.07919487
114,2.11737418744469,13,0.07944293
114,2.11737418744469,14,0.07938705
114,2.11737418744469,15,0.07923792
115,2.127140110477,0,0.07883748
115,2.127140110477,1,0.07882641
115,2.127140110477,2,0.07903091
115,2.127140110477,3,0.07912667
115,2.127140110477,4,0.07899467
115,2.127140110477,5,0.07884661
115,2.127140110477,6,0.07881617
115,2.127140110477,7,0.07894594
115,2.127140110477,8,0.078802
115,2.127140110477,9,0.07905037
115,2.127140110477,10,0.07904921
115,2.127140110477,11,0.07874552
115,2.127140110477,12,0.07916639
115,2.127140110477,13,0.07909679
115,2.127140110477,14,0.07906506
115,2.127140110477,15,0.07911072
116,2.13690603350932,0,0.0789823
116,2.13690603350932,1,0.07899643
116,2.13690603350932,2,0.07877463
116,2.13690603350932,3,0.07890888
116,2.13690603350932,4,0.07865737
116,2.13690603350932,5,0.07878862
116,2.13690603350932,6,0.07903665
116,2.13690603350932,7,0.07868256
116,2.13690603350932,8,0.07896069
116,2.13690603350932,9,0.0789157
116,2.13690603350932,10,0.07892901
116,2.13690603350932,11,0.07899212
116,2.13690603350932,12,0.07895502
116,2.13690603350932,13,0.07918993
116,2.13690603350932,14,0.0789348
116,2.13690603350932,15,0.07912439
117,2.14728232673116,0,0.07904886
117,2.14728232673116,1,0.07935067
117,2.14728232673116,2,0.07908676
117,2.14728232673116,3,0.07903647
117,2.14728232673116,4,0.07887112
117,2.14728232673116,5,0.07916678
117,2.14728232673116,6,0.07900412
117,2.14728232673116,7,0.0787737
117,2.14728232673116,8,0.0789606
117,2.14728232673116,9,0.07886542
117,2.14728232673116,10,0.07897936
117,2.14728232673116,11,0.07917146
117,2.14728232673116,12,0.07903189
117,2.14728232673116,13,0.07897971
117,2.14728232673116,14,0.07911001
117,2.14728232673116,15,0.07912077
118,2.15704824976348,0,0.07917107
118,2.15704824976348,1,0.07903289
118,2.15704824976348,2,0.07905159
118,2.15704824976348,3,0.0792206
118,2.15704824976348,4,0.0792072
118,2.15704824976348,5,0.07920085
118,2.15704824976348,6,0.07921762
118,2.15704824976348,7,0.07908135
118,2.15704824976348,8,0.07917575
118,2.15704824976348,9,0.0790005
118,2.15704824976348,10,0.07899071
118,2.15704824976348,11,0.07893961
118,2.15704824976348,12,0.07909723
118,2.15704824976348,13,0.07895308
118,2.15704824976348,14,0.07910527
118,2.15704824976348,15,0.07892042
119,2.1668141727958,0,0.07920255
119,2.1668141727958,1,0.07922838
119,2.1668141727958,2,0.0789125
119,2.1668141727958,3,0.07938108
119,2.1668141727958,4,0.07924487
119,2.1668141727958,5,0.07896695
119,2.1668141727958,6,0.0789647
119,2.1668141727958,7,0.07906209
119,2.1668141727958,8,0.07879917
119,2.1668141727958,9,0.07865607
119,2.1668141727958,10,0.07865253
119,2.1668141727958,11,0.07886003
119,2.1668141727958,12,0.0792622
119,2.1668141727958,13,0.07878398
119,2.1668141727958,14,0.07920723
119,2.1668141727958,15,0.07926345
120,2.17719046601764,0,0.07909739
120,2.17719046601764,1,0.07897043
120,2.17719046601764,2,0.07891382
120,2.17719046601764,3,0.0789003
120,2.17719046601764,4,0.07861681
120,2.17719046601764,5,0.07888351
120,2.17719046601764,6,0.07899888
120,2.17719046601764,7,0.07911927
120,2.17719046601764,8,0.07884899
120,2.17719046601764,9,0.07898946
120,2.17719046601764,10,0.07897661
120,2.17719046601764,11,0.07919122
120,2.17719046601764,12,0.07910429
120,2.17719046601764,13,0.07900553
120,2.17719046601764,14,0.07909291
120,2.17719046601764,15,0.07926025
121,2.18695638904996,0,0.07852662
121,2.18695638904996,1,0.07872968
121,2.18695638904996,2,0.0789541
121,2.18695638904996,3,0.07913553
121,2.18695638904996,4,0.07874609
121,2.18695638904996,5,0.07927869
121,2.18695638904996,6,0.0790794
121,2.18695638904996,7,0.07911886
121,2.18695638904996,8,0.07905347
121,2.18695638904996,9,0.07899385
121,2.18695638904996,10,0.07897635
121,2.18695638904996,11,0.0787347
121,2.18695638904996,12,0.07885847
121,2.18695638904996,13,0.07879916
121,2.18695638904996,14,0.07879319
121,2.18695638904996,15,0.07870007
122,2.1973326822718,0,0.0791881
122,2.1973326822718,1,0.0790659
122,2.1973326822718,2,0.0790186
122,2.1973326822718,3,0.07901789
122,2.1973326822718,4,0.07897047
122,2.1973326822718,5,0.07904004
122,2.1973326822718,6,0.07903583
122,2.1973326822718,7,0.07907765
122,2.1973326822718,8,0.07897652
122,2.1973326822718,9,0.07913594
122,2.1973326822718,10,0.07902403
122,2.1973326822718,11,0.07916215
122,2.1973326822718,12,0.07930436
122,2.1973326822718,13,0.07914522
122,2.1973326822718,14,0.07914673
122,2.1973326822718,15,0.07906991
123,2.20709860530412,0,0.07913414
123,2.20709860530412,1,0.0788296
123,2.20709860530412,2,0.07860199
123,2.20709860530412,3,0.07881975
123,2.20709860530412,4,0.07897171
123,2.20709860530412,5,0.07883517
123,2.20709860530412,6,0.07882079
123,2.20709860530412,7,0.07905884
123,2.20709860530412,8,0.07892535
123,2.20709860530412,9,0.07898393
123,2.20709860530412,10,0.07899376
123,2.20709860530412,11,0.07895818
123,2.20709860530412,12,0.07889619
123,2.20709860530412,13,0.07869256
123,2.20709860530412,14,0.07907845
123,2.20709860530412,15,0.07899073
124,2.21747489852596,0,0.07910138
124,2.21747489852596,1,0.07889529
124,2.21747489852596,2,0.07870631
124,2.21747489852596,3,0.0788162
124,2.21747489852596,4,0.07869747
124,2.21747489852596,5,0.07869445
124,2.21747489852596,6,0.07894411
124,2.21747489852596,7,0.07884087
124,2.21747489852596,8,0.07897007
124,2.21747489852596,9,0.07865372
124,2.21747489852596,10,0.07893857
124,2.21747489852596,11,0.0786916
124,2.21747489852596,12,0.07868771
124,2.21747489852596,13,0.07889343
124,2.21747489852596,14,0.07889912
124,2.21747489852596,15,0.07905865
125,2.2278511917478,0,0.07902308
125,2.2278511917478,1,0.07891729
125,2.2278511917478,2,0.07901382
125,2.2278511917478,3,0.07885476
125,2.2278511917478,4,0.07873108
125,2.2278511917478,5,0.0785383
125,2.2278511917478,6,0.079044
125,2.2278511917478,7,0.07880191
125,2.2278511917478,8,0.07872869
125,2.2278511917478,9,0.07874268
125,2.2278511917478,10,0.07877798
125,2.2278511917478,11,0.07872225
125,2.2278511917478,12,0.0786087
125,2.2278511917478,13,0.07888121
125,2.2278511917478,14,0.07862737
125,2.2278511917478,15,0.07841153
126,2.23639637440107,0,0.07853409
126,2.23639637440107,1,0.07854552
126,2.23639637440107,2,0.07852565
126,2.23639637440107,3,0.07888877
126,2.23639637440107,4,0.07872602
126,2.23639637440107,5,0.07898961
126,2.23639637440107,6,0.07871731
126,2.23639637440107,7,0.0790697
126,2.23639637440107,8,0.07896572
126,2.23639637440107,9,0.07895887
126,2.23639637440107,10,0.07888918
126,2.23639637440107,11,0.0788561
126,2.23639637440107,12,0.07889432
126,2.23639637440107,13,0.07900236
126,2.23639637440107,14,0.07914274
126,2.23639637440107,15,0.07927497
127,2.24738303781243,0,0.07892037
127,2.24738303781243,1,0.07924213
127,2.24738303781243,2,0.07910132
127,2.24738303781243,3,0.07898857
127,2.24738303781243,4,0.0791587
127,2.24738303781243,5,0.07894471
127,2.24738303781243,6,0.07889765
127,2.24738303781243,7,0.07910561
127,2.24738303781243,8,0.07892261
127,2.24738303781243,9,0.07886411
127,2.24738303781243,10,0.07885777
127,2.24738303781243,11,0.07878012
127,2.24738303781243,12,0.07926932
127,2.24738303781243,13,0.07907881
127,2.24738303781243,14,0.07902684
127,2.24738303781243,15,0.07896604
128,2.25714896084475,0,0.07902079
128,2.25714896084475,1,0.07871196
128,2.25714896084475,2,0.0789073
128,2.25714896084475,3,0.0788996
128,2.25714896084475,4,0.07885111
128,2.25714896084475,5,0.07913996
128,2.25714896084475,6,0.07900723
128,2.25714896084475,7,0.0794177
128,2.25714896084475,8,0.07942879
128,2.25714896084475,9,0.07912439
128,2.25714896084475,10,0.07917932
128,2.25714896084475,11,0.07904994
128,2.25714896084475,12,0.07892612
128,2.25714896084475,13,0.07898076
128,2.25714896084475,14,0.07924306
128,2.25714896084475,15,0.07913071
129,2.26691488387707,0,0.07941841
129,2.26691488387707,1,0.07910797
129,2.26691488387707,2,0.07913537
129,2.26691488387707,3,0.07897066
129,2.26691488387707,4,0.07898678
129,2.26691488387707,5,0.07892849
129,2.26691488387707,6,0.07877034
129,2.26691488387707,7,0.07894234
129,2.26691488387707,8,0.07891258
129,2.26691488387707,9,0.07897601
129,2.26691488387707,10,0.07890765
129,2.26691488387707,11,0.07912858
129,2.26691488387707,12,0.07907426
129,2.26691488387707,13,0.07931855
129,2.26691488387707,14,0.07890933
129,2.26691488387707,15,0.07924789
130,2.27668080690939,0,0.07918959
130,2.27668080690939,1,0.07919654
130,2.27668080690939,2,0.07905217
130,2.27668080690939,3,0.07902367
130,2.27668080690939,4,0.0791674
130,2.27668080690939,5,0.0788673
130,2.27668080690939,6,0.07884662
130,2.27668080690939,7,0.07926882
130,2.27668080690939,8,0.07906678
130,2.27668080690939,9,0.07935383
130,2.27668080690939,10,0.07911109
130,2.27668080690939,11,0.07880937
130,2.27668080690939,12,0.07898791
130,2.27668080690939,13,0.07894923
130,2.27668080690939,14,0.07916646
130,2.27668080690939,15,0.0789291
131,2.28705710013123,0,0.0790601
131,2.28705710013123,1,0.07907096
131,2.28705710013123,2,0.07888867
131,2.28705710013123,3,0.07912323
131,2.28705710013123,4,0.07906137
131,2.28705710013123,5,0.07907974
131,2.28705710013123,6,0.07899171
131,2.28705710013123,7,0.07910695
131,2.28705710013123,8,0.0791679
131,2.28705710013123,9,0.07890124
131,2.28705710013123,10,0.07919095
131,2.28705710013123,11,0.07925767
131,2.28705710013123,12,0.07894626
131,2.28705710013123,13,0.07906323
131,2.28705710013123,14,0.07917345
131,2.28705710013123,15,0.07911024
132,2.29743339335307,0,0.07898835
132,2.29743339335307,1,0.07919333
132,2.29743339335307,2,0.07932372
132,2.29743339335307,3,0.0791055
132,2.29743339335307,4,0.07925545
132,2.29743339335307,5,0.07932976
132,2.29743339335307,6,0.07890298
132,2.29743339335307,7,0.07922741
132,2.29743339335307,8,0.07908671
132,2.29743339335307,9,0.07921127
132,2.29743339335307,10,0.07881444
132,2.29743339335307,11,0.0788772
132,2.29743339335307,12,0.07902811
132,2.29743339335307,13,0.07902623
132,2.29743339335307,14,0.07912488
132,2.29743339335307,15,0.07888067
133,2.30719931638539,0,0.07888155
133,2.30719931638539,1,0.07927511
133,2.30719931638539,2,0.07922877
133,2.30719931638539,3,0.07911675
133,2.30719931638539,4,0.07899249
133,2.30719931638539,5,0.07940511
133,2.30719931638539,6,0.07936817
133,2.30719931638539,7,0.0790507
133,2.30719931638539,8,0.07886685
133,2.30719931638539,9,0.07884487
133,2.30719931638539,10,0.0788075
133,2.30719931638539,11,0.07891304
133,2.30719931638539,12,0.07920814
133,2.30719931638539,13,0.07911436
133,2.30719931638539,14,0.07923766
133,2.30719931638539,15,0.07888547
134,2.31696523941771,0,0.07925006
134,2.31696523941771,1,0.07940046
134,2.31696523941771,2,0.07933026
134,2.31696523941771,3,0.07919817
134,2.31696523941771,4,0.07959802
134,2.31696523941771,5,0.07896287
134,2.31696523941771,6,0.07889172
134,2.31696523941771,7,0.07883929
134,2.31696523941771,8,0.0790436
134,2.31696523941771,9,0.07905082
134,2.31696523941771,10,0.07894018
134,2.31696523941771,11,0.07906912
134,2.31696523941771,12,0.0785861
134,2.31696523941771,13,0.07888908
134,2.31696523941771,14,0.07896601
134,2.31696523941771,15,0.07878323
135,2.32734153263955,0,0.07917357
135,2.32734153263955,1,0.07904838
135,2.32734153263955,2,0.07901656
135,2.32734153263955,3,0.0790453
135,2.32734153263955,4,0.07889712
135,2.32734153263955,5,0.07878096
135,2.32734153263955,6,0.07898384
135,2.32734153263955,7,0.07912669
135,2.32734153263955,8,0.0792155
135,2.32734153263955,9,0.07889765
135,2.32734153263955,10,0.078848
135,2.32734153263955,11,0.07875457
135,2.32734153263955,12,0.07908046
135,2.32734153263955,13,0.07901454
135,2.32734153263955,14,0.07906509
135,2.32734153263955,15,0.07927227
136,2.33649708548235,0,0.07949559
136,2.33649708548235,1,0.07922207
136,2.33649708548235,2,0.07912949
136,2.33649708548235,3,0.07906919
136,2.33649708548235,4,0.07941589
136,2.33649708548235,5,0.07907405
136,2.33649708548235,6,0.07939908
136,2.33649708548235,7,0.07950439
136,2.33649708548235,8,0.07936924
136,2.33649708548235,9,0.07909816
136,2.33649708548235,10,0.0791816
136,2.33649708548235,11,0.07902464
136,2.33649708548235,12,0.07896234
136,2.33649708548235,13,0.07927572
136,2.33649708548235,14,0.07935752
136,2.33649708548235,15,0.07921339
137,2.3474837488937,0,0.07931787
137,2.3474837488937,1,0.07947714
137,2.3474837488937,2,0.0791331
137,2.3474837488937,3,0.0791858
137,2.3474837488937,4,0.0791268
137,2.3474837488937,5,0.07891814
137,2.3474837488937,6,0.07881767
137,2.3474837488937,7,0.07891104
137,2.3474837488937,8,0.07873552
137,2.3474837488937,9,0.0791605
137,2.3474837488937,10,0.07935095
137,2.3474837488937,11,0.07898835
137,2.3474837488937,12,0.07922104
137,2.3474837488937,13,0.07903207
137,2.3474837488937,14,0.07923114
137,2.3474837488937,15,0.0789191
138,2.35786004211554,0,0.07894657
138,2.35786004211554,1,0.07910589
138,2.35786004211554,2,0.07932663
138,2.35786004211554,3,0.0790131
138,2.35786004211554,4,0.07918517
138,2.35786004211554,5,0.07927566
138,2.35786004211554,6,0.07891471
138,2.35786004211554,7,0.07913553
138,2.35786004211554,8,0.07925615
138,2.35786004211554,9,0.07918431
138,2.35786004211554,10,0.07943094
138,2.35786004211554,11,0.07949813
138,2.35786004211554,12,0.07915466
138,2.35786004211554,13,0.07932004
138,2.35786004211554,14,0.07949157
138,2.35786004211554,15,0.07925589
139,2.36701559495834,0,0.07922994
139,2.36701559495834,1,0.07936409
139,2.36701559495834,2,0.07948898
139,2.36701559495834,3,0.07918501
139,2.36701559495834,4,0.07906505
139,2.36701559495834,5,0.07981679
139,2.36701559495834,6,0.07935199
139,2.36701559495834,7,0.07959241
139,2.36701559495834,8,0.07938126
139,2.36701559495834,9,0.07915234
139,2.36701559495834,10,0.07950974
139,2.36701559495834,11,0.07928193
139,2.36701559495834,12,0.07918363
139,2.36701559495834,13,0.07942687
139,2.36701559495834,14,0.07920467
139,2.36701559495834,15,0.07904088
140,2.3780022583697,0,0.07925881
140,2.3780022583697,1,0.07925671
140,2.3780022583697,2,0.07904328
140,2.3780022583697,3,0.07932848
140,2.3780022583697,4,0.07929808
140,2.3780022583697,5,0.07933655
140,2.3780022583697,6,0.07919631
140,2.3780022583697,7,0.07936002
140,2.3780022583697,8,0.07919095
140,2.3780022583697,9,0.07915587
140,2.3780022583697,10,0.07878204
140,2.3780022583697,11,0.07899245
140,2.3780022583697,12,0.07927013
140,2.3780022583697,13,0.07924006
140,2.3780022583697,14,0.07878654
140,2.3780022583697,15,0.07910698
141,2.38654744102298,0,0.07916356
141,2.38654744102298,1,0.07909014
141,2.38654744102298,2,0.07906665
141,2.38654744102298,3,0.07920171
141,2.38654744102298,4,0.07940979
141,2.38654744102298,5,0.07930914
141,2.38654744102298,6,0.07903131
141,2.38654744102298,7,0.07907192
141,2.38654744102298,8,0.07926876
141,2.38654744102298,9,0.07920922
141,2.38654744102298,10,0.07912344
141,2.38654744102298,11,0.07904514
141,2.38654744102298,12,0.07903852
141,2.38654744102298,13,0.07886493
141,2.38654744102298,14,0.07896473
141,2.38654744102298,15,0.07900634
142,2.39753410443434,0,0.07908261
142,2.39753410443434,1,0.07906187
142,2.39753410443434,2,0.07935908
142,2.39753410443434,3,0.07893971
142,2.39753410443434,4,0.07910018
142,2.39753410443434,5,0.0790779
142,2.39753410443434,6,0.07913975
142,2.39753410443434,7,0.07908162
142,2.39753410443434,8,0.07901288
142,2.39753410443434,9,0.0791164
142,2.39753410443434,10,0.07920447
142,2.39753410443434,11,0.07922585
142,2.39753410443434,12,0.0792326
142,2.39753410443434,13,0.07935119
142,2.39753410443434,14,0.07925069
142,2.39753410443434,15,0.07914188
143,2.40730002746666,0,0.07904562
143,2.40730002746666,1,0.07928312
143,2.40730002746666,2,0.07944644
143,2.40730002746666,3,0.07927649
143,2.40730002746666,4,0.07928675
143,2.40730002746666,5,0.07907794
143,2.40730002746666,6,0.07891842
143,2.40730002746666,7,0.07918227
143,2.40730002746666,8,0.07912198
143,2.40730002746666,9,0.0793166
143,2.40730002746666,10,0.07916231
143,2.40730002746666,11,0.07920245
143,2.40730002746666,12,0.07914664
143,2.40730002746666,13,0.07951846
143,2.40730002746666,14,0.07923011
143,2.40730002746666,15,0.07931976
144,2.41706595049898,0,0.07915929
144,2.41706595049898,1,0.07929578
144,2.41706595049898,2,0.07933936
144,2.41706595049898,3,0.07911522
144,2.41706595049898,4,0.07934055
144,2.41706595049898,5,0.07942592
144,2.41706595049898,6,0.079152
144,2.41706595049898,7,0.07911776
144,2.41706595049898,8,0.0791482
144,2.41706595049898,9,0.0794438
144,2.41706595049898,10,0.07915276
144,2.41706595049898,11,0.079336
144,2.41706595049898,12,0.07897239
144,2.41706595049898,13,0.0790965
144,2.41706595049898,14,0.07919688
144,2.41706595049898,15,0.07901093
145,2.42744224372082,0,0.07909496
145,2.42744224372082,1,0.07908888
145,2.42744224372082,2,0.07917654
145,2.42744224372082,3,0.0791461
145,2.42744224372082,4,0.07893158
145,2.42744224372082,5,0.07924081
145,2.42744224372082,6,0.07902397
145,2.42744224372082,7,0.07921088
145,2.42744224372082,8,0.07750838
145,2.42744224372082,9,0.07781765
145,2.42744224372082,10,0.07756602
145,2.42744224372082,11,0.07770169
145,2.42744224372082,12,0.07779942
145,2.42744224372082,13,0.07742963
145,2.42744224372082,14,0.0771316
145,2.42744224372082,15,0.07718742
146,2.43781853694266,0,0.07758548
146,2.43781853694266,1,0.07772493
146,2.43781853694266,2,0.07752292
146,2.43781853694266,3,0.07741465
146,2.43781853694266,4,0.07744302
146,2.43781853694266,5,0.07749169
146,2.43781853694266,6,0.07741335
146,2.43781853694266,7,0.07740878
146,2.43781853694266,8,0.07760644
146,2.43781853694266,9,0.07764509
146,2.43781853694266,10,0.07769912
146,2.43781853694266,11,0.07758715
146,2.43781853694266,12,0.07786582
146,2.43781853694266,13,0.07758369
146,2.43781853694266,14,0.07746537
146,2.43781853694266,15,0.07734159
147,2.44758445997498,0,0.07763548
147,2.44758445997498,1,0.0775905
147,2.44758445997498,2,0.07751226
147,2.44758445997498,3,0.07781899
147,2.44758445997498,4,0.07757907
147,2.44758445997498,5,0.07752095
147,2.44758445997498,6,0.07741273
147,2.44758445997498,7,0.07769682
147,2.44758445997498,8,0.07765248
147,2.44758445997498,9,0.07753495
147,2.44758445997498,10,0.07779445
147,2.44758445997498,11,0.07780098
147,2.44758445997498,12,0.07757661
147,2.44758445997498,13,0.07763605
147,2.44758445997498,14,0.07780176
147,2.44758445997498,15,0.07795565
148,2.45735038300729,0,0.07756095
148,2.45735038300729,1,0.0775213
148,2.45735038300729,2,0.07743945
148,2.45735038300729,3,0.07721715
148,2.45735038300729,4,0.07732453
148,2.45735038300729,5,0.07749587
148,2.45735038300729,6,0.07695958
148,2.45735038300729,7,0.07716973
148,2.45735038300729,8,0.07719012
148,2.45735038300729,9,0.07740425
148,2.45735038300729,10,0.07740851
148,2.45735038300729,11,0.07763872
148,2.45735038300729,12,0.07720132
148,2.45735038300729,13,0.07734187
148,2.45735038300729,14,0.07759074
148,2.45735038300729,15,0.07755787
149,2.46711630603961,0,0.07735493
149,2.46711630603961,1,0.07738508
149,2.46711630603961,2,0.07753567
149,2.46711630603961,3,0.07770658
149,2.46711630603961,4,0.07745851
149,2.46711630603961,5,0.07754667
149,2.46711630603961,6,0.0773714
149,2.46711630603961,7,0.07753125
149,2.46711630603961,8,0.07768957
149,2.46711630603961,9,0.07767241
149,2.46711630603961,10,0.07747748
149,2.46711630603961,11,0.07717809
149,2.46711630603961,12,0.07736645
149,2.46711630603961,13,0.07725605
149,2.46711630603961,14,0.07747362
149,2.46711630603961,15,0.07751689
150,2.47749259926145,0,0.07746118
150,2.47749259926145,1,0.07764736
150,2.47749259926145,2,0.07743849
150,2.47749259926145,3,0.07750686
150,2.47749259926145,4,0.07719834
150,2.47749259926145,5,0.07756059
150,2.47749259926145,6,0.07765795
150,2.47749259926145,7,0.07773318
150,2.47749259926145,8,0.07735626
150,2.47749259926145,9,0.07715056
150,2.47749259926145,10,0.07717945
150,2.47749259926145,11,0.07753626
150,2.47749259926145,12,0.07754636
150,2.47749259926145,13,0.07759284
150,2.47749259926145,14,0.07767391
150,2.47749259926145,15,0.07767976
151,2.48664815210425,0,0.07736446
151,2.48664815210425,1,0.07769889
151,2.48664815210425,2,0.07759819
151,2.48664815210425,3,0.07771992
151,2.48664815210425,4,0.07747373
151,2.48664815210425,5,0.07746573
151,2.48664815210425,6,0.07723837
151,2.48664815210425,7,0.07779831
151,2.48664815210425,8,0.07748663
151,2.48664815210425,9,0.07745266
151,2.48664815210425,10,0.07745106
151,2.48664815210425,11,0.07717366
151,2.48664815210425,12,0.07734973
151,2.48664815210425,13,0.07764162
151,2.48664815210425,14,0.07765266
151,2.48664815210425,15,0.07752163
152,2.49763481551561,0,0.0776438
152,2.49763481551561,1,0.07795549
152,2.49763481551561,2,0.07769371
152,2.49763481551561,3,0.07762357
152,2.49763481551561,4,0.077622
152,2.49763481551561,5,0.07751886
152,2.49763481551561,6,0.0777208
152,2.49763481551561,7,0.07757288
152,2.49763481551561,8,0.07782769
152,2.49763481551561,9,0.07763004
152,2.49763481551561,10,0.07768907
152,2.49763481551561,11,0.07791645
152,2.49763481551561,12,0.07779089
152,2.49763481551561,13,0.07773619
152,2.49763481551561,14,0.07782563
152,2.49763481551561,15,0.07755398
153,2.50801110873745,0,0.07759093
153,2.50801110873745,1,0.07747854
153,2.50801110873745,2,0.0777058
153,2.50801110873745,3,0.07749365
153,2.50801110873745,4,0.07761778
153,2.50801110873745,5,0.07743773
153,2.50801110873745,6,0.07785027
153,2.50801110873745,7,0.07783906
153,2.50801110873745,8,0.07772834
153,2.50801110873745,9,0.07751518
153,2.50801110873745,10,0.07763149
153,2.50801110873745,11,0.07771818
153,2.50801110873745,12,0.07789727
153,2.50801110873745,13,0.0779464
153,2.50801110873745,14,0.07758376
153,2.50801110873745,15,0.07761663
154,2.51777703176977,0,0.0776633
154,2.51777703176977,1,0.07743394
154,2.51777703176977,2,0.07762745
154,2.51777703176977,3,0.07750634
154,2.51777703176977,4,0.07748078
154,2.51777703176977,5,0.07763115
154,2.51777703176977,6,0.07755923
154,2.51777703176977,7,0.07718411
154,2.51777703176977,8,0.07749744
154,2.51777703176977,9,0.07780623
154,2.51777703176977,10,0.07768086
154,2.51777703176977,11,0.07790067
154,2.51777703176977,12,0.07762641
154,2.51777703176977,13,0.07780578
154,2.51777703176977,14,0.07778765
154,2.51777703176977,15,0.07749281
155,2.52754295480209,0,0.07762863
155,2.52754295480209,1,0.0777202
155,2.52754295480209,2,0.07743926
155,2.52754295480209,3,0.07743657
155,2.52754295480209,4,0.07754529
155,2.52754295480209,5,0.07786137
155,2.52754295480209,6,0.07793402
155,2.52754295480209,7,0.07779184
155,2.52754295480209,8,0.07785468
155,2.52754295480209,9,0.07785179
155,2.52754295480209,10,0.07796825
155,2.52754295480209,11,0.07777271
155,2.52754295480209,12,0.07779251
155,2.52754295480209,13,0.0778912
155,2.52754295480209,14,0.07773916
155,2.52754295480209,15,0.07770737
156,2.53791924802393,0,0.07804626
156,2.53791924802393,1,0.07800093
156,2.53791924802393,2,0.07791445
156,2.53791924802393,3,0.07766293
156,2.53791924802393,4,0.07781643
156,2.53791924802393,5,0.07788423
156,2.53791924802393,6,0.07775425
156,2.53791924802393,7,0.07798682
156,2.53791924802393,8,0.07792359
156,2.53791924802393,9,0.07790832
156,2.53791924802393,10,0.07776564
156,2.53791924802393,11,0.07814869
156,2.53791924802393,12,0.07809298
156,2.53791924802393,13,0.07799145
156,2.53791924802393,14,0.07770816
156,2.53791924802393,15,0.07794473
157,2.54829554124577,0,0.07776333
157,2.54829554124577,1,0.07765974
157,2.54829554124577,2,0.0777208
157,2.54829554124577,3,0.07769966
157,2.54829554124577,4,0.07790386
157,2.54829554124577,5,0.07783198
157,2.54829554124577,6,0.07769431
157,2.54829554124577,7,0.07769522
157,2.54829554124577,8,0.07749455
157,2.54829554124577,9,0.07768322
157,2.54829554124577,10,0.07747489
157,2.54829554124577,11,0.07751826
157,2.54829554124577,12,0.07806249
157,2.54829554124577,13,0.07758833
157,2.54829554124577,14,0.07813207
157,2.54829554124577,15,0.0778466
158,2.55745109408856,0,0.0778922
158,2.55745109408856,1,0.07802825
158,2.55745109408856,2,0.07795063
158,2.55745109408856,3,0.07786873
158,2.55745109408856,4,0.07798292
158,2.55745109408856,5,0.07791322
158,2.55745109408856,6,0.07750864
158,2.55745109408856,7,0.07776469
158,2.55745109408856,8,0.07770658
158,2.55745109408856,9,0.07783259
158,2.55745109408856,10,0.07768986
158,2.55745109408856,11,0.07795208
158,2.55745109408856,12,0.07800996
158,2.55745109408856,13,0.07794372
158,2.55745109408856,14,0.07794149
158,2.55745109408856,15,0.07793603
159,2.56843775749992,0,0.07780862
159,2.56843775749992,1,0.07796039
159,2.56843775749992,2,0.07812359
159,2.56843775749992,3,0.07777801
159,2.56843775749992,4,0.07774349
159,2.56843775749992,5,0.0777633
159,2.56843775749992,6,0.07785535
159,2.56843775749992,7,0.07785579
159,2.56843775749992,8,0.07772359
159,2.56843775749992,9,0.07775848
159,2.56843775749992,10,0.07785413
159,2.56843775749992,11,0.07808652
159,2.56843775749992,12,0.07791851
159,2.56843775749992,13,0.07829165
159,2.56843775749992,14,0.07797077
159,2.56843775749992,15,0.07774094
160,2.57759331034272,0,0.0781599
160,2.57759331034272,1,0.07814679
160,2.57759331034272,2,0.07808267
160,2.57759331034272,3,0.07783159
160,2.57759331034272,4,0.07779118
160,2.57759331034272,5,0.07761619
160,2.57759331034272,6,0.07764034
160,2.57759331034272,7,0.07753991
160,2.57759331034272,8,0.07802418
160,2.57759331034272,9,0.07796915
160,2.57759331034272,10,0.07802195
160,2.57759331034272,11,0.07805501
160,2.57759331034272,12,0.07803254
160,2.57759331034272,13,0.07798409
160,2.57759331034272,14,0.07783511
160,2.57759331034272,15,0.07784642
161,2.58857997375408,0,0.07801671
161,2.58857997375408,1,0.07807977
161,2.58857997375408,2,0.07804146
161,2.58857997375408,3,0.07791311
161,2.58857997375408,4,0.07790291
161,2.58857997375408,5,0.07779122
161,2.58857997375408,6,0.07776056
161,2.58857997375408,7,0.077898
161,2.58857997375408,8,0.07790519
161,2.58857997375408,9,0.07779919
161,2.58857997375408,10,0.07791054
161,2.58857997375408,11,0.07789895
161,2.58857997375408,12,0.07770837
161,2.58857997375408,13,0.07760331
161,2.58857997375408,14,0.07777606
161,2.58857997375408,15,0.07775007
162,2.59773552659688,0,0.07782864
162,2.59773552659688,1,0.0780011
162,2.59773552659688,2,0.07775013
162,2.59773552659688,3,0.07793096
162,2.59773552659688,4,0.0777111
162,2.59773552659688,5,0.07769777
162,2.59773552659688,6,0.07793792
162,2.59773552659688,7,0.07796608
162,2.59773552659688,8,0.07762211
162,2.59773552659688,9,0.07794484
162,2.59773552659688,10,0.07793786
162,2.59773552659688,11,0.07764553
162,2.59773552659688,12,0.07763172
162,2.59773552659688,13,0.0779338
162,2.59773552659688,14,0.07764351
162,2.59773552659688,15,0.07775939
163,2.60811181981872,0,0.07808378
163,2.60811181981872,1,0.0778472
163,2.60811181981872,2,0.07788556
163,2.60811181981872,3,0.07768908
163,2.60811181981872,4,0.07774518
163,2.60811181981872,5,0.07772387
163,2.60811181981872,6,0.07767949
163,2.60811181981872,7,0.07786989
163,2.60811181981872,8,0.07756865
163,2.60811181981872,9,0.07764202
163,2.60811181981872,10,0.07802217
163,2.60811181981872,11,0.07794182
163,2.60811181981872,12,0.07779005
163,2.60811181981872,13,0.07780979
163,2.60811181981872,14,0.07817512
163,2.60811181981872,15,0.0779101
164,2.61726737266152,0,0.0775915
164,2.61726737266152,1,0.07755873
164,2.61726737266152,2,0.07792643
164,2.61726737266152,3,0.07821286
164,2.61726737266152,4,0.07831635
164,2.61726737266152,5,0.07840998
164,2.61726737266152,6,0.07816296
164,2.61726737266152,7,0.07814367
164,2.61726737266152,8,0.07804425
164,2.61726737266152,9,0.07797115
164,2.61726737266152,10,0.07815867
164,2.61726737266152,11,0.07793804
164,2.61726737266152,12,0.07825954
164,2.61726737266152,13,0.07815638
164,2.61726737266152,14,0.07813859
164,2.61726737266152,15,0.07765528
165,2.62825403607288,0,0.07779914
165,2.62825403607288,1,0.07807615
165,2.62825403607288,2,0.07827744
165,2.62825403607288,3,0.07808362
165,2.62825403607288,4,0.07791289
165,2.62825403607288,5,0.07816463
165,2.62825403607288,6,0.07777706
165,2.62825403607288,7,0.07775593
165,2.62825403607288,8,0.07768495
165,2.62825403607288,9,0.07789822
165,2.62825403607288,10,0.07783861
165,2.62825403607288,11,0.07844599
165,2.62825403607288,12,0.07813352
165,2.62825403607288,13,0.07822245
165,2.62825403607288,14,0.07825184
165,2.62825403607288,15,0.07812922
166,2.63740958891568,0,0.07784069
166,2.63740958891568,1,0.07841956
166,2.63740958891568,2,0.07841537
166,2.63740958891568,3,0.07814267
166,2.63740958891568,4,0.07824008
166,2.63740958891568,5,0.07828952
166,2.63740958891568,6,0.07843411
166,2.63740958891568,7,0.07836073
166,2.63740958891568,8,0.07841564
166,2.63740958891568,9,0.07803104
166,2.63740958891568,10,0.07829043
166,2.63740958891568,11,0.07843484
166,2.63740958891568,12,0.07837913
166,2.63740958891568,13,0.0782229
166,2.63740958891568,14,0.0782074
166,2.63740958891568,15,0.07790859
167,2.64778588213752,0,0.07830721
167,2.64778588213752,1,0.07820824
167,2.64778588213752,2,0.07823338
167,2.64778588213752,3,0.07827035
167,2.64778588213752,4,0.07847454
167,2.64778588213752,5,0.07855208
167,2.64778588213752,6,0.07844392
167,2.64778588213752,7,0.07847816
167,2.64778588213752,8,0.07840512
167,2.64778588213752,9,0.0783797
167,2.64778588213752,10,0.0782897
167,2.64778588213752,11,0.07820701
167,2.64778588213752,12,0.07825062
167,2.64778588213752,13,0.07827927
167,2.64778588213752,14,0.07827855
167,2.64778588213752,15,0.07820506
168,2.65816217535936,0,0.07818777
168,2.65816217535936,1,0.07832053
168,2.65816217535936,2,0.07814361
168,2.65816217535936,3,0.07843305
168,2.65816217535936,4,0.07831039
168,2.65816217535936,5,0.07813998
168,2.65816217535936,6,0.07810353
168,2.65816217535936,7,0.07834618
168,2.65816217535936,8,0.07822285
168,2.65816217535936,9,0.07847041
168,2.65816217535936,10,0.07822724
168,2.65816217535936,11,0.07825445
168,2.65816217535936,12,0.07849934
168,2.65816217535936,13,0.07829388
168,2.65816217535936,14,0.07815153
168,2.65816217535936,15,0.07827409
169,2.66792809839167,0,0.07807414
169,2.66792809839167,1,0.07812805
169,2.66792809839167,2,0.07824019
169,2.66792809839167,3,0.07805095
169,2.66792809839167,4,0.07821225
169,2.66792809839167,5,0.07815677
169,2.66792809839167,6,0.07813257
169,2.66792809839167,7,0.07819781
169,2.66792809839167,8,0.0780655
169,2.66792809839167,9,0.07800773
169,2.66792809839167,10,0.07813045
169,2.66792809839167,11,0.0781629
169,2.66792809839167,12,0.07829734
169,2.66792809839167,13,0.07817584
169,2.66792809839167,14,0.07791679
169,2.66792809839167,15,0.07817221
170,2.67769402142399,0,0.07813609
170,2.67769402142399,1,0.07808897
170,2.67769402142399,2,0.07832165
170,2.67769402142399,3,0.07810894
170,2.67769402142399,4,0.07818225
170,2.67769402142399,5,0.0778413
170,2.67769402142399,6,0.07797059
170,2.67769402142399,7,0.07807124
170,2.67769402142399,8,0.07810648
170,2.67769402142399,9,0.07793586
170,2.67769402142399,10,0.07789186
170,2.67769402142399,11,0.07791991
170,2.67769402142399,12,0.0780709
170,2.67769402142399,13,0.0780059
170,2.67769402142399,14,0.07787709
170,2.67769402142399,15,0.07777438
171,2.68807031464583,0,0.07801604
171,2.68807031464583,1,0.07811763
171,2.68807031464583,2,0.07794088
171,2.68807031464583,3,0.07828546
171,2.68807031464583,4,0.07805272
171,2.68807031464583,5,0.07809321
171,2.68807031464583,6,0.07783377
171,2.68807031464583,7,0.07798325
171,2.68807031464583,8,0.07791305
171,2.68807031464583,9,0.0779459
171,2.68807031464583,10,0.07823294
171,2.68807031464583,11,0.0783556
171,2.68807031464583,12,0.07795487
171,2.68807031464583,13,0.0780554
171,2.68807031464583,14,0.0779798
171,2.68807031464583,15,0.07821242
172,2.69783623767815,0,0.07830609
172,2.69783623767815,1,0.07830191
172,2.69783623767815,2,0.07844325
172,2.69783623767815,3,0.07808501
172,2.69783623767815,4,0.07824676
172,2.69783623767815,5,0.07799167
172,2.69783623767815,6,0.07811429
172,2.69783623767815,7,0.07836057
172,2.69783623767815,8,0.07858757
172,2.69783623767815,9,0.07807738
172,2.69783623767815,10,0.0780495
172,2.69783623767815,11,0.07802624
172,2.69783623767815,12,0.07798348
172,2.69783623767815,13,0.0780442
172,2.69783623767815,14,0.07792571
172,2.69783623767815,15,0.07762272
173,2.70699179052095,0,0.07791227
173,2.70699179052095,1,0.07800499
173,2.70699179052095,2,0.07780326
173,2.70699179052095,3,0.07763645
173,2.70699179052095,4,0.07774222
173,2.70699179052095,5,0.07793954
173,2.70699179052095,6,0.07797478
173,2.70699179052095,7,0.07808066
173,2.70699179052095,8,0.07777238
173,2.70699179052095,9,0.07766677
173,2.70699179052095,10,0.07770909
173,2.70699179052095,11,0.07749331
173,2.70699179052095,12,0.07770637
173,2.70699179052095,13,0.07764187
173,2.70699179052095,14,0.07795516
173,2.70699179052095,15,0.07785411
174,2.71797845393231,0,0.07759344
174,2.71797845393231,1,0.07794562
174,2.71797845393231,2,0.07761569
174,2.71797845393231,3,0.07797679
174,2.71797845393231,4,0.0780133
174,2.71797845393231,5,0.07803333
174,2.71797845393231,6,0.07781616
174,2.71797845393231,7,0.07804509
174,2.71797845393231,8,0.07776809
174,2.71797845393231,9,0.07757722
174,2.71797845393231,10,0.07773669
174,2.71797845393231,11,0.07745674
174,2.71797845393231,12,0.07796346
174,2.71797845393231,13,0.07796803
174,2.71797845393231,14,0.07794645
174,2.71797845393231,15,0.0777077
175,2.72774437696463,0,0.07818939
175,2.72774437696463,1,0.07810213
175,2.72774437696463,2,0.07813369
175,2.72774437696463,3,0.07783911
175,2.72774437696463,4,0.07810531
175,2.72774437696463,5,0.07806438
175,2.72774437696463,6,0.07800689
175,2.72774437696463,7,0.07798409
175,2.72774437696463,8,0.07799759
175,2.72774437696463,9,0.07810637
175,2.72774437696463,10,0.07839709
175,2.72774437696463,11,0.07753552
175,2.72774437696463,12,0.0775668
175,2.72774437696463,13,0.07815198
175,2.72774437696463,14,0.07823856
175,2.72774437696463,15,0.07803862
176,2.73751029999695,0,0.07780588
176,2.73751029999695,1,0.07797684
176,2.73751029999695,2,0.07775743
176,2.73751029999695,3,0.07806828
176,2.73751029999695,4,0.07792883
176,2.73751029999695,5,0.07783221
176,2.73751029999695,6,0.07784391
176,2.73751029999695,7,0.07823193
176,2.73751029999695,8,0.07788066
176,2.73751029999695,9,0.0779973
176,2.73751029999695,10,0.07776853
176,2.73751029999695,11,0.07766282
176,2.73751029999695,12,0.07752053
176,2.73751029999695,13,0.07793842
176,2.73751029999695,14,0.07785836
176,2.73751029999695,15,0.07793909
177,2.74788659321879,0,0.07776775
177,2.74788659321879,1,0.07795426
177,2.74788659321879,2,0.07789393
177,2.74788659321879,3,0.07776462
177,2.74788659321879,4,0.0782035
177,2.74788659321879,5,0.07768472
177,2.74788659321879,6,0.07789465
177,2.74788659321879,7,0.07766657
177,2.74788659321879,8,0.07798247
177,2.74788659321879,9,0.07774974
177,2.74788659321879,10,0.07784693
177,2.74788659321879,11,0.07795526
177,2.74788659321879,12,0.07807046
177,2.74788659321879,13,0.07802719
177,2.74788659321879,14,0.07784821
177,2.74788659321879,15,0.07791211
178,2.75765251625111,0,0.07805507
178,2.75765251625111,1,0.0779454
178,2.75765251625111,2,0.07780276
178,2.75765251625111,3,0.0779125
178,2.75765251625111,4,0.07824409
178,2.75765251625111,5,0.07799273
178,2.75765251625111,6,0.0779087
178,2.75765251625111,7,0.07779685
178,2.75765251625111,8,0.07829801
178,2.75765251625111,9,0.07808334
178,2.75765251625111,10,0.07788245
178,2.75765251625111,11,0.0783769
178,2.75765251625111,12,0.07811741
178,2.75765251625111,13,0.07798019
178,2.75765251625111,14,0.07829934
178,2.75765251625111,15,0.07825814
179,2.76802880947295,0,0.07790792
179,2.76802880947295,1,0.07813241
179,2.76802880947295,2,0.07830782
179,2.76802880947295,3,0.07795337
179,2.76802880947295,4,0.07803461
179,2.76802880947295,5,0.07816363
179,2.76802880947295,6,0.07809544
179,2.76802880947295,7,0.07814456
179,2.76802880947295,8,0.07799162
179,2.76802880947295,9,0.07782753
179,2.76802880947295,10,0.0778632
179,2.76802880947295,11,0.07806712
179,2.76802880947295,12,0.07807308
179,2.76802880947295,13,0.07791115
179,2.76802880947295,14,0.07813486
179,2.76802880947295,15,0.07817473
180,2.77718436231574,0,0.07789784
180,2.77718436231574,1,0.07772811
180,2.77718436231574,2,0.07748412
180,2.77718436231574,3,0.07777638
180,2.77718436231574,4,0.0779494
180,2.77718436231574,5,0.07813223
180,2.77718436231574,6,0.07797399
180,2.77718436231574,7,0.07805697
180,2.77718436231574,8,0.07767664
180,2.77718436231574,9,0.07778922
180,2.77718436231574,10,0.07788339
180,2.77718436231574,11,0.07792922
180,2.77718436231574,12,0.077483
180,2.77718436231574,13,0.07760186
180,2.77718436231574,14,0.07812075
180,2.77718436231574,15,0.07779178
181,2.78756065553758,0,0.07766417
181,2.78756065553758,1,0.07762434
181,2.78756065553758,2,0.07752606
181,2.78756065553758,3,0.07755169
181,2.78756065553758,4,0.07772833
181,2.78756065553758,5,0.07760689
181,2.78756065553758,6,0.07761251
181,2.78756065553758,7,0.07802959
181,2.78756065553758,8,0.07756245
181,2.78756065553758,9,0.07769666
181,2.78756065553758,10,0.07770106
181,2.78756065553758,11,0.07801024
181,2.78756065553758,12,0.07784832
181,2.78756065553758,13,0.07788144
181,2.78756065553758,14,0.07778832
181,2.78756065553758,15,0.07767279
182,2.79793694875942,0,0.07759523
182,2.79793694875942,1,0.07774779
182,2.79793694875942,2,0.07777305
182,2.79793694875942,3,0.07767877
182,2.79793694875942,4,0.07774227
182,2.79793694875942,5,0.07825892
182,2.79793694875942,6,0.07792459
182,2.79793694875942,7,0.07781781
182,2.79793694875942,8,0.07762959
182,2.79793694875942,9,0.07784152
182,2.79793694875942,10,0.07797807
182,2.79793694875942,11,0.07765651
182,2.79793694875942,12,0.07771651
182,2.79793694875942,13,0.07778214
182,2.79793694875942,14,0.07775243
182,2.79793694875942,15,0.07769872
183,2.80770287179174,0,0.07780538
183,2.80770287179174,1,0.07755693
183,2.80770287179174,2,0.07780276
183,2.80770287179174,3,0.0774743
183,2.80770287179174,4,0.07774293
183,2.80770287179174,5,0.07780555
183,2.80770287179174,6,0.07757255
183,2.80770287179174,7,0.07774823
183,2.80770287179174,8,0.07787704
183,2.80770287179174,9,0.07774841
183,2.80770287179174,10,0.07778364
183,2.80770287179174,11,0.07780254
183,2.80770287179174,12,0.0777799
183,2.80770287179174,13,0.07806427
183,2.80770287179174,14,0.07768094
183,2.80770287179174,15,0.07790575
184,2.81807916501358,0,0.07767726
184,2.81807916501358,1,0.07797517
184,2.81807916501358,2,0.07773785
184,2.81807916501358,3,0.07809823
184,2.81807916501358,4,0.07803506
184,2.81807916501358,5,0.07763571
184,2.81807916501358,6,0.07790062
184,2.81807916501358,7,0.07809566
184,2.81807916501358,8,0.07790497
184,2.81807916501358,9,0.07794071
184,2.81807916501358,10,0.0778873
184,2.81807916501358,11,0.07794584
184,2.81807916501358,12,0.07784308
184,2.81807916501358,13,0.07776786
184,2.81807916501358,14,0.07785033
184,2.81807916501358,15,0.07780874
185,2.8278450880459,0,0.07775838
185,2.8278450880459,1,0.07779485
185,2.8278450880459,2,0.07768484
185,2.8278450880459,3,0.07769281
185,2.8278450880459,4,0.07779323
185,2.8278450880459,5,0.07764374
185,2.8278450880459,6,0.07769839
185,2.8278450880459,7,0.07784325
185,2.8278450880459,8,0.07796619
185,2.8278450880459,9,0.07767203
185,2.8278450880459,10,0.07780154
185,2.8278450880459,11,0.07735826
185,2.8278450880459,12,0.07773447
185,2.8278450880459,13,0.0775436
185,2.8278450880459,14,0.07781074
185,2.8278450880459,15,0.07782692
186,2.8370006408887,0,0.07766706
186,2.8370006408887,1,0.07802808
186,2.8370006408887,2,0.07793748
186,2.8370006408887,3,0.0779053
186,2.8370006408887,4,0.07785345
186,2.8370006408887,5,0.07767781
186,2.8370006408887,6,0.07802992
186,2.8370006408887,7,0.07781057
186,2.8370006408887,8,0.07796246
186,2.8370006408887,9,0.07798777
186,2.8370006408887,10,0.07767335
186,2.8370006408887,11,0.0777208
186,2.8370006408887,12,0.07795331
186,2.8370006408887,13,0.07782746
186,2.8370006408887,14,0.07790068
186,2.8370006408887,15,0.07774778
187,2.84798730430006,0,0.07774857
187,2.84798730430006,1,0.07769392
187,2.84798730430006,2,0.07747275
187,2.84798730430006,3,0.07769162
187,2.84798730430006,4,0.07771841
187,2.84798730430006,5,0.07763616
187,2.84798730430006,6,0.07792827
187,2.84798730430006,7,0.07780249
187,2.84798730430006,8,0.07802407
187,2.84798730430006,9,0.07779212
187,2.84798730430006,10,0.07797288
187,2.84798730430006,11,0.07820277
187,2.84798730430006,12,0.07783896
187,2.84798730430006,13,0.07796469
187,2.84798730430006,14,0.07810246
187,2.84798730430006,15,0.07784313
188,2.85775322733238,0,0.07782981
188,2.85775322733238,1,0.07795995
188,2.85775322733238,2,0.07779501
188,2.85775322733238,3,0.07753573
188,2.85775322733238,4,0.07733461
188,2.85775322733238,5,0.07766432
188,2.85775322733238,6,0.07791467
188,2.85775322733238,7,0.07748953
188,2.85775322733238,8,0.07776295
188,2.85775322733238,9,0.0777038
188,2.85775322733238,10,0.07750496
188,2.85775322733238,11,0.07762652
188,2.85775322733238,12,0.07788318
188,2.85775322733238,13,0.07779764
188,2.85775322733238,14,0.07790681
188,2.85775322733238,15,0.07743543
189,2.8675191503647,0,0.07787341
189,2.8675191503647,1,0.07763857
189,2.8675191503647,2,0.07764324
189,2.8675191503647,3,0.07753005
189,2.8675191503647,4,0.07741982
189,2.8675191503647,5,0.07759456
189,2.8675191503647,6,0.07762689
189,2.8675191503647,7,0.07778832
189,2.8675191503647,8,0.07808975
189,2.8675191503647,9,0.07796212
189,2.8675191503647,10,0.0781101
189,2.8675191503647,11,0.07795755
189,2.8675191503647,12,0.07818711
189,2.8675191503647,13,0.07813419
189,2.8675191503647,14,0.07783817
189,2.8675191503647,15,0.07773859
190,2.87850581377606,0,0.07777078
190,2.87850581377606,1,0.07789956
190,2.87850581377606,2,0.07799134
190,2.87850581377606,3,0.0777353
190,2.87850581377606,4,0.07720105
190,2.87850581377606,5,0.07778604
190,2.87850581377606,6,0.07769883
190,2.87850581377606,7,0.07745493
190,2.87850581377606,8,0.07755096
190,2.87850581377606,9,0.07777929
190,2.87850581377606,10,0.07775453
190,2.87850581377606,11,0.07776089
190,2.87850581377606,12,0.07794991
190,2.87850581377606,13,0.07793117
190,2.87850581377606,14,0.07761414
190,2.87850581377606,15,0.07778821
191,2.88827173680837,0,0.07801972
191,2.88827173680837,1,0.07804118
191,2.88827173680837,2,0.07791054
191,2.88827173680837,3,0.07799279
191,2.88827173680837,4,0.07815778
191,2.88827173680837,5,0.07790837
191,2.88827173680837,6,0.07782557
191,2.88827173680837,7,0.07777662
191,2.88827173680837,8,0.07771327
191,2.88827173680837,9,0.07793307
191,2.88827173680837,10,0.0778186
191,2.88827173680837,11,0.07750615
191,2.88827173680837,12,0.07755081
191,2.88827173680837,13,0.07742789
191,2.88827173680837,14,0.07791896
191,2.88827173680837,15,0.07763382
192,2.89803765984069,0,0.07816324
192,2.89803765984069,1,0.07794612
192,2.89803765984069,2,0.07790391
192,2.89803765984069,3,0.07771243
192,2.89803765984069,4,0.07799106
192,2.89803765984069,5,0.07781764
192,2.89803765984069,6,0.07797985
192,2.89803765984069,7,0.07774901
192,2.89803765984069,8,0.07759518
192,2.89803765984069,9,0.07778508
192,2.89803765984069,10,0.07755308
192,2.89803765984069,11,0.07783929
192,2.89803765984069,12,0.07783069
192,2.89803765984069,13,0.07762121
192,2.89803765984069,14,0.07790313
192,2.89803765984069,15,0.07783371
193,2.90841395306253,0,0.07779229
193,2.90841395306253,1,0.07799524
193,2.90841395306253,2,0.07791963
193,2.90841395306253,3,0.07782564
193,2.90841395306253,4,0.07798431
193,2.90841395306253,5,0.07768134
193,2.90841395306253,6,0.07737767
193,2.90841395306253,7,0.07745367
193,2.90841395306253,8,0.07759222
193,2.90841395306253,9,0.07744452
193,2.90841395306253,10,0.07742923
193,2.90841395306253,11,0.07750217
193,2.90841395306253,12,0.07765558
193,2.90841395306253,13,0.07738123
193,2.90841395306253,14,0.07762324
193,2.90841395306253,15,0.07792482
194,2.91695913571581,0,0.07792264
194,2.91695913571581,1,0.07758509
194,2.91695913571581,2,0.07809488
194,2.91695913571581,3,0.07778548
194,2.91695913571581,4,0.07764943
194,2.91695913571581,5,0.07778782
194,2.91695913571581,6,0.07811897
194,2.91695913571581,7,0.07789309
194,2.91695913571581,8,0.07815577
194,2.91695913571581,9,0.07788975
194,2.91695913571581,10,0.07810001
194,2.91695913571581,11,0.07770926
194,2.91695913571581,12,0.07764041
194,2.91695913571581,13,0.07799017
194,2.91695913571581,14,0.07779791
194,2.91695913571581,15,0.07797338
195,2.92794579912717,0,0.07805747
195,2.92794579912717,1,0.0782209
195,2.92794579912717,2,0.07796045
195,2.92794579912717,3,0.0779155
195,2.92794579912717,4,0.07790949
195,2.92794579912717,5,0.07802027
195,2.92794579912717,6,0.07803974
195,2.92794579912717,7,0.07836168
195,2.92794579912717,8,0.07825463
195,2.92794579912717,9,0.07827581
195,2.92794579912717,10,0.07810201
195,2.92794579912717,11,0.07820009
195,2.92794579912717,12,0.07792661
195,2.92794579912717,13,0.07813051
195,2.92794579912717,14,0.0780539
195,2.92794579912717,15,0.07824944
196,2.93771172215949,0,0.07797813
196,2.93771172215949,1,0.07796039
196,2.93771172215949,2,0.07805061
196,2.93771172215949,3,0.07809132
196,2.93771172215949,4,0.07801425
196,2.93771172215949,5,0.07779133
196,2.93771172215949,6,0.07789945
196,2.93771172215949,7,0.07803394
196,2.93771172215949,8,0.07798353
196,2.93771172215949,9,0.07793831
196,2.93771172215949,10,0.0780171
196,2.93771172215949,11,0.07798967
196,2.93771172215949,12,0.07755954
196,2.93771172215949,13,0.07780477
196,2.93771172215949,14,0.0779037
196,2.93771172215949,15,0.07782903
197,2.94808801538133,0,0.07795817
197,2.94808801538133,1,0.07776089
197,2.94808801538133,2,0.0779087
197,2.94808801538133,3,0.07800249
197,2.94808801538133,4,0.07800304
197,2.94808801538133,5,0.07789237
197,2.94808801538133,6,0.0780907
197,2.94808801538133,7,0.07792738
197,2.94808801538133,8,0.07783315
197,2.94808801538133,9,0.07782993
197,2.94808801538133,10,0.07795967
197,2.94808801538133,11,0.07796569
197,2.94808801538133,12,0.07818767
197,2.94808801538133,13,0.07803945
197,2.94808801538133,14,0.07823817
197,2.94808801538133,15,0.07790218
198,2.95785393841365,0,0.07821833
198,2.95785393841365,1,0.07797171
198,2.95785393841365,2,0.07808708
198,2.95785393841365,3,0.07830012
198,2.95785393841365,4,0.07844549
198,2.95785393841365,5,0.07827124
198,2.95785393841365,6,0.07826623
198,2.95785393841365,7,0.07825317
198,2.95785393841365,8,0.07816385
198,2.95785393841365,9,0.07806756
198,2.95785393841365,10,0.07808267
198,2.95785393841365,11,0.07807759
198,2.95785393841365,12,0.07804648
198,2.95785393841365,13,0.0781624
198,2.95785393841365,14,0.07763214
198,2.95785393841365,15,0.07785407
199,2.96761986144597,0,0.07817735
199,2.96761986144597,1,0.07838276
199,2.96761986144597,2,0.07821911
199,2.96761986144597,3,0.07805914
199,2.96761986144597,4,0.07828267
199,2.96761986144597,5,0.07835259
199,2.96761986144597,6,0.07826216
199,2.96761986144597,7,0.07833419
199,2.96761986144597,8,0.07789487
199,2.96761986144597,9,0.07833972
199,2.96761986144597,10,0.07820043
199,2.96761986144597,11,0.0782171
199,2.96761986144597,12,0.07814913
199,2.96761986144597,13,0.07795398
199,2.96761986144597,14,0.07813647
199,2.96761986144597,15,0.07803277
200,2.97799615466781,0,0.0781266
200,2.97799615466781,1,0.07837067
200,2.97799615466781,2,0.07815599
200,2.97799615466781,3,0.07787669
200,2.97799615466781,4,0.07812627
200,2.97799615466781,5,0.07790023
200,2.97799615466781,6,0.07791066
200,2.97799615466781,7,0.07802145
200,2.97799615466781,8,0.07825268
200,2.97799615466781,9,0.07804023
200,2.97799615466781,10,0.07789817
200,2.97799615466781,11,0.07797784
200,2.97799615466781,12,0.07801174
200,2.97799615466781,13,0.07774394
200,2.97799615466781,14,0.07792248
200,2.97799615466781,15,0.0781861
