pos_index,position,sample_index,voltage
0,-0.00411999877925962,0,0.05046726
0,-0.00411999877925962,1,0.05044618
0,-0.00411999877925962,2,0.05037385
0,-0.00411999877925962,3,0.05029969
0,-0.00411999877925962,4,0.05047554
0,-0.00411999877925962,5,0.05011305
0,-0.00411999877925962,6,0.05020316
0,-0.00411999877925962,7,0.0502546
0,-0.00411999877925962,8,0.05008416
0,-0.00411999877925962,9,0.05018119
0,-0.00411999877925962,10,0.05049253
0,-0.00411999877925962,11,0.05043916
0,-0.00411999877925962,12,0.05020843
0,-0.00411999877925962,13,0.05016534
0,-0.00411999877925962,14,0.05013036
0,-0.00411999877925962,15,0.0500881
0,-0.00411999877925962,16,0.04999856
0,-0.00411999877925962,17,0.0501228
0,-0.00411999877925962,18,0.05000799
0,-0.00411999877925962,19,0.05012921
0,-0.00411999877925962,20,0.04997336
0,-0.00411999877925962,21,0.0499887
0,-0.00411999877925962,22,0.04991021
0,-0.00411999877925962,23,0.04990515
1,0.0116733298745689,0,0.05020545
1,0.0116733298745689,1,0.05063795
1,0.0116733298745689,2,0.05027596
1,0.0116733298745689,3,0.05019391
1,0.0116733298745689,4,0.05047615
1,0.0116733298745689,5,0.05038141
1,0.0116733298745689,6,0.05043001
1,0.0116733298745689,7,0.05021664
1,0.0116733298745689,8,0.0500648
1,0.0116733298745689,9,0.05015437
1,0.0116733298745689,10,0.05018628
1,0.0116733298745689,11,0.0502043
1,0.0116733298745689,12,0.05055658
1,0.0116733298745689,13,0.05044718
1,0.0116733298745689,14,0.05030378
1,0.0116733298745689,15,0.05007627
1,0.0116733298745689,16,0.05013208
1,0.0116733298745689,17,0.05005681
1,0.0116733298745689,18,0.05006326
1,0.0116733298745689,19,0.05004075
1,0.0116733298745689,20,0.05030083
1,0.0116733298745689,21,0.05024545
1,0.0116733298745689,22,0.05021782
1,0.0116733298745689,23,0.05028962
2,0.0274666585283975,0,0.05019405
2,0.0274666585283975,1,0.05030933
2,0.0274666585283975,2,0.05053791
2,0.0274666585283975,3,0.0501176
2,0.0274666585283975,4,0.05032582
2,0.0274666585283975,5,0.05009799
2,0.0274666585283975,6,0.05049153
2,0.0274666585283975,7,0.05039518
2,0.0274666585283975,8,0.05038714
2,0.0274666585283975,9,0.05000336
2,0.0274666585283975,10,0.05027761
2,0.0274666585283975,11,0.05027033
2,0.0274666585283975,12,0.05018929
2,0.0274666585283975,13,0.05026872
2,0.0274666585283975,14,0.05044231
2,0.0274666585283975,15,0.0500138
2,0.0274666585283975,16,0.0499796
2,0.0274666585283975,17,0.05028775
2,0.0274666585283975,18,0.05059691
2,0.0274666585283975,19,0.04996874
2,0.0274666585283975,20,0.05010488
2,0.0274666585283975,21,0.05013699
2,0.0274666585283975,22,0.05040221
2,0.0274666585283975,23,0.05006237
3,0.043031098361156,0,0.05018015
3,0.043031098361156,1,0.05007297
3,0.043031098361156,2,0.05008086
3,0.043031098361156,3,0.05031765
3,0.043031098361156,4,0.05036998
3,0.043031098361156,5,0.05023771
3,0.043031098361156,6,0.0505526
3,0.043031098361156,7,0.05023843
3,0.043031098361156,8,0.05021194
3,0.043031098361156,9,0.05053945
3,0.043031098361156,10,0.05047436
3,0.043031098361156,11,0.05036392
3,0.043031098361156,12,0.05021968
3,0.043031098361156,13,0.05017251
3,0.043031098361156,14,0.05019563
3,0.043031098361156,15,0.05030553
3,0.043031098361156,16,0.05032747
3,0.043031098361156,17,0.0502218
3,0.043031098361156,18,0.05045726
3,0.043031098361156,19,0.05037195
3,0.043031098361156,20,0.05033385
3,0.043031098361156,21,0.05001025
3,0.043031098361156,22,0.05039041
3,0.043031098361156,23,0.05036782
4,0.0585955381939146,0,0.05033102
4,0.0585955381939146,1,0.04999397
4,0.0585955381939146,2,0.05004096
4,0.0585955381939146,3,0.04991888
4,0.0585955381939146,4,0.05000842
4,0.0585955381939146,5,0.0499815
4,0.0585955381939146,6,0.04990422
4,0.0585955381939146,7,0.04983088
4,0.0585955381939146,8,0.04989031
4,0.0585955381939146,9,0.05011692
4,0.0585955381939146,10,0.05013631
4,0.0585955381939146,11,0.05029818
4,0.0585955381939146,12,0.05030058
4,0.0585955381939146,13,0.05013957
4,0.0585955381939146,14,0.05018811
4,0.0585955381939146,15,0.05034198
4,0.0585955381939146,16,0.05031693
4,0.0585955381939146,17,0.05009882
4,0.0585955381939146,18,0.05041625
4,0.0585955381939146,19,0.04985418
4,0.0585955381939146,20,0.05046722
4,0.0585955381939146,21,0.05025893
4,0.0585955381939146,22,0.05022144
4,0.0585955381939146,23,0.05010882
5,0.0743888668477432,0,0.05004398
5,0.0743888668477432,1,0.05013602
5,0.0743888668477432,2,0.04988293
5,0.0743888668477432,3,0.04984522
5,0.0743888668477432,4,0.04975468
5,0.0743888668477432,5,0.04978651
5,0.0743888668477432,6,0.04965618
5,0.0743888668477432,7,0.04969335
5,0.0743888668477432,8,0.04981479
5,0.0743888668477432,9,0.04983006
5,0.0743888668477432,10,0.04966722
5,0.0743888668477432,11,0.04990802
5,0.0743888668477432,12,0.05005197
5,0.0743888668477432,13,0.04997946
5,0.0743888668477432,14,0.04970557
5,0.0743888668477432,15,0.04972001
5,0.0743888668477432,16,0.04963553
5,0.0743888668477432,17,0.05024947
5,0.0743888668477432,18,0.05014821
5,0.0743888668477432,19,0.04988124
5,0.0743888668477432,20,0.04987397
5,0.0743888668477432,21,0.04985289
5,0.0743888668477432,22,0.04966671
5,0.0743888668477432,23,0.0498677
6,0.0901821955015717,0,0.04972142
6,0.0901821955015717,1,0.04982379
6,0.0901821955015717,2,0.04981586
6,0.0901821955015717,3,0.05004075
6,0.0901821955015717,4,0.04987677
6,0.0901821955015717,5,0.04997347
6,0.0901821955015717,6,0.0499867
6,0.0901821955015717,7,0.05021341
6,0.0901821955015717,8,0.05028682
6,0.0901821955015717,9,0.05005279
6,0.0901821955015717,10,0.0498473
6,0.0901821955015717,11,0.05029951
6,0.0901821955015717,12,0.05027546
6,0.0901821955015717,13,0.05024065
6,0.0901821955015717,14,0.05040406
6,0.0901821955015717,15,0.05038008
6,0.0901821955015717,16,0.05046625
6,0.0901821955015717,17,0.05018585
6,0.0901821955015717,18,0.05039793
6,0.0901821955015717,19,0.0501519
6,0.0901821955015717,20,0.05025582
6,0.0901821955015717,21,0.05004885
6,0.0901821955015717,22,0.05009279
6,0.0901821955015717,23,0.05001573
7,0.10574663533433,0,0.05022302
7,0.10574663533433,1,0.04992487
7,0.10574663533433,2,0.04995745
7,0.10574663533433,3,0.04990027
7,0.10574663533433,4,0.04992813
7,0.10574663533433,5,0.05014703
7,0.10574663533433,6,0.04996637
7,0.10574663533433,7,0.04974629
7,0.10574663533433,8,0.05004992
7,0.10574663533433,9,0.05016104
7,0.10574663533433,10,0.04998064
7,0.10574663533433,11,0.05012893
7,0.10574663533433,12,0.04982543
7,0.10574663533433,13,0.0500125
7,0.10574663533433,14,0.05013509
7,0.10574663533433,15,0.05030872
7,0.10574663533433,16,0.05001143
7,0.10574663533433,17,0.04975367
7,0.10574663533433,18,0.05025958
7,0.10574663533433,19,0.05028477
7,0.10574663533433,20,0.0504593
7,0.10574663533433,21,0.049943
7,0.10574663533433,22,0.05033869
7,0.10574663533433,23,0.04995494
8,0.121539963988159,0,0.05010391
8,0.121539963988159,1,0.05012201
8,0.121539963988159,2,0.05035356
8,0.121539963988159,3,0.05013728
8,0.121539963988159,4,0.05034593
8,0.121539963988159,5,0.05028048
8,0.121539963988159,6,0.05001835
8,0.121539963988159,7,0.05027363
8,0.121539963988159,8,0.05004992
8,0.121539963988159,9,0.05024556
8,0.121539963988159,10,0.05015746
8,0.121539963988159,11,0.04988522
8,0.121539963988159,12,0.05024442
8,0.121539963988159,13,0.05000788
8,0.121539963988159,14,0.05039614
8,0.121539963988159,15,0.05037812
8,0.121539963988159,16,0.05034578
8,0.121539963988159,17,0.05008243
8,0.121539963988159,18,0.0503418
8,0.121539963988159,19,0.05022252
8,0.121539963988159,20,0.05009932
8,0.121539963988159,21,0.05032779
8,0.121539963988159,22,0.05034299
8,0.121539963988159,23,0.0502404
9,0.137104403820917,0,0.04991695
9,0.137104403820917,1,0.05002623
9,0.137104403820917,2,0.05003612
9,0.137104403820917,3,0.0502209
9,0.137104403820917,4,0.05014108
9,0.137104403820917,5,0.04992332
9,0.137104403820917,6,0.05019542
9,0.137104403820917,7,0.05039607
9,0.137104403820917,8,0.05038489
9,0.137104403820917,9,0.04997763
9,0.137104403820917,10,0.05003874
9,0.137104403820917,11,0.05007
9,0.137104403820917,12,0.05044016
9,0.137104403820917,13,0.05043916
9,0.137104403820917,14,0.05040403
9,0.137104403820917,15,0.05060361
9,0.137104403820917,16,0.05049748
9,0.137104403820917,17,0.05079043
9,0.137104403820917,18,0.05061695
9,0.137104403820917,19,0.05041697
9,0.137104403820917,20,0.05049457
9,0.137104403820917,21,0.05053651
9,0.137104403820917,22,0.05029274
9,0.137104403820917,23,0.05039797
10,0.152668843653676,0,0.05043167
10,0.152668843653676,1,0.05001269
10,0.152668843653676,2,0.05027542
10,0.152668843653676,3,0.05013215
10,0.152668843653676,4,0.05036496
10,0.152668843653676,5,0.0501048
10,0.152668843653676,6,0.05006089
10,0.152668843653676,7,0.05032048
10,0.152668843653676,8,0.05026901
10,0.152668843653676,9,0.04980866
10,0.152668843653676,10,0.04985314
10,0.152668843653676,11,0.050012
10,0.152668843653676,12,0.05037517
10,0.152668843653676,13,0.05013115
10,0.152668843653676,14,0.05011211
10,0.152668843653676,15,0.05004079
10,0.152668843653676,16,0.05005164
10,0.152668843653676,17,0.04991734
10,0.152668843653676,18,0.0499291
10,0.152668843653676,19,0.04981396
10,0.152668843653676,20,0.04993687
10,0.152668843653676,21,0.04991788
10,0.152668843653676,22,0.0498017
10,0.152668843653676,23,0.05005164
11,0.168691061128574,0,0.0502737
11,0.168691061128574,1,0.05027377
11,0.168691061128574,2,0.05011696
11,0.168691061128574,3,0.05026241
11,0.168691061128574,4,0.05004838
11,0.168691061128574,5,0.04978912
11,0.168691061128574,6,0.05000472
11,0.168691061128574,7,0.05009308
11,0.168691061128574,8,0.05037797
11,0.168691061128574,9,0.05025252
11,0.168691061128574,10,0.05033847
11,0.168691061128574,11,0.05051131
11,0.168691061128574,12,0.05049361
11,0.168691061128574,13,0.0504488
11,0.168691061128574,14,0.05038808
11,0.168691061128574,15,0.05030904
11,0.168691061128574,16,0.05024775
11,0.168691061128574,17,0.0500006
11,0.168691061128574,18,0.0502113
11,0.168691061128574,19,0.05031274
11,0.168691061128574,20,0.05040819
11,0.168691061128574,21,0.05031872
11,0.168691061128574,22,0.05025843
11,0.168691061128574,23,0.05021922
12,0.184713278603473,0,0.05051855
12,0.184713278603473,1,0.05018535
12,0.184713278603473,2,0.05016832
12,0.184713278603473,3,0.05031173
12,0.184713278603473,4,0.04982719
12,0.184713278603473,5,0.05008724
12,0.184713278603473,6,0.05025245
12,0.184713278603473,7,0.04986719
12,0.184713278603473,8,0.04984296
12,0.184713278603473,9,0.04989841
12,0.184713278603473,10,0.0497616
12,0.184713278603473,11,0.0498711
12,0.184713278603473,12,0.05002404
12,0.184713278603473,13,0.05023951
12,0.184713278603473,14,0.04999064
12,0.184713278603473,15,0.05022363
12,0.184713278603473,16,0.05009914
12,0.184713278603473,17,0.04986027
12,0.184713278603473,18,0.04993945
12,0.184713278603473,19,0.0500191
12,0.184713278603473,20,0.0502465
12,0.184713278603473,21,0.05013613
12,0.184713278603473,22,0.05018732
12,0.184713278603473,23,0.05024667
13,0.200506607257302,0,0.05025259
13,0.200506607257302,1,0.05042403
13,0.200506607257302,2,0.05013215
13,0.200506607257302,3,0.05011688
13,0.200506607257302,4,0.05015885
13,0.200506607257302,5,0.05008437
13,0.200506607257302,6,0.05046049
13,0.200506607257302,7,0.05034804
13,0.200506607257302,8,0.04998469
13,0.200506607257302,9,0.04987465
13,0.200506607257302,10,0.0502123
13,0.200506607257302,11,0.04983612
13,0.200506607257302,12,0.05007372
13,0.200506607257302,13,0.05012699
13,0.200506607257302,14,0.0502285
13,0.200506607257302,15,0.05005899
13,0.200506607257302,16,0.05045665
13,0.200506607257302,17,0.0498411
13,0.200506607257302,18,0.04988637
13,0.200506607257302,19,0.05007602
13,0.200506607257302,20,0.05027872
13,0.200506607257302,21,0.05001652
13,0.200506607257302,22,0.04992959
13,0.200506607257302,23,0.05005495
14,0.2165288247322,0,0.0502646
14,0.2165288247322,1,0.05018954
14,0.2165288247322,2,0.05015922
14,0.2165288247322,3,0.0503522
14,0.2165288247322,4,0.05036923
14,0.2165288247322,5,0.05041607
14,0.2165288247322,6,0.05010409
14,0.2165288247322,7,0.05038295
14,0.2165288247322,8,0.0502566
14,0.2165288247322,9,0.0503051
14,0.2165288247322,10,0.04986469
14,0.2165288247322,11,0.05005487
14,0.2165288247322,12,0.05032144
14,0.2165288247322,13,0.04997017
14,0.2165288247322,14,0.05019427
14,0.2165288247322,15,0.05009072
14,0.2165288247322,16,0.05012617
14,0.2165288247322,17,0.0500758
14,0.2165288247322,18,0.0502275
14,0.2165288247322,19,0.05020323
14,0.2165288247322,20,0.0499344
14,0.2165288247322,21,0.05011728
14,0.2165288247322,22,0.05015825
14,0.2165288247322,23,0.0503136
15,0.232322153386029,0,0.05000928
15,0.232322153386029,1,0.0503037
15,0.232322153386029,2,0.05034192
15,0.232322153386029,3,0.05032091
15,0.232322153386029,4,0.05044239
15,0.232322153386029,5,0.05024635
15,0.232322153386029,6,0.05029094
15,0.232322153386029,7,0.05004186
15,0.232322153386029,8,0.04994648
15,0.232322153386029,9,0.04976797
15,0.232322153386029,10,0.04988787
15,0.232322153386029,11,0.05011305
15,0.232322153386029,12,0.05037858
15,0.232322153386029,13,0.05015839
15,0.232322153386029,14,0.04997171
15,0.232322153386029,15,0.05038112
15,0.232322153386029,16,0.05003451
15,0.232322153386029,17,0.04990633
15,0.232322153386029,18,0.05010616
15,0.232322153386029,19,0.05032374
15,0.232322153386029,20,0.04988389
15,0.232322153386029,21,0.05020843
15,0.232322153386029,22,0.05000143
15,0.232322153386029,23,0.05004519
16,0.248344370860927,0,0.05092614
16,0.248344370860927,1,0.05033872
16,0.248344370860927,2,0.05079287
16,0.248344370860927,3,0.05059536
16,0.248344370860927,4,0.0508295
16,0.248344370860927,5,0.05065304
16,0.248344370860927,6,0.05093123
16,0.248344370860927,7,0.05088194
16,0.248344370860927,8,0.05069724
16,0.248344370860927,9,0.05105196
16,0.248344370860927,10,0.05082326
16,0.248344370860927,11,0.05052325
16,0.248344370860927,12,0.0506158
16,0.248344370860927,13,0.05058096
16,0.248344370860927,14,0.0506881
16,0.248344370860927,15,0.05032438
16,0.248344370860927,16,0.05086822
16,0.248344370860927,17,0.05059443
16,0.248344370860927,18,0.05069868
16,0.248344370860927,19,0.05062874
16,0.248344370860927,20,0.05029553
16,0.248344370860927,21,0.05067902
16,0.248344370860927,22,0.05072975
16,0.248344370860927,23,0.05063766
17,0.264366588335826,0,0.05238517
17,0.264366588335826,1,0.05210114
17,0.264366588335826,2,0.05214221
17,0.264366588335826,3,0.05222269
17,0.264366588335826,4,0.05191075
17,0.264366588335826,5,0.0520427
17,0.264366588335826,6,0.0522579
17,0.264366588335826,7,0.05218132
17,0.264366588335826,8,0.05223039
17,0.264366588335826,9,0.05224492
17,0.264366588335826,10,0.05194279
17,0.264366588335826,11,0.0521866
17,0.264366588335826,12,0.05248583
17,0.264366588335826,13,0.05208222
17,0.264366588335826,14,0.0519106
17,0.264366588335826,15,0.05165025
17,0.264366588335826,16,0.05193978
17,0.264366588335826,17,0.05184332
17,0.264366588335826,18,0.0518842
17,0.264366588335826,19,0.05206404
17,0.264366588335826,20,0.05201003
17,0.264366588335826,21,0.05199717
17,0.264366588335826,22,0.05187246
17,0.264366588335826,23,0.05185923
18,0.279702139347514,0,0.05281291
18,0.279702139347514,1,0.05286795
18,0.279702139347514,2,0.05270919
18,0.279702139347514,3,0.05330171
18,0.279702139347514,4,0.05314786
18,0.279702139347514,5,0.05338394
18,0.279702139347514,6,0.05353232
18,0.279702139347514,7,0.05353136
18,0.279702139347514,8,0.05334294
18,0.279702139347514,9,0.05352719
18,0.279702139347514,10,0.05337703
18,0.279702139347514,11,0.05321725
18,0.279702139347514,12,0.05337182
18,0.279702139347514,13,0.05340733
18,0.279702139347514,14,0.05274697
18,0.279702139347514,15,0.0532999
18,0.279702139347514,16,0.05326867
18,0.279702139347514,17,0.05320235
18,0.279702139347514,18,0.05322714
18,0.279702139347514,19,0.05325358
18,0.279702139347514,20,0.05312523
18,0.279702139347514,21,0.05328361
18,0.279702139347514,22,0.05337293
18,0.279702139347514,23,0.05315009
19,0.295495468001343,0,0.05420765
19,0.295495468001343,1,0.05452781
19,0.295495468001343,2,0.05442274
19,0.295495468001343,3,0.05468211
19,0.295495468001343,4,0.05463304
19,0.295495468001343,5,0.0545272
19,0.295495468001343,6,0.0544056
19,0.295495468001343,7,0.0542842
19,0.295495468001343,8,0.05434033
19,0.295495468001343,9,0.05430882
19,0.295495468001343,10,0.05421418
19,0.295495468001343,11,0.0539391
19,0.295495468001343,12,0.05442857
19,0.295495468001343,13,0.05456321
19,0.295495468001343,14,0.05466747
19,0.295495468001343,15,0.05470847
19,0.295495468001343,16,0.05455105
19,0.295495468001343,17,0.05464153
19,0.295495468001343,18,0.0544608
19,0.295495468001343,19,0.05454005
19,0.295495468001343,20,0.05438538
19,0.295495468001343,21,0.0542522
19,0.295495468001343,22,0.05445297
19,0.295495468001343,23,0.05437541
20,0.311059907834101,0,0.05556263
20,0.311059907834101,1,0.05541024
20,0.311059907834101,2,0.05587922
20,0.311059907834101,3,0.05571346
20,0.311059907834101,4,0.05563915
20,0.311059907834101,5,0.05580696
20,0.311059907834101,6,0.05545027
20,0.311059907834101,7,0.05535616
20,0.311059907834101,8,0.05512822
20,0.311059907834101,9,0.05545557
20,0.311059907834101,10,0.05551667
20,0.311059907834101,11,0.05530779
20,0.311059907834101,12,0.05523244
20,0.311059907834101,13,0.05546259
20,0.311059907834101,14,0.05528495
20,0.311059907834101,15,0.05549149
20,0.311059907834101,16,0.05550265
20,0.311059907834101,17,0.05524692
20,0.311059907834101,18,0.05520052
20,0.311059907834101,19,0.0554874
20,0.311059907834101,20,0.0554605
20,0.311059907834101,21,0.05528374
20,0.311059907834101,22,0.05546765
20,0.311059907834101,23,0.05585393
21,0.32639545884579,0,0.05645069
21,0.32639545884579,1,0.05656856
21,0.32639545884579,2,0.05683035
21,0.32639545884579,3,0.0565472
21,0.32639545884579,4,0.05654772
21,0.32639545884579,5,0.05641203
21,0.32639545884579,6,0.05644122
21,0.32639545884579,7,0.0560516
21,0.32639545884579,8,0.05638782
21,0.32639545884579,9,0.05627823
21,0.32639545884579,10,0.05632849
21,0.32639545884579,11,0.05662055
21,0.32639545884579,12,0.05670621
21,0.32639545884579,13,0.05668241
21,0.32639545884579,14,0.05650826
21,0.32639545884579,15,0.05677856
21,0.32639545884579,16,0.05648008
21,0.32639545884579,17,0.05693581
21,0.32639545884579,18,0.05658273
21,0.32639545884579,19,0.05649618
21,0.32639545884579,20,0.05642271
21,0.32639545884579,21,0.05662027
21,0.32639545884579,22,0.05653331
21,0.32639545884579,23,0.05671906
22,0.341959898678549,0,0.0575052
22,0.341959898678549,1,0.05792201
22,0.341959898678549,2,0.0573094
22,0.341959898678549,3,0.05741061
22,0.341959898678549,4,0.05733751
22,0.341959898678549,5,0.05729387
22,0.341959898678549,6,0.05728487
22,0.341959898678549,7,0.05740379
22,0.341959898678549,8,0.05718659
22,0.341959898678549,9,0.05741668
22,0.341959898678549,10,0.05783917
22,0.341959898678549,11,0.05752558
22,0.341959898678549,12,0.05749078
22,0.341959898678549,13,0.0572939
22,0.341959898678549,14,0.05762953
22,0.341959898678549,15,0.05742153
22,0.341959898678549,16,0.05766888
22,0.341959898678549,17,0.05734195
22,0.341959898678549,18,0.05712912
22,0.341959898678549,19,0.0571224
22,0.341959898678549,20,0.0571833
22,0.341959898678549,21,0.05739247
22,0.341959898678549,22,0.05734726
22,0.341959898678549,23,0.057783
23,0.357295449690237,0,0.05845937
23,0.357295449690237,1,0.05839163
23,0.357295449690237,2,0.05806557
23,0.357295449690237,3,0.05834232
23,0.357295449690237,4,0.05850763
23,0.357295449690237,5,0.05854945
23,0.357295449690237,6,0.05869234
23,0.357295449690237,7,0.05841944
23,0.357295449690237,8,0.05841458
23,0.357295449690237,9,0.05838105
23,0.357295449690237,10,0.05857613
23,0.357295449690237,11,0.05855355
23,0.357295449690237,12,0.05832275
23,0.357295449690237,13,0.05795233
23,0.357295449690237,14,0.05826956
23,0.357295449690237,15,0.05815703
23,0.357295449690237,16,0.05862138
23,0.357295449690237,17,0.05802647
23,0.357295449690237,18,0.05822774
23,0.357295449690237,19,0.0582878
23,0.357295449690237,20,0.05827868
23,0.357295449690237,21,0.05848329
23,0.357295449690237,22,0.058563
23,0.357295449690237,23,0.05860168
24,0.372402111880856,0,0.05915213
24,0.372402111880856,1,0.05865889
24,0.372402111880856,2,0.05872843
24,0.372402111880856,3,0.05888504
24,0.372402111880856,4,0.05892858
24,0.372402111880856,5,0.05848262
24,0.372402111880856,6,0.05865295
24,0.372402111880856,7,0.05890583
24,0.372402111880856,8,0.05878869
24,0.372402111880856,9,0.05887379
24,0.372402111880856,10,0.05901761
24,0.372402111880856,11,0.05884314
24,0.372402111880856,12,0.05868377
24,0.372402111880856,13,0.05874704
24,0.372402111880856,14,0.05857387
24,0.372402111880856,15,0.05905716
24,0.372402111880856,16,0.05890662
24,0.372402111880856,17,0.05885585
24,0.372402111880856,18,0.05909447
24,0.372402111880856,19,0.05907531
24,0.372402111880856,20,0.05883051
24,0.372402111880856,21,0.05884749
24,0.372402111880856,22,0.05892184
24,0.372402111880856,23,0.05888629
25,0.387966551713614,0,0.05907482
25,0.387966551713614,1,0.05953117
25,0.387966551713614,2,0.05951871
25,0.387966551713614,3,0.05947689
25,0.387966551713614,4,0.05960941
25,0.387966551713614,5,0.05927825
25,0.387966551713614,6,0.05927411
25,0.387966551713614,7,0.0591625
25,0.387966551713614,8,0.05916497
25,0.387966551713614,9,0.05905344
25,0.387966551713614,10,0.05914239
25,0.387966551713614,11,0.05911061
25,0.387966551713614,12,0.05927337
25,0.387966551713614,13,0.05941366
25,0.387966551713614,14,0.05952938
25,0.387966551713614,15,0.05937627
25,0.387966551713614,16,0.0599829
25,0.387966551713614,17,0.05948125
25,0.387966551713614,18,0.05944037
25,0.387966551713614,19,0.05936478
25,0.387966551713614,20,0.05952603
25,0.387966551713614,21,0.05915347
25,0.387966551713614,22,0.05933288
25,0.387966551713614,23,0.05953318
26,0.403530991546373,0,0.05977209
26,0.403530991546373,1,0.05996383
26,0.403530991546373,2,0.06009304
26,0.403530991546373,3,0.06006323
26,0.403530991546373,4,0.05985827
26,0.403530991546373,5,0.06001868
26,0.403530991546373,6,0.05992363
26,0.403530991546373,7,0.05977055
26,0.403530991546373,8,0.05968037
26,0.403530991546373,9,0.05984335
26,0.403530991546373,10,0.0597981
26,0.403530991546373,11,0.05966047
26,0.403530991546373,12,0.05984025
26,0.403530991546373,13,0.05984998
26,0.403530991546373,14,0.05982075
26,0.403530991546373,15,0.05968494
26,0.403530991546373,16,0.05990745
26,0.403530991546373,17,0.05962029
26,0.403530991546373,18,0.05971571
26,0.403530991546373,19,0.05978007
26,0.403530991546373,20,0.06001994
26,0.403530991546373,21,0.06003203
26,0.403530991546373,22,0.05999088
26,0.403530991546373,23,0.0597868
27,0.418866542558062,0,0.06063562
27,0.418866542558062,1,0.06078183
27,0.418866542558062,2,0.06064521
27,0.418866542558062,3,0.06074064
27,0.418866542558062,4,0.06050391
27,0.418866542558062,5,0.06032588
27,0.418866542558062,6,0.06053036
27,0.418866542558062,7,0.06031113
27,0.418866542558062,8,0.06017062
27,0.418866542558062,9,0.06022765
27,0.418866542558062,10,0.06035067
27,0.418866542558062,11,0.06067235
27,0.418866542558062,12,0.06042934
27,0.418866542558062,13,0.06028185
27,0.418866542558062,14,0.06011747
27,0.418866542558062,15,0.06010935
27,0.418866542558062,16,0.06021858
27,0.418866542558062,17,0.06016699
27,0.418866542558062,18,0.06041276
27,0.418866542558062,19,0.06035022
27,0.418866542558062,20,0.06017205
27,0.418866542558062,21,0.06038501
27,0.418866542558062,22,0.06038544
27,0.418866542558062,23,0.06075308
28,0.43465987121189,0,0.06093229
28,0.43465987121189,1,0.06077293
28,0.43465987121189,2,0.06100848
28,0.43465987121189,3,0.0605407
28,0.43465987121189,4,0.06086924
28,0.43465987121189,5,0.06079955
28,0.43465987121189,6,0.06081386
28,0.43465987121189,7,0.06088198
28,0.43465987121189,8,0.06105901
28,0.43465987121189,9,0.06075172
28,0.43465987121189,10,0.0607361
28,0.43465987121189,11,0.06095245
28,0.43465987121189,12,0.06100355
28,0.43465987121189,13,0.06055627
28,0.43465987121189,14,0.06116213
28,0.43465987121189,15,0.0610197
28,0.43465987121189,16,0.06058303
28,0.43465987121189,17,0.06075875
28,0.43465987121189,18,0.06076569
28,0.43465987121189,19,0.06038535
28,0.43465987121189,20,0.06054004
28,0.43465987121189,21,0.0608661
28,0.43465987121189,22,0.0608054
28,0.43465987121189,23,0.06065826
29,0.450224311044649,0,0.06149516
29,0.450224311044649,1,0.06172699
29,0.450224311044649,2,0.06135395
29,0.450224311044649,3,0.06134483
29,0.450224311044649,4,0.06126367
29,0.450224311044649,5,0.0610097
29,0.450224311044649,6,0.06135456
29,0.450224311044649,7,0.06134156
29,0.450224311044649,8,0.0610975
29,0.450224311044649,9,0.06114755
29,0.450224311044649,10,0.06107031
29,0.450224311044649,11,0.06113913
29,0.450224311044649,12,0.06104579
29,0.450224311044649,13,0.06113607
29,0.450224311044649,14,0.06100486
29,0.450224311044649,15,0.0608321
29,0.450224311044649,16,0.06111857
29,0.450224311044649,17,0.06087958
29,0.450224311044649,18,0.06095053
29,0.450224311044649,19,0.06126275
29,0.450224311044649,20,0.06117644
29,0.450224311044649,21,0.06089022
29,0.450224311044649,22,0.06084127
29,0.450224311044649,23,0.06109397
30,0.466017639698477,0,0.06130556
30,0.466017639698477,1,0.06127531
30,0.466017639698477,2,0.06106696
30,0.466017639698477,3,0.0612854
30,0.466017639698477,4,0.06123133
30,0.466017639698477,5,0.06174528
30,0.466017639698477,6,0.06134636
30,0.466017639698477,7,0.06155834
30,0.466017639698477,8,0.06149127
30,0.466017639698477,9,0.06158112
30,0.466017639698477,10,0.06118486
30,0.466017639698477,11,0.06148355
30,0.466017639698477,12,0.06159112
30,0.466017639698477,13,0.06149027
30,0.466017639698477,14,0.0613317
30,0.466017639698477,15,0.06143979
30,0.466017639698477,16,0.06165177
30,0.466017639698477,17,0.06151467
30,0.466017639698477,18,0.06152234
30,0.466017639698477,19,0.06136176
30,0.466017639698477,20,0.06128457
30,0.466017639698477,21,0.06132
30,0.466017639698477,22,0.06133384
30,0.466017639698477,23,0.0611301
31,0.482039857173376,0,0.06128557
31,0.482039857173376,1,0.06155428
31,0.482039857173376,2,0.06175764
31,0.482039857173376,3,0.06144205
31,0.482039857173376,4,0.06185664
31,0.482039857173376,5,0.06154529
31,0.482039857173376,6,0.06159505
31,0.482039857173376,7,0.06166708
31,0.482039857173376,8,0.06166185
31,0.482039857173376,9,0.06144074
31,0.482039857173376,10,0.06162659
31,0.482039857173376,11,0.06152945
31,0.482039857173376,12,0.06162423
31,0.482039857173376,13,0.06178193
31,0.482039857173376,14,0.06171334
31,0.482039857173376,15,0.06140479
31,0.482039857173376,16,0.06157982
31,0.482039857173376,17,0.06148372
31,0.482039857173376,18,0.06180502
31,0.482039857173376,19,0.06170204
31,0.482039857173376,20,0.06168175
31,0.482039857173376,21,0.06142185
31,0.482039857173376,22,0.06158994
31,0.482039857173376,23,0.06144611
32,0.498062074648274,0,0.06195595
32,0.498062074648274,1,0.06155245
32,0.498062074648274,2,0.0617822
32,0.498062074648274,3,0.06156376
32,0.498062074648274,4,0.06184543
32,0.498062074648274,5,0.06191075
32,0.498062074648274,6,0.0618566
32,0.498062074648274,7,0.06187056
32,0.498062074648274,8,0.06159356
32,0.498062074648274,9,0.06124233
32,0.498062074648274,10,0.06137197
32,0.498062074648274,11,0.06143123
32,0.498062074648274,12,0.06183407
32,0.498062074648274,13,0.06188221
32,0.498062074648274,14,0.06165129
32,0.498062074648274,15,0.06173119
32,0.498062074648274,16,0.06190705
32,0.498062074648274,17,0.06155887
32,0.498062074648274,18,0.06162524
32,0.498062074648274,19,0.06167358
32,0.498062074648274,20,0.0618274
32,0.498062074648274,21,0.06187685
32,0.498062074648274,22,0.06183748
32,0.498062074648274,23,0.06173699
33,0.514313180944243,0,0.06198716
33,0.514313180944243,1,0.0620112
33,0.514313180944243,2,0.06211489
33,0.514313180944243,3,0.06205026
33,0.514313180944243,4,0.06209328
33,0.514313180944243,5,0.06158046
33,0.514313180944243,6,0.0619049
33,0.514313180944243,7,0.06172132
33,0.514313180944243,8,0.06193912
33,0.514313180944243,9,0.06225687
33,0.514313180944243,10,0.06193506
33,0.514313180944243,11,0.06209756
33,0.514313180944243,12,0.06210135
33,0.514313180944243,13,0.06188042
33,0.514313180944243,14,0.06188352
33,0.514313180944243,15,0.06194488
33,0.514313180944243,16,0.06170082
33,0.514313180944243,17,0.06184687
33,0.514313180944243,18,0.06183849
33,0.514313180944243,19,0.06181614
33,0.514313180944243,20,0.06166892
33,0.514313180944243,21,0.06183356
33,0.514313180944243,22,0.061474
33,0.514313180944243,23,0.06145794
34,0.530564287240211,0,0.0618349
34,0.530564287240211,1,0.06199252
34,0.530564287240211,2,0.06173245
34,0.530564287240211,3,0.06173394
34,0.530564287240211,4,0.06154093
34,0.530564287240211,5,0.06143394
34,0.530564287240211,6,0.06196168
34,0.530564287240211,7,0.06167922
34,0.530564287240211,8,0.06192964
34,0.530564287240211,9,0.0620054
34,0.530564287240211,10,0.06182588
34,0.530564287240211,11,0.06217589
34,0.530564287240211,12,0.06172028
34,0.530564287240211,13,0.0617068
34,0.530564287240211,14,0.06161747
34,0.530564287240211,15,0.06198599
34,0.530564287240211,16,0.0617901
34,0.530564287240211,17,0.06155324
34,0.530564287240211,18,0.0618429
34,0.530564287240211,19,0.0618076
34,0.530564287240211,20,0.06228584
34,0.530564287240211,21,0.0619598
34,0.530564287240211,22,0.06170221
34,0.530564287240211,23,0.06178888
35,0.54635761589404,0,0.06182029
35,0.54635761589404,1,0.06191394
35,0.54635761589404,2,0.06180768
35,0.54635761589404,3,0.06193078
35,0.54635761589404,4,0.06219186
35,0.54635761589404,5,0.06199872
35,0.54635761589404,6,0.06196098
35,0.54635761589404,7,0.06182854
35,0.54635761589404,8,0.0620853
35,0.54635761589404,9,0.06217968
35,0.54635761589404,10,0.06221782
35,0.54635761589404,11,0.0618761
35,0.54635761589404,12,0.06194007
35,0.54635761589404,13,0.06174807
35,0.54635761589404,14,0.06179516
35,0.54635761589404,15,0.06177867
35,0.54635761589404,16,0.06189108
35,0.54635761589404,17,0.06174114
35,0.54635761589404,18,0.06188733
35,0.54635761589404,19,0.06157951
35,0.54635761589404,20,0.06192001
35,0.54635761589404,21,0.06195801
35,0.54635761589404,22,0.06210262
35,0.54635761589404,23,0.06220965
36,0.562379833368938,0,0.06188544
36,0.562379833368938,1,0.06155433
36,0.562379833368938,2,0.06172472
36,0.562379833368938,3,0.06183404
36,0.562379833368938,4,0.06174829
36,0.562379833368938,5,0.06183011
36,0.562379833368938,6,0.06204883
36,0.562379833368938,7,0.06201015
36,0.562379833368938,8,0.06210764
36,0.562379833368938,9,0.06217707
36,0.562379833368938,10,0.0621371
36,0.562379833368938,11,0.06226037
36,0.562379833368938,12,0.06177365
36,0.562379833368938,13,0.06166586
36,0.562379833368938,14,0.06170331
36,0.562379833368938,15,0.06171134
36,0.562379833368938,16,0.06188457
36,0.562379833368938,17,0.06225993
36,0.562379833368938,18,0.06220832
36,0.562379833368938,19,0.06196778
36,0.562379833368938,20,0.06193976
36,0.562379833368938,21,0.06206504
36,0.562379833368938,22,0.06190805
36,0.562379833368938,23,0.06191891
37,0.578402050843837,0,0.06167581
37,0.578402050843837,1,0.06160386
37,0.578402050843837,2,0.06194679
37,0.578402050843837,3,0.06203324
37,0.578402050843837,4,0.06175811
37,0.578402050843837,5,0.06176898
37,0.578402050843837,6,0.06196381
37,0.578402050843837,7,0.06163807
37,0.578402050843837,8,0.06211554
37,0.578402050843837,9,0.06192786
37,0.578402050843837,10,0.06207238
37,0.578402050843837,11,0.06178809
37,0.578402050843837,12,0.06136298
37,0.578402050843837,13,0.06160687
37,0.578402050843837,14,0.06132847
37,0.578402050843837,15,0.0615045
37,0.578402050843837,16,0.06175414
37,0.578402050843837,17,0.06167385
37,0.578402050843837,18,0.06204738
37,0.578402050843837,19,0.06179511
37,0.578402050843837,20,0.06160556
37,0.578402050843837,21,0.06155162
37,0.578402050843837,22,0.0614586
37,0.578402050843837,23,0.06149974
38,0.594424268318735,0,0.0618932
38,0.594424268318735,1,0.06182221
38,0.594424268318735,2,0.06200522
38,0.594424268318735,3,0.06147661
38,0.594424268318735,4,0.06204468
38,0.594424268318735,5,0.06164963
38,0.594424268318735,6,0.06204
38,0.594424268318735,7,0.06197179
38,0.594424268318735,8,0.06182828
38,0.594424268318735,9,0.06186463
38,0.594424268318735,10,0.06188871
38,0.594424268318735,11,0.0621758
38,0.594424268318735,12,0.06195015
38,0.594424268318735,13,0.06206257
38,0.594424268318735,14,0.06240244
38,0.594424268318735,15,0.06214843
38,0.594424268318735,16,0.06187248
38,0.594424268318735,17,0.06202265
38,0.594424268318735,18,0.06224587
38,0.594424268318735,19,0.06213483
38,0.594424268318735,20,0.06198096
38,0.594424268318735,21,0.06179935
38,0.594424268318735,22,0.06175588
38,0.594424268318735,23,0.06165792
39,0.610675374614704,0,0.0620253
39,0.610675374614704,1,0.06215158
39,0.610675374614704,2,0.06212379
39,0.610675374614704,3,0.06220569
39,0.610675374614704,4,0.06205724
39,0.610675374614704,5,0.06240847
39,0.610675374614704,6,0.06208917
39,0.610675374614704,7,0.06220504
39,0.610675374614704,8,0.06243743
39,0.610675374614704,9,0.0620873
39,0.610675374614704,10,0.06223384
39,0.610675374614704,11,0.06223109
39,0.610675374614704,12,0.0623894
39,0.610675374614704,13,0.06208181
39,0.610675374614704,14,0.06227882
39,0.610675374614704,15,0.06232173
39,0.610675374614704,16,0.06218976
39,0.610675374614704,17,0.06248574
39,0.610675374614704,18,0.06265244
39,0.610675374614704,19,0.06245555
39,0.610675374614704,20,0.06239045
39,0.610675374614704,21,0.06227603
39,0.610675374614704,22,0.06231321
39,0.610675374614704,23,0.06220686
40,0.626926480910672,0,0.06190888
40,0.626926480910672,1,0.0621127
40,0.626926480910672,2,0.06204577
40,0.626926480910672,3,0.06189548
40,0.626926480910672,4,0.06173949
40,0.626926480910672,5,0.06195897
40,0.626926480910672,6,0.06198005
40,0.626926480910672,7,0.06152846
40,0.626926480910672,8,0.06217789
40,0.626926480910672,9,0.06192494
40,0.626926480910672,10,0.06179511
40,0.626926480910672,11,0.06184159
40,0.626926480910672,12,0.06178119
40,0.626926480910672,13,0.06176946
40,0.626926480910672,14,0.06183845
40,0.626926480910672,15,0.06156943
40,0.626926480910672,16,0.06209763
40,0.626926480910672,17,0.06202813
40,0.626926480910672,18,0.06196818
40,0.626926480910672,19,0.0620092
40,0.626926480910672,20,0.06176426
40,0.626926480910672,21,0.06208721
40,0.626926480910672,22,0.06176221
40,0.626926480910672,23,0.06193702
41,0.642490920743431,0,0.06230888
41,0.642490920743431,1,0.0623383
41,0.642490920743431,2,0.06204791
41,0.642490920743431,3,0.06263497
41,0.642490920743431,4,0.0621607
41,0.642490920743431,5,0.06196704
41,0.642490920743431,6,0.06207534
41,0.642490920743431,7,0.06204716
41,0.642490920743431,8,0.06213534
41,0.642490920743431,9,0.06224955
41,0.642490920743431,10,0.06198284
41,0.642490920743431,11,0.06194732
41,0.642490920743431,12,0.06214564
41,0.642490920743431,13,0.06236257
41,0.642490920743431,14,0.06209002
41,0.642490920743431,15,0.06228196
41,0.642490920743431,16,0.06231696
41,0.642490920743431,17,0.0622763
41,0.642490920743431,18,0.0622351
41,0.642490920743431,19,0.06254514
41,0.642490920743431,20,0.06231138
41,0.642490920743431,21,0.06212103
41,0.642490920743431,22,0.06231771
41,0.642490920743431,23,0.06235641
42,0.65828424939726,0,0.06223689
42,0.65828424939726,1,0.06206993
42,0.65828424939726,2,0.06214848
42,0.65828424939726,3,0.06207142
42,0.65828424939726,4,0.06211148
42,0.65828424939726,5,0.06242903
42,0.65828424939726,6,0.06220948
42,0.65828424939726,7,0.06217999
42,0.65828424939726,8,0.0623486
42,0.65828424939726,9,0.06188173
42,0.65828424939726,10,0.06204838
42,0.65828424939726,11,0.06217488
42,0.65828424939726,12,0.06220185
42,0.65828424939726,13,0.06192886
42,0.65828424939726,14,0.06184984
42,0.65828424939726,15,0.06187366
42,0.65828424939726,16,0.06183155
42,0.65828424939726,17,0.06195714
42,0.65828424939726,18,0.06222804
42,0.65828424939726,19,0.06189456
42,0.65828424939726,20,0.06237068
42,0.65828424939726,21,0.06207818
42,0.65828424939726,22,0.06220769
42,0.65828424939726,23,0.06232407
43,0.674306466872158,0,0.06227377
43,0.674306466872158,1,0.06187934
43,0.674306466872158,2,0.06215686
43,0.674306466872158,3,0.06195239
43,0.674306466872158,4,0.06198685
43,0.674306466872158,5,0.06207151
43,0.674306466872158,6,0.06224536
43,0.674306466872158,7,0.06220673
43,0.674306466872158,8,0.06217854
43,0.674306466872158,9,0.06196782
43,0.674306466872158,10,0.06175802
43,0.674306466872158,11,0.06187371
43,0.674306466872158,12,0.06177129
43,0.674306466872158,13,0.06187397
43,0.674306466872158,14,0.06211837
43,0.674306466872158,15,0.06222946
43,0.674306466872158,16,0.06217205
43,0.674306466872158,17,0.06218187
43,0.674306466872158,18,0.06205773
43,0.674306466872158,19,0.06195565
43,0.674306466872158,20,0.06184612
43,0.674306466872158,21,0.061942
43,0.674306466872158,22,0.06169597
43,0.674306466872158,23,0.06217266
44,0.690099795525986,0,0.06187453
44,0.690099795525986,1,0.06188566
44,0.690099795525986,2,0.06206531
44,0.690099795525986,3,0.06195627
44,0.690099795525986,4,0.06201138
44,0.690099795525986,5,0.0615998
44,0.690099795525986,6,0.06170021
44,0.690099795525986,7,0.06186947
44,0.690099795525986,8,0.06170924
44,0.690099795525986,9,0.0613612
44,0.690099795525986,10,0.06190224
44,0.690099795525986,11,0.06185259
44,0.690099795525986,12,0.06189195
44,0.690099795525986,13,0.0617695
44,0.690099795525986,14,0.06165177
44,0.690099795525986,15,0.06185158
44,0.690099795525986,16,0.06186157
44,0.690099795525986,17,0.06146714
44,0.690099795525986,18,0.06140086
44,0.690099795525986,19,0.06145013
44,0.690099795525986,20,0.0614873
44,0.690099795525986,21,0.06150044
44,0.690099795525986,22,0.06167516
44,0.690099795525986,23,0.06201225
45,0.706350901821955,0,0.06135356
45,0.706350901821955,1,0.06161114
45,0.706350901821955,2,0.06178621
45,0.706350901821955,3,0.06172699
45,0.706350901821955,4,0.06241794
45,0.706350901821955,5,0.0618614
45,0.706350901821955,6,0.06161464
45,0.706350901821955,7,0.06157685
45,0.706350901821955,8,0.06191294
45,0.706350901821955,9,0.06195408
45,0.706350901821955,10,0.06157846
45,0.706350901821955,11,0.06155716
45,0.706350901821955,12,0.06150921
45,0.706350901821955,13,0.06166665
45,0.706350901821955,14,0.06136705
45,0.706350901821955,15,0.06173119
45,0.706350901821955,16,0.06167782
45,0.706350901821955,17,0.06171687
45,0.706350901821955,18,0.06158558
45,0.706350901821955,19,0.0616258
45,0.706350901821955,20,0.06162407
45,0.706350901821955,21,0.06121955
45,0.706350901821955,22,0.06127628
45,0.706350901821955,23,0.06167057
46,0.722373119296854,0,0.06139183
46,0.722373119296854,1,0.06172595
46,0.722373119296854,2,0.06178289
46,0.722373119296854,3,0.06183635
46,0.722373119296854,4,0.06148385
46,0.722373119296854,5,0.06134147
46,0.722373119296854,6,0.06178735
46,0.722373119296854,7,0.06178701
46,0.722373119296854,8,0.0616417
46,0.722373119296854,9,0.06185193
46,0.722373119296854,10,0.06185486
46,0.722373119296854,11,0.06216773
46,0.722373119296854,12,0.06154783
46,0.722373119296854,13,0.06187467
46,0.722373119296854,14,0.06210106
46,0.722373119296854,15,0.06177251
46,0.722373119296854,16,0.06165792
46,0.722373119296854,17,0.06178141
46,0.722373119296854,18,0.06180523
46,0.722373119296854,19,0.06197529
46,0.722373119296854,20,0.06195993
46,0.722373119296854,21,0.06177827
46,0.722373119296854,22,0.0616244
46,0.722373119296854,23,0.06200841
47,0.737937559129612,0,0.0616124
47,0.737937559129612,1,0.06138183
47,0.737937559129612,2,0.06128422
47,0.737937559129612,3,0.06184116
47,0.737937559129612,4,0.06143904
47,0.737937559129612,5,0.0618295
47,0.737937559129612,6,0.06197201
47,0.737937559129612,7,0.06167275
47,0.737937559129612,8,0.06186581
47,0.737937559129612,9,0.06182248
47,0.737937559129612,10,0.06171116
47,0.737937559129612,11,0.06189556
47,0.737937559129612,12,0.06190778
47,0.737937559129612,13,0.06195914
47,0.737937559129612,14,0.06194483
47,0.737937559129612,15,0.06213744
47,0.737937559129612,16,0.06210345
47,0.737937559129612,17,0.06189967
47,0.737937559129612,18,0.06221084
47,0.737937559129612,19,0.06200077
47,0.737937559129612,20,0.06240681
47,0.737937559129612,21,0.06253091
47,0.737937559129612,22,0.06250399
47,0.737937559129612,23,0.0625341
48,0.753730887783441,0,0.06212858
48,0.753730887783441,1,0.06197023
48,0.753730887783441,2,0.06199807
48,0.753730887783441,3,0.06192882
48,0.753730887783441,4,0.06223807
48,0.753730887783441,5,0.06214661
48,0.753730887783441,6,0.06213849
48,0.753730887783441,7,0.06199811
48,0.753730887783441,8,0.06216969
48,0.753730887783441,9,0.06235545
48,0.753730887783441,10,0.06219998
48,0.753730887783441,11,0.06217393
48,0.753730887783441,12,0.06192344
48,0.753730887783441,13,0.06194653
48,0.753730887783441,14,0.0620883
48,0.753730887783441,15,0.06210874
48,0.753730887783441,16,0.06207064
48,0.753730887783441,17,0.06204294
48,0.753730887783441,18,0.06192161
48,0.753730887783441,19,0.06201888
48,0.753730887783441,20,0.06205947
48,0.753730887783441,21,0.06226827
48,0.753730887783441,22,0.06204433
48,0.753730887783441,23,0.06193493
49,0.769295327616199,0,0.06268145
49,0.769295327616199,1,0.06218557
49,0.769295327616199,2,0.06229532
49,0.769295327616199,3,0.06261574
49,0.769295327616199,4,0.06231042
49,0.769295327616199,5,0.06248592
49,0.769295327616199,6,0.06224291
49,0.769295327616199,7,0.06238364
49,0.769295327616199,8,0.06229331
49,0.769295327616199,9,0.06189291
49,0.769295327616199,10,0.06227141
49,0.769295327616199,11,0.06224077
49,0.769295327616199,12,0.06244403
49,0.769295327616199,13,0.06243674
49,0.769295327616199,14,0.06237858
49,0.769295327616199,15,0.06226046
49,0.769295327616199,16,0.06214339
49,0.769295327616199,17,0.0621655
49,0.769295327616199,18,0.06248583
49,0.769295327616199,19,0.0622961
49,0.769295327616199,20,0.0622128
49,0.769295327616199,21,0.06204231
49,0.769295327616199,22,0.06233582
49,0.769295327616199,23,0.0620867
50,0.785088656270028,0,0.06199688
50,0.785088656270028,1,0.06222602
50,0.785088656270028,2,0.06203922
50,0.785088656270028,3,0.06193715
50,0.785088656270028,4,0.06193252
50,0.785088656270028,5,0.0622265
50,0.785088656270028,6,0.06234847
50,0.785088656270028,7,0.06195988
50,0.785088656270028,8,0.06250686
50,0.785088656270028,9,0.06236016
50,0.785088656270028,10,0.06207107
50,0.785088656270028,11,0.06231047
50,0.785088656270028,12,0.06216358
50,0.785088656270028,13,0.06206788
50,0.785088656270028,14,0.06179895
50,0.785088656270028,15,0.06200177
50,0.785088656270028,16,0.061811
50,0.785088656270028,17,0.06207386
50,0.785088656270028,18,0.06199332
50,0.785088656270028,19,0.06217183
50,0.785088656270028,20,0.06229816
50,0.785088656270028,21,0.06221062
50,0.785088656270028,22,0.06229195
50,0.785088656270028,23,0.06187575
51,0.800881984923856,0,0.0622763
51,0.800881984923856,1,0.06235893
51,0.800881984923856,2,0.0623174
51,0.800881984923856,3,0.06221594
51,0.800881984923856,4,0.0623894
51,0.800881984923856,5,0.06221699
51,0.800881984923856,6,0.06242026
51,0.800881984923856,7,0.06241205
51,0.800881984923856,8,0.06265431
51,0.800881984923856,9,0.06241246
51,0.800881984923856,10,0.06230405
51,0.800881984923856,11,0.06244848
51,0.800881984923856,12,0.06267451
51,0.800881984923856,13,0.06226193
51,0.800881984923856,14,0.06232931
51,0.800881984923856,15,0.06258022
51,0.800881984923856,16,0.06247466
51,0.800881984923856,17,0.06258925
51,0.800881984923856,18,0.06256867
51,0.800881984923856,19,0.06231526
51,0.800881984923856,20,0.06228633
51,0.800881984923856,21,0.06236803
51,0.800881984923856,22,0.06243674
51,0.800881984923856,23,0.06209018
52,0.815988647114475,0,0.062746
52,0.815988647114475,1,0.06257197
52,0.815988647114475,2,0.0628163
52,0.815988647114475,3,0.06248401
52,0.815988647114475,4,0.06254697
52,0.815988647114475,5,0.06272963
52,0.815988647114475,6,0.06260179
52,0.815988647114475,7,0.06248182
52,0.815988647114475,8,0.06245093
52,0.815988647114475,9,0.06264039
52,0.815988647114475,10,0.0628351
52,0.815988647114475,11,0.06249282
52,0.815988647114475,12,0.06229213
52,0.815988647114475,13,0.06257538
52,0.815988647114475,14,0.06281237
52,0.815988647114475,15,0.06261522
52,0.815988647114475,16,0.06267233
52,0.815988647114475,17,0.06283131
52,0.815988647114475,18,0.06249984
52,0.815988647114475,19,0.06238168
52,0.815988647114475,20,0.06269851
52,0.815988647114475,21,0.06255901
52,0.815988647114475,22,0.0623352
52,0.815988647114475,23,0.06288497
53,0.831781975768304,0,0.06263948
53,0.831781975768304,1,0.0624727
53,0.831781975768304,2,0.06262971
53,0.831781975768304,3,0.06243356
53,0.831781975768304,4,0.06238259
53,0.831781975768304,5,0.06251093
53,0.831781975768304,6,0.0628605
53,0.831781975768304,7,0.0629346
53,0.831781975768304,8,0.06311812
53,0.831781975768304,9,0.0626383
53,0.831781975768304,10,0.06276274
53,0.831781975768304,11,0.06295539
53,0.831781975768304,12,0.06267425
53,0.831781975768304,13,0.06272392
53,0.831781975768304,14,0.06278318
53,0.831781975768304,15,0.06299061
53,0.831781975768304,16,0.06275856
53,0.831781975768304,17,0.06243155
53,0.831781975768304,18,0.062758
53,0.831781975768304,19,0.06265235
53,0.831781975768304,20,0.06250495
53,0.831781975768304,21,0.06261215
53,0.831781975768304,22,0.06276471
53,0.831781975768304,23,0.06277968
54,0.847575304422132,0,0.06281032
54,0.847575304422132,1,0.06277667
54,0.847575304422132,2,0.06302269
54,0.847575304422132,3,0.06274709
54,0.847575304422132,4,0.06280905
54,0.847575304422132,5,0.06278305
54,0.847575304422132,6,0.06268752
54,0.847575304422132,7,0.06308413
54,0.847575304422132,8,0.06296292
54,0.847575304422132,9,0.06272779
54,0.847575304422132,10,0.06293053
54,0.847575304422132,11,0.06286512
54,0.847575304422132,12,0.06284116
54,0.847575304422132,13,0.06316712
54,0.847575304422132,14,0.06276786
54,0.847575304422132,15,0.06296986
54,0.847575304422132,16,0.06272146
54,0.847575304422132,17,0.06252607
54,0.847575304422132,18,0.06278487
54,0.847575304422132,19,0.06263118
54,0.847575304422132,20,0.06261288
54,0.847575304422132,21,0.06257465
54,0.847575304422132,22,0.06269459
54,0.847575304422132,23,0.06271634
55,0.863139744254891,0,0.06277397
55,0.863139744254891,1,0.06268647
55,0.863139744254891,2,0.06272484
55,0.863139744254891,3,0.06270467
55,0.863139744254891,4,0.0626398
55,0.863139744254891,5,0.06265029
55,0.863139744254891,6,0.06256289
55,0.863139744254891,7,0.06286077
55,0.863139744254891,8,0.06281698
55,0.863139744254891,9,0.0626439
55,0.863139744254891,10,0.06254587
55,0.863139744254891,11,0.06264341
55,0.863139744254891,12,0.06271941
55,0.863139744254891,13,0.06290011
55,0.863139744254891,14,0.06254226
55,0.863139744254891,15,0.06262826
55,0.863139744254891,16,0.0626149
55,0.863139744254891,17,0.06271576
55,0.863139744254891,18,0.06233411
55,0.863139744254891,19,0.06280176
55,0.863139744254891,20,0.06265951
55,0.863139744254891,21,0.06264746
55,0.863139744254891,22,0.06300142
55,0.863139744254891,23,0.06267539
56,0.878933072908719,0,0.06270813
56,0.878933072908719,1,0.06273674
56,0.878933072908719,2,0.06281529
56,0.878933072908719,3,0.0627659
56,0.878933072908719,4,0.06243347
56,0.878933072908719,5,0.06258582
56,0.878933072908719,6,0.06263857
56,0.878933072908719,7,0.06264764
56,0.878933072908719,8,0.06264427
56,0.878933072908719,9,0.06254391
56,0.878933072908719,10,0.06284007
56,0.878933072908719,11,0.06303496
56,0.878933072908719,12,0.06296156
56,0.878933072908719,13,0.06231294
56,0.878933072908719,14,0.06261744
56,0.878933072908719,15,0.06276353
56,0.878933072908719,16,0.06286188
56,0.878933072908719,17,0.06302771
56,0.878933072908719,18,0.06320868
56,0.878933072908719,19,0.06265873
56,0.878933072908719,20,0.06290767
56,0.878933072908719,21,0.06285156
56,0.878933072908719,22,0.06272762
56,0.878933072908719,23,0.06274441
57,0.894039735099338,0,0.06302387
57,0.894039735099338,1,0.0630518
57,0.894039735099338,2,0.0629127
57,0.894039735099338,3,0.06300198
57,0.894039735099338,4,0.06268155
57,0.894039735099338,5,0.06282096
57,0.894039735099338,6,0.06251831
57,0.894039735099338,7,0.06284308
57,0.894039735099338,8,0.06296443
57,0.894039735099338,9,0.06281804
57,0.894039735099338,10,0.0628607
57,0.894039735099338,11,0.06299299
57,0.894039735099338,12,0.06250887
57,0.894039735099338,13,0.06257106
57,0.894039735099338,14,0.06274939
57,0.894039735099338,15,0.06275463
57,0.894039735099338,16,0.06292789
57,0.894039735099338,17,0.0629627
57,0.894039735099338,18,0.06278652
57,0.894039735099338,19,0.06291214
57,0.894039735099338,20,0.0628351
57,0.894039735099338,21,0.06244906
57,0.894039735099338,22,0.06280167
57,0.894039735099338,23,0.06272177
58,0.909146397289956,0,0.06308819
58,0.909146397289956,1,0.06307196
58,0.909146397289956,2,0.06367829
58,0.909146397289956,3,0.0632132
58,0.909146397289956,4,0.06317332
58,0.909146397289956,5,0.06360991
58,0.909146397289956,6,0.06311534
58,0.909146397289956,7,0.06324175
58,0.909146397289956,8,0.06305699
58,0.909146397289956,9,0.06325558
58,0.909146397289956,10,0.06327989
58,0.909146397289956,11,0.063036
58,0.909146397289956,12,0.063184
58,0.909146397289956,13,0.06308103
58,0.909146397289956,14,0.06299417
58,0.909146397289956,15,0.0630625
58,0.909146397289956,16,0.06316653
58,0.909146397289956,17,0.06310804
58,0.909146397289956,18,0.0633532
58,0.909146397289956,19,0.06310822
58,0.909146397289956,20,0.06296963
58,0.909146397289956,21,0.06319937
58,0.909146397289956,22,0.06308331
58,0.909146397289956,23,0.06318327
59,0.924939725943785,0,0.06335174
59,0.924939725943785,1,0.0637475
59,0.924939725943785,2,0.06357282
59,0.924939725943785,3,0.06342547
59,0.924939725943785,4,0.06350645
59,0.924939725943785,5,0.06355151
59,0.924939725943785,6,0.06350717
59,0.924939725943785,7,0.06331812
59,0.924939725943785,8,0.06338874
59,0.924939725943785,9,0.06335211
59,0.924939725943785,10,0.06338591
59,0.924939725943785,11,0.06322853
59,0.924939725943785,12,0.06322369
59,0.924939725943785,13,0.06331169
59,0.924939725943785,14,0.06314043
59,0.924939725943785,15,0.06326744
59,0.924939725943785,16,0.06328715
59,0.924939725943785,17,0.06333327
59,0.924939725943785,18,0.06324559
59,0.924939725943785,19,0.0633601
59,0.924939725943785,20,0.06357291
59,0.924939725943785,21,0.06338359
59,0.924939725943785,22,0.06351675
59,0.924939725943785,23,0.06329258
60,0.940733054597614,0,0.06298359
60,0.940733054597614,1,0.06314942
60,0.940733054597614,2,0.06322899
60,0.940733054597614,3,0.06328464
60,0.940733054597614,4,0.06330229
60,0.940733054597614,5,0.06324873
60,0.940733054597614,6,0.06338349
60,0.940733054597614,7,0.06345092
60,0.940733054597614,8,0.06372359
60,0.940733054597614,9,0.06319184
60,0.940733054597614,10,0.06306146
60,0.940733054597614,11,0.06308441
60,0.940733054597614,12,0.06291534
60,0.940733054597614,13,0.0632074
60,0.940733054597614,14,0.06326621
60,0.940733054597614,15,0.06301397
60,0.940733054597614,16,0.06309427
60,0.940733054597614,17,0.06323655
60,0.940733054597614,18,0.06316684
60,0.940733054597614,19,0.06320608
60,0.940733054597614,20,0.06339234
60,0.940733054597614,21,0.06330567
60,0.940733054597614,22,0.06315102
60,0.940733054597614,23,0.06317852
61,0.956526383251442,0,0.0634537
61,0.956526383251442,1,0.06300726
61,0.956526383251442,2,0.06275106
61,0.956526383251442,3,0.06306977
61,0.956526383251442,4,0.06313782
61,0.956526383251442,5,0.0632116
61,0.956526383251442,6,0.06293321
61,0.956526383251442,7,0.06316529
61,0.956526383251442,8,0.06305987
61,0.956526383251442,9,0.06311922
61,0.956526383251442,10,0.06329016
61,0.956526383251442,11,0.06305079
61,0.956526383251442,12,0.063219
61,0.956526383251442,13,0.06312925
61,0.956526383251442,14,0.06310595
61,0.956526383251442,15,0.06325453
61,0.956526383251442,16,0.06301972
61,0.956526383251442,17,0.0631824
61,0.956526383251442,18,0.06306794
61,0.956526383251442,19,0.06306803
61,0.956526383251442,20,0.06324983
61,0.956526383251442,21,0.06328578
61,0.956526383251442,22,0.06343235
61,0.956526383251442,23,0.06342788
62,0.972777489547411,0,0.06260978
62,0.972777489547411,1,0.0627195
62,0.972777489547411,2,0.06341434
62,0.972777489547411,3,0.0629627
62,0.972777489547411,4,0.06329243
62,0.972777489547411,5,0.06327063
62,0.972777489547411,6,0.06318349
62,0.972777489547411,7,0.06330995
62,0.972777489547411,8,0.06321543
62,0.972777489547411,9,0.06341283
62,0.972777489547411,10,0.06328034
62,0.972777489547411,11,0.06311288
62,0.972777489547411,12,0.06275434
62,0.972777489547411,13,0.06278642
62,0.972777489547411,14,0.062834
62,0.972777489547411,15,0.06292451
62,0.972777489547411,16,0.06314614
62,0.972777489547411,17,0.06340749
62,0.972777489547411,18,0.06321639
62,0.972777489547411,19,0.06277005
62,0.972777489547411,20,0.06327583
62,0.972777489547411,21,0.06304891
62,0.972777489547411,22,0.0628852
62,0.972777489547411,23,0.06268565
63,0.988799707022309,0,0.06315376
63,0.988799707022309,1,0.06318852
63,0.988799707022309,2,0.06301571
63,0.988799707022309,3,0.06284085
63,0.988799707022309,4,0.06304158
63,0.988799707022309,5,0.06316105
63,0.988799707022309,6,0.06339431
63,0.988799707022309,7,0.06305512
63,0.988799707022309,8,0.06327146
63,0.988799707022309,9,0.0630683
63,0.988799707022309,10,0.06343432
63,0.988799707022309,11,0.06316434
63,0.988799707022309,12,0.06340288
63,0.988799707022309,13,0.063386
63,0.988799707022309,14,0.06318597
63,0.988799707022309,15,0.06323154
63,0.988799707022309,16,0.06315457
63,0.988799707022309,17,0.06314509
63,0.988799707022309,18,0.06311511
63,0.988799707022309,19,0.06297488
63,0.988799707022309,20,0.06305622
63,0.988799707022309,21,0.06320015
63,0.988799707022309,22,0.06303164
63,0.988799707022309,23,0.06285992
64,1.00390636921293,0,0.06350476
64,1.00390636921293,1,0.06343878
64,1.00390636921293,2,0.06320804
64,1.00390636921293,3,0.06291606
64,1.00390636921293,4,0.06274682
64,1.00390636921293,5,0.06312114
64,1.00390636921293,6,0.0626835
64,1.00390636921293,7,0.0626835
64,1.00390636921293,8,0.06308806
64,1.00390636921293,9,0.06283369
64,1.00390636921293,10,0.06301754
64,1.00390636921293,11,0.06283692
64,1.00390636921293,12,0.06289491
64,1.00390636921293,13,0.06315426
64,1.00390636921293,14,0.06284103
64,1.00390636921293,15,0.06288902
64,1.00390636921293,16,0.06325202
64,1.00390636921293,17,0.06289668
64,1.00390636921293,18,0.06308373
64,1.00390636921293,19,0.06281293
64,1.00390636921293,20,0.06270453
64,1.00390636921293,21,0.06294842
64,1.00390636921293,22,0.06286913
64,1.00390636921293,23,0.06291348
65,1.01992858668783,0,0.06324057
65,1.01992858668783,1,0.06319486
65,1.01992858668783,2,0.0627789
65,1.01992858668783,3,0.06328145
65,1.01992858668783,4,0.06300061
65,1.01992858668783,5,0.06307196
65,1.01992858668783,6,0.06312802
65,1.01992858668783,7,0.06311699
65,1.01992858668783,8,0.06302387
65,1.01992858668783,9,0.06293363
65,1.01992858668783,10,0.06339814
65,1.01992858668783,11,0.06306808
65,1.01992858668783,12,0.0630798
65,1.01992858668783,13,0.06289829
65,1.01992858668783,14,0.06329572
65,1.01992858668783,15,0.06294706
65,1.01992858668783,16,0.06293354
65,1.01992858668783,17,0.06310005
65,1.01992858668783,18,0.06317921
65,1.01992858668783,19,0.06306776
65,1.01992858668783,20,0.06290161
65,1.01992858668783,21,0.06289951
65,1.01992858668783,22,0.06254509
65,1.01992858668783,23,0.06298892
66,1.03572191534165,0,0.06348947
66,1.03572191534165,1,0.06319495
66,1.03572191534165,2,0.06327606
66,1.03572191534165,3,0.06292853
66,1.03572191534165,4,0.06287926
66,1.03572191534165,5,0.06288651
66,1.03572191534165,6,0.06326201
66,1.03572191534165,7,0.06311972
66,1.03572191534165,8,0.06282506
66,1.03572191534165,9,0.06317538
66,1.03572191534165,10,0.06294144
66,1.03572191534165,11,0.0631314
66,1.03572191534165,12,0.06354991
66,1.03572191534165,13,0.06289924
66,1.03572191534165,14,0.06309722
66,1.03572191534165,15,0.06305964
66,1.03572191534165,16,0.06315225
66,1.03572191534165,17,0.06281471
66,1.03572191534165,18,0.06252237
66,1.03572191534165,19,0.06260505
66,1.03572191534165,20,0.06269058
66,1.03572191534165,21,0.06297652
66,1.03572191534165,22,0.06289244
66,1.03572191534165,23,0.06287397
67,1.05151524399548,0,0.06316411
67,1.05151524399548,1,0.06331593
67,1.05151524399548,2,0.06319947
67,1.05151524399548,3,0.06309298
67,1.05151524399548,4,0.0632157
67,1.05151524399548,5,0.06324454
67,1.05151524399548,6,0.06308199
67,1.05151524399548,7,0.06314135
67,1.05151524399548,8,0.06315718
67,1.05151524399548,9,0.06342141
67,1.05151524399548,10,0.06331219
67,1.05151524399548,11,0.06338637
67,1.05151524399548,12,0.06333847
67,1.05151524399548,13,0.06325384
67,1.05151524399548,14,0.06355891
67,1.05151524399548,15,0.06348646
67,1.05151524399548,16,0.06336607
67,1.05151524399548,17,0.06329791
67,1.05151524399548,18,0.06322081
67,1.05151524399548,19,0.06347205
67,1.05151524399548,20,0.06358189
67,1.05151524399548,21,0.06322446
67,1.05151524399548,22,0.06336726
67,1.05151524399548,23,0.06336693
68,1.06753746147038,0,0.06326602
68,1.06753746147038,1,0.06329536
68,1.06753746147038,2,0.06311415
68,1.06753746147038,3,0.06318117
68,1.06753746147038,4,0.06310111
68,1.06753746147038,5,0.06344029
68,1.06753746147038,6,0.06323218
68,1.06753746147038,7,0.0630912
68,1.06753746147038,8,0.06330681
68,1.06753746147038,9,0.06322962
68,1.06753746147038,10,0.06335617
68,1.06753746147038,11,0.06316028
68,1.06753746147038,12,0.06335922
68,1.06753746147038,13,0.06311037
68,1.06753746147038,14,0.06321041
68,1.06753746147038,15,0.06301529
68,1.06753746147038,16,0.06341096
68,1.06753746147038,17,0.06363043
68,1.06753746147038,18,0.0632465
68,1.06753746147038,19,0.06334581
68,1.06753746147038,20,0.06344184
68,1.06753746147038,21,0.06352888
68,1.06753746147038,22,0.06330439
68,1.06753746147038,23,0.06324166
69,1.08355967894528,0,0.06316534
69,1.08355967894528,1,0.06320339
69,1.08355967894528,2,0.06330393
69,1.08355967894528,3,0.06301488
69,1.08355967894528,4,0.06321502
69,1.08355967894528,5,0.06326539
69,1.08355967894528,6,0.06361196
69,1.08355967894528,7,0.06339056
69,1.08355967894528,8,0.06358682
69,1.08355967894528,9,0.06337428
69,1.08355967894528,10,0.06323674
69,1.08355967894528,11,0.06351415
69,1.08355967894528,12,0.06296889
69,1.08355967894528,13,0.06301357
69,1.08355967894528,14,0.06300964
69,1.08355967894528,15,0.0632782
69,1.08355967894528,16,0.06325156
69,1.08355967894528,17,0.06311895
69,1.08355967894528,18,0.06322455
69,1.08355967894528,19,0.06321936
69,1.08355967894528,20,0.06291369
69,1.08355967894528,21,0.06296885
69,1.08355967894528,22,0.06317931
69,1.08355967894528,23,0.06292269
70,1.09935300759911,0,0.06279906
70,1.09935300759911,1,0.06306812
70,1.09935300759911,2,0.06318896
70,1.09935300759911,3,0.06312278
70,1.09935300759911,4,0.06326827
70,1.09935300759911,5,0.06291138
70,1.09935300759911,6,0.06331401
70,1.09935300759911,7,0.06302775
70,1.09935300759911,8,0.06312027
70,1.09935300759911,9,0.06333623
70,1.09935300759911,10,0.06322049
70,1.09935300759911,11,0.06320882
70,1.09935300759911,12,0.0631872
70,1.09935300759911,13,0.06300859
70,1.09935300759911,14,0.06295973
70,1.09935300759911,15,0.06333263
70,1.09935300759911,16,0.06303779
70,1.09935300759911,17,0.06301963
70,1.09935300759911,18,0.06317738
70,1.09935300759911,19,0.06309107
70,1.09935300759911,20,0.06279801
70,1.09935300759911,21,0.06305075
70,1.09935300759911,22,0.06329289
70,1.09935300759911,23,0.06323861
71,1.11537522507401,0,0.06324983
71,1.11537522507401,1,0.06336999
71,1.11537522507401,2,0.06317639
71,1.11537522507401,3,0.06327976
71,1.11537522507401,4,0.06330083
71,1.11537522507401,5,0.06324194
71,1.11537522507401,6,0.0633323
71,1.11537522507401,7,0.06339608
71,1.11537522507401,8,0.06324523
71,1.11537522507401,9,0.06313729
71,1.11537522507401,10,0.06306315
71,1.11537522507401,11,0.06310512
71,1.11537522507401,12,0.06276243
71,1.11537522507401,13,0.06349768
71,1.11537522507401,14,0.06319536
71,1.11537522507401,15,0.0631403
71,1.11537522507401,16,0.06337637
71,1.11537522507401,17,0.06354982
71,1.11537522507401,18,0.06321064
71,1.11537522507401,19,0.06320325
71,1.11537522507401,20,0.06343842
71,1.11537522507401,21,0.06301165
71,1.11537522507401,22,0.06348632
71,1.11537522507401,23,0.06324599
72,1.13139744254891,0,0.063169
72,1.13139744254891,1,0.06314504
72,1.13139744254891,2,0.06289003
72,1.13139744254891,3,0.06308893
72,1.13139744254891,4,0.0631235
72,1.13139744254891,5,0.06294952
72,1.13139744254891,6,0.06297552
72,1.13139744254891,7,0.06322451
72,1.13139744254891,8,0.06282903
72,1.13139744254891,9,0.0630888
72,1.13139744254891,10,0.06327844
72,1.13139744254891,11,0.06325047
72,1.13139744254891,12,0.06338158
72,1.13139744254891,13,0.06307492
72,1.13139744254891,14,0.06319293
72,1.13139744254891,15,0.06329171
72,1.13139744254891,16,0.06306192
72,1.13139744254891,17,0.06310951
72,1.13139744254891,18,0.0633501
72,1.13139744254891,19,0.06345836
72,1.13139744254891,20,0.06333327
72,1.13139744254891,21,0.0633522
72,1.13139744254891,22,0.06352209
72,1.13139744254891,23,0.06329062
73,1.1474196600238,0,0.06319363
73,1.1474196600238,1,0.06312401
73,1.1474196600238,2,0.06311507
73,1.1474196600238,3,0.06309103
73,1.1474196600238,4,0.0629648
73,1.1474196600238,5,0.06299513
73,1.1474196600238,6,0.06278487
73,1.1474196600238,7,0.06306977
73,1.1474196600238,8,0.06328158
73,1.1474196600238,9,0.06319965
73,1.1474196600238,10,0.06315709
73,1.1474196600238,11,0.06324741
73,1.1474196600238,12,0.06330726
73,1.1474196600238,13,0.06308724
73,1.1474196600238,14,0.06334193
73,1.1474196600238,15,0.063133
73,1.1474196600238,16,0.0631824
73,1.1474196600238,17,0.06332419
73,1.1474196600238,18,0.06331169
73,1.1474196600238,19,0.06310595
73,1.1474196600238,20,0.06340275
73,1.1474196600238,21,0.06312297
73,1.1474196600238,22,0.06333961
73,1.1474196600238,23,0.06285462
74,1.1634418774987,0,0.06322743
74,1.1634418774987,1,0.06334786
74,1.1634418774987,2,0.06324344
74,1.1634418774987,3,0.06319335
74,1.1634418774987,4,0.0633007
74,1.1634418774987,5,0.06317803
74,1.1634418774987,6,0.0633845
74,1.1634418774987,7,0.06301361
74,1.1634418774987,8,0.06308888
74,1.1634418774987,9,0.06312647
74,1.1634418774987,10,0.06340881
74,1.1634418774987,11,0.06304482
74,1.1634418774987,12,0.06287543
74,1.1634418774987,13,0.06306762
74,1.1634418774987,14,0.06295928
74,1.1634418774987,15,0.06269528
74,1.1634418774987,16,0.06300686
74,1.1634418774987,17,0.06280521
74,1.1634418774987,18,0.06284523
74,1.1634418774987,19,0.06298988
74,1.1634418774987,20,0.06302994
74,1.1634418774987,21,0.06287748
74,1.1634418774987,22,0.06295226
74,1.1634418774987,23,0.06302706
75,1.1794640949736,0,0.06316744
75,1.1794640949736,1,0.06344951
75,1.1794640949736,2,0.06324372
75,1.1794640949736,3,0.06311895
75,1.1794640949736,4,0.06324449
75,1.1794640949736,5,0.06336799
75,1.1794640949736,6,0.06345174
75,1.1794640949736,7,0.06317816
75,1.1794640949736,8,0.06311607
75,1.1794640949736,9,0.06288401
75,1.1794640949736,10,0.06299035
75,1.1794640949736,11,0.06315435
75,1.1794640949736,12,0.06292242
75,1.1794640949736,13,0.06285417
75,1.1794640949736,14,0.0630195
75,1.1794640949736,15,0.06303833
75,1.1794640949736,16,0.06338198
75,1.1794640949736,17,0.06330618
75,1.1794640949736,18,0.06307506
75,1.1794640949736,19,0.06294157
75,1.1794640949736,20,0.06300931
75,1.1794640949736,21,0.06300275
75,1.1794640949736,22,0.06303774
75,1.1794640949736,23,0.06303902
76,1.19525742362743,0,0.06284016
76,1.19525742362743,1,0.06291954
76,1.19525742362743,2,0.0631455
76,1.19525742362743,3,0.06324942
76,1.19525742362743,4,0.0633496
76,1.19525742362743,5,0.06348591
76,1.19525742362743,6,0.06330425
76,1.19525742362743,7,0.06327666
76,1.19525742362743,8,0.06326589
76,1.19525742362743,9,0.06309308
76,1.19525742362743,10,0.06309003
76,1.19525742362743,11,0.06303523
76,1.19525742362743,12,0.06336812
76,1.19525742362743,13,0.06335261
76,1.19525742362743,14,0.06327561
76,1.19525742362743,15,0.06336219
76,1.19525742362743,16,0.06315499
76,1.19525742362743,17,0.06325315
76,1.19525742362743,18,0.06288537
76,1.19525742362743,19,0.06334996
76,1.19525742362743,20,0.06341843
76,1.19525742362743,21,0.06316347
76,1.19525742362743,22,0.06330905
76,1.19525742362743,23,0.06308121
77,1.21105075228126,0,0.06317734
77,1.21105075228126,1,0.06328076
77,1.21105075228126,2,0.06318806
77,1.21105075228126,3,0.0632413
77,1.21105075228126,4,0.06336319
77,1.21105075228126,5,0.06302971
77,1.21105075228126,6,0.0629596
77,1.21105075228126,7,0.06300184
77,1.21105075228126,8,0.06309733
77,1.21105075228126,9,0.06304586
77,1.21105075228126,10,0.06306056
77,1.21105075228126,11,0.06310699
77,1.21105075228126,12,0.06302291
77,1.21105075228126,13,0.06306493
77,1.21105075228126,14,0.06344713
77,1.21105075228126,15,0.06340799
77,1.21105075228126,16,0.06346256
77,1.21105075228126,17,0.06320475
77,1.21105075228126,18,0.06309932
77,1.21105075228126,19,0.06295121
77,1.21105075228126,20,0.06320772
77,1.21105075228126,21,0.06313053
77,1.21105075228126,22,0.06319828
77,1.21105075228126,23,0.06331616
78,1.22661519211402,0,0.06323847
78,1.22661519211402,1,0.06315115
78,1.22661519211402,2,0.06333331
78,1.22661519211402,3,0.06337077
78,1.22661519211402,4,0.06326999
78,1.22661519211402,5,0.06329362
78,1.22661519211402,6,0.06367482
78,1.22661519211402,7,0.06336479
78,1.22661519211402,8,0.0635475
78,1.22661519211402,9,0.06323756
78,1.22661519211402,10,0.0632486
78,1.22661519211402,11,0.06345776
78,1.22661519211402,12,0.06317373
78,1.22661519211402,13,0.0635177
78,1.22661519211402,14,0.06332305
78,1.22661519211402,15,0.0631153
78,1.22661519211402,16,0.06296147
78,1.22661519211402,17,0.06321443
78,1.22661519211402,18,0.06313998
78,1.22661519211402,19,0.0631262
78,1.22661519211402,20,0.06283378
78,1.22661519211402,21,0.0626451
78,1.22661519211402,22,0.06281123
78,1.22661519211402,23,0.06326142
79,1.24240852076785,0,0.06294309
79,1.24240852076785,1,0.06316762
79,1.24240852076785,2,0.06327464
79,1.24240852076785,3,0.06313819
79,1.24240852076785,4,0.06330694
79,1.24240852076785,5,0.06324768
79,1.24240852076785,6,0.06295075
79,1.24240852076785,7,0.06334855
79,1.24240852076785,8,0.06314007
79,1.24240852076785,9,0.06325375
79,1.24240852076785,10,0.06310124
79,1.24240852076785,11,0.06307392
79,1.24240852076785,12,0.06331963
79,1.24240852076785,13,0.06310108
79,1.24240852076785,14,0.06318235
79,1.24240852076785,15,0.06308938
79,1.24240852076785,16,0.06340795
79,1.24240852076785,17,0.06352387
79,1.24240852076785,18,0.06335608
79,1.24240852076785,19,0.06309344
79,1.24240852076785,20,0.06299568
79,1.24240852076785,21,0.06345069
79,1.24240852076785,22,0.06331268
79,1.24240852076785,23,0.06347647
80,1.2579729606006,0,0.06342304
80,1.2579729606006,1,0.06308756
80,1.2579729606006,2,0.06310563
80,1.2579729606006,3,0.06331182
80,1.2579729606006,4,0.06319289
80,1.2579729606006,5,0.06328705
80,1.2579729606006,6,0.06312519
80,1.2579729606006,7,0.06356274
80,1.2579729606006,8,0.06338368
80,1.2579729606006,9,0.06338737
80,1.2579729606006,10,0.0631464
80,1.2579729606006,11,0.06313112
80,1.2579729606006,12,0.06308705
80,1.2579729606006,13,0.06314535
80,1.2579729606006,14,0.0633417
80,1.2579729606006,15,0.06361502
80,1.2579729606006,16,0.06353094
80,1.2579729606006,17,0.06333404
80,1.2579729606006,18,0.06325239
80,1.2579729606006,19,0.06322433
80,1.2579729606006,20,0.06324737
80,1.2579729606006,21,0.06333464
80,1.2579729606006,22,0.06327679
80,1.2579729606006,23,0.06343892
81,1.27307962279122,0,0.06296996
81,1.27307962279122,1,0.06294628
81,1.27307962279122,2,0.06300353
81,1.27307962279122,3,0.06291626
81,1.27307962279122,4,0.06326561
81,1.27307962279122,5,0.06317131
81,1.27307962279122,6,0.06316425
81,1.27307962279122,7,0.06320772
81,1.27307962279122,8,0.06311333
81,1.27307962279122,9,0.0630747
81,1.27307962279122,10,0.06312738
81,1.27307962279122,11,0.06308893
81,1.27307962279122,12,0.06299207
81,1.27307962279122,13,0.06311424
81,1.27307962279122,14,0.06316443
81,1.27307962279122,15,0.06338395
81,1.27307962279122,16,0.0634772
81,1.27307962279122,17,0.06308573
81,1.27307962279122,18,0.06331921
81,1.27307962279122,19,0.06330663
81,1.27307962279122,20,0.06349645
81,1.27307962279122,21,0.0632673
81,1.27307962279122,22,0.06349741
81,1.27307962279122,23,0.06319048
82,1.28887295144505,0,0.06292643
82,1.28887295144505,1,0.06273811
82,1.28887295144505,2,0.06281996
82,1.28887295144505,3,0.06274828
82,1.28887295144505,4,0.06292355
82,1.28887295144505,5,0.06283409
82,1.28887295144505,6,0.06278715
82,1.28887295144505,7,0.06279814
82,1.28887295144505,8,0.06299459
82,1.28887295144505,9,0.06309704
82,1.28887295144505,10,0.062862
82,1.28887295144505,11,0.06292561
82,1.28887295144505,12,0.06279399
82,1.28887295144505,13,0.06315348
82,1.28887295144505,14,0.06287337
82,1.28887295144505,15,0.0630199
82,1.28887295144505,16,0.06321849
82,1.28887295144505,17,0.06341041
82,1.28887295144505,18,0.06322899
82,1.28887295144505,19,0.06330986
82,1.28887295144505,20,0.06345133
82,1.28887295144505,21,0.06340124
82,1.28887295144505,22,0.06345946
82,1.28887295144505,23,0.06334805
83,1.30443739127781,0,0.06316662
83,1.30443739127781,1,0.06287529
83,1.30443739127781,2,0.0628841
83,1.30443739127781,3,0.06316822
83,1.30443739127781,4,0.06341306
83,1.30443739127781,5,0.06360904
83,1.30443739127781,6,0.06328797
83,1.30443739127781,7,0.06331543
83,1.30443739127781,8,0.06307214
83,1.30443739127781,9,0.06359677
83,1.30443739127781,10,0.0637808
83,1.30443739127781,11,0.06366314
83,1.30443739127781,12,0.06331548
83,1.30443739127781,13,0.06345553
83,1.30443739127781,14,0.06332305
83,1.30443739127781,15,0.06383891
83,1.30443739127781,16,0.06346456
83,1.30443739127781,17,0.06345744
83,1.30443739127781,18,0.06322022
83,1.30443739127781,19,0.0634719
83,1.30443739127781,20,0.06324778
83,1.30443739127781,21,0.06339508
83,1.30443739127781,22,0.06324755
83,1.30443739127781,23,0.0632152
84,1.32000183111057,0,0.06376556
84,1.32000183111057,1,0.06328774
84,1.32000183111057,2,0.06349029
84,1.32000183111057,3,0.06328642
84,1.32000183111057,4,0.06344928
84,1.32000183111057,5,0.06305001
84,1.32000183111057,6,0.0629924
84,1.32000183111057,7,0.0635287
84,1.32000183111057,8,0.06359586
84,1.32000183111057,9,0.06357496
84,1.32000183111057,10,0.06368376
84,1.32000183111057,11,0.06357391
84,1.32000183111057,12,0.06341228
84,1.32000183111057,13,0.06351753
84,1.32000183111057,14,0.06363627
84,1.32000183111057,15,0.06327565
84,1.32000183111057,16,0.063261
84,1.32000183111057,17,0.06339426
84,1.32000183111057,18,0.06290199
84,1.32000183111057,19,0.06310024
84,1.32000183111057,20,0.06331684
84,1.32000183111057,21,0.06328692
84,1.32000183111057,22,0.06320082
84,1.32000183111057,23,0.06316579
85,1.33556627094333,0,0.06337104
85,1.33556627094333,1,0.06310914
85,1.33556627094333,2,0.06300407
85,1.33556627094333,3,0.06306046
85,1.33556627094333,4,0.0630511
85,1.33556627094333,5,0.06269934
85,1.33556627094333,6,0.06283948
85,1.33556627094333,7,0.06305075
85,1.33556627094333,8,0.06306507
85,1.33556627094333,9,0.06291918
85,1.33556627094333,10,0.06300128
85,1.33556627094333,11,0.06290936
85,1.33556627094333,12,0.06321137
85,1.33556627094333,13,0.06323346
85,1.33556627094333,14,0.06302416
85,1.33556627094333,15,0.06339613
85,1.33556627094333,16,0.06345503
85,1.33556627094333,17,0.06320156
85,1.33556627094333,18,0.06300034
85,1.33556627094333,19,0.06307597
85,1.33556627094333,20,0.06311917
85,1.33556627094333,21,0.06328961
85,1.33556627094333,22,0.06341237
85,1.33556627094333,23,0.06343682
86,1.35135959959716,0,0.0635314
86,1.35135959959716,1,0.0635496
86,1.35135959959716,2,0.06340211
86,1.35135959959716,3,0.06362555
86,1.35135959959716,4,0.06320709
86,1.35135959959716,5,0.0632189
86,1.35135959959716,6,0.063436
86,1.35135959959716,7,0.06361492
86,1.35135959959716,8,0.06343135
86,1.35135959959716,9,0.06356598
86,1.35135959959716,10,0.06349535
86,1.35135959959716,11,0.06347734
86,1.35135959959716,12,0.06370316
86,1.35135959959716,13,0.06310891
86,1.35135959959716,14,0.06347195
86,1.35135959959716,15,0.06372542
86,1.35135959959716,16,0.06330639
86,1.35135959959716,17,0.06317908
86,1.35135959959716,18,0.06326251
86,1.35135959959716,19,0.0632365
86,1.35135959959716,20,0.06329376
86,1.35135959959716,21,0.06338742
86,1.35135959959716,22,0.0633745
86,1.35135959959716,23,0.06346378
87,1.36738181707205,0,0.06324768
87,1.36738181707205,1,0.0636214
87,1.36738181707205,2,0.06345727
87,1.36738181707205,3,0.06342829
87,1.36738181707205,4,0.06350325
87,1.36738181707205,5,0.06363755
87,1.36738181707205,6,0.06349353
87,1.36738181707205,7,0.06341808
87,1.36738181707205,8,0.06344772
87,1.36738181707205,9,0.06345093
87,1.36738181707205,10,0.06336926
87,1.36738181707205,11,0.06323062
87,1.36738181707205,12,0.06334111
87,1.36738181707205,13,0.06323336
87,1.36738181707205,14,0.06299937
87,1.36738181707205,15,0.06350055
87,1.36738181707205,16,0.06330238
87,1.36738181707205,17,0.06319331
87,1.36738181707205,18,0.06351876
87,1.36738181707205,19,0.06331584
87,1.36738181707205,20,0.06335316
87,1.36738181707205,21,0.06315608
87,1.36738181707205,22,0.0631464
87,1.36738181707205,23,0.06313659
88,1.38363292336802,0,0.06327853
88,1.38363292336802,1,0.0634397
88,1.38363292336802,2,0.06351091
88,1.38363292336802,3,0.06322438
88,1.38363292336802,4,0.0632126
88,1.38363292336802,5,0.06361451
88,1.38363292336802,6,0.06347045
88,1.38363292336802,7,0.06338099
88,1.38363292336802,8,0.06336616
88,1.38363292336802,9,0.06357227
88,1.38363292336802,10,0.06362975
88,1.38363292336802,11,0.06367852
88,1.38363292336802,12,0.06369691
88,1.38363292336802,13,0.06321953
88,1.38363292336802,14,0.06353555
88,1.38363292336802,15,0.06341465
88,1.38363292336802,16,0.06340918
88,1.38363292336802,17,0.06329732
88,1.38363292336802,18,0.06352487
88,1.38363292336802,19,0.06384211
88,1.38363292336802,20,0.06350963
88,1.38363292336802,21,0.06363486
88,1.38363292336802,22,0.06333732
88,1.38363292336802,23,0.06349129
89,1.39988402966399,0,0.06332865
89,1.39988402966399,1,0.0633693
89,1.39988402966399,2,0.0631465
89,1.39988402966399,3,0.06342231
89,1.39988402966399,4,0.0632928
89,1.39988402966399,5,0.06331105
89,1.39988402966399,6,0.06315015
89,1.39988402966399,7,0.06292159
89,1.39988402966399,8,0.06314221
89,1.39988402966399,9,0.06353819
89,1.39988402966399,10,0.06355891
89,1.39988402966399,11,0.06328687
89,1.39988402966399,12,0.06313363
89,1.39988402966399,13,0.06300886
89,1.39988402966399,14,0.06336935
89,1.39988402966399,15,0.0634855
89,1.39988402966399,16,0.06330685
89,1.39988402966399,17,0.06314504
89,1.39988402966399,18,0.06332523
89,1.39988402966399,19,0.06309509
89,1.39988402966399,20,0.06325758
89,1.39988402966399,21,0.06331566
89,1.39988402966399,22,0.06326087
89,1.39988402966399,23,0.06345334
90,1.41613513595996,0,0.06354604
90,1.41613513595996,1,0.06344663
90,1.41613513595996,2,0.06324197
90,1.41613513595996,3,0.06324135
90,1.41613513595996,4,0.06346917
90,1.41613513595996,5,0.06344928
90,1.41613513595996,6,0.06354257
90,1.41613513595996,7,0.06385511
90,1.41613513595996,8,0.06358883
90,1.41613513595996,9,0.0634793
90,1.41613513595996,10,0.06366337
90,1.41613513595996,11,0.06328601
90,1.41613513595996,12,0.06335462
90,1.41613513595996,13,0.06355599
90,1.41613513595996,14,0.06337482
90,1.41613513595996,15,0.06371123
90,1.41613513595996,16,0.06354129
90,1.41613513595996,17,0.06353331
90,1.41613513595996,18,0.06344344
90,1.41613513595996,19,0.06371181
90,1.41613513595996,20,0.0635647
90,1.41613513595996,21,0.06385219
90,1.41613513595996,22,0.06339864
90,1.41613513595996,23,0.06374831
91,1.43192846461379,0,0.0632762
91,1.43192846461379,1,0.06370211
91,1.43192846461379,2,0.06346679
91,1.43192846461379,3,0.0636006
91,1.43192846461379,4,0.06355051
91,1.43192846461379,5,0.06345138
91,1.43192846461379,6,0.06318706
91,1.43192846461379,7,0.0634523
91,1.43192846461379,8,0.06326976
91,1.43192846461379,9,0.06327105
91,1.43192846461379,10,0.06341675
91,1.43192846461379,11,0.06352154
91,1.43192846461379,12,0.06344568
91,1.43192846461379,13,0.06349855
91,1.43192846461379,14,0.06332597
91,1.43192846461379,15,0.06350233
91,1.43192846461379,16,0.06347747
91,1.43192846461379,17,0.06358764
91,1.43192846461379,18,0.06353167
91,1.43192846461379,19,0.06369571
91,1.43192846461379,20,0.0636287
91,1.43192846461379,21,0.06367323
91,1.43192846461379,22,0.06371479
91,1.43192846461379,23,0.063661
92,1.44795068208869,0,0.06347556
92,1.44795068208869,1,0.06314299
92,1.44795068208869,2,0.06322574
92,1.44795068208869,3,0.06296863
92,1.44795068208869,4,0.06365507
92,1.44795068208869,5,0.06346041
92,1.44795068208869,6,0.06342752
92,1.44795068208869,7,0.06320343
92,1.44795068208869,8,0.06334837
92,1.44795068208869,9,0.06357049
92,1.44795068208869,10,0.06317428
92,1.44795068208869,11,0.06349937
92,1.44795068208869,12,0.06361579
92,1.44795068208869,13,0.06350202
92,1.44795068208869,14,0.06353135
92,1.44795068208869,15,0.06343609
92,1.44795068208869,16,0.06349759
92,1.44795068208869,17,0.06342418
92,1.44795068208869,18,0.06339098
92,1.44795068208869,19,0.06337273
92,1.44795068208869,20,0.06316269
92,1.44795068208869,21,0.06283505
92,1.44795068208869,22,0.06322857
92,1.44795068208869,23,0.06330986
93,1.46397289956359,0,0.06349741
93,1.46397289956359,1,0.06317611
93,1.46397289956359,2,0.06364129
93,1.46397289956359,3,0.0633548
93,1.46397289956359,4,0.06367195
93,1.46397289956359,5,0.06345312
93,1.46397289956359,6,0.06368537
93,1.46397289956359,7,0.06313659
93,1.46397289956359,8,0.06362209
93,1.46397289956359,9,0.0634663
93,1.46397289956359,10,0.06378572
93,1.46397289956359,11,0.06350311
93,1.46397289956359,12,0.06344344
93,1.46397289956359,13,0.06332652
93,1.46397289956359,14,0.06328893
93,1.46397289956359,15,0.06335931
93,1.46397289956359,16,0.06337328
93,1.46397289956359,17,0.06359284
93,1.46397289956359,18,0.06325809
93,1.46397289956359,19,0.06340028
93,1.46397289956359,20,0.06362875
93,1.46397289956359,21,0.06305189
93,1.46397289956359,22,0.06333988
93,1.46397289956359,23,0.06353039
94,1.47999511703848,0,0.06343651
94,1.47999511703848,1,0.06352962
94,1.47999511703848,2,0.06344107
94,1.47999511703848,3,0.06353636
94,1.47999511703848,4,0.06306324
94,1.47999511703848,5,0.0635256
94,1.47999511703848,6,0.06337012
94,1.47999511703848,7,0.06346429
94,1.47999511703848,8,0.06331261
94,1.47999511703848,9,0.06359471
94,1.47999511703848,10,0.06330211
94,1.47999511703848,11,0.06334632
94,1.47999511703848,12,0.06350356
94,1.47999511703848,13,0.06356657
94,1.47999511703848,14,0.06351447
94,1.47999511703848,15,0.06319987
94,1.47999511703848,16,0.0632689
94,1.47999511703848,17,0.06342816
94,1.47999511703848,18,0.06304596
94,1.47999511703848,19,0.06316333
94,1.47999511703848,20,0.06326963
94,1.47999511703848,21,0.06312224
94,1.47999511703848,22,0.06323377
94,1.47999511703848,23,0.06326466
95,1.49601733451338,0,0.06344011
95,1.49601733451338,1,0.0634599
95,1.49601733451338,2,0.06372295
95,1.49601733451338,3,0.06374449
95,1.49601733451338,4,0.0634043
95,1.49601733451338,5,0.06376579
95,1.49601733451338,6,0.06359476
95,1.49601733451338,7,0.06357451
95,1.49601733451338,8,0.06325426
95,1.49601733451338,9,0.0630559
95,1.49601733451338,10,0.06307711
95,1.49601733451338,11,0.0633809
95,1.49601733451338,12,0.06345201
95,1.49601733451338,13,0.06386551
95,1.49601733451338,14,0.06352624
95,1.49601733451338,15,0.06369371
95,1.49601733451338,16,0.06375416
95,1.49601733451338,17,0.06372938
95,1.49601733451338,18,0.06372724
95,1.49601733451338,19,0.06359572
95,1.49601733451338,20,0.06362204
95,1.49601733451338,21,0.06337907
95,1.49601733451338,22,0.06374175
95,1.49601733451338,23,0.06341434
96,1.51181066316721,0,0.06371187
96,1.51181066316721,1,0.06374499
96,1.51181066316721,2,0.0637444
96,1.51181066316721,3,0.06366634
96,1.51181066316721,4,0.06350457
96,1.51181066316721,5,0.0638449
96,1.51181066316721,6,0.06344955
96,1.51181066316721,7,0.06377542
96,1.51181066316721,8,0.06368718
96,1.51181066316721,9,0.06344408
96,1.51181066316721,10,0.06345548
96,1.51181066316721,11,0.06362916
96,1.51181066316721,12,0.06379681
96,1.51181066316721,13,0.06373034
96,1.51181066316721,14,0.06372441
96,1.51181066316721,15,0.0636391
96,1.51181066316721,16,0.06341758
96,1.51181066316721,17,0.06342117
96,1.51181066316721,18,0.06341133
96,1.51181066316721,19,0.06365256
96,1.51181066316721,20,0.06359298
96,1.51181066316721,21,0.06331379
96,1.51181066316721,22,0.06371967
96,1.51181066316721,23,0.06332884
97,1.52783288064211,0,0.06396104
97,1.52783288064211,1,0.06355575
97,1.52783288064211,2,0.06375197
97,1.52783288064211,3,0.06356903
97,1.52783288064211,4,0.0637303
97,1.52783288064211,5,0.06340648
97,1.52783288064211,6,0.06343436
97,1.52783288064211,7,0.06333491
97,1.52783288064211,8,0.06346329
97,1.52783288064211,9,0.06347017
97,1.52783288064211,10,0.06328975
97,1.52783288064211,11,0.06340411
97,1.52783288064211,12,0.06355352
97,1.52783288064211,13,0.06328814
97,1.52783288064211,14,0.06366721
97,1.52783288064211,15,0.06325955
97,1.52783288064211,16,0.06339029
97,1.52783288064211,17,0.06351981
97,1.52783288064211,18,0.06369618
97,1.52783288064211,19,0.06375749
97,1.52783288064211,20,0.06367898
97,1.52783288064211,21,0.06348044
97,1.52783288064211,22,0.0640464
97,1.52783288064211,23,0.06352556
98,1.54362620929594,0,0.06358094
98,1.54362620929594,1,0.06354002
98,1.54362620929594,2,0.06362387
98,1.54362620929594,3,0.06357998
98,1.54362620929594,4,0.06375767
98,1.54362620929594,5,0.06373892
98,1.54362620929594,6,0.06386602
98,1.54362620929594,7,0.06386788
98,1.54362620929594,8,0.06386784
98,1.54362620929594,9,0.06351323
98,1.54362620929594,10,0.06374745
98,1.54362620929594,11,0.06383495
98,1.54362620929594,12,0.06374229
98,1.54362620929594,13,0.06393787
98,1.54362620929594,14,0.06397117
98,1.54362620929594,15,0.06351443
98,1.54362620929594,16,0.06370306
98,1.54362620929594,17,0.06402706
98,1.54362620929594,18,0.06382154
98,1.54362620929594,19,0.06354421
98,1.54362620929594,20,0.06367989
98,1.54362620929594,21,0.06389092
98,1.54362620929594,22,0.06389005
98,1.54362620929594,23,0.06354476
99,1.55964842677084,0,0.06376638
99,1.55964842677084,1,0.06362546
99,1.55964842677084,2,0.06380083
99,1.55964842677084,3,0.06378035
99,1.55964842677084,4,0.06361219
99,1.55964842677084,5,0.06377975
99,1.55964842677084,6,0.06397714
99,1.55964842677084,7,0.06407472
99,1.55964842677084,8,0.06365731
99,1.55964842677084,9,0.06381611
99,1.55964842677084,10,0.06397847
99,1.55964842677084,11,0.06384134
99,1.55964842677084,12,0.06396246
99,1.55964842677084,13,0.06362514
99,1.55964842677084,14,0.06352661
99,1.55964842677084,15,0.06384234
99,1.55964842677084,16,0.0639073
99,1.55964842677084,17,0.06407358
99,1.55964842677084,18,0.06391027
99,1.55964842677084,19,0.0637766
99,1.55964842677084,20,0.06371926
99,1.55964842677084,21,0.06375749
99,1.55964842677084,22,0.06403549
99,1.55964842677084,23,0.06401118
100,1.57589953306681,0,0.06371615
100,1.57589953306681,1,0.06366515
100,1.57589953306681,2,0.06370288
100,1.57589953306681,3,0.06374393
100,1.57589953306681,4,0.06390612
100,1.57589953306681,5,0.06394626
100,1.57589953306681,6,0.06387181
100,1.57589953306681,7,0.0639369
100,1.57589953306681,8,0.06411291
100,1.57589953306681,9,0.06408672
100,1.57589953306681,10,0.0637553
100,1.57589953306681,11,0.06374034
100,1.57589953306681,12,0.0638557
100,1.57589953306681,13,0.06383426
100,1.57589953306681,14,0.06384549
100,1.57589953306681,15,0.06376775
100,1.57589953306681,16,0.06377272
100,1.57589953306681,17,0.06378436
100,1.57589953306681,18,0.06358591
100,1.57589953306681,19,0.06379535
100,1.57589953306681,20,0.06390616
100,1.57589953306681,21,0.06363577
100,1.57589953306681,22,0.0641141
100,1.57589953306681,23,0.06403563
101,1.5919217505417,0,0.06380028
101,1.5919217505417,1,0.06386784
101,1.5919217505417,2,0.06357359
101,1.5919217505417,3,0.06375356
101,1.5919217505417,4,0.0638636
101,1.5919217505417,5,0.06415059
101,1.5919217505417,6,0.06398007
101,1.5919217505417,7,0.06389128
101,1.5919217505417,8,0.06351753
101,1.5919217505417,9,0.06375261
101,1.5919217505417,10,0.06362136
101,1.5919217505417,11,0.0637318
101,1.5919217505417,12,0.06409475
101,1.5919217505417,13,0.06353851
101,1.5919217505417,14,0.06382828
101,1.5919217505417,15,0.06357117
101,1.5919217505417,16,0.06371232
101,1.5919217505417,17,0.0636189
101,1.5919217505417,18,0.06356903
101,1.5919217505417,19,0.06345243
101,1.5919217505417,20,0.06385566
101,1.5919217505417,21,0.06351516
101,1.5919217505417,22,0.06370092
101,1.5919217505417,23,0.06374234
102,1.6079439680166,0,0.06347834
102,1.6079439680166,1,0.06386788
102,1.6079439680166,2,0.06370173
102,1.6079439680166,3,0.06353354
102,1.6079439680166,4,0.06378467
102,1.6079439680166,5,0.06356378
102,1.6079439680166,6,0.06364992
102,1.6079439680166,7,0.06351351
102,1.6079439680166,8,0.06335019
102,1.6079439680166,9,0.06331968
102,1.6079439680166,10,0.0631944
102,1.6079439680166,11,0.06334061
102,1.6079439680166,12,0.06350352
102,1.6079439680166,13,0.06357359
102,1.6079439680166,14,0.06349126
102,1.6079439680166,15,0.06359978
102,1.6079439680166,16,0.06353956
102,1.6079439680166,17,0.06349143
102,1.6079439680166,18,0.0637277
102,1.6079439680166,19,0.06345553
102,1.6079439680166,20,0.06361077
102,1.6079439680166,21,0.06364631
102,1.6079439680166,22,0.06367035
102,1.6079439680166,23,0.06348322
103,1.6239661854915,0,0.06358901
103,1.6239661854915,1,0.06360397
103,1.6239661854915,2,0.06358979
103,1.6239661854915,3,0.06329176
103,1.6239661854915,4,0.0636584
103,1.6239661854915,5,0.06345639
103,1.6239661854915,6,0.06373121
103,1.6239661854915,7,0.06350476
103,1.6239661854915,8,0.06368838
103,1.6239661854915,9,0.06359664
103,1.6239661854915,10,0.06367117
103,1.6239661854915,11,0.0635839
103,1.6239661854915,12,0.06351255
103,1.6239661854915,13,0.06346739
103,1.6239661854915,14,0.06367181
103,1.6239661854915,15,0.06375977
103,1.6239661854915,16,0.06406058
103,1.6239661854915,17,0.06374571
103,1.6239661854915,18,0.06331958
103,1.6239661854915,19,0.06359079
103,1.6239661854915,20,0.06334892
103,1.6239661854915,21,0.06333373
103,1.6239661854915,22,0.06290685
103,1.6239661854915,23,0.06353714
104,1.64021729178747,0,0.06342135
104,1.64021729178747,1,0.06356063
104,1.64021729178747,2,0.06328127
104,1.64021729178747,3,0.06349686
104,1.64021729178747,4,0.06358103
104,1.64021729178747,5,0.0634803
104,1.64021729178747,6,0.06344928
104,1.64021729178747,7,0.06366712
104,1.64021729178747,8,0.06368481
104,1.64021729178747,9,0.06354886
104,1.64021729178747,10,0.06366159
104,1.64021729178747,11,0.06361511
104,1.64021729178747,12,0.06395123
104,1.64021729178747,13,0.06374247
104,1.64021729178747,14,0.06356675
104,1.64021729178747,15,0.06381675
104,1.64021729178747,16,0.0633402
104,1.64021729178747,17,0.06347952
104,1.64021729178747,18,0.06340717
104,1.64021729178747,19,0.06346465
104,1.64021729178747,20,0.06329467
104,1.64021729178747,21,0.06365535
104,1.64021729178747,22,0.06360926
104,1.64021729178747,23,0.06378052
105,1.65623950926237,0,0.06351456
105,1.65623950926237,1,0.06362642
105,1.65623950926237,2,0.06358254
105,1.65623950926237,3,0.06340612
105,1.65623950926237,4,0.06357168
105,1.65623950926237,5,0.06361064
105,1.65623950926237,6,0.06342328
105,1.65623950926237,7,0.06359047
105,1.65623950926237,8,0.06364061
105,1.65623950926237,9,0.06343162
105,1.65623950926237,10,0.06337295
105,1.65623950926237,11,0.06360959
105,1.65623950926237,12,0.0634611
105,1.65623950926237,13,0.06356465
105,1.65623950926237,14,0.06340599
105,1.65623950926237,15,0.06358787
105,1.65623950926237,16,0.06362528
105,1.65623950926237,17,0.06386839
105,1.65623950926237,18,0.06358025
105,1.65623950926237,19,0.06350238
105,1.65623950926237,20,0.06373052
105,1.65623950926237,21,0.06353395
105,1.65623950926237,22,0.06352163
105,1.65623950926237,23,0.06349741
106,1.67226172673727,0,0.06340347
106,1.67226172673727,1,0.06338897
106,1.67226172673727,2,0.06342391
106,1.67226172673727,3,0.0633731
106,1.67226172673727,4,0.06361794
106,1.67226172673727,5,0.06333308
106,1.67226172673727,6,0.063384
106,1.67226172673727,7,0.06354161
106,1.67226172673727,8,0.06376748
106,1.67226172673727,9,0.06341337
106,1.67226172673727,10,0.06390288
106,1.67226172673727,11,0.06389727
106,1.67226172673727,12,0.06365019
106,1.67226172673727,13,0.06377861
106,1.67226172673727,14,0.06370721
106,1.67226172673727,15,0.06340826
106,1.67226172673727,16,0.06349038
106,1.67226172673727,17,0.06397656
106,1.67226172673727,18,0.06356903
106,1.67226172673727,19,0.06370958
106,1.67226172673727,20,0.06374457
106,1.67226172673727,21,0.06375179
106,1.67226172673727,22,0.06378057
106,1.67226172673727,23,0.06339563
107,1.68782616657002,0,0.06374056
107,1.68782616657002,1,0.06370425
107,1.68782616657002,2,0.06348737
107,1.68782616657002,3,0.06369631
107,1.68782616657002,4,0.06329385
107,1.68782616657002,5,0.06365097
107,1.68782616657002,6,0.06376725
107,1.68782616657002,7,0.06346926
107,1.68782616657002,8,0.06370005
107,1.68782616657002,9,0.06394229
107,1.68782616657002,10,0.06338204
107,1.68782616657002,11,0.0635526
107,1.68782616657002,12,0.06344107
107,1.68782616657002,13,0.06370835
107,1.68782616657002,14,0.06405337
107,1.68782616657002,15,0.06385028
107,1.68782616657002,16,0.06384106
107,1.68782616657002,17,0.06395352
107,1.68782616657002,18,0.064075
107,1.68782616657002,19,0.06400529
107,1.68782616657002,20,0.06368436
107,1.68782616657002,21,0.06371437
107,1.68782616657002,22,0.06325672
107,1.68782616657002,23,0.06334677
108,1.70339060640278,0,0.06409065
108,1.70339060640278,1,0.06416491
108,1.70339060640278,2,0.0636991
108,1.70339060640278,3,0.06372934
108,1.70339060640278,4,0.06387386
108,1.70339060640278,5,0.06404079
108,1.70339060640278,6,0.06407373
108,1.70339060640278,7,0.06398153
108,1.70339060640278,8,0.06371921
108,1.70339060640278,9,0.06369749
108,1.70339060640278,10,0.06385548
108,1.70339060640278,11,0.06381127
108,1.70339060640278,12,0.06383955
108,1.70339060640278,13,0.06362332
108,1.70339060640278,14,0.06411953
108,1.70339060640278,15,0.06394987
108,1.70339060640278,16,0.06384727
108,1.70339060640278,17,0.06408467
108,1.70339060640278,18,0.06380215
108,1.70339060640278,19,0.06398823
108,1.70339060640278,20,0.06393905
108,1.70339060640278,21,0.06378568
108,1.70339060640278,22,0.0637641
108,1.70339060640278,23,0.06368385
109,1.71918393505661,0,0.06362391
109,1.71918393505661,1,0.0634996
109,1.71918393505661,2,0.06366424
109,1.71918393505661,3,0.06380767
109,1.71918393505661,4,0.06377327
109,1.71918393505661,5,0.06381159
109,1.71918393505661,6,0.06392618
109,1.71918393505661,7,0.06376971
109,1.71918393505661,8,0.06382254
109,1.71918393505661,9,0.06385653
109,1.71918393505661,10,0.06365895
109,1.71918393505661,11,0.0638959
109,1.71918393505661,12,0.06359106
109,1.71918393505661,13,0.06353646
109,1.71918393505661,14,0.06364553
109,1.71918393505661,15,0.06377364
109,1.71918393505661,16,0.06399818
109,1.71918393505661,17,0.06411989
109,1.71918393505661,18,0.06369431
109,1.71918393505661,19,0.06359362
109,1.71918393505661,20,0.06405593
109,1.71918393505661,21,0.06381433
109,1.71918393505661,22,0.06359307
109,1.71918393505661,23,0.06356274
110,1.73497726371044,0,0.06357016
110,1.73497726371044,1,0.06377295
110,1.73497726371044,2,0.06377925
110,1.73497726371044,3,0.0637662
110,1.73497726371044,4,0.06334399
110,1.73497726371044,5,0.06353687
110,1.73497726371044,6,0.0634543
110,1.73497726371044,7,0.06345849
110,1.73497726371044,8,0.06360717
110,1.73497726371044,9,0.06401724
110,1.73497726371044,10,0.06359426
110,1.73497726371044,11,0.06308582
110,1.73497726371044,12,0.06321392
110,1.73497726371044,13,0.06317323
110,1.73497726371044,14,0.06349339
110,1.73497726371044,15,0.06329572
110,1.73497726371044,16,0.06333482
110,1.73497726371044,17,0.06391551
110,1.73497726371044,18,0.06355421
110,1.73497726371044,19,0.06338929
110,1.73497726371044,20,0.06317765
110,1.73497726371044,21,0.0636642
110,1.73497726371044,22,0.06342638
110,1.73497726371044,23,0.06333281
111,1.75099948118534,0,0.06379969
111,1.75099948118534,1,0.06377642
111,1.75099948118534,2,0.06393541
111,1.75099948118534,3,0.0640755
111,1.75099948118534,4,0.06372738
111,1.75099948118534,5,0.0639042
111,1.75099948118534,6,0.06385698
111,1.75099948118534,7,0.06393126
111,1.75099948118534,8,0.0636412
111,1.75099948118534,9,0.06365561
111,1.75099948118534,10,0.06341173
111,1.75099948118534,11,0.06387245
111,1.75099948118534,12,0.06373326
111,1.75099948118534,13,0.06381638
111,1.75099948118534,14,0.06383203
111,1.75099948118534,15,0.06340662
111,1.75099948118534,16,0.06368591
111,1.75099948118534,17,0.06344536
111,1.75099948118534,18,0.06383545
111,1.75099948118534,19,0.06365452
111,1.75099948118534,20,0.0638594
111,1.75099948118534,21,0.0635396
111,1.75099948118534,22,0.06383997
111,1.75099948118534,23,0.06382218
112,1.7665639210181,0,0.06346416
112,1.7665639210181,1,0.06346862
112,1.7665639210181,2,0.06353408
112,1.7665639210181,3,0.06344312
112,1.7665639210181,4,0.06353381
112,1.7665639210181,5,0.06349563
112,1.7665639210181,6,0.06368011
112,1.7665639210181,7,0.06328569
112,1.7665639210181,8,0.06344828
112,1.7665639210181,9,0.06332875
112,1.7665639210181,10,0.06319231
112,1.7665639210181,11,0.06343098
112,1.7665639210181,12,0.06321214
112,1.7665639210181,13,0.06346986
112,1.7665639210181,14,0.06341694
112,1.7665639210181,15,0.06330224
112,1.7665639210181,16,0.0634485
112,1.7665639210181,17,0.06361839
112,1.7665639210181,18,0.06327351
112,1.7665639210181,19,0.06340703
112,1.7665639210181,20,0.06348824
112,1.7665639210181,21,0.06338121
112,1.7665639210181,22,0.06334303
112,1.7665639210181,23,0.06321575
113,1.78235724967193,0,0.06340206
113,1.78235724967193,1,0.06339818
113,1.78235724967193,2,0.06330764
113,1.78235724967193,3,0.06351762
113,1.78235724967193,4,0.06340279
113,1.78235724967193,5,0.06343833
113,1.78235724967193,6,0.06331169
113,1.78235724967193,7,0.06356173
113,1.78235724967193,8,0.06349239
113,1.78235724967193,9,0.06338144
113,1.78235724967193,10,0.06332657
113,1.78235724967193,11,0.06342892
113,1.78235724967193,12,0.0633356
113,1.78235724967193,13,0.06300763
113,1.78235724967193,14,0.0633902
113,1.78235724967193,15,0.06374558
113,1.78235724967193,16,0.06323437
113,1.78235724967193,17,0.06338806
113,1.78235724967193,18,0.06327844
113,1.78235724967193,19,0.06318678
113,1.78235724967193,20,0.06340946
113,1.78235724967193,21,0.06341114
113,1.78235724967193,22,0.06332392
113,1.78235724967193,23,0.06367008
114,1.79815057832575,0,0.0635455
114,1.79815057832575,1,0.06359143
114,1.79815057832575,2,0.06359901
114,1.79815057832575,3,0.06356547
114,1.79815057832575,4,0.06344741
114,1.79815057832575,5,0.0632548
114,1.79815057832575,6,0.06341995
114,1.79815057832575,7,0.06318308
114,1.79815057832575,8,0.06334258
114,1.79815057832575,9,0.06342341
114,1.79815057832575,10,0.06333373
114,1.79815057832575,11,0.06336594
114,1.79815057832575,12,0.06345306
114,1.79815057832575,13,0.06359576
114,1.79815057832575,14,0.06348938
114,1.79815057832575,15,0.06336607
114,1.79815057832575,16,0.063862
114,1.79815057832575,17,0.06372624
114,1.79815057832575,18,0.06349708
114,1.79815057832575,19,0.06347939
114,1.79815057832575,20,0.06369256
114,1.79815057832575,21,0.06367879
114,1.79815057832575,22,0.06347346
114,1.79815057832575,23,0.06369969
115,1.81417279580065,0,0.06338496
115,1.81417279580065,1,0.06322027
115,1.81417279580065,2,0.0634063
115,1.81417279580065,3,0.06329486
115,1.81417279580065,4,0.06314544
115,1.81417279580065,5,0.06352615
115,1.81417279580065,6,0.06292516
115,1.81417279580065,7,0.06289335
115,1.81417279580065,8,0.06296393
115,1.81417279580065,9,0.06305084
115,1.81417279580065,10,0.06327387
115,1.81417279580065,11,0.06326885
115,1.81417279580065,12,0.06326511
115,1.81417279580065,13,0.06328322
115,1.81417279580065,14,0.06308824
115,1.81417279580065,15,0.06320836
115,1.81417279580065,16,0.06327815
115,1.81417279580065,17,0.06343878
115,1.81417279580065,18,0.06311461
115,1.81417279580065,19,0.0635132
115,1.81417279580065,20,0.06328505
115,1.81417279580065,21,0.06305289
115,1.81417279580065,22,0.06334777
115,1.81417279580065,23,0.06345981
116,1.83019501327555,0,0.06387915
116,1.83019501327555,1,0.06361899
116,1.83019501327555,2,0.06358272
116,1.83019501327555,3,0.06348655
116,1.83019501327555,4,0.06313724
116,1.83019501327555,5,0.06340599
116,1.83019501327555,6,0.06315827
116,1.83019501327555,7,0.06313834
116,1.83019501327555,8,0.06320832
116,1.83019501327555,9,0.06324956
116,1.83019501327555,10,0.06363112
116,1.83019501327555,11,0.06358595
116,1.83019501327555,12,0.0633949
116,1.83019501327555,13,0.06329517
116,1.83019501327555,14,0.06326182
116,1.83019501327555,15,0.06293191
116,1.83019501327555,16,0.06325525
116,1.83019501327555,17,0.06360662
116,1.83019501327555,18,0.06338769
116,1.83019501327555,19,0.0634793
116,1.83019501327555,20,0.06350338
116,1.83019501327555,21,0.06310002
116,1.83019501327555,22,0.06331205
116,1.83019501327555,23,0.06394051
117,1.84621723075045,0,0.06320781
117,1.84621723075045,1,0.06333195
117,1.84621723075045,2,0.06354809
117,1.84621723075045,3,0.06342597
117,1.84621723075045,4,0.06339453
117,1.84621723075045,5,0.06326105
117,1.84621723075045,6,0.06277497
117,1.84621723075045,7,0.06308496
117,1.84621723075045,8,0.06306197
117,1.84621723075045,9,0.06341817
117,1.84621723075045,10,0.06349558
117,1.84621723075045,11,0.06320749
117,1.84621723075045,12,0.06346247
117,1.84621723075045,13,0.06319705
117,1.84621723075045,14,0.06326931
117,1.84621723075045,15,0.06330202
117,1.84621723075045,16,0.06325485
117,1.84621723075045,17,0.06323582
117,1.84621723075045,18,0.06329787
117,1.84621723075045,19,0.06358664
117,1.84621723075045,20,0.06369472
117,1.84621723075045,21,0.06352232
117,1.84621723075045,22,0.06370621
117,1.84621723075045,23,0.06355266
118,1.86178167058321,0,0.06339814
118,1.86178167058321,1,0.06345211
118,1.86178167058321,2,0.06351173
118,1.86178167058321,3,0.06332715
118,1.86178167058321,4,0.06313109
118,1.86178167058321,5,0.06360092
118,1.86178167058321,6,0.06319025
118,1.86178167058321,7,0.06322578
118,1.86178167058321,8,0.06365415
118,1.86178167058321,9,0.0631778
118,1.86178167058321,10,0.06313916
118,1.86178167058321,11,0.0630841
118,1.86178167058321,12,0.06288651
118,1.86178167058321,13,0.06322721
118,1.86178167058321,14,0.06293228
118,1.86178167058321,15,0.0634027
118,1.86178167058321,16,0.06320348
118,1.86178167058321,17,0.06318961
118,1.86178167058321,18,0.06311183
118,1.86178167058321,19,0.06323564
118,1.86178167058321,20,0.06324577
118,1.86178167058321,21,0.0634063
118,1.86178167058321,22,0.06329434
118,1.86178167058321,23,0.06338496
119,1.87757499923704,0,0.06348432
119,1.87757499923704,1,0.06337113
119,1.87757499923704,2,0.06333318
119,1.87757499923704,3,0.06330764
119,1.87757499923704,4,0.06331351
119,1.87757499923704,5,0.06348149
119,1.87757499923704,6,0.06344435
119,1.87757499923704,7,0.06352364
119,1.87757499923704,8,0.06332675
119,1.87757499923704,9,0.06343637
119,1.87757499923704,10,0.06323167
119,1.87757499923704,11,0.06371301
119,1.87757499923704,12,0.06357524
119,1.87757499923704,13,0.06348664
119,1.87757499923704,14,0.06342427
119,1.87757499923704,15,0.06316817
119,1.87757499923704,16,0.06328455
119,1.87757499923704,17,0.06353828
119,1.87757499923704,18,0.06344321
119,1.87757499923704,19,0.06349719
119,1.87757499923704,20,0.06352825
119,1.87757499923704,21,0.06339121
119,1.87757499923704,22,0.06301981
119,1.87757499923704,23,0.0634262
120,1.89336832789087,0,0.0633579
120,1.89336832789087,1,0.06350954
120,1.89336832789087,2,0.06363518
120,1.89336832789087,3,0.06350407
120,1.89336832789087,4,0.06364471
120,1.89336832789087,5,0.06355567
120,1.89336832789087,6,0.06353842
120,1.89336832789087,7,0.06330589
120,1.89336832789087,8,0.06334453
120,1.89336832789087,9,0.06371022
120,1.89336832789087,10,0.06349376
120,1.89336832789087,11,0.06337236
120,1.89336832789087,12,0.06365398
120,1.89336832789087,13,0.06351662
120,1.89336832789087,14,0.06312356
120,1.89336832789087,15,0.06326388
120,1.89336832789087,16,0.06322825
120,1.89336832789087,17,0.0633433
120,1.89336832789087,18,0.06322712
120,1.89336832789087,19,0.0631381
120,1.89336832789087,20,0.06305699
120,1.89336832789087,21,0.06300772
120,1.89336832789087,22,0.06316055
120,1.89336832789087,23,0.06319532
121,1.90939054536576,0,0.0635969
121,1.90939054536576,1,0.06344613
121,1.90939054536576,2,0.06349025
121,1.90939054536576,3,0.06345648
121,1.90939054536576,4,0.06355434
121,1.90939054536576,5,0.0632345
121,1.90939054536576,6,0.06350489
121,1.90939054536576,7,0.06344965
121,1.90939054536576,8,0.06351251
121,1.90939054536576,9,0.06344645
121,1.90939054536576,10,0.06326137
121,1.90939054536576,11,0.06323733
121,1.90939054536576,12,0.06352359
121,1.90939054536576,13,0.0631282
121,1.90939054536576,14,0.06326762
121,1.90939054536576,15,0.06345826
121,1.90939054536576,16,0.06287433
121,1.90939054536576,17,0.0632684
121,1.90939054536576,18,0.06337209
121,1.90939054536576,19,0.06325544
121,1.90939054536576,20,0.06329568
121,1.90939054536576,21,0.06357902
121,1.90939054536576,22,0.06340024
121,1.90939054536576,23,0.06357578
122,1.92449720755638,0,0.06347743
122,1.92449720755638,1,0.06334385
122,1.92449720755638,2,0.06312484
122,1.92449720755638,3,0.06342258
122,1.92449720755638,4,0.06335494
122,1.92449720755638,5,0.06320444
122,1.92449720755638,6,0.06326698
122,1.92449720755638,7,0.06338222
122,1.92449720755638,8,0.06320955
122,1.92449720755638,9,0.06313276
122,1.92449720755638,10,0.06342519
122,1.92449720755638,11,0.06304992
122,1.92449720755638,12,0.06351693
122,1.92449720755638,13,0.06338955
122,1.92449720755638,14,0.06361743
122,1.92449720755638,15,0.06364234
122,1.92449720755638,16,0.06304245
122,1.92449720755638,17,0.06311616
122,1.92449720755638,18,0.06313715
122,1.92449720755638,19,0.06326165
122,1.92449720755638,20,0.06346232
122,1.92449720755638,21,0.06330065
122,1.92449720755638,22,0.06348956
122,1.92449720755638,23,0.06347829
123,1.93937498092593,0,0.06355868
123,1.93937498092593,1,0.06314092
123,1.93937498092593,2,0.06350753
123,1.93937498092593,3,0.06335015
123,1.93937498092593,4,0.06351876
123,1.93937498092593,5,0.06346834
123,1.93937498092593,6,0.06373135
123,1.93937498092593,7,0.06323022
123,1.93937498092593,8,0.0631173
123,1.93937498092593,9,0.06338733
123,1.93937498092593,10,0.06353655
123,1.93937498092593,11,0.06343112
123,1.93937498092593,12,0.06345604
123,1.93937498092593,13,0.06346853
123,1.93937498092593,14,0.06367523
123,1.93937498092593,15,0.06368901
123,1.93937498092593,16,0.06310321
123,1.93937498092593,17,0.06319696
123,1.93937498092593,18,0.06349248
123,1.93937498092593,19,0.06396305
123,1.93937498092593,20,0.06358618
123,1.93937498092593,21,0.06376241
123,1.93937498092593,22,0.06363778
123,1.93937498092593,23,0.06355584
124,1.95493942075869,0,0.06332889
124,1.95493942075869,1,0.06354664
124,1.95493942075869,2,0.06357391
124,1.95493942075869,3,0.06355147
124,1.95493942075869,4,0.06373463
124,1.95493942075869,5,0.06370671
124,1.95493942075869,6,0.06388696
124,1.95493942075869,7,0.063987
124,1.95493942075869,8,0.06369923
124,1.95493942075869,9,0.06368107
124,1.95493942075869,10,0.06361379
124,1.95493942075869,11,0.06361702
124,1.95493942075869,12,0.06381173
124,1.95493942075869,13,0.06340462
124,1.95493942075869,14,0.06386487
124,1.95493942075869,15,0.06360635
124,1.95493942075869,16,0.0633433
124,1.95493942075869,17,0.06346438
124,1.95493942075869,18,0.06377628
124,1.95493942075869,19,0.06356484
124,1.95493942075869,20,0.06353988
124,1.95493942075869,21,0.0634543
124,1.95493942075869,22,0.06329162
124,1.95493942075869,23,0.06332223
125,1.97050386059145,0,0.0634996
125,1.97050386059145,1,0.06330823
125,1.97050386059145,2,0.06317547
125,1.97050386059145,3,0.06342851
125,1.97050386059145,4,0.06331465
125,1.97050386059145,5,0.06325107
125,1.97050386059145,6,0.06317241
125,1.97050386059145,7,0.06331917
125,1.97050386059145,8,0.06350147
125,1.97050386059145,9,0.06352879
125,1.97050386059145,10,0.06351971
125,1.97050386059145,11,0.06358372
125,1.97050386059145,12,0.06379754
125,1.97050386059145,13,0.06380165
125,1.97050386059145,14,0.06373216
125,1.97050386059145,15,0.06340316
125,1.97050386059145,16,0.06341091
125,1.97050386059145,17,0.06350461
125,1.97050386059145,18,0.06327761
125,1.97050386059145,19,0.06339841
125,1.97050386059145,20,0.06372122
125,1.97050386059145,21,0.06329586
125,1.97050386059145,22,0.06358591
125,1.97050386059145,23,0.06351255
126,1.98606830042421,0,0.06328751
126,1.98606830042421,1,0.06355466
126,1.98606830042421,2,0.0636048
126,1.98606830042421,3,0.0632621
126,1.98606830042421,4,0.06352127
126,1.98606830042421,5,0.06313724
126,1.98606830042421,6,0.06347204
126,1.98606830042421,7,0.06366492
126,1.98606830042421,8,0.06341342
126,1.98606830042421,9,0.06331056
126,1.98606830042421,10,0.06362893
126,1.98606830042421,11,0.06322451
126,1.98606830042421,12,0.06292451
126,1.98606830042421,13,0.06317661
126,1.98606830042421,14,0.06317168
126,1.98606830042421,15,0.06322469
126,1.98606830042421,16,0.06295982
126,1.98606830042421,17,0.06344873
126,1.98606830042421,18,0.06313851
126,1.98606830042421,19,0.06318131
126,1.98606830042421,20,0.06340408
126,1.98606830042421,21,0.06346529
126,1.98606830042421,22,0.06355863
126,1.98606830042421,23,0.06354554
127,2.00186162907804,0,0.06368518
127,2.00186162907804,1,0.06340129
127,2.00186162907804,2,0.06358595
127,2.00186162907804,3,0.06361702
127,2.00186162907804,4,0.06355535
127,2.00186162907804,5,0.06370708
127,2.00186162907804,6,0.06366424
127,2.00186162907804,7,0.06347287
127,2.00186162907804,8,0.06363145
127,2.00186162907804,9,0.06340612
127,2.00186162907804,10,0.06339225
127,2.00186162907804,11,0.0636777
127,2.00186162907804,12,0.06352679
127,2.00186162907804,13,0.06344317
127,2.00186162907804,14,0.06324057
127,2.00186162907804,15,0.06365766
127,2.00186162907804,16,0.06340653
127,2.00186162907804,17,0.06337907
127,2.00186162907804,18,0.06364609
127,2.00186162907804,19,0.06354649
127,2.00186162907804,20,0.06327177
127,2.00186162907804,21,0.06327875
127,2.00186162907804,22,0.06327295
127,2.00186162907804,23,0.0634944
128,2.01719718008972,0,0.06348888
128,2.01719718008972,1,0.06373481
128,2.01719718008972,2,0.06390192
128,2.01719718008972,3,0.06373915
128,2.01719718008972,4,0.06368039
128,2.01719718008972,5,0.0637282
128,2.01719718008972,6,0.06363395
128,2.01719718008972,7,0.06370119
128,2.01719718008972,8,0.06367209
128,2.01719718008972,9,0.06364316
128,2.01719718008972,10,0.06380388
128,2.01719718008972,11,0.06337925
128,2.01719718008972,12,0.06368718
128,2.01719718008972,13,0.06370411
128,2.01719718008972,14,0.06373746
128,2.01719718008972,15,0.06378527
128,2.01719718008972,16,0.06380224
128,2.01719718008972,17,0.06405813
128,2.01719718008972,18,0.06369805
128,2.01719718008972,19,0.06398664
128,2.01719718008972,20,0.06376419
128,2.01719718008972,21,0.06387582
128,2.01719718008972,22,0.06373226
128,2.01719718008972,23,0.06371314
129,2.03299050874355,0,0.06373952
129,2.03299050874355,1,0.06412505
129,2.03299050874355,2,0.06388089
129,2.03299050874355,3,0.06392573
129,2.03299050874355,4,0.06372998
129,2.03299050874355,5,0.0635688
129,2.03299050874355,6,0.06384932
129,2.03299050874355,7,0.06365443
129,2.03299050874355,8,0.06360192
129,2.03299050874355,9,0.06368449
129,2.03299050874355,10,0.06374763
129,2.03299050874355,11,0.06369025
129,2.03299050874355,12,0.06389685
129,2.03299050874355,13,0.06366999
129,2.03299050874355,14,0.06370338
129,2.03299050874355,15,0.06392514
129,2.03299050874355,16,0.06412528
129,2.03299050874355,17,0.06381401
129,2.03299050874355,18,0.06378052
129,2.03299050874355,19,0.06348144
129,2.03299050874355,20,0.06352181
129,2.03299050874355,21,0.06365211
129,2.03299050874355,22,0.06376324
129,2.03299050874355,23,0.06371451
130,2.04878383739738,0,0.06364371
130,2.04878383739738,1,0.06363709
130,2.04878383739738,2,0.06373221
130,2.04878383739738,3,0.06352049
130,2.04878383739738,4,0.06367569
130,2.04878383739738,5,0.06399297
130,2.04878383739738,6,0.06343792
130,2.04878383739738,7,0.06355968
130,2.04878383739738,8,0.06336479
130,2.04878383739738,9,0.06373955
130,2.04878383739738,10,0.0636724
130,2.04878383739738,11,0.06369627
130,2.04878383739738,12,0.0632356
130,2.04878383739738,13,0.06343149
130,2.04878383739738,14,0.06335599
130,2.04878383739738,15,0.06380744
130,2.04878383739738,16,0.06340946
130,2.04878383739738,17,0.06344011
130,2.04878383739738,18,0.06349043
130,2.04878383739738,19,0.06378431
130,2.04878383739738,20,0.06355726
130,2.04878383739738,21,0.06330161
130,2.04878383739738,22,0.06356173
130,2.04878383739738,23,0.06356332
131,2.06457716605121,0,0.06337889
131,2.06457716605121,1,0.06377829
131,2.06457716605121,2,0.0635954
131,2.06457716605121,3,0.06356962
131,2.06457716605121,4,0.06367975
131,2.06457716605121,5,0.06367136
131,2.06457716605121,6,0.06383663
131,2.06457716605121,7,0.06342556
131,2.06457716605121,8,0.06362715
131,2.06457716605121,9,0.06378244
131,2.06457716605121,10,0.06384845
131,2.06457716605121,11,0.06382418
131,2.06457716605121,12,0.06375229
131,2.06457716605121,13,0.06398331
131,2.06457716605121,14,0.06352469
131,2.06457716605121,15,0.06358176
131,2.06457716605121,16,0.06349636
131,2.06457716605121,17,0.06388495
131,2.06457716605121,18,0.06365954
131,2.06457716605121,19,0.0635418
131,2.06457716605121,20,0.06336502
131,2.06457716605121,21,0.06387473
131,2.06457716605121,22,0.06403536
131,2.06457716605121,23,0.06352879
132,2.08037049470504,0,0.06356023
132,2.08037049470504,1,0.06383272
132,2.08037049470504,2,0.06356579
132,2.08037049470504,3,0.06365293
132,2.08037049470504,4,0.06361073
132,2.08037049470504,5,0.0636038
132,2.08037049470504,6,0.06367323
132,2.08037049470504,7,0.06361784
132,2.08037049470504,8,0.06363942
132,2.08037049470504,9,0.06373632
132,2.08037049470504,10,0.06371711
132,2.08037049470504,11,0.06376675
132,2.08037049470504,12,0.06377117
132,2.08037049470504,13,0.06406971
132,2.08037049470504,14,0.06391163
132,2.08037049470504,15,0.0637724
132,2.08037049470504,16,0.06368686
132,2.08037049470504,17,0.06391027
132,2.08037049470504,18,0.0641156
132,2.08037049470504,19,0.06397418
132,2.08037049470504,20,0.06384084
132,2.08037049470504,21,0.06406546
132,2.08037049470504,22,0.0639536
132,2.08037049470504,23,0.06364759
133,2.09639271217994,0,0.06405597
133,2.09639271217994,1,0.06390169
133,2.09639271217994,2,0.06379206
133,2.09639271217994,3,0.06387131
133,2.09639271217994,4,0.06408299
133,2.09639271217994,5,0.06411866
133,2.09639271217994,6,0.06393919
133,2.09639271217994,7,0.063961
133,2.09639271217994,8,0.06385178
133,2.09639271217994,9,0.06393513
133,2.09639271217994,10,0.06419959
133,2.09639271217994,11,0.06372783
133,2.09639271217994,12,0.06396232
133,2.09639271217994,13,0.06406222
133,2.09639271217994,14,0.06405648
133,2.09639271217994,15,0.06389389
133,2.09639271217994,16,0.06389508
133,2.09639271217994,17,0.06381392
133,2.09639271217994,18,0.06402919
133,2.09639271217994,19,0.06392491
133,2.09639271217994,20,0.06372144
133,2.09639271217994,21,0.06335863
133,2.09639271217994,22,0.06345621
133,2.09639271217994,23,0.06391893
134,2.1119571520127,0,0.06367802
134,2.1119571520127,1,0.06367437
134,2.1119571520127,2,0.06392906
134,2.1119571520127,3,0.06371437
134,2.1119571520127,4,0.06382258
134,2.1119571520127,5,0.06389293
134,2.1119571520127,6,0.06367345
134,2.1119571520127,7,0.06349449
134,2.1119571520127,8,0.06370689
134,2.1119571520127,9,0.0636287
134,2.1119571520127,10,0.06348149
134,2.1119571520127,11,0.06331968
134,2.1119571520127,12,0.06352369
134,2.1119571520127,13,0.06354873
134,2.1119571520127,14,0.06358076
134,2.1119571520127,15,0.06348642
134,2.1119571520127,16,0.0636168
134,2.1119571520127,17,0.06379298
134,2.1119571520127,18,0.06368531
134,2.1119571520127,19,0.06381255
134,2.1119571520127,20,0.06351392
134,2.1119571520127,21,0.06361803
134,2.1119571520127,22,0.06324148
134,2.1119571520127,23,0.06340958
135,2.12729270302438,0,0.06368449
135,2.12729270302438,1,0.06368408
135,2.12729270302438,2,0.06386469
135,2.12729270302438,3,0.06375525
135,2.12729270302438,4,0.06358395
135,2.12729270302438,5,0.06378135
135,2.12729270302438,6,0.06366629
135,2.12729270302438,7,0.06367222
135,2.12729270302438,8,0.06395315
135,2.12729270302438,9,0.06395616
135,2.12729270302438,10,0.06364681
135,2.12729270302438,11,0.06338554
135,2.12729270302438,12,0.06371365
135,2.12729270302438,13,0.06353536
135,2.12729270302438,14,0.06352323
135,2.12729270302438,15,0.06374859
135,2.12729270302438,16,0.06340804
135,2.12729270302438,17,0.06358509
135,2.12729270302438,18,0.06354567
135,2.12729270302438,19,0.06367724
135,2.12729270302438,20,0.06381068
135,2.12729270302438,21,0.06375429
135,2.12729270302438,22,0.06381679
135,2.12729270302438,23,0.06363504
136,2.14262825403607,0,0.06380439
136,2.14262825403607,1,0.06387673
136,2.14262825403607,2,0.06356862
136,2.14262825403607,3,0.06376862
136,2.14262825403607,4,0.06360005
136,2.14262825403607,5,0.06372614
136,2.14262825403607,6,0.06351338
136,2.14262825403607,7,0.06360088
136,2.14262825403607,8,0.063371
136,2.14262825403607,9,0.0636271
136,2.14262825403607,10,0.06372136
136,2.14262825403607,11,0.06371036
136,2.14262825403607,12,0.0636517
136,2.14262825403607,13,0.06368919
136,2.14262825403607,14,0.06369006
136,2.14262825403607,15,0.06380165
136,2.14262825403607,16,0.06366578
136,2.14262825403607,17,0.06329869
136,2.14262825403607,18,0.06351069
136,2.14262825403607,19,0.06361087
136,2.14262825403607,20,0.06351155
136,2.14262825403607,21,0.06369895
136,2.14262825403607,22,0.06365808
136,2.14262825403607,23,0.06366661
137,2.15796380504776,0,0.06340603
137,2.15796380504776,1,0.06332597
137,2.15796380504776,2,0.06382186
137,2.15796380504776,3,0.06365507
137,2.15796380504776,4,0.06363814
137,2.15796380504776,5,0.06369805
137,2.15796380504776,6,0.06374034
137,2.15796380504776,7,0.06348974
137,2.15796380504776,8,0.06348477
137,2.15796380504776,9,0.06337729
137,2.15796380504776,10,0.06335722
137,2.15796380504776,11,0.06348181
137,2.15796380504776,12,0.06323044
137,2.15796380504776,13,0.0635938
137,2.15796380504776,14,0.06347697
137,2.15796380504776,15,0.06339111
137,2.15796380504776,16,0.06359366
137,2.15796380504776,17,0.0635881
137,2.15796380504776,18,0.06392825
137,2.15796380504776,19,0.06344741
137,2.15796380504776,20,0.06356684
137,2.15796380504776,21,0.06366333
137,2.15796380504776,22,0.06353367
137,2.15796380504776,23,0.06362528
138,2.17329935605945,0,0.06371981
138,2.17329935605945,1,0.0636298
138,2.17329935605945,2,0.06340512
138,2.17329935605945,3,0.06365347
138,2.17329935605945,4,0.0636199
138,2.17329935605945,5,0.06363764
138,2.17329935605945,6,0.06379718
138,2.17329935605945,7,0.06394731
138,2.17329935605945,8,0.063411
138,2.17329935605945,9,0.06362993
138,2.17329935605945,10,0.06343413
138,2.17329935605945,11,0.06394421
138,2.17329935605945,12,0.06411821
138,2.17329935605945,13,0.06400351
138,2.17329935605945,14,0.06365192
138,2.17329935605945,15,0.06398189
138,2.17329935605945,16,0.06374019
138,2.17329935605945,17,0.06388613
138,2.17329935605945,18,0.06382263
138,2.17329935605945,19,0.06432724
138,2.17329935605945,20,0.06387682
138,2.17329935605945,21,0.06409448
138,2.17329935605945,22,0.06369453
138,2.17329935605945,23,0.06378873
139,2.18794824060793,0,0.06384179
139,2.18794824060793,1,0.06374221
139,2.18794824060793,2,0.06365005
139,2.18794824060793,3,0.06346834
139,2.18794824060793,4,0.06361497
139,2.18794824060793,5,0.06364334
139,2.18794824060793,6,0.06386132
139,2.18794824060793,7,0.06331671
139,2.18794824060793,8,0.0635782
139,2.18794824060793,9,0.06353933
139,2.18794824060793,10,0.06348504
139,2.18794824060793,11,0.06373253
139,2.18794824060793,12,0.06392527
139,2.18794824060793,13,0.06377651
139,2.18794824060793,14,0.06368997
139,2.18794824060793,15,0.06353299
139,2.18794824060793,16,0.06373983
139,2.18794824060793,17,0.0637678
139,2.18794824060793,18,0.06344722
139,2.18794824060793,19,0.06352538
139,2.18794824060793,20,0.06339271
139,2.18794824060793,21,0.06380023
139,2.18794824060793,22,0.06353773
139,2.18794824060793,23,0.0636912
140,2.20328379161962,0,0.0636428
140,2.20328379161962,1,0.06344152
140,2.20328379161962,2,0.06344271
140,2.20328379161962,3,0.06330106
140,2.20328379161962,4,0.06353974
140,2.20328379161962,5,0.06338623
140,2.20328379161962,6,0.06369111
140,2.20328379161962,7,0.06371629
140,2.20328379161962,8,0.06342807
140,2.20328379161962,9,0.06333834
140,2.20328379161962,10,0.06342141
140,2.20328379161962,11,0.06349221
140,2.20328379161962,12,0.06331128
140,2.20328379161962,13,0.06353655
140,2.20328379161962,14,0.06352852
140,2.20328379161962,15,0.06342807
140,2.20328379161962,16,0.06345019
140,2.20328379161962,17,0.06361073
140,2.20328379161962,18,0.06363299
140,2.20328379161962,19,0.06389991
140,2.20328379161962,20,0.06353171
140,2.20328379161962,21,0.06382979
140,2.20328379161962,22,0.06374298
140,2.20328379161962,23,0.06355936
141,2.21861934263131,0,0.06383134
141,2.21861934263131,1,0.06386629
141,2.21861934263131,2,0.06378213
141,2.21861934263131,3,0.06362295
141,2.21861934263131,4,0.06351575
141,2.21861934263131,5,0.06347004
141,2.21861934263131,6,0.06388865
141,2.21861934263131,7,0.06365415
141,2.21861934263131,8,0.06365097
141,2.21861934263131,9,0.06370721
141,2.21861934263131,10,0.06370018
141,2.21861934263131,11,0.06347656
141,2.21861934263131,12,0.06355352
141,2.21861934263131,13,0.06387487
141,2.21861934263131,14,0.06366506
141,2.21861934263131,15,0.06365899
141,2.21861934263131,16,0.06373718
141,2.21861934263131,17,0.06362323
141,2.21861934263131,18,0.06387363
141,2.21861934263131,19,0.06372354
141,2.21861934263131,20,0.0633731
141,2.21861934263131,21,0.06385753
141,2.21861934263131,22,0.06363381
141,2.21861934263131,23,0.06360178
142,2.2346415601062,0,0.06372655
142,2.2346415601062,1,0.06346862
142,2.2346415601062,2,0.0633834
142,2.2346415601062,3,0.06390174
142,2.2346415601062,4,0.06384753
142,2.2346415601062,5,0.06362761
142,2.2346415601062,6,0.06388764
142,2.2346415601062,7,0.06404845
142,2.2346415601062,8,0.06384964
142,2.2346415601062,9,0.06396925
142,2.2346415601062,10,0.06385247
142,2.2346415601062,11,0.06383865
142,2.2346415601062,12,0.06364252
142,2.2346415601062,13,0.06368724
142,2.2346415601062,14,0.06362947
142,2.2346415601062,15,0.06346329
142,2.2346415601062,16,0.06385662
142,2.2346415601062,17,0.06366912
142,2.2346415601062,18,0.06383344
142,2.2346415601062,19,0.06368769
142,2.2346415601062,20,0.0635532
142,2.2346415601062,21,0.06388535
142,2.2346415601062,22,0.06419749
142,2.2346415601062,23,0.06421003
143,2.2506637775811,0,0.06322036
143,2.2506637775811,1,0.0633861
143,2.2506637775811,2,0.06342665
143,2.2506637775811,3,0.0635137
143,2.2506637775811,4,0.0634865
143,2.2506637775811,5,0.06351762
143,2.2506637775811,6,0.06330425
143,2.2506637775811,7,0.06357609
143,2.2506637775811,8,0.06354969
143,2.2506637775811,9,0.06358281
143,2.2506637775811,10,0.06338605
143,2.2506637775811,11,0.06360096
143,2.2506637775811,12,0.06334111
143,2.2506637775811,13,0.0634594
143,2.2506637775811,14,0.0635084
143,2.2506637775811,15,0.06348883
143,2.2506637775811,16,0.06397673
143,2.2506637775811,17,0.06371534
143,2.2506637775811,18,0.06370138
143,2.2506637775811,19,0.06344093
143,2.2506637775811,20,0.06351656
143,2.2506637775811,21,0.06370329
143,2.2506637775811,22,0.06368248
143,2.2506637775811,23,0.06395598
144,2.26691488387707,0,0.06334394
144,2.26691488387707,1,0.06351146
144,2.26691488387707,2,0.06353445
144,2.26691488387707,3,0.06376538
144,2.26691488387707,4,0.06330174
144,2.26691488387707,5,0.0633131
144,2.26691488387707,6,0.06335485
144,2.26691488387707,7,0.06357701
144,2.26691488387707,8,0.06343751
144,2.26691488387707,9,0.06341743
144,2.26691488387707,10,0.06338313
144,2.26691488387707,11,0.06349522
144,2.26691488387707,12,0.06375936
144,2.26691488387707,13,0.06351684
144,2.26691488387707,14,0.0638105
144,2.26691488387707,15,0.06404968
144,2.26691488387707,16,0.06396464
144,2.26691488387707,17,0.06354745
144,2.26691488387707,18,0.06380977
144,2.26691488387707,19,0.06372806
144,2.26691488387707,20,0.0636704
144,2.26691488387707,21,0.06368021
144,2.26691488387707,22,0.06339107
144,2.26691488387707,23,0.06351552
145,2.28316599017304,0,0.06376064
145,2.28316599017304,1,0.06358769
145,2.28316599017304,2,0.06373546
145,2.28316599017304,3,0.06385676
145,2.28316599017304,4,0.06363075
145,2.28316599017304,5,0.06364225
145,2.28316599017304,6,0.06348792
145,2.28316599017304,7,0.06375644
145,2.28316599017304,8,0.06378531
145,2.28316599017304,9,0.0633798
145,2.28316599017304,10,0.06363563
145,2.28316599017304,11,0.06364992
145,2.28316599017304,12,0.06386697
145,2.28316599017304,13,0.06368016
145,2.28316599017304,14,0.06325257
145,2.28316599017304,15,0.06353897
145,2.28316599017304,16,0.06319048
145,2.28316599017304,17,0.06365311
145,2.28316599017304,18,0.0633121
145,2.28316599017304,19,0.06323683
145,2.28316599017304,20,0.06343824
145,2.28316599017304,21,0.06321068
145,2.28316599017304,22,0.06341533
145,2.28316599017304,23,0.06333313
146,2.29941709646901,0,0.06390283
146,2.29941709646901,1,0.06391095
146,2.29941709646901,2,0.06339818
146,2.29941709646901,3,0.0637214
146,2.29941709646901,4,0.06358837
146,2.29941709646901,5,0.06386497
146,2.29941709646901,6,0.06370027
146,2.29941709646901,7,0.0638344
146,2.29941709646901,8,0.06361939
146,2.29941709646901,9,0.06388791
146,2.29941709646901,10,0.06365329
146,2.29941709646901,11,0.06356205
146,2.29941709646901,12,0.06357606
146,2.29941709646901,13,0.0637667
146,2.29941709646901,14,0.06393791
146,2.29941709646901,15,0.06380265
146,2.29941709646901,16,0.06337583
146,2.29941709646901,17,0.06333569
146,2.29941709646901,18,0.06349221
146,2.29941709646901,19,0.06342925
146,2.29941709646901,20,0.06337231
146,2.29941709646901,21,0.06341118
146,2.29941709646901,22,0.0633511
146,2.29941709646901,23,0.06340247
147,2.31543931394391,0,0.06363837
147,2.31543931394391,1,0.06343204
147,2.31543931394391,2,0.06354444
147,2.31543931394391,3,0.06348545
147,2.31543931394391,4,0.06354732
147,2.31543931394391,5,0.06327291
147,2.31543931394391,6,0.06326739
147,2.31543931394391,7,0.06345202
147,2.31543931394391,8,0.0634532
147,2.31543931394391,9,0.06353559
147,2.31543931394391,10,0.06348044
147,2.31543931394391,11,0.06328085
147,2.31543931394391,12,0.06364079
147,2.31543931394391,13,0.06375644
147,2.31543931394391,14,0.06348965
147,2.31543931394391,15,0.06334399
147,2.31543931394391,16,0.06334399
147,2.31543931394391,17,0.0637022
147,2.31543931394391,18,0.06332543
147,2.31543931394391,19,0.06335657
147,2.31543931394391,20,0.06322277
147,2.31543931394391,21,0.06346593
147,2.31543931394391,22,0.06353842
147,2.31543931394391,23,0.06332082
148,2.33169042023988,0,0.06348468
148,2.33169042023988,1,0.06346533
148,2.33169042023988,2,0.06329741
148,2.33169042023988,3,0.06338413
148,2.33169042023988,4,0.06323231
148,2.33169042023988,5,0.06346072
148,2.33169042023988,6,0.06352177
148,2.33169042023988,7,0.06346913
148,2.33169042023988,8,0.06358189
148,2.33169042023988,9,0.06344668
148,2.33169042023988,10,0.0634594
148,2.33169042023988,11,0.06340189
148,2.33169042023988,12,0.06351132
148,2.33169042023988,13,0.06357934
148,2.33169042023988,14,0.06372624
148,2.33169042023988,15,0.06388969
148,2.33169042023988,16,0.06358974
148,2.33169042023988,17,0.06386469
148,2.33169042023988,18,0.06382236
148,2.33169042023988,19,0.06366022
148,2.33169042023988,20,0.06354959
148,2.33169042023988,21,0.06375147
148,2.33169042023988,22,0.06372259
148,2.33169042023988,23,0.06389166
149,2.34771263771477,0,0.06346525
149,2.34771263771477,1,0.06377947
149,2.34771263771477,2,0.06376237
149,2.34771263771477,3,0.06335525
149,2.34771263771477,4,0.06337561
149,2.34771263771477,5,0.06333901
149,2.34771263771477,6,0.06343797
149,2.34771263771477,7,0.0632006
149,2.34771263771477,8,0.06352551
149,2.34771263771477,9,0.06354626
149,2.34771263771477,10,0.06350695
149,2.34771263771477,11,0.06373431
149,2.34771263771477,12,0.06358185
149,2.34771263771477,13,0.06359065
149,2.34771263771477,14,0.06335389
149,2.34771263771477,15,0.06347569
149,2.34771263771477,16,0.06366825
149,2.34771263771477,17,0.06372122
149,2.34771263771477,18,0.06399403
149,2.34771263771477,19,0.06397787
149,2.34771263771477,20,0.06378258
149,2.34771263771477,21,0.06391524
149,2.34771263771477,22,0.06368623
149,2.34771263771477,23,0.06368537
150,2.36373485518967,0,0.06363386
150,2.36373485518967,1,0.06371337
150,2.36373485518967,2,0.06361283
150,2.36373485518967,3,0.06349161
150,2.36373485518967,4,0.06331365
150,2.36373485518967,5,0.06335849
150,2.36373485518967,6,0.0639136
150,2.36373485518967,7,0.06362305
150,2.36373485518967,8,0.06367619
150,2.36373485518967,9,0.06369612
150,2.36373485518967,10,0.06401934
150,2.36373485518967,11,0.06397349
150,2.36373485518967,12,0.06355844
150,2.36373485518967,13,0.06340211
150,2.36373485518967,14,0.06345908
150,2.36373485518967,15,0.06355438
150,2.36373485518967,16,0.06345151
150,2.36373485518967,17,0.06339312
150,2.36373485518967,18,0.06327168
150,2.36373485518967,19,0.06347053
150,2.36373485518967,20,0.06350037
150,2.36373485518967,21,0.0634704
150,2.36373485518967,22,0.06337231
150,2.36373485518967,23,0.06317027
