pos_index,position,sample_index,voltage
0,0.988799707022309,0,0.05817463
0,0.988799707022309,1,0.05806791
0,0.988799707022309,2,0.05832045
0,0.988799707022309,3,0.0580445
0,0.988799707022309,4,0.05826136
0,0.988799707022309,5,0.05812952
0,0.988799707022309,6,0.05816104
0,0.988799707022309,7,0.05818254
0,0.988799707022309,8,0.05808259
0,0.988799707022309,9,0.05822084
0,0.988799707022309,10,0.05823109
0,0.988799707022309,11,0.05828951
1,0.988189336832789,0,0.05797211
1,0.988189336832789,1,0.05830489
1,0.988189336832789,2,0.05794919
1,0.988189336832789,3,0.05815159
1,0.988189336832789,4,0.05804541
1,0.988189336832789,5,0.05803337
1,0.988189336832789,6,0.05806803
1,0.988189336832789,7,0.0579826
1,0.988189336832789,8,0.05804776
1,0.988189336832789,9,0.05821532
1,0.988189336832789,10,0.05814076
1,0.988189336832789,11,0.0577892
1,0.988189336832789,12,0.05805081
1,0.988189336832789,13,0.05772496
1,0.988189336832789,14,0.05799678
1,0.988189336832789,15,0.0578349
2,0.997955259865108,0,0.05786217
2,0.997955259865108,1,0.05805361
2,0.997955259865108,2,0.05815209
2,0.997955259865108,3,0.05806081
2,0.997955259865108,4,0.05807954
2,0.997955259865108,5,0.05831246
2,0.997955259865108,6,0.0582982
2,0.997955259865108,7,0.05826032
2,0.997955259865108,8,0.05858035
2,0.997955259865108,9,0.05831431
2,0.997955259865108,10,0.05829942
2,0.997955259865108,11,0.05850295
2,0.997955259865108,12,0.05845875
2,0.997955259865108,13,0.05838657
2,0.997955259865108,14,0.05849279
2,0.997955259865108,15,0.05834069
3,1.00772118289743,0,0.05810392
3,1.00772118289743,1,0.05845833
3,1.00772118289743,2,0.0580097
3,1.00772118289743,3,0.05789299
3,1.00772118289743,4,0.05806611
3,1.00772118289743,5,0.05799729
3,1.00772118289743,6,0.05824037
3,1.00772118289743,7,0.05835575
3,1.00772118289743,8,0.05833016
3,1.00772118289743,9,0.05826697
3,1.00772118289743,10,0.05817601
3,1.00772118289743,11,0.05803663
3,1.00772118289743,12,0.05806867
3,1.00772118289743,13,0.0580353
3,1.00772118289743,14,0.05811604
3,1.00772118289743,15,0.05807205
4,1.01870784630879,0,0.05798908
4,1.01870784630879,1,0.05798733
4,1.01870784630879,2,0.05800816
4,1.01870784630879,3,0.05821219
4,1.01870784630879,4,0.05785238
4,1.01870784630879,5,0.05806934
4,1.01870784630879,6,0.05771058
4,1.01870784630879,7,0.05772756
4,1.01870784630879,8,0.05789086
4,1.01870784630879,9,0.05805595
4,1.01870784630879,10,0.05817446
4,1.01870784630879,11,0.0582315
4,1.01870784630879,12,0.05792306
4,1.01870784630879,13,0.05807694
4,1.01870784630879,14,0.05795346
4,1.01870784630879,15,0.05799051
5,1.02847376934111,0,0.05839568
5,1.02847376934111,1,0.05821365
5,1.02847376934111,2,0.05811588
5,1.02847376934111,3,0.05792573
5,1.02847376934111,4,0.05816016
5,1.02847376934111,5,0.0579992
5,1.02847376934111,6,0.05784297
5,1.02847376934111,7,0.05809271
5,1.02847376934111,8,0.05796007
5,1.02847376934111,9,0.05803872
5,1.02847376934111,10,0.05792849
5,1.02847376934111,11,0.05796701
5,1.02847376934111,12,0.05817639
5,1.02847376934111,13,0.05790001
5,1.02847376934111,14,0.05786773
5,1.02847376934111,15,0.05803642
6,1.03823969237342,0,0.05801255
6,1.03823969237342,1,0.05808628
6,1.03823969237342,2,0.05805294
6,1.03823969237342,3,0.0578042
6,1.03823969237342,4,0.05772166
6,1.03823969237342,5,0.05802137
6,1.03823969237342,6,0.05812838
6,1.03823969237342,7,0.05796378
6,1.03823969237342,8,0.05809154
6,1.03823969237342,9,0.05787898
6,1.03823969237342,10,0.05752118
6,1.03823969237342,11,0.05769134
6,1.03823969237342,12,0.05806064
6,1.03823969237342,13,0.05795894
6,1.03823969237342,14,0.05780889
6,1.03823969237342,15,0.0579681
7,1.04861598559526,0,0.05771799
7,1.04861598559526,1,0.05786832
7,1.04861598559526,2,0.05794008
7,1.04861598559526,3,0.05820018
7,1.04861598559526,4,0.05839677
7,1.04861598559526,5,0.05828553
7,1.04861598559526,6,0.05822122
7,1.04861598559526,7,0.05838878
7,1.04861598559526,8,0.05851846
7,1.04861598559526,9,0.05840936
7,1.04861598559526,10,0.05839067
7,1.04861598559526,11,0.05820207
7,1.04861598559526,12,0.0583838
7,1.04861598559526,13,0.05829938
7,1.04861598559526,14,0.0584692
7,1.04861598559526,15,0.05828361
8,1.05777153843806,0,0.05828143
8,1.05777153843806,1,0.05851039
8,1.05777153843806,2,0.05859035
8,1.05777153843806,3,0.05847188
8,1.05777153843806,4,0.0584779
8,1.05777153843806,5,0.05843148
8,1.05777153843806,6,0.05841003
8,1.05777153843806,7,0.05827947
8,1.05777153843806,8,0.05827701
8,1.05777153843806,9,0.05821331
8,1.05777153843806,10,0.05840706
8,1.05777153843806,11,0.05828027
8,1.05777153843806,12,0.05841308
8,1.05777153843806,13,0.05847932
8,1.05777153843806,14,0.05822937
8,1.05777153843806,15,0.058461
9,1.0681478316599,0,0.05860176
9,1.0681478316599,1,0.05874093
9,1.0681478316599,2,0.05862292
9,1.0681478316599,3,0.05855948
9,1.0681478316599,4,0.05856053
9,1.0681478316599,5,0.05875415
9,1.0681478316599,6,0.05877715
9,1.0681478316599,7,0.05863145
9,1.0681478316599,8,0.05864772
9,1.0681478316599,9,0.05877568
9,1.0681478316599,10,0.05866867
9,1.0681478316599,11,0.05876536
9,1.0681478316599,12,0.05881855
9,1.0681478316599,13,0.05874302
9,1.0681478316599,14,0.05845795
9,1.0681478316599,15,0.05846682
10,1.07852412488174,0,0.05855526
10,1.07852412488174,1,0.05873897
10,1.07852412488174,2,0.05888458
10,1.07852412488174,3,0.05901012
10,1.07852412488174,4,0.05897353
10,1.07852412488174,5,0.05844921
10,1.07852412488174,6,0.05852009
10,1.07852412488174,7,0.05875222
10,1.07852412488174,8,0.05881332
10,1.07852412488174,9,0.05881729
10,1.07852412488174,10,0.05868707
10,1.07852412488174,11,0.05886752
10,1.07852412488174,12,0.05881512
10,1.07852412488174,13,0.05879617
10,1.07852412488174,14,0.05883611
10,1.07852412488174,15,0.05912524
11,1.08829004791406,0,0.05888174
11,1.08829004791406,1,0.05871701
11,1.08829004791406,2,0.05867716
11,1.08829004791406,3,0.05894296
11,1.08829004791406,4,0.05864174
11,1.08829004791406,5,0.05894727
11,1.08829004791406,6,0.05891281
11,1.08829004791406,7,0.05881629
11,1.08829004791406,8,0.05892163
11,1.08829004791406,9,0.05872341
11,1.08829004791406,10,0.05874102
11,1.08829004791406,11,0.05889056
11,1.08829004791406,12,0.05870317
11,1.08829004791406,13,0.05858023
11,1.08829004791406,14,0.05875072
11,1.08829004791406,15,0.05863768
12,1.0986663411359,0,0.05859252
12,1.0986663411359,1,0.05859867
12,1.0986663411359,2,0.05859641
12,1.0986663411359,3,0.05875733
12,1.0986663411359,4,0.058461
12,1.0986663411359,5,0.05869506
12,1.0986663411359,6,0.05878735
12,1.0986663411359,7,0.05888462
12,1.0986663411359,8,0.05891197
12,1.0986663411359,9,0.05895797
12,1.0986663411359,10,0.05891372
12,1.0986663411359,11,0.05888195
12,1.0986663411359,12,0.05867574
12,1.0986663411359,13,0.05874562
12,1.0986663411359,14,0.05875406
12,1.0986663411359,15,0.05896094
13,1.10843226416822,0,0.05860645
13,1.10843226416822,1,0.05865404
13,1.10843226416822,2,0.05862343
13,1.10843226416822,3,0.05857446
13,1.10843226416822,4,0.05869949
13,1.10843226416822,5,0.05872124
13,1.10843226416822,6,0.05884238
13,1.10843226416822,7,0.0588147
13,1.10843226416822,8,0.0586928
13,1.10843226416822,9,0.05846736
13,1.10843226416822,10,0.05854958
13,1.10843226416822,11,0.05862936
13,1.10843226416822,12,0.05899962
13,1.10843226416822,13,0.05862163
13,1.10843226416822,14,0.05875411
13,1.10843226416822,15,0.05861598
14,1.11758781701102,0,0.05874482
14,1.11758781701102,1,0.05878145
14,1.11758781701102,2,0.05912278
14,1.11758781701102,3,0.05825797
14,1.11758781701102,4,0.05832869
14,1.11758781701102,5,0.05851742
14,1.11758781701102,6,0.05859298
14,1.11758781701102,7,0.05865663
14,1.11758781701102,8,0.05867511
14,1.11758781701102,9,0.05845419
14,1.11758781701102,10,0.0586701
14,1.11758781701102,11,0.05864396
14,1.11758781701102,12,0.05848714
14,1.11758781701102,13,0.05884887
14,1.11758781701102,14,0.0587966
14,1.11758781701102,15,0.05873521
15,1.1291848506119,0,0.05945359
15,1.1291848506119,1,0.05952109
15,1.1291848506119,2,0.05929336
15,1.1291848506119,3,0.05944578
15,1.1291848506119,4,0.05975381
15,1.1291848506119,5,0.05936369
15,1.1291848506119,6,0.0592998
15,1.1291848506119,7,0.05907556
15,1.1291848506119,8,0.05920081
15,1.1291848506119,9,0.05898858
15,1.1291848506119,10,0.05958512
15,1.1291848506119,11,0.05934918
15,1.1291848506119,12,0.0593787
15,1.1291848506119,13,0.05899314
15,1.1291848506119,14,0.05932502
15,1.1291848506119,15,0.05979679
16,1.1383404034547,0,0.05978334
16,1.1383404034547,1,0.05981416
16,1.1383404034547,2,0.05949449
16,1.1383404034547,3,0.05966692
16,1.1383404034547,4,0.05998861
16,1.1383404034547,5,0.05983724
16,1.1383404034547,6,0.05936912
16,1.1383404034547,7,0.05988554
16,1.1383404034547,8,0.05922297
16,1.1383404034547,9,0.05967373
16,1.1383404034547,10,0.05935632
16,1.1383404034547,11,0.05955103
16,1.1383404034547,12,0.05993429
16,1.1383404034547,13,0.05942423
16,1.1383404034547,14,0.05971938
16,1.1383404034547,15,0.05973006
17,1.14993743705557,0,0.06013619
17,1.14993743705557,1,0.06038081
17,1.14993743705557,2,0.06026933
17,1.14993743705557,3,0.05999237
17,1.14993743705557,4,0.06029729
17,1.14993743705557,5,0.06022155
17,1.14993743705557,6,0.06030231
17,1.14993743705557,7,0.060324
17,1.14993743705557,8,0.0599006
17,1.14993743705557,9,0.05979884
17,1.14993743705557,10,0.05979709
17,1.14993743705557,11,0.05999639
17,1.14993743705557,12,0.06025798
17,1.14993743705557,13,0.06004042
17,1.14993743705557,14,0.05986914
17,1.14993743705557,15,0.05962015
18,1.15909298989837,0,0.06065063
18,1.15909298989837,1,0.06055886
18,1.15909298989837,2,0.06038365
18,1.15909298989837,3,0.06018665
18,1.15909298989837,4,0.06060336
18,1.15909298989837,5,0.06034386
18,1.15909298989837,6,0.06045527
18,1.15909298989837,7,0.0601902
18,1.15909298989837,8,0.06075657
18,1.15909298989837,9,0.06038493
18,1.15909298989837,10,0.06035608
18,1.15909298989837,11,0.06107451
18,1.15909298989837,12,0.06078681
18,1.15909298989837,13,0.06081173
18,1.15909298989837,14,0.060454
18,1.15909298989837,15,0.06039364
19,1.16885891293069,0,0.06083612
19,1.16885891293069,1,0.06098932
19,1.16885891293069,2,0.06150502
19,1.16885891293069,3,0.06125646
19,1.16885891293069,4,0.06090899
19,1.16885891293069,5,0.06110566
19,1.16885891293069,6,0.06153229
19,1.16885891293069,7,0.06119594
19,1.16885891293069,8,0.06113542
19,1.16885891293069,9,0.06150519
19,1.16885891293069,10,0.06139589
19,1.16885891293069,11,0.06116374
19,1.16885891293069,12,0.06123164
19,1.16885891293069,13,0.06115043
19,1.16885891293069,14,0.06127968
19,1.16885891293069,15,0.06105936
20,1.17923520615253,0,0.05941563
20,1.17923520615253,1,0.05937435
20,1.17923520615253,2,0.05931255
20,1.17923520615253,3,0.05930677
20,1.17923520615253,4,0.05939852
20,1.17923520615253,5,0.05921268
20,1.17923520615253,6,0.05957508
20,1.17923520615253,7,0.05940267
20,1.17923520615253,8,0.05928712
20,1.17923520615253,9,0.0595694
20,1.17923520615253,10,0.05951588
20,1.17923520615253,11,0.05982992
20,1.17923520615253,12,0.05936959
20,1.17923520615253,13,0.05931715
20,1.17923520615253,14,0.05974138
20,1.17923520615253,15,0.05927098
21,1.18900112918485,0,0.05960499
21,1.18900112918485,1,0.05930794
21,1.18900112918485,2,0.05951285
21,1.18900112918485,3,0.05986713
21,1.18900112918485,4,0.05960636
21,1.18900112918485,5,0.05992464
21,1.18900112918485,6,0.05979299
21,1.18900112918485,7,0.05954281
21,1.18900112918485,8,0.05989018
21,1.18900112918485,9,0.0598211
21,1.18900112918485,10,0.05974905
21,1.18900112918485,11,0.06013415
21,1.18900112918485,12,0.059413
21,1.18900112918485,13,0.05974221
21,1.18900112918485,14,0.05968398
21,1.18900112918485,15,0.05980219
22,1.19876705221717,0,0.06078519
22,1.19876705221717,1,0.06035787
22,1.19876705221717,2,0.06002161
22,1.19876705221717,3,0.0600909
22,1.19876705221717,4,0.060324
22,1.19876705221717,5,0.06046115
22,1.19876705221717,6,0.060467
22,1.19876705221717,7,0.06014134
22,1.19876705221717,8,0.05993376
22,1.19876705221717,9,0.06012432
22,1.19876705221717,10,0.06039325
22,1.19876705221717,11,0.05988149
22,1.19876705221717,12,0.06008885
22,1.19876705221717,13,0.0599026
22,1.19876705221717,14,0.0600097
22,1.19876705221717,15,0.06031074
23,1.20914334543901,0,0.06090197
23,1.20914334543901,1,0.06091816
23,1.20914334543901,2,0.06064818
23,1.20914334543901,3,0.06075657
23,1.20914334543901,4,0.0608976
23,1.20914334543901,5,0.06096293
23,1.20914334543901,6,0.06111103
23,1.20914334543901,7,0.06075042
23,1.20914334543901,8,0.06069347
23,1.20914334543901,9,0.06078559
23,1.20914334543901,10,0.06100133
23,1.20914334543901,11,0.06055981
23,1.20914334543901,12,0.06081077
23,1.20914334543901,13,0.06061763
23,1.20914334543901,14,0.06084685
23,1.20914334543901,15,0.06057491
24,1.21951963866085,0,0.06168808
24,1.21951963866085,1,0.06116025
24,1.21951963866085,2,0.06103527
24,1.21951963866085,3,0.06154927
24,1.21951963866085,4,0.06101642
24,1.21951963866085,5,0.06070146
24,1.21951963866085,6,0.0608918
24,1.21951963866085,7,0.06104492
24,1.21951963866085,8,0.0612696
24,1.21951963866085,9,0.06115684
24,1.21951963866085,10,0.06110579
24,1.21951963866085,11,0.06131407
24,1.21951963866085,12,0.06156728
24,1.21951963866085,13,0.06149271
24,1.21951963866085,14,0.06146095
24,1.21951963866085,15,0.06156568
25,1.22989593188269,0,0.06175632
25,1.22989593188269,1,0.06158055
25,1.22989593188269,2,0.06150711
25,1.22989593188269,3,0.06168672
25,1.22989593188269,4,0.0618045
25,1.22989593188269,5,0.06202856
25,1.22989593188269,6,0.0618333
25,1.22989593188269,7,0.0618645
25,1.22989593188269,8,0.06176147
25,1.22989593188269,9,0.06193636
25,1.22989593188269,10,0.06183662
25,1.22989593188269,11,0.06197101
25,1.22989593188269,12,0.06143646
25,1.22989593188269,13,0.06151829
25,1.22989593188269,14,0.06160172
25,1.22989593188269,15,0.06183534
26,1.23966185491501,0,0.06244076
26,1.23966185491501,1,0.06263707
26,1.23966185491501,2,0.06247256
26,1.23966185491501,3,0.06256804
26,1.23966185491501,4,0.06216978
26,1.23966185491501,5,0.06257986
26,1.23966185491501,6,0.06250577
26,1.23966185491501,7,0.06176439
26,1.23966185491501,8,0.06235003
26,1.23966185491501,9,0.06206181
26,1.23966185491501,10,0.06261553
26,1.23966185491501,11,0.06209616
26,1.23966185491501,12,0.06235947
26,1.23966185491501,13,0.06225988
26,1.23966185491501,14,0.06214603
26,1.23966185491501,15,0.06258903
27,1.24881740775781,0,0.06276183
27,1.24881740775781,1,0.06241759
27,1.24881740775781,2,0.06277479
27,1.24881740775781,3,0.06260946
27,1.24881740775781,4,0.06234231
27,1.24881740775781,5,0.06251088
27,1.24881740775781,6,0.06232374
27,1.24881740775781,7,0.06220983
27,1.24881740775781,8,0.06259964
27,1.24881740775781,9,0.06254295
27,1.24881740775781,10,0.06244935
27,1.24881740775781,11,0.06205519
27,1.24881740775781,12,0.06178403
27,1.24881740775781,13,0.0621351
27,1.24881740775781,14,0.06257857
27,1.24881740775781,15,0.06207943
28,1.25980407116916,0,0.06320029
28,1.25980407116916,1,0.06271741
28,1.25980407116916,2,0.06253169
28,1.25980407116916,3,0.06232717
28,1.25980407116916,4,0.06272265
28,1.25980407116916,5,0.06262119
28,1.25980407116916,6,0.06248329
28,1.25980407116916,7,0.06278902
28,1.25980407116916,8,0.06266443
28,1.25980407116916,9,0.06246349
28,1.25980407116916,10,0.06267032
28,1.25980407116916,11,0.06273766
28,1.25980407116916,12,0.06265942
28,1.25980407116916,13,0.06265973
28,1.25980407116916,14,0.06270837
28,1.25980407116916,15,0.06278505
29,1.26895962401196,0,0.06281859
29,1.26895962401196,1,0.06325366
29,1.26895962401196,2,0.06270978
29,1.26895962401196,3,0.06311083
29,1.26895962401196,4,0.06304783
29,1.26895962401196,5,0.06283683
29,1.26895962401196,6,0.06314988
29,1.26895962401196,7,0.0630533
29,1.26895962401196,8,0.0632715
29,1.26895962401196,9,0.06334244
29,1.26895962401196,10,0.06302072
29,1.26895962401196,11,0.06274582
29,1.26895962401196,12,0.06287979
29,1.26895962401196,13,0.06308665
29,1.26895962401196,14,0.06284007
29,1.26895962401196,15,0.06310294
30,1.2793359172338,0,0.06306393
30,1.2793359172338,1,0.06298944
30,1.2793359172338,2,0.06321849
30,1.2793359172338,3,0.06334577
30,1.2793359172338,4,0.06296379
30,1.2793359172338,5,0.06326201
30,1.2793359172338,6,0.06325403
30,1.2793359172338,7,0.063346
30,1.2793359172338,8,0.06271613
30,1.2793359172338,9,0.06290334
30,1.2793359172338,10,0.0627555
30,1.2793359172338,11,0.0633569
30,1.2793359172338,12,0.06320576
30,1.2793359172338,13,0.06274752
30,1.2793359172338,14,0.06337428
30,1.2793359172338,15,0.06348646
31,1.28971221045564,0,0.06379836
31,1.28971221045564,1,0.06381834
31,1.28971221045564,2,0.06332369
31,1.28971221045564,3,0.06369887
31,1.28971221045564,4,0.06337059
31,1.28971221045564,5,0.06321967
31,1.28971221045564,6,0.06344504
31,1.28971221045564,7,0.06298127
31,1.28971221045564,8,0.06336502
31,1.28971221045564,9,0.06361245
31,1.28971221045564,10,0.06352743
31,1.28971221045564,11,0.06349605
31,1.28971221045564,12,0.06339303
31,1.28971221045564,13,0.06328852
31,1.28971221045564,14,0.0632486
31,1.28971221045564,15,0.06322848
32,1.29947813348796,0,0.06344385
32,1.29947813348796,1,0.06389166
32,1.29947813348796,2,0.06376141
32,1.29947813348796,3,0.0634433
32,1.29947813348796,4,0.06361182
32,1.29947813348796,5,0.06369207
32,1.29947813348796,6,0.06354249
32,1.29947813348796,7,0.06372108
32,1.29947813348796,8,0.0633975
32,1.29947813348796,9,0.06333262
32,1.29947813348796,10,0.0633428
32,1.29947813348796,11,0.06372628
32,1.29947813348796,12,0.06320859
32,1.29947813348796,13,0.06322593
32,1.29947813348796,14,0.06284732
32,1.29947813348796,15,0.06332967
33,1.30924405652028,0,0.06376141
33,1.30924405652028,1,0.06401834
33,1.30924405652028,2,0.06397177
33,1.30924405652028,3,0.06408622
33,1.30924405652028,4,0.06381926
33,1.30924405652028,5,0.06387851
33,1.30924405652028,6,0.063687
33,1.30924405652028,7,0.06375425
33,1.30924405652028,8,0.06411961
33,1.30924405652028,9,0.06364781
33,1.30924405652028,10,0.06392742
33,1.30924405652028,11,0.06384298
33,1.30924405652028,12,0.06406318
33,1.30924405652028,13,0.06410419
33,1.30924405652028,14,0.06349572
33,1.30924405652028,15,0.06357378
34,1.31962034974212,0,0.0642047
34,1.31962034974212,1,0.06403531
34,1.31962034974212,2,0.06377259
34,1.31962034974212,3,0.06380429
34,1.31962034974212,4,0.0645119
34,1.31962034974212,5,0.06427473
34,1.31962034974212,6,0.06425834
34,1.31962034974212,7,0.06406332
34,1.31962034974212,8,0.06429301
34,1.31962034974212,9,0.06422381
34,1.31962034974212,10,0.06430858
34,1.31962034974212,11,0.06418791
34,1.31962034974212,12,0.06383618
34,1.31962034974212,13,0.06379367
34,1.31962034974212,14,0.06422801
34,1.31962034974212,15,0.06432326
35,1.32877590258492,0,0.06388567
35,1.32877590258492,1,0.06454387
35,1.32877590258492,2,0.06452499
35,1.32877590258492,3,0.06434142
35,1.32877590258492,4,0.06452691
35,1.32877590258492,5,0.0647259
35,1.32877590258492,6,0.06432103
35,1.32877590258492,7,0.06453197
35,1.32877590258492,8,0.06481313
35,1.32877590258492,9,0.06450793
35,1.32877590258492,10,0.06465875
35,1.32877590258492,11,0.06477741
35,1.32877590258492,12,0.06436633
35,1.32877590258492,13,0.06431163
35,1.32877590258492,14,0.06390374
35,1.32877590258492,15,0.06442427
36,1.33976256599628,0,0.06483152
36,1.33976256599628,1,0.06526404
36,1.33976256599628,2,0.06500459
36,1.33976256599628,3,0.06497511
36,1.33976256599628,4,0.06475291
36,1.33976256599628,5,0.06485418
36,1.33976256599628,6,0.06493822
36,1.33976256599628,7,0.06486769
36,1.33976256599628,8,0.06483238
36,1.33976256599628,9,0.0644964
36,1.33976256599628,10,0.06431049
36,1.33976256599628,11,0.06444762
36,1.33976256599628,12,0.06472418
36,1.33976256599628,13,0.0648234
36,1.33976256599628,14,0.06496271
36,1.33976256599628,15,0.06504697
37,1.3495284890286,0,0.0651264
37,1.3495284890286,1,0.06545755
37,1.3495284890286,2,0.0649935
37,1.3495284890286,3,0.06532876
37,1.3495284890286,4,0.06526184
37,1.3495284890286,5,0.06552141
37,1.3495284890286,6,0.06565093
37,1.3495284890286,7,0.06537278
37,1.3495284890286,8,0.06496663
37,1.3495284890286,9,0.06531595
37,1.3495284890286,10,0.06538904
37,1.3495284890286,11,0.06544446
37,1.3495284890286,12,0.0656039
37,1.3495284890286,13,0.06528597
37,1.3495284890286,14,0.065266
37,1.3495284890286,15,0.06476723
38,1.35990478225043,0,0.0658225
38,1.35990478225043,1,0.06568333
38,1.35990478225043,2,0.06585604
38,1.35990478225043,3,0.06596028
38,1.35990478225043,4,0.06556767
38,1.35990478225043,5,0.0657079
38,1.35990478225043,6,0.06522357
38,1.35990478225043,7,0.0658481
38,1.35990478225043,8,0.06573866
38,1.35990478225043,9,0.06595755
38,1.35990478225043,10,0.06587689
38,1.35990478225043,11,0.06557497
38,1.35990478225043,12,0.06575248
38,1.35990478225043,13,0.06554123
38,1.35990478225043,14,0.06527562
38,1.35990478225043,15,0.06547107
39,1.37028107547227,0,0.06639787
39,1.37028107547227,1,0.06633965
39,1.37028107547227,2,0.06649244
39,1.37028107547227,3,0.06596579
39,1.37028107547227,4,0.06608095
39,1.37028107547227,5,0.06626046
39,1.37028107547227,6,0.06610399
39,1.37028107547227,7,0.06634463
39,1.37028107547227,8,0.06619547
39,1.37028107547227,9,0.06610896
39,1.37028107547227,10,0.06612669
39,1.37028107547227,11,0.06596281
39,1.37028107547227,12,0.06588414
39,1.37028107547227,13,0.06657546
39,1.37028107547227,14,0.06619284
39,1.37028107547227,15,0.06641038
40,1.38004699850459,0,0.06690136
40,1.38004699850459,1,0.06695718
40,1.38004699850459,2,0.06694676
40,1.38004699850459,3,0.06663524
40,1.38004699850459,4,0.06704243
40,1.38004699850459,5,0.06693309
40,1.38004699850459,6,0.06691995
40,1.38004699850459,7,0.06660341
40,1.38004699850459,8,0.06676587
40,1.38004699850459,9,0.06677341
40,1.38004699850459,10,0.06660169
40,1.38004699850459,11,0.06682613
40,1.38004699850459,12,0.06674727
40,1.38004699850459,13,0.06694699
40,1.38004699850459,14,0.06711226
40,1.38004699850459,15,0.06709233
41,1.39042329172643,0,0.06707192
41,1.39042329172643,1,0.06723007
41,1.39042329172643,2,0.06728403
41,1.39042329172643,3,0.06708851
41,1.39042329172643,4,0.067238
41,1.39042329172643,5,0.06756447
41,1.39042329172643,6,0.06723145
41,1.39042329172643,7,0.06701835
41,1.39042329172643,8,0.06705482
41,1.39042329172643,9,0.06719494
41,1.39042329172643,10,0.06702399
41,1.39042329172643,11,0.06719107
41,1.39042329172643,12,0.06713711
41,1.39042329172643,13,0.06747716
41,1.39042329172643,14,0.06747625
41,1.39042329172643,15,0.06774092
42,1.39957884456923,0,0.06802644
42,1.39957884456923,1,0.06815322
42,1.39957884456923,2,0.06754502
42,1.39957884456923,3,0.06791092
42,1.39957884456923,4,0.06801075
42,1.39957884456923,5,0.06801175
42,1.39957884456923,6,0.06778388
42,1.39957884456923,7,0.06801736
42,1.39957884456923,8,0.06811283
42,1.39957884456923,9,0.06766178
42,1.39957884456923,10,0.06794251
42,1.39957884456923,11,0.06781735
42,1.39957884456923,12,0.06769972
42,1.39957884456923,13,0.06800779
42,1.39957884456923,14,0.06767779
42,1.39957884456923,15,0.06767042
43,1.41056550798059,0,0.06822754
43,1.41056550798059,1,0.06790121
43,1.41056550798059,2,0.06824144
43,1.41056550798059,3,0.06813028
43,1.41056550798059,4,0.06843323
43,1.41056550798059,5,0.06808803
43,1.41056550798059,6,0.06822247
43,1.41056550798059,7,0.06787308
43,1.41056550798059,8,0.06805677
43,1.41056550798059,9,0.06808076
43,1.41056550798059,10,0.0684367
43,1.41056550798059,11,0.06807484
43,1.41056550798059,12,0.06808076
43,1.41056550798059,13,0.06799337
43,1.41056550798059,14,0.06815442
43,1.41056550798059,15,0.0679265
44,1.42033143101291,0,0.06874608
44,1.42033143101291,1,0.06858779
44,1.42033143101291,2,0.06864902
44,1.42033143101291,3,0.06864453
44,1.42033143101291,4,0.06859267
44,1.42033143101291,5,0.06855597
44,1.42033143101291,6,0.06856571
44,1.42033143101291,7,0.06890575
44,1.42033143101291,8,0.06880859
44,1.42033143101291,9,0.06888842
44,1.42033143101291,10,0.06887423
44,1.42033143101291,11,0.06878034
44,1.42033143101291,12,0.06869704
44,1.42033143101291,13,0.06874627
44,1.42033143101291,14,0.06829654
44,1.42033143101291,15,0.06883769
45,1.42948698385571,0,0.06902844
45,1.42948698385571,1,0.06941961
45,1.42948698385571,2,0.06909472
45,1.42948698385571,3,0.0688811
45,1.42948698385571,4,0.06891789
45,1.42948698385571,5,0.06924452
45,1.42948698385571,6,0.06944279
45,1.42948698385571,7,0.06919112
45,1.42948698385571,8,0.06923223
45,1.42948698385571,9,0.06917969
45,1.42948698385571,10,0.0690335
45,1.42948698385571,11,0.06916342
45,1.42948698385571,12,0.06902087
45,1.42948698385571,13,0.06884839
45,1.42948698385571,14,0.06919233
45,1.42948698385571,15,0.06857438
46,1.43986327707755,0,0.06912057
46,1.43986327707755,1,0.06956222
46,1.43986327707755,2,0.06928637
46,1.43986327707755,3,0.06910466
46,1.43986327707755,4,0.06919524
46,1.43986327707755,5,0.06957732
46,1.43986327707755,6,0.06916488
46,1.43986327707755,7,0.06924471
46,1.43986327707755,8,0.0693348
46,1.43986327707755,9,0.0693084
46,1.43986327707755,10,0.06935667
46,1.43986327707755,11,0.06924221
46,1.43986327707755,12,0.0693497
46,1.43986327707755,13,0.06930539
46,1.43986327707755,14,0.06901644
46,1.43986327707755,15,0.0693497
47,1.44962920010987,0,0.06951916
47,1.44962920010987,1,0.06924809
47,1.44962920010987,2,0.06933826
47,1.44962920010987,3,0.06937388
47,1.44962920010987,4,0.06940942
47,1.44962920010987,5,0.06941665
47,1.44962920010987,6,0.06929902
47,1.44962920010987,7,0.06919855
47,1.44962920010987,8,0.06919485
47,1.44962920010987,9,0.0693483
47,1.44962920010987,10,0.06948198
47,1.44962920010987,11,0.06951821
47,1.44962920010987,12,0.06945383
47,1.44962920010987,13,0.06921401
47,1.44962920010987,14,0.06942587
47,1.44962920010987,15,0.06903958
48,1.45939512314219,0,0.06937239
48,1.45939512314219,1,0.06969018
48,1.45939512314219,2,0.06963032
48,1.45939512314219,3,0.06949513
48,1.45939512314219,4,0.0694209
48,1.45939512314219,5,0.06919394
48,1.45939512314219,6,0.06945327
48,1.45939512314219,7,0.06946883
48,1.45939512314219,8,0.06937193
48,1.45939512314219,9,0.06956372
48,1.45939512314219,10,0.06940114
48,1.45939512314219,11,0.06945895
48,1.45939512314219,12,0.06923749
48,1.45939512314219,13,0.06966218
48,1.45939512314219,14,0.06935236
48,1.45939512314219,15,0.06930826
49,1.46977141636402,0,0.06981418
49,1.46977141636402,1,0.06997617
49,1.46977141636402,2,0.06992809
49,1.46977141636402,3,0.07007237
49,1.46977141636402,4,0.06980997
49,1.46977141636402,5,0.06966244
49,1.46977141636402,6,0.06996152
49,1.46977141636402,7,0.06974298
49,1.46977141636402,8,0.06980339
49,1.46977141636402,9,0.07016425
49,1.46977141636402,10,0.0699847
49,1.46977141636402,11,0.06981915
49,1.46977141636402,12,0.06970026
49,1.46977141636402,13,0.0697211
49,1.46977141636402,14,0.0700129
49,1.46977141636402,15,0.06993401
50,1.47953733939634,0,0.06995374
50,1.47953733939634,1,0.07006233
50,1.47953733939634,2,0.07029743
50,1.47953733939634,3,0.07037707
50,1.47953733939634,4,0.07052722
50,1.47953733939634,5,0.07007397
50,1.47953733939634,6,0.07067922
50,1.47953733939634,7,0.07057278
50,1.47953733939634,8,0.07030907
50,1.47953733939634,9,0.07024575
50,1.47953733939634,10,0.07018939
50,1.47953733939634,11,0.0700951
50,1.47953733939634,12,0.07030837
50,1.47953733939634,13,0.07056595
50,1.47953733939634,14,0.07080452
50,1.47953733939634,15,0.07071645
51,1.48991363261818,0,0.0711194
51,1.48991363261818,1,0.0712013
51,1.48991363261818,2,0.07096957
51,1.48991363261818,3,0.0710481
51,1.48991363261818,4,0.07119102
51,1.48991363261818,5,0.07134894
51,1.48991363261818,6,0.0710882
51,1.48991363261818,7,0.07136063
51,1.48991363261818,8,0.07090925
51,1.48991363261818,9,0.07125023
51,1.48991363261818,10,0.07089996
51,1.48991363261818,11,0.07112813
51,1.48991363261818,12,0.07121958
51,1.48991363261818,13,0.07091472
51,1.48991363261818,14,0.07108815
51,1.48991363261818,15,0.07131698
52,1.4996795556505,0,0.07177036
52,1.4996795556505,1,0.07166674
52,1.4996795556505,2,0.07150149
52,1.4996795556505,3,0.07133664
52,1.4996795556505,4,0.07141583
52,1.4996795556505,5,0.07119549
52,1.4996795556505,6,0.07161681
52,1.4996795556505,7,0.07174497
52,1.4996795556505,8,0.07187258
52,1.4996795556505,9,0.07193882
52,1.4996795556505,10,0.07143665
52,1.4996795556505,11,0.07168325
52,1.4996795556505,12,0.07142672
52,1.4996795556505,13,0.07143907
52,1.4996795556505,14,0.07151312
52,1.4996795556505,15,0.07144891
53,1.50944547868282,0,0.07228206
53,1.50944547868282,1,0.07203311
53,1.50944547868282,2,0.07185467
53,1.50944547868282,3,0.07200452
53,1.50944547868282,4,0.0719493
53,1.50944547868282,5,0.07190369
53,1.50944547868282,6,0.07212079
53,1.50944547868282,7,0.07206544
53,1.50944547868282,8,0.07199353
53,1.50944547868282,9,0.07224503
53,1.50944547868282,10,0.07198983
53,1.50944547868282,11,0.07189662
53,1.50944547868282,12,0.07175235
53,1.50944547868282,13,0.07182405
53,1.50944547868282,14,0.07174803
53,1.50944547868282,15,0.07185156
54,1.51982177190466,0,0.07201008
54,1.51982177190466,1,0.07210584
54,1.51982177190466,2,0.07209533
54,1.51982177190466,3,0.07221577
54,1.51982177190466,4,0.07199322
54,1.51982177190466,5,0.07215237
54,1.51982177190466,6,0.0719496
54,1.51982177190466,7,0.07199207
54,1.51982177190466,8,0.0719179
54,1.51982177190466,9,0.07189593
54,1.51982177190466,10,0.07207964
54,1.51982177190466,11,0.07202207
54,1.51982177190466,12,0.07195269
54,1.51982177190466,13,0.07223405
54,1.51982177190466,14,0.0719047
54,1.51982177190466,15,0.07192989
55,1.52897732474746,0,0.07235418
55,1.52897732474746,1,0.07206528
55,1.52897732474746,2,0.07210427
55,1.52897732474746,3,0.07195117
55,1.52897732474746,4,0.07225464
55,1.52897732474746,5,0.07200712
55,1.52897732474746,6,0.07231881
55,1.52897732474746,7,0.07200918
55,1.52897732474746,8,0.07218577
55,1.52897732474746,9,0.07208908
55,1.52897732474746,10,0.07245765
55,1.52897732474746,11,0.07257739
55,1.52897732474746,12,0.07224467
55,1.52897732474746,13,0.07198499
55,1.52897732474746,14,0.07239097
55,1.52897732474746,15,0.07221572
56,1.5393536179693,0,0.07260396
56,1.5393536179693,1,0.07268937
56,1.5393536179693,2,0.07305687
56,1.5393536179693,3,0.07272899
56,1.5393536179693,4,0.07248743
56,1.5393536179693,5,0.07262773
56,1.5393536179693,6,0.07237069
56,1.5393536179693,7,0.07216959
56,1.5393536179693,8,0.07282899
56,1.5393536179693,9,0.0724418
56,1.5393536179693,10,0.07244319
56,1.5393536179693,11,0.072716
56,1.5393536179693,12,0.0726881
56,1.5393536179693,13,0.07275921
56,1.5393536179693,14,0.07221904
56,1.5393536179693,15,0.07245701
57,1.54911954100162,0,0.07232432
57,1.54911954100162,1,0.07241756
57,1.54911954100162,2,0.07264479
57,1.54911954100162,3,0.07239161
57,1.54911954100162,4,0.07237445
57,1.54911954100162,5,0.07260408
57,1.54911954100162,6,0.07228801
57,1.54911954100162,7,0.07246494
57,1.54911954100162,8,0.07267686
57,1.54911954100162,9,0.07254517
57,1.54911954100162,10,0.07246663
57,1.54911954100162,11,0.07283152
57,1.54911954100162,12,0.07216755
57,1.54911954100162,13,0.07263745
57,1.54911954100162,14,0.07244223
57,1.54911954100162,15,0.07262832
58,1.55949583422346,0,0.07300278
58,1.55949583422346,1,0.07313468
58,1.55949583422346,2,0.07293659
58,1.55949583422346,3,0.07297928
58,1.55949583422346,4,0.07318823
58,1.55949583422346,5,0.07335469
58,1.55949583422346,6,0.07312343
58,1.55949583422346,7,0.07323773
58,1.55949583422346,8,0.07330429
58,1.55949583422346,9,0.07325537
58,1.55949583422346,10,0.07318719
58,1.55949583422346,11,0.0733308
58,1.55949583422346,12,0.07299729
58,1.55949583422346,13,0.07313494
58,1.55949583422346,14,0.07307213
58,1.55949583422346,15,0.0732054
59,1.5698721274453,0,0.07372238
59,1.5698721274453,1,0.07331412
59,1.5698721274453,2,0.07366956
59,1.5698721274453,3,0.0734083
59,1.5698721274453,4,0.07327027
59,1.5698721274453,5,0.07393219
59,1.5698721274453,6,0.07352298
59,1.5698721274453,7,0.07372249
59,1.5698721274453,8,0.07366412
59,1.5698721274453,9,0.0739313
59,1.5698721274453,10,0.07337708
59,1.5698721274453,11,0.07381915
59,1.5698721274453,12,0.07370379
59,1.5698721274453,13,0.07380574
59,1.5698721274453,14,0.07352287
59,1.5698721274453,15,0.07347237
60,1.57963805047761,0,0.07401935
60,1.57963805047761,1,0.073719
60,1.57963805047761,2,0.07406768
60,1.57963805047761,3,0.07380072
60,1.57963805047761,4,0.0739034
60,1.57963805047761,5,0.07377246
60,1.57963805047761,6,0.07384747
60,1.57963805047761,7,0.07364542
60,1.57963805047761,8,0.07373343
60,1.57963805047761,9,0.07371937
60,1.57963805047761,10,0.07393901
60,1.57963805047761,11,0.07370437
60,1.57963805047761,12,0.073908
60,1.57963805047761,13,0.07392105
60,1.57963805047761,14,0.07374652
60,1.57963805047761,15,0.07431247
61,1.58879360332041,0,0.07388935
61,1.58879360332041,1,0.07399331
61,1.58879360332041,2,0.07378139
61,1.58879360332041,3,0.07413081
61,1.58879360332041,4,0.07411534
61,1.58879360332041,5,0.07443944
61,1.58879360332041,6,0.07423603
61,1.58879360332041,7,0.07430386
61,1.58879360332041,8,0.07410266
61,1.58879360332041,9,0.07421105
61,1.58879360332041,10,0.07410604
61,1.58879360332041,11,0.0741661
61,1.58879360332041,12,0.07435457
61,1.58879360332041,13,0.07417285
61,1.58879360332041,14,0.07402971
61,1.58879360332041,15,0.07414476
62,1.59978026673177,0,0.07471418
62,1.59978026673177,1,0.07469918
62,1.59978026673177,2,0.07484788
62,1.59978026673177,3,0.07452513
62,1.59978026673177,4,0.07495095
62,1.59978026673177,5,0.07457431
62,1.59978026673177,6,0.07447659
62,1.59978026673177,7,0.07459179
62,1.59978026673177,8,0.07438885
62,1.59978026673177,9,0.07483341
62,1.59978026673177,10,0.07481608
62,1.59978026673177,11,0.07468164
62,1.59978026673177,12,0.07482934
62,1.59978026673177,13,0.07477947
62,1.59978026673177,14,0.07466876
62,1.59978026673177,15,0.07478561
63,1.60893581957457,0,0.07488095
63,1.60893581957457,1,0.0749213
63,1.60893581957457,2,0.07457807
63,1.60893581957457,3,0.07496149
63,1.60893581957457,4,0.07482876
63,1.60893581957457,5,0.07454943
63,1.60893581957457,6,0.07485247
63,1.60893581957457,7,0.07502183
63,1.60893581957457,8,0.07462159
63,1.60893581957457,9,0.0747089
63,1.60893581957457,10,0.07452814
63,1.60893581957457,11,0.07457896
63,1.60893581957457,12,0.07456174
63,1.60893581957457,13,0.07507317
63,1.60893581957457,14,0.07474476
63,1.60893581957457,15,0.07477315
64,1.61992248298593,0,0.07496789
64,1.61992248298593,1,0.07515324
64,1.61992248298593,2,0.07463907
64,1.61992248298593,3,0.07479511
64,1.61992248298593,4,0.07488818
64,1.61992248298593,5,0.0750009
64,1.61992248298593,6,0.07489246
64,1.61992248298593,7,0.07504935
64,1.61992248298593,8,0.07478803
64,1.61992248298593,9,0.07520306
64,1.61992248298593,10,0.07490604
64,1.61992248298593,11,0.07512123
64,1.61992248298593,12,0.07506256
64,1.61992248298593,13,0.07521605
64,1.61992248298593,14,0.07500556
64,1.61992248298593,15,0.07545766
65,1.62968840601825,0,0.07533322
65,1.62968840601825,1,0.07563558
65,1.62968840601825,2,0.07565459
65,1.62968840601825,3,0.07510365
65,1.62968840601825,4,0.07522181
65,1.62968840601825,5,0.0756713
65,1.62968840601825,6,0.07552675
65,1.62968840601825,7,0.07567082
65,1.62968840601825,8,0.07560864
65,1.62968840601825,9,0.07555197
65,1.62968840601825,10,0.07558127
65,1.62968840601825,11,0.07561614
65,1.62968840601825,12,0.07543528
65,1.62968840601825,13,0.07540632
65,1.62968840601825,14,0.07542729
65,1.62968840601825,15,0.07558572
66,1.63945432905057,0,0.07570271
66,1.63945432905057,1,0.07575124
66,1.63945432905057,2,0.07582495
66,1.63945432905057,3,0.07576076
66,1.63945432905057,4,0.07580557
66,1.63945432905057,5,0.0758484
66,1.63945432905057,6,0.07592686
66,1.63945432905057,7,0.07616094
66,1.63945432905057,8,0.07579996
66,1.63945432905057,9,0.07586747
66,1.63945432905057,10,0.07577386
66,1.63945432905057,11,0.07573334
66,1.63945432905057,12,0.07564399
66,1.63945432905057,13,0.07616745
66,1.63945432905057,14,0.07563056
66,1.63945432905057,15,0.0755648
67,1.64983062227241,0,0.07555095
67,1.64983062227241,1,0.07540949
67,1.64983062227241,2,0.07591231
67,1.64983062227241,3,0.07559226
67,1.64983062227241,4,0.07579678
67,1.64983062227241,5,0.07553649
67,1.64983062227241,6,0.07595436
67,1.64983062227241,7,0.07583335
67,1.64983062227241,8,0.07576874
67,1.64983062227241,9,0.07567979
67,1.64983062227241,10,0.07597291
67,1.64983062227241,11,0.07599534
67,1.64983062227241,12,0.07608225
67,1.64983062227241,13,0.07571466
67,1.64983062227241,14,0.0757156
67,1.64983062227241,15,0.07577267
68,1.66020691549425,0,0.0759896
68,1.66020691549425,1,0.07574242
68,1.66020691549425,2,0.07587936
68,1.66020691549425,3,0.07608331
68,1.66020691549425,4,0.07603685
68,1.66020691549425,5,0.07600592
68,1.66020691549425,6,0.07595742
68,1.66020691549425,7,0.07607791
68,1.66020691549425,8,0.07620583
68,1.66020691549425,9,0.07622159
68,1.66020691549425,10,0.07583264
68,1.66020691549425,11,0.0762236
68,1.66020691549425,12,0.07585625
68,1.66020691549425,13,0.07579689
68,1.66020691549425,14,0.07608339
68,1.66020691549425,15,0.07582621
69,1.66997283852657,0,0.07626342
69,1.66997283852657,1,0.07585546
69,1.66997283852657,2,0.07589202
69,1.66997283852657,3,0.07604881
69,1.66997283852657,4,0.07609188
69,1.66997283852657,5,0.0763011
69,1.66997283852657,6,0.07615709
69,1.66997283852657,7,0.07631823
69,1.66997283852657,8,0.07614665
69,1.66997283852657,9,0.075842
69,1.66997283852657,10,0.07611542
69,1.66997283852657,11,0.07614093
69,1.66997283852657,12,0.07612058
69,1.66997283852657,13,0.07632142
69,1.66997283852657,14,0.0760459
69,1.66997283852657,15,0.07603031
70,1.67912839136937,0,0.07638364
70,1.67912839136937,1,0.07612229
70,1.67912839136937,2,0.07647044
70,1.67912839136937,3,0.07615858
70,1.67912839136937,4,0.07629342
70,1.67912839136937,5,0.07618492
70,1.67912839136937,6,0.07617193
70,1.67912839136937,7,0.07628488
70,1.67912839136937,8,0.07614125
70,1.67912839136937,9,0.07589515
70,1.67912839136937,10,0.07622091
70,1.67912839136937,11,0.07622515
70,1.67912839136937,12,0.07616596
70,1.67912839136937,13,0.07614551
70,1.67912839136937,14,0.07614733
70,1.67912839136937,15,0.07606278
71,1.69011505478072,0,0.076379
71,1.69011505478072,1,0.07649258
71,1.69011505478072,2,0.07666504
71,1.69011505478072,3,0.07659223
71,1.69011505478072,4,0.0760458
71,1.69011505478072,5,0.07635174
71,1.69011505478072,6,0.07665869
71,1.69011505478072,7,0.07610512
71,1.69011505478072,8,0.07659934
71,1.69011505478072,9,0.07598167
71,1.69011505478072,10,0.07617732
71,1.69011505478072,11,0.07639845
71,1.69011505478072,12,0.07624601
71,1.69011505478072,13,0.07632192
71,1.69011505478072,14,0.07591727
71,1.69011505478072,15,0.07609459
72,1.69988097781304,0,0.07645794
72,1.69988097781304,1,0.07622997
72,1.69988097781304,2,0.0764783
72,1.69988097781304,3,0.07648517
72,1.69988097781304,4,0.07640062
72,1.69988097781304,5,0.07633021
72,1.69988097781304,6,0.07646843
72,1.69988097781304,7,0.07645188
72,1.69988097781304,8,0.07653462
72,1.69988097781304,9,0.07621123
72,1.69988097781304,10,0.07634857
72,1.69988097781304,11,0.07641798
72,1.69988097781304,12,0.07654553
72,1.69988097781304,13,0.07612112
72,1.69988097781304,14,0.07625922
72,1.69988097781304,15,0.07618953
73,1.70964690084536,0,0.07649865
73,1.70964690084536,1,0.07643475
73,1.70964690084536,2,0.07663764
73,1.70964690084536,3,0.07660164
73,1.70964690084536,4,0.07629537
73,1.70964690084536,5,0.07655263
73,1.70964690084536,6,0.07639959
73,1.70964690084536,7,0.07628734
73,1.70964690084536,8,0.07626486
73,1.70964690084536,9,0.07630061
73,1.70964690084536,10,0.07623632
73,1.70964690084536,11,0.07625661
73,1.70964690084536,12,0.07608181
73,1.70964690084536,13,0.07615484
73,1.70964690084536,14,0.07638592
73,1.70964690084536,15,0.07644256
74,1.71941282387768,0,0.07670534
74,1.71941282387768,1,0.07670602
74,1.71941282387768,2,0.07688349
74,1.71941282387768,3,0.07654599
74,1.71941282387768,4,0.07648172
74,1.71941282387768,5,0.07649019
74,1.71941282387768,6,0.07667084
74,1.71941282387768,7,0.07695074
74,1.71941282387768,8,0.07703555
74,1.71941282387768,9,0.0765233
74,1.71941282387768,10,0.07691885
74,1.71941282387768,11,0.07665365
74,1.71941282387768,12,0.07682673
74,1.71941282387768,13,0.07699273
74,1.71941282387768,14,0.07674963
74,1.71941282387768,15,0.07694684
75,1.72978911709952,0,0.07700187
75,1.72978911709952,1,0.07651382
75,1.72978911709952,2,0.07659362
75,1.72978911709952,3,0.07687926
75,1.72978911709952,4,0.07700834
75,1.72978911709952,5,0.07697599
75,1.72978911709952,6,0.07672447
75,1.72978911709952,7,0.07703153
75,1.72978911709952,8,0.07710138
75,1.72978911709952,9,0.07714789
75,1.72978911709952,10,0.07685149
75,1.72978911709952,11,0.07723019
75,1.72978911709952,12,0.07734991
75,1.72978911709952,13,0.07734115
75,1.72978911709952,14,0.07712883
75,1.72978911709952,15,0.0773445
76,1.73894466994232,0,0.07702751
76,1.73894466994232,1,0.07706141
76,1.73894466994232,2,0.07724971
76,1.73894466994232,3,0.07716919
76,1.73894466994232,4,0.0769378
76,1.73894466994232,5,0.07712638
76,1.73894466994232,6,0.07704742
76,1.73894466994232,7,0.07697109
76,1.73894466994232,8,0.07691923
76,1.73894466994232,9,0.07699344
76,1.73894466994232,10,0.07708356
76,1.73894466994232,11,0.07707191
76,1.73894466994232,12,0.07712592
76,1.73894466994232,13,0.07695252
76,1.73894466994232,14,0.07726315
76,1.73894466994232,15,0.07721274
77,1.74993133335368,0,0.07744513
77,1.74993133335368,1,0.07741749
77,1.74993133335368,2,0.07707792
77,1.74993133335368,3,0.07727642
77,1.74993133335368,4,0.0773
77,1.74993133335368,5,0.07658659
77,1.74993133335368,6,0.07718123
77,1.74993133335368,7,0.07708306
77,1.74993133335368,8,0.07704102
77,1.74993133335368,9,0.07693551
77,1.74993133335368,10,0.07727842
77,1.74993133335368,11,0.07714443
77,1.74993133335368,12,0.07694489
77,1.74993133335368,13,0.07692571
77,1.74993133335368,14,0.07685578
77,1.74993133335368,15,0.0765873
78,1.759697256386,0,0.07710463
78,1.759697256386,1,0.07690129
78,1.759697256386,2,0.0773688
78,1.759697256386,3,0.07722154
78,1.759697256386,4,0.07702824
78,1.759697256386,5,0.07708874
78,1.759697256386,6,0.07721391
78,1.759697256386,7,0.07721876
78,1.759697256386,8,0.07713987
78,1.759697256386,9,0.0770816
78,1.759697256386,10,0.0771872
78,1.759697256386,11,0.07737957
78,1.759697256386,12,0.07715793
78,1.759697256386,13,0.07717822
78,1.759697256386,14,0.07700728
78,1.759697256386,15,0.07689538
79,1.76946317941832,0,0.07739329
79,1.76946317941832,1,0.07766599
79,1.76946317941832,2,0.0772467
79,1.76946317941832,3,0.07716479
79,1.76946317941832,4,0.07737349
79,1.76946317941832,5,0.07719719
79,1.76946317941832,6,0.07720164
79,1.76946317941832,7,0.07703282
79,1.76946317941832,8,0.07712135
79,1.76946317941832,9,0.07714488
79,1.76946317941832,10,0.07727703
79,1.76946317941832,11,0.07747396
79,1.76946317941832,12,0.07763249
79,1.76946317941832,13,0.07752906
79,1.76946317941832,14,0.07743783
79,1.76946317941832,15,0.07753246
80,1.77922910245064,0,0.07794311
80,1.77922910245064,1,0.07795382
80,1.77922910245064,2,0.07793754
80,1.77922910245064,3,0.07772961
80,1.77922910245064,4,0.07769365
80,1.77922910245064,5,0.07751138
80,1.77922910245064,6,0.07783595
80,1.77922910245064,7,0.07801905
80,1.77922910245064,8,0.07780572
80,1.77922910245064,9,0.07802106
80,1.77922910245064,10,0.07796491
80,1.77922910245064,11,0.07781097
80,1.77922910245064,12,0.07778448
80,1.77922910245064,13,0.07763249
80,1.77922910245064,14,0.07800411
80,1.77922910245064,15,0.07798431
81,1.78960539567248,0,0.07779741
81,1.78960539567248,1,0.0779774
81,1.78960539567248,2,0.07813837
81,1.78960539567248,3,0.07803985
81,1.78960539567248,4,0.0781019
81,1.78960539567248,5,0.07779005
81,1.78960539567248,6,0.07769527
81,1.78960539567248,7,0.07771478
81,1.78960539567248,8,0.07783254
81,1.78960539567248,9,0.07807202
81,1.78960539567248,10,0.0780471
81,1.78960539567248,11,0.07790687
81,1.78960539567248,12,0.07781604
81,1.78960539567248,13,0.07811016
81,1.78960539567248,14,0.07785914
81,1.78960539567248,15,0.07808997
82,1.79998168889431,0,0.07794271
82,1.79998168889431,1,0.07801498
82,1.79998168889431,2,0.07760823
82,1.79998168889431,3,0.07768545
82,1.79998168889431,4,0.07771813
82,1.79998168889431,5,0.07781286
82,1.79998168889431,6,0.0777081
82,1.79998168889431,7,0.07749381
82,1.79998168889431,8,0.07785981
82,1.79998168889431,9,0.07795415
82,1.79998168889431,10,0.07780506
82,1.79998168889431,11,0.07760299
82,1.79998168889431,12,0.07781214
82,1.79998168889431,13,0.07776657
82,1.79998168889431,14,0.07776017
82,1.79998168889431,15,0.07771802
83,1.80974761192663,0,0.07791595
83,1.80974761192663,1,0.07791969
83,1.80974761192663,2,0.07789142
83,1.80974761192663,3,0.07800321
83,1.80974761192663,4,0.07804459
83,1.80974761192663,5,0.07817818
83,1.80974761192663,6,0.07790988
83,1.80974761192663,7,0.07829371
83,1.80974761192663,8,0.07796162
83,1.80974761192663,9,0.07816168
83,1.80974761192663,10,0.07806259
83,1.80974761192663,11,0.07783544
83,1.80974761192663,12,0.07764051
83,1.80974761192663,13,0.07726816
83,1.80974761192663,14,0.07749309
83,1.80974761192663,15,0.07751104
84,1.82012390514847,0,0.07768116
84,1.82012390514847,1,0.07778125
84,1.82012390514847,2,0.07808546
84,1.82012390514847,3,0.07788456
84,1.82012390514847,4,0.07797679
84,1.82012390514847,5,0.07810447
84,1.82012390514847,6,0.07785953
84,1.82012390514847,7,0.07803578
84,1.82012390514847,8,0.07838097
84,1.82012390514847,9,0.0781866
84,1.82012390514847,10,0.07821482
84,1.82012390514847,11,0.07765635
84,1.82012390514847,12,0.07781921
84,1.82012390514847,13,0.0779571
84,1.82012390514847,14,0.07795008
84,1.82012390514847,15,0.07791093
85,1.82988982818079,0,0.07770396
85,1.82988982818079,1,0.07756446
85,1.82988982818079,2,0.07777829
85,1.82988982818079,3,0.07785474
85,1.82988982818079,4,0.07757109
85,1.82988982818079,5,0.07801147
85,1.82988982818079,6,0.07773168
85,1.82988982818079,7,0.07765256
85,1.82988982818079,8,0.07767899
85,1.82988982818079,9,0.07747474
85,1.82988982818079,10,0.07731511
85,1.82988982818079,11,0.07748126
85,1.82988982818079,12,0.07759329
85,1.82988982818079,13,0.07724999
85,1.82988982818079,14,0.07756942
85,1.82988982818079,15,0.07733837
86,1.83965575121311,0,0.07781425
86,1.83965575121311,1,0.07788467
86,1.83965575121311,2,0.07771166
86,1.83965575121311,3,0.07769727
86,1.83965575121311,4,0.07799391
86,1.83965575121311,5,0.07803773
86,1.83965575121311,6,0.07759095
86,1.83965575121311,7,0.07758363
86,1.83965575121311,8,0.07754394
86,1.83965575121311,9,0.07781977
86,1.83965575121311,10,0.07776385
86,1.83965575121311,11,0.07780695
86,1.83965575121311,12,0.07757968
86,1.83965575121311,13,0.07768974
86,1.83965575121311,14,0.07727798
86,1.83965575121311,15,0.07744882
87,1.84942167424543,0,0.07764944
87,1.84942167424543,1,0.07777584
87,1.84942167424543,2,0.07780538
87,1.84942167424543,3,0.07759435
87,1.84942167424543,4,0.07767481
87,1.84942167424543,5,0.07776875
87,1.84942167424543,6,0.07810832
87,1.84942167424543,7,0.07808657
87,1.84942167424543,8,0.07801425
87,1.84942167424543,9,0.07795966
87,1.84942167424543,10,0.07783733
87,1.84942167424543,11,0.07834411
87,1.84942167424543,12,0.07843488
87,1.84942167424543,13,0.07837573
87,1.84942167424543,14,0.0782709
87,1.84942167424543,15,0.07785412
88,1.86040833765679,0,0.07843946
88,1.86040833765679,1,0.07870353
88,1.86040833765679,2,0.07836881
88,1.86040833765679,3,0.07835304
88,1.86040833765679,4,0.07829315
88,1.86040833765679,5,0.07859118
88,1.86040833765679,6,0.07855605
88,1.86040833765679,7,0.0784786
88,1.86040833765679,8,0.07871301
88,1.86040833765679,9,0.07847971
88,1.86040833765679,10,0.07817389
88,1.86040833765679,11,0.07820779
88,1.86040833765679,12,0.07850805
88,1.86040833765679,13,0.07836358
88,1.86040833765679,14,0.07819028
88,1.86040833765679,15,0.07861392
89,1.86895352031007,0,0.07799597
89,1.86895352031007,1,0.07810313
89,1.86895352031007,2,0.07809477
89,1.86895352031007,3,0.07807113
89,1.86895352031007,4,0.07841688
89,1.86895352031007,5,0.07824258
89,1.86895352031007,6,0.07801286
89,1.86895352031007,7,0.07821609
89,1.86895352031007,8,0.0778432
89,1.86895352031007,9,0.07804375
89,1.86895352031007,10,0.07787771
89,1.86895352031007,11,0.0779348
89,1.86895352031007,12,0.07846622
89,1.86895352031007,13,0.07835315
89,1.86895352031007,14,0.07836614
89,1.86895352031007,15,0.07810012
90,1.88055055391095,0,0.07823935
90,1.88055055391095,1,0.07810302
90,1.88055055391095,2,0.07812527
90,1.88055055391095,3,0.07836732
90,1.88055055391095,4,0.07784258
90,1.88055055391095,5,0.07813018
90,1.88055055391095,6,0.07818415
90,1.88055055391095,7,0.07829259
90,1.88055055391095,8,0.07819731
90,1.88055055391095,9,0.07813346
90,1.88055055391095,10,0.07759931
90,1.88055055391095,11,0.07804871
90,1.88055055391095,12,0.07769945
90,1.88055055391095,13,0.07813402
90,1.88055055391095,14,0.07823528
90,1.88055055391095,15,0.07817628
91,1.88970610675375,0,0.07813575
91,1.88970610675375,1,0.07835031
91,1.88970610675375,2,0.07819747
91,1.88970610675375,3,0.07825184
91,1.88970610675375,4,0.07812554
91,1.88970610675375,5,0.07785027
91,1.88970610675375,6,0.07818387
91,1.88970610675375,7,0.07832042
91,1.88970610675375,8,0.07793067
91,1.88970610675375,9,0.07826979
91,1.88970610675375,10,0.07816837
91,1.88970610675375,11,0.07842512
91,1.88970610675375,12,0.07819552
91,1.88970610675375,13,0.07812058
91,1.88970610675375,14,0.07815828
91,1.88970610675375,15,0.07807949
92,1.89886165959655,0,0.07840188
92,1.89886165959655,1,0.07824955
92,1.89886165959655,2,0.07807419
92,1.89886165959655,3,0.07856196
92,1.89886165959655,4,0.07841337
92,1.89886165959655,5,0.07818364
92,1.89886165959655,6,0.0783217
92,1.89886165959655,7,0.07847599
92,1.89886165959655,8,0.07852171
92,1.89886165959655,9,0.07847431
92,1.89886165959655,10,0.07843272
92,1.89886165959655,11,0.07809705
92,1.89886165959655,12,0.07834718
92,1.89886165959655,13,0.07848217
92,1.89886165959655,14,0.07819647
92,1.89886165959655,15,0.07844654
93,1.9098483230079,0,0.07823427
93,1.9098483230079,1,0.07792682
93,1.9098483230079,2,0.07810441
93,1.9098483230079,3,0.078358
93,1.9098483230079,4,0.07826383
93,1.9098483230079,5,0.07818124
93,1.9098483230079,6,0.07836017
93,1.9098483230079,7,0.07811328
93,1.9098483230079,8,0.07817706
93,1.9098483230079,9,0.07795894
93,1.9098483230079,10,0.07821253
93,1.9098483230079,11,0.0781251
93,1.9098483230079,12,0.07866232
93,1.9098483230079,13,0.0779827
93,1.9098483230079,14,0.07818191
93,1.9098483230079,15,0.07814294
94,1.91961424604022,0,0.07827754
94,1.91961424604022,1,0.07844091
94,1.91961424604022,2,0.07812031
94,1.91961424604022,3,0.07805178
94,1.91961424604022,4,0.07777734
94,1.91961424604022,5,0.07793424
94,1.91961424604022,6,0.07769237
94,1.91961424604022,7,0.07828607
94,1.91961424604022,8,0.07818097
94,1.91961424604022,9,0.07814712
94,1.91961424604022,10,0.07836335
94,1.91961424604022,11,0.07823672
94,1.91961424604022,12,0.07848591
94,1.91961424604022,13,0.07845262
94,1.91961424604022,14,0.0784727
94,1.91961424604022,15,0.07834997
95,1.92938016907254,0,0.07859486
95,1.92938016907254,1,0.0781474
95,1.92938016907254,2,0.07820344
95,1.92938016907254,3,0.07833792
95,1.92938016907254,4,0.07824492
95,1.92938016907254,5,0.07805262
95,1.92938016907254,6,0.07854244
95,1.92938016907254,7,0.07834093
95,1.92938016907254,8,0.07845575
95,1.92938016907254,9,0.0782399
95,1.92938016907254,10,0.07822647
95,1.92938016907254,11,0.07831383
95,1.92938016907254,12,0.07809142
95,1.92938016907254,13,0.07816491
95,1.92938016907254,14,0.07813636
95,1.92938016907254,15,0.0785444
96,1.9403668324839,0,0.07844844
96,1.9403668324839,1,0.07867666
96,1.9403668324839,2,0.07839926
96,1.9403668324839,3,0.07840668
96,1.9403668324839,4,0.07839078
96,1.9403668324839,5,0.07833999
96,1.9403668324839,6,0.07855611
96,1.9403668324839,7,0.07825647
96,1.9403668324839,8,0.07834105
96,1.9403668324839,9,0.07842258
96,1.9403668324839,10,0.07815504
96,1.9403668324839,11,0.07855153
96,1.9403668324839,12,0.07863573
96,1.9403668324839,13,0.07846673
96,1.9403668324839,14,0.07822357
96,1.9403668324839,15,0.07822312
97,1.9495223853267,0,0.07831556
97,1.9495223853267,1,0.07855917
97,1.9495223853267,2,0.07837328
97,1.9495223853267,3,0.07830102
97,1.9495223853267,4,0.0784834
97,1.9495223853267,5,0.07853024
97,1.9495223853267,6,0.07858577
97,1.9495223853267,7,0.07853977
97,1.9495223853267,8,0.07853174
97,1.9495223853267,9,0.0787283
97,1.9495223853267,10,0.07855231
97,1.9495223853267,11,0.07842173
97,1.9495223853267,12,0.0783053
97,1.9495223853267,13,0.07833944
97,1.9495223853267,14,0.07861912
97,1.9495223853267,15,0.07860746
98,1.95928830835902,0,0.07833704
98,1.95928830835902,1,0.07840066
98,1.95928830835902,2,0.07819591
98,1.95928830835902,3,0.07837076
98,1.95928830835902,4,0.07831357
98,1.95928830835902,5,0.07827146
98,1.95928830835902,6,0.07843528
98,1.95928830835902,7,0.07836988
98,1.95928830835902,8,0.07829912
98,1.95928830835902,9,0.07838716
98,1.95928830835902,10,0.07853359
98,1.95928830835902,11,0.07809214
98,1.95928830835902,12,0.07791121
98,1.95928830835902,13,0.07816965
98,1.95928830835902,14,0.07820918
98,1.95928830835902,15,0.07827286
99,1.96966460158086,0,0.07834779
99,1.96966460158086,1,0.07843974
99,1.96966460158086,2,0.07837222
99,1.96966460158086,3,0.07830759
99,1.96966460158086,4,0.0784612
99,1.96966460158086,5,0.0785246
99,1.96966460158086,6,0.07853436
99,1.96966460158086,7,0.07850096
99,1.96966460158086,8,0.07852171
99,1.96966460158086,9,0.0784675
99,1.96966460158086,10,0.07844565
99,1.96966460158086,11,0.07832193
99,1.96966460158086,12,0.07851518
99,1.96966460158086,13,0.07843918
99,1.96966460158086,14,0.07837483
99,1.96966460158086,15,0.07848195
100,1.97882015442366,0,0.07834668
100,1.97882015442366,1,0.0787434
100,1.97882015442366,2,0.07854367
100,1.97882015442366,3,0.07820059
100,1.97882015442366,4,0.07822931
100,1.97882015442366,5,0.07852148
100,1.97882015442366,6,0.07845764
100,1.97882015442366,7,0.07851964
100,1.97882015442366,8,0.07833201
100,1.97882015442366,9,0.07869984
100,1.97882015442366,10,0.07824169
100,1.97882015442366,11,0.07866177
100,1.97882015442366,12,0.07856174
100,1.97882015442366,13,0.07844554
100,1.97882015442366,14,0.07836892
100,1.97882015442366,15,0.07817495
101,1.98980681783502,0,0.07832243
101,1.98980681783502,1,0.07848792
101,1.98980681783502,2,0.07845781
101,1.98980681783502,3,0.07828669
101,1.98980681783502,4,0.07848741
101,1.98980681783502,5,0.07852583
101,1.98980681783502,6,0.0785106
101,1.98980681783502,7,0.07838169
101,1.98980681783502,8,0.07833023
101,1.98980681783502,9,0.07835906
101,1.98980681783502,10,0.07824592
101,1.98980681783502,11,0.07861745
101,1.98980681783502,12,0.07825094
101,1.98980681783502,13,0.07860433
101,1.98980681783502,14,0.07835627
101,1.98980681783502,15,0.07789042
102,1.99896237067782,0,0.07835633
102,1.99896237067782,1,0.07829265
102,1.99896237067782,2,0.07811534
102,1.99896237067782,3,0.07848825
102,1.99896237067782,4,0.07852416
102,1.99896237067782,5,0.078558
102,1.99896237067782,6,0.07828713
102,1.99896237067782,7,0.0783198
102,1.99896237067782,8,0.07832689
102,1.99896237067782,9,0.07858381
102,1.99896237067782,10,0.07816447
102,1.99896237067782,11,0.0781982
102,1.99896237067782,12,0.07830554
102,1.99896237067782,13,0.07824565
102,1.99896237067782,14,0.07823545
102,1.99896237067782,15,0.07837746
103,2.00994903408918,0,0.07826723
103,2.00994903408918,1,0.07838175
103,2.00994903408918,2,0.07825078
103,2.00994903408918,3,0.07826818
103,2.00994903408918,4,0.07852878
103,2.00994903408918,5,0.07841526
103,2.00994903408918,6,0.07839363
103,2.00994903408918,7,0.07877228
103,2.00994903408918,8,0.07857312
103,2.00994903408918,9,0.07845195
103,2.00994903408918,10,0.07859095
103,2.00994903408918,11,0.07830799
103,2.00994903408918,12,0.07806683
103,2.00994903408918,13,0.07821175
103,2.00994903408918,14,0.07829248
103,2.00994903408918,15,0.07813737
104,2.01910458693197,0,0.07830475
104,2.01910458693197,1,0.07839714
104,2.01910458693197,2,0.07826795
104,2.01910458693197,3,0.07866188
104,2.01910458693197,4,0.07830314
104,2.01910458693197,5,0.07869929
104,2.01910458693197,6,0.07884582
104,2.01910458693197,7,0.0786582
104,2.01910458693197,8,0.07858889
104,2.01910458693197,9,0.0785745
104,2.01910458693197,10,0.07828803
104,2.01910458693197,11,0.07854786
104,2.01910458693197,12,0.07854044
104,2.01910458693197,13,0.07862352
104,2.01910458693197,14,0.07868195
104,2.01910458693197,15,0.07865797
105,2.02887050996429,0,0.07878895
105,2.02887050996429,1,0.07891541
105,2.02887050996429,2,0.07876983
105,2.02887050996429,3,0.07882179
105,2.02887050996429,4,0.0787686
105,2.02887050996429,5,0.07837824
105,2.02887050996429,6,0.07873151
105,2.02887050996429,7,0.0786374
105,2.02887050996429,8,0.07887615
105,2.02887050996429,9,0.07857963
105,2.02887050996429,10,0.07848702
105,2.02887050996429,11,0.07850576
105,2.02887050996429,12,0.07855465
105,2.02887050996429,13,0.07876676
105,2.02887050996429,14,0.07868168
105,2.02887050996429,15,0.07865697
106,2.03985717337565,0,0.07842819
106,2.03985717337565,1,0.07855126
106,2.03985717337565,2,0.07872723
106,2.03985717337565,3,0.07862692
106,2.03985717337565,4,0.07854691
106,2.03985717337565,5,0.07857021
106,2.03985717337565,6,0.07880969
106,2.03985717337565,7,0.07833849
106,2.03985717337565,8,0.07842819
106,2.03985717337565,9,0.07871947
106,2.03985717337565,10,0.07854312
106,2.03985717337565,11,0.07847147
106,2.03985717337565,12,0.0785826
106,2.03985717337565,13,0.07873743
106,2.03985717337565,14,0.07816614
106,2.03985717337565,15,0.07838961
107,2.04901272621845,0,0.07861014
107,2.04901272621845,1,0.07871313
107,2.04901272621845,2,0.0787022
107,2.04901272621845,3,0.07902399
107,2.04901272621845,4,0.07893682
107,2.04901272621845,5,0.07854774
107,2.04901272621845,6,0.07849623
107,2.04901272621845,7,0.07837211
107,2.04901272621845,8,0.0784485
107,2.04901272621845,9,0.07875834
107,2.04901272621845,10,0.07848134
107,2.04901272621845,11,0.078633
107,2.04901272621845,12,0.07856447
107,2.04901272621845,13,0.07853837
107,2.04901272621845,14,0.07848859
107,2.04901272621845,15,0.07825178
108,2.05877864925077,0,0.07851456
108,2.05877864925077,1,0.07865161
108,2.05877864925077,2,0.07853269
108,2.05877864925077,3,0.07875448
108,2.05877864925077,4,0.07887019
108,2.05877864925077,5,0.07875215
108,2.05877864925077,6,0.0784882
108,2.05877864925077,7,0.07853302
108,2.05877864925077,8,0.07854852
108,2.05877864925077,9,0.07828061
108,2.05877864925077,10,0.07854384
108,2.05877864925077,11,0.07834312
108,2.05877864925077,12,0.07834283
108,2.05877864925077,13,0.07813235
108,2.05877864925077,14,0.07821938
108,2.05877864925077,15,0.07839312
109,2.06915494247261,0,0.07931971
109,2.06915494247261,1,0.07871842
109,2.06915494247261,2,0.07872694
109,2.06915494247261,3,0.07891992
109,2.06915494247261,4,0.07869098
109,2.06915494247261,5,0.07880796
109,2.06915494247261,6,0.07895611
109,2.06915494247261,7,0.078697
109,2.06915494247261,8,0.07911585
109,2.06915494247261,9,0.07730301
109,2.06915494247261,10,0.07770786
109,2.06915494247261,11,0.07755309
109,2.06915494247261,12,0.07771657
109,2.06915494247261,13,0.07779323
109,2.06915494247261,14,0.07755822
109,2.06915494247261,15,0.0778375
110,2.07892086550493,0,0.07753942
110,2.07892086550493,1,0.07784057
110,2.07892086550493,2,0.07790034
110,2.07892086550493,3,0.07805156
110,2.07892086550493,4,0.07796848
110,2.07892086550493,5,0.07797667
110,2.07892086550493,6,0.07791222
110,2.07892086550493,7,0.07783137
110,2.07892086550493,8,0.07752325
110,2.07892086550493,9,0.07204436
110,2.07892086550493,10,0.07197019
110,2.07892086550493,11,0.07209812
110,2.07892086550493,12,0.07209048
110,2.07892086550493,13,0.07207529
110,2.07892086550493,14,0.07194811
110,2.07892086550493,15,0.07216755
111,2.08929715872677,0,0.07227689
111,2.08929715872677,1,0.07210267
111,2.08929715872677,2,0.07216575
111,2.08929715872677,3,0.07225809
111,2.08929715872677,4,0.07242639
111,2.08929715872677,5,0.07219274
111,2.08929715872677,6,0.07257994
111,2.08929715872677,7,0.07263646
111,2.08929715872677,8,0.07228253
111,2.08929715872677,9,0.07238353
111,2.08929715872677,10,0.07249954
111,2.08929715872677,11,0.07236437
111,2.08929715872677,12,0.07228528
111,2.08929715872677,13,0.07244492
111,2.08929715872677,14,0.07240541
111,2.08929715872677,15,0.07245886
112,2.09967345194861,0,0.07302697
112,2.09967345194861,1,0.07253936
112,2.09967345194861,2,0.07274558
112,2.09967345194861,3,0.07259425
112,2.09967345194861,4,0.07289992
112,2.09967345194861,5,0.0726926
112,2.09967345194861,6,0.07267099
112,2.09967345194861,7,0.07269963
112,2.09967345194861,8,0.07295798
112,2.09967345194861,9,0.07271028
112,2.09967345194861,10,0.07283612
112,2.09967345194861,11,0.07272624
112,2.09967345194861,12,0.07270395
112,2.09967345194861,13,0.07282773
112,2.09967345194861,14,0.07276512
112,2.09967345194861,15,0.07292243
113,2.10882900479141,0,0.07317957
113,2.10882900479141,1,0.0731566
113,2.10882900479141,2,0.07288446
113,2.10882900479141,3,0.07311364
113,2.10882900479141,4,0.07307583
113,2.10882900479141,5,0.07295561
113,2.10882900479141,6,0.07312042
113,2.10882900479141,7,0.07313129
113,2.10882900479141,8,0.0729593
113,2.10882900479141,9,0.07280892
113,2.10882900479141,10,0.07276852
113,2.10882900479141,11,0.07288551
113,2.10882900479141,12,0.07293933
113,2.10882900479141,13,0.07317413
113,2.10882900479141,14,0.07302924
113,2.10882900479141,15,0.07319447
114,2.11920529801325,0,0.07328923
114,2.11920529801325,1,0.07301508
114,2.11920529801325,2,0.07306875
114,2.11920529801325,3,0.07333387
114,2.11920529801325,4,0.07304773
114,2.11920529801325,5,0.07296142
114,2.11920529801325,6,0.07302079
114,2.11920529801325,7,0.07306648
114,2.11920529801325,8,0.07321168
114,2.11920529801325,9,0.07319637
114,2.11920529801325,10,0.07323024
114,2.11920529801325,11,0.07337829
114,2.11920529801325,12,0.07344649
114,2.11920529801325,13,0.07341807
114,2.11920529801325,14,0.07309611
114,2.11920529801325,15,0.07344078
115,2.12897122104556,0,0.07366946
115,2.12897122104556,1,0.07343745
115,2.12897122104556,2,0.07328322
115,2.12897122104556,3,0.07346535
115,2.12897122104556,4,0.07334
115,2.12897122104556,5,0.07354743
115,2.12897122104556,6,0.07329351
115,2.12897122104556,7,0.07331776
115,2.12897122104556,8,0.07370986
115,2.12897122104556,9,0.07343624
115,2.12897122104556,10,0.07334269
115,2.12897122104556,11,0.07337829
115,2.12897122104556,12,0.07327191
115,2.12897122104556,13,0.0735047
115,2.12897122104556,14,0.07320281
115,2.12897122104556,15,0.07350475
116,2.13873714407788,0,0.07356883
116,2.13873714407788,1,0.07390516
116,2.13873714407788,2,0.07360269
116,2.13873714407788,3,0.07371636
116,2.13873714407788,4,0.07343033
116,2.13873714407788,5,0.07364346
116,2.13873714407788,6,0.07371324
116,2.13873714407788,7,0.07346023
116,2.13873714407788,8,0.07359318
116,2.13873714407788,9,0.07347886
116,2.13873714407788,10,0.07354917
116,2.13873714407788,11,0.07339193
116,2.13873714407788,12,0.07325649
116,2.13873714407788,13,0.07351267
116,2.13873714407788,14,0.07346403
116,2.13873714407788,15,0.07370004
117,2.1485030671102,0,0.07382306
117,2.1485030671102,1,0.07367886
117,2.1485030671102,2,0.07387557
117,2.1485030671102,3,0.07388106
117,2.1485030671102,4,0.07367099
117,2.1485030671102,5,0.07358071
117,2.1485030671102,6,0.07397223
117,2.1485030671102,7,0.07355382
117,2.1485030671102,8,0.07382919
117,2.1485030671102,9,0.07379491
117,2.1485030671102,10,0.07375872
117,2.1485030671102,11,0.07370178
117,2.1485030671102,12,0.07359144
117,2.1485030671102,13,0.07367838
117,2.1485030671102,14,0.07362694
117,2.1485030671102,15,0.0737218
118,2.15887936033204,0,0.07367083
118,2.15887936033204,1,0.07385724
118,2.15887936033204,2,0.0739613
118,2.15887936033204,3,0.07401159
118,2.15887936033204,4,0.07372618
118,2.15887936033204,5,0.07426371
118,2.15887936033204,6,0.07373627
118,2.15887936033204,7,0.07372058
118,2.15887936033204,8,0.07392786
118,2.15887936033204,9,0.07374889
118,2.15887936033204,10,0.07366814
118,2.15887936033204,11,0.07389316
118,2.15887936033204,12,0.0736048
118,2.15887936033204,13,0.07357522
118,2.15887936033204,14,0.07360454
118,2.15887936033204,15,0.07374927
119,2.16925565355388,0,0.0735571
119,2.16925565355388,1,0.07366201
119,2.16925565355388,2,0.07391487
119,2.16925565355388,3,0.0737817
119,2.16925565355388,4,0.07400446
119,2.16925565355388,5,0.07374282
119,2.16925565355388,6,0.07386041
119,2.16925565355388,7,0.07344474
119,2.16925565355388,8,0.07392818
119,2.16925565355388,9,0.07367991
119,2.16925565355388,10,0.0739333
119,2.16925565355388,11,0.07358414
119,2.16925565355388,12,0.07390267
119,2.16925565355388,13,0.07400335
119,2.16925565355388,14,0.0739931
119,2.16925565355388,15,0.0737817
120,2.1790215765862,0,0.07428415
120,2.1790215765862,1,0.07405818
120,2.1790215765862,2,0.07418643
120,2.1790215765862,3,0.0742392
120,2.1790215765862,4,0.07423349
120,2.1790215765862,5,0.07441891
120,2.1790215765862,6,0.07422642
120,2.1790215765862,7,0.074302
120,2.1790215765862,8,0.07416467
120,2.1790215765862,9,0.07393436
120,2.1790215765862,10,0.07403193
120,2.1790215765862,11,0.07426931
120,2.1790215765862,12,0.07388814
120,2.1790215765862,13,0.07402775
120,2.1790215765862,14,0.07377325
120,2.1790215765862,15,0.07387087
121,2.18878749961852,0,0.07409447
121,2.18878749961852,1,0.07399748
121,2.18878749961852,2,0.07430597
121,2.18878749961852,3,0.07377832
121,2.18878749961852,4,0.07414909
121,2.18878749961852,5,0.07403467
121,2.18878749961852,6,0.07410139
121,2.18878749961852,7,0.07381033
121,2.18878749961852,8,0.07398824
121,2.18878749961852,9,0.07397276
121,2.18878749961852,10,0.07397715
121,2.18878749961852,11,0.07392739
121,2.18878749961852,12,0.0738669
121,2.18878749961852,13,0.07378192
121,2.18878749961852,14,0.074109
121,2.18878749961852,15,0.07379676
122,2.19916379284036,0,0.07410989
122,2.19916379284036,1,0.07382845
122,2.19916379284036,2,0.07403082
122,2.19916379284036,3,0.07367548
122,2.19916379284036,4,0.07355235
122,2.19916379284036,5,0.07395279
122,2.19916379284036,6,0.07366423
122,2.19916379284036,7,0.07400583
122,2.19916379284036,8,0.07435308
122,2.19916379284036,9,0.07408712
122,2.19916379284036,10,0.07419171
122,2.19916379284036,11,0.07407751
122,2.19916379284036,12,0.07394271
122,2.19916379284036,13,0.07418463
122,2.19916379284036,14,0.07421517
122,2.19916379284036,15,0.07399008
123,2.20831934568316,0,0.07404181
123,2.20831934568316,1,0.07429044
123,2.20831934568316,2,0.07406658
123,2.20831934568316,3,0.07417302
123,2.20831934568316,4,0.07412262
123,2.20831934568316,5,0.07412083
123,2.20831934568316,6,0.07423472
123,2.20831934568316,7,0.07409626
123,2.20831934568316,8,0.07399944
123,2.20831934568316,9,0.07419208
123,2.20831934568316,10,0.07416123
123,2.20831934568316,11,0.07408691
123,2.20831934568316,12,0.07403816
123,2.20831934568316,13,0.07395702
123,2.20831934568316,14,0.07396019
123,2.20831934568316,15,0.07402331
124,2.21930600909452,0,0.07424966
124,2.21930600909452,1,0.0743739
124,2.21930600909452,2,0.07432768
124,2.21930600909452,3,0.07423201
124,2.21930600909452,4,0.07408053
124,2.21930600909452,5,0.07423418
124,2.21930600909452,6,0.07432874
124,2.21930600909452,7,0.07431591
124,2.21930600909452,8,0.07430164
124,2.21930600909452,9,0.07430333
124,2.21930600909452,10,0.07430285
124,2.21930600909452,11,0.07423075
124,2.21930600909452,12,0.07459507
124,2.21930600909452,13,0.07421274
124,2.21930600909452,14,0.07451779
124,2.21930600909452,15,0.07435932
125,2.22968230231636,0,0.07444536
125,2.22968230231636,1,0.07429155
125,2.22968230231636,2,0.07404624
125,2.22968230231636,3,0.07423571
125,2.22968230231636,4,0.07405633
125,2.22968230231636,5,0.07432636
125,2.22968230231636,6,0.07419256
125,2.22968230231636,7,0.074052
125,2.22968230231636,8,0.07408306
125,2.22968230231636,9,0.07405142
125,2.22968230231636,10,0.07407561
125,2.22968230231636,11,0.07397503
125,2.22968230231636,12,0.0743008
125,2.22968230231636,13,0.07452117
125,2.22968230231636,14,0.07412484
125,2.22968230231636,15,0.07461683
126,2.23822748496963,0,0.07408823
126,2.23822748496963,1,0.07451373
126,2.23822748496963,2,0.07416567
126,2.23822748496963,3,0.0740549
126,2.23822748496963,4,0.07428098
126,2.23822748496963,5,0.07433628
126,2.23822748496963,6,0.07427222
126,2.23822748496963,7,0.07441774
126,2.23822748496963,8,0.07442076
126,2.23822748496963,9,0.07441416
126,2.23822748496963,10,0.07446111
126,2.23822748496963,11,0.07423709
126,2.23822748496963,12,0.0744321
126,2.23822748496963,13,0.07429514
126,2.23822748496963,14,0.07431263
126,2.23822748496963,15,0.07409324
127,2.24982451857051,0,0.07437961
127,2.24982451857051,1,0.07423925
127,2.24982451857051,2,0.07428917
127,2.24982451857051,3,0.07449687
127,2.24982451857051,4,0.074476
127,2.24982451857051,5,0.07411866
127,2.24982451857051,6,0.07427343
127,2.24982451857051,7,0.07428384
127,2.24982451857051,8,0.07437691
127,2.24982451857051,9,0.07426223
127,2.24982451857051,10,0.07430682
127,2.24982451857051,11,0.07426323
127,2.24982451857051,12,0.07440898
127,2.24982451857051,13,0.07429424
127,2.24982451857051,14,0.07441658
127,2.24982451857051,15,0.07447088
128,2.25898007141331,0,0.07452153
128,2.25898007141331,1,0.07455815
128,2.25898007141331,2,0.0744909
128,2.25898007141331,3,0.0743954
128,2.25898007141331,4,0.07457025
128,2.25898007141331,5,0.07460981
128,2.25898007141331,6,0.07457896
128,2.25898007141331,7,0.0745583
128,2.25898007141331,8,0.07439281
128,2.25898007141331,9,0.07443835
128,2.25898007141331,10,0.07435663
128,2.25898007141331,11,0.07460046
128,2.25898007141331,12,0.07470003
128,2.25898007141331,13,0.07458815
128,2.25898007141331,14,0.07435737
128,2.25898007141331,15,0.07459839
129,2.26874599444563,0,0.07447564
129,2.26874599444563,1,0.07449624
129,2.26874599444563,2,0.07449909
129,2.26874599444563,3,0.074444
129,2.26874599444563,4,0.07443005
129,2.26874599444563,5,0.07446422
129,2.26874599444563,6,0.07413688
129,2.26874599444563,7,0.07461493
129,2.26874599444563,8,0.07440601
129,2.26874599444563,9,0.07429308
129,2.26874599444563,10,0.07436687
129,2.26874599444563,11,0.07421057
129,2.26874599444563,12,0.07417355
129,2.26874599444563,13,0.0742157
129,2.26874599444563,14,0.07454558
129,2.26874599444563,15,0.07446195
130,2.27851191747795,0,0.0747079
130,2.27851191747795,1,0.0746266
130,2.27851191747795,2,0.07496404
130,2.27851191747795,3,0.07481813
130,2.27851191747795,4,0.07431648
130,2.27851191747795,5,0.07444912
130,2.27851191747795,6,0.07439514
130,2.27851191747795,7,0.07423972
130,2.27851191747795,8,0.07452307
130,2.27851191747795,9,0.07415669
130,2.27851191747795,10,0.07441368
130,2.27851191747795,11,0.07439276
130,2.27851191747795,12,0.07455577
130,2.27851191747795,13,0.07419483
130,2.27851191747795,14,0.07454488
130,2.27851191747795,15,0.07416435
131,2.28949858088931,0,0.07421559
131,2.28949858088931,1,0.07444685
131,2.28949858088931,2,0.07454816
131,2.28949858088931,3,0.07450242
131,2.28949858088931,4,0.0745331
131,2.28949858088931,5,0.0745095
131,2.28949858088931,6,0.07447242
131,2.28949858088931,7,0.07459998
131,2.28949858088931,8,0.07453554
131,2.28949858088931,9,0.07468878
131,2.28949858088931,10,0.07452893
131,2.28949858088931,11,0.07469791
131,2.28949858088931,12,0.07458017
131,2.28949858088931,13,0.07431865
131,2.28949858088931,14,0.07449133
131,2.28949858088931,15,0.07439698
132,2.29926450392163,0,0.07436122
132,2.29926450392163,1,0.07456136
132,2.29926450392163,2,0.07442883
132,2.29926450392163,3,0.07449961
132,2.29926450392163,4,0.0746517
132,2.29926450392163,5,0.07468154
132,2.29926450392163,6,0.07473252
132,2.29926450392163,7,0.07453247
132,2.29926450392163,8,0.07486858
132,2.29926450392163,9,0.07492252
132,2.29926450392163,10,0.07490513
132,2.29926450392163,11,0.07452597
132,2.29926450392163,12,0.07496466
132,2.29926450392163,13,0.07485755
132,2.29926450392163,14,0.07473166
132,2.29926450392163,15,0.07477609
133,2.30842005676443,0,0.07455667
133,2.30842005676443,1,0.07446481
133,2.30842005676443,2,0.07455312
133,2.30842005676443,3,0.07465116
133,2.30842005676443,4,0.07462739
133,2.30842005676443,5,0.07460135
133,2.30842005676443,6,0.07421263
133,2.30842005676443,7,0.0742364
133,2.30842005676443,8,0.07434041
133,2.30842005676443,9,0.07402622
133,2.30842005676443,10,0.07440116
133,2.30842005676443,11,0.07439365
133,2.30842005676443,12,0.07424137
133,2.30842005676443,13,0.07458809
133,2.30842005676443,14,0.07455477
133,2.30842005676443,15,0.07445319
134,2.31879634998627,0,0.07477926
134,2.31879634998627,1,0.07472423
134,2.31879634998627,2,0.07453585
134,2.31879634998627,3,0.07477202
134,2.31879634998627,4,0.07458825
134,2.31879634998627,5,0.07454061
134,2.31879634998627,6,0.07458081
134,2.31879634998627,7,0.07449597
134,2.31879634998627,8,0.07456893
134,2.31879634998627,9,0.07488564
134,2.31879634998627,10,0.07461868
134,2.31879634998627,11,0.07421316
134,2.31879634998627,12,0.07464488
134,2.31879634998627,13,0.07451927
134,2.31879634998627,14,0.0745114
134,2.31879634998627,15,0.07459196
135,2.32917264320811,0,0.07458709
135,2.32917264320811,1,0.07482295
135,2.32917264320811,2,0.07483092
135,2.32917264320811,3,0.07455038
135,2.32917264320811,4,0.07436524
135,2.32917264320811,5,0.07446333
135,2.32917264320811,6,0.07457425
135,2.32917264320811,7,0.07457309
135,2.32917264320811,8,0.07441574
135,2.32917264320811,9,0.07455926
135,2.32917264320811,10,0.07451568
135,2.32917264320811,11,0.07485152
135,2.32917264320811,12,0.07492373
135,2.32917264320811,13,0.07460373
135,2.32917264320811,14,0.0745516
135,2.32917264320811,15,0.07452038
136,2.3383281960509,0,0.0745507
136,2.3383281960509,1,0.07498436
136,2.3383281960509,2,0.07473959
136,2.3383281960509,3,0.07517545
136,2.3383281960509,4,0.07471497
136,2.3383281960509,5,0.07455947
136,2.3383281960509,6,0.07467303
136,2.3383281960509,7,0.07468223
136,2.3383281960509,8,0.07473442
136,2.3383281960509,9,0.07468233
136,2.3383281960509,10,0.07489124
136,2.3383281960509,11,0.07497661
136,2.3383281960509,12,0.0750417
136,2.3383281960509,13,0.07479934
136,2.3383281960509,14,0.07489495
136,2.3383281960509,15,0.0750401
137,2.34931485946226,0,0.07494676
137,2.34931485946226,1,0.07479316
137,2.34931485946226,2,0.07496219
137,2.34931485946226,3,0.07482786
137,2.34931485946226,4,0.07499257
137,2.34931485946226,5,0.0750664
137,2.34931485946226,6,0.07483219
137,2.34931485946226,7,0.07497106
137,2.34931485946226,8,0.07466596
137,2.34931485946226,9,0.07477809
137,2.34931485946226,10,0.07477493
137,2.34931485946226,11,0.07473896
137,2.34931485946226,12,0.07479432
137,2.34931485946226,13,0.07469654
137,2.34931485946226,14,0.07499341
137,2.34931485946226,15,0.07469406
138,2.35847041230506,0,0.07493054
138,2.35847041230506,1,0.07489315
138,2.35847041230506,2,0.07490081
138,2.35847041230506,3,0.07488364
138,2.35847041230506,4,0.07461049
138,2.35847041230506,5,0.07509272
138,2.35847041230506,6,0.07502173
138,2.35847041230506,7,0.07509045
138,2.35847041230506,8,0.07503925
138,2.35847041230506,9,0.07483245
138,2.35847041230506,10,0.0748556
138,2.35847041230506,11,0.07474931
138,2.35847041230506,12,0.07481523
138,2.35847041230506,13,0.07495257
138,2.35847041230506,14,0.07480694
138,2.35847041230506,15,0.07493805
139,2.36823633533738,0,0.07491983
139,2.36823633533738,1,0.07500053
139,2.36823633533738,2,0.07494158
139,2.36823633533738,3,0.07501126
139,2.36823633533738,4,0.07498907
139,2.36823633533738,5,0.07470879
139,2.36823633533738,6,0.07465968
139,2.36823633533738,7,0.07481946
139,2.36823633533738,8,0.07488448
139,2.36823633533738,9,0.07478487
139,2.36823633533738,10,0.07482527
139,2.36823633533738,11,0.07483045
139,2.36823633533738,12,0.07482269
139,2.36823633533738,13,0.07508574
139,2.36823633533738,14,0.07511822
139,2.36823633533738,15,0.0749652
140,2.37922299874874,0,0.07465237
140,2.37922299874874,1,0.07488801
140,2.37922299874874,2,0.07455952
140,2.37922299874874,3,0.07461915
140,2.37922299874874,4,0.07454499
140,2.37922299874874,5,0.07450559
140,2.37922299874874,6,0.07468683
140,2.37922299874874,7,0.07475057
140,2.37922299874874,8,0.07478829
140,2.37922299874874,9,0.07504782
140,2.37922299874874,10,0.07473811
140,2.37922299874874,11,0.07484566
140,2.37922299874874,12,0.07475343
140,2.37922299874874,13,0.07475781
140,2.37922299874874,14,0.0748922
140,2.37922299874874,15,0.07489025
141,2.38837855159154,0,0.07504491
141,2.38837855159154,1,0.07486642
141,2.38837855159154,2,0.07509694
141,2.38837855159154,3,0.07510935
141,2.38837855159154,4,0.07501886
141,2.38837855159154,5,0.07527088
141,2.38837855159154,6,0.07503001
141,2.38837855159154,7,0.07504792
141,2.38837855159154,8,0.07506736
141,2.38837855159154,9,0.07512467
141,2.38837855159154,10,0.07501099
141,2.38837855159154,11,0.07521145
141,2.38837855159154,12,0.07507956
141,2.38837855159154,13,0.07514691
141,2.38837855159154,14,0.07506371
141,2.38837855159154,15,0.07498322
142,2.39875484481338,0,0.07485871
142,2.39875484481338,1,0.07488031
142,2.39875484481338,2,0.07486093
142,2.39875484481338,3,0.07490931
142,2.39875484481338,4,0.075054
142,2.39875484481338,5,0.07481946
142,2.39875484481338,6,0.07504311
142,2.39875484481338,7,0.07511141
142,2.39875484481338,8,0.07504702
142,2.39875484481338,9,0.07461447
142,2.39875484481338,10,0.07502689
142,2.39875484481338,11,0.07500598
142,2.39875484481338,12,0.07494042
142,2.39875484481338,13,0.07476874
142,2.39875484481338,14,0.07491037
142,2.39875484481338,15,0.07505632
143,2.40913113803522,0,0.07485918
143,2.40913113803522,1,0.07493187
143,2.40913113803522,2,0.07487181
143,2.40913113803522,3,0.07485733
143,2.40913113803522,4,0.07506213
143,2.40913113803522,5,0.07484128
143,2.40913113803522,6,0.07474994
143,2.40913113803522,7,0.07493947
143,2.40913113803522,8,0.07509101
143,2.40913113803522,9,0.07507206
143,2.40913113803522,10,0.07531081
143,2.40913113803522,11,0.0753394
143,2.40913113803522,12,0.07508448
143,2.40913113803522,13,0.07503128
143,2.40913113803522,14,0.07475534
143,2.40913113803522,15,0.0747874
144,2.41889706106754,0,0.07512706
144,2.41889706106754,1,0.0751552
144,2.41889706106754,2,0.0748481
144,2.41889706106754,3,0.07480245
144,2.41889706106754,4,0.0747548
144,2.41889706106754,5,0.07511575
144,2.41889706106754,6,0.07502678
144,2.41889706106754,7,0.07516344
144,2.41889706106754,8,0.07501073
144,2.41889706106754,9,0.07498781
144,2.41889706106754,10,0.07499309
144,2.41889706106754,11,0.07478613
144,2.41889706106754,12,0.0745097
144,2.41889706106754,13,0.07488475
144,2.41889706106754,14,0.07515071
144,2.41889706106754,15,0.07498675
145,2.42866298409986,0,0.07529287
145,2.42866298409986,1,0.0750355
145,2.42866298409986,2,0.0748614
145,2.42866298409986,3,0.0747022
145,2.42866298409986,4,0.07489273
145,2.42866298409986,5,0.07497999
145,2.42866298409986,6,0.07529603
145,2.42866298409986,7,0.07507682
145,2.42866298409986,8,0.07501306
145,2.42866298409986,9,0.07501142
145,2.42866298409986,10,0.0751103
145,2.42866298409986,11,0.07502648
145,2.42866298409986,12,0.07490984
145,2.42866298409986,13,0.07488106
145,2.42866298409986,14,0.07510877
145,2.42866298409986,15,0.07512128
146,2.43964964751122,0,0.07507517
146,2.43964964751122,1,0.07516233
146,2.43964964751122,2,0.07494888
146,2.43964964751122,3,0.07478512
146,2.43964964751122,4,0.07496662
146,2.43964964751122,5,0.07478317
146,2.43964964751122,6,0.0745928
146,2.43964964751122,7,0.07497312
146,2.43964964751122,8,0.07479332
146,2.43964964751122,9,0.0748148
146,2.43964964751122,10,0.07506362
146,2.43964964751122,11,0.07490509
146,2.43964964751122,12,0.07495479
146,2.43964964751122,13,0.07486113
146,2.43964964751122,14,0.07513444
146,2.43964964751122,15,0.07506419
147,2.44880520035401,0,0.0750981
147,2.44880520035401,1,0.07516789
147,2.44880520035401,2,0.07520559
147,2.44880520035401,3,0.07506932
147,2.44880520035401,4,0.07481149
147,2.44880520035401,5,0.07481354
147,2.44880520035401,6,0.07475834
147,2.44880520035401,7,0.07481233
147,2.44880520035401,8,0.07490434
147,2.44880520035401,9,0.07481053
147,2.44880520035401,10,0.07490604
147,2.44880520035401,11,0.07474424
147,2.44880520035401,12,0.07462312
147,2.44880520035401,13,0.07458451
147,2.44880520035401,14,0.07491597
147,2.44880520035401,15,0.07503846
148,2.45918149357585,0,0.07526798
148,2.45918149357585,1,0.07503302
148,2.45918149357585,2,0.07493689
148,2.45918149357585,3,0.0748708
148,2.45918149357585,4,0.07497793
148,2.45918149357585,5,0.07504406
148,2.45918149357585,6,0.07499019
148,2.45918149357585,7,0.07482199
148,2.45918149357585,8,0.07504026
148,2.45918149357585,9,0.07469141
148,2.45918149357585,10,0.07501607
148,2.45918149357585,11,0.07479478
148,2.45918149357585,12,0.0750335
148,2.45918149357585,13,0.074811
148,2.45918149357585,14,0.07503925
148,2.45918149357585,15,0.0747295
149,2.46894741660817,0,0.07478396
149,2.46894741660817,1,0.07455022
149,2.46894741660817,2,0.07466807
149,2.46894741660817,3,0.0746687
149,2.46894741660817,4,0.07462987
149,2.46894741660817,5,0.07454056
149,2.46894741660817,6,0.07468487
149,2.46894741660817,7,0.07472829
149,2.46894741660817,8,0.07477488
149,2.46894741660817,9,0.07476025
149,2.46894741660817,10,0.07467969
149,2.46894741660817,11,0.07482079
149,2.46894741660817,12,0.07487661
149,2.46894741660817,13,0.0751927
149,2.46894741660817,14,0.07498929
149,2.46894741660817,15,0.07520141
150,2.47932370983001,0,0.07468302
150,2.47932370983001,1,0.07487693
150,2.47932370983001,2,0.07483847
150,2.47932370983001,3,0.07504533
150,2.47932370983001,4,0.07481845
150,2.47932370983001,5,0.07491386
150,2.47932370983001,6,0.07517803
150,2.47932370983001,7,0.07485595
150,2.47932370983001,8,0.07527558
150,2.47932370983001,9,0.07500613
150,2.47932370983001,10,0.07502331
150,2.47932370983001,11,0.07507449
150,2.47932370983001,12,0.07503888
150,2.47932370983001,13,0.07497947
150,2.47932370983001,14,0.07489732
150,2.47932370983001,15,0.07480108
151,2.48847926267281,0,0.07545751
151,2.48847926267281,1,0.07525964
151,2.48847926267281,2,0.07537939
151,2.48847926267281,3,0.07539227
151,2.48847926267281,4,0.07515747
151,2.48847926267281,5,0.07507776
151,2.48847926267281,6,0.07530818
151,2.48847926267281,7,0.07524129
151,2.48847926267281,8,0.07514518
151,2.48847926267281,9,0.07531952
151,2.48847926267281,10,0.07519002
151,2.48847926267281,11,0.07524547
151,2.48847926267281,12,0.07501126
151,2.48847926267281,13,0.07522889
151,2.48847926267281,14,0.07513202
151,2.48847926267281,15,0.07495189
152,2.49946592608417,0,0.07499974
152,2.49946592608417,1,0.07502578
152,2.49946592608417,2,0.07509182
152,2.49946592608417,3,0.07487868
152,2.49946592608417,4,0.07520877
152,2.49946592608417,5,0.07488231
152,2.49946592608417,6,0.07495189
152,2.49946592608417,7,0.07509926
152,2.49946592608417,8,0.07494587
152,2.49946592608417,9,0.07462978
152,2.49946592608417,10,0.075007
152,2.49946592608417,11,0.07488903
152,2.49946592608417,12,0.07509679
152,2.49946592608417,13,0.07537347
152,2.49946592608417,14,0.0753113
152,2.49946592608417,15,0.07545924
153,2.50923184911649,0,0.07562175
153,2.50923184911649,1,0.07557018
153,2.50923184911649,2,0.07553638
153,2.50923184911649,3,0.07577693
153,2.50923184911649,4,0.07519472
153,2.50923184911649,5,0.07551915
153,2.50923184911649,6,0.07586609
153,2.50923184911649,7,0.0757916
153,2.50923184911649,8,0.07534162
153,2.50923184911649,9,0.07524463
153,2.50923184911649,10,0.07548782
153,2.50923184911649,11,0.07559812
153,2.50923184911649,12,0.07527591
153,2.50923184911649,13,0.07558597
153,2.50923184911649,14,0.07555713
153,2.50923184911649,15,0.0756873
154,2.51960814233833,0,0.0752459
154,2.51960814233833,1,0.0752001
154,2.51960814233833,2,0.07513688
154,2.51960814233833,3,0.07545265
154,2.51960814233833,4,0.07573442
154,2.51960814233833,5,0.07532603
154,2.51960814233833,6,0.0751515
154,2.51960814233833,7,0.07536734
154,2.51960814233833,8,0.07531209
154,2.51960814233833,9,0.07538825
154,2.51960814233833,10,0.07538551
154,2.51960814233833,11,0.07542951
154,2.51960814233833,12,0.07512842
154,2.51960814233833,13,0.07534686
154,2.51960814233833,14,0.07545978
154,2.51960814233833,15,0.07531388
155,2.52937406537065,0,0.07574598
155,2.52937406537065,1,0.07588594
155,2.52937406537065,2,0.07552581
155,2.52937406537065,3,0.07548767
155,2.52937406537065,4,0.07553459
155,2.52937406537065,5,0.07573456
155,2.52937406537065,6,0.07569051
155,2.52937406537065,7,0.07577655
155,2.52937406537065,8,0.07548308
155,2.52937406537065,9,0.07555085
155,2.52937406537065,10,0.07567657
155,2.52937406537065,11,0.07518527
155,2.52937406537065,12,0.07552385
155,2.52937406537065,13,0.0754415
155,2.52937406537065,14,0.07543068
155,2.52937406537065,15,0.07554705
156,2.53975035859249,0,0.07558206
156,2.53975035859249,1,0.07550731
156,2.53975035859249,2,0.07545339
156,2.53975035859249,3,0.07548878
156,2.53975035859249,4,0.07521272
156,2.53975035859249,5,0.07565891
156,2.53975035859249,6,0.0755331
156,2.53975035859249,7,0.07519064
156,2.53975035859249,8,0.07496662
156,2.53975035859249,9,0.07544728
156,2.53975035859249,10,0.07535069
156,2.53975035859249,11,0.07537008
156,2.53975035859249,12,0.07565484
156,2.53975035859249,13,0.07558117
156,2.53975035859249,14,0.07551762
156,2.53975035859249,15,0.07555781
157,2.55012665181433,0,0.07563198
157,2.55012665181433,1,0.07585537
157,2.55012665181433,2,0.0758028
157,2.55012665181433,3,0.07568544
157,2.55012665181433,4,0.07550785
157,2.55012665181433,5,0.07547795
157,2.55012665181433,6,0.07582103
157,2.55012665181433,7,0.07581197
157,2.55012665181433,8,0.07587431
157,2.55012665181433,9,0.07575821
157,2.55012665181433,10,0.07574449
157,2.55012665181433,11,0.07542032
157,2.55012665181433,12,0.07563943
157,2.55012665181433,13,0.07556669
157,2.55012665181433,14,0.07535709
157,2.55012665181433,15,0.07523074
158,2.55989257484664,0,0.07542836
158,2.55989257484664,1,0.07537895
158,2.55989257484664,2,0.07565275
158,2.55989257484664,3,0.07530628
158,2.55989257484664,4,0.07542498
158,2.55989257484664,5,0.07546743
158,2.55989257484664,6,0.07544172
158,2.55989257484664,7,0.07577899
158,2.55989257484664,8,0.07550785
158,2.55989257484664,9,0.07589044
158,2.55989257484664,10,0.07554815
158,2.55989257484664,11,0.07563341
158,2.55989257484664,12,0.0757306
158,2.55989257484664,13,0.07565191
158,2.55989257484664,14,0.07571321
158,2.55989257484664,15,0.07565902
159,2.57026886806848,0,0.07543352
159,2.57026886806848,1,0.07541535
159,2.57026886806848,2,0.07525093
159,2.57026886806848,3,0.07527199
159,2.57026886806848,4,0.07536533
159,2.57026886806848,5,0.07535757
159,2.57026886806848,6,0.07538467
159,2.57026886806848,7,0.0754528
159,2.57026886806848,8,0.07548498
159,2.57026886806848,9,0.0753908
159,2.57026886806848,10,0.07542813
159,2.57026886806848,11,0.07537838
159,2.57026886806848,12,0.07530247
159,2.57026886806848,13,0.07516319
159,2.57026886806848,14,0.07520454
159,2.57026886806848,15,0.07528029
160,2.57881405072176,0,0.07555909
160,2.57881405072176,1,0.07556679
160,2.57881405072176,2,0.07529106
160,2.57881405072176,3,0.07564782
160,2.57881405072176,4,0.07576603
160,2.57881405072176,5,0.07556226
160,2.57881405072176,6,0.07539042
160,2.57881405072176,7,0.07546786
160,2.57881405072176,8,0.07548571
160,2.57881405072176,9,0.07564418
160,2.57881405072176,10,0.07548693
160,2.57881405072176,11,0.07553679
160,2.57881405072176,12,0.07552746
160,2.57881405072176,13,0.0752571
160,2.57881405072176,14,0.07557588
160,2.57881405072176,15,0.07565728
161,2.5891903439436,0,0.07548509
161,2.5891903439436,1,0.07535223
161,2.5891903439436,2,0.07550494
161,2.5891903439436,3,0.07521003
161,2.5891903439436,4,0.07526497
161,2.5891903439436,5,0.07526961
161,2.5891903439436,6,0.07521262
161,2.5891903439436,7,0.07528542
161,2.5891903439436,8,0.07549743
161,2.5891903439436,9,0.07525155
161,2.5891903439436,10,0.07520285
161,2.5891903439436,11,0.07536279
161,2.5891903439436,12,0.07572829
161,2.5891903439436,13,0.07542238
161,2.5891903439436,14,0.07532629
161,2.5891903439436,15,0.07535413
162,2.59956663716544,0,0.07527817
162,2.59956663716544,1,0.07522767
162,2.59956663716544,2,0.07526961
162,2.59956663716544,3,0.07538123
162,2.59956663716544,4,0.07549312
162,2.59956663716544,5,0.07534003
162,2.59956663716544,6,0.07517421
162,2.59956663716544,7,0.07547674
162,2.59956663716544,8,0.07513027
162,2.59956663716544,9,0.0754725
162,2.59956663716544,10,0.0754732
162,2.59956663716544,11,0.0752702
162,2.59956663716544,12,0.07518717
162,2.59956663716544,13,0.07525054
162,2.59956663716544,14,0.07553152
162,2.59956663716544,15,0.07524866
163,2.60994293038728,0,0.07532925
163,2.60994293038728,1,0.07548688
163,2.60994293038728,2,0.07543721
163,2.60994293038728,3,0.07543876
163,2.60994293038728,4,0.07541446
163,2.60994293038728,5,0.07540578
163,2.60994293038728,6,0.07536343
163,2.60994293038728,7,0.07551794
163,2.60994293038728,8,0.07542824
163,2.60994293038728,9,0.07553717
163,2.60994293038728,10,0.07525624
163,2.60994293038728,11,0.07522767
163,2.60994293038728,12,0.07532133
163,2.60994293038728,13,0.07527997
163,2.60994293038728,14,0.0752881
163,2.60994293038728,15,0.0751148
164,2.61909848323008,0,0.07548124
164,2.61909848323008,1,0.07541662
164,2.61909848323008,2,0.07527527
164,2.61909848323008,3,0.07527591
164,2.61909848323008,4,0.07542498
164,2.61909848323008,5,0.07533194
164,2.61909848323008,6,0.0756295
164,2.61909848323008,7,0.07549608
164,2.61909848323008,8,0.07557588
164,2.61909848323008,9,0.07557514
164,2.61909848323008,10,0.07536215
164,2.61909848323008,11,0.07516176
164,2.61909848323008,12,0.07537035
164,2.61909848323008,13,0.07517041
164,2.61909848323008,14,0.07536913
164,2.61909848323008,15,0.07553009
165,2.62947477645192,0,0.07553277
165,2.62947477645192,1,0.07550665
165,2.62947477645192,2,0.07566759
165,2.62947477645192,3,0.0752489
165,2.62947477645192,4,0.07574435
165,2.62947477645192,5,0.07567282
165,2.62947477645192,6,0.07543157
165,2.62947477645192,7,0.07532551
165,2.62947477645192,8,0.07570171
165,2.62947477645192,9,0.07547022
165,2.62947477645192,10,0.07521674
165,2.62947477645192,11,0.07535909
165,2.62947477645192,12,0.07559516
165,2.62947477645192,13,0.07561846
165,2.62947477645192,14,0.07555548
165,2.62947477645192,15,0.07561047
166,2.63985106967376,0,0.07560916
166,2.63985106967376,1,0.07529736
166,2.63985106967376,2,0.07559042
166,2.63985106967376,3,0.07536829
166,2.63985106967376,4,0.07560816
166,2.63985106967376,5,0.07558455
166,2.63985106967376,6,0.0755472
166,2.63985106967376,7,0.07541435
166,2.63985106967376,8,0.07538847
166,2.63985106967376,9,0.07528889
166,2.63985106967376,10,0.07558787
166,2.63985106967376,11,0.07556568
166,2.63985106967376,12,0.07542164
166,2.63985106967376,13,0.07533275
166,2.63985106967376,14,0.07488929
166,2.63985106967376,15,0.07533755
167,2.64961699270608,0,0.07548867
167,2.64961699270608,1,0.07524817
167,2.64961699270608,2,0.07532318
167,2.64961699270608,3,0.0752255
167,2.64961699270608,4,0.07555174
167,2.64961699270608,5,0.07558461
167,2.64961699270608,6,0.07558887
167,2.64961699270608,7,0.07529022
167,2.64961699270608,8,0.07517347
167,2.64961699270608,9,0.07532481
167,2.64961699270608,10,0.07515584
167,2.64961699270608,11,0.07574999
167,2.64961699270608,12,0.07532361
167,2.64961699270608,13,0.07569607
167,2.64961699270608,14,0.07562744
167,2.64961699270608,15,0.07571907
168,2.65877254554888,0,0.075579
168,2.65877254554888,1,0.07523475
168,2.65877254554888,2,0.07554968
168,2.65877254554888,3,0.07556774
168,2.65877254554888,4,0.0751569
168,2.65877254554888,5,0.07537881
168,2.65877254554888,6,0.07534056
168,2.65877254554888,7,0.07530015
168,2.65877254554888,8,0.07544804
168,2.65877254554888,9,0.07564862
168,2.65877254554888,10,0.07548815
168,2.65877254554888,11,0.0752945
168,2.65877254554888,12,0.07525794
168,2.65877254554888,13,0.07539487
168,2.65877254554888,14,0.07528092
168,2.65877254554888,15,0.07532573
169,2.66975920896023,0,0.07541842
169,2.66975920896023,1,0.07567272
169,2.66975920896023,2,0.07569078
169,2.66975920896023,3,0.07557175
169,2.66975920896023,4,0.0751093
169,2.66975920896023,5,0.07539148
169,2.66975920896023,6,0.07548455
169,2.66975920896023,7,0.07558022
169,2.66975920896023,8,0.07501992
169,2.66975920896023,9,0.07508648
169,2.66975920896023,10,0.07559956
169,2.66975920896023,11,0.07537705
169,2.66975920896023,12,0.07532158
169,2.66975920896023,13,0.07522108
169,2.66975920896023,14,0.07508374
169,2.66975920896023,15,0.075216
170,2.67891476180303,0,0.07544567
170,2.67891476180303,1,0.07552892
170,2.67891476180303,2,0.07547922
170,2.67891476180303,3,0.07528051
170,2.67891476180303,4,0.07553575
170,2.67891476180303,5,0.07576203
170,2.67891476180303,6,0.07545783
170,2.67891476180303,7,0.07541261
170,2.67891476180303,8,0.07544117
170,2.67891476180303,9,0.07552738
170,2.67891476180303,10,0.07558127
170,2.67891476180303,11,0.0753002
170,2.67891476180303,12,0.07555386
170,2.67891476180303,13,0.07544473
170,2.67891476180303,14,0.07543659
170,2.67891476180303,15,0.07538921
171,2.68929105502487,0,0.07509378
171,2.68929105502487,1,0.0755398
171,2.68929105502487,2,0.07541229
171,2.68929105502487,3,0.07545598
171,2.68929105502487,4,0.07542359
171,2.68929105502487,5,0.07521964
171,2.68929105502487,6,0.07518774
171,2.68929105502487,7,0.07535551
171,2.68929105502487,8,0.07514653
171,2.68929105502487,9,0.0751571
171,2.68929105502487,10,0.07510354
171,2.68929105502487,11,0.07529703
171,2.68929105502487,12,0.07508168
171,2.68929105502487,13,0.07509012
171,2.68929105502487,14,0.07492357
171,2.68929105502487,15,0.07479258
172,2.69966734824671,0,0.0750803
172,2.69966734824671,1,0.07525366
172,2.69966734824671,2,0.07514516
172,2.69966734824671,3,0.07486599
172,2.69966734824671,4,0.07511494
172,2.69966734824671,5,0.0755006
172,2.69966734824671,6,0.07537024
172,2.69966734824671,7,0.07509283
172,2.69966734824671,8,0.07511193
172,2.69966734824671,9,0.07520577
172,2.69966734824671,10,0.07550611
172,2.69966734824671,11,0.07513054
172,2.69966734824671,12,0.07528076
172,2.69966734824671,13,0.07529581
172,2.69966734824671,14,0.07518484
172,2.69966734824671,15,0.07513037
173,2.70882290108951,0,0.07522672
173,2.70882290108951,1,0.07529587
173,2.70882290108951,2,0.07538044
173,2.70882290108951,3,0.07499231
173,2.70882290108951,4,0.07522276
173,2.70882290108951,5,0.07513856
173,2.70882290108951,6,0.07527145
173,2.70882290108951,7,0.07505833
173,2.70882290108951,8,0.07520265
173,2.70882290108951,9,0.07543162
173,2.70882290108951,10,0.07495463
173,2.70882290108951,11,0.07543553
173,2.70882290108951,12,0.0754547
173,2.70882290108951,13,0.07525191
173,2.70882290108951,14,0.07527585
173,2.70882290108951,15,0.07529323
174,2.71980956450087,0,0.07527954
174,2.71980956450087,1,0.07546136
174,2.71980956450087,2,0.07529323
174,2.71980956450087,3,0.07526219
174,2.71980956450087,4,0.0752428
174,2.71980956450087,5,0.07548658
174,2.71980956450087,6,0.07542813
174,2.71980956450087,7,0.07536465
174,2.71980956450087,8,0.07499108
174,2.71980956450087,9,0.07513054
174,2.71980956450087,10,0.07491422
174,2.71980956450087,11,0.0753413
174,2.71980956450087,12,0.07545096
174,2.71980956450087,13,0.07506804
174,2.71980956450087,14,0.07529111
174,2.71980956450087,15,0.0751515
175,2.72957548753319,0,0.07514564
175,2.72957548753319,1,0.07504528
175,2.72957548753319,2,0.07528266
175,2.72957548753319,3,0.07532888
175,2.72957548753319,4,0.07495992
175,2.72957548753319,5,0.07533495
175,2.72957548753319,6,0.07511944
175,2.72957548753319,7,0.07524221
175,2.72957548753319,8,0.07522751
175,2.72957548753319,9,0.07507571
175,2.72957548753319,10,0.07511331
175,2.72957548753319,11,0.07532112
175,2.72957548753319,12,0.0752982
175,2.72957548753319,13,0.07531805
175,2.72957548753319,14,0.07536913
175,2.72957548753319,15,0.07521812
176,2.73873104037599,0,0.07520919
176,2.73873104037599,1,0.07509904
176,2.73873104037599,2,0.07510053
176,2.73873104037599,3,0.07529282
176,2.73873104037599,4,0.07523174
176,2.73873104037599,5,0.07491697
176,2.73873104037599,6,0.07497375
176,2.73873104037599,7,0.07536422
176,2.73873104037599,8,0.07502162
176,2.73873104037599,9,0.07531578
176,2.73873104037599,10,0.07509218
176,2.73873104037599,11,0.07514865
176,2.73873104037599,12,0.07536585
176,2.73873104037599,13,0.07533137
176,2.73873104037599,14,0.07555623
176,2.73873104037599,15,0.07529084
177,2.74971770378735,0,0.07529111
177,2.74971770378735,1,0.07534833
177,2.74971770378735,2,0.07542058
177,2.74971770378735,3,0.07515389
177,2.74971770378735,4,0.07528531
177,2.74971770378735,5,0.07510339
177,2.74971770378735,6,0.07541823
177,2.74971770378735,7,0.07535112
177,2.74971770378735,8,0.07540743
177,2.74971770378735,9,0.07517596
177,2.74971770378735,10,0.07514237
177,2.74971770378735,11,0.07530078
177,2.74971770378735,12,0.07522208
177,2.74971770378735,13,0.07499801
177,2.74971770378735,14,0.07516493
177,2.74971770378735,15,0.07534944
178,2.75948362681967,0,0.07506039
178,2.75948362681967,1,0.07531155
178,2.75948362681967,2,0.07526814
178,2.75948362681967,3,0.07520032
178,2.75948362681967,4,0.07538467
178,2.75948362681967,5,0.07509159
178,2.75948362681967,6,0.0749201
178,2.75948362681967,7,0.07523624
178,2.75948362681967,8,0.07526001
178,2.75948362681967,9,0.07508258
178,2.75948362681967,10,0.07514987
178,2.75948362681967,11,0.075349
178,2.75948362681967,12,0.07524796
178,2.75948362681967,13,0.07543553
178,2.75948362681967,14,0.07529866
178,2.75948362681967,15,0.07554265
179,2.76924954985198,0,0.07515959
179,2.76924954985198,1,0.0751984
179,2.76924954985198,2,0.07525466
179,2.76924954985198,3,0.07527839
179,2.76924954985198,4,0.07514174
179,2.76924954985198,5,0.07508591
179,2.76924954985198,6,0.07509901
179,2.76924954985198,7,0.07503488
179,2.76924954985198,8,0.07518907
179,2.76924954985198,9,0.07512261
179,2.76924954985198,10,0.07475548
179,2.76924954985198,11,0.07514871
179,2.76924954985198,12,0.075098
179,2.76924954985198,13,0.07498734
179,2.76924954985198,14,0.07543225
179,2.76924954985198,15,0.07524268
180,2.77962584307382,0,0.07486927
180,2.77962584307382,1,0.07536184
180,2.77962584307382,2,0.07544293
180,2.77962584307382,3,0.07514998
180,2.77962584307382,4,0.07511353
180,2.77962584307382,5,0.07541933
180,2.77962584307382,6,0.07554118
180,2.77962584307382,7,0.07531067
180,2.77962584307382,8,0.07526586
180,2.77962584307382,9,0.07544357
180,2.77962584307382,10,0.0753796
180,2.77962584307382,11,0.07541525
180,2.77962584307382,12,0.07494491
180,2.77962584307382,13,0.07531013
180,2.77962584307382,14,0.07519539
180,2.77962584307382,15,0.07534658
181,2.78939176610614,0,0.07522403
181,2.78939176610614,1,0.07496995
181,2.78939176610614,2,0.07493366
181,2.78939176610614,3,0.07520211
181,2.78939176610614,4,0.07484387
181,2.78939176610614,5,0.07484545
181,2.78939176610614,6,0.0750165
181,2.78939176610614,7,0.07501728
181,2.78939176610614,8,0.07498295
181,2.78939176610614,9,0.07520074
181,2.78939176610614,10,0.07507903
181,2.78939176610614,11,0.07500814
181,2.78939176610614,12,0.07526407
181,2.78939176610614,13,0.07499541
181,2.78939176610614,14,0.07503958
181,2.78939176610614,15,0.07503291
182,2.79976805932798,0,0.07500064
182,2.79976805932798,1,0.07506196
182,2.79976805932798,2,0.07493736
182,2.79976805932798,3,0.0750961
182,2.79976805932798,4,0.07498132
182,2.79976805932798,5,0.07482717
182,2.79976805932798,6,0.07476563
182,2.79976805932798,7,0.07513994
182,2.79976805932798,8,0.07514268
182,2.79976805932798,9,0.07471213
182,2.79976805932798,10,0.07482316
182,2.79976805932798,11,0.07493879
182,2.79976805932798,12,0.0749119
182,2.79976805932798,13,0.07502368
182,2.79976805932798,14,0.07487588
182,2.79976805932798,15,0.07485893
183,2.80892361217078,0,0.07452645
183,2.80892361217078,1,0.07470172
183,2.80892361217078,2,0.07465455
183,2.80892361217078,3,0.07480525
183,2.80892361217078,4,0.07491808
183,2.80892361217078,5,0.0746322
183,2.80892361217078,6,0.07497571
183,2.80892361217078,7,0.07487287
183,2.80892361217078,8,0.07511618
183,2.80892361217078,9,0.07485882
183,2.80892361217078,10,0.0748538
183,2.80892361217078,11,0.07492457
183,2.80892361217078,12,0.07464409
183,2.80892361217078,13,0.07467473
183,2.80892361217078,14,0.07498416
183,2.80892361217078,15,0.07486631
184,2.81991027558214,0,0.07466163
184,2.81991027558214,1,0.07479025
184,2.81991027558214,2,0.07478433
184,2.81991027558214,3,0.07472453
184,2.81991027558214,4,0.07445208
184,2.81991027558214,5,0.0746697
184,2.81991027558214,6,0.07468376
184,2.81991027558214,7,0.07460865
184,2.81991027558214,8,0.07477742
184,2.81991027558214,9,0.07444055
184,2.81991027558214,10,0.07461546
184,2.81991027558214,11,0.07484756
184,2.81991027558214,12,0.07484133
184,2.81991027558214,13,0.07472924
184,2.81991027558214,14,0.07483108
184,2.81991027558214,15,0.07484493
185,2.82967619861446,0,0.07487683
185,2.82967619861446,1,0.07511025
185,2.82967619861446,2,0.07485137
185,2.82967619861446,3,0.0750073
185,2.82967619861446,4,0.07495352
185,2.82967619861446,5,0.07475094
185,2.82967619861446,6,0.07493857
185,2.82967619861446,7,0.0747247
185,2.82967619861446,8,0.07511057
185,2.82967619861446,9,0.07509112
185,2.82967619861446,10,0.07504734
185,2.82967619861446,11,0.07508944
185,2.82967619861446,12,0.07490339
185,2.82967619861446,13,0.07500033
185,2.82967619861446,14,0.07493979
185,2.82967619861446,15,0.07496551
186,2.83883175145726,0,0.07505928
186,2.83883175145726,1,0.07512161
186,2.83883175145726,2,0.07485036
186,2.83883175145726,3,0.07483061
186,2.83883175145726,4,0.07486229
186,2.83883175145726,5,0.07518426
186,2.83883175145726,6,0.07518077
186,2.83883175145726,7,0.07483812
186,2.83883175145726,8,0.07465407
186,2.83883175145726,9,0.07487582
186,2.83883175145726,10,0.075364
186,2.83883175145726,11,0.07523142
186,2.83883175145726,12,0.07526059
186,2.83883175145726,13,0.07511482
186,2.83883175145726,14,0.07521753
186,2.83883175145726,15,0.0749794
187,2.85042878505814,0,0.07500053
187,2.85042878505814,1,0.07484197
187,2.85042878505814,2,0.07503007
187,2.85042878505814,3,0.07521706
187,2.85042878505814,4,0.07485115
187,2.85042878505814,5,0.07497893
187,2.85042878505814,6,0.07513893
187,2.85042878505814,7,0.074793
187,2.85042878505814,8,0.07484238
187,2.85042878505814,9,0.07510623
187,2.85042878505814,10,0.07496836
187,2.85042878505814,11,0.0751056
187,2.85042878505814,12,0.07507766
187,2.85042878505814,13,0.07490207
187,2.85042878505814,14,0.07495775
187,2.85042878505814,15,0.0748633
188,2.85958433790094,0,0.07482934
188,2.85958433790094,1,0.0748062
188,2.85958433790094,2,0.07469162
188,2.85958433790094,3,0.0748886
188,2.85958433790094,4,0.07497106
188,2.85958433790094,5,0.07500196
188,2.85958433790094,6,0.07472342
188,2.85958433790094,7,0.07491201
188,2.85958433790094,8,0.07478338
188,2.85958433790094,9,0.07468984
188,2.85958433790094,10,0.07480023
188,2.85958433790094,11,0.07465126
188,2.85958433790094,12,0.07468028
188,2.85958433790094,13,0.07475856
188,2.85958433790094,14,0.07467499
188,2.85958433790094,15,0.0750204
189,2.86935026093326,0,0.07474039
189,2.86935026093326,1,0.0749709
189,2.86935026093326,2,0.07484602
189,2.86935026093326,3,0.07495992
189,2.86935026093326,4,0.0751607
189,2.86935026093326,5,0.07477873
189,2.86935026093326,6,0.0748559
189,2.86935026093326,7,0.07503202
189,2.86935026093326,8,0.07496033
189,2.86935026093326,9,0.07481201
189,2.86935026093326,10,0.07497033
189,2.86935026093326,11,0.07536983
189,2.86935026093326,12,0.07509134
189,2.86935026093326,13,0.07519477
189,2.86935026093326,14,0.07535149
189,2.86935026093326,15,0.07535999
190,2.87911618396558,0,0.07526402
190,2.87911618396558,1,0.07507898
190,2.87911618396558,2,0.07525677
190,2.87911618396558,3,0.07509297
190,2.87911618396558,4,0.0751626
190,2.87911618396558,5,0.07516588
190,2.87911618396558,6,0.07517554
190,2.87911618396558,7,0.0753331
190,2.87911618396558,8,0.07532678
190,2.87911618396558,9,0.07526095
190,2.87911618396558,10,0.07538949
190,2.87911618396558,11,0.07522184
190,2.87911618396558,12,0.07503524
190,2.87911618396558,13,0.07529988
190,2.87911618396558,14,0.07508954
190,2.87911618396558,15,0.07546849
191,2.88949247718741,0,0.07518405
191,2.88949247718741,1,0.07521638
191,2.88949247718741,2,0.07513027
191,2.88949247718741,3,0.0753722
191,2.88949247718741,4,0.07560262
191,2.88949247718741,5,0.07522661
191,2.88949247718741,6,0.07526904
191,2.88949247718741,7,0.0753901
191,2.88949247718741,8,0.07535714
191,2.88949247718741,9,0.07532646
191,2.88949247718741,10,0.07534415
191,2.88949247718741,11,0.07506313
191,2.88949247718741,12,0.07514607
191,2.88949247718741,13,0.07498845
191,2.88949247718741,14,0.07517611
191,2.88949247718741,15,0.07507702
192,2.89925840021973,0,0.07536115
192,2.89925840021973,1,0.07510724
192,2.89925840021973,2,0.07538218
192,2.89925840021973,3,0.07519227
192,2.89925840021973,4,0.07525493
192,2.89925840021973,5,0.0748473
192,2.89925840021973,6,0.07495718
192,2.89925840021973,7,0.07503012
192,2.89925840021973,8,0.07488956
192,2.89925840021973,9,0.07500914
192,2.89925840021973,10,0.07500761
192,2.89925840021973,11,0.07516862
192,2.89925840021973,12,0.0749606
192,2.89925840021973,13,0.07481132
192,2.89925840021973,14,0.07490583
192,2.89925840021973,15,0.07499779
193,2.91024506363109,0,0.07492802
193,2.91024506363109,1,0.07517754
193,2.91024506363109,2,0.07485701
193,2.91024506363109,3,0.07498897
193,2.91024506363109,4,0.07482702
193,2.91024506363109,5,0.07498026
193,2.91024506363109,6,0.07468419
193,2.91024506363109,7,0.07492954
193,2.91024506363109,8,0.07480889
193,2.91024506363109,9,0.07483367
193,2.91024506363109,10,0.07509524
193,2.91024506363109,11,0.07510666
193,2.91024506363109,12,0.07509112
193,2.91024506363109,13,0.07509028
193,2.91024506363109,14,0.07478043
193,2.91024506363109,15,0.07506582
194,2.91940061647389,0,0.07510687
194,2.91940061647389,1,0.07514944
194,2.91940061647389,2,0.07498485
194,2.91940061647389,3,0.07496076
194,2.91940061647389,4,0.07486726
194,2.91940061647389,5,0.07501205
194,2.91940061647389,6,0.07504607
194,2.91940061647389,7,0.07484978
194,2.91940061647389,8,0.07487436
194,2.91940061647389,9,0.07511046
194,2.91940061647389,10,0.07481924
194,2.91940061647389,11,0.074867
194,2.91940061647389,12,0.07503662
194,2.91940061647389,13,0.07473975
194,2.91940061647389,14,0.07500598
194,2.91940061647389,15,0.07471418
195,2.92977690969573,0,0.07472306
195,2.92977690969573,1,0.07491825
195,2.92977690969573,2,0.07511558
195,2.92977690969573,3,0.07508263
195,2.92977690969573,4,0.07505246
195,2.92977690969573,5,0.07494602
195,2.92977690969573,6,0.07494956
195,2.92977690969573,7,0.07535752
195,2.92977690969573,8,0.07518151
195,2.92977690969573,9,0.0751064
195,2.92977690969573,10,0.07506123
195,2.92977690969573,11,0.07481998
195,2.92977690969573,12,0.07478569
195,2.92977690969573,13,0.07485204
195,2.92977690969573,14,0.07487698
195,2.92977690969573,15,0.07454151
196,2.93954283272805,0,0.07484925
196,2.93954283272805,1,0.07479342
196,2.93954283272805,2,0.07460251
196,2.93954283272805,3,0.07490081
196,2.93954283272805,4,0.07490741
196,2.93954283272805,5,0.07475143
196,2.93954283272805,6,0.07522699
196,2.93954283272805,7,0.07517976
196,2.93954283272805,8,0.07513218
196,2.93954283272805,9,0.07503593
196,2.93954283272805,10,0.07482728
196,2.93954283272805,11,0.07509408
196,2.93954283272805,12,0.07517643
196,2.93954283272805,13,0.07520887
196,2.93954283272805,14,0.07524918
196,2.93954283272805,15,0.07510433
197,2.94991912594989,0,0.07453004
197,2.94991912594989,1,0.07453495
197,2.94991912594989,2,0.07479453
197,2.94991912594989,3,0.07451648
197,2.94991912594989,4,0.074737
197,2.94991912594989,5,0.07469612
197,2.94991912594989,6,0.07467868
197,2.94991912594989,7,0.07474313
197,2.94991912594989,8,0.0747181
197,2.94991912594989,9,0.07477318
197,2.94991912594989,10,0.07511654
197,2.94991912594989,11,0.07518763
197,2.94991912594989,12,0.07497571
197,2.94991912594989,13,0.07475629
197,2.94991912594989,14,0.07496382
197,2.94991912594989,15,0.07498961
198,2.95907467879269,0,0.07515134
198,2.95907467879269,1,0.075012
198,2.95907467879269,2,0.07488041
198,2.95907467879269,3,0.07476056
198,2.95907467879269,4,0.07492221
198,2.95907467879269,5,0.07478084
198,2.95907467879269,6,0.0746872
198,2.95907467879269,7,0.07495829
198,2.95907467879269,8,0.07459121
198,2.95907467879269,9,0.07485961
198,2.95907467879269,10,0.07494407
198,2.95907467879269,11,0.07524093
198,2.95907467879269,12,0.07494269
198,2.95907467879269,13,0.07494576
198,2.95907467879269,14,0.07490297
198,2.95907467879269,15,0.07470363
199,2.96945097201453,0,0.07489178
199,2.96945097201453,1,0.07463273
199,2.96945097201453,2,0.07465492
199,2.96945097201453,3,0.07465888
199,2.96945097201453,4,0.07477424
199,2.96945097201453,5,0.07468688
199,2.96945097201453,6,0.07469406
199,2.96945097201453,7,0.07465544
199,2.96945097201453,8,0.07460964
199,2.96945097201453,9,0.07463643
199,2.96945097201453,10,0.07453834
199,2.96945097201453,11,0.07462618
199,2.96945097201453,12,0.07472539
199,2.96945097201453,13,0.07476573
199,2.96945097201453,14,0.0744899
199,2.96945097201453,15,0.07478808
200,2.97982726523637,0,0.0747126
200,2.97982726523637,1,0.07491644
200,2.97982726523637,2,0.07483858
200,2.97982726523637,3,0.07480931
200,2.97982726523637,4,0.07463975
200,2.97982726523637,5,0.07482554
200,2.97982726523637,6,0.07490551
200,2.97982726523637,7,0.07508749
200,2.97982726523637,8,0.07463199
200,2.97982726523637,9,0.07438172
200,2.97982726523637,10,0.07455139
200,2.97982726523637,11,0.07454764
200,2.97982726523637,12,0.07465328
200,2.97982726523637,13,0.07470869
200,2.97982726523637,14,0.074838
200,2.97982726523637,15,0.07489669
