position,voltage_mean,voltage_std,n_samples
0.0,-4.107911625,0.0009564988592301267,24
0.997955259865108,-4.108285416666667,0.0008825018846376623,24
1.97576830347606,-4.1097507916666665,0.0008817235006493183,24
2.97067171239357,-4.109725625,0.0007909666982296029,24
3.97167882320627,-4.108403208333334,0.0009959845204272188,24
4.94766075624866,-4.0814091249999995,0.0011552395246766309,24
5.94683675649281,-4.062099666666666,0.0010577996292094635,24
6.9228186895352,-4.031818625,0.001263662395991035,24
7.91894283883175,-4.010134375,0.0010562715012605141,24
