position,voltage_mean,voltage_std,n_samples
0.992461928159429,0.01621805125,0.00018956452456469146,16
1.48625141148106,0.01657793125,0.0003223413027148982,16
1.9800408948027,0.022190049375,0.00023050260826801774,16
2.47322000793481,0.0232552625,0.00026668585715453703,16
2.96578875087741,0.022048975,0.00018718628485415285,16
3.45774712363048,0.02106148625,0.00015890008224018475,16
3.95153660695212,0.018085833750000002,0.00017400169603609504,16
4.44044312875759,0.017471387499999998,0.0002297812882530908,16
4.93301187170019,0.018886,0.0002625739817175342,16
