position,voltage_mean,voltage_std,n_samples
0.992461928159429,0.015676731875,0.00023087758312628445,16
1.48625141148106,0.0160073225,0.0002010981496527259,16
1.96661275063326,0.0159914375,0.00031602595754739847,16
2.44636371959594,0.015598923125,0.00020527476704160295,16
2.93771172215949,0.01661711,0.00020800582684146155,16
3.42844935453352,0.0196998725,0.00014924064043098299,16
3.92223883785516,0.021375097500000002,0.00022415499290390605,16
4.41541795098727,0.022743479375,6.148756464407615e-05,16
4.90920743430891,0.023452821874999998,0.00018455999086403957,16
