position,voltage_mean,voltage_std,n_samples
-0.00610370189519944,0.01673960125,0.0003287639750047709,16
0.985747856074709,0.017006035625000002,0.00025387751140975304,16
1.95318460646382,0.12285320625,0.0007896063097113267,16
2.94198431348613,0.29404155,0.0013437888906000118,16
3.93505661183508,0.4697707125,0.0009650540644667283,16
4.92690816980499,0.64922185,0.001780184424785814,16
