pos_index,position,sample_index,voltage
0,0.988189336832789,0,0.07222664
0,0.988189336832789,1,0.07196747
0,0.988189336832789,2,0.07212653
0,0.988189336832789,3,0.07196163
0,0.988189336832789,4,0.07210226
0,0.988189336832789,5,0.0717647
0,0.988189336832789,6,0.07168627
0,0.988189336832789,7,0.07178887
0,0.988189336832789,8,0.0719548
0,0.988189336832789,9,0.07192423
0,0.988189336832789,10,0.0720789
0,0.988189336832789,11,0.07198074
1,0.986968596453749,0,0.07182724
1,0.986968596453749,1,0.07197922
1,0.986968596453749,2,0.07179535
1,0.986968596453749,3,0.07208952
1,0.986968596453749,4,0.07200141
1,0.986968596453749,5,0.07215491
1,0.986968596453749,6,0.07189111
1,0.986968596453749,7,0.07192081
1,0.986968596453749,8,0.07180778
1,0.986968596453749,9,0.07183637
1,0.986968596453749,10,0.07200544
1,0.986968596453749,11,0.0719461
1,0.986968596453749,12,0.07199073
1,0.986968596453749,13,0.07189503
1,0.986968596453749,14,0.07208487
1,0.986968596453749,15,0.07213265
2,0.997344889675588,0,0.07224179
2,0.997344889675588,1,0.07200643
2,0.997344889675588,2,0.07216955
2,0.997344889675588,3,0.07204454
2,0.997344889675588,4,0.07204282
2,0.997344889675588,5,0.07208177
2,0.997344889675588,6,0.07209593
2,0.997344889675588,7,0.07200625
2,0.997344889675588,8,0.07218719
2,0.997344889675588,9,0.07231756
2,0.997344889675588,10,0.07219704
2,0.997344889675588,11,0.07242505
2,0.997344889675588,12,0.07238557
2,0.997344889675588,13,0.07232574
2,0.997344889675588,14,0.07217972
2,0.997344889675588,15,0.07200658
3,1.00772118289743,0,0.07206912
3,1.00772118289743,1,0.07190675
3,1.00772118289743,2,0.07209732
3,1.00772118289743,3,0.07181661
3,1.00772118289743,4,0.07205147
3,1.00772118289743,5,0.07233491
3,1.00772118289743,6,0.07213044
3,1.00772118289743,7,0.07202357
3,1.00772118289743,8,0.07229803
3,1.00772118289743,9,0.07219294
3,1.00772118289743,10,0.07198952
3,1.00772118289743,11,0.07192567
3,1.00772118289743,12,0.07214657
3,1.00772118289743,13,0.0720921
3,1.00772118289743,14,0.0721499
3,1.00772118289743,15,0.07200221
4,1.01748710592975,0,0.07200661
4,1.01748710592975,1,0.07215715
4,1.01748710592975,2,0.07208715
4,1.01748710592975,3,0.07253572
4,1.01748710592975,4,0.07233518
4,1.01748710592975,5,0.07227618
4,1.01748710592975,6,0.07202771
4,1.01748710592975,7,0.07228575
4,1.01748710592975,8,0.07222211
4,1.01748710592975,9,0.07203064
4,1.01748710592975,10,0.07218922
4,1.01748710592975,11,0.07195094
4,1.01748710592975,12,0.07190519
4,1.01748710592975,13,0.07205506
4,1.01748710592975,14,0.07195545
4,1.01748710592975,15,0.07211096
5,1.02664265877255,0,0.07197676
5,1.02664265877255,1,0.07186895
5,1.02664265877255,2,0.07182548
5,1.02664265877255,3,0.07201428
5,1.02664265877255,4,0.07217262
5,1.02664265877255,5,0.07208829
5,1.02664265877255,6,0.07206163
5,1.02664265877255,7,0.07184219
5,1.02664265877255,8,0.07199485
5,1.02664265877255,9,0.07189669
5,1.02664265877255,10,0.07210859
5,1.02664265877255,11,0.07177942
5,1.02664265877255,12,0.07214941
5,1.02664265877255,13,0.07198746
5,1.02664265877255,14,0.07245731
5,1.02664265877255,15,0.07209029
6,1.0376293221839,0,0.07213832
6,1.0376293221839,1,0.07201319
6,1.0376293221839,2,0.07190784
6,1.0376293221839,3,0.07194719
6,1.0376293221839,4,0.07217545
6,1.0376293221839,5,0.07228126
6,1.0376293221839,6,0.0721123
6,1.0376293221839,7,0.07201597
6,1.0376293221839,8,0.07222277
6,1.0376293221839,9,0.07186574
6,1.0376293221839,10,0.07208571
6,1.0376293221839,11,0.07214902
6,1.0376293221839,12,0.0723324
6,1.0376293221839,13,0.07193326
6,1.0376293221839,14,0.07193013
6,1.0376293221839,15,0.07205944
7,1.04800561540574,0,0.07183375
7,1.04800561540574,1,0.07158642
7,1.04800561540574,2,0.07159367
7,1.04800561540574,3,0.07178946
7,1.04800561540574,4,0.07184914
7,1.04800561540574,5,0.07189767
7,1.04800561540574,6,0.0717525
7,1.04800561540574,7,0.07207949
7,1.04800561540574,8,0.07195949
7,1.04800561540574,9,0.0718487
7,1.04800561540574,10,0.07181273
7,1.04800561540574,11,0.07204083
7,1.04800561540574,12,0.07216189
7,1.04800561540574,13,0.07221421
7,1.04800561540574,14,0.07201083
7,1.04800561540574,15,0.07209326
8,1.05716116824854,0,0.07198049
8,1.05716116824854,1,0.07181985
8,1.05716116824854,2,0.07187626
8,1.05716116824854,3,0.07188278
8,1.05716116824854,4,0.07203788
8,1.05716116824854,5,0.07211297
8,1.05716116824854,6,0.07210885
8,1.05716116824854,7,0.07214873
8,1.05716116824854,8,0.07208101
8,1.05716116824854,9,0.0721885
8,1.05716116824854,10,0.07197778
8,1.05716116824854,11,0.0720494
8,1.05716116824854,12,0.07202781
8,1.05716116824854,13,0.07192096
8,1.05716116824854,14,0.07230278
8,1.05716116824854,15,0.07214876
9,1.06753746147038,0,0.07199616
9,1.06753746147038,1,0.07207751
9,1.06753746147038,2,0.07213502
9,1.06753746147038,3,0.07206178
9,1.06753746147038,4,0.07227492
9,1.06753746147038,5,0.07221895
9,1.06753746147038,6,0.07230106
9,1.06753746147038,7,0.07214832
9,1.06753746147038,8,0.0724111
9,1.06753746147038,9,0.07235168
9,1.06753746147038,10,0.07207503
9,1.06753746147038,11,0.07206294
9,1.06753746147038,12,0.07205851
9,1.06753746147038,13,0.0722709
9,1.06753746147038,14,0.07201618
9,1.06753746147038,15,0.07224776
10,1.0773033845027,0,0.07233492
10,1.0773033845027,1,0.07220343
10,1.0773033845027,2,0.07229419
10,1.0773033845027,3,0.0720896
10,1.0773033845027,4,0.07220368
10,1.0773033845027,5,0.07210545
10,1.0773033845027,6,0.07201155
10,1.0773033845027,7,0.07201744
10,1.0773033845027,8,0.07191265
10,1.0773033845027,9,0.07193388
10,1.0773033845027,10,0.07165696
10,1.0773033845027,11,0.07197858
10,1.0773033845027,12,0.07179914
10,1.0773033845027,13,0.07191113
10,1.0773033845027,14,0.07185246
10,1.0773033845027,15,0.07186332
11,1.08706930753502,0,0.07211191
11,1.08706930753502,1,0.07211364
11,1.08706930753502,2,0.07203276
11,1.08706930753502,3,0.07218016
11,1.08706930753502,4,0.07221374
11,1.08706930753502,5,0.07211371
11,1.08706930753502,6,0.07252225
11,1.08706930753502,7,0.07204508
11,1.08706930753502,8,0.07213273
11,1.08706930753502,9,0.07241769
11,1.08706930753502,10,0.07209039
11,1.08706930753502,11,0.0722737
11,1.08706930753502,12,0.07208422
11,1.08706930753502,13,0.07226678
11,1.08706930753502,14,0.07206312
11,1.08706930753502,15,0.07228917
12,1.09744560075686,0,0.07220899
12,1.09744560075686,1,0.07214338
12,1.09744560075686,2,0.07246244
12,1.09744560075686,3,0.07239603
12,1.09744560075686,4,0.07218505
12,1.09744560075686,5,0.07215659
12,1.09744560075686,6,0.07211798
12,1.09744560075686,7,0.07203738
12,1.09744560075686,8,0.07204557
12,1.09744560075686,9,0.0719422
12,1.09744560075686,10,0.07195545
12,1.09744560075686,11,0.07202464
12,1.09744560075686,12,0.07206142
12,1.09744560075686,13,0.07193115
12,1.09744560075686,14,0.07189765
12,1.09744560075686,15,0.07195977
13,1.1078218939787,0,0.07214951
13,1.1078218939787,1,0.07151125
13,1.1078218939787,2,0.07189569
13,1.1078218939787,3,0.07179062
13,1.1078218939787,4,0.07181022
13,1.1078218939787,5,0.0716499
13,1.1078218939787,6,0.0716593
13,1.1078218939787,7,0.07173215
13,1.1078218939787,8,0.07158386
13,1.1078218939787,9,0.07159951
13,1.1078218939787,10,0.07188486
13,1.1078218939787,11,0.07185181
13,1.1078218939787,12,0.07192284
13,1.1078218939787,13,0.07161707
13,1.1078218939787,14,0.07171995
13,1.1078218939787,15,0.07183772
14,1.1169774468215,0,0.07177413
14,1.1169774468215,1,0.07188689
14,1.1169774468215,2,0.07191059
14,1.1169774468215,3,0.07171303
14,1.1169774468215,4,0.07180686
14,1.1169774468215,5,0.07188036
14,1.1169774468215,6,0.07185559
14,1.1169774468215,7,0.07202032
14,1.1169774468215,8,0.07202269
14,1.1169774468215,9,0.0721878
14,1.1169774468215,10,0.07211453
14,1.1169774468215,11,0.07218703
14,1.1169774468215,12,0.07184118
14,1.1169774468215,13,0.07192148
14,1.1169774468215,14,0.07178336
14,1.1169774468215,15,0.07172762
15,1.12796411023286,0,0.07180024
15,1.12796411023286,1,0.07147843
15,1.12796411023286,2,0.07151806
15,1.12796411023286,3,0.07184926
15,1.12796411023286,4,0.07134784
15,1.12796411023286,5,0.07159123
15,1.12796411023286,6,0.07178508
15,1.12796411023286,7,0.07159679
15,1.12796411023286,8,0.0714723
15,1.12796411023286,9,0.07182137
15,1.12796411023286,10,0.0716842
15,1.12796411023286,11,0.07154685
15,1.12796411023286,12,0.07167377
15,1.12796411023286,13,0.07178522
15,1.12796411023286,14,0.07187188
15,1.12796411023286,15,0.07152875
16,1.13711966307566,0,0.0723279
16,1.13711966307566,1,0.07233297
16,1.13711966307566,2,0.07221678
16,1.13711966307566,3,0.07217926
16,1.13711966307566,4,0.07220358
16,1.13711966307566,5,0.07208399
16,1.13711966307566,6,0.07184409
16,1.13711966307566,7,0.07189091
16,1.13711966307566,8,0.07208847
16,1.13711966307566,9,0.0719687
16,1.13711966307566,10,0.0720311
16,1.13711966307566,11,0.07194629
16,1.13711966307566,12,0.07204881
16,1.13711966307566,13,0.0720764
16,1.13711966307566,14,0.07190434
16,1.13711966307566,15,0.07157882
17,1.14810632648701,0,0.07202166
17,1.14810632648701,1,0.07189829
17,1.14810632648701,2,0.0720448
17,1.14810632648701,3,0.07192292
17,1.14810632648701,4,0.0720399
17,1.14810632648701,5,0.07195974
17,1.14810632648701,6,0.07206263
17,1.14810632648701,7,0.0716449
17,1.14810632648701,8,0.07202477
17,1.14810632648701,9,0.07171156
17,1.14810632648701,10,0.07190825
17,1.14810632648701,11,0.07204153
17,1.14810632648701,12,0.07192832
17,1.14810632648701,13,0.07178786
17,1.14810632648701,14,0.07203499
17,1.14810632648701,15,0.07162943
18,1.15726187932981,0,0.07219225
18,1.15726187932981,1,0.07204724
18,1.15726187932981,2,0.07190094
18,1.15726187932981,3,0.07212164
18,1.15726187932981,4,0.07192305
18,1.15726187932981,5,0.07232682
18,1.15726187932981,6,0.07233181
18,1.15726187932981,7,0.0720863
18,1.15726187932981,8,0.07194351
18,1.15726187932981,9,0.07208476
18,1.15726187932981,10,0.07194919
18,1.15726187932981,11,0.07219678
18,1.15726187932981,12,0.07186646
18,1.15726187932981,13,0.07200851
18,1.15726187932981,14,0.07190408
18,1.15726187932981,15,0.07185104
19,1.16824854274117,0,0.07202274
19,1.16824854274117,1,0.07210028
19,1.16824854274117,2,0.07200059
19,1.16824854274117,3,0.07199199
19,1.16824854274117,4,0.07240217
19,1.16824854274117,5,0.07199611
19,1.16824854274117,6,0.07198165
19,1.16824854274117,7,0.07205094
19,1.16824854274117,8,0.07203028
19,1.16824854274117,9,0.07201801
19,1.16824854274117,10,0.07207524
19,1.16824854274117,11,0.07184194
19,1.16824854274117,12,0.07207478
19,1.16824854274117,13,0.0720921
19,1.16824854274117,14,0.07216892
19,1.16824854274117,15,0.0720633
20,1.17801446577349,0,0.07204569
20,1.17801446577349,1,0.07167494
20,1.17801446577349,2,0.07205249
20,1.17801446577349,3,0.07192618
20,1.17801446577349,4,0.07196834
20,1.17801446577349,5,0.07175567
20,1.17801446577349,6,0.07217223
20,1.17801446577349,7,0.07195354
20,1.17801446577349,8,0.07203378
20,1.17801446577349,9,0.07206338
20,1.17801446577349,10,0.07197341
20,1.17801446577349,11,0.07195427
20,1.17801446577349,12,0.07188799
20,1.17801446577349,13,0.07178092
20,1.17801446577349,14,0.07172119
20,1.17801446577349,15,0.07154115
21,1.18778038880581,0,0.07187089
21,1.18778038880581,1,0.0719731
21,1.18778038880581,2,0.07175171
21,1.18778038880581,3,0.07157252
21,1.18778038880581,4,0.07162239
21,1.18778038880581,5,0.07149542
21,1.18778038880581,6,0.0714168
21,1.18778038880581,7,0.07163122
21,1.18778038880581,8,0.07167502
21,1.18778038880581,9,0.07193558
21,1.18778038880581,10,0.07194551
21,1.18778038880581,11,0.07207658
21,1.18778038880581,12,0.07174955
21,1.18778038880581,13,0.07188308
21,1.18778038880581,14,0.07189582
21,1.18778038880581,15,0.07171627
22,1.19815668202765,0,0.07156503
22,1.19815668202765,1,0.07168496
22,1.19815668202765,2,0.07179748
22,1.19815668202765,3,0.07195776
22,1.19815668202765,4,0.07175899
22,1.19815668202765,5,0.07188609
22,1.19815668202765,6,0.07182809
22,1.19815668202765,7,0.07192618
22,1.19815668202765,8,0.07189754
22,1.19815668202765,9,0.07188213
22,1.19815668202765,10,0.07188354
22,1.19815668202765,11,0.07180987
22,1.19815668202765,12,0.0718485
22,1.19815668202765,13,0.07182096
22,1.19815668202765,14,0.0719045
22,1.19815668202765,15,0.07185372
23,1.20792260505997,0,0.07168362
23,1.20792260505997,1,0.0715993
23,1.20792260505997,2,0.07177579
23,1.20792260505997,3,0.0716294
23,1.20792260505997,4,0.07152483
23,1.20792260505997,5,0.07160535
23,1.20792260505997,6,0.0714054
23,1.20792260505997,7,0.07164714
23,1.20792260505997,8,0.07141994
23,1.20792260505997,9,0.07138146
23,1.20792260505997,10,0.07139672
23,1.20792260505997,11,0.07147782
23,1.20792260505997,12,0.07155368
23,1.20792260505997,13,0.07177278
23,1.20792260505997,14,0.07182508
23,1.20792260505997,15,0.07175507
24,1.21829889828181,0,0.07184981
24,1.21829889828181,1,0.07191165
24,1.21829889828181,2,0.07197441
24,1.21829889828181,3,0.0718199
24,1.21829889828181,4,0.07166092
24,1.21829889828181,5,0.07158345
24,1.21829889828181,6,0.07155785
24,1.21829889828181,7,0.07160251
24,1.21829889828181,8,0.07183179
24,1.21829889828181,9,0.07161625
24,1.21829889828181,10,0.07167684
24,1.21829889828181,11,0.07190701
24,1.21829889828181,12,0.07170067
24,1.21829889828181,13,0.07196875
24,1.21829889828181,14,0.07155288
24,1.21829889828181,15,0.07177229
25,1.22867519150365,0,0.07154923
25,1.22867519150365,1,0.07174108
25,1.22867519150365,2,0.07181218
25,1.22867519150365,3,0.07159916
25,1.22867519150365,4,0.07170469
25,1.22867519150365,5,0.07183395
25,1.22867519150365,6,0.07146853
25,1.22867519150365,7,0.07169741
25,1.22867519150365,8,0.07163051
25,1.22867519150365,9,0.07185328
25,1.22867519150365,10,0.07152182
25,1.22867519150365,11,0.07175461
25,1.22867519150365,12,0.07194065
25,1.22867519150365,13,0.07187294
25,1.22867519150365,14,0.07169098
25,1.22867519150365,15,0.07183903
26,1.23783074434645,0,0.0720308
26,1.23783074434645,1,0.07181815
26,1.23783074434645,2,0.07175688
26,1.23783074434645,3,0.07153361
26,1.23783074434645,4,0.07134719
26,1.23783074434645,5,0.07153247
26,1.23783074434645,6,0.07161511
26,1.23783074434645,7,0.07149799
26,1.23783074434645,8,0.07168266
26,1.23783074434645,9,0.07152992
26,1.23783074434645,10,0.07181054
26,1.23783074434645,11,0.07193141
26,1.23783074434645,12,0.07212717
26,1.23783074434645,13,0.07194425
26,1.23783074434645,14,0.07198434
26,1.23783074434645,15,0.07191664
27,1.24759666737877,0,0.07165831
27,1.24759666737877,1,0.07189386
27,1.24759666737877,2,0.07209441
27,1.24759666737877,3,0.07197341
27,1.24759666737877,4,0.07178336
27,1.24759666737877,5,0.07166218
27,1.24759666737877,6,0.07171457
27,1.24759666737877,7,0.07183668
27,1.24759666737877,8,0.07179787
27,1.24759666737877,9,0.07204101
27,1.24759666737877,10,0.07185768
27,1.24759666737877,11,0.07174504
27,1.24759666737877,12,0.07152542
27,1.24759666737877,13,0.07180364
27,1.24759666737877,14,0.07160462
27,1.24759666737877,15,0.0717647
28,1.25858333079012,0,0.0715822
28,1.25858333079012,1,0.07182772
28,1.25858333079012,2,0.0717927
28,1.25858333079012,3,0.07202554
28,1.25858333079012,4,0.07185719
28,1.25858333079012,5,0.07192133
28,1.25858333079012,6,0.07174756
28,1.25858333079012,7,0.07190128
28,1.25858333079012,8,0.07197778
28,1.25858333079012,9,0.07181367
28,1.25858333079012,10,0.07155118
28,1.25858333079012,11,0.07170654
28,1.25858333079012,12,0.07146452
28,1.25858333079012,13,0.07168564
28,1.25858333079012,14,0.07168232
28,1.25858333079012,15,0.07162782
29,1.26773888363292,0,0.07179185
29,1.26773888363292,1,0.07179067
29,1.26773888363292,2,0.07177183
29,1.26773888363292,3,0.0718205
29,1.26773888363292,4,0.07163724
29,1.26773888363292,5,0.07141748
29,1.26773888363292,6,0.07183822
29,1.26773888363292,7,0.07168999
29,1.26773888363292,8,0.07167422
29,1.26773888363292,9,0.0714597
29,1.26773888363292,10,0.07191129
29,1.26773888363292,11,0.07163503
29,1.26773888363292,12,0.07157417
29,1.26773888363292,13,0.07133374
29,1.26773888363292,14,0.07176422
29,1.26773888363292,15,0.07182001
30,1.27811517685476,0,0.0719056
30,1.27811517685476,1,0.07198365
30,1.27811517685476,2,0.07163238
30,1.27811517685476,3,0.07175201
30,1.27811517685476,4,0.07187746
30,1.27811517685476,5,0.07201664
30,1.27811517685476,6,0.07195218
30,1.27811517685476,7,0.07194983
30,1.27811517685476,8,0.0720546
30,1.27811517685476,9,0.07180279
30,1.27811517685476,10,0.07193748
30,1.27811517685476,11,0.07202786
30,1.27811517685476,12,0.07205682
30,1.27811517685476,13,0.07207066
30,1.27811517685476,14,0.07199734
30,1.27811517685476,15,0.07208417
31,1.28788109988708,0,0.07202768
31,1.28788109988708,1,0.07185142
31,1.28788109988708,2,0.07175375
31,1.28788109988708,3,0.07170801
31,1.28788109988708,4,0.07185475
31,1.28788109988708,5,0.07200555
31,1.28788109988708,6,0.07184587
31,1.28788109988708,7,0.07188715
31,1.28788109988708,8,0.07176434
31,1.28788109988708,9,0.07147598
31,1.28788109988708,10,0.07165351
31,1.28788109988708,11,0.07182191
31,1.28788109988708,12,0.07171444
31,1.28788109988708,13,0.07155441
31,1.28788109988708,14,0.07180811
31,1.28788109988708,15,0.07174733
32,1.29825739310892,0,0.07196896
32,1.29825739310892,1,0.0718442
32,1.29825739310892,2,0.07216302
32,1.29825739310892,3,0.07192266
32,1.29825739310892,4,0.07219262
32,1.29825739310892,5,0.07202094
32,1.29825739310892,6,0.07195102
32,1.29825739310892,7,0.07189289
32,1.29825739310892,8,0.07191157
32,1.29825739310892,9,0.07175042
32,1.29825739310892,10,0.07194912
32,1.29825739310892,11,0.07197297
32,1.29825739310892,12,0.07196548
32,1.29825739310892,13,0.07201979
32,1.29825739310892,14,0.07223747
32,1.29825739310892,15,0.07212264
33,1.30802331614124,0,0.07182379
33,1.30802331614124,1,0.07189705
33,1.30802331614124,2,0.0719836
33,1.30802331614124,3,0.07238822
33,1.30802331614124,4,0.07183936
33,1.30802331614124,5,0.07205998
33,1.30802331614124,6,0.0720924
33,1.30802331614124,7,0.07207436
33,1.30802331614124,8,0.07191566
33,1.30802331614124,9,0.07207964
33,1.30802331614124,10,0.07195025
33,1.30802331614124,11,0.07180032
33,1.30802331614124,12,0.0718214
33,1.30802331614124,13,0.07196618
33,1.30802331614124,14,0.0716268
33,1.30802331614124,15,0.07153878
34,1.3190099795526,0,0.07196911
34,1.3190099795526,1,0.07190305
34,1.3190099795526,2,0.07202732
34,1.3190099795526,3,0.07179204
34,1.3190099795526,4,0.0717995
34,1.3190099795526,5,0.07172054
34,1.3190099795526,6,0.07152113
34,1.3190099795526,7,0.07185061
34,1.3190099795526,8,0.07178167
34,1.3190099795526,9,0.07172881
34,1.3190099795526,10,0.0718566
34,1.3190099795526,11,0.0718497
34,1.3190099795526,12,0.07209887
34,1.3190099795526,13,0.07224372
34,1.3190099795526,14,0.07201922
34,1.3190099795526,15,0.07226802
35,1.3281655323954,0,0.07207078
35,1.3281655323954,1,0.07171202
35,1.3281655323954,2,0.07175811
35,1.3281655323954,3,0.07190086
35,1.3281655323954,4,0.07205133
35,1.3281655323954,5,0.07209361
35,1.3281655323954,6,0.07225682
35,1.3281655323954,7,0.07194943
35,1.3281655323954,8,0.07179255
35,1.3281655323954,9,0.07209039
35,1.3281655323954,10,0.07191767
35,1.3281655323954,11,0.07208857
35,1.3281655323954,12,0.07190279
35,1.3281655323954,13,0.07173974
35,1.3281655323954,14,0.07173114
35,1.3281655323954,15,0.07175999
36,1.33854182561724,0,0.07169545
36,1.33854182561724,1,0.07211258
36,1.33854182561724,2,0.07203793
36,1.33854182561724,3,0.072018
36,1.33854182561724,4,0.07172906
36,1.33854182561724,5,0.07203401
36,1.33854182561724,6,0.07153377
36,1.33854182561724,7,0.07188287
36,1.33854182561724,8,0.07183516
36,1.33854182561724,9,0.07181002
36,1.33854182561724,10,0.07175356
36,1.33854182561724,11,0.07180194
36,1.33854182561724,12,0.07189196
36,1.33854182561724,13,0.07196543
36,1.33854182561724,14,0.07189621
36,1.33854182561724,15,0.07168487
37,1.34891811883908,0,0.07169661
37,1.34891811883908,1,0.07194693
37,1.34891811883908,2,0.07199945
37,1.34891811883908,3,0.07173143
37,1.34891811883908,4,0.07189096
37,1.34891811883908,5,0.07201979
37,1.34891811883908,6,0.07199886
37,1.34891811883908,7,0.07208255
37,1.34891811883908,8,0.07157174
37,1.34891811883908,9,0.07180732
37,1.34891811883908,10,0.07164051
37,1.34891811883908,11,0.07179917
37,1.34891811883908,12,0.07183962
37,1.34891811883908,13,0.07185593
37,1.34891811883908,14,0.07187932
37,1.34891811883908,15,0.07179958
38,1.35929441206092,0,0.07172551
38,1.35929441206092,1,0.07173228
38,1.35929441206092,2,0.07174038
38,1.35929441206092,3,0.07215016
38,1.35929441206092,4,0.07177508
38,1.35929441206092,5,0.07178437
38,1.35929441206092,6,0.07180896
38,1.35929441206092,7,0.07193527
38,1.35929441206092,8,0.07195604
38,1.35929441206092,9,0.07186349
38,1.35929441206092,10,0.07192974
38,1.35929441206092,11,0.07208492
38,1.35929441206092,12,0.07177608
38,1.35929441206092,13,0.07200292
38,1.35929441206092,14,0.07187078
38,1.35929441206092,15,0.07183969
39,1.36906033509323,0,0.07181679
39,1.36906033509323,1,0.07200854
39,1.36906033509323,2,0.07176341
39,1.36906033509323,3,0.07164512
39,1.36906033509323,4,0.07176857
39,1.36906033509323,5,0.07184847
39,1.36906033509323,6,0.07178583
39,1.36906033509323,7,0.07175377
39,1.36906033509323,8,0.07187682
39,1.36906033509323,9,0.07176254
39,1.36906033509323,10,0.07152168
39,1.36906033509323,11,0.07175995
39,1.36906033509323,12,0.07174103
39,1.36906033509323,13,0.07165706
39,1.36906033509323,14,0.07196087
39,1.36906033509323,15,0.07190462
40,1.37882625812555,0,0.07150953
40,1.37882625812555,1,0.07165652
40,1.37882625812555,2,0.0715683
40,1.37882625812555,3,0.07169504
40,1.37882625812555,4,0.07145207
40,1.37882625812555,5,0.07160854
40,1.37882625812555,6,0.07163433
40,1.37882625812555,7,0.07178177
40,1.37882625812555,8,0.07158891
40,1.37882625812555,9,0.07177047
40,1.37882625812555,10,0.07167764
40,1.37882625812555,11,0.07164316
40,1.37882625812555,12,0.07167016
40,1.37882625812555,13,0.07182376
40,1.37882625812555,14,0.07189927
40,1.37882625812555,15,0.07149869
41,1.38920255134739,0,0.07169411
41,1.38920255134739,1,0.07167405
41,1.38920255134739,2,0.071816
41,1.38920255134739,3,0.07174079
41,1.38920255134739,4,0.07190382
41,1.38920255134739,5,0.07173434
41,1.38920255134739,6,0.07157189
41,1.38920255134739,7,0.07153645
41,1.38920255134739,8,0.07161097
41,1.38920255134739,9,0.07162613
41,1.38920255134739,10,0.07165713
41,1.38920255134739,11,0.07174926
41,1.38920255134739,12,0.0716114
41,1.38920255134739,13,0.07153438
41,1.38920255134739,14,0.07157397
41,1.38920255134739,15,0.07143403
42,1.39835810419019,0,0.07179785
42,1.39835810419019,1,0.07152297
42,1.39835810419019,2,0.07161222
42,1.39835810419019,3,0.07147901
42,1.39835810419019,4,0.07157882
42,1.39835810419019,5,0.07150666
42,1.39835810419019,6,0.07123943
42,1.39835810419019,7,0.07141661
42,1.39835810419019,8,0.0715349
42,1.39835810419019,9,0.07185227
42,1.39835810419019,10,0.0715438
42,1.39835810419019,11,0.07159977
42,1.39835810419019,12,0.07148794
42,1.39835810419019,13,0.07161763
42,1.39835810419019,14,0.07184422
42,1.39835810419019,15,0.07162658
43,1.40873439741203,0,0.0719187
43,1.40873439741203,1,0.07180397
43,1.40873439741203,2,0.07173514
43,1.40873439741203,3,0.07188939
43,1.40873439741203,4,0.07181082
43,1.40873439741203,5,0.07182809
43,1.40873439741203,6,0.07189549
43,1.40873439741203,7,0.07171002
43,1.40873439741203,8,0.07169103
43,1.40873439741203,9,0.07183632
43,1.40873439741203,10,0.07196742
43,1.40873439741203,11,0.07197946
43,1.40873439741203,12,0.07194881
43,1.40873439741203,13,0.07181419
43,1.40873439741203,14,0.07188787
43,1.40873439741203,15,0.07161278
44,1.41850032044435,0,0.07181864
44,1.41850032044435,1,0.07206582
44,1.41850032044435,2,0.07186271
44,1.41850032044435,3,0.07155549
44,1.41850032044435,4,0.07160451
44,1.41850032044435,5,0.07179317
44,1.41850032044435,6,0.07174154
44,1.41850032044435,7,0.0719222
44,1.41850032044435,8,0.07153641
44,1.41850032044435,9,0.07160454
44,1.41850032044435,10,0.07178518
44,1.41850032044435,11,0.07172675
44,1.41850032044435,12,0.07154101
44,1.41850032044435,13,0.07171413
44,1.41850032044435,14,0.07162225
44,1.41850032044435,15,0.0716641
45,1.42887661366619,0,0.07197758
45,1.42887661366619,1,0.07183954
45,1.42887661366619,2,0.07185658
45,1.42887661366619,3,0.07185104
45,1.42887661366619,4,0.07185315
45,1.42887661366619,5,0.07194921
45,1.42887661366619,6,0.07187479
45,1.42887661366619,7,0.07185838
45,1.42887661366619,8,0.07193169
45,1.42887661366619,9,0.071738
45,1.42887661366619,10,0.07194693
45,1.42887661366619,11,0.07187693
45,1.42887661366619,12,0.0716143
45,1.42887661366619,13,0.07178058
45,1.42887661366619,14,0.07205372
45,1.42887661366619,15,0.07213003
46,1.43864253669851,0,0.07190882
46,1.43864253669851,1,0.0720387
46,1.43864253669851,2,0.07200882
46,1.43864253669851,3,0.07214838
46,1.43864253669851,4,0.07222252
46,1.43864253669851,5,0.07199521
46,1.43864253669851,6,0.07198671
46,1.43864253669851,7,0.07222565
46,1.43864253669851,8,0.07213319
46,1.43864253669851,9,0.07209791
46,1.43864253669851,10,0.07194919
46,1.43864253669851,11,0.07215393
46,1.43864253669851,12,0.07203641
46,1.43864253669851,13,0.07254644
46,1.43864253669851,14,0.07194471
46,1.43864253669851,15,0.07241054
47,1.44840845973083,0,0.07228768
47,1.44840845973083,1,0.07228322
47,1.44840845973083,2,0.07237569
47,1.44840845973083,3,0.07230376
47,1.44840845973083,4,0.07238363
47,1.44840845973083,5,0.07213391
47,1.44840845973083,6,0.07202954
47,1.44840845973083,7,0.07238671
47,1.44840845973083,8,0.07235513
47,1.44840845973083,9,0.07223749
47,1.44840845973083,10,0.07225464
47,1.44840845973083,11,0.07248259
47,1.44840845973083,12,0.07244162
47,1.44840845973083,13,0.07250869
47,1.44840845973083,14,0.07242177
47,1.44840845973083,15,0.07231838
48,1.45756401257363,0,0.07197963
48,1.45756401257363,1,0.07192006
48,1.45756401257363,2,0.0717867
48,1.45756401257363,3,0.07190514
48,1.45756401257363,4,0.07198685
48,1.45756401257363,5,0.07184836
48,1.45756401257363,6,0.07186512
48,1.45756401257363,7,0.07183032
48,1.45756401257363,8,0.07198977
48,1.45756401257363,9,0.07164671
48,1.45756401257363,10,0.07163239
48,1.45756401257363,11,0.07202271
48,1.45756401257363,12,0.07190864
48,1.45756401257363,13,0.07208955
48,1.45756401257363,14,0.07196208
48,1.45756401257363,15,0.07187788
49,1.46794030579546,0,0.07207841
49,1.46794030579546,1,0.07203684
49,1.46794030579546,2,0.07205287
49,1.46794030579546,3,0.07197979
49,1.46794030579546,4,0.07192057
49,1.46794030579546,5,0.07188429
49,1.46794030579546,6,0.07172716
49,1.46794030579546,7,0.07203831
49,1.46794030579546,8,0.07210926
49,1.46794030579546,9,0.0720126
49,1.46794030579546,10,0.07199036
49,1.46794030579546,11,0.07199565
49,1.46794030579546,12,0.07196188
49,1.46794030579546,13,0.07200352
49,1.46794030579546,14,0.0718697
49,1.46794030579546,15,0.07219367
50,1.47892696920682,0,0.07182904
50,1.47892696920682,1,0.0719845
50,1.47892696920682,2,0.07198473
50,1.47892696920682,3,0.0721902
50,1.47892696920682,4,0.0721728
50,1.47892696920682,5,0.07200678
50,1.47892696920682,6,0.0719117
50,1.47892696920682,7,0.07205074
50,1.47892696920682,8,0.07210494
50,1.47892696920682,9,0.07200411
50,1.47892696920682,10,0.07226207
50,1.47892696920682,11,0.07189409
50,1.47892696920682,12,0.07221659
50,1.47892696920682,13,0.07202511
50,1.47892696920682,14,0.0722177
50,1.47892696920682,15,0.07169694
51,1.48869289223914,0,0.07203633
51,1.48869289223914,1,0.07199842
51,1.48869289223914,2,0.07211894
51,1.48869289223914,3,0.07207359
51,1.48869289223914,4,0.07220239
51,1.48869289223914,5,0.07188238
51,1.48869289223914,6,0.07209253
51,1.48869289223914,7,0.07164862
51,1.48869289223914,8,0.07206891
51,1.48869289223914,9,0.07213888
51,1.48869289223914,10,0.0720783
51,1.48869289223914,11,0.07184093
51,1.48869289223914,12,0.0719505
51,1.48869289223914,13,0.0717928
51,1.48869289223914,14,0.07181509
51,1.48869289223914,15,0.07183007
52,1.49845881527146,0,0.07189806
52,1.49845881527146,1,0.07208921
52,1.49845881527146,2,0.07195517
52,1.49845881527146,3,0.07203759
52,1.49845881527146,4,0.07219915
52,1.49845881527146,5,0.07177423
52,1.49845881527146,6,0.07193738
52,1.49845881527146,7,0.0721762
52,1.49845881527146,8,0.07191736
52,1.49845881527146,9,0.07219215
52,1.49845881527146,10,0.07198077
52,1.49845881527146,11,0.07220389
52,1.49845881527146,12,0.07224828
52,1.49845881527146,13,0.07222501
52,1.49845881527146,14,0.07211639
52,1.49845881527146,15,0.07188392
53,1.5088351084933,0,0.07191999
53,1.5088351084933,1,0.07215507
53,1.5088351084933,2,0.07209812
53,1.5088351084933,3,0.072102
53,1.5088351084933,4,0.07197958
53,1.5088351084933,5,0.07188743
53,1.5088351084933,6,0.07178071
53,1.5088351084933,7,0.07198682
53,1.5088351084933,8,0.07220602
53,1.5088351084933,9,0.07209405
53,1.5088351084933,10,0.07222589
53,1.5088351084933,11,0.07198607
53,1.5088351084933,12,0.07211178
53,1.5088351084933,13,0.07196198
53,1.5088351084933,14,0.07218412
53,1.5088351084933,15,0.07212929
54,1.51860103152562,0,0.0722428
54,1.51860103152562,1,0.07220517
54,1.51860103152562,2,0.07246718
54,1.51860103152562,3,0.07229238
54,1.51860103152562,4,0.07212851
54,1.51860103152562,5,0.07219006
54,1.51860103152562,6,0.07224604
54,1.51860103152562,7,0.07253464
54,1.51860103152562,8,0.07230759
54,1.51860103152562,9,0.07252434
54,1.51860103152562,10,0.07195216
54,1.51860103152562,11,0.07225798
54,1.51860103152562,12,0.07227576
54,1.51860103152562,13,0.072287
54,1.51860103152562,14,0.07202709
54,1.51860103152562,15,0.07230639
55,1.52836695455794,0,0.07213191
55,1.52836695455794,1,0.0721939
55,1.52836695455794,2,0.07208577
55,1.52836695455794,3,0.07220837
55,1.52836695455794,4,0.0723246
55,1.52836695455794,5,0.07200319
55,1.52836695455794,6,0.0721625
55,1.52836695455794,7,0.07199225
55,1.52836695455794,8,0.07208873
55,1.52836695455794,9,0.07218559
55,1.52836695455794,10,0.07202128
55,1.52836695455794,11,0.07196355
55,1.52836695455794,12,0.07221763
55,1.52836695455794,13,0.07206353
55,1.52836695455794,14,0.07229086
55,1.52836695455794,15,0.0719896
56,1.53874324777978,0,0.07222567
56,1.53874324777978,1,0.07241735
56,1.53874324777978,2,0.07230824
56,1.53874324777978,3,0.07219118
56,1.53874324777978,4,0.07216559
56,1.53874324777978,5,0.07224403
56,1.53874324777978,6,0.07219423
56,1.53874324777978,7,0.0722499
56,1.53874324777978,8,0.0723507
56,1.53874324777978,9,0.07223189
56,1.53874324777978,10,0.07226367
56,1.53874324777978,11,0.07242468
56,1.53874324777978,12,0.07262205
56,1.53874324777978,13,0.07242631
56,1.53874324777978,14,0.07254815
56,1.53874324777978,15,0.0721842
57,1.5485091708121,0,0.07237793
57,1.5485091708121,1,0.07257905
57,1.5485091708121,2,0.07269861
57,1.5485091708121,3,0.07254097
57,1.5485091708121,4,0.07258824
57,1.5485091708121,5,0.07258016
57,1.5485091708121,6,0.07292876
57,1.5485091708121,7,0.07257298
57,1.5485091708121,8,0.07256667
57,1.5485091708121,9,0.07255844
57,1.5485091708121,10,0.07264151
57,1.5485091708121,11,0.07269089
57,1.5485091708121,12,0.07262091
57,1.5485091708121,13,0.07274107
57,1.5485091708121,14,0.07253294
57,1.5485091708121,15,0.07239267
58,1.55827509384442,0,0.07259615
58,1.55827509384442,1,0.07267857
58,1.55827509384442,2,0.07296585
58,1.55827509384442,3,0.0728071
58,1.55827509384442,4,0.07273202
58,1.55827509384442,5,0.07285896
58,1.55827509384442,6,0.07294621
58,1.55827509384442,7,0.07295588
58,1.55827509384442,8,0.07285689
58,1.55827509384442,9,0.0728147
58,1.55827509384442,10,0.07279856
58,1.55827509384442,11,0.07283891
58,1.55827509384442,12,0.07258514
58,1.55827509384442,13,0.07278079
58,1.55827509384442,14,0.07293554
58,1.55827509384442,15,0.07267313
59,1.56865138706626,0,0.07275324
59,1.56865138706626,1,0.07278009
59,1.56865138706626,2,0.07276037
59,1.56865138706626,3,0.07271069
59,1.56865138706626,4,0.07266115
59,1.56865138706626,5,0.07298749
59,1.56865138706626,6,0.07277206
59,1.56865138706626,7,0.07279793
59,1.56865138706626,8,0.07303948
59,1.56865138706626,9,0.07281086
59,1.56865138706626,10,0.07291969
59,1.56865138706626,11,0.07267275
59,1.56865138706626,12,0.07258445
59,1.56865138706626,13,0.07272212
59,1.56865138706626,14,0.07281148
59,1.56865138706626,15,0.07289209
60,1.57841731009857,0,0.07275119
60,1.57841731009857,1,0.07309564
60,1.57841731009857,2,0.07298057
60,1.57841731009857,3,0.0729656
60,1.57841731009857,4,0.07315473
60,1.57841731009857,5,0.07295782
60,1.57841731009857,6,0.0727288
60,1.57841731009857,7,0.07285609
60,1.57841731009857,8,0.0728322
60,1.57841731009857,9,0.07293802
60,1.57841731009857,10,0.07304455
60,1.57841731009857,11,0.07283483
60,1.57841731009857,12,0.07254993
60,1.57841731009857,13,0.07257835
60,1.57841731009857,14,0.07273193
60,1.57841731009857,15,0.07266909
61,1.58757286294137,0,0.07291909
61,1.58757286294137,1,0.07272176
61,1.58757286294137,2,0.07296845
61,1.58757286294137,3,0.07273404
61,1.58757286294137,4,0.07283089
61,1.58757286294137,5,0.07292183
61,1.58757286294137,6,0.07295106
61,1.58757286294137,7,0.07296114
61,1.58757286294137,8,0.07288408
61,1.58757286294137,9,0.07265789
61,1.58757286294137,10,0.07272063
61,1.58757286294137,11,0.07273621
61,1.58757286294137,12,0.07290428
61,1.58757286294137,13,0.07295992
61,1.58757286294137,14,0.07314988
61,1.58757286294137,15,0.07277241
62,1.59855952635273,0,0.07335483
62,1.59855952635273,1,0.07313917
62,1.59855952635273,2,0.07282598
62,1.59855952635273,3,0.07298169
62,1.59855952635273,4,0.07301915
62,1.59855952635273,5,0.07288244
62,1.59855952635273,6,0.07282065
62,1.59855952635273,7,0.07290512
62,1.59855952635273,8,0.07323847
62,1.59855952635273,9,0.07324894
62,1.59855952635273,10,0.07327463
62,1.59855952635273,11,0.07298845
62,1.59855952635273,12,0.07281853
62,1.59855952635273,13,0.0730278
62,1.59855952635273,14,0.07340084
62,1.59855952635273,15,0.07329969
63,1.60832544938505,0,0.0731812
63,1.60832544938505,1,0.07327912
63,1.60832544938505,2,0.07322985
63,1.60832544938505,3,0.07316241
63,1.60832544938505,4,0.07297337
63,1.60832544938505,5,0.07324659
63,1.60832544938505,6,0.07334905
63,1.60832544938505,7,0.07347675
63,1.60832544938505,8,0.07347053
63,1.60832544938505,9,0.07344344
63,1.60832544938505,10,0.07326849
63,1.60832544938505,11,0.07330362
63,1.60832544938505,12,0.07327785
63,1.60832544938505,13,0.07343149
63,1.60832544938505,14,0.07347077
63,1.60832544938505,15,0.07339383
64,1.61870174260689,0,0.07354426
64,1.61870174260689,1,0.07318243
64,1.61870174260689,2,0.07308199
64,1.61870174260689,3,0.07336894
64,1.61870174260689,4,0.07322965
64,1.61870174260689,5,0.07328837
64,1.61870174260689,6,0.07320626
64,1.61870174260689,7,0.07327813
64,1.61870174260689,8,0.07333133
64,1.61870174260689,9,0.07316038
64,1.61870174260689,10,0.07322843
64,1.61870174260689,11,0.07313485
64,1.61870174260689,12,0.07349694
64,1.61870174260689,13,0.07343337
64,1.61870174260689,14,0.07329529
64,1.61870174260689,15,0.07318522
65,1.62907803582873,0,0.07372459
65,1.62907803582873,1,0.07377552
65,1.62907803582873,2,0.07355774
65,1.62907803582873,3,0.07364146
65,1.62907803582873,4,0.07357448
65,1.62907803582873,5,0.0737434
65,1.62907803582873,6,0.07349238
65,1.62907803582873,7,0.07390584
65,1.62907803582873,8,0.0739238
65,1.62907803582873,9,0.07371155
65,1.62907803582873,10,0.07379829
65,1.62907803582873,11,0.07361658
65,1.62907803582873,12,0.07356334
65,1.62907803582873,13,0.07338876
65,1.62907803582873,14,0.07382713
65,1.62907803582873,15,0.07367923
66,1.63823358867153,0,0.07393853
66,1.63823358867153,1,0.07391708
66,1.63823358867153,2,0.07363818
66,1.63823358867153,3,0.07346921
66,1.63823358867153,4,0.0738303
66,1.63823358867153,5,0.07382269
66,1.63823358867153,6,0.07376295
66,1.63823358867153,7,0.07352776
66,1.63823358867153,8,0.07325549
66,1.63823358867153,9,0.07345551
66,1.63823358867153,10,0.07343714
66,1.63823358867153,11,0.07342254
66,1.63823358867153,12,0.07362784
66,1.63823358867153,13,0.07357521
66,1.63823358867153,14,0.0735468
66,1.63823358867153,15,0.07354162
67,1.64860988189337,0,0.07350797
67,1.64860988189337,1,0.07344528
67,1.64860988189337,2,0.07331708
67,1.64860988189337,3,0.07341196
67,1.64860988189337,4,0.07352217
67,1.64860988189337,5,0.07335353
67,1.64860988189337,6,0.0737031
67,1.64860988189337,7,0.07354055
67,1.64860988189337,8,0.07332224
67,1.64860988189337,9,0.07333216
67,1.64860988189337,10,0.07334264
67,1.64860988189337,11,0.0734441
67,1.64860988189337,12,0.07357632
67,1.64860988189337,13,0.07353433
67,1.64860988189337,14,0.07363665
67,1.64860988189337,15,0.07333054
68,1.65898617511521,0,0.07342054
68,1.65898617511521,1,0.07361784
68,1.65898617511521,2,0.07351588
68,1.65898617511521,3,0.07349177
68,1.65898617511521,4,0.07346535
68,1.65898617511521,5,0.07329246
68,1.65898617511521,6,0.07364643
68,1.65898617511521,7,0.07346947
68,1.65898617511521,8,0.07329172
68,1.65898617511521,9,0.07337723
68,1.65898617511521,10,0.07326358
68,1.65898617511521,11,0.07349709
68,1.65898617511521,12,0.07346961
68,1.65898617511521,13,0.07347301
68,1.65898617511521,14,0.07325796
68,1.65898617511521,15,0.07350428
69,1.66814172795801,0,0.0737311
69,1.66814172795801,1,0.07377014
69,1.66814172795801,2,0.07354996
69,1.66814172795801,3,0.07351469
69,1.66814172795801,4,0.07345912
69,1.66814172795801,5,0.07378999
69,1.66814172795801,6,0.07361457
69,1.66814172795801,7,0.07331903
69,1.66814172795801,8,0.07348109
69,1.66814172795801,9,0.07364415
69,1.66814172795801,10,0.07350539
69,1.66814172795801,11,0.07349461
69,1.66814172795801,12,0.07336424
69,1.66814172795801,13,0.07392607
69,1.66814172795801,14,0.07345108
69,1.66814172795801,15,0.07354242
70,1.67851802117985,0,0.0736564
70,1.67851802117985,1,0.07360844
70,1.67851802117985,2,0.07341157
70,1.67851802117985,3,0.07337675
70,1.67851802117985,4,0.07366327
70,1.67851802117985,5,0.07392421
70,1.67851802117985,6,0.07349381
70,1.67851802117985,7,0.073374
70,1.67851802117985,8,0.07371704
70,1.67851802117985,9,0.07375883
70,1.67851802117985,10,0.07355054
70,1.67851802117985,11,0.07334892
70,1.67851802117985,12,0.0736002
70,1.67851802117985,13,0.07369877
70,1.67851802117985,14,0.07375836
70,1.67851802117985,15,0.07343385
71,1.68889431440168,0,0.07372043
71,1.68889431440168,1,0.07407049
71,1.68889431440168,2,0.07371034
71,1.68889431440168,3,0.07349768
71,1.68889431440168,4,0.07377113
71,1.68889431440168,5,0.07377362
71,1.68889431440168,6,0.07394181
71,1.68889431440168,7,0.07354712
71,1.68889431440168,8,0.07369105
71,1.68889431440168,9,0.07374087
71,1.68889431440168,10,0.07340939
71,1.68889431440168,11,0.07361753
71,1.68889431440168,12,0.07362809
71,1.68889431440168,13,0.07363823
71,1.68889431440168,14,0.07378925
71,1.68889431440168,15,0.07346502
72,1.698660237434,0,0.07384124
72,1.698660237434,1,0.07384372
72,1.698660237434,2,0.07396103
72,1.698660237434,3,0.07371092
72,1.698660237434,4,0.07378313
72,1.698660237434,5,0.07370332
72,1.698660237434,6,0.07389786
72,1.698660237434,7,0.07386743
72,1.698660237434,8,0.07365245
72,1.698660237434,9,0.07382396
72,1.698660237434,10,0.07380664
72,1.698660237434,11,0.07375909
72,1.698660237434,12,0.07401307
72,1.698660237434,13,0.07392707
72,1.698660237434,14,0.07356533
72,1.698660237434,15,0.07384166
73,1.70903653065584,0,0.07392871
73,1.70903653065584,1,0.07397821
73,1.70903653065584,2,0.07387768
73,1.70903653065584,3,0.07381371
73,1.70903653065584,4,0.07386738
73,1.70903653065584,5,0.07387055
73,1.70903653065584,6,0.07409378
73,1.70903653065584,7,0.07380944
73,1.70903653065584,8,0.07402442
73,1.70903653065584,9,0.07392596
73,1.70903653065584,10,0.07403103
73,1.70903653065584,11,0.07374822
73,1.70903653065584,12,0.07375254
73,1.70903653065584,13,0.07421026
73,1.70903653065584,14,0.07408179
73,1.70903653065584,15,0.07391049
74,1.71819208349864,0,0.07392665
74,1.71819208349864,1,0.07395924
74,1.71819208349864,2,0.07410091
74,1.71819208349864,3,0.0738509
74,1.71819208349864,4,0.07393605
74,1.71819208349864,5,0.07389475
74,1.71819208349864,6,0.07388888
74,1.71819208349864,7,0.07388851
74,1.71819208349864,8,0.07383051
74,1.71819208349864,9,0.07389976
74,1.71819208349864,10,0.0739015
74,1.71819208349864,11,0.07379194
74,1.71819208349864,12,0.0736236
74,1.71819208349864,13,0.07404207
74,1.71819208349864,14,0.07392887
74,1.71819208349864,15,0.07400298
75,1.72856837672048,0,0.07412083
75,1.72856837672048,1,0.07408369
75,1.72856837672048,2,0.07395454
75,1.72856837672048,3,0.07373924
75,1.72856837672048,4,0.07364368
75,1.72856837672048,5,0.07373215
75,1.72856837672048,6,0.07354891
75,1.72856837672048,7,0.07384256
75,1.72856837672048,8,0.07383722
75,1.72856837672048,9,0.07383595
75,1.72856837672048,10,0.07365873
75,1.72856837672048,11,0.07393896
75,1.72856837672048,12,0.07377441
75,1.72856837672048,13,0.07348705
75,1.72856837672048,14,0.07362202
75,1.72856837672048,15,0.0741576
76,1.7383342997528,0,0.07442091
76,1.7383342997528,1,0.07379776
76,1.7383342997528,2,0.07382745
76,1.7383342997528,3,0.07402273
76,1.7383342997528,4,0.07409615
76,1.7383342997528,5,0.07408977
76,1.7383342997528,6,0.07397905
76,1.7383342997528,7,0.07374298
76,1.7383342997528,8,0.07372058
76,1.7383342997528,9,0.0738031
76,1.7383342997528,10,0.07419304
76,1.7383342997528,11,0.07426044
76,1.7383342997528,12,0.07426973
76,1.7383342997528,13,0.07408068
76,1.7383342997528,14,0.07416045
76,1.7383342997528,15,0.07400969
77,1.74871059297464,0,0.07403415
77,1.74871059297464,1,0.07422156
77,1.74871059297464,2,0.07416631
77,1.74871059297464,3,0.07437132
77,1.74871059297464,4,0.0742689
77,1.74871059297464,5,0.07408454
77,1.74871059297464,6,0.07416736
77,1.74871059297464,7,0.07428104
77,1.74871059297464,8,0.07439154
77,1.74871059297464,9,0.0742382
77,1.74871059297464,10,0.0741222
77,1.74871059297464,11,0.07410482
77,1.74871059297464,12,0.07411549
77,1.74871059297464,13,0.07386923
77,1.74871059297464,14,0.07394572
77,1.74871059297464,15,0.07424961
78,1.75847651600696,0,0.07415025
78,1.75847651600696,1,0.07413662
78,1.75847651600696,2,0.07375486
78,1.75847651600696,3,0.07422298
78,1.75847651600696,4,0.07410853
78,1.75847651600696,5,0.07416701
78,1.75847651600696,6,0.07428595
78,1.75847651600696,7,0.07403647
78,1.75847651600696,8,0.07416119
78,1.75847651600696,9,0.07420766
78,1.75847651600696,10,0.07446221
78,1.75847651600696,11,0.07413266
78,1.75847651600696,12,0.07401771
78,1.75847651600696,13,0.07418654
78,1.75847651600696,14,0.07405865
78,1.75847651600696,15,0.07406753
79,1.76824243903928,0,0.07395977
79,1.76824243903928,1,0.07417862
79,1.76824243903928,2,0.07370859
79,1.76824243903928,3,0.07406848
79,1.76824243903928,4,0.07418939
79,1.76824243903928,5,0.07416794
79,1.76824243903928,6,0.07414407
79,1.76824243903928,7,0.07410303
79,1.76824243903928,8,0.07404909
79,1.76824243903928,9,0.074224
79,1.76824243903928,10,0.07422642
79,1.76824243903928,11,0.07426868
79,1.76824243903928,12,0.07399035
79,1.76824243903928,13,0.07418723
79,1.76824243903928,14,0.07434592
79,1.76824243903928,15,0.07419055
80,1.77861873226112,0,0.07399527
80,1.77861873226112,1,0.07402136
80,1.77861873226112,2,0.07406922
80,1.77861873226112,3,0.07391951
80,1.77861873226112,4,0.07390087
80,1.77861873226112,5,0.07405052
80,1.77861873226112,6,0.07401016
80,1.77861873226112,7,0.07389876
80,1.77861873226112,8,0.07420757
80,1.77861873226112,9,0.07436317
80,1.77861873226112,10,0.07391355
80,1.77861873226112,11,0.07417683
80,1.77861873226112,12,0.07427227
80,1.77861873226112,13,0.07412119
80,1.77861873226112,14,0.07389586
80,1.77861873226112,15,0.07381947
81,1.78838465529344,0,0.07425293
81,1.78838465529344,1,0.07409219
81,1.78838465529344,2,0.0743615
81,1.78838465529344,3,0.07418901
81,1.78838465529344,4,0.07437987
81,1.78838465529344,5,0.07442345
81,1.78838465529344,6,0.07420577
81,1.78838465529344,7,0.07445831
81,1.78838465529344,8,0.07419325
81,1.78838465529344,9,0.07421058
81,1.78838465529344,10,0.07425209
81,1.78838465529344,11,0.07441436
81,1.78838465529344,12,0.07446334
81,1.78838465529344,13,0.07437929
81,1.78838465529344,14,0.07449761
81,1.78838465529344,15,0.07435256
82,1.79876094851527,0,0.07427175
82,1.79876094851527,1,0.07433963
82,1.79876094851527,2,0.07468161
82,1.79876094851527,3,0.07428885
82,1.79876094851527,4,0.07450903
82,1.79876094851527,5,0.07453633
82,1.79876094851527,6,0.07442942
82,1.79876094851527,7,0.07441315
82,1.79876094851527,8,0.07459117
82,1.79876094851527,9,0.07428099
82,1.79876094851527,10,0.07445325
82,1.79876094851527,11,0.07439165
82,1.79876094851527,12,0.07447774
82,1.79876094851527,13,0.07444284
82,1.79876094851527,14,0.07445279
82,1.79876094851527,15,0.07442112
83,1.80852687154759,0,0.07430132
83,1.80852687154759,1,0.07424495
83,1.80852687154759,2,0.07430629
83,1.80852687154759,3,0.07418363
83,1.80852687154759,4,0.07438733
83,1.80852687154759,5,0.07438742
83,1.80852687154759,6,0.07441411
83,1.80852687154759,7,0.07431759
83,1.80852687154759,8,0.0744128
83,1.80852687154759,9,0.07427318
83,1.80852687154759,10,0.07451004
83,1.80852687154759,11,0.0744412
83,1.80852687154759,12,0.07444854
83,1.80852687154759,13,0.07486464
83,1.80852687154759,14,0.07471822
83,1.80852687154759,15,0.07483654
84,1.81890316476943,0,0.07479356
84,1.81890316476943,1,0.07480057
84,1.81890316476943,2,0.07485911
84,1.81890316476943,3,0.07490951
84,1.81890316476943,4,0.07515272
84,1.81890316476943,5,0.07521217
84,1.81890316476943,6,0.07479384
84,1.81890316476943,7,0.07465295
84,1.81890316476943,8,0.07457827
84,1.81890316476943,9,0.07476436
84,1.81890316476943,10,0.0749491
84,1.81890316476943,11,0.07511381
84,1.81890316476943,12,0.07454114
84,1.81890316476943,13,0.07489339
84,1.81890316476943,14,0.07493667
84,1.81890316476943,15,0.07472418
85,1.82866908780175,0,0.07477704
85,1.82866908780175,1,0.07480823
85,1.82866908780175,2,0.07483367
85,1.82866908780175,3,0.07461563
85,1.82866908780175,4,0.07469252
85,1.82866908780175,5,0.07466665
85,1.82866908780175,6,0.07467469
85,1.82866908780175,7,0.07496036
85,1.82866908780175,8,0.07456259
85,1.82866908780175,9,0.07426143
85,1.82866908780175,10,0.07458182
85,1.82866908780175,11,0.07493151
85,1.82866908780175,12,0.07452048
85,1.82866908780175,13,0.07456207
85,1.82866908780175,14,0.07467076
85,1.82866908780175,15,0.07465772
86,1.83843501083407,0,0.07488386
86,1.83843501083407,1,0.07454003
86,1.83843501083407,2,0.07460517
86,1.83843501083407,3,0.07469428
86,1.83843501083407,4,0.07468392
86,1.83843501083407,5,0.0747583
86,1.83843501083407,6,0.07459019
86,1.83843501083407,7,0.07488982
86,1.83843501083407,8,0.074531
86,1.83843501083407,9,0.07466867
86,1.83843501083407,10,0.07458637
86,1.83843501083407,11,0.07461055
86,1.83843501083407,12,0.07433999
86,1.83843501083407,13,0.07474895
86,1.83843501083407,14,0.0744928
86,1.83843501083407,15,0.07446596
87,1.84881130405591,0,0.07491126
87,1.84881130405591,1,0.07487974
87,1.84881130405591,2,0.07489871
87,1.84881130405591,3,0.07496293
87,1.84881130405591,4,0.07510666
87,1.84881130405591,5,0.07493409
87,1.84881130405591,6,0.0748848
87,1.84881130405591,7,0.07464166
87,1.84881130405591,8,0.07489353
87,1.84881130405591,9,0.07480498
87,1.84881130405591,10,0.07444411
87,1.84881130405591,11,0.07468439
87,1.84881130405591,12,0.07468244
87,1.84881130405591,13,0.07474815
87,1.84881130405591,14,0.07478952
87,1.84881130405591,15,0.0746946
88,1.85857722708823,0,0.0746264
88,1.85857722708823,1,0.07477779
88,1.85857722708823,2,0.07441485
88,1.85857722708823,3,0.07473031
88,1.85857722708823,4,0.07490916
88,1.85857722708823,5,0.0751292
88,1.85857722708823,6,0.07511326
88,1.85857722708823,7,0.07500406
88,1.85857722708823,8,0.07467616
88,1.85857722708823,9,0.07483511
88,1.85857722708823,10,0.07476053
88,1.85857722708823,11,0.07480869
88,1.85857722708823,12,0.0750147
88,1.85857722708823,13,0.07494174
88,1.85857722708823,14,0.07472925
88,1.85857722708823,15,0.07497182
89,1.86834315012055,0,0.07483353
89,1.86834315012055,1,0.07489049
89,1.86834315012055,2,0.0750537
89,1.86834315012055,3,0.07504619
89,1.86834315012055,4,0.07503946
89,1.86834315012055,5,0.07497461
89,1.86834315012055,6,0.07481746
89,1.86834315012055,7,0.07478612
89,1.86834315012055,8,0.07478561
89,1.86834315012055,9,0.07478585
89,1.86834315012055,10,0.07481187
89,1.86834315012055,11,0.07491077
89,1.86834315012055,12,0.07486737
89,1.86834315012055,13,0.07489736
89,1.86834315012055,14,0.07517339
89,1.86834315012055,15,0.07492183
90,1.87932981353191,0,0.07502164
90,1.87932981353191,1,0.07483868
90,1.87932981353191,2,0.07473137
90,1.87932981353191,3,0.07446639
90,1.87932981353191,4,0.0745423
90,1.87932981353191,5,0.07474712
90,1.87932981353191,6,0.0744308
90,1.87932981353191,7,0.07474133
90,1.87932981353191,8,0.0745676
90,1.87932981353191,9,0.07453729
90,1.87932981353191,10,0.07480881
90,1.87932981353191,11,0.07462976
90,1.87932981353191,12,0.07440574
90,1.87932981353191,13,0.07454737
90,1.87932981353191,14,0.07468991
90,1.87932981353191,15,0.07448854
91,1.88848536637471,0,0.07465118
91,1.88848536637471,1,0.07454104
91,1.88848536637471,2,0.07471034
91,1.88848536637471,3,0.07458423
91,1.88848536637471,4,0.07461668
91,1.88848536637471,5,0.07459734
91,1.88848536637471,6,0.07481179
91,1.88848536637471,7,0.07484689
91,1.88848536637471,8,0.07505872
91,1.88848536637471,9,0.07499662
91,1.88848536637471,10,0.07469311
91,1.88848536637471,11,0.0750454
91,1.88848536637471,12,0.07511702
91,1.88848536637471,13,0.0751695
91,1.88848536637471,14,0.07519926
91,1.88848536637471,15,0.07509347
92,1.89825128940703,0,0.07485926
92,1.89825128940703,1,0.07462987
92,1.89825128940703,2,0.07459896
92,1.89825128940703,3,0.0749671
92,1.89825128940703,4,0.07495759
92,1.89825128940703,5,0.0747127
92,1.89825128940703,6,0.07502998
92,1.89825128940703,7,0.07482867
92,1.89825128940703,8,0.07451255
92,1.89825128940703,9,0.074545
92,1.89825128940703,10,0.07433655
92,1.89825128940703,11,0.07463174
92,1.89825128940703,12,0.0747456
92,1.89825128940703,13,0.07468715
92,1.89825128940703,14,0.07504249
92,1.89825128940703,15,0.07442594
93,1.90862758262886,0,0.07484175
93,1.90862758262886,1,0.07445671
93,1.90862758262886,2,0.07459243
93,1.90862758262886,3,0.07480999
93,1.90862758262886,4,0.07483518
93,1.90862758262886,5,0.07503368
93,1.90862758262886,6,0.07461444
93,1.90862758262886,7,0.07483253
93,1.90862758262886,8,0.07454221
93,1.90862758262886,9,0.07485358
93,1.90862758262886,10,0.07495367
93,1.90862758262886,11,0.07481185
93,1.90862758262886,12,0.07481383
93,1.90862758262886,13,0.074591
93,1.90862758262886,14,0.0749255
93,1.90862758262886,15,0.07470378
94,1.9190038758507,0,0.07462776
94,1.9190038758507,1,0.07452694
94,1.9190038758507,2,0.07481416
94,1.9190038758507,3,0.07485333
94,1.9190038758507,4,0.07484615
94,1.9190038758507,5,0.07449567
94,1.9190038758507,6,0.07483516
94,1.9190038758507,7,0.07469452
94,1.9190038758507,8,0.07471297
94,1.9190038758507,9,0.07476485
94,1.9190038758507,10,0.07479457
94,1.9190038758507,11,0.07502838
94,1.9190038758507,12,0.07467795
94,1.9190038758507,13,0.07485887
94,1.9190038758507,14,0.07484007
94,1.9190038758507,15,0.07468366
95,1.92876979888302,0,0.0750336
95,1.92876979888302,1,0.07501027
95,1.92876979888302,2,0.07494111
95,1.92876979888302,3,0.07495829
95,1.92876979888302,4,0.07492632
95,1.92876979888302,5,0.07487292
95,1.92876979888302,6,0.07464927
95,1.92876979888302,7,0.07464933
95,1.92876979888302,8,0.07479322
95,1.92876979888302,9,0.07495893
95,1.92876979888302,10,0.07457251
95,1.92876979888302,11,0.07480388
95,1.92876979888302,12,0.07486627
95,1.92876979888302,13,0.07473584
95,1.92876979888302,14,0.07504117
95,1.92876979888302,15,0.07481645
96,1.93914609210486,0,0.07486283
96,1.93914609210486,1,0.07492854
96,1.93914609210486,2,0.07502711
96,1.93914609210486,3,0.07473886
96,1.93914609210486,4,0.07490892
96,1.93914609210486,5,0.07494967
96,1.93914609210486,6,0.07471122
96,1.93914609210486,7,0.0748043
96,1.93914609210486,8,0.07484271
96,1.93914609210486,9,0.07494371
96,1.93914609210486,10,0.0748553
96,1.93914609210486,11,0.07478843
96,1.93914609210486,12,0.0749004
96,1.93914609210486,13,0.07475043
96,1.93914609210486,14,0.07486927
96,1.93914609210486,15,0.07457195
97,1.94769127475814,0,0.07495558
97,1.94769127475814,1,0.07495034
97,1.94769127475814,2,0.07519665
97,1.94769127475814,3,0.07497521
97,1.94769127475814,4,0.07506967
97,1.94769127475814,5,0.07465027
97,1.94769127475814,6,0.07507639
97,1.94769127475814,7,0.0749561
97,1.94769127475814,8,0.07488061
97,1.94769127475814,9,0.07505705
97,1.94769127475814,10,0.07499875
97,1.94769127475814,11,0.07466059
97,1.94769127475814,12,0.07506075
97,1.94769127475814,13,0.07498839
97,1.94769127475814,14,0.07473359
97,1.94769127475814,15,0.07499051
98,1.95806756797998,0,0.0751641
98,1.95806756797998,1,0.0750322
98,1.95806756797998,2,0.07501032
98,1.95806756797998,3,0.07523362
98,1.95806756797998,4,0.07477711
98,1.95806756797998,5,0.07480212
98,1.95806756797998,6,0.07495881
98,1.95806756797998,7,0.07500126
98,1.95806756797998,8,0.07503062
98,1.95806756797998,9,0.07505548
98,1.95806756797998,10,0.07475784
98,1.95806756797998,11,0.0746888
98,1.95806756797998,12,0.07459491
98,1.95806756797998,13,0.07461391
98,1.95806756797998,14,0.07451273
98,1.95806756797998,15,0.07467483
99,1.9678334910123,0,0.0749037
99,1.9678334910123,1,0.0745151
99,1.9678334910123,2,0.07456053
99,1.9678334910123,3,0.0748551
99,1.9678334910123,4,0.07480754
99,1.9678334910123,5,0.07483182
99,1.9678334910123,6,0.07502215
99,1.9678334910123,7,0.07498334
99,1.9678334910123,8,0.07505601
99,1.9678334910123,9,0.07466476
99,1.9678334910123,10,0.07514494
99,1.9678334910123,11,0.07462581
99,1.9678334910123,12,0.07515915
99,1.9678334910123,13,0.07524224
99,1.9678334910123,14,0.07505191
99,1.9678334910123,15,0.07485641
100,1.97759941404462,0,0.07542185
100,1.97759941404462,1,0.07511512
100,1.97759941404462,2,0.07549725
100,1.97759941404462,3,0.07510284
100,1.97759941404462,4,0.07493773
100,1.97759941404462,5,0.07477891
100,1.97759941404462,6,0.07507356
100,1.97759941404462,7,0.07514208
100,1.97759941404462,8,0.07484578
100,1.97759941404462,9,0.07540933
100,1.97759941404462,10,0.07516132
100,1.97759941404462,11,0.07559142
100,1.97759941404462,12,0.07516237
100,1.97759941404462,13,0.07516547
100,1.97759941404462,14,0.07510021
100,1.97759941404462,15,0.0750275
101,1.98858607745598,0,0.07490098
101,1.98858607745598,1,0.07496396
101,1.98858607745598,2,0.07501941
101,1.98858607745598,3,0.07528199
101,1.98858607745598,4,0.07527764
101,1.98858607745598,5,0.07511688
101,1.98858607745598,6,0.07543531
101,1.98858607745598,7,0.07522877
101,1.98858607745598,8,0.07508161
101,1.98858607745598,9,0.07525491
101,1.98858607745598,10,0.07494932
101,1.98858607745598,11,0.07519722
101,1.98858607745598,12,0.07519366
101,1.98858607745598,13,0.07520709
101,1.98858607745598,14,0.07534309
101,1.98858607745598,15,0.07532793
102,1.99774163029878,0,0.07545053
102,1.99774163029878,1,0.07553967
102,1.99774163029878,2,0.07564458
102,1.99774163029878,3,0.07520961
102,1.99774163029878,4,0.07538205
102,1.99774163029878,5,0.07546757
102,1.99774163029878,6,0.07540107
102,1.99774163029878,7,0.07508836
102,1.99774163029878,8,0.07546471
102,1.99774163029878,9,0.07519443
102,1.99774163029878,10,0.0751622
102,1.99774163029878,11,0.0752607
102,1.99774163029878,12,0.07549238
102,1.99774163029878,13,0.07512109
102,1.99774163029878,14,0.0750841
102,1.99774163029878,15,0.07532782
103,2.00811792352062,0,0.07511331
103,2.00811792352062,1,0.07482439
103,2.00811792352062,2,0.07492455
103,2.00811792352062,3,0.0749933
103,2.00811792352062,4,0.07488027
103,2.00811792352062,5,0.07500835
103,2.00811792352062,6,0.07537178
103,2.00811792352062,7,0.07515697
103,2.00811792352062,8,0.07532395
103,2.00811792352062,9,0.07499599
103,2.00811792352062,10,0.07526937
103,2.00811792352062,11,0.07506075
103,2.00811792352062,12,0.0748532
103,2.00811792352062,13,0.07499748
103,2.00811792352062,14,0.07498579
103,2.00811792352062,15,0.07518069
104,2.01788384655293,0,0.07531522
104,2.01788384655293,1,0.07493373
104,2.01788384655293,2,0.07529339
104,2.01788384655293,3,0.07496887
104,2.01788384655293,4,0.07490224
104,2.01788384655293,5,0.07515627
104,2.01788384655293,6,0.07508457
104,2.01788384655293,7,0.07525945
104,2.01788384655293,8,0.07488769
104,2.01788384655293,9,0.0751751
104,2.01788384655293,10,0.07512614
104,2.01788384655293,11,0.07498791
104,2.01788384655293,12,0.07526707
104,2.01788384655293,13,0.0750578
104,2.01788384655293,14,0.0749756
104,2.01788384655293,15,0.07502711
105,2.02764976958525,0,0.07474145
105,2.02764976958525,1,0.07506392
105,2.02764976958525,2,0.07487088
105,2.02764976958525,3,0.07520384
105,2.02764976958525,4,0.07519782
105,2.02764976958525,5,0.07521351
105,2.02764976958525,6,0.0750105
105,2.02764976958525,7,0.07498629
105,2.02764976958525,8,0.07495102
105,2.02764976958525,9,0.07499847
105,2.02764976958525,10,0.07506275
105,2.02764976958525,11,0.07530757
105,2.02764976958525,12,0.07513677
105,2.02764976958525,13,0.07527824
105,2.02764976958525,14,0.07505287
105,2.02764976958525,15,0.07512571
106,2.03802606280709,0,0.07467778
106,2.03802606280709,1,0.0750095
106,2.03802606280709,2,0.07519133
106,2.03802606280709,3,0.07503381
106,2.03802606280709,4,0.07511003
106,2.03802606280709,5,0.07480683
106,2.03802606280709,6,0.07528292
106,2.03802606280709,7,0.07486026
106,2.03802606280709,8,0.07510507
106,2.03802606280709,9,0.07494307
106,2.03802606280709,10,0.07513335
106,2.03802606280709,11,0.07519536
106,2.03802606280709,12,0.07517466
106,2.03802606280709,13,0.07496191
106,2.03802606280709,14,0.07526072
106,2.03802606280709,15,0.0744831
107,2.04779198583941,0,0.07492084
107,2.04779198583941,1,0.07492605
107,2.04779198583941,2,0.07499617
107,2.04779198583941,3,0.07480098
107,2.04779198583941,4,0.07509045
107,2.04779198583941,5,0.0751562
107,2.04779198583941,6,0.07500857
107,2.04779198583941,7,0.07502173
107,2.04779198583941,8,0.07504421
107,2.04779198583941,9,0.0749929
107,2.04779198583941,10,0.07510591
107,2.04779198583941,11,0.07523491
107,2.04779198583941,12,0.0752097
107,2.04779198583941,13,0.07496475
107,2.04779198583941,14,0.07495157
107,2.04779198583941,15,0.0749242
108,2.05755790887173,0,0.07521605
108,2.05755790887173,1,0.07545157
108,2.05755790887173,2,0.07517093
108,2.05755790887173,3,0.07545258
108,2.05755790887173,4,0.07533194
108,2.05755790887173,5,0.07551327
108,2.05755790887173,6,0.0756302
108,2.05755790887173,7,0.07526457
108,2.05755790887173,8,0.07544455
108,2.05755790887173,9,0.07552892
108,2.05755790887173,10,0.07567448
108,2.05755790887173,11,0.07574476
108,2.05755790887173,12,0.07551474
108,2.05755790887173,13,0.07526002
108,2.05755790887173,14,0.07525063
108,2.05755790887173,15,0.07509539
109,2.06793420209357,0,0.07526633
109,2.06793420209357,1,0.07526825
109,2.06793420209357,2,0.07531708
109,2.06793420209357,3,0.07503679
109,2.06793420209357,4,0.07525402
109,2.06793420209357,5,0.07506257
109,2.06793420209357,6,0.07524449
109,2.06793420209357,7,0.07537965
109,2.06793420209357,8,0.07545163
109,2.06793420209357,9,0.0753865
109,2.06793420209357,10,0.07539378
109,2.06793420209357,11,0.0754058
109,2.06793420209357,12,0.07538737
109,2.06793420209357,13,0.07520195
109,2.06793420209357,14,0.07519497
109,2.06793420209357,15,0.07511223
110,2.07770012512589,0,0.07560033
110,2.07770012512589,1,0.07550509
110,2.07770012512589,2,0.07534581
110,2.07770012512589,3,0.07556223
110,2.07770012512589,4,0.07526158
110,2.07770012512589,5,0.07533076
110,2.07770012512589,6,0.07531414
110,2.07770012512589,7,0.0753275
110,2.07770012512589,8,0.07544645
110,2.07770012512589,9,0.07520922
110,2.07770012512589,10,0.07542677
110,2.07770012512589,11,0.07541206
110,2.07770012512589,12,0.07523627
110,2.07770012512589,13,0.07535714
110,2.07770012512589,14,0.07559141
110,2.07770012512589,15,0.07567962
111,2.08807641834773,0,0.07537463
111,2.08807641834773,1,0.07544261
111,2.08807641834773,2,0.07538519
111,2.08807641834773,3,0.07567096
111,2.08807641834773,4,0.07534266
111,2.08807641834773,5,0.07565696
111,2.08807641834773,6,0.07573678
111,2.08807641834773,7,0.07566324
111,2.08807641834773,8,0.07592259
111,2.08807641834773,9,0.0756338
111,2.08807641834773,10,0.07551522
111,2.08807641834773,11,0.07584094
111,2.08807641834773,12,0.07556938
111,2.08807641834773,13,0.07558613
111,2.08807641834773,14,0.07557832
111,2.08807641834773,15,0.07542185
112,2.09845271156957,0,0.07590447
112,2.09845271156957,1,0.0757647
112,2.09845271156957,2,0.07572688
112,2.09845271156957,3,0.07587586
112,2.09845271156957,4,0.07573871
112,2.09845271156957,5,0.07579985
112,2.09845271156957,6,0.07581393
112,2.09845271156957,7,0.07552578
112,2.09845271156957,8,0.07571763
112,2.09845271156957,9,0.07555827
112,2.09845271156957,10,0.07543347
112,2.09845271156957,11,0.07552913
112,2.09845271156957,12,0.07561572
112,2.09845271156957,13,0.07536831
112,2.09845271156957,14,0.07545654
112,2.09845271156957,15,0.07554711
113,2.10699789422285,0,0.07548104
113,2.10699789422285,1,0.07505621
113,2.10699789422285,2,0.07513143
113,2.10699789422285,3,0.07518175
113,2.10699789422285,4,0.07540766
113,2.10699789422285,5,0.07529298
113,2.10699789422285,6,0.07539798
113,2.10699789422285,7,0.07541194
113,2.10699789422285,8,0.07508283
113,2.10699789422285,9,0.07527173
113,2.10699789422285,10,0.07533236
113,2.10699789422285,11,0.07518778
113,2.10699789422285,12,0.07540487
113,2.10699789422285,13,0.07525714
113,2.10699789422285,14,0.07526827
113,2.10699789422285,15,0.07506619
114,2.11798455763421,0,0.07511622
114,2.11798455763421,1,0.07534884
114,2.11798455763421,2,0.07501215
114,2.11798455763421,3,0.07525811
114,2.11798455763421,4,0.07529452
114,2.11798455763421,5,0.07504877
114,2.11798455763421,6,0.07523327
114,2.11798455763421,7,0.07538839
114,2.11798455763421,8,0.07524522
114,2.11798455763421,9,0.07509281
114,2.11798455763421,10,0.07536454
114,2.11798455763421,11,0.07528803
114,2.11798455763421,12,0.07533121
114,2.11798455763421,13,0.07519803
114,2.11798455763421,14,0.0749274
114,2.11798455763421,15,0.07514939
115,2.12775048066652,0,0.07523993
115,2.12775048066652,1,0.07530338
115,2.12775048066652,2,0.07557316
115,2.12775048066652,3,0.07543852
115,2.12775048066652,4,0.07531434
115,2.12775048066652,5,0.07526898
115,2.12775048066652,6,0.07518084
115,2.12775048066652,7,0.07543594
115,2.12775048066652,8,0.07541048
115,2.12775048066652,9,0.07529368
115,2.12775048066652,10,0.07534653
115,2.12775048066652,11,0.07504251
115,2.12775048066652,12,0.07503045
115,2.12775048066652,13,0.07545946
115,2.12775048066652,14,0.07525534
115,2.12775048066652,15,0.07542722
116,2.13690603350932,0,0.07548553
116,2.13690603350932,1,0.07583883
116,2.13690603350932,2,0.07552569
116,2.13690603350932,3,0.07544338
116,2.13690603350932,4,0.07535922
116,2.13690603350932,5,0.0750568
116,2.13690603350932,6,0.07552128
116,2.13690603350932,7,0.07553012
116,2.13690603350932,8,0.07559421
116,2.13690603350932,9,0.07568668
116,2.13690603350932,10,0.07529124
116,2.13690603350932,11,0.07568961
116,2.13690603350932,12,0.07549906
116,2.13690603350932,13,0.07555157
116,2.13690603350932,14,0.07535465
116,2.13690603350932,15,0.07525292
117,2.14728232673116,0,0.07548012
117,2.14728232673116,1,0.07528782
117,2.14728232673116,2,0.07535499
117,2.14728232673116,3,0.0751405
117,2.14728232673116,4,0.0752297
117,2.14728232673116,5,0.0752492
117,2.14728232673116,6,0.07520968
117,2.14728232673116,7,0.0753931
117,2.14728232673116,8,0.07539836
117,2.14728232673116,9,0.07541566
117,2.14728232673116,10,0.07565858
117,2.14728232673116,11,0.07541683
117,2.14728232673116,12,0.07530379
117,2.14728232673116,13,0.07545731
117,2.14728232673116,14,0.07540678
117,2.14728232673116,15,0.07558955
118,2.15826899014252,0,0.07553324
118,2.15826899014252,1,0.07545785
118,2.15826899014252,2,0.07568673
118,2.15826899014252,3,0.07546319
118,2.15826899014252,4,0.07547915
118,2.15826899014252,5,0.07546785
118,2.15826899014252,6,0.07543517
118,2.15826899014252,7,0.07552828
118,2.15826899014252,8,0.07543564
118,2.15826899014252,9,0.07535827
118,2.15826899014252,10,0.07569177
118,2.15826899014252,11,0.07549274
118,2.15826899014252,12,0.0757347
118,2.15826899014252,13,0.07578924
118,2.15826899014252,14,0.07518495
118,2.15826899014252,15,0.07554669
119,2.16742454298532,0,0.07555504
119,2.16742454298532,1,0.07546593
119,2.16742454298532,2,0.0756152
119,2.16742454298532,3,0.07542215
119,2.16742454298532,4,0.07530981
119,2.16742454298532,5,0.0753896
119,2.16742454298532,6,0.07549705
119,2.16742454298532,7,0.07555889
119,2.16742454298532,8,0.07551488
119,2.16742454298532,9,0.07548685
119,2.16742454298532,10,0.07559551
119,2.16742454298532,11,0.07555733
119,2.16742454298532,12,0.07574698
119,2.16742454298532,13,0.075693
119,2.16742454298532,14,0.07560217
119,2.16742454298532,15,0.0755213
120,2.17780083620716,0,0.07531544
120,2.17780083620716,1,0.0752956
120,2.17780083620716,2,0.07548392
120,2.17780083620716,3,0.07542512
120,2.17780083620716,4,0.07563093
120,2.17780083620716,5,0.07532221
120,2.17780083620716,6,0.07550396
120,2.17780083620716,7,0.07572637
120,2.17780083620716,8,0.0754585
120,2.17780083620716,9,0.07563854
120,2.17780083620716,10,0.07561513
120,2.17780083620716,11,0.0757883
120,2.17780083620716,12,0.07564062
120,2.17780083620716,13,0.07540288
120,2.17780083620716,14,0.07535839
120,2.17780083620716,15,0.07559885
121,2.18756675923948,0,0.07555403
121,2.18756675923948,1,0.07556095
121,2.18756675923948,2,0.07542042
121,2.18756675923948,3,0.07532215
121,2.18756675923948,4,0.07563257
121,2.18756675923948,5,0.07551012
121,2.18756675923948,6,0.07564732
121,2.18756675923948,7,0.07534438
121,2.18756675923948,8,0.0756132
121,2.18756675923948,9,0.07571131
121,2.18756675923948,10,0.07561669
121,2.18756675923948,11,0.07576613
121,2.18756675923948,12,0.07571576
121,2.18756675923948,13,0.07553627
121,2.18756675923948,14,0.07582445
121,2.18756675923948,15,0.07550865
122,2.19794305246132,0,0.07569683
122,2.19794305246132,1,0.07572322
122,2.19794305246132,2,0.07525825
122,2.19794305246132,3,0.07523583
122,2.19794305246132,4,0.07555674
122,2.19794305246132,5,0.07538032
122,2.19794305246132,6,0.07513823
122,2.19794305246132,7,0.07506576
122,2.19794305246132,8,0.07525907
122,2.19794305246132,9,0.07512838
122,2.19794305246132,10,0.07556896
122,2.19794305246132,11,0.07568009
122,2.19794305246132,12,0.07548539
122,2.19794305246132,13,0.07571617
122,2.19794305246132,14,0.07580628
122,2.19794305246132,15,0.07541011
123,2.20770897549364,0,0.07550249
123,2.20770897549364,1,0.07559289
123,2.20770897549364,2,0.07557453
123,2.20770897549364,3,0.07563799
123,2.20770897549364,4,0.07579678
123,2.20770897549364,5,0.07547727
123,2.20770897549364,6,0.07550412
123,2.20770897549364,7,0.07551145
123,2.20770897549364,8,0.07560278
123,2.20770897549364,9,0.07565793
123,2.20770897549364,10,0.07558195
123,2.20770897549364,11,0.07573406
123,2.20770897549364,12,0.07545345
123,2.20770897549364,13,0.07547545
123,2.20770897549364,14,0.0758065
123,2.20770897549364,15,0.07560593
124,2.21808526871548,0,0.07573478
124,2.21808526871548,1,0.07569715
124,2.21808526871548,2,0.07578837
124,2.21808526871548,3,0.07563357
124,2.21808526871548,4,0.07555864
124,2.21808526871548,5,0.0755669
124,2.21808526871548,6,0.07566693
124,2.21808526871548,7,0.07552077
124,2.21808526871548,8,0.07561044
124,2.21808526871548,9,0.07533296
124,2.21808526871548,10,0.07550919
124,2.21808526871548,11,0.07549129
124,2.21808526871548,12,0.07565655
124,2.21808526871548,13,0.07553337
124,2.21808526871548,14,0.07572319
124,2.21808526871548,15,0.07580557
125,2.2278511917478,0,0.07591803
125,2.2278511917478,1,0.07588825
125,2.2278511917478,2,0.07576762
125,2.2278511917478,3,0.07586867
125,2.2278511917478,4,0.07563633
125,2.2278511917478,5,0.07593732
125,2.2278511917478,6,0.07574918
125,2.2278511917478,7,0.07588079
125,2.2278511917478,8,0.0756585
125,2.2278511917478,9,0.07585342
125,2.2278511917478,10,0.07551841
125,2.2278511917478,11,0.07557462
125,2.2278511917478,12,0.07585128
125,2.2278511917478,13,0.07557579
125,2.2278511917478,14,0.07587781
125,2.2278511917478,15,0.07598688
126,2.23761711478011,0,0.0757485
126,2.23761711478011,1,0.07560938
126,2.23761711478011,2,0.07603332
126,2.23761711478011,3,0.07578789
126,2.23761711478011,4,0.07606958
126,2.23761711478011,5,0.07601541
126,2.23761711478011,6,0.0759182
126,2.23761711478011,7,0.07574371
126,2.23761711478011,8,0.07551971
126,2.23761711478011,9,0.07567571
126,2.23761711478011,10,0.07566682
126,2.23761711478011,11,0.07578377
126,2.23761711478011,12,0.07572295
126,2.23761711478011,13,0.07589553
126,2.23761711478011,14,0.0758496
126,2.23761711478011,15,0.07566009
127,2.24799340800195,0,0.07549797
127,2.24799340800195,1,0.0758092
127,2.24799340800195,2,0.07539897
127,2.24799340800195,3,0.07575227
127,2.24799340800195,4,0.07563359
127,2.24799340800195,5,0.0756901
127,2.24799340800195,6,0.075618
127,2.24799340800195,7,0.07568785
127,2.24799340800195,8,0.07551242
127,2.24799340800195,9,0.0757165
127,2.24799340800195,10,0.07577601
127,2.24799340800195,11,0.07561163
127,2.24799340800195,12,0.07572997
127,2.24799340800195,13,0.07566173
127,2.24799340800195,14,0.07547718
127,2.24799340800195,15,0.07556966
128,2.25775933103427,0,0.0756055
128,2.25775933103427,1,0.07546384
128,2.25775933103427,2,0.07540066
128,2.25775933103427,3,0.07561157
128,2.25775933103427,4,0.07576916
128,2.25775933103427,5,0.07576417
128,2.25775933103427,6,0.07570033
128,2.25775933103427,7,0.07556354
128,2.25775933103427,8,0.07565446
128,2.25775933103427,9,0.07532016
128,2.25775933103427,10,0.07571494
128,2.25775933103427,11,0.07545041
128,2.25775933103427,12,0.07574879
128,2.25775933103427,13,0.07558903
128,2.25775933103427,14,0.07562057
128,2.25775933103427,15,0.07531875
129,2.26752525406659,0,0.0755988
129,2.26752525406659,1,0.07564035
129,2.26752525406659,2,0.07547579
129,2.26752525406659,3,0.07560126
129,2.26752525406659,4,0.07563163
129,2.26752525406659,5,0.07574462
129,2.26752525406659,6,0.07548697
129,2.26752525406659,7,0.07514437
129,2.26752525406659,8,0.07544973
129,2.26752525406659,9,0.07563667
129,2.26752525406659,10,0.07559656
129,2.26752525406659,11,0.07565491
129,2.26752525406659,12,0.07525413
129,2.26752525406659,13,0.07554561
129,2.26752525406659,14,0.07553378
129,2.26752525406659,15,0.07556675
130,2.27790154728843,0,0.07569292
130,2.27790154728843,1,0.07557823
130,2.27790154728843,2,0.07539756
130,2.27790154728843,3,0.07542215
130,2.27790154728843,4,0.07580861
130,2.27790154728843,5,0.07560962
130,2.27790154728843,6,0.07545974
130,2.27790154728843,7,0.07554311
130,2.27790154728843,8,0.07549091
130,2.27790154728843,9,0.07549768
130,2.27790154728843,10,0.07539038
130,2.27790154728843,11,0.07520441
130,2.27790154728843,12,0.0754025
130,2.27790154728843,13,0.07560425
130,2.27790154728843,14,0.07559679
130,2.27790154728843,15,0.07549094
131,2.28827784051027,0,0.07566354
131,2.28827784051027,1,0.07547429
131,2.28827784051027,2,0.07558217
131,2.28827784051027,3,0.07561114
131,2.28827784051027,4,0.07560319
131,2.28827784051027,5,0.07546287
131,2.28827784051027,6,0.07543406
131,2.28827784051027,7,0.075455
131,2.28827784051027,8,0.07543015
131,2.28827784051027,9,0.07528536
131,2.28827784051027,10,0.0753559
131,2.28827784051027,11,0.07532843
131,2.28827784051027,12,0.07526026
131,2.28827784051027,13,0.07574116
131,2.28827784051027,14,0.07539635
131,2.28827784051027,15,0.07522699
132,2.29804376354259,0,0.0755067
132,2.29804376354259,1,0.07564969
132,2.29804376354259,2,0.07540928
132,2.29804376354259,3,0.07525544
132,2.29804376354259,4,0.07519498
132,2.29804376354259,5,0.07494763
132,2.29804376354259,6,0.07523902
132,2.29804376354259,7,0.07522265
132,2.29804376354259,8,0.07531719
132,2.29804376354259,9,0.07544567
132,2.29804376354259,10,0.07556318
132,2.29804376354259,11,0.07516241
132,2.29804376354259,12,0.0754803
132,2.29804376354259,13,0.07529481
132,2.29804376354259,14,0.07521593
132,2.29804376354259,15,0.07526653
133,2.30719931638539,0,0.07549701
133,2.30719931638539,1,0.07508896
133,2.30719931638539,2,0.07502852
133,2.30719931638539,3,0.07520504
133,2.30719931638539,4,0.07528891
133,2.30719931638539,5,0.0753739
133,2.30719931638539,6,0.07525346
133,2.30719931638539,7,0.07522754
133,2.30719931638539,8,0.07519104
133,2.30719931638539,9,0.07504296
133,2.30719931638539,10,0.0753454
133,2.30719931638539,11,0.07528008
133,2.30719931638539,12,0.07531282
133,2.30719931638539,13,0.07508308
133,2.30719931638539,14,0.07550294
133,2.30719931638539,15,0.07521905
134,2.31757560960723,0,0.07557654
134,2.31757560960723,1,0.07539221
134,2.31757560960723,2,0.07551703
134,2.31757560960723,3,0.07538304
134,2.31757560960723,4,0.07534996
134,2.31757560960723,5,0.07543054
134,2.31757560960723,6,0.07532809
134,2.31757560960723,7,0.07541173
134,2.31757560960723,8,0.07527994
134,2.31757560960723,9,0.07513315
134,2.31757560960723,10,0.07523696
134,2.31757560960723,11,0.07548989
134,2.31757560960723,12,0.07580159
134,2.31757560960723,13,0.07559685
134,2.31757560960723,14,0.07543965
134,2.31757560960723,15,0.07565865
135,2.32795190282907,0,0.07538529
135,2.32795190282907,1,0.07508152
135,2.32795190282907,2,0.07530362
135,2.32795190282907,3,0.07518156
135,2.32795190282907,4,0.07533028
135,2.32795190282907,5,0.07515036
135,2.32795190282907,6,0.07507955
135,2.32795190282907,7,0.0751382
135,2.32795190282907,8,0.07500657
135,2.32795190282907,9,0.07505073
135,2.32795190282907,10,0.07502736
135,2.32795190282907,11,0.07500406
135,2.32795190282907,12,0.07529667
135,2.32795190282907,13,0.07530877
135,2.32795190282907,14,0.07530916
135,2.32795190282907,15,0.07549636
136,2.33710745567187,0,0.07526612
136,2.33710745567187,1,0.07548486
136,2.33710745567187,2,0.07521904
136,2.33710745567187,3,0.07514193
136,2.33710745567187,4,0.07522006
136,2.33710745567187,5,0.07532091
136,2.33710745567187,6,0.07504939
136,2.33710745567187,7,0.07527
136,2.33710745567187,8,0.07551471
136,2.33710745567187,9,0.07534201
136,2.33710745567187,10,0.07532614
136,2.33710745567187,11,0.0751907
136,2.33710745567187,12,0.07523138
136,2.33710745567187,13,0.07533625
136,2.33710745567187,14,0.07526823
136,2.33710745567187,15,0.07501813
137,2.34809411908322,0,0.07524563
137,2.34809411908322,1,0.07523004
137,2.34809411908322,2,0.07546581
137,2.34809411908322,3,0.07553571
137,2.34809411908322,4,0.07567552
137,2.34809411908322,5,0.07553221
137,2.34809411908322,6,0.07556205
137,2.34809411908322,7,0.07539716
137,2.34809411908322,8,0.07539105
137,2.34809411908322,9,0.0754065
137,2.34809411908322,10,0.07543141
137,2.34809411908322,11,0.07539088
137,2.34809411908322,12,0.07527335
137,2.34809411908322,13,0.07523364
137,2.34809411908322,14,0.07563046
137,2.34809411908322,15,0.07546132
138,2.35786004211554,0,0.07562573
138,2.35786004211554,1,0.07527203
138,2.35786004211554,2,0.07534719
138,2.35786004211554,3,0.07565964
138,2.35786004211554,4,0.07530698
138,2.35786004211554,5,0.07528339
138,2.35786004211554,6,0.07542406
138,2.35786004211554,7,0.07541367
138,2.35786004211554,8,0.07539923
138,2.35786004211554,9,0.07538725
138,2.35786004211554,10,0.07555495
138,2.35786004211554,11,0.07545951
138,2.35786004211554,12,0.0756161
138,2.35786004211554,13,0.07562705
138,2.35786004211554,14,0.07543496
138,2.35786004211554,15,0.07534867
139,2.36701559495834,0,0.07553546
139,2.36701559495834,1,0.07538614
139,2.36701559495834,2,0.0752985
139,2.36701559495834,3,0.07562388
139,2.36701559495834,4,0.07533409
139,2.36701559495834,5,0.07551252
139,2.36701559495834,6,0.07524504
139,2.36701559495834,7,0.07542991
139,2.36701559495834,8,0.0753045
139,2.36701559495834,9,0.07555573
139,2.36701559495834,10,0.07575778
139,2.36701559495834,11,0.07539976
139,2.36701559495834,12,0.07553887
139,2.36701559495834,13,0.07576735
139,2.36701559495834,14,0.07572545
139,2.36701559495834,15,0.07566377
140,2.37861262855922,0,0.07544928
140,2.37861262855922,1,0.07543468
140,2.37861262855922,2,0.07545297
140,2.37861262855922,3,0.07542247
140,2.37861262855922,4,0.07554305
140,2.37861262855922,5,0.07534209
140,2.37861262855922,6,0.07546592
140,2.37861262855922,7,0.0753876
140,2.37861262855922,8,0.07543121
140,2.37861262855922,9,0.07514066
140,2.37861262855922,10,0.07557182
140,2.37861262855922,11,0.07547004
140,2.37861262855922,12,0.07550735
140,2.37861262855922,13,0.07564378
140,2.37861262855922,14,0.07568757
140,2.37861262855922,15,0.07548483
141,2.3871578112125,0,0.07555497
141,2.3871578112125,1,0.07541901
141,2.3871578112125,2,0.07549175
141,2.3871578112125,3,0.07511259
141,2.3871578112125,4,0.07531277
141,2.3871578112125,5,0.07556684
141,2.3871578112125,6,0.0754296
141,2.3871578112125,7,0.07555874
141,2.3871578112125,8,0.07555995
141,2.3871578112125,9,0.07527859
141,2.3871578112125,10,0.07515445
141,2.3871578112125,11,0.07530284
141,2.3871578112125,12,0.07536591
141,2.3871578112125,13,0.07545724
141,2.3871578112125,14,0.07554766
141,2.3871578112125,15,0.07555914
142,2.39692373424482,0,0.07545327
142,2.39692373424482,1,0.07565735
142,2.39692373424482,2,0.07536623
142,2.39692373424482,3,0.07578232
142,2.39692373424482,4,0.07565473
142,2.39692373424482,5,0.0756157
142,2.39692373424482,6,0.07563847
142,2.39692373424482,7,0.07552329
142,2.39692373424482,8,0.07535223
142,2.39692373424482,9,0.07535042
142,2.39692373424482,10,0.07542504
142,2.39692373424482,11,0.07539136
142,2.39692373424482,12,0.07498322
142,2.39692373424482,13,0.07543933
142,2.39692373424482,14,0.07518271
142,2.39692373424482,15,0.07515977
143,2.40791039765618,0,0.07532198
143,2.40791039765618,1,0.07539506
143,2.40791039765618,2,0.07563056
143,2.40791039765618,3,0.07536949
143,2.40791039765618,4,0.07511094
143,2.40791039765618,5,0.07502123
143,2.40791039765618,6,0.07564048
143,2.40791039765618,7,0.07529252
143,2.40791039765618,8,0.07532701
143,2.40791039765618,9,0.07524699
143,2.40791039765618,10,0.07515851
143,2.40791039765618,11,0.07489297
143,2.40791039765618,12,0.07519396
143,2.40791039765618,13,0.07540957
143,2.40791039765618,14,0.07506868
143,2.40791039765618,15,0.0752513
144,2.4176763206885,0,0.07515941
144,2.4176763206885,1,0.0752781
144,2.4176763206885,2,0.07502367
144,2.4176763206885,3,0.0750787
144,2.4176763206885,4,0.07538933
144,2.4176763206885,5,0.0753059
144,2.4176763206885,6,0.07514643
144,2.4176763206885,7,0.07550846
144,2.4176763206885,8,0.07542895
144,2.4176763206885,9,0.07556681
144,2.4176763206885,10,0.07530623
144,2.4176763206885,11,0.07545828
144,2.4176763206885,12,0.0752381
144,2.4176763206885,13,0.07504881
144,2.4176763206885,14,0.07535853
144,2.4176763206885,15,0.0750649
145,2.42744224372082,0,0.07524151
145,2.42744224372082,1,0.07524683
145,2.42744224372082,2,0.075195
145,2.42744224372082,3,0.07539786
145,2.42744224372082,4,0.07528692
145,2.42744224372082,5,0.07540419
145,2.42744224372082,6,0.07531187
145,2.42744224372082,7,0.07539743
145,2.42744224372082,8,0.07541665
145,2.42744224372082,9,0.07518921
145,2.42744224372082,10,0.0753549
145,2.42744224372082,11,0.07531108
145,2.42744224372082,12,0.07500721
145,2.42744224372082,13,0.07526454
145,2.42744224372082,14,0.07507771
145,2.42744224372082,15,0.07541469
146,2.43842890713218,0,0.07492922
146,2.43842890713218,1,0.0751571
146,2.43842890713218,2,0.07490415
146,2.43842890713218,3,0.07543333
146,2.43842890713218,4,0.07514571
146,2.43842890713218,5,0.07530026
146,2.43842890713218,6,0.07537963
146,2.43842890713218,7,0.07515738
146,2.43842890713218,8,0.07538205
146,2.43842890713218,9,0.0750475
146,2.43842890713218,10,0.07519059
146,2.43842890713218,11,0.07541916
146,2.43842890713218,12,0.07556006
146,2.43842890713218,13,0.07557677
146,2.43842890713218,14,0.0750815
146,2.43842890713218,15,0.07497702
147,2.44758445997498,0,0.07537963
147,2.44758445997498,1,0.07531859
147,2.44758445997498,2,0.07526392
147,2.44758445997498,3,0.07539535
147,2.44758445997498,4,0.07500126
147,2.44758445997498,5,0.07491744
147,2.44758445997498,6,0.07524402
147,2.44758445997498,7,0.0750006
147,2.44758445997498,8,0.07501806
147,2.44758445997498,9,0.07538895
147,2.44758445997498,10,0.07483102
147,2.44758445997498,11,0.07510194
147,2.44758445997498,12,0.07545653
147,2.44758445997498,13,0.07510328
147,2.44758445997498,14,0.07514546
147,2.44758445997498,15,0.07544028
148,2.45735038300729,0,0.07498159
148,2.45735038300729,1,0.07518844
148,2.45735038300729,2,0.07514617
148,2.45735038300729,3,0.07550208
148,2.45735038300729,4,0.07538666
148,2.45735038300729,5,0.07540076
148,2.45735038300729,6,0.07538991
148,2.45735038300729,7,0.0753535
148,2.45735038300729,8,0.07497687
148,2.45735038300729,9,0.07512477
148,2.45735038300729,10,0.07535191
148,2.45735038300729,11,0.07548489
148,2.45735038300729,12,0.0752164
148,2.45735038300729,13,0.0752704
148,2.45735038300729,14,0.07540057
148,2.45735038300729,15,0.0755069
149,2.46833704641865,0,0.07566401
149,2.46833704641865,1,0.07556164
149,2.46833704641865,2,0.07565514
149,2.46833704641865,3,0.07543033
149,2.46833704641865,4,0.07553762
149,2.46833704641865,5,0.07547289
149,2.46833704641865,6,0.07539763
149,2.46833704641865,7,0.07527316
149,2.46833704641865,8,0.07528251
149,2.46833704641865,9,0.07501721
149,2.46833704641865,10,0.07540344
149,2.46833704641865,11,0.07522886
149,2.46833704641865,12,0.07525072
149,2.46833704641865,13,0.07529926
149,2.46833704641865,14,0.07514598
149,2.46833704641865,15,0.07531772
150,2.47810296945097,0,0.07573926
150,2.47810296945097,1,0.07545184
150,2.47810296945097,2,0.07573095
150,2.47810296945097,3,0.07537434
150,2.47810296945097,4,0.07560297
150,2.47810296945097,5,0.07524821
150,2.47810296945097,6,0.07537954
150,2.47810296945097,7,0.07522424
150,2.47810296945097,8,0.07543299
150,2.47810296945097,9,0.0752645
150,2.47810296945097,10,0.07543997
150,2.47810296945097,11,0.07554588
150,2.47810296945097,12,0.07561114
150,2.47810296945097,13,0.07520577
150,2.47810296945097,14,0.07553736
150,2.47810296945097,15,0.07540936
151,2.48786889248329,0,0.0752752
151,2.48786889248329,1,0.07536904
151,2.48786889248329,2,0.07539103
151,2.48786889248329,3,0.07509793
151,2.48786889248329,4,0.07514064
151,2.48786889248329,5,0.07484259
151,2.48786889248329,6,0.07533185
151,2.48786889248329,7,0.07507986
151,2.48786889248329,8,0.07531027
151,2.48786889248329,9,0.07516766
151,2.48786889248329,10,0.07542021
151,2.48786889248329,11,0.07540816
151,2.48786889248329,12,0.075318
151,2.48786889248329,13,0.07529352
151,2.48786889248329,14,0.07502644
151,2.48786889248329,15,0.07499824
152,2.49824518570513,0,0.0755564
152,2.49824518570513,1,0.07540692
152,2.49824518570513,2,0.07566928
152,2.49824518570513,3,0.07532956
152,2.49824518570513,4,0.07536186
152,2.49824518570513,5,0.07524499
152,2.49824518570513,6,0.07548737
152,2.49824518570513,7,0.07554132
152,2.49824518570513,8,0.07543966
152,2.49824518570513,9,0.07539275
152,2.49824518570513,10,0.07540192
152,2.49824518570513,11,0.0753295
152,2.49824518570513,12,0.07521688
152,2.49824518570513,13,0.07529789
152,2.49824518570513,14,0.0753741
152,2.49824518570513,15,0.07565237
153,2.50862147892697,0,0.07518107
153,2.50862147892697,1,0.0754411
153,2.50862147892697,2,0.07542598
153,2.50862147892697,3,0.07540233
153,2.50862147892697,4,0.07532427
153,2.50862147892697,5,0.07549629
153,2.50862147892697,6,0.07523477
153,2.50862147892697,7,0.07541603
153,2.50862147892697,8,0.07528314
153,2.50862147892697,9,0.07515727
153,2.50862147892697,10,0.07540138
153,2.50862147892697,11,0.07522493
153,2.50862147892697,12,0.07539241
153,2.50862147892697,13,0.07519613
153,2.50862147892697,14,0.07525359
153,2.50862147892697,15,0.075422
154,2.51838740195929,0,0.07518792
154,2.51838740195929,1,0.07511132
154,2.51838740195929,2,0.07532087
154,2.51838740195929,3,0.07516339
154,2.51838740195929,4,0.07506571
154,2.51838740195929,5,0.07523812
154,2.51838740195929,6,0.07508241
154,2.51838740195929,7,0.07514673
154,2.51838740195929,8,0.0749754
154,2.51838740195929,9,0.07505375
154,2.51838740195929,10,0.075368
154,2.51838740195929,11,0.07500232
154,2.51838740195929,12,0.07527916
154,2.51838740195929,13,0.0752189
154,2.51838740195929,14,0.07508971
154,2.51838740195929,15,0.07518403
155,2.52815332499161,0,0.07525244
155,2.52815332499161,1,0.07488966
155,2.52815332499161,2,0.07511222
155,2.52815332499161,3,0.07514036
155,2.52815332499161,4,0.07507453
155,2.52815332499161,5,0.07557055
155,2.52815332499161,6,0.07516243
155,2.52815332499161,7,0.0752945
155,2.52815332499161,8,0.07527351
155,2.52815332499161,9,0.07517117
155,2.52815332499161,10,0.07529402
155,2.52815332499161,11,0.07508174
155,2.52815332499161,12,0.07517534
155,2.52815332499161,13,0.07540648
155,2.52815332499161,14,0.0753464
155,2.52815332499161,15,0.07534436
156,2.53913998840297,0,0.07525246
156,2.53913998840297,1,0.0750282
156,2.53913998840297,2,0.07525002
156,2.53913998840297,3,0.07517806
156,2.53913998840297,4,0.07528298
156,2.53913998840297,5,0.07540722
156,2.53913998840297,6,0.07510602
156,2.53913998840297,7,0.07501173
156,2.53913998840297,8,0.07512715
156,2.53913998840297,9,0.07523882
156,2.53913998840297,10,0.07489046
156,2.53913998840297,11,0.07546332
156,2.53913998840297,12,0.07495826
156,2.53913998840297,13,0.0753394
156,2.53913998840297,14,0.07534813
156,2.53913998840297,15,0.07511509
157,2.54829554124577,0,0.07540677
157,2.54829554124577,1,0.07525203
157,2.54829554124577,2,0.07551892
157,2.54829554124577,3,0.07549811
157,2.54829554124577,4,0.07561678
157,2.54829554124577,5,0.07530987
157,2.54829554124577,6,0.075228
157,2.54829554124577,7,0.07537911
157,2.54829554124577,8,0.07567972
157,2.54829554124577,9,0.07565742
157,2.54829554124577,10,0.07567032
157,2.54829554124577,11,0.07560012
157,2.54829554124577,12,0.07553983
157,2.54829554124577,13,0.07562511
157,2.54829554124577,14,0.07576109
157,2.54829554124577,15,0.07601623
158,2.5586718344676,0,0.07563601
158,2.5586718344676,1,0.07553355
158,2.5586718344676,2,0.07566276
158,2.5586718344676,3,0.07556839
158,2.5586718344676,4,0.07575374
158,2.5586718344676,5,0.07553078
158,2.5586718344676,6,0.07569105
158,2.5586718344676,7,0.07551245
158,2.5586718344676,8,0.07535834
158,2.5586718344676,9,0.07566059
158,2.5586718344676,10,0.07529216
158,2.5586718344676,11,0.07547638
158,2.5586718344676,12,0.07537911
158,2.5586718344676,13,0.07535646
158,2.5586718344676,14,0.07525692
158,2.5586718344676,15,0.07545398
159,2.56904812768944,0,0.075386
159,2.56904812768944,1,0.07561684
159,2.56904812768944,2,0.07549334
159,2.56904812768944,3,0.07513406
159,2.56904812768944,4,0.07559058
159,2.56904812768944,5,0.07536816
159,2.56904812768944,6,0.07555046
159,2.56904812768944,7,0.07562722
159,2.56904812768944,8,0.07553028
159,2.56904812768944,9,0.0753966
159,2.56904812768944,10,0.07540551
159,2.56904812768944,11,0.07544006
159,2.56904812768944,12,0.07569645
159,2.56904812768944,13,0.07570838
159,2.56904812768944,14,0.0755962
159,2.56904812768944,15,0.07533664
160,2.57820368053224,0,0.07534672
160,2.57820368053224,1,0.0753719
160,2.57820368053224,2,0.07529662
160,2.57820368053224,3,0.07510962
160,2.57820368053224,4,0.07534384
160,2.57820368053224,5,0.07568687
160,2.57820368053224,6,0.07553661
160,2.57820368053224,7,0.0754545
160,2.57820368053224,8,0.07541184
160,2.57820368053224,9,0.07532587
160,2.57820368053224,10,0.07535888
160,2.57820368053224,11,0.075342
160,2.57820368053224,12,0.07552671
160,2.57820368053224,13,0.07524353
160,2.57820368053224,14,0.07548434
160,2.57820368053224,15,0.07566383
161,2.58857997375408,0,0.07537624
161,2.58857997375408,1,0.07559618
161,2.58857997375408,2,0.07548032
161,2.58857997375408,3,0.07540752
161,2.58857997375408,4,0.07501502
161,2.58857997375408,5,0.07547906
161,2.58857997375408,6,0.07535725
161,2.58857997375408,7,0.07528578
161,2.58857997375408,8,0.07511333
161,2.58857997375408,9,0.07536884
161,2.58857997375408,10,0.075073
161,2.58857997375408,11,0.07545778
161,2.58857997375408,12,0.0750953
161,2.58857997375408,13,0.07535784
161,2.58857997375408,14,0.0752823
161,2.58857997375408,15,0.07553634
162,2.5983458967864,0,0.07555478
162,2.5983458967864,1,0.07552716
162,2.5983458967864,2,0.07537551
162,2.5983458967864,3,0.0754493
162,2.5983458967864,4,0.07542919
162,2.5983458967864,5,0.07568432
162,2.5983458967864,6,0.0757122
162,2.5983458967864,7,0.07552802
162,2.5983458967864,8,0.07571432
162,2.5983458967864,9,0.07528719
162,2.5983458967864,10,0.07543136
162,2.5983458967864,11,0.07556246
162,2.5983458967864,12,0.07587309
162,2.5983458967864,13,0.0755838
162,2.5983458967864,14,0.07555119
162,2.5983458967864,15,0.07548286
163,2.60872219000824,0,0.07577191
163,2.60872219000824,1,0.0754004
163,2.60872219000824,2,0.07565684
163,2.60872219000824,3,0.07559443
163,2.60872219000824,4,0.07534768
163,2.60872219000824,5,0.07564638
163,2.60872219000824,6,0.07544792
163,2.60872219000824,7,0.07555518
163,2.60872219000824,8,0.07565144
163,2.60872219000824,9,0.07573829
163,2.60872219000824,10,0.07561638
163,2.60872219000824,11,0.07571883
163,2.60872219000824,12,0.07552415
163,2.60872219000824,13,0.07559245
163,2.60872219000824,14,0.0756746
163,2.60872219000824,15,0.07548788
164,2.61848811304056,0,0.07541073
164,2.61848811304056,1,0.07538725
164,2.61848811304056,2,0.07517206
164,2.61848811304056,3,0.07523318
164,2.61848811304056,4,0.07572401
164,2.61848811304056,5,0.07542419
164,2.61848811304056,6,0.07523786
164,2.61848811304056,7,0.07528282
164,2.61848811304056,8,0.0752489
164,2.61848811304056,9,0.07548201
164,2.61848811304056,10,0.07546714
164,2.61848811304056,11,0.07512963
164,2.61848811304056,12,0.07540604
164,2.61848811304056,13,0.07527031
164,2.61848811304056,14,0.07508415
164,2.61848811304056,15,0.07539327
165,2.6288644062624,0,0.07553569
165,2.6288644062624,1,0.07530603
165,2.6288644062624,2,0.07533325
165,2.6288644062624,3,0.0752036
165,2.6288644062624,4,0.07531045
165,2.6288644062624,5,0.07552393
165,2.6288644062624,6,0.0753887
165,2.6288644062624,7,0.07529181
165,2.6288644062624,8,0.07515224
165,2.6288644062624,9,0.07530479
165,2.6288644062624,10,0.07536965
165,2.6288644062624,11,0.07517776
165,2.6288644062624,12,0.07493681
165,2.6288644062624,13,0.0752114
165,2.6288644062624,14,0.07523315
165,2.6288644062624,15,0.07517494
166,2.63863032929472,0,0.07508256
166,2.63863032929472,1,0.07550817
166,2.63863032929472,2,0.07536413
166,2.63863032929472,3,0.07519948
166,2.63863032929472,4,0.07531017
166,2.63863032929472,5,0.07529603
166,2.63863032929472,6,0.07544459
166,2.63863032929472,7,0.07524463
166,2.63863032929472,8,0.07509849
166,2.63863032929472,9,0.07532933
166,2.63863032929472,10,0.07530589
166,2.63863032929472,11,0.07561333
166,2.63863032929472,12,0.07547068
166,2.63863032929472,13,0.07536696
166,2.63863032929472,14,0.07543027
166,2.63863032929472,15,0.07537778
167,2.64839625232704,0,0.07535668
167,2.64839625232704,1,0.07547797
167,2.64839625232704,2,0.07540629
167,2.64839625232704,3,0.07508728
167,2.64839625232704,4,0.07533474
167,2.64839625232704,5,0.07508127
167,2.64839625232704,6,0.07539911
167,2.64839625232704,7,0.07510696
167,2.64839625232704,8,0.07523867
167,2.64839625232704,9,0.0752349
167,2.64839625232704,10,0.07576443
167,2.64839625232704,11,0.07520597
167,2.64839625232704,12,0.07566696
167,2.64839625232704,13,0.07528991
167,2.64839625232704,14,0.07529938
167,2.64839625232704,15,0.07535549
168,2.65816217535936,0,0.07544448
168,2.65816217535936,1,0.07550824
168,2.65816217535936,2,0.07518411
168,2.65816217535936,3,0.07549385
168,2.65816217535936,4,0.07545444
168,2.65816217535936,5,0.07549559
168,2.65816217535936,6,0.07546283
168,2.65816217535936,7,0.07546458
168,2.65816217535936,8,0.07538718
168,2.65816217535936,9,0.07536151
168,2.65816217535936,10,0.0753336
168,2.65816217535936,11,0.07559321
168,2.65816217535936,12,0.07550817
168,2.65816217535936,13,0.0755287
168,2.65816217535936,14,0.07541601
168,2.65816217535936,15,0.07563956
169,2.66853846858119,0,0.07540151
169,2.66853846858119,1,0.07555532
169,2.66853846858119,2,0.07558051
169,2.66853846858119,3,0.07532893
169,2.66853846858119,4,0.07504135
169,2.66853846858119,5,0.07520692
169,2.66853846858119,6,0.07531252
169,2.66853846858119,7,0.07526843
169,2.66853846858119,8,0.07547855
169,2.66853846858119,9,0.07540465
169,2.66853846858119,10,0.07543123
169,2.66853846858119,11,0.07558258
169,2.66853846858119,12,0.0757692
169,2.66853846858119,13,0.07544769
169,2.66853846858119,14,0.0753028
169,2.66853846858119,15,0.07547788
170,2.67830439161351,0,0.07547557
170,2.67830439161351,1,0.07530537
170,2.67830439161351,2,0.07563132
170,2.67830439161351,3,0.07557409
170,2.67830439161351,4,0.0756343
170,2.67830439161351,5,0.07519
170,2.67830439161351,6,0.07522513
170,2.67830439161351,7,0.07504325
170,2.67830439161351,8,0.07557698
170,2.67830439161351,9,0.07544308
170,2.67830439161351,10,0.07535635
170,2.67830439161351,11,0.07554322
170,2.67830439161351,12,0.07543833
170,2.67830439161351,13,0.07539891
170,2.67830439161351,14,0.07554694
170,2.67830439161351,15,0.0752707
171,2.68868068483535,0,0.07549801
171,2.68868068483535,1,0.07542253
171,2.68868068483535,2,0.07555711
171,2.68868068483535,3,0.0754477
171,2.68868068483535,4,0.07521142
171,2.68868068483535,5,0.07535616
171,2.68868068483535,6,0.0752105
171,2.68868068483535,7,0.07543102
171,2.68868068483535,8,0.07553888
171,2.68868068483535,9,0.07560691
171,2.68868068483535,10,0.0758659
171,2.68868068483535,11,0.07570838
171,2.68868068483535,12,0.0755531
171,2.68868068483535,13,0.07566579
171,2.68868068483535,14,0.07558125
171,2.68868068483535,15,0.0756223
172,2.69844660786767,0,0.07533834
172,2.69844660786767,1,0.07572072
172,2.69844660786767,2,0.07561433
172,2.69844660786767,3,0.07557449
172,2.69844660786767,4,0.07562912
172,2.69844660786767,5,0.07570968
172,2.69844660786767,6,0.07568012
172,2.69844660786767,7,0.07559392
172,2.69844660786767,8,0.07538144
172,2.69844660786767,9,0.07539491
172,2.69844660786767,10,0.07580956
172,2.69844660786767,11,0.07586156
172,2.69844660786767,12,0.07581542
172,2.69844660786767,13,0.07601265
172,2.69844660786767,14,0.07558329
172,2.69844660786767,15,0.07547598
173,2.70760216071047,0,0.07548204
173,2.70760216071047,1,0.07515129
173,2.70760216071047,2,0.07533386
173,2.70760216071047,3,0.07526506
173,2.70760216071047,4,0.07501672
173,2.70760216071047,5,0.07531563
173,2.70760216071047,6,0.07514926
173,2.70760216071047,7,0.07534325
173,2.70760216071047,8,0.07543048
173,2.70760216071047,9,0.07543121
173,2.70760216071047,10,0.07560024
173,2.70760216071047,11,0.07553717
173,2.70760216071047,12,0.07544019
173,2.70760216071047,13,0.07528982
173,2.70760216071047,14,0.0752849
173,2.70760216071047,15,0.0753218
174,2.71919919431135,0,0.0752122
174,2.71919919431135,1,0.07521735
174,2.71919919431135,2,0.07495479
174,2.71919919431135,3,0.07497406
174,2.71919919431135,4,0.07517648
174,2.71919919431135,5,0.0748634
174,2.71919919431135,6,0.07518055
174,2.71919919431135,7,0.07496935
174,2.71919919431135,8,0.07508711
174,2.71919919431135,9,0.07507209
174,2.71919919431135,10,0.07510919
174,2.71919919431135,11,0.07519659
174,2.71919919431135,12,0.07511686
174,2.71919919431135,13,0.07519136
174,2.71919919431135,14,0.07517236
174,2.71919919431135,15,0.07490445
175,2.72774437696463,0,0.07538728
175,2.72774437696463,1,0.0755867
175,2.72774437696463,2,0.07523079
175,2.72774437696463,3,0.07520733
175,2.72774437696463,4,0.07530857
175,2.72774437696463,5,0.07548283
175,2.72774437696463,6,0.07530035
175,2.72774437696463,7,0.07536899
175,2.72774437696463,8,0.07534198
175,2.72774437696463,9,0.07536924
175,2.72774437696463,10,0.07529718
175,2.72774437696463,11,0.07486841
175,2.72774437696463,12,0.07497639
175,2.72774437696463,13,0.07502797
175,2.72774437696463,14,0.07484332
175,2.72774437696463,15,0.07465218
176,2.73751029999695,0,0.07523902
176,2.73751029999695,1,0.07496709
176,2.73751029999695,2,0.07503084
176,2.73751029999695,3,0.07543732
176,2.73751029999695,4,0.07526644
176,2.73751029999695,5,0.07520068
176,2.73751029999695,6,0.07517654
176,2.73751029999695,7,0.07521325
176,2.73751029999695,8,0.07521287
176,2.73751029999695,9,0.07516181
176,2.73751029999695,10,0.07528576
176,2.73751029999695,11,0.0754179
176,2.73751029999695,12,0.07564231
176,2.73751029999695,13,0.07534239
176,2.73751029999695,14,0.07497502
176,2.73751029999695,15,0.07536576
177,2.74849696340831,0,0.07519458
177,2.74849696340831,1,0.07513792
177,2.74849696340831,2,0.07516931
177,2.74849696340831,3,0.0756791
177,2.74849696340831,4,0.07501592
177,2.74849696340831,5,0.07499655
177,2.74849696340831,6,0.07512164
177,2.74849696340831,7,0.07531147
177,2.74849696340831,8,0.07523296
177,2.74849696340831,9,0.07514475
177,2.74849696340831,10,0.07500096
177,2.74849696340831,11,0.07505352
177,2.74849696340831,12,0.07552157
177,2.74849696340831,13,0.07496747
177,2.74849696340831,14,0.07541698
177,2.74849696340831,15,0.07529334
178,2.75826288644063,0,0.07505533
178,2.75826288644063,1,0.07494739
178,2.75826288644063,2,0.07506165
178,2.75826288644063,3,0.07493944
178,2.75826288644063,4,0.07478148
178,2.75826288644063,5,0.0750965
178,2.75826288644063,6,0.07503039
178,2.75826288644063,7,0.0753547
178,2.75826288644063,8,0.0749223
178,2.75826288644063,9,0.07486626
178,2.75826288644063,10,0.07526392
178,2.75826288644063,11,0.07518272
178,2.75826288644063,12,0.07507864
178,2.75826288644063,13,0.07511978
178,2.75826288644063,14,0.07518204
178,2.75826288644063,15,0.0751679
179,2.76802880947295,0,0.07500409
179,2.76802880947295,1,0.07519032
179,2.76802880947295,2,0.07510813
179,2.76802880947295,3,0.0751543
179,2.76802880947295,4,0.07529967
179,2.76802880947295,5,0.07505526
179,2.76802880947295,6,0.07515118
179,2.76802880947295,7,0.0750306
179,2.76802880947295,8,0.07493588
179,2.76802880947295,9,0.07514229
179,2.76802880947295,10,0.0752988
179,2.76802880947295,11,0.07493262
179,2.76802880947295,12,0.0749587
179,2.76802880947295,13,0.0752224
179,2.76802880947295,14,0.07521774
179,2.76802880947295,15,0.07518683
180,2.77779473250526,0,0.07519814
180,2.77779473250526,1,0.07493683
180,2.77779473250526,2,0.07525375
180,2.77779473250526,3,0.07474122
180,2.77779473250526,4,0.07503934
180,2.77779473250526,5,0.07486614
180,2.77779473250526,6,0.07511609
180,2.77779473250526,7,0.07537694
180,2.77779473250526,8,0.07520125
180,2.77779473250526,9,0.07542028
180,2.77779473250526,10,0.07545604
180,2.77779473250526,11,0.07507009
180,2.77779473250526,12,0.0749644
180,2.77779473250526,13,0.07462877
180,2.77779473250526,14,0.07504073
180,2.77779473250526,15,0.07489265
181,2.78756065553758,0,0.07523
181,2.78756065553758,1,0.07510179
181,2.78756065553758,2,0.07522506
181,2.78756065553758,3,0.07508999
181,2.78756065553758,4,0.07483358
181,2.78756065553758,5,0.07525914
181,2.78756065553758,6,0.07516697
181,2.78756065553758,7,0.07473319
181,2.78756065553758,8,0.07514063
181,2.78756065553758,9,0.07474158
181,2.78756065553758,10,0.07471713
181,2.78756065553758,11,0.07519563
181,2.78756065553758,12,0.07522111
181,2.78756065553758,13,0.07502949
181,2.78756065553758,14,0.07489541
181,2.78756065553758,15,0.07511826
182,2.79793694875942,0,0.0749253
182,2.79793694875942,1,0.07505474
182,2.79793694875942,2,0.07519826
182,2.79793694875942,3,0.07508466
182,2.79793694875942,4,0.07501716
182,2.79793694875942,5,0.07486683
182,2.79793694875942,6,0.07514976
182,2.79793694875942,7,0.07546742
182,2.79793694875942,8,0.07500345
182,2.79793694875942,9,0.07521923
182,2.79793694875942,10,0.07522498
182,2.79793694875942,11,0.07524993
182,2.79793694875942,12,0.07462496
182,2.79793694875942,13,0.07486789
182,2.79793694875942,14,0.0749314
182,2.79793694875942,15,0.07509585
183,2.80831324198126,0,0.07513275
183,2.80831324198126,1,0.07510207
183,2.80831324198126,2,0.07519934
183,2.80831324198126,3,0.07498196
183,2.80831324198126,4,0.07539602
183,2.80831324198126,5,0.07532541
183,2.80831324198126,6,0.07516789
183,2.80831324198126,7,0.07525203
183,2.80831324198126,8,0.07516966
183,2.80831324198126,9,0.07532831
183,2.80831324198126,10,0.07500342
183,2.80831324198126,11,0.07506865
183,2.80831324198126,12,0.07527651
183,2.80831324198126,13,0.07494611
183,2.80831324198126,14,0.07522935
183,2.80831324198126,15,0.07512609
184,2.8186895352031,0,0.07516252
184,2.8186895352031,1,0.07520507
184,2.8186895352031,2,0.07527273
184,2.8186895352031,3,0.07507566
184,2.8186895352031,4,0.07533564
184,2.8186895352031,5,0.07501022
184,2.8186895352031,6,0.07511442
184,2.8186895352031,7,0.07502277
184,2.8186895352031,8,0.07502415
184,2.8186895352031,9,0.07503492
184,2.8186895352031,10,0.07482667
184,2.8186895352031,11,0.07508759
184,2.8186895352031,12,0.07496795
184,2.8186895352031,13,0.07495747
184,2.8186895352031,14,0.07500238
184,2.8186895352031,15,0.07513951
185,2.82845545823542,0,0.07484872
185,2.82845545823542,1,0.07479768
185,2.82845545823542,2,0.0749134
185,2.82845545823542,3,0.07517501
185,2.82845545823542,4,0.07483611
185,2.82845545823542,5,0.07461361
185,2.82845545823542,6,0.0749968
185,2.82845545823542,7,0.07515294
185,2.82845545823542,8,0.07512249
185,2.82845545823542,9,0.07509967
185,2.82845545823542,10,0.07499445
185,2.82845545823542,11,0.07518484
185,2.82845545823542,12,0.07519814
185,2.82845545823542,13,0.07514695
185,2.82845545823542,14,0.07517073
185,2.82845545823542,15,0.07499371
186,2.83761101107822,0,0.07484632
186,2.83761101107822,1,0.0748262
186,2.83761101107822,2,0.0750451
186,2.83761101107822,3,0.07463663
186,2.83761101107822,4,0.0751353
186,2.83761101107822,5,0.07484581
186,2.83761101107822,6,0.075032
186,2.83761101107822,7,0.07512444
186,2.83761101107822,8,0.07507893
186,2.83761101107822,9,0.07511163
186,2.83761101107822,10,0.07499027
186,2.83761101107822,11,0.07500058
186,2.83761101107822,12,0.07506629
186,2.83761101107822,13,0.07509845
186,2.83761101107822,14,0.07489908
186,2.83761101107822,15,0.07489168
187,2.8492080446791,0,0.07492395
187,2.8492080446791,1,0.07484727
187,2.8492080446791,2,0.07495668
187,2.8492080446791,3,0.07483877
187,2.8492080446791,4,0.07483008
187,2.8492080446791,5,0.07519486
187,2.8492080446791,6,0.07500251
187,2.8492080446791,7,0.07517702
187,2.8492080446791,8,0.07514778
187,2.8492080446791,9,0.07506175
187,2.8492080446791,10,0.07526336
187,2.8492080446791,11,0.07494322
187,2.8492080446791,12,0.07507062
187,2.8492080446791,13,0.07505774
187,2.8492080446791,14,0.07528787
187,2.8492080446791,15,0.07516797
188,2.85775322733238,0,0.07487344
188,2.85775322733238,1,0.07517269
188,2.85775322733238,2,0.07495645
188,2.85775322733238,3,0.07487639
188,2.85775322733238,4,0.07484799
188,2.85775322733238,5,0.07483245
188,2.85775322733238,6,0.07498056
188,2.85775322733238,7,0.07470552
188,2.85775322733238,8,0.07480604
188,2.85775322733238,9,0.07501511
188,2.85775322733238,10,0.07486558
188,2.85775322733238,11,0.07511982
188,2.85775322733238,12,0.07494735
188,2.85775322733238,13,0.07485563
188,2.85775322733238,14,0.07516158
188,2.85775322733238,15,0.07506705
189,2.86812952055422,0,0.07500514
189,2.86812952055422,1,0.07508554
189,2.86812952055422,2,0.07497322
189,2.86812952055422,3,0.07532524
189,2.86812952055422,4,0.07511923
189,2.86812952055422,5,0.07515435
189,2.86812952055422,6,0.07521266
189,2.86812952055422,7,0.07492103
189,2.86812952055422,8,0.07521629
189,2.86812952055422,9,0.07472584
189,2.86812952055422,10,0.07494982
189,2.86812952055422,11,0.0751996
189,2.86812952055422,12,0.07516095
189,2.86812952055422,13,0.07499834
189,2.86812952055422,14,0.0751907
189,2.86812952055422,15,0.07528861
190,2.87850581377606,0,0.07499998
190,2.87850581377606,1,0.0751505
190,2.87850581377606,2,0.07498028
190,2.87850581377606,3,0.07499477
190,2.87850581377606,4,0.07488807
190,2.87850581377606,5,0.07471815
190,2.87850581377606,6,0.0748754
190,2.87850581377606,7,0.075206
190,2.87850581377606,8,0.07518346
190,2.87850581377606,9,0.07515498
190,2.87850581377606,10,0.07499742
190,2.87850581377606,11,0.07485876
190,2.87850581377606,12,0.07497088
190,2.87850581377606,13,0.07505625
190,2.87850581377606,14,0.07490829
190,2.87850581377606,15,0.07486498
191,2.88827173680837,0,0.07531777
191,2.88827173680837,1,0.07476737
191,2.88827173680837,2,0.07528759
191,2.88827173680837,3,0.07503686
191,2.88827173680837,4,0.07487857
191,2.88827173680837,5,0.07514077
191,2.88827173680837,6,0.07494431
191,2.88827173680837,7,0.07494017
191,2.88827173680837,8,0.07503816
191,2.88827173680837,9,0.07526439
191,2.88827173680837,10,0.07523432
191,2.88827173680837,11,0.07477435
191,2.88827173680837,12,0.0748738
191,2.88827173680837,13,0.07498643
191,2.88827173680837,14,0.07497849
191,2.88827173680837,15,0.07467151
192,2.89803765984069,0,0.07503225
192,2.89803765984069,1,0.07508235
192,2.89803765984069,2,0.07495447
192,2.89803765984069,3,0.07485187
192,2.89803765984069,4,0.07527911
192,2.89803765984069,5,0.07501633
192,2.89803765984069,6,0.07500544
192,2.89803765984069,7,0.07515235
192,2.89803765984069,8,0.07504826
192,2.89803765984069,9,0.07502743
192,2.89803765984069,10,0.07495681
192,2.89803765984069,11,0.07484844
192,2.89803765984069,12,0.07498954
192,2.89803765984069,13,0.07483773
192,2.89803765984069,14,0.07483393
192,2.89803765984069,15,0.07487284
193,2.90902432325205,0,0.07512521
193,2.90902432325205,1,0.0750791
193,2.90902432325205,2,0.07525176
193,2.90902432325205,3,0.07485206
193,2.90902432325205,4,0.07496858
193,2.90902432325205,5,0.07506444
193,2.90902432325205,6,0.07503688
193,2.90902432325205,7,0.07514711
193,2.90902432325205,8,0.07495821
193,2.90902432325205,9,0.07506071
193,2.90902432325205,10,0.07472897
193,2.90902432325205,11,0.07492495
193,2.90902432325205,12,0.07460745
193,2.90902432325205,13,0.07474118
193,2.90902432325205,14,0.07473146
193,2.90902432325205,15,0.0747248
194,2.91817987609485,0,0.07495528
194,2.91817987609485,1,0.07470357
194,2.91817987609485,2,0.07502979
194,2.91817987609485,3,0.075154
194,2.91817987609485,4,0.07509092
194,2.91817987609485,5,0.07485913
194,2.91817987609485,6,0.07506181
194,2.91817987609485,7,0.0750513
194,2.91817987609485,8,0.07497612
194,2.91817987609485,9,0.0750338
194,2.91817987609485,10,0.0750495
194,2.91817987609485,11,0.07511383
194,2.91817987609485,12,0.07500383
194,2.91817987609485,13,0.07488348
194,2.91817987609485,14,0.07490332
194,2.91817987609485,15,0.0749006
195,2.92855616931669,0,0.07483102
195,2.92855616931669,1,0.07478254
195,2.92855616931669,2,0.07486042
195,2.92855616931669,3,0.07483064
195,2.92855616931669,4,0.07445641
195,2.92855616931669,5,0.07455751
195,2.92855616931669,6,0.07481183
195,2.92855616931669,7,0.07480567
195,2.92855616931669,8,0.0750882
195,2.92855616931669,9,0.07502632
195,2.92855616931669,10,0.07479826
195,2.92855616931669,11,0.0750591
195,2.92855616931669,12,0.07484113
195,2.92855616931669,13,0.07478128
195,2.92855616931669,14,0.07459932
195,2.92855616931669,15,0.07452419
196,2.93832209234901,0,0.07490522
196,2.93832209234901,1,0.07470526
196,2.93832209234901,2,0.07472473
196,2.93832209234901,3,0.07490737
196,2.93832209234901,4,0.07478776
196,2.93832209234901,5,0.07471597
196,2.93832209234901,6,0.07481468
196,2.93832209234901,7,0.07508431
196,2.93832209234901,8,0.07505955
196,2.93832209234901,9,0.0749202
196,2.93832209234901,10,0.07500292
196,2.93832209234901,11,0.07494547
196,2.93832209234901,12,0.07494936
196,2.93832209234901,13,0.07488031
196,2.93832209234901,14,0.07484636
196,2.93832209234901,15,0.07497433
197,2.94808801538133,0,0.07514598
197,2.94808801538133,1,0.07503349
197,2.94808801538133,2,0.07499665
197,2.94808801538133,3,0.07480749
197,2.94808801538133,4,0.07495947
197,2.94808801538133,5,0.07465412
197,2.94808801538133,6,0.07478598
197,2.94808801538133,7,0.07503134
197,2.94808801538133,8,0.07510487
197,2.94808801538133,9,0.07489667
197,2.94808801538133,10,0.07468782
197,2.94808801538133,11,0.07477339
197,2.94808801538133,12,0.07516211
197,2.94808801538133,13,0.07495341
197,2.94808801538133,14,0.0752043
197,2.94808801538133,15,0.07491918
198,2.95846430860317,0,0.07485586
198,2.95846430860317,1,0.07489114
198,2.95846430860317,2,0.07505293
198,2.95846430860317,3,0.07492498
198,2.95846430860317,4,0.07480193
198,2.95846430860317,5,0.07487434
198,2.95846430860317,6,0.07464324
198,2.95846430860317,7,0.07520398
198,2.95846430860317,8,0.07525339
198,2.95846430860317,9,0.07503381
198,2.95846430860317,10,0.07508362
198,2.95846430860317,11,0.07506958
198,2.95846430860317,12,0.0749803
198,2.95846430860317,13,0.07488242
198,2.95846430860317,14,0.07519717
198,2.95846430860317,15,0.07495262
199,2.96823023163549,0,0.0749048
199,2.96823023163549,1,0.07497928
199,2.96823023163549,2,0.07476643
199,2.96823023163549,3,0.07486072
199,2.96823023163549,4,0.07496448
199,2.96823023163549,5,0.07493032
199,2.96823023163549,6,0.07485748
199,2.96823023163549,7,0.0747237
199,2.96823023163549,8,0.07468079
199,2.96823023163549,9,0.07475375
199,2.96823023163549,10,0.07472611
199,2.96823023163549,11,0.07464415
199,2.96823023163549,12,0.07475496
199,2.96823023163549,13,0.07484584
199,2.96823023163549,14,0.07496713
199,2.96823023163549,15,0.07450137
200,2.97860652485733,0,0.07465713
200,2.97860652485733,1,0.07463518
200,2.97860652485733,2,0.07474589
200,2.97860652485733,3,0.07502843
200,2.97860652485733,4,0.07500579
200,2.97860652485733,5,0.07482359
200,2.97860652485733,6,0.075115
200,2.97860652485733,7,0.07504605
200,2.97860652485733,8,0.07505742
200,2.97860652485733,9,0.07488786
200,2.97860652485733,10,0.07476856
200,2.97860652485733,11,0.07477118
200,2.97860652485733,12,0.07495915
200,2.97860652485733,13,0.07488628
200,2.97860652485733,14,0.0749585
200,2.97860652485733,15,0.07475822
