pos_index,position,sample_index,voltage
0,1.49113437299722,0,0.06324457
0,1.49113437299722,1,0.06322039
0,1.49113437299722,2,0.06355689
0,1.49113437299722,3,0.06329713
0,1.49113437299722,4,0.06349252
0,1.49113437299722,5,0.06372879
0,1.49113437299722,6,0.06364111
0,1.49113437299722,7,0.06344179
0,1.49113437299722,8,0.06344818
0,1.49113437299722,9,0.06330092
0,1.49113437299722,10,0.06328619
0,1.49113437299722,11,0.06362844
1,1.49174474318674,0,0.0636277
1,1.49174474318674,1,0.06353145
1,1.49174474318674,2,0.06336884
1,1.49174474318674,3,0.06325053
1,1.49174474318674,4,0.0634535
1,1.49174474318674,5,0.06341068
1,1.49174474318674,6,0.06320826
1,1.49174474318674,7,0.06324241
1,1.49174474318674,8,0.06359343
1,1.49174474318674,9,0.06360973
1,1.49174474318674,10,0.06344151
1,1.49174474318674,11,0.06342845
1,1.49174474318674,12,0.06331543
1,1.49174474318674,13,0.06351744
1,1.49174474318674,14,0.06360766
1,1.49174474318674,15,0.06372834
2,1.50212103640858,0,0.06370211
2,1.50212103640858,1,0.0635932
2,1.50212103640858,2,0.06371482
2,1.50212103640858,3,0.06341028
2,1.50212103640858,4,0.0635948
2,1.50212103640858,5,0.06359877
2,1.50212103640858,6,0.06354403
2,1.50212103640858,7,0.06354413
2,1.50212103640858,8,0.06374115
2,1.50212103640858,9,0.06352787
2,1.50212103640858,10,0.06344075
2,1.50212103640858,11,0.06339862
2,1.50212103640858,12,0.06324376
2,1.50212103640858,13,0.06340767
2,1.50212103640858,14,0.0633959
2,1.50212103640858,15,0.06312987
3,1.51127658925138,0,0.06338353
3,1.51127658925138,1,0.06305598
3,1.51127658925138,2,0.0629573
3,1.51127658925138,3,0.0633894
3,1.51127658925138,4,0.06317464
3,1.51127658925138,5,0.06346045
3,1.51127658925138,6,0.06339498
3,1.51127658925138,7,0.06313372
3,1.51127658925138,8,0.06313573
3,1.51127658925138,9,0.06305845
3,1.51127658925138,10,0.06338061
3,1.51127658925138,11,0.06332269
3,1.51127658925138,12,0.06308249
3,1.51127658925138,13,0.06344385
3,1.51127658925138,14,0.06345471
3,1.51127658925138,15,0.06329747
4,1.52226325266274,0,0.06338771
4,1.52226325266274,1,0.06339204
4,1.52226325266274,2,0.06363185
4,1.52226325266274,3,0.06342856
4,1.52226325266274,4,0.06352176
4,1.52226325266274,5,0.06357747
4,1.52226325266274,6,0.06338445
4,1.52226325266274,7,0.06331889
4,1.52226325266274,8,0.06333663
4,1.52226325266274,9,0.06346177
4,1.52226325266274,10,0.06335048
4,1.52226325266274,11,0.06313641
4,1.52226325266274,12,0.0632834
4,1.52226325266274,13,0.06303053
4,1.52226325266274,14,0.06330784
4,1.52226325266274,15,0.06308487
5,1.53141880550554,0,0.06329331
5,1.53141880550554,1,0.06356925
5,1.53141880550554,2,0.06361561
5,1.53141880550554,3,0.0635667
5,1.53141880550554,4,0.06346077
5,1.53141880550554,5,0.06344906
5,1.53141880550554,6,0.06338283
5,1.53141880550554,7,0.06326105
5,1.53141880550554,8,0.06320231
5,1.53141880550554,9,0.06323132
5,1.53141880550554,10,0.06332008
5,1.53141880550554,11,0.0630514
5,1.53141880550554,12,0.06318125
5,1.53141880550554,13,0.06344386
5,1.53141880550554,14,0.06319398
5,1.53141880550554,15,0.06346095
6,1.54118472853786,0,0.0634006
6,1.54118472853786,1,0.06362506
6,1.54118472853786,2,0.06328517
6,1.54118472853786,3,0.06358409
6,1.54118472853786,4,0.06344466
6,1.54118472853786,5,0.06360699
6,1.54118472853786,6,0.06343883
6,1.54118472853786,7,0.06336962
6,1.54118472853786,8,0.06338532
6,1.54118472853786,9,0.06349009
6,1.54118472853786,10,0.06321336
6,1.54118472853786,11,0.06329837
6,1.54118472853786,12,0.06328472
6,1.54118472853786,13,0.0634609
6,1.54118472853786,14,0.06341373
6,1.54118472853786,15,0.06324694
7,1.5515610217597,0,0.06345882
7,1.5515610217597,1,0.06315518
7,1.5515610217597,2,0.06323272
7,1.5515610217597,3,0.06304426
7,1.5515610217597,4,0.06330685
7,1.5515610217597,5,0.06312428
7,1.5515610217597,6,0.06363144
7,1.5515610217597,7,0.06354475
7,1.5515610217597,8,0.06333385
7,1.5515610217597,9,0.06348582
7,1.5515610217597,10,0.06366529
7,1.5515610217597,11,0.06350403
7,1.5515610217597,12,0.06340548
7,1.5515610217597,13,0.06320426
7,1.5515610217597,14,0.06338692
7,1.5515610217597,15,0.06331232
8,1.56132694479202,0,0.06350065
8,1.56132694479202,1,0.06378591
8,1.56132694479202,2,0.06333303
8,1.56132694479202,3,0.06338414
8,1.56132694479202,4,0.06321353
8,1.56132694479202,5,0.06340931
8,1.56132694479202,6,0.06337926
8,1.56132694479202,7,0.06327468
8,1.56132694479202,8,0.06353304
8,1.56132694479202,9,0.06329503
8,1.56132694479202,10,0.06357997
8,1.56132694479202,11,0.06345448
8,1.56132694479202,12,0.06340233
8,1.56132694479202,13,0.06345324
8,1.56132694479202,14,0.06326634
8,1.56132694479202,15,0.0633036
9,1.57109286782434,0,0.06295092
9,1.57109286782434,1,0.06351323
9,1.57109286782434,2,0.06318487
9,1.57109286782434,3,0.06331859
9,1.57109286782434,4,0.06318691
9,1.57109286782434,5,0.06323384
9,1.57109286782434,6,0.06324336
9,1.57109286782434,7,0.06358947
9,1.57109286782434,8,0.0632796
9,1.57109286782434,9,0.0633418
9,1.57109286782434,10,0.06364927
9,1.57109286782434,11,0.06321531
9,1.57109286782434,12,0.06342383
9,1.57109286782434,13,0.06331329
9,1.57109286782434,14,0.06346829
9,1.57109286782434,15,0.0630914
10,1.58146916104617,0,0.06356701
10,1.58146916104617,1,0.06329438
10,1.58146916104617,2,0.06349348
10,1.58146916104617,3,0.0633632
10,1.58146916104617,4,0.06327438
10,1.58146916104617,5,0.06338709
10,1.58146916104617,6,0.0634803
10,1.58146916104617,7,0.06348058
10,1.58146916104617,8,0.06323582
10,1.58146916104617,9,0.06330648
10,1.58146916104617,10,0.06354472
10,1.58146916104617,11,0.06346534
10,1.58146916104617,12,0.06343952
10,1.58146916104617,13,0.06346515
10,1.58146916104617,14,0.06308378
10,1.58146916104617,15,0.06324878
11,1.59123508407849,0,0.06325289
11,1.59123508407849,1,0.06338313
11,1.59123508407849,2,0.06314495
11,1.59123508407849,3,0.06293762
11,1.59123508407849,4,0.0630867
11,1.59123508407849,5,0.06312656
11,1.59123508407849,6,0.0631979
11,1.59123508407849,7,0.06345202
11,1.59123508407849,8,0.06328633
11,1.59123508407849,9,0.06340644
11,1.59123508407849,10,0.06352095
11,1.59123508407849,11,0.06338774
11,1.59123508407849,12,0.06325248
11,1.59123508407849,13,0.06342833
11,1.59123508407849,14,0.06352191
11,1.59123508407849,15,0.06357232
12,1.60161137730033,0,0.0634698
12,1.60161137730033,1,0.06332822
12,1.60161137730033,2,0.06341416
12,1.60161137730033,3,0.06343853
12,1.60161137730033,4,0.06315354
12,1.60161137730033,5,0.06366036
12,1.60161137730033,6,0.06316023
12,1.60161137730033,7,0.06326226
12,1.60161137730033,8,0.06313632
12,1.60161137730033,9,0.06311054
12,1.60161137730033,10,0.06312556
12,1.60161137730033,11,0.06317493
12,1.60161137730033,12,0.06318267
12,1.60161137730033,13,0.06326456
12,1.60161137730033,14,0.06329051
12,1.60161137730033,15,0.06355361
13,1.61137730033265,0,0.06348883
13,1.61137730033265,1,0.06339046
13,1.61137730033265,2,0.06332703
13,1.61137730033265,3,0.06313112
13,1.61137730033265,4,0.06302192
13,1.61137730033265,5,0.06315724
13,1.61137730033265,6,0.06310961
13,1.61137730033265,7,0.06307732
13,1.61137730033265,8,0.06326074
13,1.61137730033265,9,0.06312501
13,1.61137730033265,10,0.0629605
13,1.61137730033265,11,0.06318217
13,1.61137730033265,12,0.06322298
13,1.61137730033265,13,0.06317077
13,1.61137730033265,14,0.0632028
13,1.61137730033265,15,0.06320016
14,1.62114322336497,0,0.06303705
14,1.62114322336497,1,0.06301703
14,1.62114322336497,2,0.06301754
14,1.62114322336497,3,0.06324197
14,1.62114322336497,4,0.0632303
14,1.62114322336497,5,0.06336027
14,1.62114322336497,6,0.06336904
14,1.62114322336497,7,0.06313094
14,1.62114322336497,8,0.06342146
14,1.62114322336497,9,0.06332833
14,1.62114322336497,10,0.06347765
14,1.62114322336497,11,0.06328525
14,1.62114322336497,12,0.06348075
14,1.62114322336497,13,0.06356383
14,1.62114322336497,14,0.06374627
14,1.62114322336497,15,0.06352488
15,1.63151951658681,0,0.06361497
15,1.63151951658681,1,0.06332329
15,1.63151951658681,2,0.06313555
15,1.63151951658681,3,0.06322303
15,1.63151951658681,4,0.06314987
15,1.63151951658681,5,0.06298094
15,1.63151951658681,6,0.06335406
15,1.63151951658681,7,0.06352839
15,1.63151951658681,8,0.06304062
15,1.63151951658681,9,0.06331411
15,1.63151951658681,10,0.06310777
15,1.63151951658681,11,0.06351643
15,1.63151951658681,12,0.0631903
15,1.63151951658681,13,0.06335508
15,1.63151951658681,14,0.06328592
15,1.63151951658681,15,0.06342085
16,1.64128543961913,0,0.06326535
16,1.64128543961913,1,0.06334485
16,1.64128543961913,2,0.06336731
16,1.64128543961913,3,0.06313494
16,1.64128543961913,4,0.06314427
16,1.64128543961913,5,0.06316342
16,1.64128543961913,6,0.06332998
16,1.64128543961913,7,0.06308313
16,1.64128543961913,8,0.06314979
16,1.64128543961913,9,0.06317382
16,1.64128543961913,10,0.06329394
16,1.64128543961913,11,0.06312133
16,1.64128543961913,12,0.06297437
16,1.64128543961913,13,0.06298693
16,1.64128543961913,14,0.06317821
16,1.64128543961913,15,0.06307519
17,1.65166173284097,0,0.06339015
17,1.65166173284097,1,0.06317366
17,1.65166173284097,2,0.06314468
17,1.65166173284097,3,0.06325555
17,1.65166173284097,4,0.06307552
17,1.65166173284097,5,0.06317382
17,1.65166173284097,6,0.06332626
17,1.65166173284097,7,0.06330051
17,1.65166173284097,8,0.06316579
17,1.65166173284097,9,0.06345143
17,1.65166173284097,10,0.06342301
17,1.65166173284097,11,0.0635235
17,1.65166173284097,12,0.06336922
17,1.65166173284097,13,0.06329367
17,1.65166173284097,14,0.06355466
17,1.65166173284097,15,0.06355152
18,1.66203802606281,0,0.06316721
18,1.66203802606281,1,0.06330698
18,1.66203802606281,2,0.06324166
18,1.66203802606281,3,0.06338134
18,1.66203802606281,4,0.06320352
18,1.66203802606281,5,0.06330804
18,1.66203802606281,6,0.06318495
18,1.66203802606281,7,0.06299563
18,1.66203802606281,8,0.06335772
18,1.66203802606281,9,0.06330471
18,1.66203802606281,10,0.06330109
18,1.66203802606281,11,0.06357387
18,1.66203802606281,12,0.06374786
18,1.66203802606281,13,0.06352984
18,1.66203802606281,14,0.06334974
18,1.66203802606281,15,0.06328906
19,1.67180394909513,0,0.06329694
19,1.67180394909513,1,0.06320462
19,1.67180394909513,2,0.06333321
19,1.67180394909513,3,0.06334402
19,1.67180394909513,4,0.06326214
19,1.67180394909513,5,0.06329494
19,1.67180394909513,6,0.0633017
19,1.67180394909513,7,0.06346054
19,1.67180394909513,8,0.06307857
19,1.67180394909513,9,0.06328034
19,1.67180394909513,10,0.0629884
19,1.67180394909513,11,0.06316618
19,1.67180394909513,12,0.063154
19,1.67180394909513,13,0.06296612
19,1.67180394909513,14,0.06307208
19,1.67180394909513,15,0.0630367
20,1.68156987212745,0,0.06315288
20,1.68156987212745,1,0.0631987
20,1.68156987212745,2,0.06342523
20,1.68156987212745,3,0.06340379
20,1.68156987212745,4,0.06301662
20,1.68156987212745,5,0.0630452
20,1.68156987212745,6,0.06334349
20,1.68156987212745,7,0.06325216
20,1.68156987212745,8,0.0630278
20,1.68156987212745,9,0.06301104
20,1.68156987212745,10,0.06319657
20,1.68156987212745,11,0.06291006
20,1.68156987212745,12,0.06296096
20,1.68156987212745,13,0.06307916
20,1.68156987212745,14,0.06299271
20,1.68156987212745,15,0.06297879
21,1.69194616534928,0,0.06306192
21,1.69194616534928,1,0.06286095
21,1.69194616534928,2,0.06302886
21,1.69194616534928,3,0.0631645
21,1.69194616534928,4,0.06295183
21,1.69194616534928,5,0.06299373
21,1.69194616534928,6,0.06295963
21,1.69194616534928,7,0.06300694
21,1.69194616534928,8,0.063017
21,1.69194616534928,9,0.06295155
21,1.69194616534928,10,0.06299651
21,1.69194616534928,11,0.06284881
21,1.69194616534928,12,0.06319357
21,1.69194616534928,13,0.06305376
21,1.69194616534928,14,0.06290976
21,1.69194616534928,15,0.06306803
22,1.70110171819208,0,0.06291065
22,1.70110171819208,1,0.06286465
22,1.70110171819208,2,0.0629376
22,1.70110171819208,3,0.06271794
22,1.70110171819208,4,0.06279728
22,1.70110171819208,5,0.062722
22,1.70110171819208,6,0.06295294
22,1.70110171819208,7,0.06296535
22,1.70110171819208,8,0.06294123
22,1.70110171819208,9,0.063098
22,1.70110171819208,10,0.0628505
22,1.70110171819208,11,0.0631033
22,1.70110171819208,12,0.06311155
22,1.70110171819208,13,0.06334841
22,1.70110171819208,14,0.06297749
22,1.70110171819208,15,0.06310866
23,1.71208838160344,0,0.06310115
23,1.71208838160344,1,0.06307318
23,1.71208838160344,2,0.06302188
23,1.71208838160344,3,0.06297998
23,1.71208838160344,4,0.06287424
23,1.71208838160344,5,0.06327402
23,1.71208838160344,6,0.06337688
23,1.71208838160344,7,0.06289753
23,1.71208838160344,8,0.0632372
23,1.71208838160344,9,0.0631977
23,1.71208838160344,10,0.06326647
23,1.71208838160344,11,0.06318645
23,1.71208838160344,12,0.06326237
23,1.71208838160344,13,0.06326022
23,1.71208838160344,14,0.06321613
23,1.71208838160344,15,0.06323069
24,1.72185430463576,0,0.06307264
24,1.72185430463576,1,0.06326876
24,1.72185430463576,2,0.06309663
24,1.72185430463576,3,0.06334593
24,1.72185430463576,4,0.06329507
24,1.72185430463576,5,0.06322236
24,1.72185430463576,6,0.06308338
24,1.72185430463576,7,0.06281681
24,1.72185430463576,8,0.06284475
24,1.72185430463576,9,0.06310024
24,1.72185430463576,10,0.06339175
24,1.72185430463576,11,0.0629269
24,1.72185430463576,12,0.06305845
24,1.72185430463576,13,0.06301983
24,1.72185430463576,14,0.06301363
24,1.72185430463576,15,0.06311634
25,1.73162022766808,0,0.06313536
25,1.73162022766808,1,0.0630162
25,1.73162022766808,2,0.06320577
25,1.73162022766808,3,0.06300446
25,1.73162022766808,4,0.06296019
25,1.73162022766808,5,0.06301771
25,1.73162022766808,6,0.06281164
25,1.73162022766808,7,0.06296219
25,1.73162022766808,8,0.06302004
25,1.73162022766808,9,0.0629888
25,1.73162022766808,10,0.06313454
25,1.73162022766808,11,0.06288687
25,1.73162022766808,12,0.06277999
25,1.73162022766808,13,0.06303864
25,1.73162022766808,14,0.06291223
25,1.73162022766808,15,0.063151
26,1.7413861507004,0,0.06293462
26,1.7413861507004,1,0.06298085
26,1.7413861507004,2,0.06304927
26,1.7413861507004,3,0.06315818
26,1.7413861507004,4,0.06309061
26,1.7413861507004,5,0.0632079
26,1.7413861507004,6,0.06302483
26,1.7413861507004,7,0.06283147
26,1.7413861507004,8,0.06307258
26,1.7413861507004,9,0.06283152
26,1.7413861507004,10,0.06326149
26,1.7413861507004,11,0.06313924
26,1.7413861507004,12,0.06332278
26,1.7413861507004,13,0.06329058
26,1.7413861507004,14,0.06341852
26,1.7413861507004,15,0.06349124
27,1.75176244392224,0,0.06306134
27,1.75176244392224,1,0.06303911
27,1.75176244392224,2,0.06301167
27,1.75176244392224,3,0.06283499
27,1.75176244392224,4,0.06278102
27,1.75176244392224,5,0.06297675
27,1.75176244392224,6,0.06304958
27,1.75176244392224,7,0.06309493
27,1.75176244392224,8,0.06315731
27,1.75176244392224,9,0.06295482
27,1.75176244392224,10,0.063095
27,1.75176244392224,11,0.06280752
27,1.75176244392224,12,0.06311055
27,1.75176244392224,13,0.06304829
27,1.75176244392224,14,0.06321888
27,1.75176244392224,15,0.06312063
28,1.76152836695456,0,0.06309801
28,1.76152836695456,1,0.06278264
28,1.76152836695456,2,0.06300161
28,1.76152836695456,3,0.06303364
28,1.76152836695456,4,0.06311952
28,1.76152836695456,5,0.06297164
28,1.76152836695456,6,0.06308619
28,1.76152836695456,7,0.06321625
28,1.76152836695456,8,0.06328408
28,1.76152836695456,9,0.06312609
28,1.76152836695456,10,0.06295186
28,1.76152836695456,11,0.06307402
28,1.76152836695456,12,0.06320901
28,1.76152836695456,13,0.06331369
28,1.76152836695456,14,0.0632186
28,1.76152836695456,15,0.06337903
29,1.7719046601764,0,0.0633489
29,1.7719046601764,1,0.063196
29,1.7719046601764,2,0.06322496
29,1.7719046601764,3,0.06317508
29,1.7719046601764,4,0.06318029
29,1.7719046601764,5,0.06317497
29,1.7719046601764,6,0.06319813
29,1.7719046601764,7,0.06306206
29,1.7719046601764,8,0.06316835
29,1.7719046601764,9,0.06350238
29,1.7719046601764,10,0.06336925
29,1.7719046601764,11,0.06351963
29,1.7719046601764,12,0.0633572
29,1.7719046601764,13,0.06310826
29,1.7719046601764,14,0.06355693
29,1.7719046601764,15,0.06322598
30,1.78167058320872,0,0.06349535
30,1.78167058320872,1,0.06332986
30,1.78167058320872,2,0.0637349
30,1.78167058320872,3,0.06323664
30,1.78167058320872,4,0.06368157
30,1.78167058320872,5,0.06359553
30,1.78167058320872,6,0.06310038
30,1.78167058320872,7,0.0632026
30,1.78167058320872,8,0.0631715
30,1.78167058320872,9,0.06317297
30,1.78167058320872,10,0.0630272
30,1.78167058320872,11,0.06338669
30,1.78167058320872,12,0.06336556
30,1.78167058320872,13,0.06337168
30,1.78167058320872,14,0.06320169
30,1.78167058320872,15,0.06329394
31,1.79204687643056,0,0.06347404
31,1.79204687643056,1,0.06324288
31,1.79204687643056,2,0.06324651
31,1.79204687643056,3,0.06333892
31,1.79204687643056,4,0.06331123
31,1.79204687643056,5,0.06351711
31,1.79204687643056,6,0.06349737
31,1.79204687643056,7,0.06324603
31,1.79204687643056,8,0.06341405
31,1.79204687643056,9,0.06300998
31,1.79204687643056,10,0.06300172
31,1.79204687643056,11,0.06312837
31,1.79204687643056,12,0.06318578
31,1.79204687643056,13,0.06322724
31,1.79204687643056,14,0.06334221
31,1.79204687643056,15,0.06315542
32,1.80120242927335,0,0.06328973
32,1.80120242927335,1,0.06337569
32,1.80120242927335,2,0.06307647
32,1.80120242927335,3,0.063234
32,1.80120242927335,4,0.0630589
32,1.80120242927335,5,0.06308758
32,1.80120242927335,6,0.06345264
32,1.80120242927335,7,0.06309954
32,1.80120242927335,8,0.06304467
32,1.80120242927335,9,0.06310903
32,1.80120242927335,10,0.06311357
32,1.80120242927335,11,0.06315666
32,1.80120242927335,12,0.06341607
32,1.80120242927335,13,0.06326447
32,1.80120242927335,14,0.06304326
32,1.80120242927335,15,0.0630089
33,1.81157872249519,0,0.06336638
33,1.81157872249519,1,0.06286544
33,1.81157872249519,2,0.06320774
33,1.81157872249519,3,0.06326184
33,1.81157872249519,4,0.06312282
33,1.81157872249519,5,0.0630317
33,1.81157872249519,6,0.06291593
33,1.81157872249519,7,0.06291381
33,1.81157872249519,8,0.06311167
33,1.81157872249519,9,0.06318545
33,1.81157872249519,10,0.06329621
33,1.81157872249519,11,0.06310252
33,1.81157872249519,12,0.0632036
33,1.81157872249519,13,0.06294186
33,1.81157872249519,14,0.06311136
33,1.81157872249519,15,0.06294972
34,1.82134464552751,0,0.06321555
34,1.82134464552751,1,0.06301036
34,1.82134464552751,2,0.0633584
34,1.82134464552751,3,0.0631339
34,1.82134464552751,4,0.06313162
34,1.82134464552751,5,0.06321364
34,1.82134464552751,6,0.0631564
34,1.82134464552751,7,0.06304791
34,1.82134464552751,8,0.06305972
34,1.82134464552751,9,0.06307399
34,1.82134464552751,10,0.06320545
34,1.82134464552751,11,0.06329271
34,1.82134464552751,12,0.06317575
34,1.82134464552751,13,0.06327602
34,1.82134464552751,14,0.06293157
34,1.82134464552751,15,0.06333178
35,1.83111056855983,0,0.06311702
35,1.83111056855983,1,0.0631625
35,1.83111056855983,2,0.06303745
35,1.83111056855983,3,0.06327154
35,1.83111056855983,4,0.06318198
35,1.83111056855983,5,0.06288354
35,1.83111056855983,6,0.06310029
35,1.83111056855983,7,0.0630224
35,1.83111056855983,8,0.06306331
35,1.83111056855983,9,0.0630502
35,1.83111056855983,10,0.06301698
35,1.83111056855983,11,0.06338595
35,1.83111056855983,12,0.06320383
35,1.83111056855983,13,0.0631218
35,1.83111056855983,14,0.06301858
35,1.83111056855983,15,0.06312118
36,1.84148686178167,0,0.06312681
36,1.84148686178167,1,0.06325442
36,1.84148686178167,2,0.06300502
36,1.84148686178167,3,0.06307581
36,1.84148686178167,4,0.06314074
36,1.84148686178167,5,0.06296004
36,1.84148686178167,6,0.06330124
36,1.84148686178167,7,0.06311796
36,1.84148686178167,8,0.06302752
36,1.84148686178167,9,0.06293997
36,1.84148686178167,10,0.06303751
36,1.84148686178167,11,0.06339408
36,1.84148686178167,12,0.06330927
36,1.84148686178167,13,0.06322823
36,1.84148686178167,14,0.06323714
36,1.84148686178167,15,0.06303945
37,1.85125278481399,0,0.06313894
37,1.85125278481399,1,0.06302226
37,1.85125278481399,2,0.06297594
37,1.85125278481399,3,0.06275009
37,1.85125278481399,4,0.06281855
37,1.85125278481399,5,0.06289744
37,1.85125278481399,6,0.06297569
37,1.85125278481399,7,0.06306116
37,1.85125278481399,8,0.06312327
37,1.85125278481399,9,0.06337815
37,1.85125278481399,10,0.06334485
37,1.85125278481399,11,0.06343061
37,1.85125278481399,12,0.06328049
37,1.85125278481399,13,0.06321555
37,1.85125278481399,14,0.06352236
37,1.85125278481399,15,0.0633038
38,1.86162907803583,0,0.06318524
38,1.86162907803583,1,0.06317806
38,1.86162907803583,2,0.0633516
38,1.86162907803583,3,0.06328924
38,1.86162907803583,4,0.06302912
38,1.86162907803583,5,0.06354699
38,1.86162907803583,6,0.06335244
38,1.86162907803583,7,0.06346141
38,1.86162907803583,8,0.0631278
38,1.86162907803583,9,0.06338838
38,1.86162907803583,10,0.06341583
38,1.86162907803583,11,0.06346227
38,1.86162907803583,12,0.06323458
38,1.86162907803583,13,0.06344225
38,1.86162907803583,14,0.06310547
38,1.86162907803583,15,0.06303389
39,1.87078463087863,0,0.06336334
39,1.87078463087863,1,0.06319965
39,1.87078463087863,2,0.06295617
39,1.87078463087863,3,0.06317297
39,1.87078463087863,4,0.06324975
39,1.87078463087863,5,0.06346054
39,1.87078463087863,6,0.06351145
39,1.87078463087863,7,0.06290311
39,1.87078463087863,8,0.06312477
39,1.87078463087863,9,0.06309201
39,1.87078463087863,10,0.063362
39,1.87078463087863,11,0.06317376
39,1.87078463087863,12,0.06310672
39,1.87078463087863,13,0.06328423
39,1.87078463087863,14,0.06350018
39,1.87078463087863,15,0.06287294
40,1.88177129428999,0,0.063185
40,1.88177129428999,1,0.06305984
40,1.88177129428999,2,0.06321611
40,1.88177129428999,3,0.06334686
40,1.88177129428999,4,0.06336606
40,1.88177129428999,5,0.06332216
40,1.88177129428999,6,0.06336082
40,1.88177129428999,7,0.06319692
40,1.88177129428999,8,0.06347574
40,1.88177129428999,9,0.06342465
40,1.88177129428999,10,0.06316133
40,1.88177129428999,11,0.06303287
40,1.88177129428999,12,0.06332636
40,1.88177129428999,13,0.06299741
40,1.88177129428999,14,0.06330299
40,1.88177129428999,15,0.06329516
41,1.89153721732231,0,0.06338643
41,1.89153721732231,1,0.06344823
41,1.89153721732231,2,0.06334203
41,1.89153721732231,3,0.06315743
41,1.89153721732231,4,0.06296565
41,1.89153721732231,5,0.06282524
41,1.89153721732231,6,0.06316035
41,1.89153721732231,7,0.06306483
41,1.89153721732231,8,0.06330529
41,1.89153721732231,9,0.06299658
41,1.89153721732231,10,0.06311299
41,1.89153721732231,11,0.06297814
41,1.89153721732231,12,0.06307728
41,1.89153721732231,13,0.06316002
41,1.89153721732231,14,0.06298526
41,1.89153721732231,15,0.06310949
42,1.90191351054414,0,0.063096
42,1.90191351054414,1,0.0632121
42,1.90191351054414,2,0.06323641
42,1.90191351054414,3,0.06333572
42,1.90191351054414,4,0.06326211
42,1.90191351054414,5,0.06311285
42,1.90191351054414,6,0.06292979
42,1.90191351054414,7,0.06333724
42,1.90191351054414,8,0.0632608
42,1.90191351054414,9,0.06295118
42,1.90191351054414,10,0.06293394
42,1.90191351054414,11,0.0629506
42,1.90191351054414,12,0.06309365
42,1.90191351054414,13,0.06298883
42,1.90191351054414,14,0.062948
42,1.90191351054414,15,0.0629314
43,1.91106906338694,0,0.0630256
43,1.91106906338694,1,0.06316061
43,1.91106906338694,2,0.06299519
43,1.91106906338694,3,0.06324203
43,1.91106906338694,4,0.06313515
43,1.91106906338694,5,0.06320597
43,1.91106906338694,6,0.06285699
43,1.91106906338694,7,0.06291515
43,1.91106906338694,8,0.06289548
43,1.91106906338694,9,0.06329417
43,1.91106906338694,10,0.06305983
43,1.91106906338694,11,0.06335374
43,1.91106906338694,12,0.06320274
43,1.91106906338694,13,0.06331415
43,1.91106906338694,14,0.06341464
43,1.91106906338694,15,0.06338768
44,1.9220557267983,0,0.06289129
44,1.9220557267983,1,0.0628079
44,1.9220557267983,2,0.06303953
44,1.9220557267983,3,0.06316131
44,1.9220557267983,4,0.06311812
44,1.9220557267983,5,0.06308047
44,1.9220557267983,6,0.06298422
44,1.9220557267983,7,0.06309245
44,1.9220557267983,8,0.0629141
44,1.9220557267983,9,0.06287497
44,1.9220557267983,10,0.06309404
44,1.9220557267983,11,0.06276213
44,1.9220557267983,12,0.06286332
44,1.9220557267983,13,0.06284748
44,1.9220557267983,14,0.0629412
44,1.9220557267983,15,0.06313334
45,1.9312112796411,0,0.06270643
45,1.9312112796411,1,0.06281677
45,1.9312112796411,2,0.06295196
45,1.9312112796411,3,0.06290601
45,1.9312112796411,4,0.06319589
45,1.9312112796411,5,0.06287816
45,1.9312112796411,6,0.06267071
45,1.9312112796411,7,0.0631116
45,1.9312112796411,8,0.06292664
45,1.9312112796411,9,0.06306169
45,1.9312112796411,10,0.06324805
45,1.9312112796411,11,0.06299878
45,1.9312112796411,12,0.06256829
45,1.9312112796411,13,0.06291196
45,1.9312112796411,14,0.06307989
45,1.9312112796411,15,0.06307989
46,1.94219794305246,0,0.06317431
46,1.94219794305246,1,0.06326519
46,1.94219794305246,2,0.06302628
46,1.94219794305246,3,0.06311085
46,1.94219794305246,4,0.06304978
46,1.94219794305246,5,0.06294764
46,1.94219794305246,6,0.06339741
46,1.94219794305246,7,0.0632274
46,1.94219794305246,8,0.06337148
46,1.94219794305246,9,0.06319225
46,1.94219794305246,10,0.06353896
46,1.94219794305246,11,0.06337582
46,1.94219794305246,12,0.06318204
46,1.94219794305246,13,0.0634313
46,1.94219794305246,14,0.06334485
46,1.94219794305246,15,0.0633079
47,1.95074312570574,0,0.06337477
47,1.95074312570574,1,0.06333207
47,1.95074312570574,2,0.06333079
47,1.95074312570574,3,0.06322909
47,1.95074312570574,4,0.06335779
47,1.95074312570574,5,0.06342058
47,1.95074312570574,6,0.06299677
47,1.95074312570574,7,0.06298856
47,1.95074312570574,8,0.06309886
47,1.95074312570574,9,0.06320813
47,1.95074312570574,10,0.06335283
47,1.95074312570574,11,0.06320973
47,1.95074312570574,12,0.06319001
47,1.95074312570574,13,0.06327108
47,1.95074312570574,14,0.06339211
47,1.95074312570574,15,0.06334673
48,1.96050904873806,0,0.06355219
48,1.96050904873806,1,0.06315953
48,1.96050904873806,2,0.06355931
48,1.96050904873806,3,0.06312035
48,1.96050904873806,4,0.0631064
48,1.96050904873806,5,0.06339157
48,1.96050904873806,6,0.06325895
48,1.96050904873806,7,0.06325807
48,1.96050904873806,8,0.0628411
48,1.96050904873806,9,0.06329398
48,1.96050904873806,10,0.06315358
48,1.96050904873806,11,0.06318513
48,1.96050904873806,12,0.06285995
48,1.96050904873806,13,0.06289831
48,1.96050904873806,14,0.06325187
48,1.96050904873806,15,0.06328396
49,1.97210608233894,0,0.06324092
49,1.97210608233894,1,0.06291025
49,1.97210608233894,2,0.06303876
49,1.97210608233894,3,0.06310484
49,1.97210608233894,4,0.06286933
49,1.97210608233894,5,0.06278522
49,1.97210608233894,6,0.06307691
49,1.97210608233894,7,0.06340753
49,1.97210608233894,8,0.06357016
49,1.97210608233894,9,0.06304102
49,1.97210608233894,10,0.06330333
49,1.97210608233894,11,0.06323518
49,1.97210608233894,12,0.0632397
49,1.97210608233894,13,0.0634746
49,1.97210608233894,14,0.06323828
49,1.97210608233894,15,0.06330276
50,1.98126163518174,0,0.06339563
50,1.98126163518174,1,0.06332099
50,1.98126163518174,2,0.06305198
50,1.98126163518174,3,0.06312918
50,1.98126163518174,4,0.06334677
50,1.98126163518174,5,0.06310284
50,1.98126163518174,6,0.06316178
50,1.98126163518174,7,0.06315553
50,1.98126163518174,8,0.06323071
50,1.98126163518174,9,0.06350506
50,1.98126163518174,10,0.06311008
50,1.98126163518174,11,0.06294698
50,1.98126163518174,12,0.06342925
50,1.98126163518174,13,0.06335576
50,1.98126163518174,14,0.06338628
50,1.98126163518174,15,0.06336826
51,1.99163792840358,0,0.06333235
51,1.99163792840358,1,0.06305385
51,1.99163792840358,2,0.06306773
51,1.99163792840358,3,0.06304003
51,1.99163792840358,4,0.06298172
51,1.99163792840358,5,0.06305562
51,1.99163792840358,6,0.06314535
51,1.99163792840358,7,0.06302203
51,1.99163792840358,8,0.06295688
51,1.99163792840358,9,0.06312932
51,1.99163792840358,10,0.06303054
51,1.99163792840358,11,0.06304704
51,1.99163792840358,12,0.06319143
51,1.99163792840358,13,0.06334411
51,1.99163792840358,14,0.06328129
51,1.99163792840358,15,0.06333945
52,2.0014038514359,0,0.06313026
52,2.0014038514359,1,0.06289712
52,2.0014038514359,2,0.06301872
52,2.0014038514359,3,0.06283504
52,2.0014038514359,4,0.0628484
52,2.0014038514359,5,0.06271762
52,2.0014038514359,6,0.06272864
52,2.0014038514359,7,0.06295426
52,2.0014038514359,8,0.06304985
52,2.0014038514359,9,0.06279068
52,2.0014038514359,10,0.0629928
52,2.0014038514359,11,0.06307851
52,2.0014038514359,12,0.06308798
52,2.0014038514359,13,0.06328449
52,2.0014038514359,14,0.06336414
52,2.0014038514359,15,0.06296999
53,2.01116977446822,0,0.06306595
53,2.01116977446822,1,0.06307334
53,2.01116977446822,2,0.06325833
53,2.01116977446822,3,0.06342957
53,2.01116977446822,4,0.06299201
53,2.01116977446822,5,0.06314111
53,2.01116977446822,6,0.06322251
53,2.01116977446822,7,0.06333016
53,2.01116977446822,8,0.06292242
53,2.01116977446822,9,0.06295247
53,2.01116977446822,10,0.06324577
53,2.01116977446822,11,0.06278402
53,2.01116977446822,12,0.06295811
53,2.01116977446822,13,0.06305867
53,2.01116977446822,14,0.06313087
53,2.01116977446822,15,0.06306108
54,2.02093569750053,0,0.06296863
54,2.02093569750053,1,0.06283807
54,2.02093569750053,2,0.06305028
54,2.02093569750053,3,0.06318934
54,2.02093569750053,4,0.06299814
54,2.02093569750053,5,0.06320281
54,2.02093569750053,6,0.06308459
54,2.02093569750053,7,0.06309777
54,2.02093569750053,8,0.06293507
54,2.02093569750053,9,0.06297477
54,2.02093569750053,10,0.06295443
54,2.02093569750053,11,0.06289767
54,2.02093569750053,12,0.06292048
54,2.02093569750053,13,0.0628479
54,2.02093569750053,14,0.06291553
54,2.02093569750053,15,0.06289968
55,2.03131199072237,0,0.06270128
55,2.03131199072237,1,0.06332359
55,2.03131199072237,2,0.06299793
55,2.03131199072237,3,0.06316003
55,2.03131199072237,4,0.06329862
55,2.03131199072237,5,0.06302961
55,2.03131199072237,6,0.06318851
55,2.03131199072237,7,0.0632025
55,2.03131199072237,8,0.0631757
55,2.03131199072237,9,0.06324778
55,2.03131199072237,10,0.06339148
55,2.03131199072237,11,0.06325874
55,2.03131199072237,12,0.06321701
55,2.03131199072237,13,0.06315038
55,2.03131199072237,14,0.0634578
55,2.03131199072237,15,0.06316392
56,2.04046754356517,0,0.06336539
56,2.04046754356517,1,0.06312418
56,2.04046754356517,2,0.06298265
56,2.04046754356517,3,0.0630592
56,2.04046754356517,4,0.06323083
56,2.04046754356517,5,0.06298708
56,2.04046754356517,6,0.06307414
56,2.04046754356517,7,0.06318472
56,2.04046754356517,8,0.06319857
56,2.04046754356517,9,0.06331541
56,2.04046754356517,10,0.06299741
56,2.04046754356517,11,0.06327152
56,2.04046754356517,12,0.06317859
56,2.04046754356517,13,0.06341364
56,2.04046754356517,14,0.06310141
56,2.04046754356517,15,0.06324525
57,2.05084383678701,0,0.06291013
57,2.05084383678701,1,0.06298218
57,2.05084383678701,2,0.06280553
57,2.05084383678701,3,0.06285288
57,2.05084383678701,4,0.06294138
57,2.05084383678701,5,0.06299842
57,2.05084383678701,6,0.06313219
57,2.05084383678701,7,0.06269249
57,2.05084383678701,8,0.06303962
57,2.05084383678701,9,0.06265461
57,2.05084383678701,10,0.06271871
57,2.05084383678701,11,0.06302482
57,2.05084383678701,12,0.06300425
57,2.05084383678701,13,0.06280806
57,2.05084383678701,14,0.06296492
57,2.05084383678701,15,0.06309778
58,2.05999938962981,0,0.06277975
58,2.05999938962981,1,0.06314805
58,2.05999938962981,2,0.06312455
58,2.05999938962981,3,0.06278877
58,2.05999938962981,4,0.06296382
58,2.05999938962981,5,0.06319972
58,2.05999938962981,6,0.06305434
58,2.05999938962981,7,0.06291378
58,2.05999938962981,8,0.06300715
58,2.05999938962981,9,0.06322122
58,2.05999938962981,10,0.06319277
58,2.05999938962981,11,0.06308325
58,2.05999938962981,12,0.06316307
58,2.05999938962981,13,0.06320611
58,2.05999938962981,14,0.0630912
58,2.05999938962981,15,0.06293773
59,2.07098605304117,0,0.06301274
59,2.07098605304117,1,0.06306297
59,2.07098605304117,2,0.06287245
59,2.07098605304117,3,0.06297793
59,2.07098605304117,4,0.06289632
59,2.07098605304117,5,0.06306427
59,2.07098605304117,6,0.06319569
59,2.07098605304117,7,0.06350823
59,2.07098605304117,8,0.0635771
59,2.07098605304117,9,0.06344302
59,2.07098605304117,10,0.06326715
59,2.07098605304117,11,0.06357528
59,2.07098605304117,12,0.06339905
59,2.07098605304117,13,0.06329618
59,2.07098605304117,14,0.06339153
59,2.07098605304117,15,0.06292104
60,2.08014160588397,0,0.06304625
60,2.08014160588397,1,0.0630632
60,2.08014160588397,2,0.06297436
60,2.08014160588397,3,0.06322201
60,2.08014160588397,4,0.06290663
60,2.08014160588397,5,0.06317743
60,2.08014160588397,6,0.06293164
60,2.08014160588397,7,0.06276442
60,2.08014160588397,8,0.06269089
60,2.08014160588397,9,0.06281137
60,2.08014160588397,10,0.06284566
60,2.08014160588397,11,0.06293651
60,2.08014160588397,12,0.0629156
60,2.08014160588397,13,0.06291999
60,2.08014160588397,14,0.06313631
60,2.08014160588397,15,0.06320393
61,2.09051789910581,0,0.06286117
61,2.09051789910581,1,0.06297937
61,2.09051789910581,2,0.06294298
61,2.09051789910581,3,0.06327641
61,2.09051789910581,4,0.06311951
61,2.09051789910581,5,0.06309528
61,2.09051789910581,6,0.0627768
61,2.09051789910581,7,0.06299353
61,2.09051789910581,8,0.06272513
61,2.09051789910581,9,0.06290218
61,2.09051789910581,10,0.06279647
61,2.09051789910581,11,0.06269342
61,2.09051789910581,12,0.06280581
61,2.09051789910581,13,0.06273674
61,2.09051789910581,14,0.06296853
61,2.09051789910581,15,0.06277205
62,2.10089419232765,0,0.06305029
62,2.10089419232765,1,0.06262583
62,2.10089419232765,2,0.06258432
62,2.10089419232765,3,0.06294297
62,2.10089419232765,4,0.06275096
62,2.10089419232765,5,0.062737
62,2.10089419232765,6,0.06272121
62,2.10089419232765,7,0.06316941
62,2.10089419232765,8,0.0629742
62,2.10089419232765,9,0.06308445
62,2.10089419232765,10,0.06302988
62,2.10089419232765,11,0.06299721
62,2.10089419232765,12,0.06324442
62,2.10089419232765,13,0.06278183
62,2.10089419232765,14,0.06291517
62,2.10089419232765,15,0.06290023
63,2.11004974517045,0,0.06297104
63,2.11004974517045,1,0.06322911
63,2.11004974517045,2,0.06307917
63,2.11004974517045,3,0.0632885
63,2.11004974517045,4,0.06322458
63,2.11004974517045,5,0.06304909
63,2.11004974517045,6,0.06314113
63,2.11004974517045,7,0.06303652
63,2.11004974517045,8,0.0628909
63,2.11004974517045,9,0.0632069
63,2.11004974517045,10,0.06294848
63,2.11004974517045,11,0.06277373
63,2.11004974517045,12,0.06290804
63,2.11004974517045,13,0.06290124
63,2.11004974517045,14,0.06304944
63,2.11004974517045,15,0.06290077
64,2.1210364085818,0,0.06307774
64,2.1210364085818,1,0.06279971
64,2.1210364085818,2,0.06299673
64,2.1210364085818,3,0.06313647
64,2.1210364085818,4,0.063077
64,2.1210364085818,5,0.06273565
64,2.1210364085818,6,0.06311072
64,2.1210364085818,7,0.06293818
64,2.1210364085818,8,0.06279667
64,2.1210364085818,9,0.06295344
64,2.1210364085818,10,0.06295742
64,2.1210364085818,11,0.06291966
64,2.1210364085818,12,0.06306863
64,2.1210364085818,13,0.06293081
64,2.1210364085818,14,0.06295786
64,2.1210364085818,15,0.06306589
65,2.13080233161412,0,0.06309868
65,2.13080233161412,1,0.06307089
65,2.13080233161412,2,0.06284802
65,2.13080233161412,3,0.06309753
65,2.13080233161412,4,0.06296962
65,2.13080233161412,5,0.06293558
65,2.13080233161412,6,0.06307282
65,2.13080233161412,7,0.06282617
65,2.13080233161412,8,0.06326825
65,2.13080233161412,9,0.06285725
65,2.13080233161412,10,0.06305636
65,2.13080233161412,11,0.06330305
65,2.13080233161412,12,0.06322751
65,2.13080233161412,13,0.0630203
65,2.13080233161412,14,0.06298898
65,2.13080233161412,15,0.06299816
66,2.14056825464644,0,0.06288763
66,2.14056825464644,1,0.06292838
66,2.14056825464644,2,0.06277539
66,2.14056825464644,3,0.06303818
66,2.14056825464644,4,0.06287217
66,2.14056825464644,5,0.06302623
66,2.14056825464644,6,0.06314638
66,2.14056825464644,7,0.06302159
66,2.14056825464644,8,0.06321906
66,2.14056825464644,9,0.06295946
66,2.14056825464644,10,0.06279717
66,2.14056825464644,11,0.0630101
66,2.14056825464644,12,0.06264739
66,2.14056825464644,13,0.06260741
66,2.14056825464644,14,0.06266092
66,2.14056825464644,15,0.06292559
67,2.15033417767876,0,0.06254835
67,2.15033417767876,1,0.0627545
67,2.15033417767876,2,0.06273804
67,2.15033417767876,3,0.06271598
67,2.15033417767876,4,0.06264804
67,2.15033417767876,5,0.06273685
67,2.15033417767876,6,0.06264883
67,2.15033417767876,7,0.06277463
67,2.15033417767876,8,0.06290774
67,2.15033417767876,9,0.06291655
67,2.15033417767876,10,0.0627864
67,2.15033417767876,11,0.06284092
67,2.15033417767876,12,0.06278262
67,2.15033417767876,13,0.06282545
67,2.15033417767876,14,0.06290919
67,2.15033417767876,15,0.06297769
68,2.16132084109012,0,0.06296502
68,2.16132084109012,1,0.06284479
68,2.16132084109012,2,0.06282152
68,2.16132084109012,3,0.06288084
68,2.16132084109012,4,0.06251097
68,2.16132084109012,5,0.06285296
68,2.16132084109012,6,0.06235117
68,2.16132084109012,7,0.06285757
68,2.16132084109012,8,0.06259042
68,2.16132084109012,9,0.06274868
68,2.16132084109012,10,0.06291337
68,2.16132084109012,11,0.06280748
68,2.16132084109012,12,0.06272732
68,2.16132084109012,13,0.06277362
68,2.16132084109012,14,0.06279976
68,2.16132084109012,15,0.06278824
69,2.1698660237434,0,0.0627272
69,2.1698660237434,1,0.06287786
69,2.1698660237434,2,0.06269688
69,2.1698660237434,3,0.06289516
69,2.1698660237434,4,0.06285509
69,2.1698660237434,5,0.06259162
69,2.1698660237434,6,0.06327142
69,2.1698660237434,7,0.06293102
69,2.1698660237434,8,0.06317109
69,2.1698660237434,9,0.06293713
69,2.1698660237434,10,0.06283882
69,2.1698660237434,11,0.06272894
69,2.1698660237434,12,0.06304316
69,2.1698660237434,13,0.06288499
69,2.1698660237434,14,0.06286505
69,2.1698660237434,15,0.06316149
70,2.18085268715476,0,0.06277625
70,2.18085268715476,1,0.06274226
70,2.18085268715476,2,0.06274059
70,2.18085268715476,3,0.06278969
70,2.18085268715476,4,0.06298929
70,2.18085268715476,5,0.06313276
70,2.18085268715476,6,0.06282344
70,2.18085268715476,7,0.06286974
70,2.18085268715476,8,0.0629546
70,2.18085268715476,9,0.06282086
70,2.18085268715476,10,0.06330644
70,2.18085268715476,11,0.06296019
70,2.18085268715476,12,0.06310801
70,2.18085268715476,13,0.06282058
70,2.18085268715476,14,0.06311391
70,2.18085268715476,15,0.06325839
71,2.19061861018708,0,0.06283206
71,2.19061861018708,1,0.06287687
71,2.19061861018708,2,0.06283129
71,2.19061861018708,3,0.06282322
71,2.19061861018708,4,0.06315766
71,2.19061861018708,5,0.06327422
71,2.19061861018708,6,0.06310159
71,2.19061861018708,7,0.0627178
71,2.19061861018708,8,0.06290334
71,2.19061861018708,9,0.06258459
71,2.19061861018708,10,0.06271227
71,2.19061861018708,11,0.06278827
71,2.19061861018708,12,0.06281722
71,2.19061861018708,13,0.06310475
71,2.19061861018708,14,0.06296261
71,2.19061861018708,15,0.06281434
72,2.20160527359844,0,0.06296787
72,2.20160527359844,1,0.06302468
72,2.20160527359844,2,0.0629605
72,2.20160527359844,3,0.06322575
72,2.20160527359844,4,0.06307413
72,2.20160527359844,5,0.06305651
72,2.20160527359844,6,0.06307738
72,2.20160527359844,7,0.06285143
72,2.20160527359844,8,0.0629427
72,2.20160527359844,9,0.06297071
72,2.20160527359844,10,0.06296514
72,2.20160527359844,11,0.06324354
72,2.20160527359844,12,0.06295091
72,2.20160527359844,13,0.0629189
72,2.20160527359844,14,0.06310596
72,2.20160527359844,15,0.0632188
73,2.21015045625172,0,0.06295142
73,2.21015045625172,1,0.06306469
73,2.21015045625172,2,0.06330635
73,2.21015045625172,3,0.06295876
73,2.21015045625172,4,0.0629699
73,2.21015045625172,5,0.06310032
73,2.21015045625172,6,0.06291346
73,2.21015045625172,7,0.06292398
73,2.21015045625172,8,0.06317346
73,2.21015045625172,9,0.06313992
73,2.21015045625172,10,0.06303027
73,2.21015045625172,11,0.06277832
73,2.21015045625172,12,0.06290622
73,2.21015045625172,13,0.06290487
73,2.21015045625172,14,0.06288525
73,2.21015045625172,15,0.06284771
74,2.22052674947356,0,0.06291495
74,2.22052674947356,1,0.06291054
74,2.22052674947356,2,0.06281218
74,2.22052674947356,3,0.0630275
74,2.22052674947356,4,0.0631207
74,2.22052674947356,5,0.06296455
74,2.22052674947356,6,0.06312911
74,2.22052674947356,7,0.06309907
74,2.22052674947356,8,0.0629148
74,2.22052674947356,9,0.06288934
74,2.22052674947356,10,0.0628712
74,2.22052674947356,11,0.06298421
74,2.22052674947356,12,0.06321888
74,2.22052674947356,13,0.06289174
74,2.22052674947356,14,0.06305422
74,2.22052674947356,15,0.06296069
75,2.23029267250588,0,0.06296033
75,2.23029267250588,1,0.06301764
75,2.23029267250588,2,0.06287175
75,2.23029267250588,3,0.06295338
75,2.23029267250588,4,0.06281441
75,2.23029267250588,5,0.06287841
75,2.23029267250588,6,0.06296937
75,2.23029267250588,7,0.06298287
75,2.23029267250588,8,0.06300581
75,2.23029267250588,9,0.06286823
75,2.23029267250588,10,0.06270708
75,2.23029267250588,11,0.06284048
75,2.23029267250588,12,0.06282623
75,2.23029267250588,13,0.06292381
75,2.23029267250588,14,0.06295899
75,2.23029267250588,15,0.06271955
76,2.24066896572771,0,0.06285355
76,2.24066896572771,1,0.06286596
76,2.24066896572771,2,0.06304163
76,2.24066896572771,3,0.06290916
76,2.24066896572771,4,0.06298727
76,2.24066896572771,5,0.06282622
76,2.24066896572771,6,0.06306903
76,2.24066896572771,7,0.06291151
76,2.24066896572771,8,0.06279188
76,2.24066896572771,9,0.06265775
76,2.24066896572771,10,0.06300417
76,2.24066896572771,11,0.06265875
76,2.24066896572771,12,0.06261142
76,2.24066896572771,13,0.06271449
76,2.24066896572771,14,0.06279599
76,2.24066896572771,15,0.06289507
77,2.25104525894955,0,0.06272861
77,2.25104525894955,1,0.06311587
77,2.25104525894955,2,0.06284392
77,2.25104525894955,3,0.06284507
77,2.25104525894955,4,0.06290091
77,2.25104525894955,5,0.06296606
77,2.25104525894955,6,0.06286006
77,2.25104525894955,7,0.06291522
77,2.25104525894955,8,0.0626676
77,2.25104525894955,9,0.06305133
77,2.25104525894955,10,0.06295233
77,2.25104525894955,11,0.06310266
77,2.25104525894955,12,0.06278466
77,2.25104525894955,13,0.06278057
77,2.25104525894955,14,0.06276128
77,2.25104525894955,15,0.06296028
78,2.26081118198187,0,0.06252582
78,2.26081118198187,1,0.06285214
78,2.26081118198187,2,0.06246409
78,2.26081118198187,3,0.0627496
78,2.26081118198187,4,0.06294279
78,2.26081118198187,5,0.06285118
78,2.26081118198187,6,0.06266396
78,2.26081118198187,7,0.06296834
78,2.26081118198187,8,0.06273084
78,2.26081118198187,9,0.06281904
78,2.26081118198187,10,0.06279288
78,2.26081118198187,11,0.0629944
78,2.26081118198187,12,0.06303024
78,2.26081118198187,13,0.06291976
78,2.26081118198187,14,0.0629471
78,2.26081118198187,15,0.06295714
79,2.27057710501419,0,0.06306988
79,2.27057710501419,1,0.06294629
79,2.27057710501419,2,0.06313746
79,2.27057710501419,3,0.06267077
79,2.27057710501419,4,0.06288919
79,2.27057710501419,5,0.06290223
79,2.27057710501419,6,0.06289484
79,2.27057710501419,7,0.06314459
79,2.27057710501419,8,0.06321237
79,2.27057710501419,9,0.06321365
79,2.27057710501419,10,0.06329033
79,2.27057710501419,11,0.06304963
79,2.27057710501419,12,0.06287295
79,2.27057710501419,13,0.0630212
79,2.27057710501419,14,0.06307507
79,2.27057710501419,15,0.06298211
80,2.28095339823603,0,0.06315185
80,2.28095339823603,1,0.06341963
80,2.28095339823603,2,0.06308135
80,2.28095339823603,3,0.06320701
80,2.28095339823603,4,0.06315718
80,2.28095339823603,5,0.06330037
80,2.28095339823603,6,0.06345407
80,2.28095339823603,7,0.0632036
80,2.28095339823603,8,0.06306619
80,2.28095339823603,9,0.06298431
80,2.28095339823603,10,0.0629776
80,2.28095339823603,11,0.06291687
80,2.28095339823603,12,0.0631677
80,2.28095339823603,13,0.06308403
80,2.28095339823603,14,0.06309765
80,2.28095339823603,15,0.06292862
81,2.29071932126835,0,0.0634604
81,2.29071932126835,1,0.06320639
81,2.29071932126835,2,0.06315658
81,2.29071932126835,3,0.06320449
81,2.29071932126835,4,0.06341854
81,2.29071932126835,5,0.06326091
81,2.29071932126835,6,0.06318326
81,2.29071932126835,7,0.06323668
81,2.29071932126835,8,0.06366283
81,2.29071932126835,9,0.06310402
81,2.29071932126835,10,0.06337546
81,2.29071932126835,11,0.06340863
81,2.29071932126835,12,0.06307018
81,2.29071932126835,13,0.0632835
81,2.29071932126835,14,0.0632773
81,2.29071932126835,15,0.06321666
82,2.29987487411115,0,0.06364106
82,2.29987487411115,1,0.06368632
82,2.29987487411115,2,0.06353353
82,2.29987487411115,3,0.06355741
82,2.29987487411115,4,0.06372633
82,2.29987487411115,5,0.06387445
82,2.29987487411115,6,0.06340991
82,2.29987487411115,7,0.06348111
82,2.29987487411115,8,0.06346703
82,2.29987487411115,9,0.06327675
82,2.29987487411115,10,0.06329868
82,2.29987487411115,11,0.06339983
82,2.29987487411115,12,0.06327268
82,2.29987487411115,13,0.06334186
82,2.29987487411115,14,0.06368755
82,2.29987487411115,15,0.06363837
83,2.31147190771203,0,0.06383865
83,2.31147190771203,1,0.06389403
83,2.31147190771203,2,0.06376529
83,2.31147190771203,3,0.06356123
83,2.31147190771203,4,0.06356466
83,2.31147190771203,5,0.06354973
83,2.31147190771203,6,0.06376871
83,2.31147190771203,7,0.0634964
83,2.31147190771203,8,0.06367481
83,2.31147190771203,9,0.0638849
83,2.31147190771203,10,0.06367437
83,2.31147190771203,11,0.06342332
83,2.31147190771203,12,0.06388928
83,2.31147190771203,13,0.06382304
83,2.31147190771203,14,0.06357837
83,2.31147190771203,15,0.06366232
84,2.32062746055483,0,0.06350352
84,2.32062746055483,1,0.06375105
84,2.32062746055483,2,0.0634497
84,2.32062746055483,3,0.06362163
84,2.32062746055483,4,0.06387682
84,2.32062746055483,5,0.0635079
84,2.32062746055483,6,0.06370001
84,2.32062746055483,7,0.06361707
84,2.32062746055483,8,0.06402838
84,2.32062746055483,9,0.06390543
84,2.32062746055483,10,0.0637292
84,2.32062746055483,11,0.06368601
84,2.32062746055483,12,0.06370452
84,2.32062746055483,13,0.06363463
84,2.32062746055483,14,0.06360826
84,2.32062746055483,15,0.0635559
85,2.33100375377667,0,0.06384037
85,2.33100375377667,1,0.06360693
85,2.33100375377667,2,0.06321311
85,2.33100375377667,3,0.06359348
85,2.33100375377667,4,0.06338438
85,2.33100375377667,5,0.06351493
85,2.33100375377667,6,0.06370858
85,2.33100375377667,7,0.06378924
85,2.33100375377667,8,0.06378235
85,2.33100375377667,9,0.06384403
85,2.33100375377667,10,0.06389973
85,2.33100375377667,11,0.06370347
85,2.33100375377667,12,0.0639094
85,2.33100375377667,13,0.06394124
85,2.33100375377667,14,0.06426309
85,2.33100375377667,15,0.06380293
86,2.34015930661946,0,0.06373559
86,2.34015930661946,1,0.06387172
86,2.34015930661946,2,0.06384439
86,2.34015930661946,3,0.06336492
86,2.34015930661946,4,0.06361073
86,2.34015930661946,5,0.06363125
86,2.34015930661946,6,0.06361966
86,2.34015930661946,7,0.06368673
86,2.34015930661946,8,0.06349239
86,2.34015930661946,9,0.06388541
86,2.34015930661946,10,0.06349366
86,2.34015930661946,11,0.06352246
86,2.34015930661946,12,0.06364308
86,2.34015930661946,13,0.06341679
86,2.34015930661946,14,0.06368655
86,2.34015930661946,15,0.06369302
87,2.3505355998413,0,0.06355356
87,2.3505355998413,1,0.06385215
87,2.3505355998413,2,0.06370434
87,2.3505355998413,3,0.06378038
87,2.3505355998413,4,0.06377391
87,2.3505355998413,5,0.06378978
87,2.3505355998413,6,0.06356562
87,2.3505355998413,7,0.06342112
87,2.3505355998413,8,0.06385352
87,2.3505355998413,9,0.06395744
87,2.3505355998413,10,0.0639063
87,2.3505355998413,11,0.06376525
87,2.3505355998413,12,0.06374563
87,2.3505355998413,13,0.06373495
87,2.3505355998413,14,0.06394047
87,2.3505355998413,15,0.06375889
88,2.36091189306314,0,0.06395547
88,2.36091189306314,1,0.06404288
88,2.36091189306314,2,0.06385137
88,2.36091189306314,3,0.06395917
88,2.36091189306314,4,0.06416111
88,2.36091189306314,5,0.06407779
88,2.36091189306314,6,0.06384398
88,2.36091189306314,7,0.06384831
88,2.36091189306314,8,0.06408252
88,2.36091189306314,9,0.06404462
88,2.36091189306314,10,0.06405351
88,2.36091189306314,11,0.06365009
88,2.36091189306314,12,0.06391921
88,2.36091189306314,13,0.06382541
88,2.36091189306314,14,0.06400538
88,2.36091189306314,15,0.06391022
89,2.37067781609546,0,0.06419593
89,2.37067781609546,1,0.06377984
89,2.37067781609546,2,0.06437701
89,2.37067781609546,3,0.06425954
89,2.37067781609546,4,0.0639277
89,2.37067781609546,5,0.06392724
89,2.37067781609546,6,0.06402308
89,2.37067781609546,7,0.06388408
89,2.37067781609546,8,0.06400187
89,2.37067781609546,9,0.0638412
89,2.37067781609546,10,0.06367952
89,2.37067781609546,11,0.06391419
89,2.37067781609546,12,0.06403659
89,2.37067781609546,13,0.0637126
89,2.37067781609546,14,0.06377259
89,2.37067781609546,15,0.06385484
90,2.3810541093173,0,0.06412791
90,2.3810541093173,1,0.06431009
90,2.3810541093173,2,0.06387934
90,2.3810541093173,3,0.06406546
90,2.3810541093173,4,0.06427168
90,2.3810541093173,5,0.06381807
90,2.3810541093173,6,0.06409626
90,2.3810541093173,7,0.06394458
90,2.3810541093173,8,0.06404147
90,2.3810541093173,9,0.06405351
90,2.3810541093173,10,0.06412241
90,2.3810541093173,11,0.06410497
90,2.3810541093173,12,0.06415049
90,2.3810541093173,13,0.06387747
90,2.3810541093173,14,0.06389083
90,2.3810541093173,15,0.06403563
91,2.39082003234962,0,0.06411045
91,2.39082003234962,1,0.0640094
91,2.39082003234962,2,0.06399895
91,2.39082003234962,3,0.06401793
91,2.39082003234962,4,0.06417366
91,2.39082003234962,5,0.06405324
91,2.39082003234962,6,0.06393208
91,2.39082003234962,7,0.06395904
91,2.39082003234962,8,0.06415766
91,2.39082003234962,9,0.06405639
91,2.39082003234962,10,0.06393294
91,2.39082003234962,11,0.06402961
91,2.39082003234962,12,0.06396566
91,2.39082003234962,13,0.06391816
91,2.39082003234962,14,0.06392441
91,2.39082003234962,15,0.0638849
92,2.40058595538194,0,0.06398481
92,2.40058595538194,1,0.06418997
92,2.40058595538194,2,0.06410658
92,2.40058595538194,3,0.06400224
92,2.40058595538194,4,0.06384147
92,2.40058595538194,5,0.06415284
92,2.40058595538194,6,0.06406916
92,2.40058595538194,7,0.06423772
92,2.40058595538194,8,0.06425197
92,2.40058595538194,9,0.0639573
92,2.40058595538194,10,0.06400748
92,2.40058595538194,11,0.06414872
92,2.40058595538194,12,0.06408864
92,2.40058595538194,13,0.06401318
92,2.40058595538194,14,0.06369571
92,2.40058595538194,15,0.0639079
93,2.41096224860378,0,0.06412555
93,2.41096224860378,1,0.06419864
93,2.41096224860378,2,0.06432678
93,2.41096224860378,3,0.06437975
93,2.41096224860378,4,0.06417094
93,2.41096224860378,5,0.06423177
93,2.41096224860378,6,0.06382559
93,2.41096224860378,7,0.06401122
93,2.41096224860378,8,0.06397153
93,2.41096224860378,9,0.06399567
93,2.41096224860378,10,0.06407245
93,2.41096224860378,11,0.06400014
93,2.41096224860378,12,0.0641276
93,2.41096224860378,13,0.06414676
93,2.41096224860378,14,0.06426296
93,2.41096224860378,15,0.06445204
94,2.4207281716361,0,0.06426295
94,2.4207281716361,1,0.06407158
94,2.4207281716361,2,0.06401687
94,2.4207281716361,3,0.06414479
94,2.4207281716361,4,0.06404275
94,2.4207281716361,5,0.06408052
94,2.4207281716361,6,0.06429428
94,2.4207281716361,7,0.06420913
94,2.4207281716361,8,0.06453444
94,2.4207281716361,9,0.064035
94,2.4207281716361,10,0.06424827
94,2.4207281716361,11,0.06421642
94,2.4207281716361,12,0.06407035
94,2.4207281716361,13,0.0639849
94,2.4207281716361,14,0.06397346
94,2.4207281716361,15,0.06399092
95,2.43049409466842,0,0.06405411
95,2.43049409466842,1,0.06397272
95,2.43049409466842,2,0.06414822
95,2.43049409466842,3,0.06389362
95,2.43049409466842,4,0.0640005
95,2.43049409466842,5,0.06427377
95,2.43049409466842,6,0.06410626
95,2.43049409466842,7,0.06424361
95,2.43049409466842,8,0.06404056
95,2.43049409466842,9,0.06419922
95,2.43049409466842,10,0.06422153
95,2.43049409466842,11,0.06438157
95,2.43049409466842,12,0.06416195
95,2.43049409466842,13,0.06419047
95,2.43049409466842,14,0.06428655
95,2.43049409466842,15,0.06456788
96,2.44148075807978,0,0.06418096
96,2.44148075807978,1,0.06424744
96,2.44148075807978,2,0.06409859
96,2.44148075807978,3,0.06412564
96,2.44148075807978,4,0.06415233
96,2.44148075807978,5,0.06442524
96,2.44148075807978,6,0.06446274
96,2.44148075807978,7,0.06431113
96,2.44148075807978,8,0.06448541
96,2.44148075807978,9,0.06429959
96,2.44148075807978,10,0.06455174
96,2.44148075807978,11,0.06427262
96,2.44148075807978,12,0.06429918
96,2.44148075807978,13,0.0643438
96,2.44148075807978,14,0.06426899
96,2.44148075807978,15,0.06445124
97,2.45063631092257,0,0.06443368
97,2.45063631092257,1,0.06483601
97,2.45063631092257,2,0.06448263
97,2.45063631092257,3,0.06421691
97,2.45063631092257,4,0.06435078
97,2.45063631092257,5,0.06468561
97,2.45063631092257,6,0.06461854
97,2.45063631092257,7,0.06461003
97,2.45063631092257,8,0.06464915
97,2.45063631092257,9,0.0648741
97,2.45063631092257,10,0.06439345
97,2.45063631092257,11,0.06474019
97,2.45063631092257,12,0.06475034
97,2.45063631092257,13,0.06457041
97,2.45063631092257,14,0.06462847
97,2.45063631092257,15,0.06475458
98,2.46101260414441,0,0.06443758
98,2.46101260414441,1,0.06448366
98,2.46101260414441,2,0.06459278
98,2.46101260414441,3,0.0650982
98,2.46101260414441,4,0.0648267
98,2.46101260414441,5,0.06456236
98,2.46101260414441,6,0.06464309
98,2.46101260414441,7,0.06449968
98,2.46101260414441,8,0.06466945
98,2.46101260414441,9,0.06473682
98,2.46101260414441,10,0.06482318
98,2.46101260414441,11,0.06452144
98,2.46101260414441,12,0.06466848
98,2.46101260414441,13,0.06447429
98,2.46101260414441,14,0.06456085
98,2.46101260414441,15,0.06461576
99,2.47077852717673,0,0.06451161
99,2.47077852717673,1,0.06485238
99,2.47077852717673,2,0.0649728
99,2.47077852717673,3,0.06492645
99,2.47077852717673,4,0.0648616
99,2.47077852717673,5,0.06505961
99,2.47077852717673,6,0.06487041
99,2.47077852717673,7,0.06451921
99,2.47077852717673,8,0.06451234
99,2.47077852717673,9,0.06458477
99,2.47077852717673,10,0.06456541
99,2.47077852717673,11,0.06463458
99,2.47077852717673,12,0.06450185
99,2.47077852717673,13,0.06481863
99,2.47077852717673,14,0.06488153
99,2.47077852717673,15,0.06452575
100,2.48054445020905,0,0.06517445
100,2.48054445020905,1,0.06524941
100,2.48054445020905,2,0.06517506
100,2.48054445020905,3,0.06492387
100,2.48054445020905,4,0.06474292
100,2.48054445020905,5,0.06513341
100,2.48054445020905,6,0.06468222
100,2.48054445020905,7,0.06497395
100,2.48054445020905,8,0.0648862
100,2.48054445020905,9,0.06470115
100,2.48054445020905,10,0.06516001
100,2.48054445020905,11,0.06505542
100,2.48054445020905,12,0.06512716
100,2.48054445020905,13,0.0651338
100,2.48054445020905,14,0.06513294
100,2.48054445020905,15,0.06483454
101,2.49092074343089,0,0.06507333
101,2.49092074343089,1,0.06514768
101,2.49092074343089,2,0.06492867
101,2.49092074343089,3,0.06487899
101,2.49092074343089,4,0.06517257
101,2.49092074343089,5,0.06518765
101,2.49092074343089,6,0.06495802
101,2.49092074343089,7,0.06522042
101,2.49092074343089,8,0.06490197
101,2.49092074343089,9,0.06499074
101,2.49092074343089,10,0.06516202
101,2.49092074343089,11,0.06495001
101,2.49092074343089,12,0.06487186
101,2.49092074343089,13,0.06473181
101,2.49092074343089,14,0.06478941
101,2.49092074343089,15,0.06467004
102,2.50129703665273,0,0.06502123
102,2.50129703665273,1,0.06506974
102,2.50129703665273,2,0.06495649
102,2.50129703665273,3,0.06471903
102,2.50129703665273,4,0.0649163
102,2.50129703665273,5,0.06497766
102,2.50129703665273,6,0.06485384
102,2.50129703665273,7,0.06479882
102,2.50129703665273,8,0.06477255
102,2.50129703665273,9,0.06492539
102,2.50129703665273,10,0.06460419
102,2.50129703665273,11,0.06498081
102,2.50129703665273,12,0.06498363
102,2.50129703665273,13,0.06485329
102,2.50129703665273,14,0.06507904
102,2.50129703665273,15,0.06476878
103,2.51106295968505,0,0.064962
103,2.51106295968505,1,0.06495374
103,2.51106295968505,2,0.0650146
103,2.51106295968505,3,0.06515716
103,2.51106295968505,4,0.0651949
103,2.51106295968505,5,0.06492461
103,2.51106295968505,6,0.06490604
103,2.51106295968505,7,0.06492054
103,2.51106295968505,8,0.06500059
103,2.51106295968505,9,0.0647659
103,2.51106295968505,10,0.06510157
103,2.51106295968505,11,0.06505628
103,2.51106295968505,12,0.0651436
103,2.51106295968505,13,0.06510397
103,2.51106295968505,14,0.06499991
103,2.51106295968505,15,0.06507645
104,2.52204962309641,0,0.06504791
104,2.52204962309641,1,0.06511476
104,2.52204962309641,2,0.0651088
104,2.52204962309641,3,0.0654484
104,2.52204962309641,4,0.0650234
104,2.52204962309641,5,0.06500264
104,2.52204962309641,6,0.06506203
104,2.52204962309641,7,0.06491783
104,2.52204962309641,8,0.06531996
104,2.52204962309641,9,0.06511419
104,2.52204962309641,10,0.06513321
104,2.52204962309641,11,0.06509804
104,2.52204962309641,12,0.0649142
104,2.52204962309641,13,0.06508357
104,2.52204962309641,14,0.06476849
104,2.52204962309641,15,0.0648273
105,2.53120517593921,0,0.06492027
105,2.53120517593921,1,0.0650972
105,2.53120517593921,2,0.06482849
105,2.53120517593921,3,0.06508787
105,2.53120517593921,4,0.06538648
105,2.53120517593921,5,0.06507201
105,2.53120517593921,6,0.06513573
105,2.53120517593921,7,0.06502159
105,2.53120517593921,8,0.06499632
105,2.53120517593921,9,0.06526282
105,2.53120517593921,10,0.06507524
105,2.53120517593921,11,0.06495035
105,2.53120517593921,12,0.06510091
105,2.53120517593921,13,0.06517642
105,2.53120517593921,14,0.06525374
105,2.53120517593921,15,0.06483575
106,2.54158146916105,0,0.06468011
106,2.54158146916105,1,0.06488988
106,2.54158146916105,2,0.06462194
106,2.54158146916105,3,0.06478823
106,2.54158146916105,4,0.06472743
106,2.54158146916105,5,0.06484906
106,2.54158146916105,6,0.06478005
106,2.54158146916105,7,0.06478427
106,2.54158146916105,8,0.06479267
106,2.54158146916105,9,0.06491077
106,2.54158146916105,10,0.06469459
106,2.54158146916105,11,0.06469681
106,2.54158146916105,12,0.06476416
106,2.54158146916105,13,0.06498168
106,2.54158146916105,14,0.06464387
106,2.54158146916105,15,0.06500207
107,2.55134739219336,0,0.06512395
107,2.55134739219336,1,0.06518279
107,2.55134739219336,2,0.0648529
107,2.55134739219336,3,0.06486779
107,2.55134739219336,4,0.06491064
107,2.55134739219336,5,0.06466932
107,2.55134739219336,6,0.06478382
107,2.55134739219336,7,0.06473626
107,2.55134739219336,8,0.06479951
107,2.55134739219336,9,0.06456409
107,2.55134739219336,10,0.06489094
107,2.55134739219336,11,0.06483794
107,2.55134739219336,12,0.06480723
107,2.55134739219336,13,0.06494385
107,2.55134739219336,14,0.06500471
107,2.55134739219336,15,0.0649999
108,2.5617236854152,0,0.06505985
108,2.5617236854152,1,0.06494344
108,2.5617236854152,2,0.06513697
108,2.5617236854152,3,0.0652537
108,2.5617236854152,4,0.06510781
108,2.5617236854152,5,0.06490021
108,2.5617236854152,6,0.06492802
108,2.5617236854152,7,0.06481349
108,2.5617236854152,8,0.06479488
108,2.5617236854152,9,0.0647086
108,2.5617236854152,10,0.06502958
108,2.5617236854152,11,0.06499483
108,2.5617236854152,12,0.06483822
108,2.5617236854152,13,0.06472777
108,2.5617236854152,14,0.06468983
108,2.5617236854152,15,0.06514313
109,2.57209997863704,0,0.06476407
109,2.57209997863704,1,0.06473479
109,2.57209997863704,2,0.06453165
109,2.57209997863704,3,0.06478848
109,2.57209997863704,4,0.06528502
109,2.57209997863704,5,0.0649823
109,2.57209997863704,6,0.06483332
109,2.57209997863704,7,0.06503728
109,2.57209997863704,8,0.06499691
109,2.57209997863704,9,0.06510668
109,2.57209997863704,10,0.0647883
109,2.57209997863704,11,0.06492884
109,2.57209997863704,12,0.06498291
109,2.57209997863704,13,0.06489473
109,2.57209997863704,14,0.06477577
109,2.57209997863704,15,0.06486235
110,2.58125553147984,0,0.06494005
110,2.58125553147984,1,0.06503364
110,2.58125553147984,2,0.06519695
110,2.58125553147984,3,0.06510872
110,2.58125553147984,4,0.06512838
110,2.58125553147984,5,0.0650947
110,2.58125553147984,6,0.0651458
110,2.58125553147984,7,0.06502301
110,2.58125553147984,8,0.06498951
110,2.58125553147984,9,0.06501749
110,2.58125553147984,10,0.06493293
110,2.58125553147984,11,0.06500482
110,2.58125553147984,12,0.06486288
110,2.58125553147984,13,0.06494767
110,2.58125553147984,14,0.06475946
110,2.58125553147984,15,0.06493498
111,2.5922421948912,0,0.06518447
111,2.5922421948912,1,0.06494828
111,2.5922421948912,2,0.06500643
111,2.5922421948912,3,0.06491084
111,2.5922421948912,4,0.06502846
111,2.5922421948912,5,0.06520291
111,2.5922421948912,6,0.06499999
111,2.5922421948912,7,0.06509305
111,2.5922421948912,8,0.06501371
111,2.5922421948912,9,0.06519666
111,2.5922421948912,10,0.06522866
111,2.5922421948912,11,0.06530467
111,2.5922421948912,12,0.06503801
111,2.5922421948912,13,0.06552086
111,2.5922421948912,14,0.06513204
111,2.5922421948912,15,0.06511528
112,2.60200811792352,0,0.06481533
112,2.60200811792352,1,0.06477218
112,2.60200811792352,2,0.0650315
112,2.60200811792352,3,0.06503943
112,2.60200811792352,4,0.06514089
112,2.60200811792352,5,0.06475952
112,2.60200811792352,6,0.06476889
112,2.60200811792352,7,0.06469487
112,2.60200811792352,8,0.06467625
112,2.60200811792352,9,0.06525314
112,2.60200811792352,10,0.06513244
112,2.60200811792352,11,0.06508327
112,2.60200811792352,12,0.064921
112,2.60200811792352,13,0.06501367
112,2.60200811792352,14,0.06516204
112,2.60200811792352,15,0.0647762
113,2.61116367076632,0,0.06513204
113,2.61116367076632,1,0.06483371
113,2.61116367076632,2,0.06498312
113,2.61116367076632,3,0.06500775
113,2.61116367076632,4,0.06518968
113,2.61116367076632,5,0.06533737
113,2.61116367076632,6,0.06525454
113,2.61116367076632,7,0.06501009
113,2.61116367076632,8,0.06502122
113,2.61116367076632,9,0.0648673
113,2.61116367076632,10,0.06508952
113,2.61116367076632,11,0.0649175
113,2.61116367076632,12,0.06493782
113,2.61116367076632,13,0.06491017
113,2.61116367076632,14,0.06533831
113,2.61116367076632,15,0.06543442
114,2.62153996398816,0,0.06542908
114,2.62153996398816,1,0.0655374
114,2.62153996398816,2,0.06532855
114,2.62153996398816,3,0.06533863
114,2.62153996398816,4,0.06557001
114,2.62153996398816,5,0.06523529
114,2.62153996398816,6,0.0651757
114,2.62153996398816,7,0.06530894
114,2.62153996398816,8,0.06533037
114,2.62153996398816,9,0.06530558
114,2.62153996398816,10,0.06511255
114,2.62153996398816,11,0.06547797
114,2.62153996398816,12,0.06520919
114,2.62153996398816,13,0.06516653
114,2.62153996398816,14,0.06521535
114,2.62153996398816,15,0.06518108
115,2.63191625721,0,0.06545263
115,2.63191625721,1,0.06556802
115,2.63191625721,2,0.06541307
115,2.63191625721,3,0.06527181
115,2.63191625721,4,0.0651668
115,2.63191625721,5,0.06543001
115,2.63191625721,6,0.06524866
115,2.63191625721,7,0.06496042
115,2.63191625721,8,0.06487077
115,2.63191625721,9,0.06494618
115,2.63191625721,10,0.06510049
115,2.63191625721,11,0.06522499
115,2.63191625721,12,0.06511513
115,2.63191625721,13,0.06513408
115,2.63191625721,14,0.06507625
115,2.63191625721,15,0.06501301
116,2.6410718100528,0,0.06478774
116,2.6410718100528,1,0.0650929
116,2.6410718100528,2,0.06504089
116,2.6410718100528,3,0.06511333
116,2.6410718100528,4,0.0653102
116,2.6410718100528,5,0.06535607
116,2.6410718100528,6,0.06503686
116,2.6410718100528,7,0.06500275
116,2.6410718100528,8,0.06501639
116,2.6410718100528,9,0.06476078
116,2.6410718100528,10,0.06499738
116,2.6410718100528,11,0.06470396
116,2.6410718100528,12,0.06478481
116,2.6410718100528,13,0.06475116
116,2.6410718100528,14,0.06479502
116,2.6410718100528,15,0.0649564
117,2.65144810327464,0,0.06484334
117,2.65144810327464,1,0.06481387
117,2.65144810327464,2,0.06483082
117,2.65144810327464,3,0.06507685
117,2.65144810327464,4,0.06507672
117,2.65144810327464,5,0.06497195
117,2.65144810327464,6,0.06488034
117,2.65144810327464,7,0.06484527
117,2.65144810327464,8,0.0650712
117,2.65144810327464,9,0.06490671
117,2.65144810327464,10,0.06501137
117,2.65144810327464,11,0.06495918
117,2.65144810327464,12,0.06486528
117,2.65144810327464,13,0.06469642
117,2.65144810327464,14,0.06484316
117,2.65144810327464,15,0.06478936
118,2.66121402630696,0,0.06505521
118,2.66121402630696,1,0.06485754
118,2.66121402630696,2,0.06475323
118,2.66121402630696,3,0.06487091
118,2.66121402630696,4,0.06458815
118,2.66121402630696,5,0.06478873
118,2.66121402630696,6,0.06516113
118,2.66121402630696,7,0.06484069
118,2.66121402630696,8,0.06488508
118,2.66121402630696,9,0.0651025
118,2.66121402630696,10,0.06482065
118,2.66121402630696,11,0.06487396
118,2.66121402630696,12,0.06504591
118,2.66121402630696,13,0.06491242
118,2.66121402630696,14,0.06502251
118,2.66121402630696,15,0.06517565
119,2.67097994933927,0,0.06490941
119,2.67097994933927,1,0.06509802
119,2.67097994933927,2,0.0649037
119,2.67097994933927,3,0.06508426
119,2.67097994933927,4,0.06505325
119,2.67097994933927,5,0.06506734
119,2.67097994933927,6,0.06509317
119,2.67097994933927,7,0.06512897
119,2.67097994933927,8,0.06489272
119,2.67097994933927,9,0.06490616
119,2.67097994933927,10,0.0649077
119,2.67097994933927,11,0.06505834
119,2.67097994933927,12,0.06482193
119,2.67097994933927,13,0.06509302
119,2.67097994933927,14,0.06496927
119,2.67097994933927,15,0.06500188
120,2.68074587237159,0,0.06468411
120,2.68074587237159,1,0.06484824
120,2.68074587237159,2,0.06436784
120,2.68074587237159,3,0.06443343
120,2.68074587237159,4,0.06463093
120,2.68074587237159,5,0.06486101
120,2.68074587237159,6,0.06510972
120,2.68074587237159,7,0.06490646
120,2.68074587237159,8,0.06479712
120,2.68074587237159,9,0.06494186
120,2.68074587237159,10,0.06511919
120,2.68074587237159,11,0.06471074
120,2.68074587237159,12,0.06490994
120,2.68074587237159,13,0.06482202
120,2.68074587237159,14,0.06502759
120,2.68074587237159,15,0.06484986
121,2.69112216559343,0,0.06487614
121,2.69112216559343,1,0.06510103
121,2.69112216559343,2,0.06500664
121,2.69112216559343,3,0.06501455
121,2.69112216559343,4,0.06502832
121,2.69112216559343,5,0.06498425
121,2.69112216559343,6,0.06493662
121,2.69112216559343,7,0.06473298
121,2.69112216559343,8,0.06518546
121,2.69112216559343,9,0.06496979
121,2.69112216559343,10,0.06484212
121,2.69112216559343,11,0.06487437
121,2.69112216559343,12,0.06516815
121,2.69112216559343,13,0.06488363
121,2.69112216559343,14,0.06487021
121,2.69112216559343,15,0.06486694
122,2.70149845881527,0,0.06482125
122,2.70149845881527,1,0.0647816
122,2.70149845881527,2,0.06508167
122,2.70149845881527,3,0.06478886
122,2.70149845881527,4,0.06455424
122,2.70149845881527,5,0.06468152
122,2.70149845881527,6,0.06480144
122,2.70149845881527,7,0.06478946
122,2.70149845881527,8,0.0648578
122,2.70149845881527,9,0.06467211
122,2.70149845881527,10,0.06466153
122,2.70149845881527,11,0.06471438
122,2.70149845881527,12,0.06491148
122,2.70149845881527,13,0.06462577
122,2.70149845881527,14,0.06451821
122,2.70149845881527,15,0.06481265
123,2.71065401165807,0,0.0651699
123,2.71065401165807,1,0.06500244
123,2.71065401165807,2,0.0648568
123,2.71065401165807,3,0.06497088
123,2.71065401165807,4,0.06494507
123,2.71065401165807,5,0.06509808
123,2.71065401165807,6,0.06494722
123,2.71065401165807,7,0.06495527
123,2.71065401165807,8,0.06491445
123,2.71065401165807,9,0.06531744
123,2.71065401165807,10,0.06491116
123,2.71065401165807,11,0.06513581
123,2.71065401165807,12,0.0650036
123,2.71065401165807,13,0.06507729
123,2.71065401165807,14,0.06530348
123,2.71065401165807,15,0.06508588
124,2.72164067506943,0,0.06479566
124,2.72164067506943,1,0.06469435
124,2.72164067506943,2,0.06493847
124,2.72164067506943,3,0.06481149
124,2.72164067506943,4,0.06500993
124,2.72164067506943,5,0.06466214
124,2.72164067506943,6,0.06475893
124,2.72164067506943,7,0.06456436
124,2.72164067506943,8,0.06448256
124,2.72164067506943,9,0.06434189
124,2.72164067506943,10,0.0646265
124,2.72164067506943,11,0.06452256
124,2.72164067506943,12,0.06489976
124,2.72164067506943,13,0.06460606
124,2.72164067506943,14,0.06487577
124,2.72164067506943,15,0.06453294
125,2.73140659810175,0,0.06483256
125,2.73140659810175,1,0.06487738
125,2.73140659810175,2,0.0650803
125,2.73140659810175,3,0.06495507
125,2.73140659810175,4,0.06514187
125,2.73140659810175,5,0.0649524
125,2.73140659810175,6,0.06531387
125,2.73140659810175,7,0.06508761
125,2.73140659810175,8,0.0650909
125,2.73140659810175,9,0.06491023
125,2.73140659810175,10,0.06507701
125,2.73140659810175,11,0.0649702
125,2.73140659810175,12,0.06467228
125,2.73140659810175,13,0.06518731
125,2.73140659810175,14,0.06527191
125,2.73140659810175,15,0.06531807
126,2.74117252113407,0,0.06511916
126,2.74117252113407,1,0.06538533
126,2.74117252113407,2,0.06505512
126,2.74117252113407,3,0.06510793
126,2.74117252113407,4,0.06499788
126,2.74117252113407,5,0.06509652
126,2.74117252113407,6,0.06536949
126,2.74117252113407,7,0.06494567
126,2.74117252113407,8,0.06506132
126,2.74117252113407,9,0.06539978
126,2.74117252113407,10,0.06529382
126,2.74117252113407,11,0.06529447
126,2.74117252113407,12,0.06521676
126,2.74117252113407,13,0.06541131
126,2.74117252113407,14,0.06554212
126,2.74117252113407,15,0.06500739
127,2.75154881435591,0,0.06524
127,2.75154881435591,1,0.06490685
127,2.75154881435591,2,0.06503149
127,2.75154881435591,3,0.06506816
127,2.75154881435591,4,0.06532372
127,2.75154881435591,5,0.06562826
127,2.75154881435591,6,0.0654088
127,2.75154881435591,7,0.06538945
127,2.75154881435591,8,0.06517798
127,2.75154881435591,9,0.06521367
127,2.75154881435591,10,0.06494466
127,2.75154881435591,11,0.0653441
127,2.75154881435591,12,0.06521535
127,2.75154881435591,13,0.06519124
127,2.75154881435591,14,0.06527069
127,2.75154881435591,15,0.06494699
128,2.76192510757775,0,0.06528652
128,2.76192510757775,1,0.06518666
128,2.76192510757775,2,0.06517709
128,2.76192510757775,3,0.06530444
128,2.76192510757775,4,0.06526081
128,2.76192510757775,5,0.06541972
128,2.76192510757775,6,0.06525075
128,2.76192510757775,7,0.06518489
128,2.76192510757775,8,0.06473329
128,2.76192510757775,9,0.06499753
128,2.76192510757775,10,0.06539115
128,2.76192510757775,11,0.06501105
128,2.76192510757775,12,0.06479287
128,2.76192510757775,13,0.06488334
128,2.76192510757775,14,0.06489627
128,2.76192510757775,15,0.06486374
129,2.77047029023102,0,0.06511564
129,2.77047029023102,1,0.06509423
129,2.77047029023102,2,0.06521964
129,2.77047029023102,3,0.06505599
129,2.77047029023102,4,0.06539243
129,2.77047029023102,5,0.06528504
129,2.77047029023102,6,0.06530117
129,2.77047029023102,7,0.06521815
129,2.77047029023102,8,0.06512026
129,2.77047029023102,9,0.06506948
129,2.77047029023102,10,0.06483659
129,2.77047029023102,11,0.06526173
129,2.77047029023102,12,0.06537369
129,2.77047029023102,13,0.06496876
129,2.77047029023102,14,0.06520467
129,2.77047029023102,15,0.06511811
130,2.78145695364238,0,0.06487761
130,2.78145695364238,1,0.06484649
130,2.78145695364238,2,0.06512345
130,2.78145695364238,3,0.06497687
130,2.78145695364238,4,0.0649846
130,2.78145695364238,5,0.06504193
130,2.78145695364238,6,0.0648087
130,2.78145695364238,7,0.06503651
130,2.78145695364238,8,0.06505547
130,2.78145695364238,9,0.06535491
130,2.78145695364238,10,0.06515431
130,2.78145695364238,11,0.06503239
130,2.78145695364238,12,0.06504516
130,2.78145695364238,13,0.06503739
130,2.78145695364238,14,0.06537381
130,2.78145695364238,15,0.06487154
131,2.7912228766747,0,0.0652906
131,2.7912228766747,1,0.06520069
131,2.7912228766747,2,0.06477352
131,2.7912228766747,3,0.0650026
131,2.7912228766747,4,0.06516134
131,2.7912228766747,5,0.06528992
131,2.7912228766747,6,0.06509712
131,2.7912228766747,7,0.065176
131,2.7912228766747,8,0.06508817
131,2.7912228766747,9,0.06514937
131,2.7912228766747,10,0.06517362
131,2.7912228766747,11,0.06543627
131,2.7912228766747,12,0.06553087
131,2.7912228766747,13,0.06523591
131,2.7912228766747,14,0.06505416
131,2.7912228766747,15,0.06531726
132,2.80159916989654,0,0.06533929
132,2.80159916989654,1,0.06538949
132,2.80159916989654,2,0.06525783
132,2.80159916989654,3,0.06530654
132,2.80159916989654,4,0.06509828
132,2.80159916989654,5,0.06522086
132,2.80159916989654,6,0.06497181
132,2.80159916989654,7,0.06505427
132,2.80159916989654,8,0.06506497
132,2.80159916989654,9,0.06526901
132,2.80159916989654,10,0.06513445
132,2.80159916989654,11,0.06539039
132,2.80159916989654,12,0.06534071
132,2.80159916989654,13,0.06517738
132,2.80159916989654,14,0.06536991
132,2.80159916989654,15,0.06542847
133,2.81136509292886,0,0.06556907
133,2.81136509292886,1,0.06565277
133,2.81136509292886,2,0.06571522
133,2.81136509292886,3,0.06544367
133,2.81136509292886,4,0.06589587
133,2.81136509292886,5,0.06565519
133,2.81136509292886,6,0.06571365
133,2.81136509292886,7,0.06565768
133,2.81136509292886,8,0.0656127
133,2.81136509292886,9,0.06580059
133,2.81136509292886,10,0.06551769
133,2.81136509292886,11,0.06554107
133,2.81136509292886,12,0.06553654
133,2.81136509292886,13,0.06560329
133,2.81136509292886,14,0.06551964
133,2.81136509292886,15,0.06545078
134,2.82113101596118,0,0.0655813
134,2.82113101596118,1,0.06528318
134,2.82113101596118,2,0.06522326
134,2.82113101596118,3,0.06540275
134,2.82113101596118,4,0.06547517
134,2.82113101596118,5,0.06515873
134,2.82113101596118,6,0.06531379
134,2.82113101596118,7,0.06531793
134,2.82113101596118,8,0.06546414
134,2.82113101596118,9,0.06524356
134,2.82113101596118,10,0.0653436
134,2.82113101596118,11,0.06545601
134,2.82113101596118,12,0.06536713
134,2.82113101596118,13,0.06535541
134,2.82113101596118,14,0.06518172
134,2.82113101596118,15,0.06551446
135,2.8308969389935,0,0.06562369
135,2.8308969389935,1,0.06527538
135,2.8308969389935,2,0.06549175
135,2.8308969389935,3,0.06547539
135,2.8308969389935,4,0.0650898
135,2.8308969389935,5,0.06542875
135,2.8308969389935,6,0.06525799
135,2.8308969389935,7,0.06550036
135,2.8308969389935,8,0.06539755
135,2.8308969389935,9,0.06552744
135,2.8308969389935,10,0.06546555
135,2.8308969389935,11,0.06569535
135,2.8308969389935,12,0.06562126
135,2.8308969389935,13,0.06524154
135,2.8308969389935,14,0.06505261
135,2.8308969389935,15,0.06543291
136,2.84127323221534,0,0.06544049
136,2.84127323221534,1,0.06537215
136,2.84127323221534,2,0.0653176
136,2.84127323221534,3,0.06543181
136,2.84127323221534,4,0.06545125
136,2.84127323221534,5,0.06542397
136,2.84127323221534,6,0.06533115
136,2.84127323221534,7,0.06535735
136,2.84127323221534,8,0.06539797
136,2.84127323221534,9,0.06551182
136,2.84127323221534,10,0.06559002
136,2.84127323221534,11,0.06532699
136,2.84127323221534,12,0.06530862
136,2.84127323221534,13,0.06551051
136,2.84127323221534,14,0.06547914
136,2.84127323221534,15,0.06539762
137,2.85164952543718,0,0.0654365
137,2.85164952543718,1,0.06551192
137,2.85164952543718,2,0.06519988
137,2.85164952543718,3,0.06533266
137,2.85164952543718,4,0.06557181
137,2.85164952543718,5,0.06565373
137,2.85164952543718,6,0.06551532
137,2.85164952543718,7,0.06553457
137,2.85164952543718,8,0.06542122
137,2.85164952543718,9,0.06527911
137,2.85164952543718,10,0.06508052
137,2.85164952543718,11,0.0652505
137,2.85164952543718,12,0.06543853
137,2.85164952543718,13,0.06543489
137,2.85164952543718,14,0.06534879
137,2.85164952543718,15,0.06490938
138,2.8614154484695,0,0.06537063
138,2.8614154484695,1,0.06555836
138,2.8614154484695,2,0.06525144
138,2.8614154484695,3,0.06552141
138,2.8614154484695,4,0.06555115
138,2.8614154484695,5,0.0654183
138,2.8614154484695,6,0.06530418
138,2.8614154484695,7,0.06529431
138,2.8614154484695,8,0.06519959
138,2.8614154484695,9,0.06524861
138,2.8614154484695,10,0.06524471
138,2.8614154484695,11,0.06568486
138,2.8614154484695,12,0.06556607
138,2.8614154484695,13,0.06534626
138,2.8614154484695,14,0.0654105
138,2.8614154484695,15,0.06540845
139,2.87118137150182,0,0.06597661
139,2.87118137150182,1,0.06555778
139,2.87118137150182,2,0.06560255
139,2.87118137150182,3,0.06577737
139,2.87118137150182,4,0.06551506
139,2.87118137150182,5,0.06564276
139,2.87118137150182,6,0.06574732
139,2.87118137150182,7,0.0656119
139,2.87118137150182,8,0.06584752
139,2.87118137150182,9,0.06566148
139,2.87118137150182,10,0.06537113
139,2.87118137150182,11,0.06533488
139,2.87118137150182,12,0.06563382
139,2.87118137150182,13,0.06545821
139,2.87118137150182,14,0.06562649
139,2.87118137150182,15,0.06552729
140,2.88155766472366,0,0.06564613
140,2.88155766472366,1,0.06575716
140,2.88155766472366,2,0.06532374
140,2.88155766472366,3,0.06530827
140,2.88155766472366,4,0.06527223
140,2.88155766472366,5,0.06526647
140,2.88155766472366,6,0.06533301
140,2.88155766472366,7,0.06555894
140,2.88155766472366,8,0.06553931
140,2.88155766472366,9,0.06545673
140,2.88155766472366,10,0.06550498
140,2.88155766472366,11,0.06546231
140,2.88155766472366,12,0.06543526
140,2.88155766472366,13,0.06535308
140,2.88155766472366,14,0.06529214
140,2.88155766472366,15,0.06538567
141,2.89132358775597,0,0.0658241
141,2.89132358775597,1,0.06548558
141,2.89132358775597,2,0.0656393
141,2.89132358775597,3,0.06548519
141,2.89132358775597,4,0.06568389
141,2.89132358775597,5,0.06541736
141,2.89132358775597,6,0.06525029
141,2.89132358775597,7,0.06518219
141,2.89132358775597,8,0.06544007
141,2.89132358775597,9,0.06540579
141,2.89132358775597,10,0.06532148
141,2.89132358775597,11,0.0654095
141,2.89132358775597,12,0.06524833
141,2.89132358775597,13,0.06528024
141,2.89132358775597,14,0.06522522
141,2.89132358775597,15,0.06557281
142,2.90047914059877,0,0.06532475
142,2.90047914059877,1,0.06539736
142,2.90047914059877,2,0.06505822
142,2.90047914059877,3,0.06535026
142,2.90047914059877,4,0.06533805
142,2.90047914059877,5,0.06535894
142,2.90047914059877,6,0.06526367
142,2.90047914059877,7,0.06512622
142,2.90047914059877,8,0.06555562
142,2.90047914059877,9,0.06550215
142,2.90047914059877,10,0.06536433
142,2.90047914059877,11,0.06551985
142,2.90047914059877,12,0.06548965
142,2.90047914059877,13,0.0652201
142,2.90047914059877,14,0.06539598
142,2.90047914059877,15,0.06530264
143,2.91207617419965,0,0.06562167
143,2.91207617419965,1,0.06520592
143,2.91207617419965,2,0.06542967
143,2.91207617419965,3,0.06550351
143,2.91207617419965,4,0.06559428
143,2.91207617419965,5,0.06561454
143,2.91207617419965,6,0.06560616
143,2.91207617419965,7,0.0656715
143,2.91207617419965,8,0.06541211
143,2.91207617419965,9,0.065343
143,2.91207617419965,10,0.06528252
143,2.91207617419965,11,0.06554597
143,2.91207617419965,12,0.06537546
143,2.91207617419965,13,0.06521731
143,2.91207617419965,14,0.06552197
143,2.91207617419965,15,0.06591269
144,2.92123172704245,0,0.06558324
144,2.92123172704245,1,0.06564528
144,2.92123172704245,2,0.06536379
144,2.92123172704245,3,0.0655402
144,2.92123172704245,4,0.0658332
144,2.92123172704245,5,0.06568258
144,2.92123172704245,6,0.06553077
144,2.92123172704245,7,0.06564542
144,2.92123172704245,8,0.06577969
144,2.92123172704245,9,0.06592948
144,2.92123172704245,10,0.06565459
144,2.92123172704245,11,0.06584597
144,2.92123172704245,12,0.0656808
144,2.92123172704245,13,0.06556045
144,2.92123172704245,14,0.06541456
144,2.92123172704245,15,0.06561138
145,2.93099765007477,0,0.06573845
145,2.93099765007477,1,0.06513492
145,2.93099765007477,2,0.065298
145,2.93099765007477,3,0.06534041
145,2.93099765007477,4,0.06547645
145,2.93099765007477,5,0.06548364
145,2.93099765007477,6,0.06535005
145,2.93099765007477,7,0.06521722
145,2.93099765007477,8,0.06533805
145,2.93099765007477,9,0.06526145
145,2.93099765007477,10,0.06523605
145,2.93099765007477,11,0.06507155
145,2.93099765007477,12,0.06546617
145,2.93099765007477,13,0.0652544
145,2.93099765007477,14,0.06519446
145,2.93099765007477,15,0.0654716
146,2.94137394329661,0,0.06519436
146,2.94137394329661,1,0.06530612
146,2.94137394329661,2,0.06526271
146,2.94137394329661,3,0.06507267
146,2.94137394329661,4,0.06524807
146,2.94137394329661,5,0.06542885
146,2.94137394329661,6,0.06549072
146,2.94137394329661,7,0.06527828
146,2.94137394329661,8,0.06533819
146,2.94137394329661,9,0.06541657
146,2.94137394329661,10,0.06519815
146,2.94137394329661,11,0.06521238
146,2.94137394329661,12,0.06518096
146,2.94137394329661,13,0.06554147
146,2.94137394329661,14,0.06546341
146,2.94137394329661,15,0.06573462
147,2.95113986632893,0,0.06503303
147,2.95113986632893,1,0.06514094
147,2.95113986632893,2,0.06543949
147,2.95113986632893,3,0.06554783
147,2.95113986632893,4,0.06556288
147,2.95113986632893,5,0.06532551
147,2.95113986632893,6,0.06554503
147,2.95113986632893,7,0.06554517
147,2.95113986632893,8,0.0653908
147,2.95113986632893,9,0.06528357
147,2.95113986632893,10,0.06526712
147,2.95113986632893,11,0.0651788
147,2.95113986632893,12,0.06518385
147,2.95113986632893,13,0.06529762
147,2.95113986632893,14,0.06537058
147,2.95113986632893,15,0.06521618
148,2.96090578936125,0,0.06529403
148,2.96090578936125,1,0.06546148
148,2.96090578936125,2,0.06555121
148,2.96090578936125,3,0.06549349
148,2.96090578936125,4,0.06568393
148,2.96090578936125,5,0.06546229
148,2.96090578936125,6,0.06553516
148,2.96090578936125,7,0.06556183
148,2.96090578936125,8,0.0655624
148,2.96090578936125,9,0.06580484
148,2.96090578936125,10,0.06565866
148,2.96090578936125,11,0.06525295
148,2.96090578936125,12,0.06555338
148,2.96090578936125,13,0.06527809
148,2.96090578936125,14,0.06560842
148,2.96090578936125,15,0.06541064
149,2.97128208258309,0,0.06563478
149,2.97128208258309,1,0.06558701
149,2.97128208258309,2,0.06564755
149,2.97128208258309,3,0.06533051
149,2.97128208258309,4,0.06549263
149,2.97128208258309,5,0.0656123
149,2.97128208258309,6,0.06545856
149,2.97128208258309,7,0.06546383
149,2.97128208258309,8,0.06554319
149,2.97128208258309,9,0.06578684
149,2.97128208258309,10,0.06563909
149,2.97128208258309,11,0.06572863
149,2.97128208258309,12,0.06567258
149,2.97128208258309,13,0.06574775
149,2.97128208258309,14,0.06549772
149,2.97128208258309,15,0.0652666
150,2.98104800561541,0,0.06558754
150,2.98104800561541,1,0.0654804
150,2.98104800561541,2,0.06551028
150,2.98104800561541,3,0.06577023
150,2.98104800561541,4,0.06564933
150,2.98104800561541,5,0.06559132
150,2.98104800561541,6,0.06551983
150,2.98104800561541,7,0.06549889
150,2.98104800561541,8,0.06541556
150,2.98104800561541,9,0.06543545
150,2.98104800561541,10,0.06492828
150,2.98104800561541,11,0.06528042
150,2.98104800561541,12,0.06513401
150,2.98104800561541,13,0.06544705
150,2.98104800561541,14,0.06541017
150,2.98104800561541,15,0.06558207
151,2.99142429883724,0,0.06561048
151,2.99142429883724,1,0.06596017
151,2.99142429883724,2,0.06573068
151,2.99142429883724,3,0.06572627
151,2.99142429883724,4,0.06544628
151,2.99142429883724,5,0.06603505
151,2.99142429883724,6,0.06565125
151,2.99142429883724,7,0.0656702
151,2.99142429883724,8,0.0657203
151,2.99142429883724,9,0.06565531
151,2.99142429883724,10,0.06557367
151,2.99142429883724,11,0.06561893
151,2.99142429883724,12,0.06547746
151,2.99142429883724,13,0.0654224
151,2.99142429883724,14,0.06551369
151,2.99142429883724,15,0.06528126
152,3.00119022186956,0,0.06567322
152,3.00119022186956,1,0.06572568
152,3.00119022186956,2,0.06594282
152,3.00119022186956,3,0.06580719
152,3.00119022186956,4,0.06585037
152,3.00119022186956,5,0.06583848
152,3.00119022186956,6,0.06606184
152,3.00119022186956,7,0.06565198
152,3.00119022186956,8,0.06566582
152,3.00119022186956,9,0.06563711
152,3.00119022186956,10,0.06553277
152,3.00119022186956,11,0.06565633
152,3.00119022186956,12,0.06555033
152,3.00119022186956,13,0.06581581
152,3.00119022186956,14,0.0655789
152,3.00119022186956,15,0.06569989
153,3.0115665150914,0,0.06556396
153,3.0115665150914,1,0.06558596
153,3.0115665150914,2,0.06574859
153,3.0115665150914,3,0.06576775
153,3.0115665150914,4,0.06558803
153,3.0115665150914,5,0.06561244
153,3.0115665150914,6,0.06580017
153,3.0115665150914,7,0.06566541
153,3.0115665150914,8,0.06552503
153,3.0115665150914,9,0.06574272
153,3.0115665150914,10,0.06566241
153,3.0115665150914,11,0.0658429
153,3.0115665150914,12,0.06576368
153,3.0115665150914,13,0.06572033
153,3.0115665150914,14,0.06566782
153,3.0115665150914,15,0.06577345
154,3.02133243812372,0,0.06547169
154,3.02133243812372,1,0.06563375
154,3.02133243812372,2,0.06551249
154,3.02133243812372,3,0.06562956
154,3.02133243812372,4,0.06555571
154,3.02133243812372,5,0.06564867
154,3.02133243812372,6,0.06550328
154,3.02133243812372,7,0.06554839
154,3.02133243812372,8,0.0654691
154,3.02133243812372,9,0.06540614
154,3.02133243812372,10,0.06547707
154,3.02133243812372,11,0.06534708
154,3.02133243812372,12,0.06542306
154,3.02133243812372,13,0.06570856
154,3.02133243812372,14,0.06584386
154,3.02133243812372,15,0.06565497
155,3.03109836115604,0,0.06517348
155,3.03109836115604,1,0.06561179
155,3.03109836115604,2,0.06541349
155,3.03109836115604,3,0.06531496
155,3.03109836115604,4,0.0655124
155,3.03109836115604,5,0.06560373
155,3.03109836115604,6,0.06577004
155,3.03109836115604,7,0.06544014
155,3.03109836115604,8,0.06554244
155,3.03109836115604,9,0.06543106
155,3.03109836115604,10,0.06553026
155,3.03109836115604,11,0.06547575
155,3.03109836115604,12,0.0654442
155,3.03109836115604,13,0.06549516
155,3.03109836115604,14,0.06529648
155,3.03109836115604,15,0.06579468
156,3.04147465437788,0,0.06556115
156,3.04147465437788,1,0.06552837
156,3.04147465437788,2,0.06537931
156,3.04147465437788,3,0.06531046
156,3.04147465437788,4,0.06540284
156,3.04147465437788,5,0.06552821
156,3.04147465437788,6,0.0655862
156,3.04147465437788,7,0.06578515
156,3.04147465437788,8,0.06566626
156,3.04147465437788,9,0.06539243
156,3.04147465437788,10,0.06538618
156,3.04147465437788,11,0.06553318
156,3.04147465437788,12,0.06551737
156,3.04147465437788,13,0.06527636
156,3.04147465437788,14,0.06541001
156,3.04147465437788,15,0.06575266
157,3.0512405774102,0,0.06530117
157,3.0512405774102,1,0.0650996
157,3.0512405774102,2,0.06538522
157,3.0512405774102,3,0.0650923
157,3.0512405774102,4,0.06530111
157,3.0512405774102,5,0.06524203
157,3.0512405774102,6,0.06528259
157,3.0512405774102,7,0.06516328
157,3.0512405774102,8,0.06523467
157,3.0512405774102,9,0.0651455
157,3.0512405774102,10,0.06523103
157,3.0512405774102,11,0.06505573
157,3.0512405774102,12,0.06520493
157,3.0512405774102,13,0.06521028
157,3.0512405774102,14,0.06537768
157,3.0512405774102,15,0.06545095
158,3.06161687063204,0,0.06572488
158,3.06161687063204,1,0.06545272
158,3.06161687063204,2,0.06551544
158,3.06161687063204,3,0.06530923
158,3.06161687063204,4,0.06554802
158,3.06161687063204,5,0.06523588
158,3.06161687063204,6,0.06538002
158,3.06161687063204,7,0.06537563
158,3.06161687063204,8,0.06518251
158,3.06161687063204,9,0.0652485
158,3.06161687063204,10,0.06541972
158,3.06161687063204,11,0.06522132
158,3.06161687063204,12,0.06556227
158,3.06161687063204,13,0.06521197
158,3.06161687063204,14,0.06527027
158,3.06161687063204,15,0.06557946
159,3.07138279366436,0,0.06549856
159,3.07138279366436,1,0.06569646
159,3.07138279366436,2,0.0654798
159,3.07138279366436,3,0.06554624
159,3.07138279366436,4,0.06543892
159,3.07138279366436,5,0.06561832
159,3.07138279366436,6,0.06570654
159,3.07138279366436,7,0.06544525
159,3.07138279366436,8,0.06560973
159,3.07138279366436,9,0.06538975
159,3.07138279366436,10,0.06544096
159,3.07138279366436,11,0.06560345
159,3.07138279366436,12,0.06548136
159,3.07138279366436,13,0.06554886
159,3.07138279366436,14,0.06533649
159,3.07138279366436,15,0.06547886
160,3.08114871669668,0,0.06535444
160,3.08114871669668,1,0.06533997
160,3.08114871669668,2,0.06550461
160,3.08114871669668,3,0.06530311
160,3.08114871669668,4,0.06518014
160,3.08114871669668,5,0.06554561
160,3.08114871669668,6,0.06576445
160,3.08114871669668,7,0.06537509
160,3.08114871669668,8,0.06551866
160,3.08114871669668,9,0.06514208
160,3.08114871669668,10,0.06531382
160,3.08114871669668,11,0.06496628
160,3.08114871669668,12,0.06524742
160,3.08114871669668,13,0.06542873
160,3.08114871669668,14,0.06511638
160,3.08114871669668,15,0.06540556
161,3.09213538010804,0,0.06542324
161,3.09213538010804,1,0.06547371
161,3.09213538010804,2,0.06526259
161,3.09213538010804,3,0.06527372
161,3.09213538010804,4,0.06553056
161,3.09213538010804,5,0.0651425
161,3.09213538010804,6,0.06497156
161,3.09213538010804,7,0.06513461
161,3.09213538010804,8,0.06506441
161,3.09213538010804,9,0.06507889
161,3.09213538010804,10,0.06533194
161,3.09213538010804,11,0.06518778
161,3.09213538010804,12,0.06527925
161,3.09213538010804,13,0.06512236
161,3.09213538010804,14,0.06524826
161,3.09213538010804,15,0.06555592
162,3.10129093295083,0,0.06535553
162,3.10129093295083,1,0.06544121
162,3.10129093295083,2,0.06550121
162,3.10129093295083,3,0.0656428
162,3.10129093295083,4,0.0654835
162,3.10129093295083,5,0.06552596
162,3.10129093295083,6,0.06512728
162,3.10129093295083,7,0.06521656
162,3.10129093295083,8,0.06537098
162,3.10129093295083,9,0.0651622
162,3.10129093295083,10,0.06521899
162,3.10129093295083,11,0.06540453
162,3.10129093295083,12,0.06587707
162,3.10129093295083,13,0.06550748
162,3.10129093295083,14,0.06521259
162,3.10129093295083,15,0.06534293
163,3.11105685598315,0,0.06531385
163,3.11105685598315,1,0.06562464
163,3.11105685598315,2,0.06529298
163,3.11105685598315,3,0.06536911
163,3.11105685598315,4,0.06548421
163,3.11105685598315,5,0.06518874
163,3.11105685598315,6,0.0651135
163,3.11105685598315,7,0.06529058
163,3.11105685598315,8,0.06511483
163,3.11105685598315,9,0.06520895
163,3.11105685598315,10,0.06501137
163,3.11105685598315,11,0.06519451
163,3.11105685598315,12,0.0653652
163,3.11105685598315,13,0.06562161
163,3.11105685598315,14,0.06549564
163,3.11105685598315,15,0.06564262
164,3.12204351939451,0,0.06530514
164,3.12204351939451,1,0.06518716
164,3.12204351939451,2,0.06525102
164,3.12204351939451,3,0.06493994
164,3.12204351939451,4,0.06529786
164,3.12204351939451,5,0.06521238
164,3.12204351939451,6,0.06521837
164,3.12204351939451,7,0.06513432
164,3.12204351939451,8,0.06475055
164,3.12204351939451,9,0.06514353
164,3.12204351939451,10,0.06525555
164,3.12204351939451,11,0.06516899
164,3.12204351939451,12,0.06519691
164,3.12204351939451,13,0.06506541
164,3.12204351939451,14,0.0649692
164,3.12204351939451,15,0.06525615
165,3.13119907223731,0,0.06523775
165,3.13119907223731,1,0.06496619
165,3.13119907223731,2,0.06504659
165,3.13119907223731,3,0.0652049
165,3.13119907223731,4,0.06518064
165,3.13119907223731,5,0.06500584
165,3.13119907223731,6,0.06543968
165,3.13119907223731,7,0.06501379
165,3.13119907223731,8,0.0651781
165,3.13119907223731,9,0.06528719
165,3.13119907223731,10,0.06505902
165,3.13119907223731,11,0.06496836
165,3.13119907223731,12,0.06472924
165,3.13119907223731,13,0.06488027
165,3.13119907223731,14,0.06516103
165,3.13119907223731,15,0.06486911
166,3.14157536545915,0,0.06518291
166,3.14157536545915,1,0.06514498
166,3.14157536545915,2,0.0648912
166,3.14157536545915,3,0.06513835
166,3.14157536545915,4,0.06478176
166,3.14157536545915,5,0.06499758
166,3.14157536545915,6,0.06520286
166,3.14157536545915,7,0.06531233
166,3.14157536545915,8,0.06536505
166,3.14157536545915,9,0.06525288
166,3.14157536545915,10,0.06520032
166,3.14157536545915,11,0.06521087
166,3.14157536545915,12,0.06506258
166,3.14157536545915,13,0.06524774
166,3.14157536545915,14,0.0652523
166,3.14157536545915,15,0.06535894
167,3.15134128849147,0,0.06529889
167,3.15134128849147,1,0.06550594
167,3.15134128849147,2,0.06528343
167,3.15134128849147,3,0.06523956
167,3.15134128849147,4,0.06490806
167,3.15134128849147,5,0.06511183
167,3.15134128849147,6,0.06510453
167,3.15134128849147,7,0.06518289
167,3.15134128849147,8,0.0651774
167,3.15134128849147,9,0.06522617
167,3.15134128849147,10,0.0654348
167,3.15134128849147,11,0.06517497
167,3.15134128849147,12,0.06507185
167,3.15134128849147,13,0.06532232
167,3.15134128849147,14,0.06544495
167,3.15134128849147,15,0.06565254
168,3.16110721152379,0,0.06545199
168,3.16110721152379,1,0.06565103
168,3.16110721152379,2,0.06540868
168,3.16110721152379,3,0.0653782
168,3.16110721152379,4,0.06529211
168,3.16110721152379,5,0.0652824
168,3.16110721152379,6,0.06540039
168,3.16110721152379,7,0.06526399
168,3.16110721152379,8,0.06547793
168,3.16110721152379,9,0.06541204
168,3.16110721152379,10,0.0652751
168,3.16110721152379,11,0.0654418
168,3.16110721152379,12,0.06515536
168,3.16110721152379,13,0.06534697
168,3.16110721152379,14,0.06524789
168,3.16110721152379,15,0.0654513
169,3.17148350474563,0,0.06517581
169,3.17148350474563,1,0.06518083
169,3.17148350474563,2,0.06492519
169,3.17148350474563,3,0.06504538
169,3.17148350474563,4,0.06508075
169,3.17148350474563,5,0.0650887
169,3.17148350474563,6,0.06497936
169,3.17148350474563,7,0.06510165
169,3.17148350474563,8,0.06530682
169,3.17148350474563,9,0.06502335
169,3.17148350474563,10,0.06519376
169,3.17148350474563,11,0.06538872
169,3.17148350474563,12,0.06510606
169,3.17148350474563,13,0.06515857
169,3.17148350474563,14,0.06536639
169,3.17148350474563,15,0.06520203
170,3.18063905758843,0,0.06523008
170,3.18063905758843,1,0.0652406
170,3.18063905758843,2,0.06528411
170,3.18063905758843,3,0.0650121
170,3.18063905758843,4,0.0652832
170,3.18063905758843,5,0.06523801
170,3.18063905758843,6,0.0652009
170,3.18063905758843,7,0.06513833
170,3.18063905758843,8,0.06530684
170,3.18063905758843,9,0.06524681
170,3.18063905758843,10,0.0651527
170,3.18063905758843,11,0.0649946
170,3.18063905758843,12,0.06519397
170,3.18063905758843,13,0.06496058
170,3.18063905758843,14,0.06524768
170,3.18063905758843,15,0.06517088
171,3.19101535081027,0,0.06509712
171,3.19101535081027,1,0.065052
171,3.19101535081027,2,0.06497049
171,3.19101535081027,3,0.06518099
171,3.19101535081027,4,0.06516984
171,3.19101535081027,5,0.06522258
171,3.19101535081027,6,0.06525573
171,3.19101535081027,7,0.06523626
171,3.19101535081027,8,0.06520221
171,3.19101535081027,9,0.06500964
171,3.19101535081027,10,0.06531394
171,3.19101535081027,11,0.06507888
171,3.19101535081027,12,0.06498932
171,3.19101535081027,13,0.0651026
171,3.19101535081027,14,0.06515412
171,3.19101535081027,15,0.06515555
172,3.20078127384259,0,0.06518067
172,3.20078127384259,1,0.0648567
172,3.20078127384259,2,0.06499019
172,3.20078127384259,3,0.06522265
172,3.20078127384259,4,0.06519354
172,3.20078127384259,5,0.06512673
172,3.20078127384259,6,0.06508674
172,3.20078127384259,7,0.06529569
172,3.20078127384259,8,0.06533492
172,3.20078127384259,9,0.06523664
172,3.20078127384259,10,0.06503455
172,3.20078127384259,11,0.06532741
172,3.20078127384259,12,0.06520931
172,3.20078127384259,13,0.06524263
172,3.20078127384259,14,0.06525409
172,3.20078127384259,15,0.06538051
173,3.2105471968749,0,0.06523704
173,3.2105471968749,1,0.06551789
173,3.2105471968749,2,0.06551106
173,3.2105471968749,3,0.06525015
173,3.2105471968749,4,0.06521691
173,3.2105471968749,5,0.06538904
173,3.2105471968749,6,0.06540408
173,3.2105471968749,7,0.0653827
173,3.2105471968749,8,0.06505572
173,3.2105471968749,9,0.06510633
173,3.2105471968749,10,0.06502764
173,3.2105471968749,11,0.06533138
173,3.2105471968749,12,0.06505703
173,3.2105471968749,13,0.06519633
173,3.2105471968749,14,0.06501023
173,3.2105471968749,15,0.06518071
174,3.22092349009674,0,0.06517006
174,3.22092349009674,1,0.06531086
174,3.22092349009674,2,0.064889
174,3.22092349009674,3,0.06497961
174,3.22092349009674,4,0.06507517
174,3.22092349009674,5,0.06537215
174,3.22092349009674,6,0.06516248
174,3.22092349009674,7,0.06517094
174,3.22092349009674,8,0.06548908
174,3.22092349009674,9,0.06520207
174,3.22092349009674,10,0.06517459
174,3.22092349009674,11,0.06511241
174,3.22092349009674,12,0.06517837
174,3.22092349009674,13,0.06521906
174,3.22092349009674,14,0.06520697
174,3.22092349009674,15,0.06533621
175,3.23068941312906,0,0.06506161
175,3.23068941312906,1,0.06513534
175,3.23068941312906,2,0.06543225
175,3.23068941312906,3,0.06533567
175,3.23068941312906,4,0.06532335
175,3.23068941312906,5,0.06516725
175,3.23068941312906,6,0.0652621
175,3.23068941312906,7,0.06512916
175,3.23068941312906,8,0.06536781
175,3.23068941312906,9,0.0653678
175,3.23068941312906,10,0.06522513
175,3.23068941312906,11,0.06545693
175,3.23068941312906,12,0.06520436
175,3.23068941312906,13,0.06544969
175,3.23068941312906,14,0.06521855
175,3.23068941312906,15,0.06560285
176,3.23984496597186,0,0.06570522
176,3.23984496597186,1,0.06568579
176,3.23984496597186,2,0.06568749
176,3.23984496597186,3,0.06537917
176,3.23984496597186,4,0.06565147
176,3.23984496597186,5,0.06579788
176,3.23984496597186,6,0.06543323
176,3.23984496597186,7,0.06575426
176,3.23984496597186,8,0.06547326
176,3.23984496597186,9,0.06561371
176,3.23984496597186,10,0.06542744
176,3.23984496597186,11,0.06569764
176,3.23984496597186,12,0.0655804
176,3.23984496597186,13,0.06567661
176,3.23984496597186,14,0.06599503
176,3.23984496597186,15,0.06556655
177,3.25144199957274,0,0.06563221
177,3.25144199957274,1,0.06548732
177,3.25144199957274,2,0.0654158
177,3.25144199957274,3,0.06576847
177,3.25144199957274,4,0.06563773
177,3.25144199957274,5,0.06563058
177,3.25144199957274,6,0.0655824
177,3.25144199957274,7,0.06534348
177,3.25144199957274,8,0.06524132
177,3.25144199957274,9,0.06550767
177,3.25144199957274,10,0.06561714
177,3.25144199957274,11,0.06556886
177,3.25144199957274,12,0.0656065
177,3.25144199957274,13,0.06531299
177,3.25144199957274,14,0.06548538
177,3.25144199957274,15,0.06567766
178,3.26059755241554,0,0.06552087
178,3.26059755241554,1,0.06564053
178,3.26059755241554,2,0.0655776
178,3.26059755241554,3,0.06549002
178,3.26059755241554,4,0.06551018
178,3.26059755241554,5,0.06583992
178,3.26059755241554,6,0.06536471
178,3.26059755241554,7,0.0652944
178,3.26059755241554,8,0.06528173
178,3.26059755241554,9,0.06565215
178,3.26059755241554,10,0.06554681
178,3.26059755241554,11,0.06562255
178,3.26059755241554,12,0.06552022
178,3.26059755241554,13,0.06556204
178,3.26059755241554,14,0.06537896
178,3.26059755241554,15,0.06563436
179,3.27097384563738,0,0.06587438
179,3.27097384563738,1,0.06582785
179,3.27097384563738,2,0.06572604
179,3.27097384563738,3,0.06559377
179,3.27097384563738,4,0.06555092
179,3.27097384563738,5,0.06562378
179,3.27097384563738,6,0.06565817
179,3.27097384563738,7,0.06579849
179,3.27097384563738,8,0.06580096
179,3.27097384563738,9,0.06564542
179,3.27097384563738,10,0.06562404
179,3.27097384563738,11,0.06568486
179,3.27097384563738,12,0.06573866
179,3.27097384563738,13,0.06557953
179,3.27097384563738,14,0.06544726
179,3.27097384563738,15,0.06557053
180,3.2807397686697,0,0.06542219
180,3.2807397686697,1,0.06554424
180,3.2807397686697,2,0.0653504
180,3.2807397686697,3,0.06589656
180,3.2807397686697,4,0.0659398
180,3.2807397686697,5,0.06568815
180,3.2807397686697,6,0.06599588
180,3.2807397686697,7,0.06585369
180,3.2807397686697,8,0.06561386
180,3.2807397686697,9,0.06558064
180,3.2807397686697,10,0.06571613
180,3.2807397686697,11,0.06570888
180,3.2807397686697,12,0.06570993
180,3.2807397686697,13,0.06561783
180,3.2807397686697,14,0.06553955
180,3.2807397686697,15,0.06571053
181,3.29050569170202,0,0.06563973
181,3.29050569170202,1,0.06586958
181,3.29050569170202,2,0.06575246
181,3.29050569170202,3,0.06585087
181,3.29050569170202,4,0.06574471
181,3.29050569170202,5,0.065511
181,3.29050569170202,6,0.06554818
181,3.29050569170202,7,0.06591441
181,3.29050569170202,8,0.0656088
181,3.29050569170202,9,0.06560871
181,3.29050569170202,10,0.06578153
181,3.29050569170202,11,0.06571189
181,3.29050569170202,12,0.06584693
181,3.29050569170202,13,0.06560911
181,3.29050569170202,14,0.06562767
181,3.29050569170202,15,0.06552071
182,3.30027161473434,0,0.06595076
182,3.30027161473434,1,0.06595426
182,3.30027161473434,2,0.06559279
182,3.30027161473434,3,0.06579802
182,3.30027161473434,4,0.06584571
182,3.30027161473434,5,0.06581198
182,3.30027161473434,6,0.0657542
182,3.30027161473434,7,0.06589104
182,3.30027161473434,8,0.06573445
182,3.30027161473434,9,0.06585943
182,3.30027161473434,10,0.06562397
182,3.30027161473434,11,0.06556903
182,3.30027161473434,12,0.06581008
182,3.30027161473434,13,0.06587215
182,3.30027161473434,14,0.06547623
182,3.30027161473434,15,0.06569549
183,3.31064790795618,0,0.06566748
183,3.31064790795618,1,0.0654925
183,3.31064790795618,2,0.06569847
183,3.31064790795618,3,0.06537549
183,3.31064790795618,4,0.06541708
183,3.31064790795618,5,0.06574177
183,3.31064790795618,6,0.06565065
183,3.31064790795618,7,0.06562167
183,3.31064790795618,8,0.06571464
183,3.31064790795618,9,0.06594387
183,3.31064790795618,10,0.06611183
183,3.31064790795618,11,0.06567276
183,3.31064790795618,12,0.06573334
183,3.31064790795618,13,0.06572811
183,3.31064790795618,14,0.06620809
183,3.31064790795618,15,0.06590602
184,3.32102420117801,0,0.06598498
184,3.32102420117801,1,0.06588261
184,3.32102420117801,2,0.06581828
184,3.32102420117801,3,0.06549854
184,3.32102420117801,4,0.06574191
184,3.32102420117801,5,0.06573188
184,3.32102420117801,6,0.06598336
184,3.32102420117801,7,0.06588955
184,3.32102420117801,8,0.06587284
184,3.32102420117801,9,0.06578466
184,3.32102420117801,10,0.06597099
184,3.32102420117801,11,0.0658644
184,3.32102420117801,12,0.06585869
184,3.32102420117801,13,0.06583329
184,3.32102420117801,14,0.06568594
184,3.32102420117801,15,0.06584055
185,3.33017975402081,0,0.06589961
185,3.33017975402081,1,0.06581598
185,3.33017975402081,2,0.06553005
185,3.33017975402081,3,0.06563041
185,3.33017975402081,4,0.06560393
185,3.33017975402081,5,0.06559989
185,3.33017975402081,6,0.06550983
185,3.33017975402081,7,0.06556195
185,3.33017975402081,8,0.06567924
185,3.33017975402081,9,0.06544341
185,3.33017975402081,10,0.06576007
185,3.33017975402081,11,0.065377
185,3.33017975402081,12,0.06574266
185,3.33017975402081,13,0.0655895
185,3.33017975402081,14,0.06567073
185,3.33017975402081,15,0.06534684
186,3.34116641743217,0,0.06589716
186,3.34116641743217,1,0.0655928
186,3.34116641743217,2,0.06575501
186,3.34116641743217,3,0.0658153
186,3.34116641743217,4,0.06586462
186,3.34116641743217,5,0.06579584
186,3.34116641743217,6,0.06562653
186,3.34116641743217,7,0.06557748
186,3.34116641743217,8,0.06552576
186,3.34116641743217,9,0.06583933
186,3.34116641743217,10,0.06570359
186,3.34116641743217,11,0.06571423
186,3.34116641743217,12,0.06558222
186,3.34116641743217,13,0.06570014
186,3.34116641743217,14,0.06586234
186,3.34116641743217,15,0.0657105
187,3.35093234046449,0,0.06574121
187,3.35093234046449,1,0.06581698
187,3.35093234046449,2,0.06560963
187,3.35093234046449,3,0.0657854
187,3.35093234046449,4,0.06592833
187,3.35093234046449,5,0.06549735
187,3.35093234046449,6,0.06570341
187,3.35093234046449,7,0.06567706
187,3.35093234046449,8,0.06541103
187,3.35093234046449,9,0.06601714
187,3.35093234046449,10,0.06561285
187,3.35093234046449,11,0.06554167
187,3.35093234046449,12,0.06574637
187,3.35093234046449,13,0.0656574
187,3.35093234046449,14,0.06554303
187,3.35093234046449,15,0.0657505
188,3.36008789330729,0,0.06598611
188,3.36008789330729,1,0.06588908
188,3.36008789330729,2,0.06573943
188,3.36008789330729,3,0.06543424
188,3.36008789330729,4,0.06569855
188,3.36008789330729,5,0.0658275
188,3.36008789330729,6,0.06535705
188,3.36008789330729,7,0.06565569
188,3.36008789330729,8,0.06568458
188,3.36008789330729,9,0.06545982
188,3.36008789330729,10,0.06583273
188,3.36008789330729,11,0.06566549
188,3.36008789330729,12,0.06569593
188,3.36008789330729,13,0.06551698
188,3.36008789330729,14,0.0653704
188,3.36008789330729,15,0.06550509
189,3.37046418652913,0,0.06535806
189,3.37046418652913,1,0.06530526
189,3.37046418652913,2,0.06558254
189,3.37046418652913,3,0.0656103
189,3.37046418652913,4,0.06541472
189,3.37046418652913,5,0.06538058
189,3.37046418652913,6,0.06537999
189,3.37046418652913,7,0.06579173
189,3.37046418652913,8,0.06542479
189,3.37046418652913,9,0.0654319
189,3.37046418652913,10,0.065809
189,3.37046418652913,11,0.06561621
189,3.37046418652913,12,0.06557464
189,3.37046418652913,13,0.06527622
189,3.37046418652913,14,0.06537383
189,3.37046418652913,15,0.06542116
190,3.38145084994049,0,0.06575385
190,3.38145084994049,1,0.06560779
190,3.38145084994049,2,0.06554145
190,3.38145084994049,3,0.06579719
190,3.38145084994049,4,0.06553467
190,3.38145084994049,5,0.06585981
190,3.38145084994049,6,0.06568486
190,3.38145084994049,7,0.065626
190,3.38145084994049,8,0.06547039
190,3.38145084994049,9,0.06550654
190,3.38145084994049,10,0.06573019
190,3.38145084994049,11,0.06534386
190,3.38145084994049,12,0.06563646
190,3.38145084994049,13,0.06560813
190,3.38145084994049,14,0.06563198
190,3.38145084994049,15,0.06560507
191,3.38999603259377,0,0.06560106
191,3.38999603259377,1,0.06565756
191,3.38999603259377,2,0.065617
191,3.38999603259377,3,0.0657374
191,3.38999603259377,4,0.06544772
191,3.38999603259377,5,0.06582225
191,3.38999603259377,6,0.06544756
191,3.38999603259377,7,0.06566827
191,3.38999603259377,8,0.06574778
191,3.38999603259377,9,0.06560382
191,3.38999603259377,10,0.06554249
191,3.38999603259377,11,0.06577431
191,3.38999603259377,12,0.06580708
191,3.38999603259377,13,0.06584299
191,3.38999603259377,14,0.06551206
191,3.38999603259377,15,0.06571326
192,3.40098269600513,0,0.065848
192,3.40098269600513,1,0.06554686
192,3.40098269600513,2,0.06569298
192,3.40098269600513,3,0.06549723
192,3.40098269600513,4,0.06563937
192,3.40098269600513,5,0.06548701
192,3.40098269600513,6,0.06544211
192,3.40098269600513,7,0.06542537
192,3.40098269600513,8,0.06550101
192,3.40098269600513,9,0.06577539
192,3.40098269600513,10,0.06556401
192,3.40098269600513,11,0.06576018
192,3.40098269600513,12,0.06567345
192,3.40098269600513,13,0.06568503
192,3.40098269600513,14,0.06560534
192,3.40098269600513,15,0.06579854
193,3.41013824884793,0,0.06564448
193,3.41013824884793,1,0.06563022
193,3.41013824884793,2,0.06553063
193,3.41013824884793,3,0.06562699
193,3.41013824884793,4,0.06562728
193,3.41013824884793,5,0.06553932
193,3.41013824884793,6,0.06550923
193,3.41013824884793,7,0.06556964
193,3.41013824884793,8,0.06592262
193,3.41013824884793,9,0.06591982
193,3.41013824884793,10,0.0655971
193,3.41013824884793,11,0.06558258
193,3.41013824884793,12,0.06551359
193,3.41013824884793,13,0.06571782
193,3.41013824884793,14,0.06565017
193,3.41013824884793,15,0.06563086
194,3.41990417188025,0,0.06538294
194,3.41990417188025,1,0.06603634
194,3.41990417188025,2,0.06577911
194,3.41990417188025,3,0.06565119
194,3.41990417188025,4,0.06566375
194,3.41990417188025,5,0.06588411
194,3.41990417188025,6,0.06570555
194,3.41990417188025,7,0.0656168
194,3.41990417188025,8,0.06567283
194,3.41990417188025,9,0.06588752
194,3.41990417188025,10,0.0660008
194,3.41990417188025,11,0.06578329
194,3.41990417188025,12,0.06598831
194,3.41990417188025,13,0.06593148
194,3.41990417188025,14,0.06564035
194,3.41990417188025,15,0.06557124
195,3.43028046510208,0,0.06560006
195,3.43028046510208,1,0.0656765
195,3.43028046510208,2,0.06541941
195,3.43028046510208,3,0.06555297
195,3.43028046510208,4,0.06553318
195,3.43028046510208,5,0.0652241
195,3.43028046510208,6,0.06546757
195,3.43028046510208,7,0.06573391
195,3.43028046510208,8,0.06577028
195,3.43028046510208,9,0.0653837
195,3.43028046510208,10,0.06559178
195,3.43028046510208,11,0.06554595
195,3.43028046510208,12,0.06567056
195,3.43028046510208,13,0.06554201
195,3.43028046510208,14,0.06548066
195,3.43028046510208,15,0.06555682
196,3.44065675832392,0,0.06565838
196,3.44065675832392,1,0.06565462
196,3.44065675832392,2,0.06568773
196,3.44065675832392,3,0.06571096
196,3.44065675832392,4,0.06575991
196,3.44065675832392,5,0.06554683
196,3.44065675832392,6,0.06580596
196,3.44065675832392,7,0.06579429
196,3.44065675832392,8,0.06571788
196,3.44065675832392,9,0.0656862
196,3.44065675832392,10,0.06564564
196,3.44065675832392,11,0.06544184
196,3.44065675832392,12,0.06569722
196,3.44065675832392,13,0.06565701
196,3.44065675832392,14,0.06530537
196,3.44065675832392,15,0.06561022
197,3.45103305154576,0,0.06623003
197,3.45103305154576,1,0.06605648
197,3.45103305154576,2,0.06588914
197,3.45103305154576,3,0.06575406
197,3.45103305154576,4,0.06547611
197,3.45103305154576,5,0.06571723
197,3.45103305154576,6,0.0654864
197,3.45103305154576,7,0.06565803
197,3.45103305154576,8,0.06561216
197,3.45103305154576,9,0.06585512
197,3.45103305154576,10,0.0654734
197,3.45103305154576,11,0.06554151
197,3.45103305154576,12,0.06528337
197,3.45103305154576,13,0.06527669
197,3.45103305154576,14,0.0654007
197,3.45103305154576,15,0.06531595
198,3.46018860438856,0,0.06572196
198,3.46018860438856,1,0.06558777
198,3.46018860438856,2,0.06545821
198,3.46018860438856,3,0.06551131
198,3.46018860438856,4,0.06570691
198,3.46018860438856,5,0.06570912
198,3.46018860438856,6,0.0655757
198,3.46018860438856,7,0.06563538
198,3.46018860438856,8,0.06545036
198,3.46018860438856,9,0.06547956
198,3.46018860438856,10,0.06547723
198,3.46018860438856,11,0.06540681
198,3.46018860438856,12,0.06556637
198,3.46018860438856,13,0.06570877
198,3.46018860438856,14,0.06546357
198,3.46018860438856,15,0.06547251
199,3.4705648976104,0,0.06564812
199,3.4705648976104,1,0.06549462
199,3.4705648976104,2,0.06555124
199,3.4705648976104,3,0.0653068
199,3.4705648976104,4,0.06528087
199,3.4705648976104,5,0.065273
199,3.4705648976104,6,0.06502377
199,3.4705648976104,7,0.06514932
199,3.4705648976104,8,0.06511909
199,3.4705648976104,9,0.06551406
199,3.4705648976104,10,0.06534979
199,3.4705648976104,11,0.06568522
199,3.4705648976104,12,0.06529529
199,3.4705648976104,13,0.06554098
199,3.4705648976104,14,0.06560946
199,3.4705648976104,15,0.0656129
200,3.48094119083224,0,0.06549753
200,3.48094119083224,1,0.06574152
200,3.48094119083224,2,0.06569149
200,3.48094119083224,3,0.0657232
200,3.48094119083224,4,0.06584878
200,3.48094119083224,5,0.06566539
200,3.48094119083224,6,0.06570987
200,3.48094119083224,7,0.06563915
200,3.48094119083224,8,0.06554662
200,3.48094119083224,9,0.06547838
200,3.48094119083224,10,0.06533723
200,3.48094119083224,11,0.06524725
200,3.48094119083224,12,0.06538333
200,3.48094119083224,13,0.06542098
200,3.48094119083224,14,0.06526371
200,3.48094119083224,15,0.0655295
