pos_index,position,sample_index,voltage
0,-0.0097659230323191,0,0.07016907
0,-0.0097659230323191,1,0.06986275
0,-0.0097659230323191,2,0.07027581
0,-0.0097659230323191,3,0.0703023
0,-0.0097659230323191,4,0.07011974
0,-0.0097659230323191,5,0.07008913
0,-0.0097659230323191,6,0.06999469
0,-0.0097659230323191,7,0.07022613
0,-0.0097659230323191,8,0.06997772
0,-0.0097659230323191,9,0.07010975
0,-0.0097659230323191,10,0.07013544
0,-0.0097659230323191,11,0.07007261
1,-0.0097659230323191,0,0.07030155
1,-0.0097659230323191,1,0.07018783
1,-0.0097659230323191,2,0.0702614
1,-0.0097659230323191,3,0.07038801
1,-0.0097659230323191,4,0.07035866
1,-0.0097659230323191,5,0.07046364
1,-0.0097659230323191,6,0.07040201
1,-0.0097659230323191,7,0.07007734
1,-0.0097659230323191,8,0.07037858
1,-0.0097659230323191,9,0.07007734
1,-0.0097659230323191,10,0.0703015
1,-0.0097659230323191,11,0.0704416
1,-0.0097659230323191,12,0.07024996
1,-0.0097659230323191,13,0.07039805
1,-0.0097659230323191,14,0.07030024
1,-0.0097659230323191,15,0.07013921
2,0.0,0,0.07038194
2,0.0,1,0.07022
2,0.0,2,0.06992925
2,0.0,3,0.07002685
2,0.0,4,0.06999689
2,0.0,5,0.0702477
2,0.0,6,0.07040005
2,0.0,7,0.07024033
2,0.0,8,0.06983446
2,0.0,9,0.07021574
2,0.0,10,0.07030807
2,0.0,11,0.07020916
2,0.0,12,0.07030707
2,0.0,13,0.07025548
2,0.0,14,0.07031299
2,0.0,15,0.07034802
3,0.010376293221839,0,0.06990892
3,0.010376293221839,1,0.0698339
3,0.010376293221839,2,0.06999775
3,0.010376293221839,3,0.06993672
3,0.010376293221839,4,0.07001265
3,0.010376293221839,5,0.06998806
3,0.010376293221839,6,0.07022452
3,0.010376293221839,7,0.07028193
3,0.010376293221839,8,0.07003533
3,0.010376293221839,9,0.07003784
3,0.010376293221839,10,0.07019712
3,0.010376293221839,11,0.06997772
3,0.010376293221839,12,0.07014744
3,0.010376293221839,13,0.07024439
3,0.010376293221839,14,0.07033351
3,0.010376293221839,15,0.07003734
4,0.0207525864436781,0,0.0697529
4,0.0207525864436781,1,0.06986482
4,0.0207525864436781,2,0.06990054
4,0.0207525864436781,3,0.06977579
4,0.0207525864436781,4,0.06967783
4,0.0207525864436781,5,0.06968706
4,0.0207525864436781,6,0.06971868
4,0.0207525864436781,7,0.06983836
4,0.0207525864436781,8,0.06953059
4,0.0207525864436781,9,0.06975577
4,0.0207525864436781,10,0.06989341
4,0.0207525864436781,11,0.0697742
4,0.0207525864436781,12,0.06987038
4,0.0207525864436781,13,0.06979652
4,0.0207525864436781,14,0.06977488
4,0.0207525864436781,15,0.06970019
5,0.0299081392864772,0,0.06974693
5,0.0299081392864772,1,0.06981755
5,0.0299081392864772,2,0.06959679
5,0.0299081392864772,3,0.06958547
5,0.0299081392864772,4,0.06983786
5,0.0299081392864772,5,0.06990787
5,0.0299081392864772,6,0.07005039
5,0.0299081392864772,7,0.06998179
5,0.0299081392864772,8,0.06977393
5,0.0299081392864772,9,0.06972486
5,0.0299081392864772,10,0.06957858
5,0.0299081392864772,11,0.06968223
5,0.0299081392864772,12,0.0696193
5,0.0299081392864772,13,0.06974771
5,0.0299081392864772,14,0.06982768
5,0.0299081392864772,15,0.07006142
6,0.0402844325083163,0,0.0697111
6,0.0402844325083163,1,0.06987987
6,0.0402844325083163,2,0.06978181
6,0.0402844325083163,3,0.06981126
6,0.0402844325083163,4,0.06985247
6,0.0402844325083163,5,0.07006047
6,0.0402844325083163,6,0.07011568
6,0.0402844325083163,7,0.06993862
6,0.0402844325083163,8,0.06989542
6,0.0402844325083163,9,0.06989708
6,0.0402844325083163,10,0.06980932
6,0.0402844325083163,11,0.06969055
6,0.0402844325083163,12,0.06999363
6,0.0402844325083163,13,0.07013108
6,0.0402844325083163,14,0.06997732
6,0.0402844325083163,15,0.07010248
7,0.0506607257301553,0,0.06962712
7,0.0506607257301553,1,0.06992543
7,0.0506607257301553,2,0.06970834
7,0.0506607257301553,3,0.06984473
7,0.0506607257301553,4,0.06984956
7,0.0506607257301553,5,0.07002249
7,0.0506607257301553,6,0.06982698
7,0.0506607257301553,7,0.06996116
7,0.0506607257301553,8,0.06986908
7,0.0506607257301553,9,0.07017459
7,0.0506607257301553,10,0.06983491
7,0.0506607257301553,11,0.06983159
7,0.0506607257301553,12,0.06975943
7,0.0506607257301553,13,0.06989593
7,0.0506607257301553,14,0.06992926
7,0.0506607257301553,15,0.06999358
8,0.0598162785729545,0,0.06996216
8,0.0598162785729545,1,0.06988443
8,0.0598162785729545,2,0.06974608
8,0.0598162785729545,3,0.06961044
8,0.0598162785729545,4,0.07003409
8,0.0598162785729545,5,0.07033723
8,0.0598162785729545,6,0.07018483
8,0.0598162785729545,7,0.06990802
8,0.0598162785729545,8,0.06984881
8,0.0598162785729545,9,0.0699947
8,0.0598162785729545,10,0.06972786
8,0.0598162785729545,11,0.0696573
8,0.0598162785729545,12,0.0700112
8,0.0598162785729545,13,0.07034827
8,0.0598162785729545,14,0.06969158
8,0.0598162785729545,15,0.0696661
9,0.0701925717947936,0,0.07000252
9,0.0701925717947936,1,0.07031264
9,0.0701925717947936,2,0.07027651
9,0.0701925717947936,3,0.07006017
9,0.0701925717947936,4,0.07016817
9,0.0701925717947936,5,0.06990888
9,0.0701925717947936,6,0.06990094
9,0.0701925717947936,7,0.07004015
9,0.0701925717947936,8,0.06982346
9,0.0701925717947936,9,0.06986988
9,0.0701925717947936,10,0.069801
9,0.0701925717947936,11,0.06988499
9,0.0701925717947936,12,0.07017007
9,0.0701925717947936,13,0.06998676
9,0.0701925717947936,14,0.06989568
9,0.0701925717947936,15,0.07007543
10,0.0805688650166326,0,0.07004813
10,0.0805688650166326,1,0.07026983
10,0.0805688650166326,2,0.06992663
10,0.0805688650166326,3,0.0700522
10,0.0805688650166326,4,0.06961651
10,0.0805688650166326,5,0.06995333
10,0.0805688650166326,6,0.06972972
10,0.0805688650166326,7,0.06986392
10,0.0805688650166326,8,0.06982617
10,0.0805688650166326,9,0.06984389
10,0.0805688650166326,10,0.07016571
10,0.0805688650166326,11,0.07030737
10,0.0805688650166326,12,0.07001019
10,0.0805688650166326,13,0.06978548
10,0.0805688650166326,14,0.07036107
10,0.0805688650166326,15,0.07012761
11,0.0897244178594318,0,0.07017428
11,0.0897244178594318,1,0.07004777
11,0.0897244178594318,2,0.07023365
11,0.0897244178594318,3,0.07011136
11,0.0897244178594318,4,0.07027746
11,0.0897244178594318,5,0.0701912
11,0.0897244178594318,6,0.07014006
11,0.0897244178594318,7,0.06996784
11,0.0897244178594318,8,0.0701494
11,0.0897244178594318,9,0.07003041
11,0.0897244178594318,10,0.06998936
11,0.0897244178594318,11,0.07000814
11,0.0897244178594318,12,0.07000296
11,0.0897244178594318,13,0.07036653
11,0.0897244178594318,14,0.07031299
11,0.0897244178594318,15,0.0701789
12,0.100711081270791,0,0.07001586
12,0.100711081270791,1,0.07031655
12,0.100711081270791,2,0.07021599
12,0.100711081270791,3,0.07018076
12,0.100711081270791,4,0.07019266
12,0.100711081270791,5,0.07032835
12,0.100711081270791,6,0.07001451
12,0.100711081270791,7,0.07021167
12,0.100711081270791,8,0.07018738
12,0.100711081270791,9,0.07006885
12,0.100711081270791,10,0.07036598
12,0.100711081270791,11,0.07017966
12,0.100711081270791,12,0.07012847
12,0.100711081270791,13,0.07040633
12,0.100711081270791,14,0.07035013
12,0.100711081270791,15,0.07042585
13,0.10986663411359,0,0.07009926
13,0.10986663411359,1,0.07009545
13,0.10986663411359,2,0.07022587
13,0.10986663411359,3,0.07033999
13,0.10986663411359,4,0.07024183
13,0.10986663411359,5,0.07008822
13,0.10986663411359,6,0.07052085
13,0.10986663411359,7,0.07017248
13,0.10986663411359,8,0.07017057
13,0.10986663411359,9,0.07031816
13,0.10986663411359,10,0.07033617
13,0.10986663411359,11,0.07022693
13,0.10986663411359,12,0.06991937
13,0.10986663411359,13,0.06991769
13,0.10986663411359,14,0.0702203
13,0.10986663411359,15,0.07032458
14,0.119632557145909,0,0.07027264
14,0.119632557145909,1,0.07001737
14,0.119632557145909,2,0.06990235
14,0.119632557145909,3,0.06983179
14,0.119632557145909,4,0.07002133
14,0.119632557145909,5,0.07014538
14,0.119632557145909,6,0.07024384
14,0.119632557145909,7,0.07026145
14,0.119632557145909,8,0.07011923
14,0.119632557145909,9,0.07028399
14,0.119632557145909,10,0.06997532
14,0.119632557145909,11,0.07034013
14,0.119632557145909,12,0.07048862
14,0.119632557145909,13,0.07032799
14,0.119632557145909,14,0.07015818
14,0.119632557145909,15,0.07032272
15,0.130619220557268,0,0.07051668
15,0.130619220557268,1,0.07056044
15,0.130619220557268,2,0.07045817
15,0.130619220557268,3,0.07031118
15,0.130619220557268,4,0.07039087
15,0.130619220557268,5,0.07025629
15,0.130619220557268,6,0.07004251
15,0.130619220557268,7,0.06976084
15,0.130619220557268,8,0.07001752
15,0.130619220557268,9,0.07009044
15,0.130619220557268,10,0.07006369
15,0.130619220557268,11,0.07004406
15,0.130619220557268,12,0.06961757
15,0.130619220557268,13,0.06986446
15,0.130619220557268,14,0.0701775
15,0.130619220557268,15,0.06986657
16,0.140385143589587,0,0.07013258
16,0.140385143589587,1,0.07020796
16,0.140385143589587,2,0.07024389
16,0.140385143589587,3,0.07021077
16,0.140385143589587,4,0.07054102
16,0.140385143589587,5,0.07048717
16,0.140385143589587,6,0.07043011
16,0.140385143589587,7,0.07025879
16,0.140385143589587,8,0.07014915
16,0.140385143589587,9,0.06996277
16,0.140385143589587,10,0.07016972
16,0.140385143589587,11,0.07011095
16,0.140385143589587,12,0.07021995
16,0.140385143589587,13,0.07018503
16,0.140385143589587,14,0.07021985
16,0.140385143589587,15,0.07017098
17,0.150151066621906,0,0.07051372
17,0.150151066621906,1,0.0703305
17,0.150151066621906,2,0.07030582
17,0.150151066621906,3,0.0701931
17,0.150151066621906,4,0.07052631
17,0.150151066621906,5,0.07045681
17,0.150151066621906,6,0.07009756
17,0.150151066621906,7,0.07015496
17,0.150151066621906,8,0.07032408
17,0.150151066621906,9,0.07018101
17,0.150151066621906,10,0.07052827
17,0.150151066621906,11,0.07055245
17,0.150151066621906,12,0.07046534
17,0.150151066621906,13,0.07056927
17,0.150151066621906,14,0.07084731
17,0.150151066621906,15,0.07068946
18,0.159916989654225,0,0.07046494
18,0.159916989654225,1,0.07030351
18,0.159916989654225,2,0.07040959
18,0.159916989654225,3,0.07037005
18,0.159916989654225,4,0.07013018
18,0.159916989654225,5,0.07035249
18,0.159916989654225,6,0.07020479
18,0.159916989654225,7,0.07020399
18,0.159916989654225,8,0.07061734
18,0.159916989654225,9,0.07043744
18,0.159916989654225,10,0.07063834
18,0.159916989654225,11,0.07070179
18,0.159916989654225,12,0.07061865
18,0.159916989654225,13,0.07057107
18,0.159916989654225,14,0.07050494
18,0.159916989654225,15,0.07062703
19,0.170293282876064,0,0.07036363
19,0.170293282876064,1,0.07054899
19,0.170293282876064,2,0.07056817
19,0.170293282876064,3,0.07055999
19,0.170293282876064,4,0.07022106
19,0.170293282876064,5,0.07021308
19,0.170293282876064,6,0.07055543
19,0.170293282876064,7,0.07014779
19,0.170293282876064,8,0.06998405
19,0.170293282876064,9,0.07000924
19,0.170293282876064,10,0.07004727
19,0.170293282876064,11,0.06987847
19,0.170293282876064,12,0.07032438
19,0.170293282876064,13,0.07050193
19,0.170293282876064,14,0.07007192
19,0.170293282876064,15,0.07019752
20,0.180059205908383,0,0.07004577
20,0.180059205908383,1,0.0699001
20,0.180059205908383,2,0.06988755
20,0.180059205908383,3,0.06994274
20,0.180059205908383,4,0.07004647
20,0.180059205908383,5,0.0701085
20,0.180059205908383,6,0.06992724
20,0.180059205908383,7,0.06994837
20,0.180059205908383,8,0.07001401
20,0.180059205908383,9,0.07018884
20,0.180059205908383,10,0.07033462
20,0.180059205908383,11,0.06991891
20,0.180059205908383,12,0.07022301
20,0.180059205908383,13,0.06993031
20,0.180059205908383,14,0.07014658
20,0.180059205908383,15,0.07019491
21,0.189825128940703,0,0.06993929
21,0.189825128940703,1,0.06977549
21,0.189825128940703,2,0.06979054
21,0.189825128940703,3,0.06986402
21,0.189825128940703,4,0.07006348
21,0.189825128940703,5,0.07009676
21,0.189825128940703,6,0.070124
21,0.189825128940703,7,0.06994359
21,0.189825128940703,8,0.07010514
21,0.189825128940703,9,0.0700803
21,0.189825128940703,10,0.07015396
21,0.189825128940703,11,0.07017363
21,0.189825128940703,12,0.07026014
21,0.189825128940703,13,0.07024921
21,0.189825128940703,14,0.07024439
21,0.189825128940703,15,0.07021855
22,0.199591051973022,0,0.07001857
22,0.199591051973022,1,0.07012641
22,0.199591051973022,2,0.07004642
22,0.199591051973022,3,0.07005475
22,0.199591051973022,4,0.06984354
22,0.199591051973022,5,0.06995916
22,0.199591051973022,6,0.07015993
22,0.199591051973022,7,0.07014709
22,0.199591051973022,8,0.07016806
22,0.199591051973022,9,0.06999117
22,0.199591051973022,10,0.07017414
22,0.199591051973022,11,0.07018282
22,0.199591051973022,12,0.07014392
22,0.199591051973022,13,0.06995836
22,0.199591051973022,14,0.07012907
22,0.199591051973022,15,0.07012596
23,0.210577715384381,0,0.0698415
23,0.210577715384381,1,0.06960149
23,0.210577715384381,2,0.07013635
23,0.210577715384381,3,0.0699428
23,0.210577715384381,4,0.06996734
23,0.210577715384381,5,0.06991835
23,0.210577715384381,6,0.07027119
23,0.210577715384381,7,0.07011989
23,0.210577715384381,8,0.06995504
23,0.210577715384381,9,0.06996001
23,0.210577715384381,10,0.07005601
23,0.210577715384381,11,0.07004261
23,0.210577715384381,12,0.06982549
23,0.210577715384381,13,0.07022602
23,0.210577715384381,14,0.06987567
23,0.210577715384381,15,0.0698622
24,0.21973326822718,0,0.0701623
24,0.21973326822718,1,0.06992071
24,0.21973326822718,2,0.07005244
24,0.21973326822718,3,0.07009922
24,0.21973326822718,4,0.0700546
24,0.21973326822718,5,0.06987746
24,0.21973326822718,6,0.06996634
24,0.21973326822718,7,0.06987149
24,0.21973326822718,8,0.06974804
24,0.21973326822718,9,0.0700428
24,0.21973326822718,10,0.06974754
24,0.21973326822718,11,0.06985071
24,0.21973326822718,12,0.06997792
24,0.21973326822718,13,0.07003243
24,0.21973326822718,14,0.07004542
24,0.21973326822718,15,0.07005415
25,0.231330301828059,0,0.06982151
25,0.231330301828059,1,0.06975878
25,0.231330301828059,2,0.06989642
25,0.231330301828059,3,0.07007889
25,0.231330301828059,4,0.07009088
25,0.231330301828059,5,0.06977603
25,0.231330301828059,6,0.06990492
25,0.231330301828059,7,0.06982657
25,0.231330301828059,8,0.06988952
25,0.231330301828059,9,0.06998283
25,0.231330301828059,10,0.06968626
25,0.231330301828059,11,0.06976115
25,0.231330301828059,12,0.06967888
25,0.231330301828059,13,0.06976946
25,0.231330301828059,14,0.06982411
25,0.231330301828059,15,0.06984264
26,0.239875484481338,0,0.06958106
26,0.239875484481338,1,0.069943
26,0.239875484481338,2,0.06984635
26,0.239875484481338,3,0.06990802
26,0.239875484481338,4,0.07004743
26,0.239875484481338,5,0.06985462
26,0.239875484481338,6,0.06960788
26,0.239875484481338,7,0.07028007
26,0.239875484481338,8,0.07000873
26,0.239875484481338,9,0.07012641
26,0.239875484481338,10,0.06982546
26,0.239875484481338,11,0.07000849
26,0.239875484481338,12,0.0704807
26,0.239875484481338,13,0.07029071
26,0.239875484481338,14,0.07016872
26,0.239875484481338,15,0.06984051
27,0.250251777703177,0,0.0700947
27,0.250251777703177,1,0.07012596
27,0.250251777703177,2,0.0698744
27,0.250251777703177,3,0.07007939
27,0.250251777703177,4,0.0698038
27,0.250251777703177,5,0.07009695
27,0.250251777703177,6,0.06987711
27,0.250251777703177,7,0.07010067
27,0.250251777703177,8,0.07007503
27,0.250251777703177,9,0.07009746
27,0.250251777703177,10,0.06978925
27,0.250251777703177,11,0.07017545
27,0.250251777703177,12,0.0702067
27,0.250251777703177,13,0.07003653
27,0.250251777703177,14,0.07020775
27,0.250251777703177,15,0.07017022
28,0.260017700735496,0,0.07000252
28,0.260017700735496,1,0.07025036
28,0.260017700735496,2,0.07015903
28,0.260017700735496,3,0.07019637
28,0.260017700735496,4,0.07033622
28,0.260017700735496,5,0.06980354
28,0.260017700735496,6,0.07011096
28,0.260017700735496,7,0.07024017
28,0.260017700735496,8,0.07043785
28,0.260017700735496,9,0.0703286
28,0.260017700735496,10,0.07015587
28,0.260017700735496,11,0.07018065
28,0.260017700735496,12,0.07029337
28,0.260017700735496,13,0.07067462
28,0.260017700735496,14,0.07051047
28,0.260017700735496,15,0.07026652
29,0.270393993957335,0,0.07034846
29,0.270393993957335,1,0.07006033
29,0.270393993957335,2,0.07025147
29,0.270393993957335,3,0.07006378
29,0.270393993957335,4,0.06992864
29,0.270393993957335,5,0.06964701
29,0.270393993957335,6,0.07017559
29,0.270393993957335,7,0.0700812
29,0.270393993957335,8,0.06977116
29,0.270393993957335,9,0.0698365
29,0.270393993957335,10,0.06992513
29,0.270393993957335,11,0.07005174
29,0.270393993957335,12,0.07002199
29,0.270393993957335,13,0.06983536
29,0.270393993957335,14,0.069741
29,0.270393993957335,15,0.06967253
30,0.280159916989654,0,0.06989929
30,0.280159916989654,1,0.06992643
30,0.280159916989654,2,0.07001797
30,0.280159916989654,3,0.06988875
30,0.280159916989654,4,0.07028414
30,0.280159916989654,5,0.06990471
30,0.280159916989654,6,0.07005074
30,0.280159916989654,7,0.06965936
30,0.280159916989654,8,0.07006866
30,0.280159916989654,9,0.06986541
30,0.280159916989654,10,0.06975387
30,0.280159916989654,11,0.06983104
30,0.280159916989654,12,0.06962135
30,0.280159916989654,13,0.06994581
30,0.280159916989654,14,0.06989221
30,0.280159916989654,15,0.0697799
31,0.290536210211493,0,0.06959449
31,0.290536210211493,1,0.06949419
31,0.290536210211493,2,0.06953321
31,0.290536210211493,3,0.06968392
31,0.290536210211493,4,0.06933534
31,0.290536210211493,5,0.06977468
31,0.290536210211493,6,0.06991946
31,0.290536210211493,7,0.06997938
31,0.290536210211493,8,0.06987691
31,0.290536210211493,9,0.06954849
31,0.290536210211493,10,0.06974542
31,0.290536210211493,11,0.06974016
31,0.290536210211493,12,0.06996046
31,0.290536210211493,13,0.06979852
31,0.290536210211493,14,0.06962766
31,0.290536210211493,15,0.0700135
32,0.300302133243812,0,0.06993311
32,0.300302133243812,1,0.07009897
32,0.300302133243812,2,0.06958239
32,0.300302133243812,3,0.07026205
32,0.300302133243812,4,0.06989733
32,0.300302133243812,5,0.06995991
32,0.300302133243812,6,0.06987736
32,0.300302133243812,7,0.06989191
32,0.300302133243812,8,0.07003643
32,0.300302133243812,9,0.07024519
32,0.300302133243812,10,0.0697666
32,0.300302133243812,11,0.07004651
32,0.300302133243812,12,0.07002039
32,0.300302133243812,13,0.06974915
32,0.300302133243812,14,0.07003965
32,0.300302133243812,15,0.06982743
33,0.310068056276132,0,0.06999242
33,0.310068056276132,1,0.07002915
33,0.310068056276132,2,0.07027134
33,0.310068056276132,3,0.06989317
33,0.310068056276132,4,0.06975837
33,0.310068056276132,5,0.06989778
33,0.310068056276132,6,0.06994732
33,0.310068056276132,7,0.07000085
33,0.310068056276132,8,0.07018071
33,0.310068056276132,9,0.07019301
33,0.310068056276132,10,0.06992338
33,0.310068056276132,11,0.0697936
33,0.310068056276132,12,0.07003869
33,0.310068056276132,13,0.06988172
33,0.310068056276132,14,0.0699839
33,0.310068056276132,15,0.07006966
34,0.32044434949797,0,0.07008707
34,0.32044434949797,1,0.06974152
34,0.32044434949797,2,0.06989743
34,0.32044434949797,3,0.06989934
34,0.32044434949797,4,0.06997295
34,0.32044434949797,5,0.06980465
34,0.32044434949797,6,0.06977429
34,0.32044434949797,7,0.07000673
34,0.32044434949797,8,0.07002696
34,0.32044434949797,9,0.06989241
34,0.32044434949797,10,0.06982587
34,0.32044434949797,11,0.06969987
34,0.32044434949797,12,0.06972078
34,0.32044434949797,13,0.06994766
34,0.32044434949797,14,0.06952581
34,0.32044434949797,15,0.0696198
35,0.33021027253029,0,0.069806
35,0.33021027253029,1,0.0701675
35,0.33021027253029,2,0.06999464
35,0.33021027253029,3,0.06977714
35,0.33021027253029,4,0.06981367
35,0.33021027253029,5,0.06980385
35,0.33021027253029,6,0.06973043
35,0.33021027253029,7,0.06974167
35,0.33021027253029,8,0.06996111
35,0.33021027253029,9,0.07001149
35,0.33021027253029,10,0.06979264
35,0.33021027253029,11,0.06976154
35,0.33021027253029,12,0.06974884
35,0.33021027253029,13,0.06962986
35,0.33021027253029,14,0.06956376
35,0.33021027253029,15,0.07001537
36,0.340586565752129,0,0.06988212
36,0.340586565752129,1,0.0697913
36,0.340586565752129,2,0.0698756
36,0.340586565752129,3,0.06987816
36,0.340586565752129,4,0.07004707
36,0.340586565752129,5,0.07015436
36,0.340586565752129,6,0.06975009
36,0.340586565752129,7,0.07000567
36,0.340586565752129,8,0.06972726
36,0.340586565752129,9,0.06981158
36,0.340586565752129,10,0.06959775
36,0.340586565752129,11,0.07000391
36,0.340586565752129,12,0.07032689
36,0.340586565752129,13,0.07033336
36,0.340586565752129,14,0.07017624
36,0.340586565752129,15,0.0698457
37,0.350352488784448,0,0.07022141
37,0.350352488784448,1,0.07029949
37,0.350352488784448,2,0.07037361
37,0.350352488784448,3,0.07035609
37,0.350352488784448,4,0.07004893
37,0.350352488784448,5,0.07005385
37,0.350352488784448,6,0.07027074
37,0.350352488784448,7,0.0701114
37,0.350352488784448,8,0.07005595
37,0.350352488784448,9,0.07009936
37,0.350352488784448,10,0.07018914
37,0.350352488784448,11,0.07004015
37,0.350352488784448,12,0.06995038
37,0.350352488784448,13,0.06978639
37,0.350352488784448,14,0.06988002
37,0.350352488784448,15,0.06980649
38,0.360728782006287,0,0.0700813
38,0.360728782006287,1,0.07008782
38,0.360728782006287,2,0.07018778
38,0.360728782006287,3,0.07023004
38,0.360728782006287,4,0.07041752
38,0.360728782006287,5,0.07018929
38,0.360728782006287,6,0.07031379
38,0.360728782006287,7,0.07015698
38,0.360728782006287,8,0.07012516
38,0.360728782006287,9,0.07023014
38,0.360728782006287,10,0.07025724
38,0.360728782006287,11,0.07023501
38,0.360728782006287,12,0.07036658
38,0.360728782006287,13,0.07020404
38,0.360728782006287,14,0.07033677
38,0.360728782006287,15,0.06996592
39,0.369884334849086,0,0.07009118
39,0.369884334849086,1,0.07024073
39,0.369884334849086,2,0.07033236
39,0.369884334849086,3,0.07046429
39,0.369884334849086,4,0.07037361
39,0.369884334849086,5,0.07054543
39,0.369884334849086,6,0.07038741
39,0.369884334849086,7,0.07031926
39,0.369884334849086,8,0.07011954
39,0.369884334849086,9,0.07004341
39,0.369884334849086,10,0.07022758
39,0.369884334849086,11,0.07015903
39,0.369884334849086,12,0.07003227
39,0.369884334849086,13,0.0699584
39,0.369884334849086,14,0.07027867
39,0.369884334849086,15,0.07027229
40,0.380870998260445,0,0.07003468
40,0.380870998260445,1,0.07002876
40,0.380870998260445,2,0.07016269
40,0.380870998260445,3,0.07025106
40,0.380870998260445,4,0.07018849
40,0.380870998260445,5,0.07054589
40,0.380870998260445,6,0.07012621
40,0.380870998260445,7,0.07020228
40,0.380870998260445,8,0.07029091
40,0.380870998260445,9,0.0699867
40,0.380870998260445,10,0.0699387
40,0.380870998260445,11,0.07036809
40,0.380870998260445,12,0.07035986
40,0.380870998260445,13,0.07041134
40,0.380870998260445,14,0.07025939
40,0.380870998260445,15,0.07019672
41,0.390636921292764,0,0.07022818
41,0.390636921292764,1,0.06996278
41,0.390636921292764,2,0.06987335
41,0.390636921292764,3,0.06970017
41,0.390636921292764,4,0.07028243
41,0.390636921292764,5,0.06992403
41,0.390636921292764,6,0.07015241
41,0.390636921292764,7,0.07039946
41,0.390636921292764,8,0.07010534
41,0.390636921292764,9,0.07040487
41,0.390636921292764,10,0.07014447
41,0.390636921292764,11,0.07014227
41,0.390636921292764,12,0.07011753
41,0.390636921292764,13,0.0703472
41,0.390636921292764,14,0.07040266
41,0.390636921292764,15,0.07044722
42,0.400402844325083,0,0.06985909
42,0.400402844325083,1,0.06993739
42,0.400402844325083,2,0.07053584
42,0.400402844325083,3,0.07028845
42,0.400402844325083,4,0.0704657
42,0.400402844325083,5,0.07038254
42,0.400402844325083,6,0.07048251
42,0.400402844325083,7,0.07023721
42,0.400402844325083,8,0.07011658
42,0.400402844325083,9,0.07031249
42,0.400402844325083,10,0.0702488
42,0.400402844325083,11,0.07027415
42,0.400402844325083,12,0.0705495
42,0.400402844325083,13,0.07058302
42,0.400402844325083,14,0.07024831
42,0.400402844325083,15,0.07002766
43,0.409558397167882,0,0.07012109
43,0.409558397167882,1,0.07039393
43,0.409558397167882,2,0.07031395
43,0.409558397167882,3,0.07033045
43,0.409558397167882,4,0.07019371
43,0.409558397167882,5,0.07027892
43,0.409558397167882,6,0.07023109
43,0.409558397167882,7,0.0702604
43,0.409558397167882,8,0.06997322
43,0.409558397167882,9,0.07017388
43,0.409558397167882,10,0.06988584
43,0.409558397167882,11,0.0699418
43,0.409558397167882,12,0.07014994
43,0.409558397167882,13,0.07018417
43,0.409558397167882,14,0.07029693
43,0.409558397167882,15,0.07028624
44,0.420545060579241,0,0.07045269
44,0.420545060579241,1,0.07029001
44,0.420545060579241,2,0.07022121
44,0.420545060579241,3,0.07039278
44,0.420545060579241,4,0.07020515
44,0.420545060579241,5,0.07051121
44,0.420545060579241,6,0.07049023
44,0.420545060579241,7,0.07040437
44,0.420545060579241,8,0.07062557
44,0.420545060579241,9,0.07044642
44,0.420545060579241,10,0.0700506
44,0.420545060579241,11,0.07021222
44,0.420545060579241,12,0.07029708
44,0.420545060579241,13,0.0705762
44,0.420545060579241,14,0.0700688
44,0.420545060579241,15,0.07040467
45,0.42970061342204,0,0.07031936
45,0.42970061342204,1,0.07024218
45,0.42970061342204,2,0.07016515
45,0.42970061342204,3,0.07035124
45,0.42970061342204,4,0.07012029
45,0.42970061342204,5,0.07048752
45,0.42970061342204,6,0.07033923
45,0.42970061342204,7,0.07021443
45,0.42970061342204,8,0.07005535
45,0.42970061342204,9,0.0700671
45,0.42970061342204,10,0.07040387
45,0.42970061342204,11,0.07046559
45,0.42970061342204,12,0.07019687
45,0.42970061342204,13,0.07020053
45,0.42970061342204,14,0.07038531
45,0.42970061342204,15,0.07008948
46,0.44007690664388,0,0.07038765
46,0.44007690664388,1,0.0704395
46,0.44007690664388,2,0.07039645
46,0.44007690664388,3,0.0703697
46,0.44007690664388,4,0.07032824
46,0.44007690664388,5,0.07046112
46,0.44007690664388,6,0.07002454
46,0.44007690664388,7,0.07011322
46,0.44007690664388,8,0.07041381
46,0.44007690664388,9,0.07048175
46,0.44007690664388,10,0.07031936
46,0.44007690664388,11,0.07040613
46,0.44007690664388,12,0.07034104
46,0.44007690664388,13,0.07024655
46,0.44007690664388,14,0.07037757
46,0.44007690664388,15,0.07035173
47,0.450453199865719,0,0.07023134
47,0.450453199865719,1,0.07038199
47,0.450453199865719,2,0.07039574
47,0.450453199865719,3,0.0705773
47,0.450453199865719,4,0.07049415
47,0.450453199865719,5,0.07068313
47,0.450453199865719,6,0.07030551
47,0.450453199865719,7,0.07029256
47,0.450453199865719,8,0.07018011
47,0.450453199865719,9,0.07047001
47,0.450453199865719,10,0.07013871
47,0.450453199865719,11,0.07029412
47,0.450453199865719,12,0.07013474
47,0.450453199865719,13,0.07004923
47,0.450453199865719,14,0.070452
47,0.450453199865719,15,0.07025282
48,0.460219122898038,0,0.07018507
48,0.460219122898038,1,0.07023014
48,0.460219122898038,2,0.07014387
48,0.460219122898038,3,0.07040538
48,0.460219122898038,4,0.070412
48,0.460219122898038,5,0.07056736
48,0.460219122898038,6,0.07037015
48,0.460219122898038,7,0.0705489
48,0.460219122898038,8,0.07039845
48,0.460219122898038,9,0.07039504
48,0.460219122898038,10,0.07046474
48,0.460219122898038,11,0.07036617
48,0.460219122898038,12,0.0702602
48,0.460219122898038,13,0.06992254
48,0.460219122898038,14,0.07013976
48,0.460219122898038,15,0.07033683
49,0.470595416119877,0,0.07049972
49,0.470595416119877,1,0.0703598
49,0.470595416119877,2,0.07012375
49,0.470595416119877,3,0.06999714
49,0.470595416119877,4,0.07031389
49,0.470595416119877,5,0.07014719
49,0.470595416119877,6,0.07024956
49,0.470595416119877,7,0.07009746
49,0.470595416119877,8,0.07031706
49,0.470595416119877,9,0.0701779
49,0.470595416119877,10,0.07010062
49,0.470595416119877,11,0.07018292
49,0.470595416119877,12,0.07044366
49,0.470595416119877,13,0.07026742
49,0.470595416119877,14,0.07018698
49,0.470595416119877,15,0.07004678
50,0.480361339152196,0,0.06984404
50,0.480361339152196,1,0.07031545
50,0.480361339152196,2,0.06983647
50,0.480361339152196,3,0.07003845
50,0.480361339152196,4,0.0702334
50,0.480361339152196,5,0.07000824
50,0.480361339152196,6,0.06982537
50,0.480361339152196,7,0.0698328
50,0.480361339152196,8,0.0700389
50,0.480361339152196,9,0.07004718
50,0.480361339152196,10,0.07005721
50,0.480361339152196,11,0.07019089
50,0.480361339152196,12,0.0697928
50,0.480361339152196,13,0.06967492
50,0.480361339152196,14,0.0699002
50,0.480361339152196,15,0.07008617
51,0.490737632374035,0,0.07023024
51,0.490737632374035,1,0.07025974
51,0.490737632374035,2,0.0701781
51,0.490737632374035,3,0.06994586
51,0.490737632374035,4,0.07004788
51,0.490737632374035,5,0.06996688
51,0.490737632374035,6,0.07009099
51,0.490737632374035,7,0.07006654
51,0.490737632374035,8,0.06988037
51,0.490737632374035,9,0.0700013
51,0.490737632374035,10,0.06993968
51,0.490737632374035,11,0.06995063
51,0.490737632374035,12,0.07012952
51,0.490737632374035,13,0.06979342
51,0.490737632374035,14,0.07011829
51,0.490737632374035,15,0.07000271
52,0.499893185216834,0,0.07014382
52,0.499893185216834,1,0.07011728
52,0.499893185216834,2,0.07000528
52,0.499893185216834,3,0.07020439
52,0.499893185216834,4,0.06968492
52,0.499893185216834,5,0.06986281
52,0.499893185216834,6,0.06962724
52,0.499893185216834,7,0.06961966
52,0.499893185216834,8,0.06991445
52,0.499893185216834,9,0.07008251
52,0.499893185216834,10,0.06999986
52,0.499893185216834,11,0.07023516
52,0.499893185216834,12,0.06980123
52,0.499893185216834,13,0.06975944
52,0.499893185216834,14,0.07000919
52,0.499893185216834,15,0.0696399
53,0.510269478438673,0,0.06999328
53,0.510269478438673,1,0.07018573
53,0.510269478438673,2,0.06996538
53,0.510269478438673,3,0.07028268
53,0.510269478438673,4,0.06978393
53,0.510269478438673,5,0.07028087
53,0.510269478438673,6,0.07016932
53,0.510269478438673,7,0.07010555
53,0.510269478438673,8,0.06979984
53,0.510269478438673,9,0.07001757
53,0.510269478438673,10,0.0700687
53,0.510269478438673,11,0.07035464
53,0.510269478438673,12,0.07036518
53,0.510269478438673,13,0.0700118
53,0.510269478438673,14,0.07032393
53,0.510269478438673,15,0.0703165
54,0.520645771660512,0,0.07014618
54,0.520645771660512,1,0.06992809
54,0.520645771660512,2,0.06980721
54,0.520645771660512,3,0.07004291
54,0.520645771660512,4,0.0702071
54,0.520645771660512,5,0.06988138
54,0.520645771660512,6,0.0703015
54,0.520645771660512,7,0.07044195
54,0.520645771660512,8,0.07031555
54,0.520645771660512,9,0.07040974
54,0.520645771660512,10,0.0700402
54,0.520645771660512,11,0.07019621
54,0.520645771660512,12,0.07022828
54,0.520645771660512,13,0.0699962
54,0.520645771660512,14,0.07017474
54,0.520645771660512,15,0.07036407
55,0.530411694692831,0,0.07033035
55,0.530411694692831,1,0.07041933
55,0.530411694692831,2,0.07041998
55,0.530411694692831,3,0.06992384
55,0.530411694692831,4,0.07022758
55,0.530411694692831,5,0.07015557
55,0.530411694692831,6,0.07020751
55,0.530411694692831,7,0.07009334
55,0.530411694692831,8,0.07014498
55,0.530411694692831,9,0.07015868
55,0.530411694692831,10,0.070303
55,0.530411694692831,11,0.07028454
55,0.530411694692831,12,0.07014799
55,0.530411694692831,13,0.07018899
55,0.530411694692831,14,0.07021669
55,0.530411694692831,15,0.07027224
56,0.54017761772515,0,0.07010259
56,0.54017761772515,1,0.07008888
56,0.54017761772515,2,0.07007102
56,0.54017761772515,3,0.07027159
56,0.54017761772515,4,0.07034566
56,0.54017761772515,5,0.07007291
56,0.54017761772515,6,0.07002881
56,0.54017761772515,7,0.07038625
56,0.54017761772515,8,0.07045009
56,0.54017761772515,9,0.07017855
56,0.54017761772515,10,0.07009012
56,0.54017761772515,11,0.0702187
56,0.54017761772515,12,0.07019506
56,0.54017761772515,13,0.07052831
56,0.54017761772515,14,0.07037602
56,0.54017761772515,15,0.07024911
57,0.550553910946989,0,0.07040793
57,0.550553910946989,1,0.07054953
57,0.550553910946989,2,0.07002937
57,0.550553910946989,3,0.07023651
57,0.550553910946989,4,0.07024013
57,0.550553910946989,5,0.07025423
57,0.550553910946989,6,0.07008576
57,0.550553910946989,7,0.07023435
57,0.550553910946989,8,0.07026863
57,0.550553910946989,9,0.0703722
57,0.550553910946989,10,0.07041756
57,0.550553910946989,11,0.07047804
57,0.550553910946989,12,0.07050062
57,0.550553910946989,13,0.07038816
57,0.550553910946989,14,0.07060902
57,0.550553910946989,15,0.07038109
58,0.559709463789788,0,0.07035715
58,0.559709463789788,1,0.07057528
58,0.559709463789788,2,0.07028564
58,0.559709463789788,3,0.07038284
58,0.559709463789788,4,0.07018287
58,0.559709463789788,5,0.07044195
58,0.559709463789788,6,0.07082318
58,0.559709463789788,7,0.07043649
58,0.559709463789788,8,0.07065231
58,0.559709463789788,9,0.07033788
58,0.559709463789788,10,0.07049706
58,0.559709463789788,11,0.07047117
58,0.559709463789788,12,0.07060771
58,0.559709463789788,13,0.07084662
58,0.559709463789788,14,0.07087053
58,0.559709463789788,15,0.07068714
59,0.570696127201148,0,0.07058062
59,0.570696127201148,1,0.07081871
59,0.570696127201148,2,0.07083137
59,0.570696127201148,3,0.0707446
59,0.570696127201148,4,0.07038168
59,0.570696127201148,5,0.07038956
59,0.570696127201148,6,0.07065443
59,0.570696127201148,7,0.07069924
59,0.570696127201148,8,0.07066763
59,0.570696127201148,9,0.07040583
59,0.570696127201148,10,0.07022256
59,0.570696127201148,11,0.07056224
59,0.570696127201148,12,0.07061187
59,0.570696127201148,13,0.07070635
59,0.570696127201148,14,0.0708089
59,0.570696127201148,15,0.07066815
60,0.580462050233467,0,0.07049845
60,0.580462050233467,1,0.0704535
60,0.580462050233467,2,0.07034541
60,0.580462050233467,3,0.07046925
60,0.580462050233467,4,0.07044743
60,0.580462050233467,5,0.07039469
60,0.580462050233467,6,0.07014412
60,0.580462050233467,7,0.07019246
60,0.580462050233467,8,0.07032604
60,0.580462050233467,9,0.07030611
60,0.580462050233467,10,0.07021393
60,0.580462050233467,11,0.0702477
60,0.580462050233467,12,0.0701499
60,0.580462050233467,13,0.07022417
60,0.580462050233467,14,0.070467
60,0.580462050233467,15,0.07025678
61,0.589617603076266,0,0.06998385
61,0.589617603076266,1,0.070109
61,0.589617603076266,2,0.07033311
61,0.589617603076266,3,0.07032895
61,0.589617603076266,4,0.07012902
61,0.589617603076266,5,0.06999363
61,0.589617603076266,6,0.07006405
61,0.589617603076266,7,0.07025242
61,0.589617603076266,8,0.07000086
61,0.589617603076266,9,0.07051627
61,0.589617603076266,10,0.07001466
61,0.589617603076266,11,0.06994781
61,0.589617603076266,12,0.07005485
61,0.589617603076266,13,0.07051819
61,0.589617603076266,14,0.07009068
61,0.589617603076266,15,0.07034847
62,0.599993896298105,0,0.06998304
62,0.599993896298105,1,0.06997024
62,0.599993896298105,2,0.07004587
62,0.599993896298105,3,0.0701374
62,0.599993896298105,4,0.06994822
62,0.599993896298105,5,0.06989592
62,0.599993896298105,6,0.06979131
62,0.599993896298105,7,0.06988494
62,0.599993896298105,8,0.06983531
62,0.599993896298105,9,0.07012802
62,0.599993896298105,10,0.07015191
62,0.599993896298105,11,0.07010755
62,0.599993896298105,12,0.07008456
62,0.599993896298105,13,0.07035183
62,0.599993896298105,14,0.07014478
62,0.599993896298105,15,0.0701774
63,0.610370189519944,0,0.06990281
63,0.610370189519944,1,0.06994115
63,0.610370189519944,2,0.0702761
63,0.610370189519944,3,0.07042575
63,0.610370189519944,4,0.07036975
63,0.610370189519944,5,0.07011974
63,0.610370189519944,6,0.07022618
63,0.610370189519944,7,0.07032463
63,0.610370189519944,8,0.07020084
63,0.610370189519944,9,0.07008622
63,0.610370189519944,10,0.07030682
63,0.610370189519944,11,0.06987916
63,0.610370189519944,12,0.07003663
63,0.610370189519944,13,0.07008205
63,0.610370189519944,14,0.07020655
63,0.610370189519944,15,0.07026712
64,0.620746482741783,0,0.07022783
64,0.620746482741783,1,0.0701639
64,0.620746482741783,2,0.0704542
64,0.620746482741783,3,0.07057489
64,0.620746482741783,4,0.07045054
64,0.620746482741783,5,0.07010327
64,0.620746482741783,6,0.07029939
64,0.620746482741783,7,0.07030682
64,0.620746482741783,8,0.07044481
64,0.620746482741783,9,0.07049741
64,0.620746482741783,10,0.07033742
64,0.620746482741783,11,0.07037918
64,0.620746482741783,12,0.07045124
64,0.620746482741783,13,0.07035289
64,0.620746482741783,14,0.07050383
64,0.620746482741783,15,0.07046163
65,0.630512405774102,0,0.06981654
65,0.630512405774102,1,0.07039022
65,0.630512405774102,2,0.07067561
65,0.630512405774102,3,0.07034149
65,0.630512405774102,4,0.07032744
65,0.630512405774102,5,0.07060283
65,0.630512405774102,6,0.07038731
65,0.630512405774102,7,0.07050694
65,0.630512405774102,8,0.0705233
65,0.630512405774102,9,0.07039027
65,0.630512405774102,10,0.07056174
65,0.630512405774102,11,0.07067209
65,0.630512405774102,12,0.07072346
65,0.630512405774102,13,0.07058688
65,0.630512405774102,14,0.07061668
65,0.630512405774102,15,0.07064142
66,0.640278328806421,0,0.07054389
66,0.640278328806421,1,0.07056346
66,0.640278328806421,2,0.0705072
66,0.640278328806421,3,0.07054424
66,0.640278328806421,4,0.07030801
66,0.640278328806421,5,0.07073171
66,0.640278328806421,6,0.07065634
66,0.640278328806421,7,0.07054368
66,0.640278328806421,8,0.07084072
66,0.640278328806421,9,0.07055297
66,0.640278328806421,10,0.07031544
66,0.640278328806421,11,0.07043995
66,0.640278328806421,12,0.07040452
66,0.640278328806421,13,0.07026225
66,0.640278328806421,14,0.0700955
66,0.640278328806421,15,0.07035244
67,0.65004425183874,0,0.07010142
67,0.65004425183874,1,0.07037446
67,0.65004425183874,2,0.0700399
67,0.65004425183874,3,0.07022793
67,0.65004425183874,4,0.07057454
67,0.65004425183874,5,0.0702473
67,0.65004425183874,6,0.07034907
67,0.65004425183874,7,0.07076494
67,0.65004425183874,8,0.07043027
67,0.65004425183874,9,0.07039323
67,0.65004425183874,10,0.07038289
67,0.65004425183874,11,0.07060479
67,0.65004425183874,12,0.07066736
67,0.65004425183874,13,0.07064585
67,0.65004425183874,14,0.07055105
67,0.65004425183874,15,0.07060339
68,0.661030915250099,0,0.07045571
68,0.661030915250099,1,0.0702479
68,0.661030915250099,2,0.07048642
68,0.661030915250099,3,0.07078936
68,0.661030915250099,4,0.07050028
68,0.661030915250099,5,0.07042981
68,0.661030915250099,6,0.07040447
68,0.661030915250099,7,0.07053962
68,0.661030915250099,8,0.0704657
68,0.661030915250099,9,0.07031745
68,0.661030915250099,10,0.07079488
68,0.661030915250099,11,0.0706473
68,0.661030915250099,12,0.07083701
68,0.661030915250099,13,0.07066984
68,0.661030915250099,14,0.07043639
68,0.661030915250099,15,0.07074802
69,0.669576097903378,0,0.07075093
69,0.669576097903378,1,0.07043725
69,0.669576097903378,2,0.07063732
69,0.669576097903378,3,0.07026882
69,0.669576097903378,4,0.07041311
69,0.669576097903378,5,0.07030927
69,0.669576097903378,6,0.07033798
69,0.669576097903378,7,0.07055807
69,0.669576097903378,8,0.07078606
69,0.669576097903378,9,0.0703972
69,0.669576097903378,10,0.07040513
69,0.669576097903378,11,0.07047307
69,0.669576097903378,12,0.07047392
69,0.669576097903378,13,0.07041225
69,0.669576097903378,14,0.07039659
69,0.669576097903378,15,0.07046945
70,0.680562761314737,0,0.07042449
70,0.680562761314737,1,0.07049149
70,0.680562761314737,2,0.07030496
70,0.680562761314737,3,0.07018282
70,0.680562761314737,4,0.07043041
70,0.680562761314737,5,0.07075726
70,0.680562761314737,6,0.07068894
70,0.680562761314737,7,0.07044407
70,0.680562761314737,8,0.07036899
70,0.680562761314737,9,0.07040393
70,0.680562761314737,10,0.07073051
70,0.680562761314737,11,0.07042931
70,0.680562761314737,12,0.07083502
70,0.680562761314737,13,0.07099532
70,0.680562761314737,14,0.07076332
70,0.680562761314737,15,0.07034285
71,0.690328684347056,0,0.07076046
71,0.690328684347056,1,0.07075008
71,0.690328684347056,2,0.07046444
71,0.690328684347056,3,0.07032433
71,0.690328684347056,4,0.07053891
71,0.690328684347056,5,0.07012761
71,0.690328684347056,6,0.07068545
71,0.690328684347056,7,0.07052647
71,0.690328684347056,8,0.07059526
71,0.690328684347056,9,0.07051391
71,0.690328684347056,10,0.07038705
71,0.690328684347056,11,0.07051948
71,0.690328684347056,12,0.07046765
71,0.690328684347056,13,0.0704818
71,0.690328684347056,14,0.0705216
71,0.690328684347056,15,0.07025884
72,0.701315347758416,0,0.07014447
72,0.701315347758416,1,0.07048888
72,0.701315347758416,2,0.0705121
72,0.701315347758416,3,0.07047317
72,0.701315347758416,4,0.07024895
72,0.701315347758416,5,0.07035971
72,0.701315347758416,6,0.07030145
72,0.701315347758416,7,0.07038646
72,0.701315347758416,8,0.07032192
72,0.701315347758416,9,0.07049756
72,0.701315347758416,10,0.07051024
72,0.701315347758416,11,0.07047914
72,0.701315347758416,12,0.07063843
72,0.701315347758416,13,0.07058679
72,0.701315347758416,14,0.07039137
72,0.701315347758416,15,0.07061027
73,0.710470900601215,0,0.07028971
73,0.710470900601215,1,0.0704691
73,0.710470900601215,2,0.07048943
73,0.710470900601215,3,0.07032313
73,0.710470900601215,4,0.07055728
73,0.710470900601215,5,0.07023616
73,0.710470900601215,6,0.07027139
73,0.710470900601215,7,0.07014514
73,0.710470900601215,8,0.07027023
73,0.710470900601215,9,0.07044216
73,0.710470900601215,10,0.07028047
73,0.710470900601215,11,0.07004803
73,0.710470900601215,12,0.0701214
73,0.710470900601215,13,0.0702056
73,0.710470900601215,14,0.07026803
73,0.710470900601215,15,0.07045776
74,0.719626453444014,0,0.07024781
74,0.719626453444014,1,0.07039439
74,0.719626453444014,2,0.07043689
74,0.719626453444014,3,0.07025207
74,0.719626453444014,4,0.07022934
74,0.719626453444014,5,0.07029608
74,0.719626453444014,6,0.07040653
74,0.719626453444014,7,0.07071414
74,0.719626453444014,8,0.07064936
74,0.719626453444014,9,0.07039438
74,0.719626453444014,10,0.07088
74,0.719626453444014,11,0.07031213
74,0.719626453444014,12,0.07065101
74,0.719626453444014,13,0.07045084
74,0.719626453444014,14,0.07076032
74,0.719626453444014,15,0.0706971
75,0.730002746665853,0,0.07033863
75,0.730002746665853,1,0.07064319
75,0.730002746665853,2,0.07058255
75,0.730002746665853,3,0.07046548
75,0.730002746665853,4,0.07057931
75,0.730002746665853,5,0.07047327
75,0.730002746665853,6,0.07024258
75,0.730002746665853,7,0.07052807
75,0.730002746665853,8,0.07083092
75,0.730002746665853,9,0.07049686
75,0.730002746665853,10,0.07084271
75,0.730002746665853,11,0.07062869
75,0.730002746665853,12,0.07051346
75,0.730002746665853,13,0.0710258
75,0.730002746665853,14,0.07063781
75,0.730002746665853,15,0.07105288
76,0.739768669698172,0,0.070576
76,0.739768669698172,1,0.07071104
76,0.739768669698172,2,0.07042269
76,0.739768669698172,3,0.07039664
76,0.739768669698172,4,0.07017384
76,0.739768669698172,5,0.07042956
76,0.739768669698172,6,0.07043312
76,0.739768669698172,7,0.07029081
76,0.739768669698172,8,0.07050183
76,0.739768669698172,9,0.07039147
76,0.739768669698172,10,0.07070205
76,0.739768669698172,11,0.07051552
76,0.739768669698172,12,0.07030882
76,0.739768669698172,13,0.07005856
76,0.739768669698172,14,0.07026462
76,0.739768669698172,15,0.07035961
77,0.750144962920011,0,0.07052913
77,0.750144962920011,1,0.07057177
77,0.750144962920011,2,0.07018297
77,0.750144962920011,3,0.07033507
77,0.750144962920011,4,0.07040984
77,0.750144962920011,5,0.07033879
77,0.750144962920011,6,0.07040457
77,0.750144962920011,7,0.07053269
77,0.750144962920011,8,0.07040773
77,0.750144962920011,9,0.0705665
77,0.750144962920011,10,0.07049344
77,0.750144962920011,11,0.07041973
77,0.750144962920011,12,0.07040758
77,0.750144962920011,13,0.07062872
77,0.750144962920011,14,0.07056335
77,0.750144962920011,15,0.0704113
78,0.75991088595233,0,0.07011799
78,0.75991088595233,1,0.07029487
78,0.75991088595233,2,0.07025769
78,0.75991088595233,3,0.07041506
78,0.75991088595233,4,0.07019617
78,0.75991088595233,5,0.07054543
78,0.75991088595233,6,0.07050338
78,0.75991088595233,7,0.07040497
78,0.75991088595233,8,0.07052671
78,0.75991088595233,9,0.07019436
78,0.75991088595233,10,0.07034008
78,0.75991088595233,11,0.0703985
78,0.75991088595233,12,0.07069864
78,0.75991088595233,13,0.0708506
78,0.75991088595233,14,0.07074295
78,0.75991088595233,15,0.07048542
79,0.770287179174169,0,0.07070918
79,0.770287179174169,1,0.07055195
79,0.770287179174169,2,0.07086734
79,0.770287179174169,3,0.07067561
79,0.770287179174169,4,0.0706348
79,0.770287179174169,5,0.07065725
79,0.770287179174169,6,0.07039102
79,0.770287179174169,7,0.07054644
79,0.770287179174169,8,0.07044968
79,0.770287179174169,9,0.07052903
79,0.770287179174169,10,0.07042414
79,0.770287179174169,11,0.070592
79,0.770287179174169,12,0.07053931
79,0.770287179174169,13,0.07048893
79,0.770287179174169,14,0.07063797
79,0.770287179174169,15,0.0702213
80,0.780053102206488,0,0.07026251
80,0.780053102206488,1,0.07018261
80,0.780053102206488,2,0.07015617
80,0.780053102206488,3,0.07029909
80,0.780053102206488,4,0.07034109
80,0.780053102206488,5,0.0702205
80,0.780053102206488,6,0.07018397
80,0.780053102206488,7,0.07034872
80,0.780053102206488,8,0.07035544
80,0.780053102206488,9,0.07029979
80,0.780053102206488,10,0.07013701
80,0.780053102206488,11,0.07048145
80,0.780053102206488,12,0.07026456
80,0.780053102206488,13,0.07052617
80,0.780053102206488,14,0.07038295
80,0.780053102206488,15,0.07023963
81,0.790429395428327,0,0.06997899
81,0.790429395428327,1,0.07005104
81,0.790429395428327,2,0.0700672
81,0.790429395428327,3,0.07028414
81,0.790429395428327,4,0.07039142
81,0.790429395428327,5,0.07010554
81,0.790429395428327,6,0.07037531
81,0.790429395428327,7,0.07029814
81,0.790429395428327,8,0.07024926
81,0.790429395428327,9,0.07033883
81,0.790429395428327,10,0.07018463
81,0.790429395428327,11,0.07021152
81,0.790429395428327,12,0.07040121
81,0.790429395428327,13,0.07031243
81,0.790429395428327,14,0.07050608
81,0.790429395428327,15,0.07038736
82,0.799584948271126,0,0.07008441
82,0.799584948271126,1,0.07037135
82,0.799584948271126,2,0.0704115
82,0.799584948271126,3,0.07035731
82,0.799584948271126,4,0.07022914
82,0.799584948271126,5,0.07029894
82,0.799584948271126,6,0.07010805
82,0.799584948271126,7,0.07016872
82,0.799584948271126,8,0.07030998
82,0.799584948271126,9,0.07012907
82,0.799584948271126,10,0.07006645
82,0.799584948271126,11,0.07006977
82,0.799584948271126,12,0.07002439
82,0.799584948271126,13,0.07003423
82,0.799584948271126,14,0.07024138
82,0.799584948271126,15,0.06992283
83,0.809961241492966,0,0.06991329
83,0.809961241492966,1,0.07001742
83,0.809961241492966,2,0.07012601
83,0.809961241492966,3,0.07026933
83,0.809961241492966,4,0.0700009
83,0.809961241492966,5,0.07010599
83,0.809961241492966,6,0.06997436
83,0.809961241492966,7,0.06992579
83,0.809961241492966,8,0.07011156
83,0.809961241492966,9,0.07005651
83,0.809961241492966,10,0.07038104
83,0.809961241492966,11,0.07006183
83,0.809961241492966,12,0.07041913
83,0.809961241492966,13,0.07025106
83,0.809961241492966,14,0.0701936
83,0.809961241492966,15,0.07010172
84,0.819727164525284,0,0.07034581
84,0.819727164525284,1,0.07033532
84,0.819727164525284,2,0.07051852
84,0.819727164525284,3,0.07050359
84,0.819727164525284,4,0.07058653
84,0.819727164525284,5,0.07038198
84,0.819727164525284,6,0.07029126
84,0.819727164525284,7,0.07032328
84,0.819727164525284,8,0.0704542
84,0.819727164525284,9,0.07022783
84,0.819727164525284,10,0.07041947
84,0.819727164525284,11,0.07032729
84,0.819727164525284,12,0.07029442
84,0.819727164525284,13,0.06997772
84,0.819727164525284,14,0.06995644
84,0.819727164525284,15,0.06993673
85,0.830103457747124,0,0.0702455
85,0.830103457747124,1,0.07003704
85,0.830103457747124,2,0.07029648
85,0.830103457747124,3,0.07026436
85,0.830103457747124,4,0.07028393
85,0.830103457747124,5,0.07006519
85,0.830103457747124,6,0.0701616
85,0.830103457747124,7,0.07033703
85,0.830103457747124,8,0.06993476
85,0.830103457747124,9,0.069832
85,0.830103457747124,10,0.07007041
85,0.830103457747124,11,0.07009485
85,0.830103457747124,12,0.06992959
85,0.830103457747124,13,0.07017323
85,0.830103457747124,14,0.06980184
85,0.830103457747124,15,0.06991455
86,0.839259010589923,0,0.07010619
86,0.839259010589923,1,0.07005746
86,0.839259010589923,2,0.06999619
86,0.839259010589923,3,0.06985057
86,0.839259010589923,4,0.06965972
86,0.839259010589923,5,0.06979307
86,0.839259010589923,6,0.07017238
86,0.839259010589923,7,0.07001552
86,0.839259010589923,8,0.07010628
86,0.839259010589923,9,0.06995349
86,0.839259010589923,10,0.07001606
86,0.839259010589923,11,0.07004662
86,0.839259010589923,12,0.07007372
86,0.839259010589923,13,0.06992148
86,0.839259010589923,14,0.07006199
86,0.839259010589923,15,0.07008827
87,0.849635303811762,0,0.07037948
87,0.849635303811762,1,0.07008015
87,0.849635303811762,2,0.07048582
87,0.849635303811762,3,0.07033296
87,0.849635303811762,4,0.07029799
87,0.849635303811762,5,0.06992016
87,0.849635303811762,6,0.07025247
87,0.849635303811762,7,0.07038214
87,0.849635303811762,8,0.07029814
87,0.849635303811762,9,0.07029016
87,0.849635303811762,10,0.07008094
87,0.849635303811762,11,0.07018011
87,0.849635303811762,12,0.06998204
87,0.849635303811762,13,0.07009169
87,0.849635303811762,14,0.06991892
87,0.849635303811762,15,0.07012064
88,0.859401226844081,0,0.07033793
88,0.859401226844081,1,0.07025412
88,0.859401226844081,2,0.07030451
88,0.859401226844081,3,0.07041426
88,0.859401226844081,4,0.07022111
88,0.859401226844081,5,0.07041816
88,0.859401226844081,6,0.07029151
88,0.859401226844081,7,0.07008958
88,0.859401226844081,8,0.07046404
88,0.859401226844081,9,0.07036342
88,0.859401226844081,10,0.07052727
88,0.859401226844081,11,0.07040713
88,0.859401226844081,12,0.07028654
88,0.859401226844081,13,0.07015281
88,0.859401226844081,14,0.07022095
88,0.859401226844081,15,0.07027169
89,0.8691671498764,0,0.07025006
89,0.8691671498764,1,0.07048737
89,0.8691671498764,2,0.07038305
89,0.8691671498764,3,0.07060175
89,0.8691671498764,4,0.07026898
89,0.8691671498764,5,0.07037055
89,0.8691671498764,6,0.07048236
89,0.8691671498764,7,0.07040763
89,0.8691671498764,8,0.07033828
89,0.8691671498764,9,0.07025553
89,0.8691671498764,10,0.06996388
89,0.8691671498764,11,0.07020841
89,0.8691671498764,12,0.07033402
89,0.8691671498764,13,0.07000332
89,0.8691671498764,14,0.07006424
89,0.8691671498764,15,0.07051212
90,0.879543443098239,0,0.07035811
90,0.879543443098239,1,0.07009409
90,0.879543443098239,2,0.07039725
90,0.879543443098239,3,0.07017579
90,0.879543443098239,4,0.07042454
90,0.879543443098239,5,0.0705533
90,0.879543443098239,6,0.07059306
90,0.879543443098239,7,0.07044903
90,0.879543443098239,8,0.07021323
90,0.879543443098239,9,0.07049906
90,0.879543443098239,10,0.07046364
90,0.879543443098239,11,0.07024253
90,0.879543443098239,12,0.07032327
90,0.879543443098239,13,0.07062948
90,0.879543443098239,14,0.06994751
90,0.879543443098239,15,0.07001531
91,0.889309366130558,0,0.06970894
91,0.889309366130558,1,0.06981809
91,0.889309366130558,2,0.07001371
91,0.889309366130558,3,0.07012004
91,0.889309366130558,4,0.0696513
91,0.889309366130558,5,0.06971713
91,0.889309366130558,6,0.06993753
91,0.889309366130558,7,0.07009058
91,0.889309366130558,8,0.0700816
91,0.889309366130558,9,0.06994164
91,0.889309366130558,10,0.0700951
91,0.889309366130558,11,0.06988674
91,0.889309366130558,12,0.06981152
91,0.889309366130558,13,0.06994922
91,0.889309366130558,14,0.07004567
91,0.889309366130558,15,0.06973097
92,0.899685659352397,0,0.06992343
92,0.899685659352397,1,0.07000487
92,0.899685659352397,2,0.06982221
92,0.899685659352397,3,0.06994842
92,0.899685659352397,4,0.06979642
92,0.899685659352397,5,0.06984138
92,0.899685659352397,6,0.07014368
92,0.899685659352397,7,0.07017072
92,0.899685659352397,8,0.06993075
92,0.899685659352397,9,0.07015617
92,0.899685659352397,10,0.07001341
92,0.899685659352397,11,0.07014638
92,0.899685659352397,12,0.07014563
92,0.899685659352397,13,0.06995624
92,0.899685659352397,14,0.06998786
92,0.899685659352397,15,0.07003719
93,0.909451582384716,0,0.07003513
93,0.909451582384716,1,0.06989959
93,0.909451582384716,2,0.06969971
93,0.909451582384716,3,0.06961722
93,0.909451582384716,4,0.06986406
93,0.909451582384716,5,0.06975051
93,0.909451582384716,6,0.06968842
93,0.909451582384716,7,0.06975427
93,0.909451582384716,8,0.06991073
93,0.909451582384716,9,0.06988589
93,0.909451582384716,10,0.06975883
93,0.909451582384716,11,0.06972827
93,0.909451582384716,12,0.06962418
93,0.909451582384716,13,0.06992307
93,0.909451582384716,14,0.07020345
93,0.909451582384716,15,0.07014313
94,0.919827875606555,0,0.06997065
94,0.919827875606555,1,0.0698024
94,0.919827875606555,2,0.07011256
94,0.919827875606555,3,0.06955138
94,0.919827875606555,4,0.06964038
94,0.919827875606555,5,0.06966804
94,0.919827875606555,6,0.06972626
94,0.919827875606555,7,0.06974512
94,0.919827875606555,8,0.06996574
94,0.919827875606555,9,0.07001862
94,0.919827875606555,10,0.06995197
94,0.919827875606555,11,0.06988991
94,0.919827875606555,12,0.07000838
94,0.919827875606555,13,0.06975622
94,0.919827875606555,14,0.06983435
94,0.919827875606555,15,0.07013128
95,0.928983428449354,0,0.06975977
95,0.928983428449354,1,0.06973927
95,0.928983428449354,2,0.06973138
95,0.928983428449354,3,0.0700395
95,0.928983428449354,4,0.06989362
95,0.928983428449354,5,0.06986467
95,0.928983428449354,6,0.07013474
95,0.928983428449354,7,0.07003904
95,0.928983428449354,8,0.06979791
95,0.928983428449354,9,0.07008015
95,0.928983428449354,10,0.07007232
95,0.928983428449354,11,0.07017674
95,0.928983428449354,12,0.07018698
95,0.928983428449354,13,0.07000095
95,0.928983428449354,14,0.06976731
95,0.928983428449354,15,0.07016932
96,0.939970091860714,0,0.07018533
96,0.939970091860714,1,0.06974719
96,0.939970091860714,2,0.070066
96,0.939970091860714,3,0.07014232
96,0.939970091860714,4,0.07056741
96,0.939970091860714,5,0.07022422
96,0.939970091860714,6,0.07030536
96,0.939970091860714,7,0.07009821
96,0.939970091860714,8,0.07000316
96,0.939970091860714,9,0.06985994
96,0.939970091860714,10,0.06978473
96,0.939970091860714,11,0.06998325
96,0.939970091860714,12,0.06988333
96,0.939970091860714,13,0.07001903
96,0.939970091860714,14,0.07014086
96,0.939970091860714,15,0.06977163
97,0.949736014893033,0,0.06991856
97,0.949736014893033,1,0.0700684
97,0.949736014893033,2,0.070136
97,0.949736014893033,3,0.06988519
97,0.949736014893033,4,0.07006173
97,0.949736014893033,5,0.06973498
97,0.949736014893033,6,0.070261
97,0.949736014893033,7,0.06988654
97,0.949736014893033,8,0.07004903
97,0.949736014893033,9,0.06994586
97,0.949736014893033,10,0.06997029
97,0.949736014893033,11,0.07022497
97,0.949736014893033,12,0.0700942
97,0.949736014893033,13,0.070135
97,0.949736014893033,14,0.07011532
97,0.949736014893033,15,0.07007643
98,0.959501937925352,0,0.07006494
98,0.959501937925352,1,0.07026858
98,0.959501937925352,2,0.06985161
98,0.959501937925352,3,0.0701227
98,0.959501937925352,4,0.07002535
98,0.959501937925352,5,0.06997411
98,0.959501937925352,6,0.07017945
98,0.959501937925352,7,0.06997255
98,0.959501937925352,8,0.07001577
98,0.959501937925352,9,0.0699314
98,0.959501937925352,10,0.0699023
98,0.959501937925352,11,0.06991264
98,0.959501937925352,12,0.06999157
98,0.959501937925352,13,0.07002781
98,0.959501937925352,14,0.0698908
98,0.959501937925352,15,0.06988217
99,0.968657490768151,0,0.07021212
99,0.968657490768151,1,0.07028845
99,0.968657490768151,2,0.07018894
99,0.968657490768151,3,0.07009014
99,0.968657490768151,4,0.0701768
99,0.968657490768151,5,0.07002595
99,0.968657490768151,6,0.07008416
99,0.968657490768151,7,0.0700683
99,0.968657490768151,8,0.07029728
99,0.968657490768151,9,0.07015246
99,0.968657490768151,10,0.06998927
99,0.968657490768151,11,0.06991655
99,0.968657490768151,12,0.06977987
99,0.968657490768151,13,0.07004396
99,0.968657490768151,14,0.07000573
99,0.968657490768151,15,0.06993049
100,0.97964415417951,0,0.0700947
100,0.97964415417951,1,0.06988999
100,0.97964415417951,2,0.06984589
100,0.97964415417951,3,0.07007382
100,0.97964415417951,4,0.07003152
100,0.97964415417951,5,0.06997798
100,0.97964415417951,6,0.07002179
100,0.97964415417951,7,0.07002565
100,0.97964415417951,8,0.07008687
100,0.97964415417951,9,0.07021819
100,0.97964415417951,10,0.06992479
100,0.97964415417951,11,0.07003905
100,0.97964415417951,12,0.0700259
100,0.97964415417951,13,0.07014357
100,0.97964415417951,14,0.06999137
100,0.97964415417951,15,0.07000036
101,0.989410077211829,0,0.07023335
101,0.989410077211829,1,0.06987882
101,0.989410077211829,2,0.0700245
101,0.989410077211829,3,0.06977861
101,0.989410077211829,4,0.06994098
101,0.989410077211829,5,0.0701648
101,0.989410077211829,6,0.06993251
101,0.989410077211829,7,0.06998259
101,0.989410077211829,8,0.07005947
101,0.989410077211829,9,0.06989969
101,0.989410077211829,10,0.07018091
101,0.989410077211829,11,0.07001642
101,0.989410077211829,12,0.06996126
101,0.989410077211829,13,0.07021378
101,0.989410077211829,14,0.06996055
101,0.989410077211829,15,0.07038138
102,0.999176000244148,0,0.06976307
102,0.999176000244148,1,0.07008968
102,0.999176000244148,2,0.06977154
102,0.999176000244148,3,0.06986385
102,0.999176000244148,4,0.07009856
102,0.999176000244148,5,0.06987495
102,0.999176000244148,6,0.06985673
102,0.999176000244148,7,0.06979316
102,0.999176000244148,8,0.06985217
102,0.999176000244148,9,0.07002228
102,0.999176000244148,10,0.07000095
102,0.999176000244148,11,0.07004005
102,0.999176000244148,12,0.07006052
102,0.999176000244148,13,0.07002112
102,0.999176000244148,14,0.07008345
102,0.999176000244148,15,0.07030802
103,1.00955229346599,0,0.07009389
103,1.00955229346599,1,0.07018764
103,1.00955229346599,2,0.07004391
103,1.00955229346599,3,0.07041345
103,1.00955229346599,4,0.07028454
103,1.00955229346599,5,0.0701375
103,1.00955229346599,6,0.07016059
103,1.00955229346599,7,0.0703014
103,1.00955229346599,8,0.07051913
103,1.00955229346599,9,0.07055146
103,1.00955229346599,10,0.07016891
103,1.00955229346599,11,0.07039303
103,1.00955229346599,12,0.07037783
103,1.00955229346599,13,0.0705382
103,1.00955229346599,14,0.07068796
103,1.00955229346599,15,0.07035856
104,1.01992858668783,0,0.07027661
104,1.01992858668783,1,0.0702887
104,1.01992858668783,2,0.07016571
104,1.01992858668783,3,0.07039453
104,1.01992858668783,4,0.07011091
104,1.01992858668783,5,0.07035544
104,1.01992858668783,6,0.07006228
104,1.01992858668783,7,0.06998892
104,1.01992858668783,8,0.06981987
104,1.01992858668783,9,0.06984384
104,1.01992858668783,10,0.06983221
104,1.01992858668783,11,0.06989419
104,1.01992858668783,12,0.07010829
104,1.01992858668783,13,0.06997486
104,1.01992858668783,14,0.0699454
104,1.01992858668783,15,0.06989247
105,1.02908413953063,0,0.07009781
105,1.02908413953063,1,0.07017956
105,1.02908413953063,2,0.07015517
105,1.02908413953063,3,0.07000788
105,1.02908413953063,4,0.07026722
105,1.02908413953063,5,0.0699245
105,1.02908413953063,6,0.07027982
105,1.02908413953063,7,0.07017995
105,1.02908413953063,8,0.07001125
105,1.02908413953063,9,0.07011869
105,1.02908413953063,10,0.07005671
105,1.02908413953063,11,0.07005686
105,1.02908413953063,12,0.07012902
105,1.02908413953063,13,0.07020681
105,1.02908413953063,14,0.06990577
105,1.02908413953063,15,0.07021809
106,1.03946043275246,0,0.07056396
106,1.03946043275246,1,0.07020339
106,1.03946043275246,2,0.0702064
106,1.03946043275246,3,0.07027495
106,1.03946043275246,4,0.07034807
106,1.03946043275246,5,0.07025543
106,1.03946043275246,6,0.07027731
106,1.03946043275246,7,0.07019547
106,1.03946043275246,8,0.07061855
106,1.03946043275246,9,0.07050529
106,1.03946043275246,10,0.07048973
106,1.03946043275246,11,0.07039759
106,1.03946043275246,12,0.0702057
106,1.03946043275246,13,0.07038651
106,1.03946043275246,14,0.0701914
106,1.03946043275246,15,0.07000151
107,1.0498367259743,0,0.07040989
107,1.0498367259743,1,0.07034495
107,1.0498367259743,2,0.07012224
107,1.0498367259743,3,0.07004642
107,1.0498367259743,4,0.07009349
107,1.0498367259743,5,0.07010388
107,1.0498367259743,6,0.06990761
107,1.0498367259743,7,0.06982031
107,1.0498367259743,8,0.07000391
107,1.0498367259743,9,0.07008105
107,1.0498367259743,10,0.06999986
107,1.0498367259743,11,0.0701932
107,1.0498367259743,12,0.07017353
107,1.0498367259743,13,0.07029342
107,1.0498367259743,14,0.07008567
107,1.0498367259743,15,0.07018187
108,1.0589922788171,0,0.07021142
108,1.0589922788171,1,0.07046213
108,1.0589922788171,2,0.07025543
108,1.0589922788171,3,0.07032519
108,1.0589922788171,4,0.07022567
108,1.0589922788171,5,0.07047854
108,1.0589922788171,6,0.07003514
108,1.0589922788171,7,0.07011387
108,1.0589922788171,8,0.0701388
108,1.0589922788171,9,0.07027551
108,1.0589922788171,10,0.07006028
108,1.0589922788171,11,0.07022924
108,1.0589922788171,12,0.0701495
108,1.0589922788171,13,0.07018187
108,1.0589922788171,14,0.0704669
108,1.0589922788171,15,0.07037441
109,1.06997894222846,0,0.07034796
109,1.06997894222846,1,0.07018111
109,1.06997894222846,2,0.07008176
109,1.06997894222846,3,0.07018548
109,1.06997894222846,4,0.07026526
109,1.06997894222846,5,0.0700266
109,1.06997894222846,6,0.0700817
109,1.06997894222846,7,0.07034992
109,1.06997894222846,8,0.07000864
109,1.06997894222846,9,0.07003749
109,1.06997894222846,10,0.0701915
109,1.06997894222846,11,0.0702481
109,1.06997894222846,12,0.07025734
109,1.06997894222846,13,0.07050785
109,1.06997894222846,14,0.07020129
109,1.06997894222846,15,0.07032799
110,1.07913449507126,0,0.0700106
110,1.07913449507126,1,0.07010047
110,1.07913449507126,2,0.06977379
110,1.07913449507126,3,0.07005431
110,1.07913449507126,4,0.07009139
110,1.07913449507126,5,0.07028554
110,1.07913449507126,6,0.06999795
110,1.07913449507126,7,0.07012737
110,1.07913449507126,8,0.07018156
110,1.07913449507126,9,0.07025036
110,1.07913449507126,10,0.06993051
110,1.07913449507126,11,0.07010649
110,1.07913449507126,12,0.06992282
110,1.07913449507126,13,0.07014719
110,1.07913449507126,14,0.06986998
110,1.07913449507126,15,0.07018854
111,1.09012115848262,0,0.07005044
111,1.09012115848262,1,0.07022372
111,1.09012115848262,2,0.07042529
111,1.09012115848262,3,0.07022893
111,1.09012115848262,4,0.07014383
111,1.09012115848262,5,0.07004542
111,1.09012115848262,6,0.07013118
111,1.09012115848262,7,0.07019406
111,1.09012115848262,8,0.07026587
111,1.09012115848262,9,0.0702748
111,1.09012115848262,10,0.07025217
111,1.09012115848262,11,0.07000372
111,1.09012115848262,12,0.07008471
111,1.09012115848262,13,0.06999759
111,1.09012115848262,14,0.07029688
111,1.09012115848262,15,0.07022291
112,1.09988708151494,0,0.07024675
112,1.09988708151494,1,0.06989803
112,1.09988708151494,2,0.07014894
112,1.09988708151494,3,0.06990612
112,1.09988708151494,4,0.06984574
112,1.09988708151494,5,0.0701654
112,1.09988708151494,6,0.06960268
112,1.09988708151494,7,0.06955894
112,1.09988708151494,8,0.06982212
112,1.09988708151494,9,0.06979345
112,1.09988708151494,10,0.07001425
112,1.09988708151494,11,0.06990672
112,1.09988708151494,12,0.069931
112,1.09988708151494,13,0.06993948
112,1.09988708151494,14,0.06955858
112,1.09988708151494,15,0.07006525
113,1.10965300454726,0,0.07006955
113,1.10965300454726,1,0.07058106
113,1.10965300454726,2,0.07044933
113,1.10965300454726,3,0.07017493
113,1.10965300454726,4,0.07046599
113,1.10965300454726,5,0.07084867
113,1.10965300454726,6,0.07049665
113,1.10965300454726,7,0.07062924
113,1.10965300454726,8,0.07052261
113,1.10965300454726,9,0.0702064
113,1.10965300454726,10,0.0705497
113,1.10965300454726,11,0.07044642
113,1.10965300454726,12,0.07017243
113,1.10965300454726,13,0.07041014
113,1.10965300454726,14,0.07027941
113,1.10965300454726,15,0.06991325
114,1.11941892757958,0,0.07093338
114,1.11941892757958,1,0.07062381
114,1.11941892757958,2,0.0708197
114,1.11941892757958,3,0.07064047
114,1.11941892757958,4,0.07107271
114,1.11941892757958,5,0.07092366
114,1.11941892757958,6,0.07110487
114,1.11941892757958,7,0.07056405
114,1.11941892757958,8,0.07070135
114,1.11941892757958,9,0.07067917
114,1.11941892757958,10,0.07060631
114,1.11941892757958,11,0.07078787
114,1.11941892757958,12,0.07071625
114,1.11941892757958,13,0.07078329
114,1.11941892757958,14,0.07065357
114,1.11941892757958,15,0.07069217
115,1.12979522080142,0,0.07085505
115,1.12979522080142,1,0.07130369
115,1.12979522080142,2,0.07129756
115,1.12979522080142,3,0.0711138
115,1.12979522080142,4,0.07122687
115,1.12979522080142,5,0.0712775
115,1.12979522080142,6,0.07087975
115,1.12979522080142,7,0.07109974
115,1.12979522080142,8,0.07069397
115,1.12979522080142,9,0.07105603
115,1.12979522080142,10,0.07098542
115,1.12979522080142,11,0.0712728
115,1.12979522080142,12,0.07144878
115,1.12979522080142,13,0.07110181
115,1.12979522080142,14,0.07126865
115,1.12979522080142,15,0.07142763
116,1.13956114383374,0,0.07155358
116,1.13956114383374,1,0.07157619
116,1.13956114383374,2,0.07142634
116,1.13956114383374,3,0.07143307
116,1.13956114383374,4,0.07167991
116,1.13956114383374,5,0.07103942
116,1.13956114383374,6,0.07168302
116,1.13956114383374,7,0.0714449
116,1.13956114383374,8,0.07152614
116,1.13956114383374,9,0.07136639
116,1.13956114383374,10,0.07115951
116,1.13956114383374,11,0.07131206
116,1.13956114383374,12,0.0715852
116,1.13956114383374,13,0.07164423
116,1.13956114383374,14,0.07147096
116,1.13956114383374,15,0.07121221
117,1.14993743705557,0,0.07199145
117,1.14993743705557,1,0.07209547
117,1.14993743705557,2,0.07185226
117,1.14993743705557,3,0.07182418
117,1.14993743705557,4,0.0720642
117,1.14993743705557,5,0.07135142
117,1.14993743705557,6,0.07155581
117,1.14993743705557,7,0.07178393
117,1.14993743705557,8,0.07135643
117,1.14993743705557,9,0.07201785
117,1.14993743705557,10,0.07148508
117,1.14993743705557,11,0.07177151
117,1.14993743705557,12,0.07173359
117,1.14993743705557,13,0.07193262
117,1.14993743705557,14,0.07183367
117,1.14993743705557,15,0.07147987
118,1.16031373027741,0,0.07196921
118,1.16031373027741,1,0.07200048
118,1.16031373027741,2,0.07240437
118,1.16031373027741,3,0.07200295
118,1.16031373027741,4,0.07209647
118,1.16031373027741,5,0.07233268
118,1.16031373027741,6,0.07259786
118,1.16031373027741,7,0.07235086
118,1.16031373027741,8,0.07219354
118,1.16031373027741,9,0.07212172
118,1.16031373027741,10,0.07226874
118,1.16031373027741,11,0.07237049
118,1.16031373027741,12,0.07221691
118,1.16031373027741,13,0.07206667
118,1.16031373027741,14,0.072115
118,1.16031373027741,15,0.07220659
119,1.17069002349925,0,0.07270432
119,1.17069002349925,1,0.07274166
119,1.17069002349925,2,0.07312693
119,1.17069002349925,3,0.07258108
119,1.17069002349925,4,0.0727604
119,1.17069002349925,5,0.07256443
119,1.17069002349925,6,0.07237419
119,1.17069002349925,7,0.07235292
119,1.17069002349925,8,0.07263854
119,1.17069002349925,9,0.07227815
119,1.17069002349925,10,0.07268307
119,1.17069002349925,11,0.07225129
119,1.17069002349925,12,0.07237839
119,1.17069002349925,13,0.07253391
119,1.17069002349925,14,0.07255098
119,1.17069002349925,15,0.07249442
120,1.17984557634205,0,0.07279025
120,1.17984557634205,1,0.07324786
120,1.17984557634205,2,0.07296742
120,1.17984557634205,3,0.07296646
120,1.17984557634205,4,0.07278646
120,1.17984557634205,5,0.07265227
120,1.17984557634205,6,0.07280114
120,1.17984557634205,7,0.0729174
120,1.17984557634205,8,0.07292327
120,1.17984557634205,9,0.07297885
120,1.17984557634205,10,0.07273363
120,1.17984557634205,11,0.07313699
120,1.17984557634205,12,0.07286268
120,1.17984557634205,13,0.07271302
120,1.17984557634205,14,0.0731034
120,1.17984557634205,15,0.07275988
121,1.19083223975341,0,0.07339284
121,1.19083223975341,1,0.0732701
121,1.19083223975341,2,0.0732738
121,1.19083223975341,3,0.0731661
121,1.19083223975341,4,0.07283524
121,1.19083223975341,5,0.07314174
121,1.19083223975341,6,0.07306092
121,1.19083223975341,7,0.07319927
121,1.19083223975341,8,0.07324051
121,1.19083223975341,9,0.07318401
121,1.19083223975341,10,0.07336845
121,1.19083223975341,11,0.07314845
121,1.19083223975341,12,0.07302313
121,1.19083223975341,13,0.07313561
121,1.19083223975341,14,0.07332584
121,1.19083223975341,15,0.07316341
122,1.20059816278573,0,0.07342207
122,1.20059816278573,1,0.07351816
122,1.20059816278573,2,0.0735374
122,1.20059816278573,3,0.07326899
122,1.20059816278573,4,0.07345736
122,1.20059816278573,5,0.07316832
122,1.20059816278573,6,0.07309717
122,1.20059816278573,7,0.07351241
122,1.20059816278573,8,0.07328411
122,1.20059816278573,9,0.07316066
122,1.20059816278573,10,0.07305458
122,1.20059816278573,11,0.07345102
122,1.20059816278573,12,0.07351834
122,1.20059816278573,13,0.07326765
122,1.20059816278573,14,0.07328045
122,1.20059816278573,15,0.07360336
123,1.21036408581805,0,0.07401407
123,1.21036408581805,1,0.0738742
123,1.21036408581805,2,0.07386855
123,1.21036408581805,3,0.07376517
123,1.21036408581805,4,0.07356687
123,1.21036408581805,5,0.07412003
123,1.21036408581805,6,0.07349333
123,1.21036408581805,7,0.0738303
123,1.21036408581805,8,0.07371572
123,1.21036408581805,9,0.07332593
123,1.21036408581805,10,0.07363528
123,1.21036408581805,11,0.0738425
123,1.21036408581805,12,0.07386157
123,1.21036408581805,13,0.07386997
123,1.21036408581805,14,0.07355493
123,1.21036408581805,15,0.07377457
124,1.22074037903989,0,0.07399495
124,1.22074037903989,1,0.07400139
124,1.22074037903989,2,0.07416536
124,1.22074037903989,3,0.07388412
124,1.22074037903989,4,0.07395924
124,1.22074037903989,5,0.07382449
124,1.22074037903989,6,0.07424697
124,1.22074037903989,7,0.07418606
124,1.22074037903989,8,0.07432653
124,1.22074037903989,9,0.07428516
124,1.22074037903989,10,0.07407393
124,1.22074037903989,11,0.07387985
124,1.22074037903989,12,0.07440376
124,1.22074037903989,13,0.07384071
124,1.22074037903989,14,0.0737901
124,1.22074037903989,15,0.07423931
125,1.23050630207221,0,0.07437596
125,1.23050630207221,1,0.07435944
125,1.23050630207221,2,0.07418744
125,1.23050630207221,3,0.07395676
125,1.23050630207221,4,0.07429514
125,1.23050630207221,5,0.07414565
125,1.23050630207221,6,0.07387478
125,1.23050630207221,7,0.07427158
125,1.23050630207221,8,0.07410815
125,1.23050630207221,9,0.07399981
125,1.23050630207221,10,0.07440153
125,1.23050630207221,11,0.07409769
125,1.23050630207221,12,0.07408575
125,1.23050630207221,13,0.0743973
125,1.23050630207221,14,0.07412346
125,1.23050630207221,15,0.07460956
126,1.24088259529405,0,0.07453413
126,1.24088259529405,1,0.0744852
126,1.24088259529405,2,0.07439065
126,1.24088259529405,3,0.07424971
126,1.24088259529405,4,0.07440576
126,1.24088259529405,5,0.07433988
126,1.24088259529405,6,0.07426779
126,1.24088259529405,7,0.07468186
126,1.24088259529405,8,0.07463844
126,1.24088259529405,9,0.074502
126,1.24088259529405,10,0.07457633
126,1.24088259529405,11,0.07453585
126,1.24088259529405,12,0.07428231
126,1.24088259529405,13,0.07420392
126,1.24088259529405,14,0.07417449
126,1.24088259529405,15,0.07433005
127,1.25003814813684,0,0.07457258
127,1.25003814813684,1,0.07421026
127,1.25003814813684,2,0.07461367
127,1.25003814813684,3,0.07454271
127,1.25003814813684,4,0.07474882
127,1.25003814813684,5,0.07471546
127,1.25003814813684,6,0.07463891
127,1.25003814813684,7,0.0744817
127,1.25003814813684,8,0.07461483
127,1.25003814813684,9,0.0747216
127,1.25003814813684,10,0.07511419
127,1.25003814813684,11,0.07462964
127,1.25003814813684,12,0.07461274
127,1.25003814813684,13,0.07476941
127,1.25003814813684,14,0.07466853
127,1.25003814813684,15,0.07447232
128,1.26041444135868,0,0.07475905
128,1.26041444135868,1,0.07461292
128,1.26041444135868,2,0.0746941
128,1.26041444135868,3,0.07464056
128,1.26041444135868,4,0.07489342
128,1.26041444135868,5,0.0748091
128,1.26041444135868,6,0.0749128
128,1.26041444135868,7,0.07475303
128,1.26041444135868,8,0.07466809
128,1.26041444135868,9,0.07472815
128,1.26041444135868,10,0.07466912
128,1.26041444135868,11,0.07491822
128,1.26041444135868,12,0.07446375
128,1.26041444135868,13,0.07469169
128,1.26041444135868,14,0.07457954
128,1.26041444135868,15,0.07482156
129,1.270180364391,0,0.07480606
129,1.270180364391,1,0.07483679
129,1.270180364391,2,0.07487007
129,1.270180364391,3,0.07506485
129,1.270180364391,4,0.07494039
129,1.270180364391,5,0.07483749
129,1.270180364391,6,0.0748876
129,1.270180364391,7,0.074854
129,1.270180364391,8,0.07490667
129,1.270180364391,9,0.07431246
129,1.270180364391,10,0.07433686
129,1.270180364391,11,0.07473683
129,1.270180364391,12,0.07493842
129,1.270180364391,13,0.07487715
129,1.270180364391,14,0.07487388
129,1.270180364391,15,0.07491704
130,1.28055665761284,0,0.07526063
130,1.28055665761284,1,0.07508665
130,1.28055665761284,2,0.07528045
130,1.28055665761284,3,0.07524209
130,1.28055665761284,4,0.07536934
130,1.28055665761284,5,0.07527961
130,1.28055665761284,6,0.07497276
130,1.28055665761284,7,0.07482828
130,1.28055665761284,8,0.07481635
130,1.28055665761284,9,0.07500845
130,1.28055665761284,10,0.07505264
130,1.28055665761284,11,0.07506546
130,1.28055665761284,12,0.07512672
130,1.28055665761284,13,0.07499741
130,1.28055665761284,14,0.07481425
130,1.28055665761284,15,0.07488053
131,1.28971221045564,0,0.07507202
131,1.28971221045564,1,0.07515042
131,1.28971221045564,2,0.07482603
131,1.28971221045564,3,0.07527579
131,1.28971221045564,4,0.074921
131,1.28971221045564,5,0.0749754
131,1.28971221045564,6,0.07492965
131,1.28971221045564,7,0.07530327
131,1.28971221045564,8,0.07501687
131,1.28971221045564,9,0.07495619
131,1.28971221045564,10,0.07480277
131,1.28971221045564,11,0.07476997
131,1.28971221045564,12,0.07478137
131,1.28971221045564,13,0.07504328
131,1.28971221045564,14,0.0751619
131,1.28971221045564,15,0.07500959
132,1.30130924405652,0,0.07571131
132,1.30130924405652,1,0.0752705
132,1.30130924405652,2,0.07545261
132,1.30130924405652,3,0.07549256
132,1.30130924405652,4,0.07524057
132,1.30130924405652,5,0.0752457
132,1.30130924405652,6,0.07567295
132,1.30130924405652,7,0.07548138
132,1.30130924405652,8,0.07519955
132,1.30130924405652,9,0.07543901
132,1.30130924405652,10,0.0758786
132,1.30130924405652,11,0.07531571
132,1.30130924405652,12,0.07546007
132,1.30130924405652,13,0.07535849
132,1.30130924405652,14,0.07526705
132,1.30130924405652,15,0.07522907
133,1.3098544267098,0,0.0755009
133,1.3098544267098,1,0.07511241
133,1.3098544267098,2,0.07505958
133,1.3098544267098,3,0.07514223
133,1.3098544267098,4,0.07478561
133,1.3098544267098,5,0.07526409
133,1.3098544267098,6,0.07531452
133,1.3098544267098,7,0.07543737
133,1.3098544267098,8,0.07545561
133,1.3098544267098,9,0.07549839
133,1.3098544267098,10,0.07523534
133,1.3098544267098,11,0.0753347
133,1.3098544267098,12,0.07532635
133,1.3098544267098,13,0.07522907
133,1.3098544267098,14,0.07509107
133,1.3098544267098,15,0.07541996
134,1.32023071993164,0,0.07555637
134,1.32023071993164,1,0.07575772
134,1.32023071993164,2,0.07579529
134,1.32023071993164,3,0.07589829
134,1.32023071993164,4,0.07564542
134,1.32023071993164,5,0.07570095
134,1.32023071993164,6,0.07590398
134,1.32023071993164,7,0.07609644
134,1.32023071993164,8,0.07590954
134,1.32023071993164,9,0.07550944
134,1.32023071993164,10,0.07547505
134,1.32023071993164,11,0.07545874
134,1.32023071993164,12,0.07550132
134,1.32023071993164,13,0.07559282
134,1.32023071993164,14,0.07559677
134,1.32023071993164,15,0.07564723
135,1.33060701315348,0,0.07606626
135,1.33060701315348,1,0.07598694
135,1.33060701315348,2,0.07587013
135,1.33060701315348,3,0.07618876
135,1.33060701315348,4,0.07616811
135,1.33060701315348,5,0.07623541
135,1.33060701315348,6,0.07592124
135,1.33060701315348,7,0.07604748
135,1.33060701315348,8,0.07578021
135,1.33060701315348,9,0.07597817
135,1.33060701315348,10,0.076199
135,1.33060701315348,11,0.0759242
135,1.33060701315348,12,0.07597991
135,1.33060701315348,13,0.07560389
135,1.33060701315348,14,0.07565972
135,1.33060701315348,15,0.07592799
136,1.3403729361858,0,0.07638093
136,1.3403729361858,1,0.07609007
136,1.3403729361858,2,0.07623842
136,1.3403729361858,3,0.07622244
136,1.3403729361858,4,0.07616617
136,1.3403729361858,5,0.07654049
136,1.3403729361858,6,0.07632256
136,1.3403729361858,7,0.07651099
136,1.3403729361858,8,0.07644069
136,1.3403729361858,9,0.0764545
136,1.3403729361858,10,0.07639565
136,1.3403729361858,11,0.07642549
136,1.3403729361858,12,0.07615229
136,1.3403729361858,13,0.0763585
136,1.3403729361858,14,0.07617811
136,1.3403729361858,15,0.07614046
137,1.35074922940764,0,0.07637879
137,1.35074922940764,1,0.07644566
137,1.35074922940764,2,0.07659803
137,1.35074922940764,3,0.07626478
137,1.35074922940764,4,0.07655705
137,1.35074922940764,5,0.07627169
137,1.35074922940764,6,0.07636137
137,1.35074922940764,7,0.07632219
137,1.35074922940764,8,0.0762548
137,1.35074922940764,9,0.0765486
137,1.35074922940764,10,0.07638045
137,1.35074922940764,11,0.07626047
137,1.35074922940764,12,0.0767973
137,1.35074922940764,13,0.0762309
137,1.35074922940764,14,0.07617402
137,1.35074922940764,15,0.07605325
138,1.36112552262947,0,0.07640279
138,1.36112552262947,1,0.07639218
138,1.36112552262947,2,0.07640176
138,1.36112552262947,3,0.0763436
138,1.36112552262947,4,0.07615057
138,1.36112552262947,5,0.07622851
138,1.36112552262947,6,0.0763531
138,1.36112552262947,7,0.07616407
138,1.36112552262947,8,0.07608822
138,1.36112552262947,9,0.0760847
138,1.36112552262947,10,0.07625507
138,1.36112552262947,11,0.07633597
138,1.36112552262947,12,0.07615188
138,1.36112552262947,13,0.07628215
138,1.36112552262947,14,0.07655884
138,1.36112552262947,15,0.07602488
139,1.37089144566179,0,0.07628735
139,1.37089144566179,1,0.07626971
139,1.37089144566179,2,0.07654385
139,1.37089144566179,3,0.07642303
139,1.37089144566179,4,0.07635922
139,1.37089144566179,5,0.07636055
139,1.37089144566179,6,0.07639532
139,1.37089144566179,7,0.07639449
139,1.37089144566179,8,0.07616825
139,1.37089144566179,9,0.07615844
139,1.37089144566179,10,0.07611282
139,1.37089144566179,11,0.07629605
139,1.37089144566179,12,0.0759878
139,1.37089144566179,13,0.07597377
139,1.37089144566179,14,0.07628817
139,1.37089144566179,15,0.07595246
140,1.38126773888363,0,0.07607238
140,1.38126773888363,1,0.0761201
140,1.38126773888363,2,0.07616159
140,1.38126773888363,3,0.07620467
140,1.38126773888363,4,0.07588244
140,1.38126773888363,5,0.07628518
140,1.38126773888363,6,0.07618219
140,1.38126773888363,7,0.07619756
140,1.38126773888363,8,0.07637879
140,1.38126773888363,9,0.07616051
140,1.38126773888363,10,0.07636408
140,1.38126773888363,11,0.07608323
140,1.38126773888363,12,0.07622235
140,1.38126773888363,13,0.07597039
140,1.38126773888363,14,0.0757516
140,1.38126773888363,15,0.07602575
141,1.39164403210547,0,0.07633398
141,1.39164403210547,1,0.07621446
141,1.39164403210547,2,0.07627544
141,1.39164403210547,3,0.0763649
141,1.39164403210547,4,0.07610227
141,1.39164403210547,5,0.07627026
141,1.39164403210547,6,0.0760251
141,1.39164403210547,7,0.07615983
141,1.39164403210547,8,0.07637263
141,1.39164403210547,9,0.07611182
141,1.39164403210547,10,0.07633528
141,1.39164403210547,11,0.07625753
141,1.39164403210547,12,0.07626659
141,1.39164403210547,13,0.07621448
141,1.39164403210547,14,0.07613089
141,1.39164403210547,15,0.0763677
142,1.40079958494827,0,0.07643942
142,1.40079958494827,1,0.07658231
142,1.40079958494827,2,0.07622086
142,1.40079958494827,3,0.07614146
142,1.40079958494827,4,0.07641334
142,1.40079958494827,5,0.07625108
142,1.40079958494827,6,0.07608708
142,1.40079958494827,7,0.07601911
142,1.40079958494827,8,0.07617022
142,1.40079958494827,9,0.07600012
142,1.40079958494827,10,0.07599472
142,1.40079958494827,11,0.07606562
142,1.40079958494827,12,0.07597261
142,1.40079958494827,13,0.07616042
142,1.40079958494827,14,0.07597085
142,1.40079958494827,15,0.07600709
143,1.41117587817011,0,0.07612148
143,1.41117587817011,1,0.07592195
143,1.41117587817011,2,0.07582418
143,1.41117587817011,3,0.07597191
143,1.41117587817011,4,0.07618527
143,1.41117587817011,5,0.0762015
143,1.41117587817011,6,0.07620934
143,1.41117587817011,7,0.07634217
143,1.41117587817011,8,0.07600152
143,1.41117587817011,9,0.0760478
143,1.41117587817011,10,0.07605889
143,1.41117587817011,11,0.07574408
143,1.41117587817011,12,0.07591689
143,1.41117587817011,13,0.07612769
143,1.41117587817011,14,0.0759103
143,1.41117587817011,15,0.07607056
144,1.42094180120243,0,0.07579592
144,1.42094180120243,1,0.0761773
144,1.42094180120243,2,0.0764145
144,1.42094180120243,3,0.07614014
144,1.42094180120243,4,0.0759872
144,1.42094180120243,5,0.07616213
144,1.42094180120243,6,0.07596732
144,1.42094180120243,7,0.07611692
144,1.42094180120243,8,0.07595829
144,1.42094180120243,9,0.07618722
144,1.42094180120243,10,0.07641061
144,1.42094180120243,11,0.07631289
144,1.42094180120243,12,0.07633886
144,1.42094180120243,13,0.07630343
144,1.42094180120243,14,0.07642797
144,1.42094180120243,15,0.07624926
145,1.43131809442427,0,0.07663675
145,1.43131809442427,1,0.07667482
145,1.43131809442427,2,0.0768087
145,1.43131809442427,3,0.07686399
145,1.43131809442427,4,0.07684254
145,1.43131809442427,5,0.07688314
145,1.43131809442427,6,0.0767208
145,1.43131809442427,7,0.07667059
145,1.43131809442427,8,0.07664772
145,1.43131809442427,9,0.07662427
145,1.43131809442427,10,0.07657027
145,1.43131809442427,11,0.07641951
145,1.43131809442427,12,0.07671068
145,1.43131809442427,13,0.07687131
145,1.43131809442427,14,0.07637914
145,1.43131809442427,15,0.07659951
146,1.44108401745659,0,0.07673606
146,1.44108401745659,1,0.07696919
146,1.44108401745659,2,0.07689473
146,1.44108401745659,3,0.07665951
146,1.44108401745659,4,0.07692825
146,1.44108401745659,5,0.0768173
146,1.44108401745659,6,0.07668041
146,1.44108401745659,7,0.07667185
146,1.44108401745659,8,0.07666854
146,1.44108401745659,9,0.07707935
146,1.44108401745659,10,0.07710087
146,1.44108401745659,11,0.07693363
146,1.44108401745659,12,0.07697643
146,1.44108401745659,13,0.07691706
146,1.44108401745659,14,0.07701255
146,1.44108401745659,15,0.07688675
147,1.45084994048891,0,0.07650404
147,1.45084994048891,1,0.07643764
147,1.45084994048891,2,0.07684365
147,1.45084994048891,3,0.07712073
147,1.45084994048891,4,0.07690649
147,1.45084994048891,5,0.07718731
147,1.45084994048891,6,0.07674219
147,1.45084994048891,7,0.07682477
147,1.45084994048891,8,0.07673556
147,1.45084994048891,9,0.07670995
147,1.45084994048891,10,0.07690126
147,1.45084994048891,11,0.07643787
147,1.45084994048891,12,0.07664349
147,1.45084994048891,13,0.07660536
147,1.45084994048891,14,0.07659412
147,1.45084994048891,15,0.07644167
148,1.46061586352123,0,0.07678904
148,1.46061586352123,1,0.07648468
148,1.46061586352123,2,0.07659002
148,1.46061586352123,3,0.07672963
148,1.46061586352123,4,0.07641543
148,1.46061586352123,5,0.07652688
148,1.46061586352123,6,0.07673869
148,1.46061586352123,7,0.07657546
148,1.46061586352123,8,0.07674637
148,1.46061586352123,9,0.07684159
148,1.46061586352123,10,0.07686306
148,1.46061586352123,11,0.07659949
148,1.46061586352123,12,0.07649836
148,1.46061586352123,13,0.07673799
148,1.46061586352123,14,0.07664283
148,1.46061586352123,15,0.07659923
149,1.47099215674306,0,0.07671533
149,1.47099215674306,1,0.07663646
149,1.47099215674306,2,0.07693853
149,1.47099215674306,3,0.07679793
149,1.47099215674306,4,0.07667557
149,1.47099215674306,5,0.0770435
149,1.47099215674306,6,0.0768479
149,1.47099215674306,7,0.07680684
149,1.47099215674306,8,0.07672294
149,1.47099215674306,9,0.07650414
149,1.47099215674306,10,0.07659598
149,1.47099215674306,11,0.07652139
149,1.47099215674306,12,0.0765704
149,1.47099215674306,13,0.07653287
149,1.47099215674306,14,0.0765608
149,1.47099215674306,15,0.07653341
150,1.48075807977538,0,0.07625822
150,1.48075807977538,1,0.07652725
150,1.48075807977538,2,0.07660992
150,1.48075807977538,3,0.07679664
150,1.48075807977538,4,0.07663451
150,1.48075807977538,5,0.07681518
150,1.48075807977538,6,0.07638022
150,1.48075807977538,7,0.07668086
150,1.48075807977538,8,0.0763773
150,1.48075807977538,9,0.07654034
150,1.48075807977538,10,0.07656921
150,1.48075807977538,11,0.07659212
150,1.48075807977538,12,0.07641654
150,1.48075807977538,13,0.07656208
150,1.48075807977538,14,0.07663794
150,1.48075807977538,15,0.07667152
151,1.49113437299722,0,0.07661084
151,1.49113437299722,1,0.07680007
151,1.49113437299722,2,0.07649113
151,1.49113437299722,3,0.07674799
151,1.49113437299722,4,0.07631626
151,1.49113437299722,5,0.07638405
151,1.49113437299722,6,0.07686412
151,1.49113437299722,7,0.07668275
151,1.49113437299722,8,0.07660837
151,1.49113437299722,9,0.07618254
151,1.49113437299722,10,0.07617337
151,1.49113437299722,11,0.0763765
151,1.49113437299722,12,0.07651894
151,1.49113437299722,13,0.0768403
151,1.49113437299722,14,0.07640924
151,1.49113437299722,15,0.07630257
152,1.50028992584002,0,0.07631987
152,1.50028992584002,1,0.07617309
152,1.50028992584002,2,0.07622875
152,1.50028992584002,3,0.07650088
152,1.50028992584002,4,0.07657376
152,1.50028992584002,5,0.07621924
152,1.50028992584002,6,0.0765496
152,1.50028992584002,7,0.07647517
152,1.50028992584002,8,0.07660741
152,1.50028992584002,9,0.0766369
152,1.50028992584002,10,0.07671814
152,1.50028992584002,11,0.07693085
152,1.50028992584002,12,0.07656825
152,1.50028992584002,13,0.0765311
152,1.50028992584002,14,0.07662129
152,1.50028992584002,15,0.07680399
153,1.51066621906186,0,0.07701573
153,1.51066621906186,1,0.07674409
153,1.51066621906186,2,0.0769214
153,1.51066621906186,3,0.07662119
153,1.51066621906186,4,0.07666828
153,1.51066621906186,5,0.07650986
153,1.51066621906186,6,0.07641457
153,1.51066621906186,7,0.07660267
153,1.51066621906186,8,0.07635979
153,1.51066621906186,9,0.07633343
153,1.51066621906186,10,0.07660885
153,1.51066621906186,11,0.0767331
153,1.51066621906186,12,0.07674805
153,1.51066621906186,13,0.07647612
153,1.51066621906186,14,0.07687861
153,1.51066621906186,15,0.07662664
154,1.5210425122837,0,0.07639061
154,1.5210425122837,1,0.07654294
154,1.5210425122837,2,0.07648641
154,1.5210425122837,3,0.0766755
154,1.5210425122837,4,0.0768061
154,1.5210425122837,5,0.07696204
154,1.5210425122837,6,0.07690287
154,1.5210425122837,7,0.07687724
154,1.5210425122837,8,0.07680742
154,1.5210425122837,9,0.07657409
154,1.5210425122837,10,0.07666011
154,1.5210425122837,11,0.07650869
154,1.5210425122837,12,0.0769379
154,1.5210425122837,13,0.07677457
154,1.5210425122837,14,0.07675693
154,1.5210425122837,15,0.07688197
155,1.5301980651265,0,0.07682748
155,1.5301980651265,1,0.0768737
155,1.5301980651265,2,0.07675338
155,1.5301980651265,3,0.07694882
155,1.5301980651265,4,0.07667197
155,1.5301980651265,5,0.07668655
155,1.5301980651265,6,0.076635
155,1.5301980651265,7,0.07660674
155,1.5301980651265,8,0.07711488
155,1.5301980651265,9,0.07701987
155,1.5301980651265,10,0.07696292
155,1.5301980651265,11,0.076875
155,1.5301980651265,12,0.07673962
155,1.5301980651265,13,0.07678977
155,1.5301980651265,14,0.07687538
155,1.5301980651265,15,0.07705995
156,1.54118472853786,0,0.0768689
156,1.54118472853786,1,0.07648882
156,1.54118472853786,2,0.0764868
156,1.54118472853786,3,0.07640027
156,1.54118472853786,4,0.07647511
156,1.54118472853786,5,0.07627811
156,1.54118472853786,6,0.07638793
156,1.54118472853786,7,0.07666453
156,1.54118472853786,8,0.07669111
156,1.54118472853786,9,0.07666564
156,1.54118472853786,10,0.07662639
156,1.54118472853786,11,0.07662819
156,1.54118472853786,12,0.07669847
156,1.54118472853786,13,0.07681488
156,1.54118472853786,14,0.07655989
156,1.54118472853786,15,0.07678137
157,1.55034028138066,0,0.07677553
157,1.55034028138066,1,0.07676838
157,1.55034028138066,2,0.07665356
157,1.55034028138066,3,0.07643808
157,1.55034028138066,4,0.07661225
157,1.55034028138066,5,0.0764024
157,1.55034028138066,6,0.07684892
157,1.55034028138066,7,0.07679657
157,1.55034028138066,8,0.07715128
157,1.55034028138066,9,0.07720544
157,1.55034028138066,10,0.0769479
157,1.55034028138066,11,0.07682959
157,1.55034028138066,12,0.07684097
157,1.55034028138066,13,0.0768773
157,1.55034028138066,14,0.07669737
157,1.55034028138066,15,0.07693281
158,1.5607165746025,0,0.07664427
158,1.5607165746025,1,0.07678132
158,1.5607165746025,2,0.07707029
158,1.5607165746025,3,0.07688336
158,1.5607165746025,4,0.07665079
158,1.5607165746025,5,0.0771965
158,1.5607165746025,6,0.07707439
158,1.5607165746025,7,0.07711549
158,1.5607165746025,8,0.07713832
158,1.5607165746025,9,0.07724969
158,1.5607165746025,10,0.07708338
158,1.5607165746025,11,0.07709772
158,1.5607165746025,12,0.07742506
158,1.5607165746025,13,0.07745011
158,1.5607165746025,14,0.07724597
158,1.5607165746025,15,0.07746013
159,1.57109286782434,0,0.07728031
159,1.57109286782434,1,0.07739656
159,1.57109286782434,2,0.07724794
159,1.57109286782434,3,0.0772207
159,1.57109286782434,4,0.07701802
159,1.57109286782434,5,0.07732575
159,1.57109286782434,6,0.07721853
159,1.57109286782434,7,0.07734627
159,1.57109286782434,8,0.07720704
159,1.57109286782434,9,0.07705835
159,1.57109286782434,10,0.07689634
159,1.57109286782434,11,0.07697083
159,1.57109286782434,12,0.0770584
159,1.57109286782434,13,0.07703678
159,1.57109286782434,14,0.0770352
159,1.57109286782434,15,0.07738538
160,1.58085879085665,0,0.07718431
160,1.58085879085665,1,0.07701733
160,1.58085879085665,2,0.07699525
160,1.58085879085665,3,0.07690918
160,1.58085879085665,4,0.07721592
160,1.58085879085665,5,0.07701631
160,1.58085879085665,6,0.07702016
160,1.58085879085665,7,0.07696215
160,1.58085879085665,8,0.07712676
160,1.58085879085665,9,0.07709309
160,1.58085879085665,10,0.07705012
160,1.58085879085665,11,0.07693383
160,1.58085879085665,12,0.0772995
160,1.58085879085665,13,0.07724725
160,1.58085879085665,14,0.0770691
160,1.58085879085665,15,0.0770724
161,1.59062471388897,0,0.07681786
161,1.59062471388897,1,0.07720509
161,1.59062471388897,2,0.07708146
161,1.59062471388897,3,0.07714879
161,1.59062471388897,4,0.07703739
161,1.59062471388897,5,0.07738549
161,1.59062471388897,6,0.07740286
161,1.59062471388897,7,0.07743113
161,1.59062471388897,8,0.07725943
161,1.59062471388897,9,0.0772073
161,1.59062471388897,10,0.07717456
161,1.59062471388897,11,0.07703313
161,1.59062471388897,12,0.07725143
161,1.59062471388897,13,0.07728762
161,1.59062471388897,14,0.07708718
161,1.59062471388897,15,0.07721604
162,1.60161137730033,0,0.07694042
162,1.60161137730033,1,0.07712047
162,1.60161137730033,2,0.07736111
162,1.60161137730033,3,0.07715394
162,1.60161137730033,4,0.07707992
162,1.60161137730033,5,0.07704557
162,1.60161137730033,6,0.07734755
162,1.60161137730033,7,0.07696263
162,1.60161137730033,8,0.0768925
162,1.60161137730033,9,0.07724635
162,1.60161137730033,10,0.077396
162,1.60161137730033,11,0.0775567
162,1.60161137730033,12,0.07723933
162,1.60161137730033,13,0.07731889
162,1.60161137730033,14,0.07751304
162,1.60161137730033,15,0.07746594
163,1.61137730033265,0,0.07729079
163,1.61137730033265,1,0.07687584
163,1.61137730033265,2,0.07705861
163,1.61137730033265,3,0.07744781
163,1.61137730033265,4,0.07726524
163,1.61137730033265,5,0.07737219
163,1.61137730033265,6,0.07727474
163,1.61137730033265,7,0.07702005
163,1.61137730033265,8,0.07740132
163,1.61137730033265,9,0.07703477
163,1.61137730033265,10,0.07711106
163,1.61137730033265,11,0.07723991
163,1.61137730033265,12,0.07751975
163,1.61137730033265,13,0.07706008
163,1.61137730033265,14,0.07700299
163,1.61137730033265,15,0.076993
164,1.62053285317545,0,0.07720354
164,1.62053285317545,1,0.07717495
164,1.62053285317545,2,0.07723282
164,1.62053285317545,3,0.07749169
164,1.62053285317545,4,0.07721152
164,1.62053285317545,5,0.07732715
164,1.62053285317545,6,0.07698622
164,1.62053285317545,7,0.07711807
164,1.62053285317545,8,0.07737454
164,1.62053285317545,9,0.07705899
164,1.62053285317545,10,0.0772054
164,1.62053285317545,11,0.07720414
164,1.62053285317545,12,0.07747241
164,1.62053285317545,13,0.0772427
164,1.62053285317545,14,0.07724803
164,1.62053285317545,15,0.07729341
165,1.63029877620777,0,0.07750374
165,1.63029877620777,1,0.07718726
165,1.63029877620777,2,0.07741068
165,1.63029877620777,3,0.07724753
165,1.63029877620777,4,0.07715955
165,1.63029877620777,5,0.07749093
165,1.63029877620777,6,0.07752471
165,1.63029877620777,7,0.07707771
165,1.63029877620777,8,0.07700425
165,1.63029877620777,9,0.07720895
165,1.63029877620777,10,0.07700515
165,1.63029877620777,11,0.07730038
165,1.63029877620777,12,0.0772045
165,1.63029877620777,13,0.07749219
165,1.63029877620777,14,0.0776492
165,1.63029877620777,15,0.07737484
166,1.64128543961913,0,0.07735444
166,1.64128543961913,1,0.07794874
166,1.64128543961913,2,0.07738028
166,1.64128543961913,3,0.07747506
166,1.64128543961913,4,0.07740911
166,1.64128543961913,5,0.07747998
166,1.64128543961913,6,0.07737027
166,1.64128543961913,7,0.0776143
166,1.64128543961913,8,0.0776563
166,1.64128543961913,9,0.07777711
166,1.64128543961913,10,0.07748366
166,1.64128543961913,11,0.07757852
166,1.64128543961913,12,0.07742617
166,1.64128543961913,13,0.07762798
166,1.64128543961913,14,0.07735787
166,1.64128543961913,15,0.07745723
167,1.65044099246193,0,0.07758552
167,1.65044099246193,1,0.07740002
167,1.65044099246193,2,0.07742511
167,1.65044099246193,3,0.07733044
167,1.65044099246193,4,0.07739507
167,1.65044099246193,5,0.0773515
167,1.65044099246193,6,0.07742951
167,1.65044099246193,7,0.07750662
167,1.65044099246193,8,0.0773823
167,1.65044099246193,9,0.07738347
167,1.65044099246193,10,0.0774665
167,1.65044099246193,11,0.07740542
167,1.65044099246193,12,0.0773854
167,1.65044099246193,13,0.07738689
167,1.65044099246193,14,0.07708669
167,1.65044099246193,15,0.07710072
168,1.66142765587329,0,0.07709295
168,1.66142765587329,1,0.07704785
168,1.66142765587329,2,0.07720403
168,1.66142765587329,3,0.07725835
168,1.66142765587329,4,0.07720898
168,1.66142765587329,5,0.0774933
168,1.66142765587329,6,0.07690732
168,1.66142765587329,7,0.07711136
168,1.66142765587329,8,0.0768959
168,1.66142765587329,9,0.07723015
168,1.66142765587329,10,0.07737801
168,1.66142765587329,11,0.07711638
168,1.66142765587329,12,0.07721636
168,1.66142765587329,13,0.07761206
168,1.66142765587329,14,0.0776476
168,1.66142765587329,15,0.07747669
169,1.67119357890561,0,0.07755324
169,1.67119357890561,1,0.07750727
169,1.67119357890561,2,0.07729001
169,1.67119357890561,3,0.07713432
169,1.67119357890561,4,0.07744994
169,1.67119357890561,5,0.07745098
169,1.67119357890561,6,0.07744574
169,1.67119357890561,7,0.0771151
169,1.67119357890561,8,0.07723276
169,1.67119357890561,9,0.0770141
169,1.67119357890561,10,0.07740353
169,1.67119357890561,11,0.07714879
169,1.67119357890561,12,0.07718946
169,1.67119357890561,13,0.07712678
169,1.67119357890561,14,0.07729401
169,1.67119357890561,15,0.07731309
170,1.68034913174841,0,0.07746966
170,1.68034913174841,1,0.07742347
170,1.68034913174841,2,0.07740148
170,1.68034913174841,3,0.07744519
170,1.68034913174841,4,0.0773068
170,1.68034913174841,5,0.07701796
170,1.68034913174841,6,0.07706374
170,1.68034913174841,7,0.07729529
170,1.68034913174841,8,0.076979
170,1.68034913174841,9,0.07703465
170,1.68034913174841,10,0.07732429
170,1.68034913174841,11,0.07748835
170,1.68034913174841,12,0.07713228
170,1.68034913174841,13,0.07755687
170,1.68034913174841,14,0.07728011
170,1.68034913174841,15,0.07730232
171,1.69194616534928,0,0.0771343
171,1.69194616534928,1,0.07712873
171,1.69194616534928,2,0.07735072
171,1.69194616534928,3,0.07734461
171,1.69194616534928,4,0.07749548
171,1.69194616534928,5,0.07753184
171,1.69194616534928,6,0.07738926
171,1.69194616534928,7,0.0773394
171,1.69194616534928,8,0.07747899
171,1.69194616534928,9,0.07748691
171,1.69194616534928,10,0.07756818
171,1.69194616534928,11,0.07711174
171,1.69194616534928,12,0.07721903
171,1.69194616534928,13,0.077373
171,1.69194616534928,14,0.07712551
171,1.69194616534928,15,0.07700055
172,1.70110171819208,0,0.07757589
172,1.70110171819208,1,0.07741734
172,1.70110171819208,2,0.07755414
172,1.70110171819208,3,0.07739034
172,1.70110171819208,4,0.077513
172,1.70110171819208,5,0.0776448
172,1.70110171819208,6,0.07744306
172,1.70110171819208,7,0.07778721
172,1.70110171819208,8,0.07742859
172,1.70110171819208,9,0.07736932
172,1.70110171819208,10,0.07703424
172,1.70110171819208,11,0.07736306
172,1.70110171819208,12,0.07729387
172,1.70110171819208,13,0.07727554
172,1.70110171819208,14,0.07738652
172,1.70110171819208,15,0.07737852
173,1.7108676412244,0,0.07755528
173,1.7108676412244,1,0.07753295
173,1.7108676412244,2,0.07753573
173,1.7108676412244,3,0.07749865
173,1.7108676412244,4,0.07749587
173,1.7108676412244,5,0.07753322
173,1.7108676412244,6,0.07742216
173,1.7108676412244,7,0.07726876
173,1.7108676412244,8,0.07739863
173,1.7108676412244,9,0.0774621
173,1.7108676412244,10,0.07742132
173,1.7108676412244,11,0.07738063
173,1.7108676412244,12,0.0775217
173,1.7108676412244,13,0.07765852
173,1.7108676412244,14,0.0777028
173,1.7108676412244,15,0.0777299
174,1.72124393444624,0,0.07797896
174,1.72124393444624,1,0.07784063
174,1.72124393444624,2,0.07772666
174,1.72124393444624,3,0.0775377
174,1.72124393444624,4,0.07758351
174,1.72124393444624,5,0.07777058
174,1.72124393444624,6,0.07775247
174,1.72124393444624,7,0.07784536
174,1.72124393444624,8,0.07744344
174,1.72124393444624,9,0.07765467
174,1.72124393444624,10,0.07763818
174,1.72124393444624,11,0.07782201
174,1.72124393444624,12,0.07767753
174,1.72124393444624,13,0.07753334
174,1.72124393444624,14,0.07766093
174,1.72124393444624,15,0.07790982
175,1.73100985747856,0,0.07817869
175,1.73100985747856,1,0.07787798
175,1.73100985747856,2,0.07782724
175,1.73100985747856,3,0.07759189
175,1.73100985747856,4,0.0778433
175,1.73100985747856,5,0.07767052
175,1.73100985747856,6,0.07775704
175,1.73100985747856,7,0.07733422
175,1.73100985747856,8,0.07753278
175,1.73100985747856,9,0.07736926
175,1.73100985747856,10,0.07748951
175,1.73100985747856,11,0.07742717
175,1.73100985747856,12,0.0772982
175,1.73100985747856,13,0.07758882
175,1.73100985747856,14,0.07744119
175,1.73100985747856,15,0.07742389
176,1.74077578051088,0,0.07722702
176,1.74077578051088,1,0.07734396
176,1.74077578051088,2,0.0773286
176,1.74077578051088,3,0.07761429
176,1.74077578051088,4,0.07732607
176,1.74077578051088,5,0.07756586
176,1.74077578051088,6,0.07754172
176,1.74077578051088,7,0.07781643
176,1.74077578051088,8,0.07780884
176,1.74077578051088,9,0.07784782
176,1.74077578051088,10,0.07769421
176,1.74077578051088,11,0.07786567
176,1.74077578051088,12,0.07786488
176,1.74077578051088,13,0.07772978
176,1.74077578051088,14,0.07750501
176,1.74077578051088,15,0.07753748
177,1.75176244392224,0,0.07763515
177,1.75176244392224,1,0.07778019
177,1.75176244392224,2,0.07723606
177,1.75176244392224,3,0.07738493
177,1.75176244392224,4,0.07740917
177,1.75176244392224,5,0.07735459
177,1.75176244392224,6,0.07761775
177,1.75176244392224,7,0.07773781
177,1.75176244392224,8,0.07770301
177,1.75176244392224,9,0.07797372
177,1.75176244392224,10,0.07776518
177,1.75176244392224,11,0.07764485
177,1.75176244392224,12,0.07730316
177,1.75176244392224,13,0.07757169
177,1.75176244392224,14,0.07755446
177,1.75176244392224,15,0.07813854
178,1.76030762657552,0,0.07810023
178,1.76030762657552,1,0.07800818
178,1.76030762657552,2,0.07797506
178,1.76030762657552,3,0.0780476
178,1.76030762657552,4,0.07802858
178,1.76030762657552,5,0.07801994
178,1.76030762657552,6,0.07812917
178,1.76030762657552,7,0.07819987
178,1.76030762657552,8,0.07797221
178,1.76030762657552,9,0.07816397
178,1.76030762657552,10,0.07794528
178,1.76030762657552,11,0.07783522
178,1.76030762657552,12,0.07799686
178,1.76030762657552,13,0.07810531
178,1.76030762657552,14,0.07790609
178,1.76030762657552,15,0.07803076
179,1.77129428998688,0,0.07768206
179,1.77129428998688,1,0.07777997
179,1.77129428998688,2,0.07765165
179,1.77129428998688,3,0.0775895
179,1.77129428998688,4,0.07764705
179,1.77129428998688,5,0.07773692
179,1.77129428998688,6,0.07809377
179,1.77129428998688,7,0.07781219
179,1.77129428998688,8,0.07785339
179,1.77129428998688,9,0.07755329
179,1.77129428998688,10,0.07756396
179,1.77129428998688,11,0.07755341
179,1.77129428998688,12,0.07749896
179,1.77129428998688,13,0.077441
179,1.77129428998688,14,0.07771328
179,1.77129428998688,15,0.07764691
180,1.77983947264016,0,0.07788757
180,1.77983947264016,1,0.07771534
180,1.77983947264016,2,0.07757925
180,1.77983947264016,3,0.07779741
180,1.77983947264016,4,0.077668
180,1.77983947264016,5,0.07757774
180,1.77983947264016,6,0.07766549
180,1.77983947264016,7,0.07759451
180,1.77983947264016,8,0.07763677
180,1.77983947264016,9,0.07753441
180,1.77983947264016,10,0.07735137
180,1.77983947264016,11,0.07742213
180,1.77983947264016,12,0.07756402
180,1.77983947264016,13,0.07736468
180,1.77983947264016,14,0.07743743
180,1.77983947264016,15,0.07733445
181,1.79082613605152,0,0.07791083
181,1.79082613605152,1,0.07769382
181,1.79082613605152,2,0.07751092
181,1.79082613605152,3,0.07763398
181,1.79082613605152,4,0.0774501
181,1.79082613605152,5,0.07758297
181,1.79082613605152,6,0.07762981
181,1.79082613605152,7,0.07769978
181,1.79082613605152,8,0.07765485
181,1.79082613605152,9,0.0777851
181,1.79082613605152,10,0.07789666
181,1.79082613605152,11,0.07792565
181,1.79082613605152,12,0.07779329
181,1.79082613605152,13,0.07764553
181,1.79082613605152,14,0.07764664
181,1.79082613605152,15,0.07782897
182,1.80059205908383,0,0.07744538
182,1.80059205908383,1,0.0774908
182,1.80059205908383,2,0.07759736
182,1.80059205908383,3,0.07807492
182,1.80059205908383,4,0.0779053
182,1.80059205908383,5,0.0777697
182,1.80059205908383,6,0.07756609
182,1.80059205908383,7,0.07769219
182,1.80059205908383,8,0.07746439
182,1.80059205908383,9,0.07748289
182,1.80059205908383,10,0.07768401
182,1.80059205908383,11,0.07779813
182,1.80059205908383,12,0.07757176
182,1.80059205908383,13,0.07763266
182,1.80059205908383,14,0.0779856
182,1.80059205908383,15,0.07759428
183,1.81035798211615,0,0.07764541
183,1.81035798211615,1,0.07757565
183,1.81035798211615,2,0.07764128
183,1.81035798211615,3,0.07758404
183,1.81035798211615,4,0.07800606
183,1.81035798211615,5,0.07762573
183,1.81035798211615,6,0.07763372
183,1.81035798211615,7,0.07767078
183,1.81035798211615,8,0.07727452
183,1.81035798211615,9,0.07770563
183,1.81035798211615,10,0.07742757
183,1.81035798211615,11,0.0774269
183,1.81035798211615,12,0.07773674
183,1.81035798211615,13,0.07765763
183,1.81035798211615,14,0.0776554
183,1.81035798211615,15,0.07760812
184,1.82134464552751,0,0.07741474
184,1.82134464552751,1,0.07760293
184,1.82134464552751,2,0.07761849
184,1.82134464552751,3,0.07772571
184,1.82134464552751,4,0.07804208
184,1.82134464552751,5,0.07787853
184,1.82134464552751,6,0.07783794
184,1.82134464552751,7,0.07789198
184,1.82134464552751,8,0.07750457
184,1.82134464552751,9,0.07763237
184,1.82134464552751,10,0.07772961
184,1.82134464552751,11,0.07795264
184,1.82134464552751,12,0.07744565
184,1.82134464552751,13,0.07741161
184,1.82134464552751,14,0.07760154
184,1.82134464552751,15,0.07741279
185,1.83050019837031,0,0.07775152
185,1.83050019837031,1,0.07787313
185,1.83050019837031,2,0.07795604
185,1.83050019837031,3,0.07788462
185,1.83050019837031,4,0.07778426
185,1.83050019837031,5,0.07773692
185,1.83050019837031,6,0.07782128
185,1.83050019837031,7,0.07775889
185,1.83050019837031,8,0.07776748
185,1.83050019837031,9,0.07783271
185,1.83050019837031,10,0.07769565
185,1.83050019837031,11,0.07790782
185,1.83050019837031,12,0.07794835
185,1.83050019837031,13,0.07788612
185,1.83050019837031,14,0.07780561
185,1.83050019837031,15,0.07751662
186,1.84087649159215,0,0.0778738
186,1.84087649159215,1,0.07744013
186,1.84087649159215,2,0.07767253
186,1.84087649159215,3,0.0776912
186,1.84087649159215,4,0.07762333
186,1.84087649159215,5,0.07757867
186,1.84087649159215,6,0.07774098
186,1.84087649159215,7,0.07727291
186,1.84087649159215,8,0.077397
186,1.84087649159215,9,0.07760271
186,1.84087649159215,10,0.07756189
186,1.84087649159215,11,0.07714197
186,1.84087649159215,12,0.07759034
186,1.84087649159215,13,0.07762863
186,1.84087649159215,14,0.07784252
186,1.84087649159215,15,0.07789142
187,1.85064241462447,0,0.0777014
187,1.85064241462447,1,0.07762641
187,1.85064241462447,2,0.0779542
187,1.85064241462447,3,0.07786003
187,1.85064241462447,4,0.0778724
187,1.85064241462447,5,0.07743393
187,1.85064241462447,6,0.07767613
187,1.85064241462447,7,0.07792276
187,1.85064241462447,8,0.07740109
187,1.85064241462447,9,0.07755608
187,1.85064241462447,10,0.07763281
187,1.85064241462447,11,0.07762951
187,1.85064241462447,12,0.07767849
187,1.85064241462447,13,0.07755168
187,1.85064241462447,14,0.07766777
187,1.85064241462447,15,0.0774696
188,1.86101870784631,0,0.07735035
188,1.86101870784631,1,0.07768462
188,1.86101870784631,2,0.07762679
188,1.86101870784631,3,0.07749316
188,1.86101870784631,4,0.07721151
188,1.86101870784631,5,0.07765496
188,1.86101870784631,6,0.07725465
188,1.86101870784631,7,0.07760009
188,1.86101870784631,8,0.07748728
188,1.86101870784631,9,0.07761234
188,1.86101870784631,10,0.07771724
188,1.86101870784631,11,0.07761799
188,1.86101870784631,12,0.07745025
188,1.86101870784631,13,0.07741861
188,1.86101870784631,14,0.07738291
188,1.86101870784631,15,0.07726996
189,1.87017426068911,0,0.07790854
189,1.87017426068911,1,0.07741134
189,1.87017426068911,2,0.07775191
189,1.87017426068911,3,0.07757679
189,1.87017426068911,4,0.07766081
189,1.87017426068911,5,0.07734672
189,1.87017426068911,6,0.07707401
189,1.87017426068911,7,0.07752816
189,1.87017426068911,8,0.07754568
189,1.87017426068911,9,0.07754674
189,1.87017426068911,10,0.07768283
189,1.87017426068911,11,0.07765935
189,1.87017426068911,12,0.07762857
189,1.87017426068911,13,0.07767681
189,1.87017426068911,14,0.07730912
189,1.87017426068911,15,0.07746664
190,1.88116092410047,0,0.07755934
190,1.88116092410047,1,0.07729415
190,1.88116092410047,2,0.07721428
190,1.88116092410047,3,0.07714738
190,1.88116092410047,4,0.0772318
190,1.88116092410047,5,0.07725815
190,1.88116092410047,6,0.0772532
190,1.88116092410047,7,0.07716835
190,1.88116092410047,8,0.07715636
190,1.88116092410047,9,0.07756563
190,1.88116092410047,10,0.07740024
190,1.88116092410047,11,0.07757087
190,1.88116092410047,12,0.0774397
190,1.88116092410047,13,0.07760277
190,1.88116092410047,14,0.07747922
190,1.88116092410047,15,0.0772598
191,1.89031647694327,0,0.07780003
191,1.89031647694327,1,0.07770959
191,1.89031647694327,2,0.07762863
191,1.89031647694327,3,0.07751876
191,1.89031647694327,4,0.07729019
191,1.89031647694327,5,0.07745373
191,1.89031647694327,6,0.07768834
191,1.89031647694327,7,0.07771752
191,1.89031647694327,8,0.07776602
191,1.89031647694327,9,0.07756779
191,1.89031647694327,10,0.07783338
191,1.89031647694327,11,0.07761385
191,1.89031647694327,12,0.07749364
191,1.89031647694327,13,0.07772816
191,1.89031647694327,14,0.07781593
191,1.89031647694327,15,0.07729685
192,1.90130314035462,0,0.07762651
192,1.90130314035462,1,0.07771143
192,1.90130314035462,2,0.07748301
192,1.90130314035462,3,0.07755131
192,1.90130314035462,4,0.07748371
192,1.90130314035462,5,0.07728413
192,1.90130314035462,6,0.07766577
192,1.90130314035462,7,0.07748251
192,1.90130314035462,8,0.07770742
192,1.90130314035462,9,0.07754611
192,1.90130314035462,10,0.07735341
192,1.90130314035462,11,0.07752436
192,1.90130314035462,12,0.07759596
192,1.90130314035462,13,0.07771116
192,1.90130314035462,14,0.07765636
192,1.90130314035462,15,0.07760085
193,1.91106906338694,0,0.07803372
193,1.91106906338694,1,0.07775325
193,1.91106906338694,2,0.07806154
193,1.91106906338694,3,0.07769927
193,1.91106906338694,4,0.07777271
193,1.91106906338694,5,0.0776767
193,1.91106906338694,6,0.07743799
193,1.91106906338694,7,0.07756369
193,1.91106906338694,8,0.07732671
193,1.91106906338694,9,0.07737928
193,1.91106906338694,10,0.07747775
193,1.91106906338694,11,0.07753991
193,1.91106906338694,12,0.07796653
193,1.91106906338694,13,0.0775386
193,1.91106906338694,14,0.0773591
193,1.91106906338694,15,0.07748652
194,1.92083498641926,0,0.07761151
194,1.92083498641926,1,0.07801086
194,1.92083498641926,2,0.07743951
194,1.92083498641926,3,0.07777304
194,1.92083498641926,4,0.07755593
194,1.92083498641926,5,0.07752275
194,1.92083498641926,6,0.07762568
194,1.92083498641926,7,0.07767519
194,1.92083498641926,8,0.0776327
194,1.92083498641926,9,0.07756942
194,1.92083498641926,10,0.07759228
194,1.92083498641926,11,0.077608
194,1.92083498641926,12,0.07758587
194,1.92083498641926,13,0.07738663
194,1.92083498641926,14,0.07747095
194,1.92083498641926,15,0.07733747
195,1.9312112796411,0,0.07729326
195,1.9312112796411,1,0.07737595
195,1.9312112796411,2,0.07736567
195,1.9312112796411,3,0.07760784
195,1.9312112796411,4,0.07763118
195,1.9312112796411,5,0.07757322
195,1.9312112796411,6,0.07744581
195,1.9312112796411,7,0.0774758
195,1.9312112796411,8,0.07737605
195,1.9312112796411,9,0.07739467
195,1.9312112796411,10,0.07739913
195,1.9312112796411,11,0.07757204
195,1.9312112796411,12,0.07744357
195,1.9312112796411,13,0.07737941
195,1.9312112796411,14,0.0773454
195,1.9312112796411,15,0.07722753
196,1.9403668324839,0,0.07745934
196,1.9403668324839,1,0.07749949
196,1.9403668324839,2,0.07738954
196,1.9403668324839,3,0.07728337
196,1.9403668324839,4,0.07752599
196,1.9403668324839,5,0.07716234
196,1.9403668324839,6,0.07735564
196,1.9403668324839,7,0.0778675
196,1.9403668324839,8,0.07750458
196,1.9403668324839,9,0.07777973
196,1.9403668324839,10,0.0776869
196,1.9403668324839,11,0.07771227
196,1.9403668324839,12,0.07747179
196,1.9403668324839,13,0.07775307
196,1.9403668324839,14,0.07795487
196,1.9403668324839,15,0.07791261
197,1.95074312570574,0,0.07767402
197,1.95074312570574,1,0.07796089
197,1.95074312570574,2,0.07770803
197,1.95074312570574,3,0.0775814
197,1.95074312570574,4,0.07782875
197,1.95074312570574,5,0.07768585
197,1.95074312570574,6,0.07792142
197,1.95074312570574,7,0.07769353
197,1.95074312570574,8,0.07781543
197,1.95074312570574,9,0.07797578
197,1.95074312570574,10,0.07779992
197,1.95074312570574,11,0.07799669
197,1.95074312570574,12,0.07764709
197,1.95074312570574,13,0.07798889
197,1.95074312570574,14,0.07788674
197,1.95074312570574,15,0.07764903
198,1.96050904873806,0,0.07797957
198,1.96050904873806,1,0.07771149
198,1.96050904873806,2,0.07779535
198,1.96050904873806,3,0.07791261
198,1.96050904873806,4,0.07763644
198,1.96050904873806,5,0.07765931
198,1.96050904873806,6,0.07757119
198,1.96050904873806,7,0.07762825
198,1.96050904873806,8,0.07768992
198,1.96050904873806,9,0.07765914
198,1.96050904873806,10,0.07778336
198,1.96050904873806,11,0.07775599
198,1.96050904873806,12,0.07778197
198,1.96050904873806,13,0.0778195
198,1.96050904873806,14,0.07747512
198,1.96050904873806,15,0.07763655
199,1.97027497177038,0,0.07769281
199,1.97027497177038,1,0.07784911
199,1.97027497177038,2,0.07779613
199,1.97027497177038,3,0.07797004
199,1.97027497177038,4,0.0780486
199,1.97027497177038,5,0.07816106
199,1.97027497177038,6,0.07807469
199,1.97027497177038,7,0.07786907
199,1.97027497177038,8,0.0777741
199,1.97027497177038,9,0.07785033
199,1.97027497177038,10,0.07771685
199,1.97027497177038,11,0.07800979
199,1.97027497177038,12,0.0773988
199,1.97027497177038,13,0.07779005
199,1.97027497177038,14,0.07777243
199,1.97027497177038,15,0.07760254
200,1.98065126499222,0,0.07750146
200,1.98065126499222,1,0.07753457
200,1.98065126499222,2,0.07768528
200,1.98065126499222,3,0.07775147
200,1.98065126499222,4,0.07755977
200,1.98065126499222,5,0.07762089
200,1.98065126499222,6,0.07749584
200,1.98065126499222,7,0.07799106
200,1.98065126499222,8,0.07781727
200,1.98065126499222,9,0.07773201
200,1.98065126499222,10,0.07781977
200,1.98065126499222,11,0.07784212
200,1.98065126499222,12,0.07765713
200,1.98065126499222,13,0.07768206
200,1.98065126499222,14,0.07754784
200,1.98065126499222,15,0.07778259
