position,voltage_mean,voltage_std,n_samples
-0.00228888821069979,0.0041976508125,0.0002477770209745596,16
0.493713187047945,0.0043187785,0.00022265091579112142,16
0.989715262306589,0.0048252230625,0.00016722229112975216,16
1.48731955931272,0.0047705308125,0.00015618149759263203,16
1.9762260811182,0.044766415000000004,0.0006485902413793319,16
2.47222815637684,0.24490136875000001,0.0009383503654810576,16
2.96777245399335,0.4483045875,0.0010274888386711252,16
