pos_index,position,sample_index,voltage
0,1.49113437299722,0,0.05806946
0,1.49113437299722,1,0.05794238
0,1.49113437299722,2,0.05826249
0,1.49113437299722,3,0.05807557
0,1.49113437299722,4,0.05833363
0,1.49113437299722,5,0.05814482
0,1.49113437299722,6,0.05818538
0,1.49113437299722,7,0.05825308
0,1.49113437299722,8,0.05829612
0,1.49113437299722,9,0.05791607
0,1.49113437299722,10,0.05827993
0,1.49113437299722,11,0.05826551
1,1.49174474318674,0,0.05849417
1,1.49174474318674,1,0.05839544
1,1.49174474318674,2,0.05827554
1,1.49174474318674,3,0.05815289
1,1.49174474318674,4,0.05844436
1,1.49174474318674,5,0.05843224
1,1.49174474318674,6,0.05828859
1,1.49174474318674,7,0.05847894
1,1.49174474318674,8,0.05840275
1,1.49174474318674,9,0.05826442
1,1.49174474318674,10,0.05836168
1,1.49174474318674,11,0.05844076
1,1.49174474318674,12,0.05850337
1,1.49174474318674,13,0.0582433
1,1.49174474318674,14,0.05842107
1,1.49174474318674,15,0.05842998
2,1.50212103640858,0,0.05825768
2,1.50212103640858,1,0.0581881
2,1.50212103640858,2,0.05839631
2,1.50212103640858,3,0.05876217
2,1.50212103640858,4,0.05839593
2,1.50212103640858,5,0.0583608
2,1.50212103640858,6,0.05866688
2,1.50212103640858,7,0.0583005
2,1.50212103640858,8,0.05856396
2,1.50212103640858,9,0.0582939
2,1.50212103640858,10,0.05825823
2,1.50212103640858,11,0.05857851
2,1.50212103640858,12,0.0583473
2,1.50212103640858,13,0.05848304
2,1.50212103640858,14,0.05862999
2,1.50212103640858,15,0.05840183
3,1.5118869594409,0,0.05819316
3,1.5118869594409,1,0.05835294
3,1.5118869594409,2,0.05851319
3,1.5118869594409,3,0.05866855
3,1.5118869594409,4,0.05843303
3,1.5118869594409,5,0.0584268
3,1.5118869594409,6,0.05851081
3,1.5118869594409,7,0.05848609
3,1.5118869594409,8,0.05857943
3,1.5118869594409,9,0.05823724
3,1.5118869594409,10,0.05848948
3,1.5118869594409,11,0.0587452
3,1.5118869594409,12,0.0585185
3,1.5118869594409,13,0.05837197
3,1.5118869594409,14,0.05843796
3,1.5118869594409,15,0.05840062
4,1.52226325266274,0,0.05836976
4,1.52226325266274,1,0.05833827
4,1.52226325266274,2,0.05833739
4,1.52226325266274,3,0.05836658
4,1.52226325266274,4,0.05828219
4,1.52226325266274,5,0.0584383
4,1.52226325266274,6,0.05833375
4,1.52226325266274,7,0.05840618
4,1.52226325266274,8,0.05819123
4,1.52226325266274,9,0.05823732
4,1.52226325266274,10,0.05838163
4,1.52226325266274,11,0.05839786
4,1.52226325266274,12,0.0582471
4,1.52226325266274,13,0.05839351
4,1.52226325266274,14,0.05808239
4,1.52226325266274,15,0.05819173
5,1.53141880550554,0,0.0581666
5,1.53141880550554,1,0.05829549
5,1.53141880550554,2,0.0582875
5,1.53141880550554,3,0.05839334
5,1.53141880550554,4,0.05848192
5,1.53141880550554,5,0.05835157
5,1.53141880550554,6,0.05836616
5,1.53141880550554,7,0.05823547
5,1.53141880550554,8,0.05825819
5,1.53141880550554,9,0.05840894
5,1.53141880550554,10,0.05839096
5,1.53141880550554,11,0.0582254
5,1.53141880550554,12,0.05812704
5,1.53141880550554,13,0.05812616
5,1.53141880550554,14,0.05852942
5,1.53141880550554,15,0.05842943
6,1.54179509872738,0,0.05853072
6,1.54179509872738,1,0.05857596
6,1.54179509872738,2,0.05840739
6,1.54179509872738,3,0.05868469
6,1.54179509872738,4,0.05832777
6,1.54179509872738,5,0.05834579
6,1.54179509872738,6,0.0582405
6,1.54179509872738,7,0.05818906
6,1.54179509872738,8,0.05831255
6,1.54179509872738,9,0.05811262
6,1.54179509872738,10,0.05822281
6,1.54179509872738,11,0.05807649
6,1.54179509872738,12,0.05830009
6,1.54179509872738,13,0.05864266
6,1.54179509872738,14,0.05809087
6,1.54179509872738,15,0.05851704
7,1.5515610217597,0,0.0582663
7,1.5515610217597,1,0.05822941
7,1.5515610217597,2,0.05809673
7,1.5515610217597,3,0.05848882
7,1.5515610217597,4,0.05847074
7,1.5515610217597,5,0.05827015
7,1.5515610217597,6,0.05820357
7,1.5515610217597,7,0.05848886
7,1.5515610217597,8,0.0584043
7,1.5515610217597,9,0.05829704
7,1.5515610217597,10,0.05837089
7,1.5515610217597,11,0.05824635
7,1.5515610217597,12,0.05815527
7,1.5515610217597,13,0.05823075
7,1.5515610217597,14,0.05827437
7,1.5515610217597,15,0.05811387
8,1.56193731498154,0,0.05782783
8,1.56193731498154,1,0.05806988
8,1.56193731498154,2,0.05809091
8,1.56193731498154,3,0.05834119
8,1.56193731498154,4,0.05833948
8,1.56193731498154,5,0.05834287
8,1.56193731498154,6,0.05825334
8,1.56193731498154,7,0.05857074
8,1.56193731498154,8,0.05824886
8,1.56193731498154,9,0.05842182
8,1.56193731498154,10,0.05854343
8,1.56193731498154,11,0.0583105
8,1.56193731498154,12,0.05807067
8,1.56193731498154,13,0.058253
8,1.56193731498154,14,0.05829917
8,1.56193731498154,15,0.05857186
9,1.57109286782434,0,0.05823234
9,1.57109286782434,1,0.05850934
9,1.57109286782434,2,0.05820608
9,1.57109286782434,3,0.05828419
9,1.57109286782434,4,0.05819726
9,1.57109286782434,5,0.05827153
9,1.57109286782434,6,0.05829641
9,1.57109286782434,7,0.05828879
9,1.57109286782434,8,0.05823732
9,1.57109286782434,9,0.05833438
9,1.57109286782434,10,0.05836503
9,1.57109286782434,11,0.05814678
9,1.57109286782434,12,0.05832974
9,1.57109286782434,13,0.05863388
9,1.57109286782434,14,0.0584656
9,1.57109286782434,15,0.05826149
10,1.58207953123569,0,0.05847856
10,1.58207953123569,1,0.05853552
10,1.58207953123569,2,0.05807699
10,1.58207953123569,3,0.05874633
10,1.58207953123569,4,0.05862965
10,1.58207953123569,5,0.05887212
10,1.58207953123569,6,0.05854054
10,1.58207953123569,7,0.0583969
10,1.58207953123569,8,0.05849044
10,1.58207953123569,9,0.05829277
10,1.58207953123569,10,0.05827224
10,1.58207953123569,11,0.0584559
10,1.58207953123569,12,0.05825263
10,1.58207953123569,13,0.05825141
10,1.58207953123569,14,0.05831589
10,1.58207953123569,15,0.05846317
11,1.59184545426801,0,0.05856542
11,1.59184545426801,1,0.05851218
11,1.59184545426801,2,0.05875846
11,1.59184545426801,3,0.05876185
11,1.59184545426801,4,0.05867787
11,1.59184545426801,5,0.0586591
11,1.59184545426801,6,0.05854853
11,1.59184545426801,7,0.0584252
11,1.59184545426801,8,0.05839397
11,1.59184545426801,9,0.05829959
11,1.59184545426801,10,0.05845607
11,1.59184545426801,11,0.05861075
11,1.59184545426801,12,0.05855468
11,1.59184545426801,13,0.05825869
11,1.59184545426801,14,0.05827123
11,1.59184545426801,15,0.05828014
12,1.60222174748985,0,0.05870723
12,1.60222174748985,1,0.05847292
12,1.60222174748985,2,0.05833467
12,1.60222174748985,3,0.05845945
12,1.60222174748985,4,0.05833225
12,1.60222174748985,5,0.05847627
12,1.60222174748985,6,0.05832263
12,1.60222174748985,7,0.0584577
12,1.60222174748985,8,0.05821457
12,1.60222174748985,9,0.05844511
12,1.60222174748985,10,0.05837402
12,1.60222174748985,11,0.05857671
12,1.60222174748985,12,0.05829231
12,1.60222174748985,13,0.05827099
12,1.60222174748985,14,0.05851039
12,1.60222174748985,15,0.05858177
13,1.61198767052217,0,0.05858704
13,1.61198767052217,1,0.05840952
13,1.61198767052217,2,0.05844415
13,1.61198767052217,3,0.05829758
13,1.61198767052217,4,0.05843311
13,1.61198767052217,5,0.05840911
13,1.61198767052217,6,0.05831556
13,1.61198767052217,7,0.05802083
13,1.61198767052217,8,0.05826642
13,1.61198767052217,9,0.05816527
13,1.61198767052217,10,0.05839309
13,1.61198767052217,11,0.05836407
13,1.61198767052217,12,0.05797762
13,1.61198767052217,13,0.05809986
13,1.61198767052217,14,0.05818325
13,1.61198767052217,15,0.05836967
14,1.62114322336497,0,0.05836357
14,1.62114322336497,1,0.05843018
14,1.62114322336497,2,0.05853941
14,1.62114322336497,3,0.05875428
14,1.62114322336497,4,0.05873517
14,1.62114322336497,5,0.05842542
14,1.62114322336497,6,0.05854109
14,1.62114322336497,7,0.05858261
14,1.62114322336497,8,0.05852749
14,1.62114322336497,9,0.05885154
14,1.62114322336497,10,0.05851043
14,1.62114322336497,11,0.05858224
14,1.62114322336497,12,0.05865746
14,1.62114322336497,13,0.05855417
14,1.62114322336497,14,0.05858353
14,1.62114322336497,15,0.05824401
15,1.63212988677633,0,0.05830067
15,1.63212988677633,1,0.05848781
15,1.63212988677633,2,0.05849425
15,1.63212988677633,3,0.05859897
15,1.63212988677633,4,0.05848605
15,1.63212988677633,5,0.05832736
15,1.63212988677633,6,0.05865157
15,1.63212988677633,7,0.05854355
15,1.63212988677633,8,0.05855668
15,1.63212988677633,9,0.05843671
15,1.63212988677633,10,0.05853314
15,1.63212988677633,11,0.05880772
15,1.63212988677633,12,0.05881567
15,1.63212988677633,13,0.05864897
15,1.63212988677633,14,0.05847351
15,1.63212988677633,15,0.058773
16,1.64189580980865,0,0.05865558
16,1.64189580980865,1,0.05870719
16,1.64189580980865,2,0.05836135
16,1.64189580980865,3,0.05844223
16,1.64189580980865,4,0.0586897
16,1.64189580980865,5,0.05866922
16,1.64189580980865,6,0.05868787
16,1.64189580980865,7,0.0585387
16,1.64189580980865,8,0.0586422
16,1.64189580980865,9,0.0588344
16,1.64189580980865,10,0.05870836
16,1.64189580980865,11,0.05896993
16,1.64189580980865,12,0.05856501
16,1.64189580980865,13,0.05853974
16,1.64189580980865,14,0.05860197
16,1.64189580980865,15,0.0589162
17,1.65166173284097,0,0.05917727
17,1.65166173284097,1,0.05918375
17,1.65166173284097,2,0.05885547
17,1.65166173284097,3,0.05907473
17,1.65166173284097,4,0.05898795
17,1.65166173284097,5,0.05910204
17,1.65166173284097,6,0.05903266
17,1.65166173284097,7,0.05892961
17,1.65166173284097,8,0.0589471
17,1.65166173284097,9,0.05860419
17,1.65166173284097,10,0.05889181
17,1.65166173284097,11,0.05895011
17,1.65166173284097,12,0.05880399
17,1.65166173284097,13,0.05896169
17,1.65166173284097,14,0.05889403
17,1.65166173284097,15,0.05898829
18,1.66264839625233,0,0.05873517
18,1.66264839625233,1,0.05884456
18,1.66264839625233,2,0.0588878
18,1.66264839625233,3,0.05883335
18,1.66264839625233,4,0.05870284
18,1.66264839625233,5,0.05885313
18,1.66264839625233,6,0.05889963
18,1.66264839625233,7,0.05875093
18,1.66264839625233,8,0.0588732
18,1.66264839625233,9,0.05872705
18,1.66264839625233,10,0.05869983
18,1.66264839625233,11,0.0588497
18,1.66264839625233,12,0.05877522
18,1.66264839625233,13,0.05887354
18,1.66264839625233,14,0.05889675
18,1.66264839625233,15,0.0588206
19,1.67180394909513,0,0.05890979
19,1.67180394909513,1,0.05886057
19,1.67180394909513,2,0.05873177
19,1.67180394909513,3,0.0589269
19,1.67180394909513,4,0.05886601
19,1.67180394909513,5,0.05883252
19,1.67180394909513,6,0.05879563
19,1.67180394909513,7,0.05879446
19,1.67180394909513,8,0.05902822
19,1.67180394909513,9,0.05913064
19,1.67180394909513,10,0.05892966
19,1.67180394909513,11,0.05869088
19,1.67180394909513,12,0.05884803
19,1.67180394909513,13,0.05903403
19,1.67180394909513,14,0.05902011
19,1.67180394909513,15,0.05878342
20,1.68218024231697,0,0.05886802
20,1.68218024231697,1,0.05914577
20,1.68218024231697,2,0.05909948
20,1.68218024231697,3,0.05888442
20,1.68218024231697,4,0.0588847
20,1.68218024231697,5,0.05895567
20,1.68218024231697,6,0.05857864
20,1.68218024231697,7,0.05887743
20,1.68218024231697,8,0.05878543
20,1.68218024231697,9,0.05918693
20,1.68218024231697,10,0.05912165
20,1.68218024231697,11,0.05880609
20,1.68218024231697,12,0.05880817
20,1.68218024231697,13,0.05875925
20,1.68218024231697,14,0.05861126
20,1.68218024231697,15,0.05885062
21,1.6925565355388,0,0.05879634
21,1.6925565355388,1,0.05869682
21,1.6925565355388,2,0.05873303
21,1.6925565355388,3,0.05857006
21,1.6925565355388,4,0.05863396
21,1.6925565355388,5,0.05846694
21,1.6925565355388,6,0.05868703
21,1.6925565355388,7,0.0586399
21,1.6925565355388,8,0.05843328
21,1.6925565355388,9,0.05839154
21,1.6925565355388,10,0.05862891
21,1.6925565355388,11,0.05859884
21,1.6925565355388,12,0.05851039
21,1.6925565355388,13,0.05886551
21,1.6925565355388,14,0.05857149
21,1.6925565355388,15,0.05840426
22,1.7017120883816,0,0.05868293
22,1.7017120883816,1,0.05847012
22,1.7017120883816,2,0.05848162
22,1.7017120883816,3,0.05883561
22,1.7017120883816,4,0.05856651
22,1.7017120883816,5,0.05869802
22,1.7017120883816,6,0.0584439
22,1.7017120883816,7,0.05852248
22,1.7017120883816,8,0.05841471
22,1.7017120883816,9,0.05817622
22,1.7017120883816,10,0.05827136
22,1.7017120883816,11,0.05864596
22,1.7017120883816,12,0.05850019
22,1.7017120883816,13,0.05866177
22,1.7017120883816,14,0.05875126
22,1.7017120883816,15,0.05855944
23,1.71208838160344,0,0.05848141
23,1.71208838160344,1,0.05842797
23,1.71208838160344,2,0.05859466
23,1.71208838160344,3,0.05846706
23,1.71208838160344,4,0.05837093
23,1.71208838160344,5,0.05885188
23,1.71208838160344,6,0.05847497
23,1.71208838160344,7,0.05867369
23,1.71208838160344,8,0.05869021
23,1.71208838160344,9,0.05880751
23,1.71208838160344,10,0.05849534
23,1.71208838160344,11,0.05883247
23,1.71208838160344,12,0.0587237
23,1.71208838160344,13,0.05842726
23,1.71208838160344,14,0.05878342
23,1.71208838160344,15,0.05896574
24,1.72185430463576,0,0.05893213
24,1.72185430463576,1,0.0586586
24,1.72185430463576,2,0.05859938
24,1.72185430463576,3,0.05872621
24,1.72185430463576,4,0.05878422
24,1.72185430463576,5,0.05879722
24,1.72185430463576,6,0.05896186
24,1.72185430463576,7,0.05872701
24,1.72185430463576,8,0.05869903
24,1.72185430463576,9,0.05885351
24,1.72185430463576,10,0.05866374
24,1.72185430463576,11,0.05901811
24,1.72185430463576,12,0.05885602
24,1.72185430463576,13,0.05888909
24,1.72185430463576,14,0.05884958
24,1.72185430463576,15,0.05923585
25,1.73162022766808,0,0.0587953
25,1.73162022766808,1,0.05907916
25,1.73162022766808,2,0.05887584
25,1.73162022766808,3,0.0591446
25,1.73162022766808,4,0.05872617
25,1.73162022766808,5,0.05880638
25,1.73162022766808,6,0.05864203
25,1.73162022766808,7,0.05857258
25,1.73162022766808,8,0.05867227
25,1.73162022766808,9,0.05858871
25,1.73162022766808,10,0.0586974
25,1.73162022766808,11,0.05879731
25,1.73162022766808,12,0.05889173
25,1.73162022766808,13,0.05890975
25,1.73162022766808,14,0.05858976
25,1.73162022766808,15,0.05899264
26,1.74199652088992,0,0.05851256
26,1.74199652088992,1,0.05875226
26,1.74199652088992,2,0.05856346
26,1.74199652088992,3,0.05882946
26,1.74199652088992,4,0.05886835
26,1.74199652088992,5,0.05888734
26,1.74199652088992,6,0.05866888
26,1.74199652088992,7,0.05871999
26,1.74199652088992,8,0.05903709
26,1.74199652088992,9,0.0588551
26,1.74199652088992,10,0.05899017
26,1.74199652088992,11,0.05883988
26,1.74199652088992,12,0.05885777
26,1.74199652088992,13,0.05879292
26,1.74199652088992,14,0.05895692
26,1.74199652088992,15,0.05880729
27,1.75237281411176,0,0.05864994
27,1.75237281411176,1,0.05857061
27,1.75237281411176,2,0.05869506
27,1.75237281411176,3,0.05888387
27,1.75237281411176,4,0.05870397
27,1.75237281411176,5,0.05883478
27,1.75237281411176,6,0.05844628
27,1.75237281411176,7,0.05854301
27,1.75237281411176,8,0.05877669
27,1.75237281411176,9,0.05878326
27,1.75237281411176,10,0.05869773
27,1.75237281411176,11,0.05865404
27,1.75237281411176,12,0.05866972
27,1.75237281411176,13,0.05877108
27,1.75237281411176,14,0.05889491
27,1.75237281411176,15,0.05874524
28,1.76152836695456,0,0.05866424
28,1.76152836695456,1,0.0588814
28,1.76152836695456,2,0.05864781
28,1.76152836695456,3,0.05860273
28,1.76152836695456,4,0.05852892
28,1.76152836695456,5,0.05855099
28,1.76152836695456,6,0.05862539
28,1.76152836695456,7,0.05850068
28,1.76152836695456,8,0.05874009
28,1.76152836695456,9,0.05852934
28,1.76152836695456,10,0.05851135
28,1.76152836695456,11,0.05869029
28,1.76152836695456,12,0.05876578
28,1.76152836695456,13,0.05879421
28,1.76152836695456,14,0.05875519
28,1.76152836695456,15,0.05909133
29,1.7719046601764,0,0.05872065
29,1.7719046601764,1,0.05871948
29,1.7719046601764,2,0.05868055
29,1.7719046601764,3,0.0586374
29,1.7719046601764,4,0.05891389
29,1.7719046601764,5,0.05893969
29,1.7719046601764,6,0.05860147
29,1.7719046601764,7,0.0587613
29,1.7719046601764,8,0.05867394
29,1.7719046601764,9,0.05891214
29,1.7719046601764,10,0.05874742
29,1.7719046601764,11,0.05854514
29,1.7719046601764,12,0.05880927
29,1.7719046601764,13,0.05896273
29,1.7719046601764,14,0.05878481
29,1.7719046601764,15,0.05904955
30,1.78228095339824,0,0.05895103
30,1.78228095339824,1,0.05885154
30,1.78228095339824,2,0.05868105
30,1.78228095339824,3,0.05889792
30,1.78228095339824,4,0.0587672
30,1.78228095339824,5,0.05863957
30,1.78228095339824,6,0.05848593
30,1.78228095339824,7,0.05861188
30,1.78228095339824,8,0.05865571
30,1.78228095339824,9,0.05878614
30,1.78228095339824,10,0.05857776
30,1.78228095339824,11,0.05869435
30,1.78228095339824,12,0.05852963
30,1.78228095339824,13,0.05838435
30,1.78228095339824,14,0.05866804
30,1.78228095339824,15,0.05880646
31,1.79204687643056,0,0.05875122
31,1.79204687643056,1,0.05868322
31,1.79204687643056,2,0.058817
31,1.79204687643056,3,0.05897604
31,1.79204687643056,4,0.05886191
31,1.79204687643056,5,0.05872115
31,1.79204687643056,6,0.05888077
31,1.79204687643056,7,0.05889691
31,1.79204687643056,8,0.05866194
31,1.79204687643056,9,0.05895596
31,1.79204687643056,10,0.05880717
31,1.79204687643056,11,0.05870986
31,1.79204687643056,12,0.0585387
31,1.79204687643056,13,0.05875641
31,1.79204687643056,14,0.05889545
31,1.79204687643056,15,0.05847426
32,1.80181279946287,0,0.0584651
32,1.80181279946287,1,0.05877275
32,1.80181279946287,2,0.05869598
32,1.80181279946287,3,0.05865784
32,1.80181279946287,4,0.05881027
32,1.80181279946287,5,0.0586821
32,1.80181279946287,6,0.05878116
32,1.80181279946287,7,0.05872049
32,1.80181279946287,8,0.05846138
32,1.80181279946287,9,0.05831907
32,1.80181279946287,10,0.05867992
32,1.80181279946287,11,0.05868519
32,1.80181279946287,12,0.05870083
32,1.80181279946287,13,0.05848768
32,1.80181279946287,14,0.05880805
32,1.80181279946287,15,0.0586688
33,1.81157872249519,0,0.05853051
33,1.81157872249519,1,0.05855196
33,1.81157872249519,2,0.05865517
33,1.81157872249519,3,0.05844415
33,1.81157872249519,4,0.05862197
33,1.81157872249519,5,0.05852151
33,1.81157872249519,6,0.05843897
33,1.81157872249519,7,0.05863777
33,1.81157872249519,8,0.05884603
33,1.81157872249519,9,0.05852757
33,1.81157872249519,10,0.05857069
33,1.81157872249519,11,0.05850257
33,1.81157872249519,12,0.05862606
33,1.81157872249519,13,0.05867214
33,1.81157872249519,14,0.05837871
33,1.81157872249519,15,0.05866051
34,1.82195501571703,0,0.05848948
34,1.82195501571703,1,0.05858257
34,1.82195501571703,2,0.05873048
34,1.82195501571703,3,0.0587452
34,1.82195501571703,4,0.0587452
34,1.82195501571703,5,0.05905871
34,1.82195501571703,6,0.05906716
34,1.82195501571703,7,0.05876314
34,1.82195501571703,8,0.05890524
34,1.82195501571703,9,0.05889022
34,1.82195501571703,10,0.05908874
34,1.82195501571703,11,0.05884263
34,1.82195501571703,12,0.05878517
34,1.82195501571703,13,0.05867005
34,1.82195501571703,14,0.0590685
34,1.82195501571703,15,0.05892548
35,1.83172093874935,0,0.05881178
35,1.83172093874935,1,0.05880441
35,1.83172093874935,2,0.05893217
35,1.83172093874935,3,0.05868549
35,1.83172093874935,4,0.05877715
35,1.83172093874935,5,0.05875373
35,1.83172093874935,6,0.05881148
35,1.83172093874935,7,0.05900384
35,1.83172093874935,8,0.05907635
35,1.83172093874935,9,0.0589944
35,1.83172093874935,10,0.05853728
35,1.83172093874935,11,0.05874708
35,1.83172093874935,12,0.05872045
35,1.83172093874935,13,0.05855564
35,1.83172093874935,14,0.05892147
35,1.83172093874935,15,0.05865165
36,1.84209723197119,0,0.0585584
36,1.84209723197119,1,0.05887759
36,1.84209723197119,2,0.05870961
36,1.84209723197119,3,0.05896186
36,1.84209723197119,4,0.05871864
36,1.84209723197119,5,0.05893643
36,1.84209723197119,6,0.05881248
36,1.84209723197119,7,0.05879547
36,1.84209723197119,8,0.05901426
36,1.84209723197119,9,0.05905549
36,1.84209723197119,10,0.05883941
36,1.84209723197119,11,0.0585231
36,1.84209723197119,12,0.05892288
36,1.84209723197119,13,0.05914552
36,1.84209723197119,14,0.05894977
36,1.84209723197119,15,0.05880027
37,1.85186315500351,0,0.05879894
37,1.85186315500351,1,0.05862167
37,1.85186315500351,2,0.05888283
37,1.85186315500351,3,0.05855129
37,1.85186315500351,4,0.0588405
37,1.85186315500351,5,0.05886559
37,1.85186315500351,6,0.05851432
37,1.85186315500351,7,0.05889378
37,1.85186315500351,8,0.05890992
37,1.85186315500351,9,0.0585543
37,1.85186315500351,10,0.05867118
37,1.85186315500351,11,0.05872086
37,1.85186315500351,12,0.05878861
37,1.85186315500351,13,0.05874035
37,1.85186315500351,14,0.05870079
37,1.85186315500351,15,0.05860348
38,1.86223944822535,0,0.05832693
38,1.86223944822535,1,0.05827056
38,1.86223944822535,2,0.05824459
38,1.86223944822535,3,0.05861079
38,1.86223944822535,4,0.05856743
38,1.86223944822535,5,0.0588755
38,1.86223944822535,6,0.05850834
38,1.86223944822535,7,0.05857475
38,1.86223944822535,8,0.05827073
38,1.86223944822535,9,0.05878304
38,1.86223944822535,10,0.05867085
38,1.86223944822535,11,0.05867586
38,1.86223944822535,12,0.05868017
38,1.86223944822535,13,0.05836976
38,1.86223944822535,14,0.05860892
38,1.86223944822535,15,0.05882955
39,1.87139500106815,0,0.05874629
39,1.87139500106815,1,0.05877535
39,1.87139500106815,2,0.05880651
39,1.87139500106815,3,0.05869602
39,1.87139500106815,4,0.0587048
39,1.87139500106815,5,0.05879057
39,1.87139500106815,6,0.05849145
39,1.87139500106815,7,0.05865404
39,1.87139500106815,8,0.0584774
39,1.87139500106815,9,0.05866249
39,1.87139500106815,10,0.05887362
39,1.87139500106815,11,0.05846079
39,1.87139500106815,12,0.05844093
39,1.87139500106815,13,0.05842726
39,1.87139500106815,14,0.0586128
39,1.87139500106815,15,0.05851796
40,1.88238166447951,0,0.05855133
40,1.88238166447951,1,0.05851624
40,1.88238166447951,2,0.05858972
40,1.88238166447951,3,0.05850621
40,1.88238166447951,4,0.05846234
40,1.88238166447951,5,0.05864358
40,1.88238166447951,6,0.05856283
40,1.88238166447951,7,0.05870146
40,1.88238166447951,8,0.05855154
40,1.88238166447951,9,0.05848643
40,1.88238166447951,10,0.05904019
40,1.88238166447951,11,0.05884564
40,1.88238166447951,12,0.05881353
40,1.88238166447951,13,0.05891377
40,1.88238166447951,14,0.05849664
40,1.88238166447951,15,0.05876026
41,1.89214758751183,0,0.05865111
41,1.89214758751183,1,0.05895868
41,1.89214758751183,2,0.05891945
41,1.89214758751183,3,0.05871208
41,1.89214758751183,4,0.05866395
41,1.89214758751183,5,0.0586297
41,1.89214758751183,6,0.05858959
41,1.89214758751183,7,0.0587255
41,1.89214758751183,8,0.05864568
41,1.89214758751183,9,0.05875076
41,1.89214758751183,10,0.05882524
41,1.89214758751183,11,0.05890583
41,1.89214758751183,12,0.05882854
41,1.89214758751183,13,0.05865554
41,1.89214758751183,14,0.05856446
41,1.89214758751183,15,0.05893602
42,1.90191351054414,0,0.05899406
42,1.90191351054414,1,0.05932543
42,1.90191351054414,2,0.05899004
42,1.90191351054414,3,0.05923803
42,1.90191351054414,4,0.05887593
42,1.90191351054414,5,0.05888056
42,1.90191351054414,6,0.05891427
42,1.90191351054414,7,0.05886438
42,1.90191351054414,8,0.05911232
42,1.90191351054414,9,0.05912474
42,1.90191351054414,10,0.05899134
42,1.90191351054414,11,0.05923585
42,1.90191351054414,12,0.05891494
42,1.90191351054414,13,0.05898071
42,1.90191351054414,14,0.0590184
42,1.90191351054414,15,0.05907794
43,1.91167943357646,0,0.0588129
43,1.91167943357646,1,0.0588415
43,1.91167943357646,2,0.05879279
43,1.91167943357646,3,0.05893773
43,1.91167943357646,4,0.05903303
43,1.91167943357646,5,0.05910392
43,1.91167943357646,6,0.05873098
43,1.91167943357646,7,0.05899561
43,1.91167943357646,8,0.05920976
43,1.91167943357646,9,0.05886376
43,1.91167943357646,10,0.05869113
43,1.91167943357646,11,0.05889713
43,1.91167943357646,12,0.05861343
43,1.91167943357646,13,0.05872395
43,1.91167943357646,14,0.0585234
43,1.91167943357646,15,0.05868967
44,1.92266609698782,0,0.05866746
44,1.92266609698782,1,0.05876765
44,1.92266609698782,2,0.05885142
44,1.92266609698782,3,0.05868051
44,1.92266609698782,4,0.05875741
44,1.92266609698782,5,0.0588717
44,1.92266609698782,6,0.05889897
44,1.92266609698782,7,0.0585655
44,1.92266609698782,8,0.05865479
44,1.92266609698782,9,0.05862502
44,1.92266609698782,10,0.05886568
44,1.92266609698782,11,0.05905098
44,1.92266609698782,12,0.05888558
44,1.92266609698782,13,0.05866524
44,1.92266609698782,14,0.05841822
44,1.92266609698782,15,0.05854159
45,1.9312112796411,0,0.05875884
45,1.9312112796411,1,0.05873725
45,1.9312112796411,2,0.05860047
45,1.9312112796411,3,0.05889959
45,1.9312112796411,4,0.05884377
45,1.9312112796411,5,0.05898909
45,1.9312112796411,6,0.05880738
45,1.9312112796411,7,0.05871011
45,1.9312112796411,8,0.05847267
45,1.9312112796411,9,0.0586246
45,1.9312112796411,10,0.0585415
45,1.9312112796411,11,0.05881324
45,1.9312112796411,12,0.05857479
45,1.9312112796411,13,0.05840923
45,1.9312112796411,14,0.05875904
45,1.9312112796411,15,0.05849479
46,1.94280831324198,0,0.05845891
46,1.94280831324198,1,0.0584564
46,1.94280831324198,2,0.05871781
46,1.94280831324198,3,0.05865136
46,1.94280831324198,4,0.05857851
46,1.94280831324198,5,0.05835495
46,1.94280831324198,6,0.05859897
46,1.94280831324198,7,0.05856057
46,1.94280831324198,8,0.0587207
46,1.94280831324198,9,0.05865002
46,1.94280831324198,10,0.05868933
46,1.94280831324198,11,0.05868059
46,1.94280831324198,12,0.05870472
46,1.94280831324198,13,0.05868795
46,1.94280831324198,14,0.05870806
46,1.94280831324198,15,0.05864207
47,1.95074312570574,0,0.05856743
47,1.95074312570574,1,0.05863668
47,1.95074312570574,2,0.05859971
47,1.95074312570574,3,0.05874528
47,1.95074312570574,4,0.05833906
47,1.95074312570574,5,0.0586082
47,1.95074312570574,6,0.05837879
47,1.95074312570574,7,0.05850032
47,1.95074312570574,8,0.05854928
47,1.95074312570574,9,0.05860519
47,1.95074312570574,10,0.05835298
47,1.95074312570574,11,0.05821862
47,1.95074312570574,12,0.05860757
47,1.95074312570574,13,0.05830226
47,1.95074312570574,14,0.05816715
47,1.95074312570574,15,0.05846523
48,1.96111941892758,0,0.05856162
48,1.96111941892758,1,0.05820822
48,1.96111941892758,2,0.05827073
48,1.96111941892758,3,0.05833262
48,1.96111941892758,4,0.05838711
48,1.96111941892758,5,0.05851031
48,1.96111941892758,6,0.05846782
48,1.96111941892758,7,0.05865299
48,1.96111941892758,8,0.05838163
48,1.96111941892758,9,0.05829034
48,1.96111941892758,10,0.05870798
48,1.96111941892758,11,0.05843261
48,1.96111941892758,12,0.05864174
48,1.96111941892758,13,0.05882708
48,1.96111941892758,14,0.05836511
48,1.96111941892758,15,0.05829373
49,1.97149571214942,0,0.0584881
49,1.97149571214942,1,0.05870376
49,1.97149571214942,2,0.05852273
49,1.97149571214942,3,0.05868887
49,1.97149571214942,4,0.05868766
49,1.97149571214942,5,0.05857947
49,1.97149571214942,6,0.05849006
49,1.97149571214942,7,0.05841609
49,1.97149571214942,8,0.05861046
49,1.97149571214942,9,0.05873909
49,1.97149571214942,10,0.05871551
49,1.97149571214942,11,0.05880546
49,1.97149571214942,12,0.05887475
49,1.97149571214942,13,0.05888922
49,1.97149571214942,14,0.05872876
49,1.97149571214942,15,0.05859123
50,1.98126163518174,0,0.05920118
50,1.98126163518174,1,0.05896483
50,1.98126163518174,2,0.05885987
50,1.98126163518174,3,0.05877331
50,1.98126163518174,4,0.0588193
50,1.98126163518174,5,0.0586844
50,1.98126163518174,6,0.0590266
50,1.98126163518174,7,0.05870961
50,1.98126163518174,8,0.05884582
50,1.98126163518174,9,0.05870907
50,1.98126163518174,10,0.05912466
50,1.98126163518174,11,0.05886518
50,1.98126163518174,12,0.05891557
50,1.98126163518174,13,0.05904533
50,1.98126163518174,14,0.05901225
50,1.98126163518174,15,0.05905252
51,1.9922482985931,0,0.05883356
51,1.9922482985931,1,0.05914067
51,1.9922482985931,2,0.05918793
51,1.9922482985931,3,0.05915276
51,1.9922482985931,4,0.05894685
51,1.9922482985931,5,0.05921369
51,1.9922482985931,6,0.0588868
51,1.9922482985931,7,0.05910956
51,1.9922482985931,8,0.0591628
51,1.9922482985931,9,0.05905641
51,1.9922482985931,10,0.05895007
51,1.9922482985931,11,0.05933826
51,1.9922482985931,12,0.0593169
51,1.9922482985931,13,0.05913126
51,1.9922482985931,14,0.05924233
51,1.9922482985931,15,0.05913967
52,2.0014038514359,0,0.05940931
52,2.0014038514359,1,0.05956901
52,2.0014038514359,2,0.05951817
52,2.0014038514359,3,0.05930761
52,2.0014038514359,4,0.05933781
52,2.0014038514359,5,0.0589619
52,2.0014038514359,6,0.05922034
52,2.0014038514359,7,0.05939325
52,2.0014038514359,8,0.05914661
52,2.0014038514359,9,0.05938268
52,2.0014038514359,10,0.05932359
52,2.0014038514359,11,0.05936854
52,2.0014038514359,12,0.05956989
52,2.0014038514359,13,0.05931623
52,2.0014038514359,14,0.05944461
52,2.0014038514359,15,0.05935457
53,2.01116977446822,0,0.05936335
53,2.01116977446822,1,0.05935219
53,2.01116977446822,2,0.05931706
53,2.01116977446822,3,0.05967347
53,2.01116977446822,4,0.05981768
53,2.01116977446822,5,0.05943244
53,2.01116977446822,6,0.0597651
53,2.01116977446822,7,0.05943286
53,2.01116977446822,8,0.05951328
53,2.01116977446822,9,0.05960081
53,2.01116977446822,10,0.05931025
53,2.01116977446822,11,0.05952573
53,2.01116977446822,12,0.05969146
53,2.01116977446822,13,0.05961305
53,2.01116977446822,14,0.05956952
53,2.01116977446822,15,0.05955735
54,2.02154606769005,0,0.0596442
54,2.02154606769005,1,0.05962393
54,2.02154606769005,2,0.05974189
54,2.02154606769005,3,0.05947794
54,2.02154606769005,4,0.05971567
54,2.02154606769005,5,0.05980478
54,2.02154606769005,6,0.05975511
54,2.02154606769005,7,0.05979224
54,2.02154606769005,8,0.05951298
54,2.02154606769005,9,0.0596593
54,2.02154606769005,10,0.05960251
54,2.02154606769005,11,0.05954213
54,2.02154606769005,12,0.05926194
54,2.02154606769005,13,0.05914076
54,2.02154606769005,14,0.05918475
54,2.02154606769005,15,0.05939267
55,2.03131199072237,0,0.059243
55,2.03131199072237,1,0.05938154
55,2.03131199072237,2,0.05925383
55,2.03131199072237,3,0.059371
55,2.03131199072237,4,0.05936829
55,2.03131199072237,5,0.05941939
55,2.03131199072237,6,0.05894868
55,2.03131199072237,7,0.05926085
55,2.03131199072237,8,0.05916568
55,2.03131199072237,9,0.05916593
55,2.03131199072237,10,0.05920612
55,2.03131199072237,11,0.05925893
55,2.03131199072237,12,0.05927629
55,2.03131199072237,13,0.05917225
55,2.03131199072237,14,0.05941856
55,2.03131199072237,15,0.05933826
56,2.04107791375469,0,0.05876745
56,2.04107791375469,1,0.05905114
56,2.04107791375469,2,0.05908267
56,2.04107791375469,3,0.05925451
56,2.04107791375469,4,0.05894292
56,2.04107791375469,5,0.05916581
56,2.04107791375469,6,0.0591707
56,2.04107791375469,7,0.05918517
56,2.04107791375469,8,0.05910254
56,2.04107791375469,9,0.05892147
56,2.04107791375469,10,0.05898026
56,2.04107791375469,11,0.05905724
56,2.04107791375469,12,0.05877731
56,2.04107791375469,13,0.059162
56,2.04107791375469,14,0.05867925
56,2.04107791375469,15,0.05875937
57,2.05145420697653,0,0.05854439
57,2.05145420697653,1,0.05839878
57,2.05145420697653,2,0.05842968
57,2.05145420697653,3,0.05814536
57,2.05145420697653,4,0.05854556
57,2.05145420697653,5,0.05835579
57,2.05145420697653,6,0.05832987
57,2.05145420697653,7,0.05827675
57,2.05145420697653,8,0.0582796
57,2.05145420697653,9,0.05848241
57,2.05145420697653,10,0.05839372
57,2.05145420697653,11,0.05828658
57,2.05145420697653,12,0.05840672
57,2.05145420697653,13,0.05868946
57,2.05145420697653,14,0.05851662
57,2.05145420697653,15,0.0585111
58,2.06060975981933,0,0.05914452
58,2.06060975981933,1,0.05913888
58,2.06060975981933,2,0.05864061
58,2.06060975981933,3,0.0589811
58,2.06060975981933,4,0.05885267
58,2.06060975981933,5,0.05877159
58,2.06060975981933,6,0.05899331
58,2.06060975981933,7,0.05901288
58,2.06060975981933,8,0.05892916
58,2.06060975981933,9,0.05868335
58,2.06060975981933,10,0.05889228
58,2.06060975981933,11,0.05882658
58,2.06060975981933,12,0.05902212
58,2.06060975981933,13,0.05868494
58,2.06060975981933,14,0.05922444
58,2.06060975981933,15,0.0590846
59,2.07098605304117,0,0.05920023
59,2.07098605304117,1,0.05919111
59,2.07098605304117,2,0.05921361
59,2.07098605304117,3,0.05889504
59,2.07098605304117,4,0.05903425
59,2.07098605304117,5,0.059024
59,2.07098605304117,6,0.05891586
59,2.07098605304117,7,0.05900184
59,2.07098605304117,8,0.05911186
59,2.07098605304117,9,0.0588827
59,2.07098605304117,10,0.05894793
59,2.07098605304117,11,0.05904249
59,2.07098605304117,12,0.05908234
59,2.07098605304117,13,0.05912374
59,2.07098605304117,14,0.05873257
59,2.07098605304117,15,0.05883858
60,2.08075197607349,0,0.0592371
60,2.08075197607349,1,0.05917388
60,2.08075197607349,2,0.05937662
60,2.08075197607349,3,0.05942515
60,2.08075197607349,4,0.0591206
60,2.08075197607349,5,0.0591995
60,2.08075197607349,6,0.0595067
60,2.08075197607349,7,0.05927403
60,2.08075197607349,8,0.05909568
60,2.08075197607349,9,0.05917241
60,2.08075197607349,10,0.05929248
60,2.08075197607349,11,0.05934199
60,2.08075197607349,12,0.05934859
60,2.08075197607349,13,0.05926864
60,2.08075197607349,14,0.05896792
60,2.08075197607349,15,0.05914373
61,2.09051789910581,0,0.0593112
61,2.09051789910581,1,0.05928214
61,2.09051789910581,2,0.05949094
61,2.09051789910581,3,0.05938381
61,2.09051789910581,4,0.05935921
61,2.09051789910581,5,0.05939673
61,2.09051789910581,6,0.0593894
61,2.09051789910581,7,0.05917342
61,2.09051789910581,8,0.05942683
61,2.09051789910581,9,0.0591763
61,2.09051789910581,10,0.05908823
61,2.09051789910581,11,0.05906837
61,2.09051789910581,12,0.05932981
61,2.09051789910581,13,0.05934872
61,2.09051789910581,14,0.05908304
61,2.09051789910581,15,0.05914879
62,2.10089419232765,0,0.05953423
62,2.10089419232765,1,0.0594508
62,2.10089419232765,2,0.05928633
62,2.10089419232765,3,0.05933023
62,2.10089419232765,4,0.05955182
62,2.10089419232765,5,0.05951845
62,2.10089419232765,6,0.05938088
62,2.10089419232765,7,0.05920419
62,2.10089419232765,8,0.0594615
62,2.10089419232765,9,0.05944791
62,2.10089419232765,10,0.05933905
62,2.10089419232765,11,0.05939359
62,2.10089419232765,12,0.05965733
62,2.10089419232765,13,0.05963371
62,2.10089419232765,14,0.05968648
62,2.10089419232765,15,0.05965814
63,2.11066011535997,0,0.05947877
63,2.11066011535997,1,0.0596225
63,2.11066011535997,2,0.05931401
63,2.11066011535997,3,0.05992739
63,2.11066011535997,4,0.05984845
63,2.11066011535997,5,0.05959244
63,2.11066011535997,6,0.05938498
63,2.11066011535997,7,0.05928114
63,2.11066011535997,8,0.05957852
63,2.11066011535997,9,0.05966933
63,2.11066011535997,10,0.05940568
63,2.11066011535997,11,0.0593266
63,2.11066011535997,12,0.05926391
63,2.11066011535997,13,0.05925639
63,2.11066011535997,14,0.05930452
63,2.11066011535997,15,0.05950403
64,2.12164677877132,0,0.05958197
64,2.12164677877132,1,0.05972353
64,2.12164677877132,2,0.05969618
64,2.12164677877132,3,0.05948246
64,2.12164677877132,4,0.05943089
64,2.12164677877132,5,0.0596606
64,2.12164677877132,6,0.05979671
64,2.12164677877132,7,0.05941994
64,2.12164677877132,8,0.0595944
64,2.12164677877132,9,0.05967264
64,2.12164677877132,10,0.05979103
64,2.12164677877132,11,0.0595292
64,2.12164677877132,12,0.05966863
64,2.12164677877132,13,0.05935189
64,2.12164677877132,14,0.05941454
64,2.12164677877132,15,0.05930954
65,2.13141270180364,0,0.05981144
65,2.13141270180364,1,0.05954146
65,2.13141270180364,2,0.05997504
65,2.13141270180364,3,0.06003211
65,2.13141270180364,4,0.06007711
65,2.13141270180364,5,0.05983205
65,2.13141270180364,6,0.05938469
65,2.13141270180364,7,0.05934249
65,2.13141270180364,8,0.05905925
65,2.13141270180364,9,0.05922652
65,2.13141270180364,10,0.05920879
65,2.13141270180364,11,0.05920302
65,2.13141270180364,12,0.05956476
65,2.13141270180364,13,0.05962652
65,2.13141270180364,14,0.05945682
65,2.13141270180364,15,0.05910049
66,2.14117862483596,0,0.05956282
66,2.14117862483596,1,0.05937569
66,2.14117862483596,2,0.05944858
66,2.14117862483596,3,0.05956526
66,2.14117862483596,4,0.05922661
66,2.14117862483596,5,0.05911078
66,2.14117862483596,6,0.05933864
66,2.14117862483596,7,0.05923301
66,2.14117862483596,8,0.05940915
66,2.14117862483596,9,0.05930012
66,2.14117862483596,10,0.05950294
66,2.14117862483596,11,0.05967189
66,2.14117862483596,12,0.05949186
66,2.14117862483596,13,0.05922406
66,2.14117862483596,14,0.05972366
66,2.14117862483596,15,0.05955238
67,2.15094454786828,0,0.05971287
67,2.15094454786828,1,0.05937853
67,2.15094454786828,2,0.05971251
67,2.15094454786828,3,0.0594689
67,2.15094454786828,4,0.0594932
67,2.15094454786828,5,0.05955957
67,2.15094454786828,6,0.05955024
67,2.15094454786828,7,0.05939233
67,2.15094454786828,8,0.05939485
67,2.15094454786828,9,0.05967704
67,2.15094454786828,10,0.05952716
67,2.15094454786828,11,0.05937307
67,2.15094454786828,12,0.05949801
67,2.15094454786828,13,0.05967042
67,2.15094454786828,14,0.05979182
67,2.15094454786828,15,0.0596887
68,2.16193121127964,0,0.05970463
68,2.16193121127964,1,0.0595903
68,2.16193121127964,2,0.05962237
68,2.16193121127964,3,0.05959026
68,2.16193121127964,4,0.05937858
68,2.16193121127964,5,0.05980595
68,2.16193121127964,6,0.05982541
68,2.16193121127964,7,0.05973574
68,2.16193121127964,8,0.05943954
68,2.16193121127964,9,0.05983431
68,2.16193121127964,10,0.05997444
68,2.16193121127964,11,0.05969857
68,2.16193121127964,12,0.05990344
68,2.16193121127964,13,0.05949329
68,2.16193121127964,14,0.05993354
68,2.16193121127964,15,0.05967533
69,2.17047639393292,0,0.05984836
69,2.17047639393292,1,0.05999015
69,2.17047639393292,2,0.06010897
69,2.17047639393292,3,0.06006709
69,2.17047639393292,4,0.06002039
69,2.17047639393292,5,0.06018655
69,2.17047639393292,6,0.05988938
69,2.17047639393292,7,0.05997164
69,2.17047639393292,8,0.05995985
69,2.17047639393292,9,0.0601132
69,2.17047639393292,10,0.05989829
69,2.17047639393292,11,0.06003344
69,2.17047639393292,12,0.0601776
69,2.17047639393292,13,0.06016054
69,2.17047639393292,14,0.0602379
69,2.17047639393292,15,0.05992866
70,2.18146305734428,0,0.06029148
70,2.18146305734428,1,0.05979605
70,2.18146305734428,2,0.06010608
70,2.18146305734428,3,0.06021164
70,2.18146305734428,4,0.06038928
70,2.18146305734428,5,0.06004482
70,2.18146305734428,6,0.05978484
70,2.18146305734428,7,0.05967887
70,2.18146305734428,8,0.06000528
70,2.18146305734428,9,0.06009814
70,2.18146305734428,10,0.06016647
70,2.18146305734428,11,0.05976376
70,2.18146305734428,12,0.05975695
70,2.18146305734428,13,0.0599925
70,2.18146305734428,14,0.05981542
70,2.18146305734428,15,0.05990762
71,2.1912289803766,0,0.06000978
71,2.1912289803766,1,0.06008157
71,2.1912289803766,2,0.05976891
71,2.1912289803766,3,0.06026231
71,2.1912289803766,4,0.06003041
71,2.1912289803766,5,0.06056361
71,2.1912289803766,6,0.06029486
71,2.1912289803766,7,0.06006493
71,2.1912289803766,8,0.06047372
71,2.1912289803766,9,0.06014055
71,2.1912289803766,10,0.06002003
71,2.1912289803766,11,0.05980533
71,2.1912289803766,12,0.06010111
71,2.1912289803766,13,0.06000472
71,2.1912289803766,14,0.06017638
71,2.1912289803766,15,0.05997888
72,2.20160527359844,0,0.06091174
72,2.20160527359844,1,0.06077546
72,2.20160527359844,2,0.06071812
72,2.20160527359844,3,0.06056387
72,2.20160527359844,4,0.06052455
72,2.20160527359844,5,0.06052936
72,2.20160527359844,6,0.06048833
72,2.20160527359844,7,0.06042236
72,2.20160527359844,8,0.0607283
72,2.20160527359844,9,0.06078563
72,2.20160527359844,10,0.06060851
72,2.20160527359844,11,0.06039945
72,2.20160527359844,12,0.06078249
72,2.20160527359844,13,0.06090305
72,2.20160527359844,14,0.06048567
72,2.20160527359844,15,0.0606631
73,2.21076082644124,0,0.06077324
73,2.21076082644124,1,0.06096729
73,2.21076082644124,2,0.06116618
73,2.21076082644124,3,0.06101778
73,2.21076082644124,4,0.06108616
73,2.21076082644124,5,0.06090751
73,2.21076082644124,6,0.06100757
73,2.21076082644124,7,0.0610221
73,2.21076082644124,8,0.06091239
73,2.21076082644124,9,0.06121091
73,2.21076082644124,10,0.06090746
73,2.21076082644124,11,0.06116889
73,2.21076082644124,12,0.06113786
73,2.21076082644124,13,0.06145
73,2.21076082644124,14,0.06138912
73,2.21076082644124,15,0.06122802
74,2.22113711966308,0,0.06134051
74,2.22113711966308,1,0.06121117
74,2.22113711966308,2,0.06110082
74,2.22113711966308,3,0.06118809
74,2.22113711966308,4,0.06102057
74,2.22113711966308,5,0.06122867
74,2.22113711966308,6,0.06115903
74,2.22113711966308,7,0.06136957
74,2.22113711966308,8,0.06113782
74,2.22113711966308,9,0.06126323
74,2.22113711966308,10,0.06105068
74,2.22113711966308,11,0.06132358
74,2.22113711966308,12,0.06127737
74,2.22113711966308,13,0.06144009
74,2.22113711966308,14,0.06148949
74,2.22113711966308,15,0.0610851
75,2.23151341288491,0,0.06172312
75,2.23151341288491,1,0.0617993
75,2.23151341288491,2,0.06191682
75,2.23151341288491,3,0.06130145
75,2.23151341288491,4,0.06145274
75,2.23151341288491,5,0.06174109
75,2.23151341288491,6,0.06170797
75,2.23151341288491,7,0.06195775
75,2.23151341288491,8,0.06152077
75,2.23151341288491,9,0.06160669
75,2.23151341288491,10,0.06182993
75,2.23151341288491,11,0.06161599
75,2.23151341288491,12,0.0614811
75,2.23151341288491,13,0.06186345
75,2.23151341288491,14,0.06149219
75,2.23151341288491,15,0.06134596
76,2.24066896572771,0,0.0616608
76,2.24066896572771,1,0.06161516
76,2.24066896572771,2,0.06200275
76,2.24066896572771,3,0.06141037
76,2.24066896572771,4,0.06166669
76,2.24066896572771,5,0.06193841
76,2.24066896572771,6,0.06227777
76,2.24066896572771,7,0.06193383
76,2.24066896572771,8,0.06185555
76,2.24066896572771,9,0.06219797
76,2.24066896572771,10,0.06192777
76,2.24066896572771,11,0.06159905
76,2.24066896572771,12,0.06176632
76,2.24066896572771,13,0.06207905
76,2.24066896572771,14,0.06174785
76,2.24066896572771,15,0.06145894
77,2.25104525894955,0,0.0620489
77,2.25104525894955,1,0.06207874
77,2.25104525894955,2,0.06181431
77,2.25104525894955,3,0.06176483
77,2.25104525894955,4,0.06221454
77,2.25104525894955,5,0.06219736
77,2.25104525894955,6,0.06213831
77,2.25104525894955,7,0.06180218
77,2.25104525894955,8,0.06192175
77,2.25104525894955,9,0.06189278
77,2.25104525894955,10,0.06176099
77,2.25104525894955,11,0.06167555
77,2.25104525894955,12,0.06214221
77,2.25104525894955,13,0.06181217
77,2.25104525894955,14,0.06186253
77,2.25104525894955,15,0.06214888
78,2.26142155217139,0,0.0622666
78,2.26142155217139,1,0.06224487
78,2.26142155217139,2,0.06216833
78,2.26142155217139,3,0.06227406
78,2.26142155217139,4,0.06241261
78,2.26142155217139,5,0.06252868
78,2.26142155217139,6,0.06255814
78,2.26142155217139,7,0.06219496
78,2.26142155217139,8,0.06228507
78,2.26142155217139,9,0.06249395
78,2.26142155217139,10,0.0623774
78,2.26142155217139,11,0.06216759
78,2.26142155217139,12,0.06214146
78,2.26142155217139,13,0.06197768
78,2.26142155217139,14,0.06237967
78,2.26142155217139,15,0.0621857
79,2.27118747520371,0,0.06232839
79,2.27118747520371,1,0.06212907
79,2.27118747520371,2,0.06226662
79,2.27118747520371,3,0.06247457
79,2.27118747520371,4,0.06255696
79,2.27118747520371,5,0.06225796
79,2.27118747520371,6,0.06238255
79,2.27118747520371,7,0.06240088
79,2.27118747520371,8,0.06235126
79,2.27118747520371,9,0.06293596
79,2.27118747520371,10,0.06263246
79,2.27118747520371,11,0.06259336
79,2.27118747520371,12,0.06276175
79,2.27118747520371,13,0.06236522
79,2.27118747520371,14,0.06223483
79,2.27118747520371,15,0.06235213
80,2.28156376842555,0,0.06313893
80,2.28156376842555,1,0.06293843
80,2.28156376842555,2,0.06285658
80,2.28156376842555,3,0.06296959
80,2.28156376842555,4,0.06259405
80,2.28156376842555,5,0.06255618
80,2.28156376842555,6,0.06271753
80,2.28156376842555,7,0.06283701
80,2.28156376842555,8,0.06269435
80,2.28156376842555,9,0.06268752
80,2.28156376842555,10,0.06267191
80,2.28156376842555,11,0.06288406
80,2.28156376842555,12,0.06282538
80,2.28156376842555,13,0.06271785
80,2.28156376842555,14,0.06273126
80,2.28156376842555,15,0.06256603
81,2.29132969145787,0,0.06306593
81,2.29132969145787,1,0.06316246
81,2.29132969145787,2,0.06304628
81,2.29132969145787,3,0.0629805
81,2.29132969145787,4,0.06305536
81,2.29132969145787,5,0.06284942
81,2.29132969145787,6,0.06285071
81,2.29132969145787,7,0.06281777
81,2.29132969145787,8,0.06312314
81,2.29132969145787,9,0.06304058
81,2.29132969145787,10,0.06311625
81,2.29132969145787,11,0.06338938
81,2.29132969145787,12,0.06289122
81,2.29132969145787,13,0.06291329
81,2.29132969145787,14,0.06302041
81,2.29132969145787,15,0.06260763
82,2.30048524430067,0,0.06294559
82,2.30048524430067,1,0.06295056
82,2.30048524430067,2,0.06275275
82,2.30048524430067,3,0.06291831
82,2.30048524430067,4,0.06358377
82,2.30048524430067,5,0.06305773
82,2.30048524430067,6,0.06334983
82,2.30048524430067,7,0.06322473
82,2.30048524430067,8,0.06323428
82,2.30048524430067,9,0.06319645
82,2.30048524430067,10,0.06318984
82,2.30048524430067,11,0.06310102
82,2.30048524430067,12,0.06319025
82,2.30048524430067,13,0.06311393
82,2.30048524430067,14,0.06301415
82,2.30048524430067,15,0.06321526
83,2.31208227790155,0,0.06294641
83,2.31208227790155,1,0.06302875
83,2.31208227790155,2,0.06314313
83,2.31208227790155,3,0.06308372
83,2.31208227790155,4,0.06348327
83,2.31208227790155,5,0.06336657
83,2.31208227790155,6,0.06350215
83,2.31208227790155,7,0.06346416
83,2.31208227790155,8,0.06319777
83,2.31208227790155,9,0.06343979
83,2.31208227790155,10,0.06340142
83,2.31208227790155,11,0.06327114
83,2.31208227790155,12,0.06314814
83,2.31208227790155,13,0.06325508
83,2.31208227790155,14,0.06310362
83,2.31208227790155,15,0.06330475
84,2.32062746055483,0,0.06353176
84,2.32062746055483,1,0.06342437
84,2.32062746055483,2,0.06352255
84,2.32062746055483,3,0.06343117
84,2.32062746055483,4,0.06350438
84,2.32062746055483,5,0.06357984
84,2.32062746055483,6,0.06346998
84,2.32062746055483,7,0.06362423
84,2.32062746055483,8,0.06350356
84,2.32062746055483,9,0.06335311
84,2.32062746055483,10,0.06380375
84,2.32062746055483,11,0.06356059
84,2.32062746055483,12,0.0638334
84,2.32062746055483,13,0.06356839
84,2.32062746055483,14,0.06373522
84,2.32062746055483,15,0.06385854
85,2.33161412396619,0,0.06417888
85,2.33161412396619,1,0.06426236
85,2.33161412396619,2,0.06392688
85,2.33161412396619,3,0.06398325
85,2.33161412396619,4,0.06398198
85,2.33161412396619,5,0.06386593
85,2.33161412396619,6,0.063974
85,2.33161412396619,7,0.06398823
85,2.33161412396619,8,0.06405319
85,2.33161412396619,9,0.06392692
85,2.33161412396619,10,0.06397012
85,2.33161412396619,11,0.06401876
85,2.33161412396619,12,0.06414302
85,2.33161412396619,13,0.06413923
85,2.33161412396619,14,0.06392086
85,2.33161412396619,15,0.06421085
86,2.34015930661946,0,0.06422911
86,2.34015930661946,1,0.06436427
86,2.34015930661946,2,0.06412993
86,2.34015930661946,3,0.06424073
86,2.34015930661946,4,0.06410493
86,2.34015930661946,5,0.06419178
86,2.34015930661946,6,0.06454457
86,2.34015930661946,7,0.06408759
86,2.34015930661946,8,0.06436231
86,2.34015930661946,9,0.0643776
86,2.34015930661946,10,0.06440689
86,2.34015930661946,11,0.06453148
86,2.34015930661946,12,0.06438567
86,2.34015930661946,13,0.06406733
86,2.34015930661946,14,0.06390174
86,2.34015930661946,15,0.06455132
87,2.35114597003082,0,0.06460273
87,2.35114597003082,1,0.06451875
87,2.35114597003082,2,0.064275
87,2.35114597003082,3,0.06463061
87,2.35114597003082,4,0.06440236
87,2.35114597003082,5,0.06454042
87,2.35114597003082,6,0.06457458
87,2.35114597003082,7,0.06419516
87,2.35114597003082,8,0.06456322
87,2.35114597003082,9,0.06443653
87,2.35114597003082,10,0.06423536
87,2.35114597003082,11,0.06447718
87,2.35114597003082,12,0.06481778
87,2.35114597003082,13,0.06430954
87,2.35114597003082,14,0.0647671
87,2.35114597003082,15,0.06447756
88,2.36091189306314,0,0.0653419
88,2.36091189306314,1,0.06530045
88,2.36091189306314,2,0.06538247
88,2.36091189306314,3,0.06550157
88,2.36091189306314,4,0.06522795
88,2.36091189306314,5,0.06513461
88,2.36091189306314,6,0.06510432
88,2.36091189306314,7,0.06486522
88,2.36091189306314,8,0.06491176
88,2.36091189306314,9,0.06496764
88,2.36091189306314,10,0.06504916
88,2.36091189306314,11,0.06547476
88,2.36091189306314,12,0.06497908
88,2.36091189306314,13,0.06539341
88,2.36091189306314,14,0.06504839
88,2.36091189306314,15,0.06513142
89,2.37006744590594,0,0.06589217
89,2.37006744590594,1,0.06571528
89,2.37006744590594,2,0.06573981
89,2.37006744590594,3,0.06606298
89,2.37006744590594,4,0.06577977
89,2.37006744590594,5,0.06564528
89,2.37006744590594,6,0.06559038
89,2.37006744590594,7,0.06581562
89,2.37006744590594,8,0.06583611
89,2.37006744590594,9,0.06579186
89,2.37006744590594,10,0.06549842
89,2.37006744590594,11,0.06558272
89,2.37006744590594,12,0.06585375
89,2.37006744590594,13,0.06536212
89,2.37006744590594,14,0.06576844
89,2.37006744590594,15,0.06585919
90,2.3810541093173,0,0.06597825
90,2.3810541093173,1,0.06603516
90,2.3810541093173,2,0.06600181
90,2.3810541093173,3,0.06597543
90,2.3810541093173,4,0.06606457
90,2.3810541093173,5,0.06619728
90,2.3810541093173,6,0.06631557
90,2.3810541093173,7,0.06638888
90,2.3810541093173,8,0.06604587
90,2.3810541093173,9,0.06620073
90,2.3810541093173,10,0.06579176
90,2.3810541093173,11,0.06605467
90,2.3810541093173,12,0.0661189
90,2.3810541093173,13,0.06584332
90,2.3810541093173,14,0.06580184
90,2.3810541093173,15,0.06597786
91,2.39082003234962,0,0.0660248
91,2.39082003234962,1,0.06608143
91,2.39082003234962,2,0.06602757
91,2.39082003234962,3,0.06623781
91,2.39082003234962,4,0.06602141
91,2.39082003234962,5,0.06625669
91,2.39082003234962,6,0.06616085
91,2.39082003234962,7,0.06638367
91,2.39082003234962,8,0.0662389
91,2.39082003234962,9,0.06653976
91,2.39082003234962,10,0.06657192
91,2.39082003234962,11,0.06626438
91,2.39082003234962,12,0.06622706
91,2.39082003234962,13,0.06621553
91,2.39082003234962,14,0.0662997
91,2.39082003234962,15,0.06651323
92,2.40058595538194,0,0.06642859
92,2.40058595538194,1,0.06622295
92,2.40058595538194,2,0.06668027
92,2.40058595538194,3,0.06649393
92,2.40058595538194,4,0.06659768
92,2.40058595538194,5,0.06638291
92,2.40058595538194,6,0.06644455
92,2.40058595538194,7,0.06657775
92,2.40058595538194,8,0.06650926
92,2.40058595538194,9,0.06683244
92,2.40058595538194,10,0.06623107
92,2.40058595538194,11,0.06656213
92,2.40058595538194,12,0.06652571
92,2.40058595538194,13,0.06644135
92,2.40058595538194,14,0.06654239
92,2.40058595538194,15,0.06672323
93,2.41096224860378,0,0.06640942
93,2.41096224860378,1,0.066565
93,2.41096224860378,2,0.06671783
93,2.41096224860378,3,0.0667066
93,2.41096224860378,4,0.06647725
93,2.41096224860378,5,0.06685863
93,2.41096224860378,6,0.0669027
93,2.41096224860378,7,0.06700707
93,2.41096224860378,8,0.0670195
93,2.41096224860378,9,0.06698222
93,2.41096224860378,10,0.06704482
93,2.41096224860378,11,0.06712158
93,2.41096224860378,12,0.0670312
93,2.41096224860378,13,0.06683282
93,2.41096224860378,14,0.06670603
93,2.41096224860378,15,0.06697189
94,2.4207281716361,0,0.06698872
94,2.4207281716361,1,0.06693242
94,2.4207281716361,2,0.06727418
94,2.4207281716361,3,0.06675277
94,2.4207281716361,4,0.0669685
94,2.4207281716361,5,0.06675994
94,2.4207281716361,6,0.0669707
94,2.4207281716361,7,0.06718156
94,2.4207281716361,8,0.06709042
94,2.4207281716361,9,0.06698035
94,2.4207281716361,10,0.06685958
94,2.4207281716361,11,0.06670521
94,2.4207281716361,12,0.06711727
94,2.4207281716361,13,0.06695368
94,2.4207281716361,14,0.06709367
94,2.4207281716361,15,0.06723236
95,2.43049409466842,0,0.06744791
95,2.43049409466842,1,0.06721741
95,2.43049409466842,2,0.06719575
95,2.43049409466842,3,0.06743003
95,2.43049409466842,4,0.06717019
95,2.43049409466842,5,0.06711962
95,2.43049409466842,6,0.06722165
95,2.43049409466842,7,0.06709591
95,2.43049409466842,8,0.06691359
95,2.43049409466842,9,0.06711737
95,2.43049409466842,10,0.06697319
95,2.43049409466842,11,0.06713811
95,2.43049409466842,12,0.06720598
95,2.43049409466842,13,0.06738109
95,2.43049409466842,14,0.06690551
95,2.43049409466842,15,0.06714945
96,2.44148075807978,0,0.06707967
96,2.44148075807978,1,0.06708421
96,2.44148075807978,2,0.06725363
96,2.44148075807978,3,0.06708684
96,2.44148075807978,4,0.06752054
96,2.44148075807978,5,0.06730505
96,2.44148075807978,6,0.06723905
96,2.44148075807978,7,0.06744915
96,2.44148075807978,8,0.06753364
96,2.44148075807978,9,0.06769365
96,2.44148075807978,10,0.06748399
96,2.44148075807978,11,0.06736575
96,2.44148075807978,12,0.06706064
96,2.44148075807978,13,0.06714892
96,2.44148075807978,14,0.06756963
96,2.44148075807978,15,0.06735948
97,2.45124668111209,0,0.06751921
97,2.45124668111209,1,0.06768462
97,2.45124668111209,2,0.0675791
97,2.45124668111209,3,0.06759262
97,2.45124668111209,4,0.06761517
97,2.45124668111209,5,0.06778097
97,2.45124668111209,6,0.06752973
97,2.45124668111209,7,0.06763544
97,2.45124668111209,8,0.0674025
97,2.45124668111209,9,0.06786709
97,2.45124668111209,10,0.06751181
97,2.45124668111209,11,0.06775331
97,2.45124668111209,12,0.06785829
97,2.45124668111209,13,0.06792855
97,2.45124668111209,14,0.06789443
97,2.45124668111209,15,0.06781696
98,2.46101260414441,0,0.06788708
98,2.46101260414441,1,0.0679265
98,2.46101260414441,2,0.06775966
98,2.46101260414441,3,0.06790131
98,2.46101260414441,4,0.06788224
98,2.46101260414441,5,0.0676136
98,2.46101260414441,6,0.06784955
98,2.46101260414441,7,0.06771673
98,2.46101260414441,8,0.06804549
98,2.46101260414441,9,0.06784014
98,2.46101260414441,10,0.06789457
98,2.46101260414441,11,0.06758793
98,2.46101260414441,12,0.06750234
98,2.46101260414441,13,0.06783612
98,2.46101260414441,14,0.06780931
98,2.46101260414441,15,0.06748495
99,2.47077852717673,0,0.06807814
99,2.47077852717673,1,0.06801281
99,2.47077852717673,2,0.06783975
99,2.47077852717673,3,0.06787784
99,2.47077852717673,4,0.06797989
99,2.47077852717673,5,0.06766775
99,2.47077852717673,6,0.06804512
99,2.47077852717673,7,0.06789266
99,2.47077852717673,8,0.06759118
99,2.47077852717673,9,0.06758325
99,2.47077852717673,10,0.0676806
99,2.47077852717673,11,0.0676136
99,2.47077852717673,12,0.06758913
99,2.47077852717673,13,0.06758091
99,2.47077852717673,14,0.06723165
99,2.47077852717673,15,0.06756609
100,2.48115482039857,0,0.0677066
100,2.48115482039857,1,0.06803384
100,2.48115482039857,2,0.06793156
100,2.48115482039857,3,0.06787019
100,2.48115482039857,4,0.06801802
100,2.48115482039857,5,0.06780912
100,2.48115482039857,6,0.06801342
100,2.48115482039857,7,0.0678216
100,2.48115482039857,8,0.06793945
100,2.48115482039857,9,0.06796841
100,2.48115482039857,10,0.06790251
100,2.48115482039857,11,0.06789054
100,2.48115482039857,12,0.06805281
100,2.48115482039857,13,0.06794628
100,2.48115482039857,14,0.06810252
100,2.48115482039857,15,0.0680639
101,2.49092074343089,0,0.06807474
101,2.49092074343089,1,0.0681762
101,2.49092074343089,2,0.06823557
101,2.49092074343089,3,0.06802204
101,2.49092074343089,4,0.0680119
101,2.49092074343089,5,0.06788033
101,2.49092074343089,6,0.06763133
101,2.49092074343089,7,0.06778418
101,2.49092074343089,8,0.06808693
101,2.49092074343089,9,0.06803168
101,2.49092074343089,10,0.06826758
101,2.49092074343089,11,0.06808206
101,2.49092074343089,12,0.06797252
101,2.49092074343089,13,0.06781438
101,2.49092074343089,14,0.06817405
101,2.49092074343089,15,0.067918
102,2.50190740684225,0,0.06805682
102,2.50190740684225,1,0.06809109
102,2.50190740684225,2,0.06839071
102,2.50190740684225,3,0.06836452
102,2.50190740684225,4,0.06827189
102,2.50190740684225,5,0.06796172
102,2.50190740684225,6,0.0679557
102,2.50190740684225,7,0.06823099
102,2.50190740684225,8,0.06830998
102,2.50190740684225,9,0.06800707
102,2.50190740684225,10,0.06836885
102,2.50190740684225,11,0.06826539
102,2.50190740684225,12,0.06812517
102,2.50190740684225,13,0.06823873
102,2.50190740684225,14,0.06829253
102,2.50190740684225,15,0.06840829
103,2.51106295968505,0,0.06851783
103,2.51106295968505,1,0.06845566
103,2.51106295968505,2,0.06845526
103,2.51106295968505,3,0.06846045
103,2.51106295968505,4,0.06841492
103,2.51106295968505,5,0.06844833
103,2.51106295968505,6,0.0685099
103,2.51106295968505,7,0.06847759
103,2.51106295968505,8,0.06859457
103,2.51106295968505,9,0.0683411
103,2.51106295968505,10,0.06842249
103,2.51106295968505,11,0.06850704
103,2.51106295968505,12,0.06851754
103,2.51106295968505,13,0.06821755
103,2.51106295968505,14,0.06848868
103,2.51106295968505,15,0.06839433
104,2.52204962309641,0,0.06850655
104,2.52204962309641,1,0.06866737
104,2.52204962309641,2,0.06865288
104,2.52204962309641,3,0.06860987
104,2.52204962309641,4,0.0686332
104,2.52204962309641,5,0.06847969
104,2.52204962309641,6,0.06892502
104,2.52204962309641,7,0.0685042
104,2.52204962309641,8,0.06844523
104,2.52204962309641,9,0.06864872
104,2.52204962309641,10,0.06858855
104,2.52204962309641,11,0.06843203
104,2.52204962309641,12,0.06874833
104,2.52204962309641,13,0.06874747
104,2.52204962309641,14,0.06876864
104,2.52204962309641,15,0.06887507
105,2.53120517593921,0,0.06863883
105,2.53120517593921,1,0.06868911
105,2.53120517593921,2,0.06858187
105,2.53120517593921,3,0.06864595
105,2.53120517593921,4,0.06834998
105,2.53120517593921,5,0.06862613
105,2.53120517593921,6,0.06856792
105,2.53120517593921,7,0.06849284
105,2.53120517593921,8,0.06849847
105,2.53120517593921,9,0.06827547
105,2.53120517593921,10,0.06840222
105,2.53120517593921,11,0.06835434
105,2.53120517593921,12,0.06811479
105,2.53120517593921,13,0.06845932
105,2.53120517593921,14,0.06832212
105,2.53120517593921,15,0.06826027
106,2.54158146916105,0,0.06856958
106,2.54158146916105,1,0.06854594
106,2.54158146916105,2,0.06881016
106,2.54158146916105,3,0.0687415
106,2.54158146916105,4,0.06836565
106,2.54158146916105,5,0.06845436
106,2.54158146916105,6,0.06862221
106,2.54158146916105,7,0.06877515
106,2.54158146916105,8,0.06843147
106,2.54158146916105,9,0.06851201
106,2.54158146916105,10,0.06861389
106,2.54158146916105,11,0.06864706
106,2.54158146916105,12,0.06846168
106,2.54158146916105,13,0.06892516
106,2.54158146916105,14,0.06857298
106,2.54158146916105,15,0.06870832
107,2.55134739219336,0,0.06887583
107,2.55134739219336,1,0.06882539
107,2.55134739219336,2,0.06897213
107,2.55134739219336,3,0.06904599
107,2.55134739219336,4,0.06914993
107,2.55134739219336,5,0.06926745
107,2.55134739219336,6,0.06907908
107,2.55134739219336,7,0.06879307
107,2.55134739219336,8,0.06916067
107,2.55134739219336,9,0.06891146
107,2.55134739219336,10,0.06897258
107,2.55134739219336,11,0.06920393
107,2.55134739219336,12,0.06896139
107,2.55134739219336,13,0.06910586
107,2.55134739219336,14,0.06888602
107,2.55134739219336,15,0.06870216
108,2.5617236854152,0,0.06922199
108,2.5617236854152,1,0.06906978
108,2.5617236854152,2,0.06922214
108,2.5617236854152,3,0.06923364
108,2.5617236854152,4,0.06919354
108,2.5617236854152,5,0.06907686
108,2.5617236854152,6,0.0689483
108,2.5617236854152,7,0.06950029
108,2.5617236854152,8,0.06903561
108,2.5617236854152,9,0.06879731
108,2.5617236854152,10,0.06894359
108,2.5617236854152,11,0.06891934
108,2.5617236854152,12,0.06884883
108,2.5617236854152,13,0.06906797
108,2.5617236854152,14,0.06899732
108,2.5617236854152,15,0.06887623
109,2.57148960844752,0,0.06942438
109,2.57148960844752,1,0.06937169
109,2.57148960844752,2,0.06920924
109,2.57148960844752,3,0.0688647
109,2.57148960844752,4,0.069267
109,2.57148960844752,5,0.06934439
109,2.57148960844752,6,0.06966273
109,2.57148960844752,7,0.069377
109,2.57148960844752,8,0.069101
109,2.57148960844752,9,0.06928317
109,2.57148960844752,10,0.06920317
109,2.57148960844752,11,0.06927744
109,2.57148960844752,12,0.06919098
109,2.57148960844752,13,0.06908023
109,2.57148960844752,14,0.06927599
109,2.57148960844752,15,0.06905654
110,2.58125553147984,0,0.06922801
110,2.58125553147984,1,0.06927593
110,2.58125553147984,2,0.06923795
110,2.58125553147984,3,0.06917558
110,2.58125553147984,4,0.06959745
110,2.58125553147984,5,0.06908237
110,2.58125553147984,6,0.06940098
110,2.58125553147984,7,0.06909727
110,2.58125553147984,8,0.0695012
110,2.58125553147984,9,0.06925487
110,2.58125553147984,10,0.06925727
110,2.58125553147984,11,0.06930564
110,2.58125553147984,12,0.06918741
110,2.58125553147984,13,0.06942647
110,2.58125553147984,14,0.06924161
110,2.58125553147984,15,0.06939191
111,2.59285256508072,0,0.069324
111,2.59285256508072,1,0.06934598
111,2.59285256508072,2,0.0694343
111,2.59285256508072,3,0.06929599
111,2.59285256508072,4,0.06919098
111,2.59285256508072,5,0.0693508
111,2.59285256508072,6,0.06916223
111,2.59285256508072,7,0.06917336
111,2.59285256508072,8,0.06900134
111,2.59285256508072,9,0.06918496
111,2.59285256508072,10,0.06936637
111,2.59285256508072,11,0.06926755
111,2.59285256508072,12,0.06918797
111,2.59285256508072,13,0.06928522
111,2.59285256508072,14,0.06951681
111,2.59285256508072,15,0.06943621
112,2.60200811792352,0,0.0690446
112,2.60200811792352,1,0.06925991
112,2.60200811792352,2,0.06903953
112,2.60200811792352,3,0.06918077
112,2.60200811792352,4,0.06947977
112,2.60200811792352,5,0.06949006
112,2.60200811792352,6,0.06949905
112,2.60200811792352,7,0.06937855
112,2.60200811792352,8,0.06934267
112,2.60200811792352,9,0.0693084
112,2.60200811792352,10,0.06940837
112,2.60200811792352,11,0.06930087
112,2.60200811792352,12,0.06931789
112,2.60200811792352,13,0.06935371
112,2.60200811792352,14,0.06902232
112,2.60200811792352,15,0.06931753
113,2.61177404095584,0,0.06957678
113,2.61177404095584,1,0.06966634
113,2.61177404095584,2,0.06974006
113,2.61177404095584,3,0.06994721
113,2.61177404095584,4,0.06967563
113,2.61177404095584,5,0.06964577
113,2.61177404095584,6,0.06941996
113,2.61177404095584,7,0.06953011
113,2.61177404095584,8,0.06941152
113,2.61177404095584,9,0.06961662
113,2.61177404095584,10,0.0695316
113,2.61177404095584,11,0.0695716
113,2.61177404095584,12,0.06982829
113,2.61177404095584,13,0.06951013
113,2.61177404095584,14,0.06989382
113,2.61177404095584,15,0.06970383
114,2.62153996398816,0,0.06946898
114,2.62153996398816,1,0.06969174
114,2.62153996398816,2,0.06967101
114,2.62153996398816,3,0.06974392
114,2.62153996398816,4,0.0697242
114,2.62153996398816,5,0.06967668
114,2.62153996398816,6,0.06941589
114,2.62153996398816,7,0.06924371
114,2.62153996398816,8,0.06938533
114,2.62153996398816,9,0.06927237
114,2.62153996398816,10,0.06965435
114,2.62153996398816,11,0.06964918
114,2.62153996398816,12,0.06942869
114,2.62153996398816,13,0.06967779
114,2.62153996398816,14,0.06974092
114,2.62153996398816,15,0.06950622
115,2.63191625721,0,0.06983581
115,2.63191625721,1,0.0696663
115,2.63191625721,2,0.06958114
115,2.63191625721,3,0.06948825
115,2.63191625721,4,0.0696969
115,2.63191625721,5,0.06955821
115,2.63191625721,6,0.06947681
115,2.63191625721,7,0.06966976
115,2.63191625721,8,0.06929655
115,2.63191625721,9,0.06943204
115,2.63191625721,10,0.06956659
115,2.63191625721,11,0.06940892
115,2.63191625721,12,0.06967809
115,2.63191625721,13,0.06942722
115,2.63191625721,14,0.06966715
115,2.63191625721,15,0.06945097
116,2.6410718100528,0,0.06946161
116,2.6410718100528,1,0.06939998
116,2.6410718100528,2,0.06949604
116,2.6410718100528,3,0.06974197
116,2.6410718100528,4,0.06969725
116,2.6410718100528,5,0.06962249
116,2.6410718100528,6,0.06956507
116,2.6410718100528,7,0.06958259
116,2.6410718100528,8,0.06971512
116,2.6410718100528,9,0.06966976
116,2.6410718100528,10,0.0697386
116,2.6410718100528,11,0.06957682
116,2.6410718100528,12,0.06967684
116,2.6410718100528,13,0.06967764
116,2.6410718100528,14,0.06942823
116,2.6410718100528,15,0.06972425
117,2.65144810327464,0,0.06972175
117,2.65144810327464,1,0.06971071
117,2.65144810327464,2,0.06991349
117,2.65144810327464,3,0.06971192
117,2.65144810327464,4,0.06955158
117,2.65144810327464,5,0.0694322
117,2.65144810327464,6,0.06925721
117,2.65144810327464,7,0.06959639
117,2.65144810327464,8,0.06950636
117,2.65144810327464,9,0.06949001
117,2.65144810327464,10,0.06964456
117,2.65144810327464,11,0.06984264
117,2.65144810327464,12,0.06969781
117,2.65144810327464,13,0.06930483
117,2.65144810327464,14,0.06967542
117,2.65144810327464,15,0.06961039
118,2.66121402630696,0,0.06999664
118,2.66121402630696,1,0.07020058
118,2.66121402630696,2,0.07001019
118,2.66121402630696,3,0.06997552
118,2.66121402630696,4,0.06996683
118,2.66121402630696,5,0.06986511
118,2.66121402630696,6,0.06988122
118,2.66121402630696,7,0.06985242
118,2.66121402630696,8,0.0697502
118,2.66121402630696,9,0.06982452
118,2.66121402630696,10,0.07012135
118,2.66121402630696,11,0.07025814
118,2.66121402630696,12,0.07020535
118,2.66121402630696,13,0.07010027
118,2.66121402630696,14,0.06984028
118,2.66121402630696,15,0.07001004
119,2.67159031952879,0,0.07017669
119,2.67159031952879,1,0.07027159
119,2.67159031952879,2,0.07004979
119,2.67159031952879,3,0.07011241
119,2.67159031952879,4,0.06991024
119,2.67159031952879,5,0.07006815
119,2.67159031952879,6,0.07035233
119,2.67159031952879,7,0.07010629
119,2.67159031952879,8,0.07001697
119,2.67159031952879,9,0.07035444
119,2.67159031952879,10,0.07018773
119,2.67159031952879,11,0.06986833
119,2.67159031952879,12,0.07021127
119,2.67159031952879,13,0.07001185
119,2.67159031952879,14,0.06992669
119,2.67159031952879,15,0.06996106
120,2.68074587237159,0,0.07029508
120,2.68074587237159,1,0.07011838
120,2.68074587237159,2,0.07015492
120,2.68074587237159,3,0.07000698
120,2.68074587237159,4,0.07004652
120,2.68074587237159,5,0.06993818
120,2.68074587237159,6,0.0700134
120,2.68074587237159,7,0.07024183
120,2.68074587237159,8,0.070301
120,2.68074587237159,9,0.07025884
120,2.68074587237159,10,0.07042766
120,2.68074587237159,11,0.07038284
120,2.68074587237159,12,0.07007819
120,2.68074587237159,13,0.07015035
120,2.68074587237159,14,0.0700262
120,2.68074587237159,15,0.07026642
121,2.69112216559343,0,0.06999493
121,2.69112216559343,1,0.07053595
121,2.69112216559343,2,0.07022431
121,2.69112216559343,3,0.07003854
121,2.69112216559343,4,0.0703842
121,2.69112216559343,5,0.07008943
121,2.69112216559343,6,0.07001913
121,2.69112216559343,7,0.07007714
121,2.69112216559343,8,0.07001747
121,2.69112216559343,9,0.0699026
121,2.69112216559343,10,0.06994279
121,2.69112216559343,11,0.07016154
121,2.69112216559343,12,0.06983446
121,2.69112216559343,13,0.06983345
121,2.69112216559343,14,0.07023982
121,2.69112216559343,15,0.07022236
122,2.70149845881527,0,0.06985763
122,2.70149845881527,1,0.06985955
122,2.70149845881527,2,0.07018382
122,2.70149845881527,3,0.07025678
122,2.70149845881527,4,0.07014869
122,2.70149845881527,5,0.07004186
122,2.70149845881527,6,0.06999981
122,2.70149845881527,7,0.07026441
122,2.70149845881527,8,0.07044797
122,2.70149845881527,9,0.07040392
122,2.70149845881527,10,0.07016711
122,2.70149845881527,11,0.06993929
122,2.70149845881527,12,0.06997908
122,2.70149845881527,13,0.07008928
122,2.70149845881527,14,0.07013133
122,2.70149845881527,15,0.07009018
123,2.71126438184759,0,0.06989237
123,2.71126438184759,1,0.06973194
123,2.71126438184759,2,0.0699136
123,2.71126438184759,3,0.07004341
123,2.71126438184759,4,0.07004517
123,2.71126438184759,5,0.07002816
123,2.71126438184759,6,0.07008401
123,2.71126438184759,7,0.07006971
123,2.71126438184759,8,0.06987646
123,2.71126438184759,9,0.06983235
123,2.71126438184759,10,0.07012571
123,2.71126438184759,11,0.07025141
123,2.71126438184759,12,0.06980009
123,2.71126438184759,13,0.06993642
123,2.71126438184759,14,0.06972667
123,2.71126438184759,15,0.06981002
124,2.72225104525895,0,0.07020179
124,2.72225104525895,1,0.07047417
124,2.72225104525895,2,0.07021308
124,2.72225104525895,3,0.069845
124,2.72225104525895,4,0.07004241
124,2.72225104525895,5,0.07028062
124,2.72225104525895,6,0.07025854
124,2.72225104525895,7,0.07041872
124,2.72225104525895,8,0.07044582
124,2.72225104525895,9,0.07040156
124,2.72225104525895,10,0.06997908
124,2.72225104525895,11,0.07015964
124,2.72225104525895,12,0.07036332
124,2.72225104525895,13,0.07018176
124,2.72225104525895,14,0.07004321
124,2.72225104525895,15,0.07021212
125,2.73079622791223,0,0.07034571
125,2.73079622791223,1,0.07018643
125,2.73079622791223,2,0.07053033
125,2.73079622791223,3,0.07062883
125,2.73079622791223,4,0.07057182
125,2.73079622791223,5,0.07039554
125,2.73079622791223,6,0.07053173
125,2.73079622791223,7,0.0704676
125,2.73079622791223,8,0.0704802
125,2.73079622791223,9,0.07053509
125,2.73079622791223,10,0.07015953
125,2.73079622791223,11,0.07028098
125,2.73079622791223,12,0.07062768
125,2.73079622791223,13,0.07050709
125,2.73079622791223,14,0.07060595
125,2.73079622791223,15,0.07034411
126,2.74117252113407,0,0.07061503
126,2.74117252113407,1,0.07066326
126,2.74117252113407,2,0.0705248
126,2.74117252113407,3,0.07097469
126,2.74117252113407,4,0.07059516
126,2.74117252113407,5,0.07063119
126,2.74117252113407,6,0.07105372
126,2.74117252113407,7,0.07045209
126,2.74117252113407,8,0.0705659
126,2.74117252113407,9,0.07068579
126,2.74117252113407,10,0.07096987
126,2.74117252113407,11,0.07098743
126,2.74117252113407,12,0.07071434
126,2.74117252113407,13,0.0709102
126,2.74117252113407,14,0.07085144
126,2.74117252113407,15,0.07067636
127,2.75215918454543,0,0.07048074
127,2.75215918454543,1,0.07074164
127,2.75215918454543,2,0.07095171
127,2.75215918454543,3,0.07084692
127,2.75215918454543,4,0.07064133
127,2.75215918454543,5,0.07076864
127,2.75215918454543,6,0.0707161
127,2.75215918454543,7,0.07079664
127,2.75215918454543,8,0.07080989
127,2.75215918454543,9,0.07083412
127,2.75215918454543,10,0.07086383
127,2.75215918454543,11,0.0709499
127,2.75215918454543,12,0.07071891
127,2.75215918454543,13,0.07081556
127,2.75215918454543,14,0.07052807
127,2.75215918454543,15,0.07080186
128,2.76131473738823,0,0.07084747
128,2.76131473738823,1,0.07098036
128,2.76131473738823,2,0.07077707
128,2.76131473738823,3,0.0707995
128,2.76131473738823,4,0.07089605
128,2.76131473738823,5,0.07112853
128,2.76131473738823,6,0.07092505
128,2.76131473738823,7,0.07082961
128,2.76131473738823,8,0.07074937
128,2.76131473738823,9,0.07076553
128,2.76131473738823,10,0.07065412
128,2.76131473738823,11,0.0707575
128,2.76131473738823,12,0.07050839
128,2.76131473738823,13,0.0708253
128,2.76131473738823,14,0.07059591
128,2.76131473738823,15,0.07084055
129,2.77108066042054,0,0.07078159
129,2.77108066042054,1,0.07096771
129,2.77108066042054,2,0.07074019
129,2.77108066042054,3,0.0709084
129,2.77108066042054,4,0.07079113
129,2.77108066042054,5,0.07106657
129,2.77108066042054,6,0.070882
129,2.77108066042054,7,0.07117577
129,2.77108066042054,8,0.07062496
129,2.77108066042054,9,0.07068112
129,2.77108066042054,10,0.07106862
129,2.77108066042054,11,0.07077903
129,2.77108066042054,12,0.07109281
129,2.77108066042054,13,0.07124155
129,2.77108066042054,14,0.07104108
129,2.77108066042054,15,0.07106055
130,2.7820673238319,0,0.07119734
130,2.7820673238319,1,0.07092571
130,2.7820673238319,2,0.07108282
130,2.7820673238319,3,0.07118335
130,2.7820673238319,4,0.07059094
130,2.7820673238319,5,0.0711434
130,2.7820673238319,6,0.07080548
130,2.7820673238319,7,0.0708137
130,2.7820673238319,8,0.07091562
130,2.7820673238319,9,0.07109919
130,2.7820673238319,10,0.07097975
130,2.7820673238319,11,0.07101172
130,2.7820673238319,12,0.07095713
130,2.7820673238319,13,0.07102026
130,2.7820673238319,14,0.07107279
130,2.7820673238319,15,0.07114415
131,2.7912228766747,0,0.07156599
131,2.7912228766747,1,0.07126468
131,2.7912228766747,2,0.071335
131,2.7912228766747,3,0.07146069
131,2.7912228766747,4,0.07115193
131,2.7912228766747,5,0.07095541
131,2.7912228766747,6,0.07129971
131,2.7912228766747,7,0.07093575
131,2.7912228766747,8,0.0711869
131,2.7912228766747,9,0.07112984
131,2.7912228766747,10,0.07084613
131,2.7912228766747,11,0.07092279
131,2.7912228766747,12,0.07140952
131,2.7912228766747,13,0.07119459
131,2.7912228766747,14,0.07115674
131,2.7912228766747,15,0.07118268
132,2.80159916989654,0,0.07153848
132,2.80159916989654,1,0.07139094
132,2.80159916989654,2,0.0717207
132,2.80159916989654,3,0.07155138
132,2.80159916989654,4,0.07145273
132,2.80159916989654,5,0.0714482
132,2.80159916989654,6,0.07165691
132,2.80159916989654,7,0.07170634
132,2.80159916989654,8,0.07129184
132,2.80159916989654,9,0.07165189
132,2.80159916989654,10,0.07147831
132,2.80159916989654,11,0.07154166
132,2.80159916989654,12,0.07160055
132,2.80159916989654,13,0.07192925
132,2.80159916989654,14,0.07166583
132,2.80159916989654,15,0.07157455
133,2.81136509292886,0,0.0715296
133,2.81136509292886,1,0.07156251
133,2.81136509292886,2,0.07145824
133,2.81136509292886,3,0.07152872
133,2.81136509292886,4,0.07172726
133,2.81136509292886,5,0.07162379
133,2.81136509292886,6,0.07179816
133,2.81136509292886,7,0.07130965
133,2.81136509292886,8,0.07148678
133,2.81136509292886,9,0.071527
133,2.81136509292886,10,0.07147805
133,2.81136509292886,11,0.07134498
133,2.81136509292886,12,0.07111895
133,2.81136509292886,13,0.07110722
133,2.81136509292886,14,0.07157017
133,2.81136509292886,15,0.07118525
134,2.82113101596118,0,0.0714348
134,2.82113101596118,1,0.07183205
134,2.82113101596118,2,0.07171381
134,2.82113101596118,3,0.07147254
134,2.82113101596118,4,0.07177579
134,2.82113101596118,5,0.07174955
134,2.82113101596118,6,0.07162239
134,2.82113101596118,7,0.07166032
134,2.82113101596118,8,0.07142571
134,2.82113101596118,9,0.07155284
134,2.82113101596118,10,0.07146452
134,2.82113101596118,11,0.07108223
134,2.82113101596118,12,0.07152309
134,2.82113101596118,13,0.07186535
134,2.82113101596118,14,0.0715954
134,2.82113101596118,15,0.07158636
135,2.83150730918302,0,0.07198936
135,2.83150730918302,1,0.0717927
135,2.83150730918302,2,0.07173805
135,2.83150730918302,3,0.07166123
135,2.83150730918302,4,0.0715763
135,2.83150730918302,5,0.07173941
135,2.83150730918302,6,0.07177126
135,2.83150730918302,7,0.0714464
135,2.83150730918302,8,0.07159349
135,2.83150730918302,9,0.07183069
135,2.83150730918302,10,0.07186335
135,2.83150730918302,11,0.07145613
135,2.83150730918302,12,0.07158544
135,2.83150730918302,13,0.07142035
135,2.83150730918302,14,0.07148744
135,2.83150730918302,15,0.07146346
136,2.84188360240486,0,0.07144488
136,2.84188360240486,1,0.07147409
136,2.84188360240486,2,0.0716446
136,2.84188360240486,3,0.0718889
136,2.84188360240486,4,0.0716944
136,2.84188360240486,5,0.07137519
136,2.84188360240486,6,0.07160636
136,2.84188360240486,7,0.07154776
136,2.84188360240486,8,0.07186471
136,2.84188360240486,9,0.07179929
136,2.84188360240486,10,0.07162769
136,2.84188360240486,11,0.07188848
136,2.84188360240486,12,0.07175411
136,2.84188360240486,13,0.0717802
136,2.84188360240486,14,0.07170694
136,2.84188360240486,15,0.07162896
137,2.85164952543718,0,0.07192202
137,2.85164952543718,1,0.07171009
137,2.85164952543718,2,0.07183354
137,2.85164952543718,3,0.07161753
137,2.85164952543718,4,0.07158431
137,2.85164952543718,5,0.07155654
137,2.85164952543718,6,0.07174453
137,2.85164952543718,7,0.07175346
137,2.85164952543718,8,0.07199609
137,2.85164952543718,9,0.07184945
137,2.85164952543718,10,0.0719538
137,2.85164952543718,11,0.07193708
137,2.85164952543718,12,0.07176646
137,2.85164952543718,13,0.07214878
137,2.85164952543718,14,0.07200717
137,2.85164952543718,15,0.07188869
138,2.8614154484695,0,0.07226802
138,2.8614154484695,1,0.07214619
138,2.8614154484695,2,0.07189683
138,2.8614154484695,3,0.07211351
138,2.8614154484695,4,0.0719451
138,2.8614154484695,5,0.07211708
138,2.8614154484695,6,0.07215761
138,2.8614154484695,7,0.07201189
138,2.8614154484695,8,0.07192969
138,2.8614154484695,9,0.07209057
138,2.8614154484695,10,0.07189371
138,2.8614154484695,11,0.07186756
138,2.8614154484695,12,0.07174108
138,2.8614154484695,13,0.07188664
138,2.8614154484695,14,0.07188864
138,2.8614154484695,15,0.07201394
139,2.87118137150182,0,0.07197712
139,2.87118137150182,1,0.07189572
139,2.87118137150182,2,0.07198811
139,2.87118137150182,3,0.07182958
139,2.87118137150182,4,0.0719592
139,2.87118137150182,5,0.07217789
139,2.87118137150182,6,0.07197094
139,2.87118137150182,7,0.07206383
139,2.87118137150182,8,0.07221889
139,2.87118137150182,9,0.07215522
139,2.87118137150182,10,0.07186034
139,2.87118137150182,11,0.07207949
139,2.87118137150182,12,0.07211338
139,2.87118137150182,13,0.07211276
139,2.87118137150182,14,0.07200792
139,2.87118137150182,15,0.07206706
140,2.88155766472366,0,0.07235304
140,2.88155766472366,1,0.07213417
140,2.88155766472366,2,0.07213399
140,2.88155766472366,3,0.07230541
140,2.88155766472366,4,0.0724417
140,2.88155766472366,5,0.07205038
140,2.88155766472366,6,0.07229151
140,2.88155766472366,7,0.07220545
140,2.88155766472366,8,0.07228317
140,2.88155766472366,9,0.07198952
140,2.88155766472366,10,0.07223405
140,2.88155766472366,11,0.07232522
140,2.88155766472366,12,0.07214662
140,2.88155766472366,13,0.07217012
140,2.88155766472366,14,0.07208823
140,2.88155766472366,15,0.07178421
141,2.89193395794549,0,0.07195634
141,2.89193395794549,1,0.07219812
141,2.89193395794549,2,0.07212184
141,2.89193395794549,3,0.07209312
141,2.89193395794549,4,0.07216243
141,2.89193395794549,5,0.07200743
141,2.89193395794549,6,0.07219681
141,2.89193395794549,7,0.07213584
141,2.89193395794549,8,0.07243889
141,2.89193395794549,9,0.07223361
141,2.89193395794549,10,0.07215111
141,2.89193395794549,11,0.07226446
141,2.89193395794549,12,0.0723203
141,2.89193395794549,13,0.07228927
141,2.89193395794549,14,0.07208556
141,2.89193395794549,15,0.0720143
142,2.90108951078829,0,0.07222754
142,2.90108951078829,1,0.07250529
142,2.90108951078829,2,0.07221407
142,2.90108951078829,3,0.07249694
142,2.90108951078829,4,0.0722754
142,2.90108951078829,5,0.07210347
142,2.90108951078829,6,0.07247809
142,2.90108951078829,7,0.07215898
142,2.90108951078829,8,0.07224439
142,2.90108951078829,9,0.07249071
142,2.90108951078829,10,0.07262556
142,2.90108951078829,11,0.07246172
142,2.90108951078829,12,0.07246784
142,2.90108951078829,13,0.07232718
142,2.90108951078829,14,0.07221534
142,2.90108951078829,15,0.07250328
143,2.91207617419965,0,0.07256349
143,2.91207617419965,1,0.07238438
143,2.91207617419965,2,0.07255256
143,2.91207617419965,3,0.07247101
143,2.91207617419965,4,0.07252858
143,2.91207617419965,5,0.07247993
143,2.91207617419965,6,0.07249028
143,2.91207617419965,7,0.07226156
143,2.91207617419965,8,0.07205815
143,2.91207617419965,9,0.07220108
143,2.91207617419965,10,0.07238655
143,2.91207617419965,11,0.07239584
143,2.91207617419965,12,0.07236007
143,2.91207617419965,13,0.07236097
143,2.91207617419965,14,0.07229892
143,2.91207617419965,15,0.07248311
144,2.92123172704245,0,0.07248168
144,2.92123172704245,1,0.0723989
144,2.92123172704245,2,0.07221037
144,2.92123172704245,3,0.07208832
144,2.92123172704245,4,0.07235438
144,2.92123172704245,5,0.0723331
144,2.92123172704245,6,0.07239594
144,2.92123172704245,7,0.07239236
144,2.92123172704245,8,0.07241163
144,2.92123172704245,9,0.07220605
144,2.92123172704245,10,0.07217589
144,2.92123172704245,11,0.07240979
144,2.92123172704245,12,0.07234596
144,2.92123172704245,13,0.07261944
144,2.92123172704245,14,0.07255442
144,2.92123172704245,15,0.07223405
145,2.93160802026429,0,0.07251475
145,2.93160802026429,1,0.07255093
145,2.93160802026429,2,0.07256535
145,2.93160802026429,3,0.07225163
145,2.93160802026429,4,0.07244951
145,2.93160802026429,5,0.07229753
145,2.93160802026429,6,0.07245158
145,2.93160802026429,7,0.07242875
145,2.93160802026429,8,0.07252996
145,2.93160802026429,9,0.07281378
145,2.93160802026429,10,0.07273957
145,2.93160802026429,11,0.07268161
145,2.93160802026429,12,0.07240085
145,2.93160802026429,13,0.07245874
145,2.93160802026429,14,0.07252152
145,2.93160802026429,15,0.07272694
146,2.94137394329661,0,0.0727386
146,2.94137394329661,1,0.07261126
146,2.94137394329661,2,0.07255436
146,2.94137394329661,3,0.07284652
146,2.94137394329661,4,0.07269001
146,2.94137394329661,5,0.07261937
146,2.94137394329661,6,0.07252193
146,2.94137394329661,7,0.07237793
146,2.94137394329661,8,0.07240301
146,2.94137394329661,9,0.07261046
146,2.94137394329661,10,0.07249489
146,2.94137394329661,11,0.07249486
146,2.94137394329661,12,0.07270285
146,2.94137394329661,13,0.07284822
146,2.94137394329661,14,0.07262906
146,2.94137394329661,15,0.07268231
147,2.95113986632893,0,0.07204287
147,2.95113986632893,1,0.07233315
147,2.95113986632893,2,0.07221091
147,2.95113986632893,3,0.07246213
147,2.95113986632893,4,0.07253715
147,2.95113986632893,5,0.07239277
147,2.95113986632893,6,0.07240402
147,2.95113986632893,7,0.07251365
147,2.95113986632893,8,0.07244242
147,2.95113986632893,9,0.0720834
147,2.95113986632893,10,0.07237139
147,2.95113986632893,11,0.07262166
147,2.95113986632893,12,0.07242193
147,2.95113986632893,13,0.07251211
147,2.95113986632893,14,0.07262611
147,2.95113986632893,15,0.07251887
148,2.96151615955077,0,0.07221999
148,2.96151615955077,1,0.07225718
148,2.96151615955077,2,0.07228883
148,2.96151615955077,3,0.07243752
148,2.96151615955077,4,0.07210669
148,2.96151615955077,5,0.07194701
148,2.96151615955077,6,0.07229161
148,2.96151615955077,7,0.07237463
148,2.96151615955077,8,0.07198455
148,2.96151615955077,9,0.07235474
148,2.96151615955077,10,0.07225427
148,2.96151615955077,11,0.0723446
148,2.96151615955077,12,0.07230816
148,2.96151615955077,13,0.07221291
148,2.96151615955077,14,0.07255769
148,2.96151615955077,15,0.07249854
149,2.97189245277261,0,0.07241786
149,2.97189245277261,1,0.07257212
149,2.97189245277261,2,0.07241544
149,2.97189245277261,3,0.07267892
149,2.97189245277261,4,0.07229565
149,2.97189245277261,5,0.07215872
149,2.97189245277261,6,0.07205995
149,2.97189245277261,7,0.0726037
149,2.97189245277261,8,0.07270756
149,2.97189245277261,9,0.07255876
149,2.97189245277261,10,0.0725721
149,2.97189245277261,11,0.07254767
149,2.97189245277261,12,0.07260444
149,2.97189245277261,13,0.07226025
149,2.97189245277261,14,0.07250915
149,2.97189245277261,15,0.07252976
150,2.98165837580493,0,0.07247862
150,2.98165837580493,1,0.07254512
150,2.98165837580493,2,0.07271399
150,2.98165837580493,3,0.07279027
150,2.98165837580493,4,0.07277902
150,2.98165837580493,5,0.07267608
150,2.98165837580493,6,0.07220224
150,2.98165837580493,7,0.07235448
150,2.98165837580493,8,0.0725942
150,2.98165837580493,9,0.07283396
150,2.98165837580493,10,0.07220674
150,2.98165837580493,11,0.07249077
150,2.98165837580493,12,0.07252319
150,2.98165837580493,13,0.07251877
150,2.98165837580493,14,0.07217766
150,2.98165837580493,15,0.07259298
151,2.99142429883724,0,0.0723838
151,2.99142429883724,1,0.07233752
151,2.99142429883724,2,0.07233181
151,2.99142429883724,3,0.07267269
151,2.99142429883724,4,0.07261648
151,2.99142429883724,5,0.07264512
151,2.99142429883724,6,0.0727028
151,2.99142429883724,7,0.07232136
151,2.99142429883724,8,0.07213579
151,2.99142429883724,9,0.07215597
151,2.99142429883724,10,0.0721302
151,2.99142429883724,11,0.07254185
151,2.99142429883724,12,0.07241977
151,2.99142429883724,13,0.07225237
151,2.99142429883724,14,0.07247281
151,2.99142429883724,15,0.07254106
152,3.00119022186956,0,0.07261368
152,3.00119022186956,1,0.07237481
152,3.00119022186956,2,0.07244202
152,3.00119022186956,3,0.07294948
152,3.00119022186956,4,0.07263988
152,3.00119022186956,5,0.07256213
152,3.00119022186956,6,0.0724717
152,3.00119022186956,7,0.07240947
152,3.00119022186956,8,0.07240888
152,3.00119022186956,9,0.07246503
152,3.00119022186956,10,0.07220198
152,3.00119022186956,11,0.07226796
152,3.00119022186956,12,0.07237735
152,3.00119022186956,13,0.0723455
152,3.00119022186956,14,0.07273379
152,3.00119022186956,15,0.07257
153,3.0115665150914,0,0.07255794
153,3.0115665150914,1,0.07246869
153,3.0115665150914,2,0.07278044
153,3.0115665150914,3,0.0727627
153,3.0115665150914,4,0.07276788
153,3.0115665150914,5,0.07271896
153,3.0115665150914,6,0.07291356
153,3.0115665150914,7,0.07262862
153,3.0115665150914,8,0.0726852
153,3.0115665150914,9,0.07259806
153,3.0115665150914,10,0.07262287
153,3.0115665150914,11,0.07248506
153,3.0115665150914,12,0.07251813
153,3.0115665150914,13,0.07239754
153,3.0115665150914,14,0.07266662
153,3.0115665150914,15,0.07258568
154,3.02133243812372,0,0.07250001
154,3.02133243812372,1,0.0725935
154,3.02133243812372,2,0.07248043
154,3.02133243812372,3,0.07260202
154,3.02133243812372,4,0.07253266
154,3.02133243812372,5,0.07254306
154,3.02133243812372,6,0.07233582
154,3.02133243812372,7,0.07263316
154,3.02133243812372,8,0.07254538
154,3.02133243812372,9,0.07253846
154,3.02133243812372,10,0.07253969
154,3.02133243812372,11,0.07254036
154,3.02133243812372,12,0.07252134
154,3.02133243812372,13,0.07243636
154,3.02133243812372,14,0.07227535
154,3.02133243812372,15,0.07248611
155,3.03109836115604,0,0.07275545
155,3.03109836115604,1,0.0725513
155,3.03109836115604,2,0.07261252
155,3.03109836115604,3,0.07296485
155,3.03109836115604,4,0.07278906
155,3.03109836115604,5,0.07270838
155,3.03109836115604,6,0.0725691
155,3.03109836115604,7,0.07265657
155,3.03109836115604,8,0.07263133
155,3.03109836115604,9,0.07259229
155,3.03109836115604,10,0.07252484
155,3.03109836115604,11,0.07275007
155,3.03109836115604,12,0.07224931
155,3.03109836115604,13,0.07261679
155,3.03109836115604,14,0.07258092
155,3.03109836115604,15,0.07268351
156,3.0420850245674,0,0.07280004
156,3.0420850245674,1,0.07302882
156,3.0420850245674,2,0.07301989
156,3.0420850245674,3,0.07291482
156,3.0420850245674,4,0.07279127
156,3.0420850245674,5,0.07277168
156,3.0420850245674,6,0.07320768
156,3.0420850245674,7,0.0726908
156,3.0420850245674,8,0.07282608
156,3.0420850245674,9,0.07286185
156,3.0420850245674,10,0.07276512
156,3.0420850245674,11,0.07296135
156,3.0420850245674,12,0.07302085
156,3.0420850245674,13,0.07247453
156,3.0420850245674,14,0.07286427
156,3.0420850245674,15,0.07293326
157,3.0512405774102,0,0.07276703
157,3.0512405774102,1,0.07277786
157,3.0512405774102,2,0.07258189
157,3.0512405774102,3,0.07276966
157,3.0512405774102,4,0.0727273
157,3.0512405774102,5,0.07261569
157,3.0512405774102,6,0.07260449
157,3.0512405774102,7,0.07270179
157,3.0512405774102,8,0.0725419
157,3.0512405774102,9,0.07238586
157,3.0512405774102,10,0.07224619
157,3.0512405774102,11,0.07255114
157,3.0512405774102,12,0.07257032
157,3.0512405774102,13,0.07292977
157,3.0512405774102,14,0.07276966
157,3.0512405774102,15,0.07259435
158,3.06222724082156,0,0.07288842
158,3.06222724082156,1,0.07291531
158,3.06222724082156,2,0.07284853
158,3.06222724082156,3,0.07294156
158,3.06222724082156,4,0.07281816
158,3.06222724082156,5,0.07307076
158,3.06222724082156,6,0.07287367
158,3.06222724082156,7,0.07296384
158,3.06222724082156,8,0.07262731
158,3.06222724082156,9,0.07282915
158,3.06222724082156,10,0.07285065
158,3.06222724082156,11,0.07243408
158,3.06222724082156,12,0.07252057
158,3.06222724082156,13,0.07259286
158,3.06222724082156,14,0.07246082
158,3.06222724082156,15,0.07253223
159,3.07138279366436,0,0.07247582
159,3.07138279366436,1,0.07254734
159,3.07138279366436,2,0.07261933
159,3.07138279366436,3,0.07271057
159,3.07138279366436,4,0.07266443
159,3.07138279366436,5,0.07290115
159,3.07138279366436,6,0.07305723
159,3.07138279366436,7,0.07286981
159,3.07138279366436,8,0.07277948
159,3.07138279366436,9,0.07275092
159,3.07138279366436,10,0.07254422
159,3.07138279366436,11,0.07258897
159,3.07138279366436,12,0.07250603
159,3.07138279366436,13,0.0726524
159,3.07138279366436,14,0.07238269
159,3.07138279366436,15,0.07259329
160,3.08114871669668,0,0.07297347
160,3.08114871669668,1,0.07281847
160,3.08114871669668,2,0.07283164
160,3.08114871669668,3,0.07276301
160,3.08114871669668,4,0.07273708
160,3.08114871669668,5,0.07241243
160,3.08114871669668,6,0.07265235
160,3.08114871669668,7,0.07278509
160,3.08114871669668,8,0.07277611
160,3.08114871669668,9,0.07278541
160,3.08114871669668,10,0.0731604
160,3.08114871669668,11,0.0730332
160,3.08114871669668,12,0.07283945
160,3.08114871669668,13,0.07283823
160,3.08114871669668,14,0.07305629
160,3.08114871669668,15,0.07320371
161,3.09213538010804,0,0.07296342
161,3.09213538010804,1,0.07286834
161,3.09213538010804,2,0.07277494
161,3.09213538010804,3,0.07263455
161,3.09213538010804,4,0.07271155
161,3.09213538010804,5,0.07245441
161,3.09213538010804,6,0.07240577
161,3.09213538010804,7,0.07245579
161,3.09213538010804,8,0.07246107
161,3.09213538010804,9,0.07265668
161,3.09213538010804,10,0.07253841
161,3.09213538010804,11,0.07249393
161,3.09213538010804,12,0.07246867
161,3.09213538010804,13,0.07234514
161,3.09213538010804,14,0.07248226
161,3.09213538010804,15,0.07249821
162,3.10129093295083,0,0.07280722
162,3.10129093295083,1,0.07242405
162,3.10129093295083,2,0.07240973
162,3.10129093295083,3,0.07258009
162,3.10129093295083,4,0.07284891
162,3.10129093295083,5,0.07258774
162,3.10129093295083,6,0.07276636
162,3.10129093295083,7,0.07266445
162,3.10129093295083,8,0.07265177
162,3.10129093295083,9,0.07260475
162,3.10129093295083,10,0.0726505
162,3.10129093295083,11,0.07249811
162,3.10129093295083,12,0.07251501
162,3.10129093295083,13,0.07275292
162,3.10129093295083,14,0.07271633
162,3.10129093295083,15,0.07260909
163,3.11166722617267,0,0.07252319
163,3.11166722617267,1,0.07238998
163,3.11166722617267,2,0.07261458
163,3.11166722617267,3,0.07258485
163,3.11166722617267,4,0.0725783
163,3.11166722617267,5,0.07243747
163,3.11166722617267,6,0.07274024
163,3.11166722617267,7,0.07281019
163,3.11166722617267,8,0.07272699
163,3.11166722617267,9,0.07240314
163,3.11166722617267,10,0.07248179
163,3.11166722617267,11,0.07268346
163,3.11166722617267,12,0.07259756
163,3.11166722617267,13,0.07250021
163,3.11166722617267,14,0.07269175
163,3.11166722617267,15,0.07247481
164,3.12204351939451,0,0.07261844
164,3.12204351939451,1,0.07260982
164,3.12204351939451,2,0.07236352
164,3.12204351939451,3,0.07230595
164,3.12204351939451,4,0.07224339
164,3.12204351939451,5,0.07262176
164,3.12204351939451,6,0.07254517
164,3.12204351939451,7,0.07236753
164,3.12204351939451,8,0.0724062
164,3.12204351939451,9,0.07259106
164,3.12204351939451,10,0.07257559
164,3.12204351939451,11,0.07244311
164,3.12204351939451,12,0.0724297
164,3.12204351939451,13,0.07238495
164,3.12204351939451,14,0.07254639
164,3.12204351939451,15,0.0723725
165,3.13119907223731,0,0.07231928
165,3.13119907223731,1,0.07237139
165,3.13119907223731,2,0.07218608
165,3.13119907223731,3,0.07243229
165,3.13119907223731,4,0.07238454
165,3.13119907223731,5,0.07235052
165,3.13119907223731,6,0.07240798
165,3.13119907223731,7,0.07247894
165,3.13119907223731,8,0.07229908
165,3.13119907223731,9,0.07255531
165,3.13119907223731,10,0.07225533
165,3.13119907223731,11,0.0725551
165,3.13119907223731,12,0.07232442
165,3.13119907223731,13,0.072687
165,3.13119907223731,14,0.07238881
165,3.13119907223731,15,0.07274294
166,3.14157536545915,0,0.07276064
166,3.14157536545915,1,0.07243747
166,3.14157536545915,2,0.07250316
166,3.14157536545915,3,0.0726392
166,3.14157536545915,4,0.07262498
166,3.14157536545915,5,0.0725269
166,3.14157536545915,6,0.07274353
166,3.14157536545915,7,0.07242446
166,3.14157536545915,8,0.07251617
166,3.14157536545915,9,0.07270522
166,3.14157536545915,10,0.07282247
166,3.14157536545915,11,0.07259989
166,3.14157536545915,12,0.0728143
166,3.14157536545915,13,0.07249383
166,3.14157536545915,14,0.07259862
166,3.14157536545915,15,0.07260549
167,3.15134128849147,0,0.07292597
167,3.15134128849147,1,0.07308872
167,3.15134128849147,2,0.07300875
167,3.15134128849147,3,0.07315423
167,3.15134128849147,4,0.07322367
167,3.15134128849147,5,0.07281066
167,3.15134128849147,6,0.07286744
167,3.15134128849147,7,0.07307313
167,3.15134128849147,8,0.07300214
167,3.15134128849147,9,0.0731812
167,3.15134128849147,10,0.07286047
167,3.15134128849147,11,0.07304419
167,3.15134128849147,12,0.07300949
167,3.15134128849147,13,0.07265589
167,3.15134128849147,14,0.0726634
167,3.15134128849147,15,0.07273221
168,3.16171758171331,0,0.07260534
168,3.16171758171331,1,0.07239377
168,3.16171758171331,2,0.07273977
168,3.16171758171331,3,0.07261083
168,3.16171758171331,4,0.07268305
168,3.16171758171331,5,0.07274405
168,3.16171758171331,6,0.07283036
168,3.16171758171331,7,0.07279444
168,3.16171758171331,8,0.07283787
168,3.16171758171331,9,0.07302749
168,3.16171758171331,10,0.07283934
168,3.16171758171331,11,0.07293528
168,3.16171758171331,12,0.07274569
168,3.16171758171331,13,0.07282127
168,3.16171758171331,14,0.07303821
168,3.16171758171331,15,0.07283247
169,3.17148350474563,0,0.07236076
169,3.17148350474563,1,0.07247708
169,3.17148350474563,2,0.07265483
169,3.17148350474563,3,0.07282266
169,3.17148350474563,4,0.07277258
169,3.17148350474563,5,0.07278398
169,3.17148350474563,6,0.0728422
169,3.17148350474563,7,0.07286533
169,3.17148350474563,8,0.07302269
169,3.17148350474563,9,0.07269243
169,3.17148350474563,10,0.07279687
169,3.17148350474563,11,0.07275852
169,3.17148350474563,12,0.07273144
169,3.17148350474563,13,0.07265896
169,3.17148350474563,14,0.07267987
169,3.17148350474563,15,0.07297377
170,3.18063905758843,0,0.07276539
170,3.18063905758843,1,0.07247651
170,3.18063905758843,2,0.07267053
170,3.18063905758843,3,0.072661
170,3.18063905758843,4,0.07266878
170,3.18063905758843,5,0.07289523
170,3.18063905758843,6,0.07293648
170,3.18063905758843,7,0.07293981
170,3.18063905758843,8,0.07262509
170,3.18063905758843,9,0.0727365
170,3.18063905758843,10,0.07271278
170,3.18063905758843,11,0.07314599
170,3.18063905758843,12,0.07295159
170,3.18063905758843,13,0.07258859
170,3.18063905758843,14,0.07264821
170,3.18063905758843,15,0.07294936
171,3.19162572099979,0,0.07265199
171,3.19162572099979,1,0.0728106
171,3.19162572099979,2,0.07289676
171,3.19162572099979,3,0.07274685
171,3.19162572099979,4,0.07270887
171,3.19162572099979,5,0.07280099
171,3.19162572099979,6,0.07301619
171,3.19162572099979,7,0.0728685
171,3.19162572099979,8,0.07275567
171,3.19162572099979,9,0.07286549
171,3.19162572099979,10,0.07278141
171,3.19162572099979,11,0.07248208
171,3.19162572099979,12,0.07265245
171,3.19162572099979,13,0.07281806
171,3.19162572099979,14,0.07272609
171,3.19162572099979,15,0.07270565
172,3.20078127384259,0,0.07281186
172,3.20078127384259,1,0.07265864
172,3.20078127384259,2,0.07289719
172,3.20078127384259,3,0.07300975
172,3.20078127384259,4,0.07295059
172,3.20078127384259,5,0.07288065
172,3.20078127384259,6,0.07304598
172,3.20078127384259,7,0.07279497
172,3.20078127384259,8,0.07287367
172,3.20078127384259,9,0.07281821
172,3.20078127384259,10,0.07251126
172,3.20078127384259,11,0.0725822
172,3.20078127384259,12,0.07251643
172,3.20078127384259,13,0.07298662
172,3.20078127384259,14,0.07277538
172,3.20078127384259,15,0.07280009
173,3.2105471968749,0,0.07273064
173,3.2105471968749,1,0.07270511
173,3.2105471968749,2,0.07267201
173,3.2105471968749,3,0.07279979
173,3.2105471968749,4,0.07308343
173,3.2105471968749,5,0.07296554
173,3.2105471968749,6,0.07287135
173,3.2105471968749,7,0.07330471
173,3.2105471968749,8,0.07292406
173,3.2105471968749,9,0.07305095
173,3.2105471968749,10,0.07304087
173,3.2105471968749,11,0.07289554
173,3.2105471968749,12,0.0731108
173,3.2105471968749,13,0.07299923
173,3.2105471968749,14,0.07330006
173,3.2105471968749,15,0.07311619
174,3.22092349009674,0,0.07323139
174,3.22092349009674,1,0.07286724
174,3.22092349009674,2,0.07286016
174,3.22092349009674,3,0.07284927
174,3.22092349009674,4,0.07275958
174,3.22092349009674,5,0.07274166
174,3.22092349009674,6,0.07285841
174,3.22092349009674,7,0.07309105
174,3.22092349009674,8,0.07297944
174,3.22092349009674,9,0.07278075
174,3.22092349009674,10,0.07309828
174,3.22092349009674,11,0.0728132
174,3.22092349009674,12,0.07261638
174,3.22092349009674,13,0.0730754
174,3.22092349009674,14,0.07296701
174,3.22092349009674,15,0.0727338
175,3.23068941312906,0,0.07287025
175,3.23068941312906,1,0.07263967
175,3.23068941312906,2,0.07285905
175,3.23068941312906,3,0.07308021
175,3.23068941312906,4,0.07310383
175,3.23068941312906,5,0.07311482
175,3.23068941312906,6,0.07299755
175,3.23068941312906,7,0.07302391
175,3.23068941312906,8,0.07325479
175,3.23068941312906,9,0.07298904
175,3.23068941312906,10,0.07321344
175,3.23068941312906,11,0.07333043
175,3.23068941312906,12,0.07326288
175,3.23068941312906,13,0.07350718
175,3.23068941312906,14,0.07321154
175,3.23068941312906,15,0.07312728
176,3.24045533616138,0,0.07267163
176,3.24045533616138,1,0.07322188
176,3.24045533616138,2,0.07282889
176,3.24045533616138,3,0.07287511
176,3.24045533616138,4,0.07289359
176,3.24045533616138,5,0.07282323
176,3.24045533616138,6,0.07277495
176,3.24045533616138,7,0.07299314
176,3.24045533616138,8,0.07295255
176,3.24045533616138,9,0.07282265
176,3.24045533616138,10,0.0730117
176,3.24045533616138,11,0.07305988
176,3.24045533616138,12,0.0731755
176,3.24045533616138,13,0.07300864
176,3.24045533616138,14,0.07291743
176,3.24045533616138,15,0.07285777
177,3.25144199957274,0,0.07280918
177,3.25144199957274,1,0.07310235
177,3.25144199957274,2,0.07277849
177,3.25144199957274,3,0.07283955
177,3.25144199957274,4,0.07298481
177,3.25144199957274,5,0.07284621
177,3.25144199957274,6,0.07298281
177,3.25144199957274,7,0.07295756
177,3.25144199957274,8,0.07295244
177,3.25144199957274,9,0.07317905
177,3.25144199957274,10,0.07321259
177,3.25144199957274,11,0.07294187
177,3.25144199957274,12,0.07315289
177,3.25144199957274,13,0.07302803
177,3.25144199957274,14,0.07302765
177,3.25144199957274,15,0.07323979
178,3.25998718222602,0,0.07291155
178,3.25998718222602,1,0.07297964
178,3.25998718222602,2,0.07292037
178,3.25998718222602,3,0.07311797
178,3.25998718222602,4,0.07306337
178,3.25998718222602,5,0.0730229
178,3.25998718222602,6,0.07313261
178,3.25998718222602,7,0.07307123
178,3.25998718222602,8,0.07310224
178,3.25998718222602,9,0.07315713
178,3.25998718222602,10,0.07283453
178,3.25998718222602,11,0.07308899
178,3.25998718222602,12,0.0729368
178,3.25998718222602,13,0.07285995
178,3.25998718222602,14,0.07308195
178,3.25998718222602,15,0.07312438
179,3.27097384563738,0,0.07293811
179,3.27097384563738,1,0.07304266
179,3.27097384563738,2,0.07335833
179,3.27097384563738,3,0.07290421
179,3.27097384563738,4,0.07293142
179,3.27097384563738,5,0.07294578
179,3.27097384563738,6,0.07311397
179,3.27097384563738,7,0.07342282
179,3.27097384563738,8,0.07301899
179,3.27097384563738,9,0.0731753
179,3.27097384563738,10,0.07328971
179,3.27097384563738,11,0.07309404
179,3.27097384563738,12,0.07306521
179,3.27097384563738,13,0.07288201
179,3.27097384563738,14,0.07290622
179,3.27097384563738,15,0.07320921
180,3.28012939848018,0,0.07277485
180,3.28012939848018,1,0.07278166
180,3.28012939848018,2,0.07271309
180,3.28012939848018,3,0.07309506
180,3.28012939848018,4,0.07304382
180,3.28012939848018,5,0.0727514
180,3.28012939848018,6,0.07274991
180,3.28012939848018,7,0.07263365
180,3.28012939848018,8,0.07254
180,3.28012939848018,9,0.07298814
180,3.28012939848018,10,0.07288599
180,3.28012939848018,11,0.07277575
180,3.28012939848018,12,0.07305565
180,3.28012939848018,13,0.0727965
180,3.28012939848018,14,0.07271744
180,3.28012939848018,15,0.07298893
181,3.29050569170202,0,0.07292359
181,3.29050569170202,1,0.07319584
181,3.29050569170202,2,0.07308348
181,3.29050569170202,3,0.07324159
181,3.29050569170202,4,0.07293876
181,3.29050569170202,5,0.07270048
181,3.29050569170202,6,0.07270141
181,3.29050569170202,7,0.07287377
181,3.29050569170202,8,0.07297895
181,3.29050569170202,9,0.07306691
181,3.29050569170202,10,0.07294954
181,3.29050569170202,11,0.07326093
181,3.29050569170202,12,0.0731473
181,3.29050569170202,13,0.07323118
181,3.29050569170202,14,0.07314202
181,3.29050569170202,15,0.07312696
182,3.30088198492386,0,0.0733121
182,3.30088198492386,1,0.07299607
182,3.30088198492386,2,0.07325876
182,3.30088198492386,3,0.07332943
182,3.30088198492386,4,0.07305554
182,3.30088198492386,5,0.07328596
182,3.30088198492386,6,0.07322665
182,3.30088198492386,7,0.07342552
182,3.30088198492386,8,0.07324988
182,3.30088198492386,9,0.07334147
182,3.30088198492386,10,0.07326367
182,3.30088198492386,11,0.07341918
182,3.30088198492386,12,0.07324666
182,3.30088198492386,13,0.07338183
182,3.30088198492386,14,0.07316346
182,3.30088198492386,15,0.07282006
183,3.31064790795618,0,0.07313917
183,3.31064790795618,1,0.07324671
183,3.31064790795618,2,0.07318138
183,3.31064790795618,3,0.07306294
183,3.31064790795618,4,0.07350111
183,3.31064790795618,5,0.07332167
183,3.31064790795618,6,0.0727984
183,3.31064790795618,7,0.0732324
183,3.31064790795618,8,0.07347956
183,3.31064790795618,9,0.07339605
183,3.31064790795618,10,0.0733552
183,3.31064790795618,11,0.07327926
183,3.31064790795618,12,0.0733045
183,3.31064790795618,13,0.0730096
183,3.31064790795618,14,0.07311354
183,3.31064790795618,15,0.0730313
184,3.32163457136753,0,0.07317498
184,3.32163457136753,1,0.07326573
184,3.32163457136753,2,0.07350655
184,3.32163457136753,3,0.07325003
184,3.32163457136753,4,0.07367036
184,3.32163457136753,5,0.07346456
184,3.32163457136753,6,0.07359054
184,3.32163457136753,7,0.07323688
184,3.32163457136753,8,0.07351362
184,3.32163457136753,9,0.07348542
184,3.32163457136753,10,0.07345483
184,3.32163457136753,11,0.07306479
184,3.32163457136753,12,0.07326488
184,3.32163457136753,13,0.07344924
184,3.32163457136753,14,0.07322268
184,3.32163457136753,15,0.07332621
185,3.33079012421033,0,0.07343815
185,3.33079012421033,1,0.07350428
185,3.33079012421033,2,0.07327629
185,3.33079012421033,3,0.07335236
185,3.33079012421033,4,0.07342018
185,3.33079012421033,5,0.07307208
185,3.33079012421033,6,0.07345933
185,3.33079012421033,7,0.07340634
185,3.33079012421033,8,0.073149
185,3.33079012421033,9,0.07328549
185,3.33079012421033,10,0.07326779
185,3.33079012421033,11,0.07327677
185,3.33079012421033,12,0.07334708
185,3.33079012421033,13,0.07306516
185,3.33079012421033,14,0.07345463
185,3.33079012421033,15,0.07363977
186,3.34055604724265,0,0.073297
186,3.34055604724265,1,0.07353835
186,3.34055604724265,2,0.07323171
186,3.34055604724265,3,0.07313415
186,3.34055604724265,4,0.07351558
186,3.34055604724265,5,0.07355008
186,3.34055604724265,6,0.07325073
186,3.34055604724265,7,0.07334306
186,3.34055604724265,8,0.07325321
186,3.34055604724265,9,0.0730745
186,3.34055604724265,10,0.07309226
186,3.34055604724265,11,0.07330186
186,3.34055604724265,12,0.07324348
186,3.34055604724265,13,0.07327937
186,3.34055604724265,14,0.07271332
186,3.34055604724265,15,0.07316642
187,3.35032197027497,0,0.07324254
187,3.35032197027497,1,0.07310049
187,3.35032197027497,2,0.07319696
187,3.35032197027497,3,0.07341685
187,3.35032197027497,4,0.07351489
187,3.35032197027497,5,0.07341939
187,3.35032197027497,6,0.07327782
187,3.35032197027497,7,0.07327417
187,3.35032197027497,8,0.07355805
187,3.35032197027497,9,0.07340772
187,3.35032197027497,10,0.07349356
187,3.35032197027497,11,0.07315882
187,3.35032197027497,12,0.0734571
187,3.35032197027497,13,0.07306781
187,3.35032197027497,14,0.07346936
187,3.35032197027497,15,0.07321534
188,3.36069826349681,0,0.07300558
188,3.36069826349681,1,0.07302417
188,3.36069826349681,2,0.07341131
188,3.36069826349681,3,0.07345039
188,3.36069826349681,4,0.07334761
188,3.36069826349681,5,0.07345203
188,3.36069826349681,6,0.0733624
188,3.36069826349681,7,0.07337555
188,3.36069826349681,8,0.07341769
188,3.36069826349681,9,0.07328358
188,3.36069826349681,10,0.0732969
188,3.36069826349681,11,0.07334311
188,3.36069826349681,12,0.07370448
188,3.36069826349681,13,0.07335173
188,3.36069826349681,14,0.07317973
188,3.36069826349681,15,0.07351024
189,3.37046418652913,0,0.07349514
189,3.37046418652913,1,0.07371889
189,3.37046418652913,2,0.07393785
189,3.37046418652913,3,0.07389004
189,3.37046418652913,4,0.07361721
189,3.37046418652913,5,0.0733757
189,3.37046418652913,6,0.07379063
189,3.37046418652913,7,0.07367394
189,3.37046418652913,8,0.07364251
189,3.37046418652913,9,0.07372418
189,3.37046418652913,10,0.07347475
189,3.37046418652913,11,0.07356571
189,3.37046418652913,12,0.07346714
189,3.37046418652913,13,0.07351726
189,3.37046418652913,14,0.07324649
189,3.37046418652913,15,0.0735974
190,3.38023010956145,0,0.07356883
190,3.38023010956145,1,0.07347443
190,3.38023010956145,2,0.07354221
190,3.38023010956145,3,0.07355419
190,3.38023010956145,4,0.07360992
190,3.38023010956145,5,0.07361425
190,3.38023010956145,6,0.07351933
190,3.38023010956145,7,0.07378577
190,3.38023010956145,8,0.0735862
190,3.38023010956145,9,0.0735909
190,3.38023010956145,10,0.0734653
190,3.38023010956145,11,0.07347332
190,3.38023010956145,12,0.07351035
190,3.38023010956145,13,0.07339155
190,3.38023010956145,14,0.07357088
190,3.38023010956145,15,0.07342441
191,3.38999603259377,0,0.07370374
191,3.38999603259377,1,0.07338574
191,3.38999603259377,2,0.07355398
191,3.38999603259377,3,0.07363052
191,3.38999603259377,4,0.0733813
191,3.38999603259377,5,0.07325971
191,3.38999603259377,6,0.07354373
191,3.38999603259377,7,0.07354875
191,3.38999603259377,8,0.07353465
191,3.38999603259377,9,0.07345738
191,3.38999603259377,10,0.07334432
191,3.38999603259377,11,0.07300414
191,3.38999603259377,12,0.07307007
191,3.38999603259377,13,0.07328591
191,3.38999603259377,14,0.07314027
191,3.38999603259377,15,0.07310213
192,3.40159306619465,0,0.07343925
192,3.40159306619465,1,0.07359191
192,3.40159306619465,2,0.07335722
192,3.40159306619465,3,0.07335421
192,3.40159306619465,4,0.07328236
192,3.40159306619465,5,0.07353771
192,3.40159306619465,6,0.07329636
192,3.40159306619465,7,0.0737227
192,3.40159306619465,8,0.07340064
192,3.40159306619465,9,0.07334428
192,3.40159306619465,10,0.07330546
192,3.40159306619465,11,0.07363311
192,3.40159306619465,12,0.07338791
192,3.40159306619465,13,0.07346752
192,3.40159306619465,14,0.07345606
192,3.40159306619465,15,0.07336878
193,3.41074861903745,0,0.07357348
193,3.41074861903745,1,0.07329827
193,3.41074861903745,2,0.0735056
193,3.41074861903745,3,0.07349931
193,3.41074861903745,4,0.07354358
193,3.41074861903745,5,0.07329816
193,3.41074861903745,6,0.07352218
193,3.41074861903745,7,0.07328802
193,3.41074861903745,8,0.07308845
193,3.41074861903745,9,0.07361288
193,3.41074861903745,10,0.07351083
193,3.41074861903745,11,0.07321575
193,3.41074861903745,12,0.07339631
193,3.41074861903745,13,0.07363021
193,3.41074861903745,14,0.07335459
193,3.41074861903745,15,0.07339012
194,3.41990417188025,0,0.07334242
194,3.41990417188025,1,0.0732333
194,3.41990417188025,2,0.07331179
194,3.41990417188025,3,0.07351035
194,3.41990417188025,4,0.07327317
194,3.41990417188025,5,0.07336836
194,3.41990417188025,6,0.07346197
194,3.41990417188025,7,0.07337111
194,3.41990417188025,8,0.07361404
194,3.41990417188025,9,0.07338447
194,3.41990417188025,10,0.07357295
194,3.41990417188025,11,0.07349662
194,3.41990417188025,12,0.07377262
194,3.41990417188025,13,0.07372212
194,3.41990417188025,14,0.07336108
194,3.41990417188025,15,0.07342515
195,3.43028046510208,0,0.07365102
195,3.43028046510208,1,0.07360802
195,3.43028046510208,2,0.07364949
195,3.43028046510208,3,0.07364742
195,3.43028046510208,4,0.0733784
195,3.43028046510208,5,0.07361721
195,3.43028046510208,6,0.07356983
195,3.43028046510208,7,0.07356888
195,3.43028046510208,8,0.07333704
195,3.43028046510208,9,0.07358198
195,3.43028046510208,10,0.07358155
195,3.43028046510208,11,0.07350681
195,3.43028046510208,12,0.07372333
195,3.43028046510208,13,0.07377937
195,3.43028046510208,14,0.07382253
195,3.43028046510208,15,0.07378086
196,3.44065675832392,0,0.07383585
196,3.44065675832392,1,0.0735749
196,3.44065675832392,2,0.07396574
196,3.44065675832392,3,0.07351749
196,3.44065675832392,4,0.07375592
196,3.44065675832392,5,0.07362995
196,3.44065675832392,6,0.07353618
196,3.44065675832392,7,0.07345024
196,3.44065675832392,8,0.07335638
196,3.44065675832392,9,0.07359492
196,3.44065675832392,10,0.07350243
196,3.44065675832392,11,0.07359207
196,3.44065675832392,12,0.07334919
196,3.44065675832392,13,0.07352667
196,3.44065675832392,14,0.07321776
196,3.44065675832392,15,0.0735208
197,3.45103305154576,0,0.07330345
197,3.45103305154576,1,0.07343577
197,3.45103305154576,2,0.07336097
197,3.45103305154576,3,0.07340053
197,3.45103305154576,4,0.07347628
197,3.45103305154576,5,0.07339198
197,3.45103305154576,6,0.07325521
197,3.45103305154576,7,0.07308497
197,3.45103305154576,8,0.07320573
197,3.45103305154576,9,0.07351832
197,3.45103305154576,10,0.07327318
197,3.45103305154576,11,0.07314778
197,3.45103305154576,12,0.07368414
197,3.45103305154576,13,0.07374299
197,3.45103305154576,14,0.07357199
197,3.45103305154576,15,0.07366988
198,3.46018860438856,0,0.07297014
198,3.46018860438856,1,0.07277205
198,3.46018860438856,2,0.07302871
198,3.46018860438856,3,0.0733026
198,3.46018860438856,4,0.07327391
198,3.46018860438856,5,0.07329314
198,3.46018860438856,6,0.07336794
198,3.46018860438856,7,0.07329067
198,3.46018860438856,8,0.07321164
198,3.46018860438856,9,0.07347897
198,3.46018860438856,10,0.07312301
198,3.46018860438856,11,0.07324323
198,3.46018860438856,12,0.07347691
198,3.46018860438856,13,0.07308502
198,3.46018860438856,14,0.0731866
198,3.46018860438856,15,0.07320002
199,3.47117526779992,0,0.07319811
199,3.47117526779992,1,0.07329853
199,3.47117526779992,2,0.07319991
199,3.47117526779992,3,0.07320361
199,3.47117526779992,4,0.07356688
199,3.47117526779992,5,0.07365324
199,3.47117526779992,6,0.07324143
199,3.47117526779992,7,0.07302201
199,3.47117526779992,8,0.07365493
199,3.47117526779992,9,0.07352667
199,3.47117526779992,10,0.07344685
199,3.47117526779992,11,0.07353555
199,3.47117526779992,12,0.07329853
199,3.47117526779992,13,0.07327978
199,3.47117526779992,14,0.07356703
199,3.47117526779992,15,0.07355071
200,3.48094119083224,0,0.07357675
200,3.48094119083224,1,0.07367035
200,3.48094119083224,2,0.07355673
200,3.48094119083224,3,0.07348542
200,3.48094119083224,4,0.07348759
200,3.48094119083224,5,0.07358377
200,3.48094119083224,6,0.0734496
200,3.48094119083224,7,0.07350053
200,3.48094119083224,8,0.07351182
200,3.48094119083224,9,0.07330566
200,3.48094119083224,10,0.07357585
200,3.48094119083224,11,0.07338997
200,3.48094119083224,12,0.07327587
200,3.48094119083224,13,0.07326837
200,3.48094119083224,14,0.07325891
200,3.48094119083224,15,0.07294683
