pos_index,position,sample_index,voltage
0,1.98980681783502,0,0.06612678
0,1.98980681783502,1,0.06604645
0,1.98980681783502,2,0.06598412
0,1.98980681783502,3,0.06606378
0,1.98980681783502,4,0.06611092
0,1.98980681783502,5,0.06609141
0,1.98980681783502,6,0.06613386
0,1.98980681783502,7,0.06577414
0,1.98980681783502,8,0.06572161
0,1.98980681783502,9,0.0659501
0,1.98980681783502,10,0.06612989
0,1.98980681783502,11,0.06598976
1,1.98980681783502,0,0.06603283
1,1.98980681783502,1,0.06616104
1,1.98980681783502,2,0.06631165
1,1.98980681783502,3,0.06607778
1,1.98980681783502,4,0.06631126
1,1.98980681783502,5,0.06612056
1,1.98980681783502,6,0.06638964
1,1.98980681783502,7,0.06603713
1,1.98980681783502,8,0.06605902
1,1.98980681783502,9,0.06615894
1,1.98980681783502,10,0.06613634
1,1.98980681783502,11,0.06605519
1,1.98980681783502,12,0.06602144
1,1.98980681783502,13,0.06574158
1,1.98980681783502,14,0.06593587
1,1.98980681783502,15,0.06588117
2,1.99896237067782,0,0.06604529
2,1.99896237067782,1,0.0659987
2,1.99896237067782,2,0.06584332
2,1.99896237067782,3,0.06571376
2,1.99896237067782,4,0.06594221
2,1.99896237067782,5,0.06594164
2,1.99896237067782,6,0.06603383
2,1.99896237067782,7,0.06632651
2,1.99896237067782,8,0.06595258
2,1.99896237067782,9,0.06598201
2,1.99896237067782,10,0.06604491
2,1.99896237067782,11,0.06603665
2,1.99896237067782,12,0.06580183
2,1.99896237067782,13,0.06620006
2,1.99896237067782,14,0.06607372
2,1.99896237067782,15,0.06628469
3,2.00933866389966,0,0.06596582
3,2.00933866389966,1,0.06616611
3,2.00933866389966,2,0.06598832
3,2.00933866389966,3,0.06598078
3,2.00933866389966,4,0.0659899
3,2.00933866389966,5,0.06605313
3,2.00933866389966,6,0.06598043
3,2.00933866389966,7,0.06592983
3,2.00933866389966,8,0.06603756
3,2.00933866389966,9,0.06602781
3,2.00933866389966,10,0.06592156
3,2.00933866389966,11,0.06587304
3,2.00933866389966,12,0.06576116
3,2.00933866389966,13,0.06580047
3,2.00933866389966,14,0.06576312
3,2.00933866389966,15,0.06591138
4,2.01910458693197,0,0.06581336
4,2.01910458693197,1,0.06579448
4,2.01910458693197,2,0.06604225
4,2.01910458693197,3,0.06587631
4,2.01910458693197,4,0.06586434
4,2.01910458693197,5,0.06589241
4,2.01910458693197,6,0.06617434
4,2.01910458693197,7,0.06603979
4,2.01910458693197,8,0.06607594
4,2.01910458693197,9,0.06598449
4,2.01910458693197,10,0.06578621
4,2.01910458693197,11,0.06610619
4,2.01910458693197,12,0.06602748
4,2.01910458693197,13,0.06596003
4,2.01910458693197,14,0.06611379
4,2.01910458693197,15,0.06609672
5,2.02887050996429,0,0.06610578
5,2.02887050996429,1,0.06616519
5,2.02887050996429,2,0.06591162
5,2.02887050996429,3,0.06606078
5,2.02887050996429,4,0.06593838
5,2.02887050996429,5,0.06599436
5,2.02887050996429,6,0.06613443
5,2.02887050996429,7,0.06624516
5,2.02887050996429,8,0.066004
5,2.02887050996429,9,0.0661632
5,2.02887050996429,10,0.06579046
5,2.02887050996429,11,0.06576738
5,2.02887050996429,12,0.06588237
5,2.02887050996429,13,0.06595263
5,2.02887050996429,14,0.0660602
5,2.02887050996429,15,0.06610318
6,2.03863643299661,0,0.06588749
6,2.03863643299661,1,0.06594126
6,2.03863643299661,2,0.0658462
6,2.03863643299661,3,0.06583948
6,2.03863643299661,4,0.06577853
6,2.03863643299661,5,0.06585581
6,2.03863643299661,6,0.06569922
6,2.03863643299661,7,0.06577827
6,2.03863643299661,8,0.06605552
6,2.03863643299661,9,0.06599611
6,2.03863643299661,10,0.06589694
6,2.03863643299661,11,0.06554522
6,2.03863643299661,12,0.06583436
6,2.03863643299661,13,0.06583682
6,2.03863643299661,14,0.06606006
6,2.03863643299661,15,0.06615914
7,2.04901272621845,0,0.06609825
7,2.04901272621845,1,0.06598186
7,2.04901272621845,2,0.06612143
7,2.04901272621845,3,0.06610068
7,2.04901272621845,4,0.0659749
7,2.04901272621845,5,0.06593233
7,2.04901272621845,6,0.06608884
7,2.04901272621845,7,0.06595062
7,2.04901272621845,8,0.06589404
7,2.04901272621845,9,0.06599919
7,2.04901272621845,10,0.06604002
7,2.04901272621845,11,0.06587114
7,2.04901272621845,12,0.06603286
7,2.04901272621845,13,0.06586945
7,2.04901272621845,14,0.06580053
7,2.04901272621845,15,0.06611086
8,2.05877864925077,0,0.065784
8,2.05877864925077,1,0.06579579
8,2.05877864925077,2,0.06581657
8,2.05877864925077,3,0.0662675
8,2.05877864925077,4,0.06610856
8,2.05877864925077,5,0.06576018
8,2.05877864925077,6,0.065758
8,2.05877864925077,7,0.06629196
8,2.05877864925077,8,0.06595068
8,2.05877864925077,9,0.06577827
8,2.05877864925077,10,0.0657277
8,2.05877864925077,11,0.06571673
8,2.05877864925077,12,0.06570207
8,2.05877864925077,13,0.06560075
8,2.05877864925077,14,0.06565538
8,2.05877864925077,15,0.06588336
9,2.06915494247261,0,0.06569883
9,2.06915494247261,1,0.06609433
9,2.06915494247261,2,0.06558006
9,2.06915494247261,3,0.06590508
9,2.06915494247261,4,0.06585509
9,2.06915494247261,5,0.06593288
9,2.06915494247261,6,0.0658894
9,2.06915494247261,7,0.06556159
9,2.06915494247261,8,0.06577636
9,2.06915494247261,9,0.06614183
9,2.06915494247261,10,0.06603903
9,2.06915494247261,11,0.06572533
9,2.06915494247261,12,0.06555764
9,2.06915494247261,13,0.06582419
9,2.06915494247261,14,0.06567483
9,2.06915494247261,15,0.06552449
10,2.07892086550493,0,0.06576283
10,2.07892086550493,1,0.06616018
10,2.07892086550493,2,0.06573081
10,2.07892086550493,3,0.06597835
10,2.07892086550493,4,0.06607606
10,2.07892086550493,5,0.06612949
10,2.07892086550493,6,0.0658669
10,2.07892086550493,7,0.06588791
10,2.07892086550493,8,0.06599986
10,2.07892086550493,9,0.06593115
10,2.07892086550493,10,0.06572612
10,2.07892086550493,11,0.06589992
10,2.07892086550493,12,0.06558029
10,2.07892086550493,13,0.06580818
10,2.07892086550493,14,0.06596464
10,2.07892086550493,15,0.06563786
11,2.08807641834773,0,0.06604961
11,2.08807641834773,1,0.06574627
11,2.08807641834773,2,0.06563184
11,2.08807641834773,3,0.06564882
11,2.08807641834773,4,0.06596649
11,2.08807641834773,5,0.06579457
11,2.08807641834773,6,0.06604081
11,2.08807641834773,7,0.06605563
11,2.08807641834773,8,0.06603301
11,2.08807641834773,9,0.06582283
11,2.08807641834773,10,0.0659358
11,2.08807641834773,11,0.06595636
11,2.08807641834773,12,0.06583702
11,2.08807641834773,13,0.06587715
11,2.08807641834773,14,0.06569621
11,2.08807641834773,15,0.06615206
12,2.09906308175909,0,0.06615986
12,2.09906308175909,1,0.06573145
12,2.09906308175909,2,0.06576728
12,2.09906308175909,3,0.06573016
12,2.09906308175909,4,0.06591215
12,2.09906308175909,5,0.06593161
12,2.09906308175909,6,0.06612926
12,2.09906308175909,7,0.06605855
12,2.09906308175909,8,0.06626189
12,2.09906308175909,9,0.06610902
12,2.09906308175909,10,0.06615902
12,2.09906308175909,11,0.06605977
12,2.09906308175909,12,0.06603612
12,2.09906308175909,13,0.06572445
12,2.09906308175909,14,0.06555997
12,2.09906308175909,15,0.06589179
13,2.10821863460189,0,0.06581058
13,2.10821863460189,1,0.065791
13,2.10821863460189,2,0.06548684
13,2.10821863460189,3,0.065901
13,2.10821863460189,4,0.06597662
13,2.10821863460189,5,0.06615947
13,2.10821863460189,6,0.06564029
13,2.10821863460189,7,0.06569927
13,2.10821863460189,8,0.06580643
13,2.10821863460189,9,0.06588566
13,2.10821863460189,10,0.06617434
13,2.10821863460189,11,0.06598628
13,2.10821863460189,12,0.06614059
13,2.10821863460189,13,0.06633745
13,2.10821863460189,14,0.06614054
13,2.10821863460189,15,0.06602643
14,2.11859492782373,0,0.06592032
14,2.11859492782373,1,0.06588643
14,2.11859492782373,2,0.06599253
14,2.11859492782373,3,0.06619316
14,2.11859492782373,4,0.06594853
14,2.11859492782373,5,0.06594437
14,2.11859492782373,6,0.06613558
14,2.11859492782373,7,0.0662282
14,2.11859492782373,8,0.06584419
14,2.11859492782373,9,0.06583047
14,2.11859492782373,10,0.06588779
14,2.11859492782373,11,0.06616598
14,2.11859492782373,12,0.06590001
14,2.11859492782373,13,0.0660593
14,2.11859492782373,14,0.06590322
14,2.11859492782373,15,0.06599108
15,2.12897122104556,0,0.06577693
15,2.12897122104556,1,0.06596234
15,2.12897122104556,2,0.06584356
15,2.12897122104556,3,0.06574035
15,2.12897122104556,4,0.06578582
15,2.12897122104556,5,0.06567049
15,2.12897122104556,6,0.06566965
15,2.12897122104556,7,0.06556999
15,2.12897122104556,8,0.06567327
15,2.12897122104556,9,0.06562071
15,2.12897122104556,10,0.06576682
15,2.12897122104556,11,0.06531037
15,2.12897122104556,12,0.06579186
15,2.12897122104556,13,0.06571446
15,2.12897122104556,14,0.0654396
15,2.12897122104556,15,0.06563147
16,2.1393475142674,0,0.06537656
16,2.1393475142674,1,0.06570275
16,2.1393475142674,2,0.06578147
16,2.1393475142674,3,0.06576768
16,2.1393475142674,4,0.06553773
16,2.1393475142674,5,0.06570902
16,2.1393475142674,6,0.06576054
16,2.1393475142674,7,0.06588356
16,2.1393475142674,8,0.06548351
16,2.1393475142674,9,0.06579538
16,2.1393475142674,10,0.06589622
16,2.1393475142674,11,0.06600473
16,2.1393475142674,12,0.06578302
16,2.1393475142674,13,0.0655617
16,2.1393475142674,14,0.06598561
16,2.1393475142674,15,0.0657694
17,2.14911343729972,0,0.06593107
17,2.14911343729972,1,0.06604702
17,2.14911343729972,2,0.06589547
17,2.14911343729972,3,0.06580136
17,2.14911343729972,4,0.06556445
17,2.14911343729972,5,0.06572761
17,2.14911343729972,6,0.065753
17,2.14911343729972,7,0.06585471
17,2.14911343729972,8,0.06550085
17,2.14911343729972,9,0.06590975
17,2.14911343729972,10,0.06595301
17,2.14911343729972,11,0.06602585
17,2.14911343729972,12,0.06579032
17,2.14911343729972,13,0.06595515
17,2.14911343729972,14,0.06559395
17,2.14911343729972,15,0.06564201
18,2.15948973052156,0,0.06608333
18,2.15948973052156,1,0.0658479
18,2.15948973052156,2,0.0659435
18,2.15948973052156,3,0.06563849
18,2.15948973052156,4,0.06596138
18,2.15948973052156,5,0.06573101
18,2.15948973052156,6,0.06604591
18,2.15948973052156,7,0.06613602
18,2.15948973052156,8,0.06605668
18,2.15948973052156,9,0.06584045
18,2.15948973052156,10,0.06583266
18,2.15948973052156,11,0.06615287
18,2.15948973052156,12,0.06590202
18,2.15948973052156,13,0.06593416
18,2.15948973052156,14,0.06591372
18,2.15948973052156,15,0.06601026
19,2.16864528336436,0,0.06591764
19,2.16864528336436,1,0.06594455
19,2.16864528336436,2,0.06586345
19,2.16864528336436,3,0.06574228
19,2.16864528336436,4,0.06570382
19,2.16864528336436,5,0.06589223
19,2.16864528336436,6,0.06579506
19,2.16864528336436,7,0.06613738
19,2.16864528336436,8,0.06579109
19,2.16864528336436,9,0.0658219
19,2.16864528336436,10,0.06566592
19,2.16864528336436,11,0.06585724
19,2.16864528336436,12,0.06576504
19,2.16864528336436,13,0.0660213
19,2.16864528336436,14,0.06606905
19,2.16864528336436,15,0.06568634
20,2.17841120639668,0,0.06598967
20,2.17841120639668,1,0.06597275
20,2.17841120639668,2,0.06582099
20,2.17841120639668,3,0.06574693
20,2.17841120639668,4,0.06609767
20,2.17841120639668,5,0.06567525
20,2.17841120639668,6,0.06570596
20,2.17841120639668,7,0.06592046
20,2.17841120639668,8,0.0658285
20,2.17841120639668,9,0.06581044
20,2.17841120639668,10,0.06586826
20,2.17841120639668,11,0.06578182
20,2.17841120639668,12,0.06593078
20,2.17841120639668,13,0.06579921
20,2.17841120639668,14,0.06557267
20,2.17841120639668,15,0.06566764
21,2.18878749961852,0,0.0657994
21,2.18878749961852,1,0.06574842
21,2.18878749961852,2,0.06573918
21,2.18878749961852,3,0.06577259
21,2.18878749961852,4,0.06561216
21,2.18878749961852,5,0.06585985
21,2.18878749961852,6,0.06561216
21,2.18878749961852,7,0.06601539
21,2.18878749961852,8,0.06567682
21,2.18878749961852,9,0.06550949
21,2.18878749961852,10,0.06566762
21,2.18878749961852,11,0.06570058
21,2.18878749961852,12,0.06562492
21,2.18878749961852,13,0.0656134
21,2.18878749961852,14,0.06574663
21,2.18878749961852,15,0.06576113
22,2.19855342265084,0,0.06557519
22,2.19855342265084,1,0.06532769
22,2.19855342265084,2,0.0654161
22,2.19855342265084,3,0.06579987
22,2.19855342265084,4,0.06564428
22,2.19855342265084,5,0.06590005
22,2.19855342265084,6,0.06588343
22,2.19855342265084,7,0.06602746
22,2.19855342265084,8,0.06561167
22,2.19855342265084,9,0.06596357
22,2.19855342265084,10,0.06607535
22,2.19855342265084,11,0.06585402
22,2.19855342265084,12,0.06587176
22,2.19855342265084,13,0.06574093
22,2.19855342265084,14,0.06579056
22,2.19855342265084,15,0.06587042
23,2.20831934568316,0,0.06585026
23,2.20831934568316,1,0.06606121
23,2.20831934568316,2,0.0658581
23,2.20831934568316,3,0.06582264
23,2.20831934568316,4,0.06584566
23,2.20831934568316,5,0.06572858
23,2.20831934568316,6,0.06615233
23,2.20831934568316,7,0.06607044
23,2.20831934568316,8,0.0657615
23,2.20831934568316,9,0.06586901
23,2.20831934568316,10,0.06580748
23,2.20831934568316,11,0.06577547
23,2.20831934568316,12,0.06573885
23,2.20831934568316,13,0.06571733
23,2.20831934568316,14,0.0660397
23,2.20831934568316,15,0.06569757
24,2.21930600909452,0,0.06584365
24,2.21930600909452,1,0.06601791
24,2.21930600909452,2,0.06609504
24,2.21930600909452,3,0.06579707
24,2.21930600909452,4,0.06616708
24,2.21930600909452,5,0.06594045
24,2.21930600909452,6,0.06592969
24,2.21930600909452,7,0.06596271
24,2.21930600909452,8,0.0660375
24,2.21930600909452,9,0.06584723
24,2.21930600909452,10,0.06598699
24,2.21930600909452,11,0.0659748
24,2.21930600909452,12,0.06594034
24,2.21930600909452,13,0.06570846
24,2.21930600909452,14,0.06594526
24,2.21930600909452,15,0.06585632
25,2.22968230231636,0,0.06609988
25,2.22968230231636,1,0.06617205
25,2.22968230231636,2,0.06608252
25,2.22968230231636,3,0.06577141
25,2.22968230231636,4,0.06597085
25,2.22968230231636,5,0.0659888
25,2.22968230231636,6,0.06592054
25,2.22968230231636,7,0.06612679
25,2.22968230231636,8,0.06588861
25,2.22968230231636,9,0.06593864
25,2.22968230231636,10,0.06590019
25,2.22968230231636,11,0.06578441
25,2.22968230231636,12,0.0657479
25,2.22968230231636,13,0.06600711
25,2.22968230231636,14,0.06565042
25,2.22968230231636,15,0.06606569
26,2.23883785515915,0,0.06620321
26,2.23883785515915,1,0.06591344
26,2.23883785515915,2,0.06591573
26,2.23883785515915,3,0.06601208
26,2.23883785515915,4,0.06594402
26,2.23883785515915,5,0.06603472
26,2.23883785515915,6,0.06576861
26,2.23883785515915,7,0.06556308
26,2.23883785515915,8,0.066006
26,2.23883785515915,9,0.06589111
26,2.23883785515915,10,0.0657332
26,2.23883785515915,11,0.06609706
26,2.23883785515915,12,0.06623597
26,2.23883785515915,13,0.06600458
26,2.23883785515915,14,0.06608549
26,2.23883785515915,15,0.06609575
27,2.24921414838099,0,0.06591875
27,2.24921414838099,1,0.06602522
27,2.24921414838099,2,0.06588399
27,2.24921414838099,3,0.06590599
27,2.24921414838099,4,0.06578554
27,2.24921414838099,5,0.06574177
27,2.24921414838099,6,0.06582201
27,2.24921414838099,7,0.0658991
27,2.24921414838099,8,0.06607024
27,2.24921414838099,9,0.06591846
27,2.24921414838099,10,0.06610771
27,2.24921414838099,11,0.06589987
27,2.24921414838099,12,0.06571094
27,2.24921414838099,13,0.06582244
27,2.24921414838099,14,0.06565057
27,2.24921414838099,15,0.06573325
28,2.25959044160283,0,0.06588251
28,2.25959044160283,1,0.06573799
28,2.25959044160283,2,0.0657993
28,2.25959044160283,3,0.06574065
28,2.25959044160283,4,0.06586613
28,2.25959044160283,5,0.06583798
28,2.25959044160283,6,0.06592635
28,2.25959044160283,7,0.06561376
28,2.25959044160283,8,0.06578522
28,2.25959044160283,9,0.06587913
28,2.25959044160283,10,0.06597474
28,2.25959044160283,11,0.06568997
28,2.25959044160283,12,0.06569292
28,2.25959044160283,13,0.06564262
28,2.25959044160283,14,0.06567863
28,2.25959044160283,15,0.06572067
29,2.26874599444563,0,0.06609127
29,2.26874599444563,1,0.06591134
29,2.26874599444563,2,0.06588151
29,2.26874599444563,3,0.06563217
29,2.26874599444563,4,0.06576518
29,2.26874599444563,5,0.06586993
29,2.26874599444563,6,0.06586288
29,2.26874599444563,7,0.06567793
29,2.26874599444563,8,0.06623685
29,2.26874599444563,9,0.06593642
29,2.26874599444563,10,0.06568519
29,2.26874599444563,11,0.06578665
29,2.26874599444563,12,0.0658116
29,2.26874599444563,13,0.06546103
29,2.26874599444563,14,0.06549419
29,2.26874599444563,15,0.06565847
30,2.27973265785699,0,0.06599526
30,2.27973265785699,1,0.06577915
30,2.27973265785699,2,0.06590748
30,2.27973265785699,3,0.06588615
30,2.27973265785699,4,0.06588235
30,2.27973265785699,5,0.06593972
30,2.27973265785699,6,0.06600686
30,2.27973265785699,7,0.06575181
30,2.27973265785699,8,0.06601159
30,2.27973265785699,9,0.06614792
30,2.27973265785699,10,0.06570335
30,2.27973265785699,11,0.06552027
30,2.27973265785699,12,0.0657934
30,2.27973265785699,13,0.06577145
30,2.27973265785699,14,0.06613929
30,2.27973265785699,15,0.06585127
31,2.28888821069979,0,0.06598699
31,2.28888821069979,1,0.06581275
31,2.28888821069979,2,0.06552394
31,2.28888821069979,3,0.06569595
31,2.28888821069979,4,0.0660104
31,2.28888821069979,5,0.06567866
31,2.28888821069979,6,0.06570559
31,2.28888821069979,7,0.06557854
31,2.28888821069979,8,0.06590028
31,2.28888821069979,9,0.06578563
31,2.28888821069979,10,0.06566083
31,2.28888821069979,11,0.06564712
31,2.28888821069979,12,0.06566951
31,2.28888821069979,13,0.06586172
31,2.28888821069979,14,0.06592699
31,2.28888821069979,15,0.06581115
32,2.29865413373211,0,0.06563046
32,2.29865413373211,1,0.06541372
32,2.29865413373211,2,0.06577265
32,2.29865413373211,3,0.06594049
32,2.29865413373211,4,0.06573927
32,2.29865413373211,5,0.06587745
32,2.29865413373211,6,0.06611822
32,2.29865413373211,7,0.06573216
32,2.29865413373211,8,0.06591416
32,2.29865413373211,9,0.06574329
32,2.29865413373211,10,0.06608014
32,2.29865413373211,11,0.0658817
32,2.29865413373211,12,0.06580486
32,2.29865413373211,13,0.06601068
32,2.29865413373211,14,0.06605749
32,2.29865413373211,15,0.06596429
33,2.30903042695395,0,0.06565
33,2.30903042695395,1,0.06572293
33,2.30903042695395,2,0.06560287
33,2.30903042695395,3,0.06579471
33,2.30903042695395,4,0.06558257
33,2.30903042695395,5,0.06543074
33,2.30903042695395,6,0.06573528
33,2.30903042695395,7,0.06581598
33,2.30903042695395,8,0.06607393
33,2.30903042695395,9,0.06617003
33,2.30903042695395,10,0.06586503
33,2.30903042695395,11,0.06565856
33,2.30903042695395,12,0.06583744
33,2.30903042695395,13,0.06555551
33,2.30903042695395,14,0.06589724
33,2.30903042695395,15,0.06576562
34,2.31879634998627,0,0.06591424
34,2.31879634998627,1,0.06592453
34,2.31879634998627,2,0.06575748
34,2.31879634998627,3,0.06583735
34,2.31879634998627,4,0.06585469
34,2.31879634998627,5,0.06595492
34,2.31879634998627,6,0.06610548
34,2.31879634998627,7,0.06582201
34,2.31879634998627,8,0.06573484
34,2.31879634998627,9,0.06564362
34,2.31879634998627,10,0.06537997
34,2.31879634998627,11,0.06582799
34,2.31879634998627,12,0.06559347
34,2.31879634998627,13,0.06557409
34,2.31879634998627,14,0.06543303
34,2.31879634998627,15,0.06564965
35,2.32917264320811,0,0.06583037
35,2.32917264320811,1,0.06599845
35,2.32917264320811,2,0.06586779
35,2.32917264320811,3,0.06552134
35,2.32917264320811,4,0.065664
35,2.32917264320811,5,0.06596065
35,2.32917264320811,6,0.06602265
35,2.32917264320811,7,0.06596099
35,2.32917264320811,8,0.06582034
35,2.32917264320811,9,0.06589012
35,2.32917264320811,10,0.0659432
35,2.32917264320811,11,0.06579888
35,2.32917264320811,12,0.06573804
35,2.32917264320811,13,0.06556679
35,2.32917264320811,14,0.06576556
35,2.32917264320811,15,0.06579094
36,2.3383281960509,0,0.06583419
36,2.3383281960509,1,0.06559309
36,2.3383281960509,2,0.06559141
36,2.3383281960509,3,0.06581011
36,2.3383281960509,4,0.0655809
36,2.3383281960509,5,0.06571533
36,2.3383281960509,6,0.06583195
36,2.3383281960509,7,0.06565517
36,2.3383281960509,8,0.06555724
36,2.3383281960509,9,0.06567869
36,2.3383281960509,10,0.06534848
36,2.3383281960509,11,0.06556282
36,2.3383281960509,12,0.06560102
36,2.3383281960509,13,0.06550863
36,2.3383281960509,14,0.06578663
36,2.3383281960509,15,0.06554634
37,2.34870448927274,0,0.06578913
37,2.34870448927274,1,0.06557985
37,2.34870448927274,2,0.06559528
37,2.34870448927274,3,0.06565618
37,2.34870448927274,4,0.06584156
37,2.34870448927274,5,0.0657432
37,2.34870448927274,6,0.06589661
37,2.34870448927274,7,0.06561765
37,2.34870448927274,8,0.06575221
37,2.34870448927274,9,0.06564718
37,2.34870448927274,10,0.06547891
37,2.34870448927274,11,0.06560908
37,2.34870448927274,12,0.0654748
37,2.34870448927274,13,0.06571399
37,2.34870448927274,14,0.06558616
37,2.34870448927274,15,0.06553042
38,2.35908078249458,0,0.06584795
38,2.35908078249458,1,0.06567691
38,2.35908078249458,2,0.06580868
38,2.35908078249458,3,0.06543132
38,2.35908078249458,4,0.06541041
38,2.35908078249458,5,0.06517541
38,2.35908078249458,6,0.0654361
38,2.35908078249458,7,0.06564154
38,2.35908078249458,8,0.06538256
38,2.35908078249458,9,0.06560931
38,2.35908078249458,10,0.06549709
38,2.35908078249458,11,0.06561487
38,2.35908078249458,12,0.06564023
38,2.35908078249458,13,0.06548671
38,2.35908078249458,14,0.06530122
38,2.35908078249458,15,0.06546556
39,2.3688467055269,0,0.06558826
39,2.3688467055269,1,0.06539607
39,2.3688467055269,2,0.06578325
39,2.3688467055269,3,0.06569044
39,2.3688467055269,4,0.06569897
39,2.3688467055269,5,0.0659435
39,2.3688467055269,6,0.06578729
39,2.3688467055269,7,0.0658883
39,2.3688467055269,8,0.06561422
39,2.3688467055269,9,0.06588268
39,2.3688467055269,10,0.06575923
39,2.3688467055269,11,0.06548916
39,2.3688467055269,12,0.06572366
39,2.3688467055269,13,0.06593778
39,2.3688467055269,14,0.06592835
39,2.3688467055269,15,0.06589525
40,2.37922299874874,0,0.06615186
40,2.37922299874874,1,0.06643776
40,2.37922299874874,2,0.06613784
40,2.37922299874874,3,0.06634806
40,2.37922299874874,4,0.066186
40,2.37922299874874,5,0.06612952
40,2.37922299874874,6,0.06621617
40,2.37922299874874,7,0.06569436
40,2.37922299874874,8,0.06657322
40,2.37922299874874,9,0.06605218
40,2.37922299874874,10,0.06617261
40,2.37922299874874,11,0.06595402
40,2.37922299874874,12,0.06631112
40,2.37922299874874,13,0.06581165
40,2.37922299874874,14,0.06628951
40,2.37922299874874,15,0.06574169
41,2.38898892178106,0,0.06689069
41,2.38898892178106,1,0.06678225
41,2.38898892178106,2,0.06691383
41,2.38898892178106,3,0.06658668
41,2.38898892178106,4,0.06652384
41,2.38898892178106,5,0.06672448
41,2.38898892178106,6,0.06667382
41,2.38898892178106,7,0.06672237
41,2.38898892178106,8,0.06636737
41,2.38898892178106,9,0.06661809
41,2.38898892178106,10,0.06657345
41,2.38898892178106,11,0.06647637
41,2.38898892178106,12,0.06636163
41,2.38898892178106,13,0.0660314
41,2.38898892178106,14,0.06592563
41,2.38898892178106,15,0.06613123
42,2.39875484481338,0,0.0663797
42,2.39875484481338,1,0.06691937
42,2.39875484481338,2,0.06673709
42,2.39875484481338,3,0.0664763
42,2.39875484481338,4,0.06671214
42,2.39875484481338,5,0.06653927
42,2.39875484481338,6,0.06669647
42,2.39875484481338,7,0.06688109
42,2.39875484481338,8,0.06688353
42,2.39875484481338,9,0.0665971
42,2.39875484481338,10,0.06705678
42,2.39875484481338,11,0.06648886
42,2.39875484481338,12,0.06699125
42,2.39875484481338,13,0.06663731
42,2.39875484481338,14,0.0668377
42,2.39875484481338,15,0.06702556
43,2.40913113803522,0,0.06716822
43,2.40913113803522,1,0.06705505
43,2.40913113803522,2,0.06719471
43,2.40913113803522,3,0.06727289
43,2.40913113803522,4,0.0670549
43,2.40913113803522,5,0.06715762
43,2.40913113803522,6,0.06712698
43,2.40913113803522,7,0.06702853
43,2.40913113803522,8,0.06699894
43,2.40913113803522,9,0.0675065
43,2.40913113803522,10,0.06716574
43,2.40913113803522,11,0.06697777
43,2.40913113803522,12,0.0669404
43,2.40913113803522,13,0.06719332
43,2.40913113803522,14,0.06737561
43,2.40913113803522,15,0.06705056
44,2.41889706106754,0,0.06759756
44,2.41889706106754,1,0.06753771
44,2.41889706106754,2,0.06730954
44,2.41889706106754,3,0.06728805
44,2.41889706106754,4,0.06770308
44,2.41889706106754,5,0.0680154
44,2.41889706106754,6,0.06776782
44,2.41889706106754,7,0.06763649
44,2.41889706106754,8,0.06740036
44,2.41889706106754,9,0.06777566
44,2.41889706106754,10,0.06722672
44,2.41889706106754,11,0.06767822
44,2.41889706106754,12,0.06771934
44,2.41889706106754,13,0.06751023
44,2.41889706106754,14,0.06742267
44,2.41889706106754,15,0.06742056
45,2.42866298409986,0,0.06773557
45,2.42866298409986,1,0.0677512
45,2.42866298409986,2,0.06746157
45,2.42866298409986,3,0.06736814
45,2.42866298409986,4,0.06764051
45,2.42866298409986,5,0.06770001
45,2.42866298409986,6,0.06753623
45,2.42866298409986,7,0.06786226
45,2.42866298409986,8,0.06781454
45,2.42866298409986,9,0.06768925
45,2.42866298409986,10,0.06760762
45,2.42866298409986,11,0.06765005
45,2.42866298409986,12,0.06784379
45,2.42866298409986,13,0.06768237
45,2.42866298409986,14,0.06754064
45,2.42866298409986,15,0.0675756
46,2.44026001770074,0,0.06782919
46,2.44026001770074,1,0.06780197
46,2.44026001770074,2,0.06798626
46,2.44026001770074,3,0.06766612
46,2.44026001770074,4,0.06772151
46,2.44026001770074,5,0.06759606
46,2.44026001770074,6,0.06752837
46,2.44026001770074,7,0.06781831
46,2.44026001770074,8,0.06828873
46,2.44026001770074,9,0.06740718
46,2.44026001770074,10,0.06796581
46,2.44026001770074,11,0.06805083
46,2.44026001770074,12,0.06781816
46,2.44026001770074,13,0.06774165
46,2.44026001770074,14,0.06780188
46,2.44026001770074,15,0.06813012
47,2.4481948301645,0,0.06836836
47,2.4481948301645,1,0.06855316
47,2.4481948301645,2,0.06776166
47,2.4481948301645,3,0.06799877
47,2.4481948301645,4,0.06798045
47,2.4481948301645,5,0.06781574
47,2.4481948301645,6,0.06815265
47,2.4481948301645,7,0.06802585
47,2.4481948301645,8,0.0682355
47,2.4481948301645,9,0.0681151
47,2.4481948301645,10,0.06808531
47,2.4481948301645,11,0.068105
47,2.4481948301645,12,0.06834593
47,2.4481948301645,13,0.06811251
47,2.4481948301645,14,0.06812957
47,2.4481948301645,15,0.06784983
48,2.45857112338633,0,0.06824729
48,2.45857112338633,1,0.06826998
48,2.45857112338633,2,0.06827341
48,2.45857112338633,3,0.06854273
48,2.45857112338633,4,0.06870566
48,2.45857112338633,5,0.06831336
48,2.45857112338633,6,0.06853271
48,2.45857112338633,7,0.06828397
48,2.45857112338633,8,0.06813682
48,2.45857112338633,9,0.06856478
48,2.45857112338633,10,0.06826024
48,2.45857112338633,11,0.06830384
48,2.45857112338633,12,0.06828751
48,2.45857112338633,13,0.06808241
48,2.45857112338633,14,0.0685077
48,2.45857112338633,15,0.06825908
49,2.46955778679769,0,0.0686999
49,2.46955778679769,1,0.06872754
49,2.46955778679769,2,0.06873149
49,2.46955778679769,3,0.06892902
49,2.46955778679769,4,0.0687575
49,2.46955778679769,5,0.06858894
49,2.46955778679769,6,0.06857318
49,2.46955778679769,7,0.0687096
49,2.46955778679769,8,0.06881396
49,2.46955778679769,9,0.06884624
49,2.46955778679769,10,0.06879438
49,2.46955778679769,11,0.06890295
49,2.46955778679769,12,0.06864601
49,2.46955778679769,13,0.06867834
49,2.46955778679769,14,0.06871107
49,2.46955778679769,15,0.06887053
50,2.47932370983001,0,0.068831
50,2.47932370983001,1,0.06873368
50,2.47932370983001,2,0.06889049
50,2.47932370983001,3,0.06847727
50,2.47932370983001,4,0.06888628
50,2.47932370983001,5,0.06872235
50,2.47932370983001,6,0.06876659
50,2.47932370983001,7,0.06869384
50,2.47932370983001,8,0.06867734
50,2.47932370983001,9,0.06874492
50,2.47932370983001,10,0.06870054
50,2.47932370983001,11,0.06860899
50,2.47932370983001,12,0.06883129
50,2.47932370983001,13,0.06881817
50,2.47932370983001,14,0.06869623
50,2.47932370983001,15,0.06859582
51,2.48847926267281,0,0.06901383
51,2.48847926267281,1,0.06900693
51,2.48847926267281,2,0.06933274
51,2.48847926267281,3,0.06885795
51,2.48847926267281,4,0.06881912
51,2.48847926267281,5,0.06897385
51,2.48847926267281,6,0.06913767
51,2.48847926267281,7,0.06895073
51,2.48847926267281,8,0.06892658
51,2.48847926267281,9,0.06910779
51,2.48847926267281,10,0.06888162
51,2.48847926267281,11,0.06867678
51,2.48847926267281,12,0.06884854
51,2.48847926267281,13,0.06879724
51,2.48847926267281,14,0.06909768
51,2.48847926267281,15,0.06914491
52,2.49946592608417,0,0.0696301
52,2.49946592608417,1,0.06921393
52,2.49946592608417,2,0.06919488
52,2.49946592608417,3,0.06914487
52,2.49946592608417,4,0.06918035
52,2.49946592608417,5,0.0693506
52,2.49946592608417,6,0.0694457
52,2.49946592608417,7,0.0693608
52,2.49946592608417,8,0.06925032
52,2.49946592608417,9,0.06942201
52,2.49946592608417,10,0.06933205
52,2.49946592608417,11,0.06925905
52,2.49946592608417,12,0.06933205
52,2.49946592608417,13,0.06931005
52,2.49946592608417,14,0.06920145
52,2.49946592608417,15,0.06928293
53,2.50984221930601,0,0.06918122
53,2.50984221930601,1,0.06950527
53,2.50984221930601,2,0.06958032
53,2.50984221930601,3,0.0693189
53,2.50984221930601,4,0.0696452
53,2.50984221930601,5,0.06944786
53,2.50984221930601,6,0.06946252
53,2.50984221930601,7,0.06934714
53,2.50984221930601,8,0.06961215
53,2.50984221930601,9,0.06957939
53,2.50984221930601,10,0.0694614
53,2.50984221930601,11,0.06963399
53,2.50984221930601,12,0.06951791
53,2.50984221930601,13,0.06946543
53,2.50984221930601,14,0.06906039
53,2.50984221930601,15,0.06905188
54,2.51960814233833,0,0.0695902
54,2.51960814233833,1,0.06981914
54,2.51960814233833,2,0.06965064
54,2.51960814233833,3,0.06957392
54,2.51960814233833,4,0.0697761
54,2.51960814233833,5,0.06960583
54,2.51960814233833,6,0.06980779
54,2.51960814233833,7,0.06998895
54,2.51960814233833,8,0.06969117
54,2.51960814233833,9,0.06988043
54,2.51960814233833,10,0.06965646
54,2.51960814233833,11,0.06940342
54,2.51960814233833,12,0.06968786
54,2.51960814233833,13,0.06971076
54,2.51960814233833,14,0.06970564
54,2.51960814233833,15,0.06953688
55,2.52998443556017,0,0.06955634
55,2.52998443556017,1,0.06968862
55,2.52998443556017,2,0.06993061
55,2.52998443556017,3,0.06985322
55,2.52998443556017,4,0.06998289
55,2.52998443556017,5,0.06993111
55,2.52998443556017,6,0.07035067
55,2.52998443556017,7,0.07020871
55,2.52998443556017,8,0.0698891
55,2.52998443556017,9,0.06987896
55,2.52998443556017,10,0.06970088
55,2.52998443556017,11,0.06995423
55,2.52998443556017,12,0.07002509
55,2.52998443556017,13,0.07012942
55,2.52998443556017,14,0.07014408
55,2.52998443556017,15,0.07018538
56,2.53913998840297,0,0.07007322
56,2.53913998840297,1,0.06993029
56,2.53913998840297,2,0.06992464
56,2.53913998840297,3,0.06992324
56,2.53913998840297,4,0.07007327
56,2.53913998840297,5,0.069847
56,2.53913998840297,6,0.07018518
56,2.53913998840297,7,0.0699843
56,2.53913998840297,8,0.06977018
56,2.53913998840297,9,0.0702184
56,2.53913998840297,10,0.06985568
56,2.53913998840297,11,0.069847
56,2.53913998840297,12,0.06974448
56,2.53913998840297,13,0.07029291
56,2.53913998840297,14,0.07013178
56,2.53913998840297,15,0.07001617
57,2.55012665181433,0,0.07011928
57,2.55012665181433,1,0.07006509
57,2.55012665181433,2,0.07036297
57,2.55012665181433,3,0.07011668
57,2.55012665181433,4,0.07015647
57,2.55012665181433,5,0.07029999
57,2.55012665181433,6,0.07004703
57,2.55012665181433,7,0.07007428
57,2.55012665181433,8,0.06999695
57,2.55012665181433,9,0.07018046
57,2.55012665181433,10,0.07006489
57,2.55012665181433,11,0.0699411
57,2.55012665181433,12,0.07007021
57,2.55012665181433,13,0.07018211
57,2.55012665181433,14,0.07004115
57,2.55012665181433,15,0.07006428
58,2.55928220465712,0,0.07017861
58,2.55928220465712,1,0.07029382
58,2.55928220465712,2,0.07036945
58,2.55928220465712,3,0.07033241
58,2.55928220465712,4,0.06996664
58,2.55928220465712,5,0.07018799
58,2.55928220465712,6,0.07022592
58,2.55928220465712,7,0.07028157
58,2.55928220465712,8,0.07035489
58,2.55928220465712,9,0.07031314
58,2.55928220465712,10,0.07034827
58,2.55928220465712,11,0.07030682
58,2.55928220465712,12,0.07044697
58,2.55928220465712,13,0.07016335
58,2.55928220465712,14,0.07043096
58,2.55928220465712,15,0.07026411
59,2.570879238258,0,0.07081085
59,2.570879238258,1,0.07072965
59,2.570879238258,2,0.07066838
59,2.570879238258,3,0.07103274
59,2.570879238258,4,0.070948
59,2.570879238258,5,0.07129638
59,2.570879238258,6,0.07082801
59,2.570879238258,7,0.07087498
59,2.570879238258,8,0.07078504
59,2.570879238258,9,0.07041019
59,2.570879238258,10,0.07062512
59,2.570879238258,11,0.07090186
59,2.570879238258,12,0.07062839
59,2.570879238258,13,0.0704834
59,2.570879238258,14,0.07029427
59,2.570879238258,15,0.07059089
60,2.5800347911008,0,0.07066663
60,2.5800347911008,1,0.07097617
60,2.5800347911008,2,0.07093611
60,2.5800347911008,3,0.07110924
60,2.5800347911008,4,0.07095402
60,2.5800347911008,5,0.07087683
60,2.5800347911008,6,0.07122687
60,2.5800347911008,7,0.07088682
60,2.5800347911008,8,0.07121374
60,2.5800347911008,9,0.07120729
60,2.5800347911008,10,0.07086322
60,2.5800347911008,11,0.07074553
60,2.5800347911008,12,0.07091191
60,2.5800347911008,13,0.07098983
60,2.5800347911008,14,0.07076803
60,2.5800347911008,15,0.07062507
61,2.5891903439436,0,0.07107143
61,2.5891903439436,1,0.07091727
61,2.5891903439436,2,0.07094348
61,2.5891903439436,3,0.07106729
61,2.5891903439436,4,0.07090132
61,2.5891903439436,5,0.07083096
61,2.5891903439436,6,0.07081322
61,2.5891903439436,7,0.07097974
61,2.5891903439436,8,0.0705766
61,2.5891903439436,9,0.07049049
61,2.5891903439436,10,0.07093178
61,2.5891903439436,11,0.07086214
61,2.5891903439436,12,0.07079741
61,2.5891903439436,13,0.07098042
61,2.5891903439436,14,0.07080913
61,2.5891903439436,15,0.07054067
62,2.60017700735496,0,0.07099608
62,2.60017700735496,1,0.07131917
62,2.60017700735496,2,0.0710196
62,2.60017700735496,3,0.07110131
62,2.60017700735496,4,0.07128818
62,2.60017700735496,5,0.07084531
62,2.60017700735496,6,0.07079107
62,2.60017700735496,7,0.07084672
62,2.60017700735496,8,0.07102823
62,2.60017700735496,9,0.07089248
62,2.60017700735496,10,0.07118768
62,2.60017700735496,11,0.07099395
62,2.60017700735496,12,0.07070295
62,2.60017700735496,13,0.07087237
62,2.60017700735496,14,0.07090219
62,2.60017700735496,15,0.07119501
63,2.60994293038728,0,0.0712145
63,2.60994293038728,1,0.0709649
63,2.60994293038728,2,0.07076313
63,2.60994293038728,3,0.07091448
63,2.60994293038728,4,0.07111721
63,2.60994293038728,5,0.07110842
63,2.60994293038728,6,0.07104601
63,2.60994293038728,7,0.07095517
63,2.60994293038728,8,0.07087901
63,2.60994293038728,9,0.07116404
63,2.60994293038728,10,0.0710138
63,2.60994293038728,11,0.07100122
63,2.60994293038728,12,0.07132253
63,2.60994293038728,13,0.07135741
63,2.60994293038728,14,0.07118621
63,2.60994293038728,15,0.07112288
64,2.61909848323008,0,0.0714554
64,2.61909848323008,1,0.07111095
64,2.61909848323008,2,0.07146802
64,2.61909848323008,3,0.07153407
64,2.61909848323008,4,0.07112326
64,2.61909848323008,5,0.07099636
64,2.61909848323008,6,0.07107529
64,2.61909848323008,7,0.0713206
64,2.61909848323008,8,0.07101398
64,2.61909848323008,9,0.07146091
64,2.61909848323008,10,0.07184751
64,2.61909848323008,11,0.07157517
64,2.61909848323008,12,0.07158204
64,2.61909848323008,13,0.07143612
64,2.61909848323008,14,0.07158551
64,2.61909848323008,15,0.07152525
65,2.63008514664144,0,0.07136063
65,2.63008514664144,1,0.07146171
65,2.63008514664144,2,0.07180361
65,2.63008514664144,3,0.07130916
65,2.63008514664144,4,0.07115415
65,2.63008514664144,5,0.07120492
65,2.63008514664144,6,0.07141589
65,2.63008514664144,7,0.07127583
65,2.63008514664144,8,0.07140429
65,2.63008514664144,9,0.07147161
65,2.63008514664144,10,0.07137908
65,2.63008514664144,11,0.07154024
65,2.63008514664144,12,0.07174924
65,2.63008514664144,13,0.0716531
65,2.63008514664144,14,0.07163088
65,2.63008514664144,15,0.07159504
66,2.63924069948424,0,0.07161848
66,2.63924069948424,1,0.07147853
66,2.63924069948424,2,0.07170317
66,2.63924069948424,3,0.07157282
66,2.63924069948424,4,0.07149649
66,2.63924069948424,5,0.07172371
66,2.63924069948424,6,0.07115053
66,2.63924069948424,7,0.0712816
66,2.63924069948424,8,0.07149928
66,2.63924069948424,9,0.07131203
66,2.63924069948424,10,0.07139814
66,2.63924069948424,11,0.07127188
66,2.63924069948424,12,0.07157726
66,2.63924069948424,13,0.07155503
66,2.63924069948424,14,0.07162122
66,2.63924069948424,15,0.07150027
67,2.64900662251656,0,0.07156853
67,2.64900662251656,1,0.07156711
67,2.64900662251656,2,0.07163776
67,2.64900662251656,3,0.07150054
67,2.64900662251656,4,0.07161447
67,2.64900662251656,5,0.07151488
67,2.64900662251656,6,0.07132524
67,2.64900662251656,7,0.07140428
67,2.64900662251656,8,0.07159131
67,2.64900662251656,9,0.07154477
67,2.64900662251656,10,0.07157908
67,2.64900662251656,11,0.07139928
67,2.64900662251656,12,0.07144696
67,2.64900662251656,13,0.07198991
67,2.64900662251656,14,0.0717603
67,2.64900662251656,15,0.07166746
68,2.65999328592792,0,0.07179113
68,2.65999328592792,1,0.07173835
68,2.65999328592792,2,0.07180464
68,2.65999328592792,3,0.07173527
68,2.65999328592792,4,0.07170603
68,2.65999328592792,5,0.07202297
68,2.65999328592792,6,0.07197902
68,2.65999328592792,7,0.07179201
68,2.65999328592792,8,0.07197261
68,2.65999328592792,9,0.07169772
68,2.65999328592792,10,0.07175232
68,2.65999328592792,11,0.07174774
68,2.65999328592792,12,0.07175919
68,2.65999328592792,13,0.0717936
68,2.65999328592792,14,0.07178496
68,2.65999328592792,15,0.07187785
69,2.66975920896023,0,0.07192984
69,2.66975920896023,1,0.07183846
69,2.66975920896023,2,0.07191777
69,2.66975920896023,3,0.07203368
69,2.66975920896023,4,0.07169607
69,2.66975920896023,5,0.07187802
69,2.66975920896023,6,0.0718725
69,2.66975920896023,7,0.07187289
69,2.66975920896023,8,0.07173169
69,2.66975920896023,9,0.07171036
69,2.66975920896023,10,0.07163925
69,2.66975920896023,11,0.07175436
69,2.66975920896023,12,0.07191278
69,2.66975920896023,13,0.07173531
69,2.66975920896023,14,0.07151881
69,2.66975920896023,15,0.07149503
70,2.67952513199255,0,0.07155983
70,2.67952513199255,1,0.0718312
70,2.67952513199255,2,0.07159509
70,2.67952513199255,3,0.07191023
70,2.67952513199255,4,0.07175598
70,2.67952513199255,5,0.07194461
70,2.67952513199255,6,0.07196517
70,2.67952513199255,7,0.07194214
70,2.67952513199255,8,0.07182834
70,2.67952513199255,9,0.07158952
70,2.67952513199255,10,0.07203489
70,2.67952513199255,11,0.07203965
70,2.67952513199255,12,0.0717411
70,2.67952513199255,13,0.07141574
70,2.67952513199255,14,0.07153237
70,2.67952513199255,15,0.0718356
71,2.68929105502487,0,0.07187405
71,2.68929105502487,1,0.0718013
71,2.68929105502487,2,0.07199567
71,2.68929105502487,3,0.07195545
71,2.68929105502487,4,0.07201937
71,2.68929105502487,5,0.0717805
71,2.68929105502487,6,0.07184415
71,2.68929105502487,7,0.07179854
71,2.68929105502487,8,0.07190748
71,2.68929105502487,9,0.07198234
71,2.68929105502487,10,0.0719677
71,2.68929105502487,11,0.0721151
71,2.68929105502487,12,0.07205787
71,2.68929105502487,13,0.07204889
71,2.68929105502487,14,0.07205826
71,2.68929105502487,15,0.07220489
72,2.70027771843623,0,0.07211345
72,2.70027771843623,1,0.07206091
72,2.70027771843623,2,0.07195946
72,2.70027771843623,3,0.07208674
72,2.70027771843623,4,0.07209039
72,2.70027771843623,5,0.07205051
72,2.70027771843623,6,0.07204372
72,2.70027771843623,7,0.07204843
72,2.70027771843623,8,0.07221372
72,2.70027771843623,9,0.07209241
72,2.70027771843623,10,0.07237682
72,2.70027771843623,11,0.07227007
72,2.70027771843623,12,0.07229203
72,2.70027771843623,13,0.07211284
72,2.70027771843623,14,0.07213981
72,2.70027771843623,15,0.07184798
73,2.70943327127903,0,0.07220167
73,2.70943327127903,1,0.07205795
73,2.70943327127903,2,0.07206433
73,2.70943327127903,3,0.07208309
73,2.70943327127903,4,0.07203928
73,2.70943327127903,5,0.07215345
73,2.70943327127903,6,0.07212691
73,2.70943327127903,7,0.07260631
73,2.70943327127903,8,0.07243995
73,2.70943327127903,9,0.07231177
73,2.70943327127903,10,0.0726022
73,2.70943327127903,11,0.07214897
73,2.70943327127903,12,0.07229395
73,2.70943327127903,13,0.07230006
73,2.70943327127903,14,0.07233943
73,2.70943327127903,15,0.07228767
74,2.72041993469039,0,0.07254131
74,2.72041993469039,1,0.07251204
74,2.72041993469039,2,0.0720552
74,2.72041993469039,3,0.07238516
74,2.72041993469039,4,0.07238463
74,2.72041993469039,5,0.0723587
74,2.72041993469039,6,0.07254373
74,2.72041993469039,7,0.07227556
74,2.72041993469039,8,0.0720242
74,2.72041993469039,9,0.07222159
74,2.72041993469039,10,0.07217383
74,2.72041993469039,11,0.07239161
74,2.72041993469039,12,0.07251746
74,2.72041993469039,13,0.07222856
74,2.72041993469039,14,0.07236734
74,2.72041993469039,15,0.07238469
75,2.72957548753319,0,0.07251259
75,2.72957548753319,1,0.07231249
75,2.72957548753319,2,0.07260347
75,2.72957548753319,3,0.07252479
75,2.72957548753319,4,0.07245912
75,2.72957548753319,5,0.07245147
75,2.72957548753319,6,0.07221009
75,2.72957548753319,7,0.07242109
75,2.72957548753319,8,0.07245245
75,2.72957548753319,9,0.07211618
75,2.72957548753319,10,0.07239473
75,2.72957548753319,11,0.07207514
75,2.72957548753319,12,0.07247745
75,2.72957548753319,13,0.07250385
75,2.72957548753319,14,0.07264228
75,2.72957548753319,15,0.07267767
76,2.73873104037599,0,0.07244191
76,2.73873104037599,1,0.0727149
76,2.73873104037599,2,0.07238027
76,2.73873104037599,3,0.07270239
76,2.73873104037599,4,0.07249688
76,2.73873104037599,5,0.07256541
76,2.73873104037599,6,0.07282123
76,2.73873104037599,7,0.07276998
76,2.73873104037599,8,0.0726256
76,2.73873104037599,9,0.07259994
76,2.73873104037599,10,0.07247011
76,2.73873104037599,11,0.07239582
76,2.73873104037599,12,0.07267591
76,2.73873104037599,13,0.07253423
76,2.73873104037599,14,0.0725415
76,2.73873104037599,15,0.07248282
77,2.74971770378735,0,0.0727147
77,2.74971770378735,1,0.07289376
77,2.74971770378735,2,0.07277113
77,2.74971770378735,3,0.07271723
77,2.74971770378735,4,0.07281837
77,2.74971770378735,5,0.07296291
77,2.74971770378735,6,0.07287391
77,2.74971770378735,7,0.07275872
77,2.74971770378735,8,0.07260134
77,2.74971770378735,9,0.07269071
77,2.74971770378735,10,0.07275176
77,2.74971770378735,11,0.07269005
77,2.74971770378735,12,0.07249345
77,2.74971770378735,13,0.07248668
77,2.74971770378735,14,0.0723507
77,2.74971770378735,15,0.07226986
78,2.76009399700919,0,0.07289276
78,2.76009399700919,1,0.07275872
78,2.76009399700919,2,0.07260583
78,2.76009399700919,3,0.0724856
78,2.76009399700919,4,0.07264712
78,2.76009399700919,5,0.07279944
78,2.76009399700919,6,0.07272997
78,2.76009399700919,7,0.07281538
78,2.76009399700919,8,0.07266992
78,2.76009399700919,9,0.07270072
78,2.76009399700919,10,0.07274652
78,2.76009399700919,11,0.07294469
78,2.76009399700919,12,0.0726418
78,2.76009399700919,13,0.0727441
78,2.76009399700919,14,0.07290764
78,2.76009399700919,15,0.07278099
79,2.76863917966247,0,0.07301554
79,2.76863917966247,1,0.07289702
79,2.76863917966247,2,0.07274024
79,2.76863917966247,3,0.07302551
79,2.76863917966247,4,0.07296177
79,2.76863917966247,5,0.0728078
79,2.76863917966247,6,0.07290903
79,2.76863917966247,7,0.07276725
79,2.76863917966247,8,0.07306929
79,2.76863917966247,9,0.0729697
79,2.76863917966247,10,0.07295434
79,2.76863917966247,11,0.07291323
79,2.76863917966247,12,0.07280426
79,2.76863917966247,13,0.07250244
79,2.76863917966247,14,0.07255515
79,2.76863917966247,15,0.07260821
80,2.77962584307382,0,0.07319943
80,2.77962584307382,1,0.07308031
80,2.77962584307382,2,0.07278994
80,2.77962584307382,3,0.07300302
80,2.77962584307382,4,0.07306489
80,2.77962584307382,5,0.07287128
80,2.77962584307382,6,0.07292328
80,2.77962584307382,7,0.07302873
80,2.77962584307382,8,0.07282543
80,2.77962584307382,9,0.07306842
80,2.77962584307382,10,0.07278299
80,2.77962584307382,11,0.07286227
80,2.77962584307382,12,0.07332647
80,2.77962584307382,13,0.0732436
80,2.77962584307382,14,0.07318125
80,2.77962584307382,15,0.07289215
81,2.78939176610614,0,0.07307784
81,2.78939176610614,1,0.07297735
81,2.78939176610614,2,0.07300799
81,2.78939176610614,3,0.07320234
81,2.78939176610614,4,0.07300601
81,2.78939176610614,5,0.07345283
81,2.78939176610614,6,0.07347866
81,2.78939176610614,7,0.07289362
81,2.78939176610614,8,0.07326493
81,2.78939176610614,9,0.07310722
81,2.78939176610614,10,0.07320985
81,2.78939176610614,11,0.07338261
81,2.78939176610614,12,0.07336895
81,2.78939176610614,13,0.07329389
81,2.78939176610614,14,0.073028
81,2.78939176610614,15,0.07305739
82,2.79854731894894,0,0.073112
82,2.79854731894894,1,0.07332145
82,2.79854731894894,2,0.07329146
82,2.79854731894894,3,0.07341453
82,2.79854731894894,4,0.07316194
82,2.79854731894894,5,0.07309094
82,2.79854731894894,6,0.07315352
82,2.79854731894894,7,0.07323608
82,2.79854731894894,8,0.07340001
82,2.79854731894894,9,0.07296206
82,2.79854731894894,10,0.07316072
82,2.79854731894894,11,0.07323345
82,2.79854731894894,12,0.07308257
82,2.79854731894894,13,0.07311983
82,2.79854731894894,14,0.07307266
82,2.79854731894894,15,0.07315981
83,2.8095339823603,0,0.07311675
83,2.8095339823603,1,0.07315051
83,2.8095339823603,2,0.07320625
83,2.8095339823603,3,0.07313668
83,2.8095339823603,4,0.07292046
83,2.8095339823603,5,0.07282777
83,2.8095339823603,6,0.07316684
83,2.8095339823603,7,0.07298765
83,2.8095339823603,8,0.07303118
83,2.8095339823603,9,0.07322983
83,2.8095339823603,10,0.07301211
83,2.8095339823603,11,0.07316303
83,2.8095339823603,12,0.0731568
83,2.8095339823603,13,0.07333496
83,2.8095339823603,14,0.07304168
83,2.8095339823603,15,0.07308191
84,2.81929990539262,0,0.07341712
84,2.81929990539262,1,0.07334088
84,2.81929990539262,2,0.07343245
84,2.81929990539262,3,0.07348754
84,2.81929990539262,4,0.07317034
84,2.81929990539262,5,0.07309636
84,2.81929990539262,6,0.07318712
84,2.81929990539262,7,0.07356255
84,2.81929990539262,8,0.07310916
84,2.81929990539262,9,0.07310437
84,2.81929990539262,10,0.07336803
84,2.81929990539262,11,0.0733391
84,2.81929990539262,12,0.07325912
84,2.81929990539262,13,0.07302788
84,2.81929990539262,14,0.07341193
84,2.81929990539262,15,0.07322701
85,2.82967619861446,0,0.07349831
85,2.82967619861446,1,0.07352493
85,2.82967619861446,2,0.07351114
85,2.82967619861446,3,0.07348335
85,2.82967619861446,4,0.07340733
85,2.82967619861446,5,0.07332075
85,2.82967619861446,6,0.07347645
85,2.82967619861446,7,0.07339267
85,2.82967619861446,8,0.07341494
85,2.82967619861446,9,0.07347036
85,2.82967619861446,10,0.07343984
85,2.82967619861446,11,0.0733438
85,2.82967619861446,12,0.07348294
85,2.82967619861446,13,0.07331575
85,2.82967619861446,14,0.07318851
85,2.82967619861446,15,0.07329272
86,2.83883175145726,0,0.07361721
86,2.83883175145726,1,0.07349768
86,2.83883175145726,2,0.07339177
86,2.83883175145726,3,0.07327097
86,2.83883175145726,4,0.07341401
86,2.83883175145726,5,0.07340418
86,2.83883175145726,6,0.07354749
86,2.83883175145726,7,0.07312059
86,2.83883175145726,8,0.07354452
86,2.83883175145726,9,0.07348778
86,2.83883175145726,10,0.07340914
86,2.83883175145726,11,0.07362666
86,2.83883175145726,12,0.07329315
86,2.83883175145726,13,0.07353215
86,2.83883175145726,14,0.07339358
86,2.83883175145726,15,0.07321803
87,2.8492080446791,0,0.07361425
87,2.8492080446791,1,0.07370939
87,2.8492080446791,2,0.07335009
87,2.8492080446791,3,0.07378529
87,2.8492080446791,4,0.07386813
87,2.8492080446791,5,0.07351427
87,2.8492080446791,6,0.07330329
87,2.8492080446791,7,0.07336719
87,2.8492080446791,8,0.07364616
87,2.8492080446791,9,0.07338399
87,2.8492080446791,10,0.07354875
87,2.8492080446791,11,0.07351922
87,2.8492080446791,12,0.07337628
87,2.8492080446791,13,0.07342056
87,2.8492080446791,14,0.0736862
87,2.8492080446791,15,0.07365398
88,2.85958433790094,0,0.07372364
88,2.85958433790094,1,0.0736993
88,2.85958433790094,2,0.07367284
88,2.85958433790094,3,0.07362819
88,2.85958433790094,4,0.07349092
88,2.85958433790094,5,0.07352335
88,2.85958433790094,6,0.07364431
88,2.85958433790094,7,0.07342616
88,2.85958433790094,8,0.07353703
88,2.85958433790094,9,0.07360717
88,2.85958433790094,10,0.07385417
88,2.85958433790094,11,0.07364923
88,2.85958433790094,12,0.07346059
88,2.85958433790094,13,0.07335757
88,2.85958433790094,14,0.07348716
88,2.85958433790094,15,0.07348078
89,2.86935026093326,0,0.07388946
89,2.86935026093326,1,0.07376701
89,2.86935026093326,2,0.07381508
89,2.86935026093326,3,0.07386579
89,2.86935026093326,4,0.07365651
89,2.86935026093326,5,0.07365075
89,2.86935026093326,6,0.07395586
89,2.86935026093326,7,0.07381081
89,2.86935026093326,8,0.07367706
89,2.86935026093326,9,0.07383257
89,2.86935026093326,10,0.07354463
89,2.86935026093326,11,0.07383004
89,2.86935026093326,12,0.07368387
89,2.86935026093326,13,0.07374763
89,2.86935026093326,14,0.07392358
89,2.86935026093326,15,0.07386041
90,2.88033692434462,0,0.07428543
90,2.88033692434462,1,0.07398655
90,2.88033692434462,2,0.0741569
90,2.88033692434462,3,0.07400737
90,2.88033692434462,4,0.07387515
90,2.88033692434462,5,0.07410303
90,2.88033692434462,6,0.07394414
90,2.88033692434462,7,0.07407149
90,2.88033692434462,8,0.07392961
90,2.88033692434462,9,0.07392401
90,2.88033692434462,10,0.07394313
90,2.88033692434462,11,0.07393573
90,2.88033692434462,12,0.07380679
90,2.88033692434462,13,0.07405084
90,2.88033692434462,14,0.07388354
90,2.88033692434462,15,0.07413176
91,2.89010284737693,0,0.07409965
91,2.89010284737693,1,0.07402036
91,2.89010284737693,2,0.07384372
91,2.89010284737693,3,0.07384989
91,2.89010284737693,4,0.07397086
91,2.89010284737693,5,0.07397414
91,2.89010284737693,6,0.07394049
91,2.89010284737693,7,0.07384446
91,2.89010284737693,8,0.07399579
91,2.89010284737693,9,0.07372645
91,2.89010284737693,10,0.07406129
91,2.89010284737693,11,0.07393875
91,2.89010284737693,12,0.07403024
91,2.89010284737693,13,0.07395148
91,2.89010284737693,14,0.07391592
91,2.89010284737693,15,0.07404577
92,2.89925840021973,0,0.07438262
92,2.89925840021973,1,0.07415517
92,2.89925840021973,2,0.07422335
92,2.89925840021973,3,0.07419315
92,2.89925840021973,4,0.07438388
92,2.89925840021973,5,0.07453606
92,2.89925840021973,6,0.07446951
92,2.89925840021973,7,0.07432885
92,2.89925840021973,8,0.07430137
92,2.89925840021973,9,0.07416081
92,2.89925840021973,10,0.0742222
92,2.89925840021973,11,0.07423937
92,2.89925840021973,12,0.07436958
92,2.89925840021973,13,0.07414766
92,2.89925840021973,14,0.07471117
92,2.89925840021973,15,0.07398428
93,2.91024506363109,0,0.07462634
93,2.91024506363109,1,0.07457737
93,2.91024506363109,2,0.07459611
93,2.91024506363109,3,0.07427892
93,2.91024506363109,4,0.0742401
93,2.91024506363109,5,0.07438827
93,2.91024506363109,6,0.07433619
93,2.91024506363109,7,0.07437565
93,2.91024506363109,8,0.07400869
93,2.91024506363109,9,0.07425664
93,2.91024506363109,10,0.07423535
93,2.91024506363109,11,0.07457658
93,2.91024506363109,12,0.0744028
93,2.91024506363109,13,0.07433984
93,2.91024506363109,14,0.07413884
93,2.91024506363109,15,0.07411739
94,2.91879024628437,0,0.07446908
94,2.91879024628437,1,0.07455504
94,2.91879024628437,2,0.07460475
94,2.91879024628437,3,0.07450569
94,2.91879024628437,4,0.0746612
94,2.91879024628437,5,0.07430629
94,2.91879024628437,6,0.07484333
94,2.91879024628437,7,0.07444827
94,2.91879024628437,8,0.0742718
94,2.91879024628437,9,0.07433423
94,2.91879024628437,10,0.07434849
94,2.91879024628437,11,0.07426386
94,2.91879024628437,12,0.07441484
94,2.91879024628437,13,0.07459454
94,2.91879024628437,14,0.07423297
94,2.91879024628437,15,0.07470711
95,2.92916653950621,0,0.0747152
95,2.92916653950621,1,0.07477012
95,2.92916653950621,2,0.07467717
95,2.92916653950621,3,0.07447284
95,2.92916653950621,4,0.07462034
95,2.92916653950621,5,0.07474625
95,2.92916653950621,6,0.07469527
95,2.92916653950621,7,0.07408792
95,2.92916653950621,8,0.07394382
95,2.92916653950621,9,0.07447295
95,2.92916653950621,10,0.07440834
95,2.92916653950621,11,0.074618
95,2.92916653950621,12,0.0744609
95,2.92916653950621,13,0.07459988
95,2.92916653950621,14,0.07451954
95,2.92916653950621,15,0.07460185
96,2.94015320291757,0,0.07483117
96,2.94015320291757,1,0.07466348
96,2.94015320291757,2,0.0746081
96,2.94015320291757,3,0.07462598
96,2.94015320291757,4,0.0745833
96,2.94015320291757,5,0.07476597
96,2.94015320291757,6,0.0748776
96,2.94015320291757,7,0.07481958
96,2.94015320291757,8,0.0747332
96,2.94015320291757,9,0.07479823
96,2.94015320291757,10,0.07492682
96,2.94015320291757,11,0.07501628
96,2.94015320291757,12,0.07478143
96,2.94015320291757,13,0.07475631
96,2.94015320291757,14,0.07479943
96,2.94015320291757,15,0.07455888
97,2.94991912594989,0,0.0747518
97,2.94991912594989,1,0.07471523
97,2.94991912594989,2,0.07466791
97,2.94991912594989,3,0.07484532
97,2.94991912594989,4,0.07488542
97,2.94991912594989,5,0.07452662
97,2.94991912594989,6,0.07447969
97,2.94991912594989,7,0.07489838
97,2.94991912594989,8,0.07499633
97,2.94991912594989,9,0.07475282
97,2.94991912594989,10,0.07477473
97,2.94991912594989,11,0.0747693
97,2.94991912594989,12,0.07467441
97,2.94991912594989,13,0.07477716
97,2.94991912594989,14,0.0749317
97,2.94991912594989,15,0.07507202
98,2.95907467879269,0,0.07497036
98,2.95907467879269,1,0.07490872
98,2.95907467879269,2,0.07474093
98,2.95907467879269,3,0.07484227
98,2.95907467879269,4,0.07478584
98,2.95907467879269,5,0.07489481
98,2.95907467879269,6,0.07493827
98,2.95907467879269,7,0.07482299
98,2.95907467879269,8,0.07487858
98,2.95907467879269,9,0.07495685
98,2.95907467879269,10,0.07487988
98,2.95907467879269,11,0.07461181
98,2.95907467879269,12,0.07483839
98,2.95907467879269,13,0.0748365
98,2.95907467879269,14,0.07458835
98,2.95907467879269,15,0.07465218
99,2.96945097201453,0,0.07493987
99,2.96945097201453,1,0.07509263
99,2.96945097201453,2,0.0748535
99,2.96945097201453,3,0.07508426
99,2.96945097201453,4,0.07485589
99,2.96945097201453,5,0.07492154
99,2.96945097201453,6,0.07524198
99,2.96945097201453,7,0.07506414
99,2.96945097201453,8,0.07517112
99,2.96945097201453,9,0.07502759
99,2.96945097201453,10,0.07496081
99,2.96945097201453,11,0.07473737
99,2.96945097201453,12,0.07481313
99,2.96945097201453,13,0.07504702
99,2.96945097201453,14,0.07491993
99,2.96945097201453,15,0.07477562
100,2.97921689504685,0,0.07518007
100,2.97921689504685,1,0.07512386
100,2.97921689504685,2,0.07493685
100,2.97921689504685,3,0.07525031
100,2.97921689504685,4,0.0754193
100,2.97921689504685,5,0.07522143
100,2.97921689504685,6,0.07508648
100,2.97921689504685,7,0.07500001
100,2.97921689504685,8,0.07522447
100,2.97921689504685,9,0.07514863
100,2.97921689504685,10,0.07497058
100,2.97921689504685,11,0.0750673
100,2.97921689504685,12,0.07499529
100,2.97921689504685,13,0.07535223
100,2.97921689504685,14,0.07518733
100,2.97921689504685,15,0.07526163
101,2.98959318826868,0,0.07505755
101,2.98959318826868,1,0.07518165
101,2.98959318826868,2,0.07503593
101,2.98959318826868,3,0.07524778
101,2.98959318826868,4,0.07531775
101,2.98959318826868,5,0.07544661
101,2.98959318826868,6,0.07518694
101,2.98959318826868,7,0.07490769
101,2.98959318826868,8,0.07522239
101,2.98959318826868,9,0.07526585
101,2.98959318826868,10,0.07534134
101,2.98959318826868,11,0.07526585
101,2.98959318826868,12,0.07533504
101,2.98959318826868,13,0.07564677
101,2.98959318826868,14,0.07511558
101,2.98959318826868,15,0.07471482
102,2.99996948149052,0,0.07537373
102,2.99996948149052,1,0.07510967
102,2.99996948149052,2,0.07481896
102,2.99996948149052,3,0.07508643
102,2.99996948149052,4,0.07511367
102,2.99996948149052,5,0.07519471
102,2.99996948149052,6,0.07491783
102,2.99996948149052,7,0.07531522
102,2.99996948149052,8,0.07535496
102,2.99996948149052,9,0.07508463
102,2.99996948149052,10,0.07525447
102,2.99996948149052,11,0.07535076
102,2.99996948149052,12,0.07529923
102,2.99996948149052,13,0.07518391
102,2.99996948149052,14,0.07522805
102,2.99996948149052,15,0.07543875
103,3.01034577471236,0,0.07520416
103,3.01034577471236,1,0.07526126
103,3.01034577471236,2,0.07542416
103,3.01034577471236,3,0.07517254
103,3.01034577471236,4,0.07522471
103,3.01034577471236,5,0.07509119
103,3.01034577471236,6,0.07526302
103,3.01034577471236,7,0.07533922
103,3.01034577471236,8,0.07545279
103,3.01034577471236,9,0.07524613
103,3.01034577471236,10,0.07525586
103,3.01034577471236,11,0.0755363
103,3.01034577471236,12,0.07591369
103,3.01034577471236,13,0.07550465
103,3.01034577471236,14,0.07537182
103,3.01034577471236,15,0.07511747
104,3.01950132755516,0,0.07547668
104,3.01950132755516,1,0.07547855
104,3.01950132755516,2,0.07554708
104,3.01950132755516,3,0.07555095
104,3.01950132755516,4,0.07545991
104,3.01950132755516,5,0.07525325
104,3.01950132755516,6,0.07556894
104,3.01950132755516,7,0.07562768
104,3.01950132755516,8,0.07556109
104,3.01950132755516,9,0.07537494
104,3.01950132755516,10,0.07546376
104,3.01950132755516,11,0.07541275
104,3.01950132755516,12,0.07521056
104,3.01950132755516,13,0.07505459
104,3.01950132755516,14,0.07498373
104,3.01950132755516,15,0.07501908
105,3.029877620777,0,0.07532538
105,3.029877620777,1,0.07561444
105,3.029877620777,2,0.0755142
105,3.029877620777,3,0.07545499
105,3.029877620777,4,0.07540331
105,3.029877620777,5,0.07542042
105,3.029877620777,6,0.07525038
105,3.029877620777,7,0.07530069
105,3.029877620777,8,0.07505492
105,3.029877620777,9,0.07554042
105,3.029877620777,10,0.07524445
105,3.029877620777,11,0.0754091
105,3.029877620777,12,0.07533266
105,3.029877620777,13,0.07556176
105,3.029877620777,14,0.07556939
105,3.029877620777,15,0.07514754
106,3.04025391399884,0,0.07549803
106,3.04025391399884,1,0.07568515
106,3.04025391399884,2,0.07568991
106,3.04025391399884,3,0.0754275
106,3.04025391399884,4,0.07578452
106,3.04025391399884,5,0.07567988
106,3.04025391399884,6,0.0758388
106,3.04025391399884,7,0.07569295
106,3.04025391399884,8,0.07553453
106,3.04025391399884,9,0.07567244
106,3.04025391399884,10,0.07553257
106,3.04025391399884,11,0.07543711
106,3.04025391399884,12,0.07561167
106,3.04025391399884,13,0.07572205
106,3.04025391399884,14,0.07577644
106,3.04025391399884,15,0.07564993
107,3.04940946684164,0,0.07595707
107,3.04940946684164,1,0.07595959
107,3.04940946684164,2,0.07595059
107,3.04940946684164,3,0.07575358
107,3.04940946684164,4,0.075799
107,3.04940946684164,5,0.07589896
107,3.04940946684164,6,0.07609888
107,3.04940946684164,7,0.07581751
107,3.04940946684164,8,0.07577804
107,3.04940946684164,9,0.07554011
107,3.04940946684164,10,0.07559408
107,3.04940946684164,11,0.07591043
107,3.04940946684164,12,0.07581674
107,3.04940946684164,13,0.07590558
107,3.04940946684164,14,0.07556015
107,3.04940946684164,15,0.07563139
108,3.060396130253,0,0.07568701
108,3.060396130253,1,0.07589994
108,3.060396130253,2,0.07548211
108,3.060396130253,3,0.07540865
108,3.060396130253,4,0.07542487
108,3.060396130253,5,0.07552314
108,3.060396130253,6,0.07556307
108,3.060396130253,7,0.07561853
108,3.060396130253,8,0.07552022
108,3.060396130253,9,0.0755309
108,3.060396130253,10,0.07540085
108,3.060396130253,11,0.07526649
108,3.060396130253,12,0.07548466
108,3.060396130253,13,0.07554934
108,3.060396130253,14,0.07559673
108,3.060396130253,15,0.07595387
109,3.07016205328532,0,0.07571617
109,3.07016205328532,1,0.07564733
109,3.07016205328532,2,0.07573928
109,3.07016205328532,3,0.07562689
109,3.07016205328532,4,0.07550769
109,3.07016205328532,5,0.07565132
109,3.07016205328532,6,0.07603983
109,3.07016205328532,7,0.07601636
109,3.07016205328532,8,0.07580245
109,3.07016205328532,9,0.07571888
109,3.07016205328532,10,0.07592959
109,3.07016205328532,11,0.07573298
109,3.07016205328532,12,0.0758685
109,3.07016205328532,13,0.07590944
109,3.07016205328532,14,0.07591309
109,3.07016205328532,15,0.07599556
110,3.07992797631764,0,0.07596076
110,3.07992797631764,1,0.07585011
110,3.07992797631764,2,0.07572027
110,3.07992797631764,3,0.07602173
110,3.07992797631764,4,0.07592878
110,3.07992797631764,5,0.0760315
110,3.07992797631764,6,0.07610571
110,3.07992797631764,7,0.07555832
110,3.07992797631764,8,0.07604379
110,3.07992797631764,9,0.07570773
110,3.07992797631764,10,0.07590268
110,3.07992797631764,11,0.07576241
110,3.07992797631764,12,0.07604197
110,3.07992797631764,13,0.075885
110,3.07992797631764,14,0.07610735
110,3.07992797631764,15,0.07601319
111,3.08969389934996,0,0.07598682
111,3.08969389934996,1,0.07576462
111,3.08969389934996,2,0.07600188
111,3.08969389934996,3,0.07600763
111,3.08969389934996,4,0.07592324
111,3.08969389934996,5,0.07594331
111,3.08969389934996,6,0.07567423
111,3.08969389934996,7,0.07573578
111,3.08969389934996,8,0.07588082
111,3.08969389934996,9,0.07582191
111,3.08969389934996,10,0.07600959
111,3.08969389934996,11,0.07564122
111,3.08969389934996,12,0.07577766
111,3.08969389934996,13,0.07594383
111,3.08969389934996,14,0.07577682
111,3.08969389934996,15,0.07579961
112,3.09945982238227,0,0.07570402
112,3.09945982238227,1,0.07560053
112,3.09945982238227,2,0.07569517
112,3.09945982238227,3,0.07571761
112,3.09945982238227,4,0.07591608
112,3.09945982238227,5,0.07588793
112,3.09945982238227,6,0.07603247
112,3.09945982238227,7,0.07604574
112,3.09945982238227,8,0.07552142
112,3.09945982238227,9,0.07599735
112,3.09945982238227,10,0.07571096
112,3.09945982238227,11,0.07601324
112,3.09945982238227,12,0.07570705
112,3.09945982238227,13,0.07569781
112,3.09945982238227,14,0.07605494
112,3.09945982238227,15,0.07605065
113,3.10922574541459,0,0.07576261
113,3.10922574541459,1,0.07590043
113,3.10922574541459,2,0.07584803
113,3.10922574541459,3,0.0758924
113,3.10922574541459,4,0.07580365
113,3.10922574541459,5,0.07576003
113,3.10922574541459,6,0.07581168
113,3.10922574541459,7,0.07549209
113,3.10922574541459,8,0.07566219
113,3.10922574541459,9,0.07567521
113,3.10922574541459,10,0.07562647
113,3.10922574541459,11,0.07569473
113,3.10922574541459,12,0.07589036
113,3.10922574541459,13,0.07561032
113,3.10922574541459,14,0.07580538
113,3.10922574541459,15,0.07570391
114,3.11960203863643,0,0.0758193
114,3.11960203863643,1,0.07570654
114,3.11960203863643,2,0.07573909
114,3.11960203863643,3,0.07590428
114,3.11960203863643,4,0.07594212
114,3.11960203863643,5,0.07553183
114,3.11960203863643,6,0.07573369
114,3.11960203863643,7,0.07567382
114,3.11960203863643,8,0.07588866
114,3.11960203863643,9,0.07559326
114,3.11960203863643,10,0.07577746
114,3.11960203863643,11,0.07577869
114,3.11960203863643,12,0.07573263
114,3.11960203863643,13,0.07547156
114,3.11960203863643,14,0.07572376
114,3.11960203863643,15,0.07575289
115,3.12997833185827,0,0.07556503
115,3.12997833185827,1,0.07600516
115,3.12997833185827,2,0.07598395
115,3.12997833185827,3,0.07582019
115,3.12997833185827,4,0.0758324
115,3.12997833185827,5,0.07571413
115,3.12997833185827,6,0.07586354
115,3.12997833185827,7,0.07557117
115,3.12997833185827,8,0.0756017
115,3.12997833185827,9,0.07589039
115,3.12997833185827,10,0.07584325
115,3.12997833185827,11,0.07572357
115,3.12997833185827,12,0.07600953
115,3.12997833185827,13,0.07576231
115,3.12997833185827,14,0.07571001
115,3.12997833185827,15,0.07590818
116,3.13913388470107,0,0.075975
116,3.13913388470107,1,0.07587355
116,3.13913388470107,2,0.07587203
116,3.13913388470107,3,0.0758876
116,3.13913388470107,4,0.07564322
116,3.13913388470107,5,0.07600929
116,3.13913388470107,6,0.07559787
116,3.13913388470107,7,0.0756961
116,3.13913388470107,8,0.07545
116,3.13913388470107,9,0.07586671
116,3.13913388470107,10,0.07577479
116,3.13913388470107,11,0.07586902
116,3.13913388470107,12,0.07559806
116,3.13913388470107,13,0.07570877
116,3.13913388470107,14,0.07545388
116,3.13913388470107,15,0.07568481
117,3.14951017792291,0,0.07547193
117,3.14951017792291,1,0.07549588
117,3.14951017792291,2,0.07553186
117,3.14951017792291,3,0.07563682
117,3.14951017792291,4,0.07593396
117,3.14951017792291,5,0.07576041
117,3.14951017792291,6,0.07556292
117,3.14951017792291,7,0.07579478
117,3.14951017792291,8,0.07585375
117,3.14951017792291,9,0.07582521
117,3.14951017792291,10,0.07569987
117,3.14951017792291,11,0.0755619
117,3.14951017792291,12,0.07551482
117,3.14951017792291,13,0.07596724
117,3.14951017792291,14,0.07588573
117,3.14951017792291,15,0.07622097
118,3.15988647114475,0,0.07564912
118,3.15988647114475,1,0.07575623
118,3.15988647114475,2,0.07548539
118,3.15988647114475,3,0.0757204
118,3.15988647114475,4,0.07586063
118,3.15988647114475,5,0.07558936
118,3.15988647114475,6,0.07570904
118,3.15988647114475,7,0.07557889
118,3.15988647114475,8,0.07560034
118,3.15988647114475,9,0.07580692
118,3.15988647114475,10,0.0759517
118,3.15988647114475,11,0.07573966
118,3.15988647114475,12,0.07581279
118,3.15988647114475,13,0.07582662
118,3.15988647114475,14,0.07578198
118,3.15988647114475,15,0.07577384
119,3.16965239417707,0,0.07570078
119,3.16965239417707,1,0.0760462
119,3.16965239417707,2,0.07611898
119,3.16965239417707,3,0.07616206
119,3.16965239417707,4,0.0757561
119,3.16965239417707,5,0.07576364
119,3.16965239417707,6,0.07587195
119,3.16965239417707,7,0.07605057
119,3.16965239417707,8,0.0760828
119,3.16965239417707,9,0.07584281
119,3.16965239417707,10,0.07596396
119,3.16965239417707,11,0.07562622
119,3.16965239417707,12,0.07560873
119,3.16965239417707,13,0.07586381
119,3.16965239417707,14,0.07588229
119,3.16965239417707,15,0.07600082
120,3.17880794701987,0,0.07566427
120,3.17880794701987,1,0.07565629
120,3.17880794701987,2,0.0756932
120,3.17880794701987,3,0.07553963
120,3.17880794701987,4,0.07594185
120,3.17880794701987,5,0.07568552
120,3.17880794701987,6,0.07555127
120,3.17880794701987,7,0.07561377
120,3.17880794701987,8,0.07570064
120,3.17880794701987,9,0.0759913
120,3.17880794701987,10,0.07579575
120,3.17880794701987,11,0.07572788
120,3.17880794701987,12,0.07580554
120,3.17880794701987,13,0.07582635
120,3.17880794701987,14,0.07572205
120,3.17880794701987,15,0.07592005
121,3.18918424024171,0,0.07559695
121,3.18918424024171,1,0.07555448
121,3.18918424024171,2,0.07581192
121,3.18918424024171,3,0.07576567
121,3.18918424024171,4,0.07581206
121,3.18918424024171,5,0.07573551
121,3.18918424024171,6,0.07589269
121,3.18918424024171,7,0.07573744
121,3.18918424024171,8,0.07550564
121,3.18918424024171,9,0.07567198
121,3.18918424024171,10,0.07553641
121,3.18918424024171,11,0.07581393
121,3.18918424024171,12,0.07557189
121,3.18918424024171,13,0.07600901
121,3.18918424024171,14,0.07574519
121,3.18918424024171,15,0.07570461
122,3.19956053346355,0,0.07557973
122,3.19956053346355,1,0.07553577
122,3.19956053346355,2,0.0754862
122,3.19956053346355,3,0.07541633
122,3.19956053346355,4,0.07540973
122,3.19956053346355,5,0.07559124
122,3.19956053346355,6,0.07556881
122,3.19956053346355,7,0.07543824
122,3.19956053346355,8,0.07563465
122,3.19956053346355,9,0.07572281
122,3.19956053346355,10,0.07558344
122,3.19956053346355,11,0.07567301
122,3.19956053346355,12,0.07554267
122,3.19956053346355,13,0.07570849
122,3.19956053346355,14,0.07549033
122,3.19956053346355,15,0.07567645
123,3.20932645649586,0,0.07553113
123,3.20932645649586,1,0.07585304
123,3.20932645649586,2,0.07564719
123,3.20932645649586,3,0.07608797
123,3.20932645649586,4,0.07575737
123,3.20932645649586,5,0.07570072
123,3.20932645649586,6,0.07588985
123,3.20932645649586,7,0.07588223
123,3.20932645649586,8,0.07584412
123,3.20932645649586,9,0.07604341
123,3.20932645649586,10,0.0758707
123,3.20932645649586,11,0.07583083
123,3.20932645649586,12,0.0757722
123,3.20932645649586,13,0.07597524
123,3.20932645649586,14,0.07602914
123,3.20932645649586,15,0.07588323
124,3.21909237952818,0,0.07585806
124,3.21909237952818,1,0.07594315
124,3.21909237952818,2,0.07557395
124,3.21909237952818,3,0.07598935
124,3.21909237952818,4,0.07577699
124,3.21909237952818,5,0.07586839
124,3.21909237952818,6,0.07594551
124,3.21909237952818,7,0.0760114
124,3.21909237952818,8,0.0760787
124,3.21909237952818,9,0.07584038
124,3.21909237952818,10,0.0758646
124,3.21909237952818,11,0.07588092
124,3.21909237952818,12,0.07603134
124,3.21909237952818,13,0.07607729
124,3.21909237952818,14,0.07652033
124,3.21909237952818,15,0.07613515
125,3.2288583025605,0,0.07606465
125,3.2288583025605,1,0.07609364
125,3.2288583025605,2,0.07602081
125,3.2288583025605,3,0.07612931
125,3.2288583025605,4,0.07620136
125,3.2288583025605,5,0.07599168
125,3.2288583025605,6,0.07631508
125,3.2288583025605,7,0.07613012
125,3.2288583025605,8,0.0760139
125,3.2288583025605,9,0.07599133
125,3.2288583025605,10,0.07596572
125,3.2288583025605,11,0.07623896
125,3.2288583025605,12,0.07601232
125,3.2288583025605,13,0.07599835
125,3.2288583025605,14,0.07601295
125,3.2288583025605,15,0.07629533
126,3.23862422559282,0,0.07610837
126,3.23862422559282,1,0.07606994
126,3.23862422559282,2,0.07581965
126,3.23862422559282,3,0.07619699
126,3.23862422559282,4,0.07600223
126,3.23862422559282,5,0.07582711
126,3.23862422559282,6,0.07573586
126,3.23862422559282,7,0.07603259
126,3.23862422559282,8,0.07615465
126,3.23862422559282,9,0.07663161
126,3.23862422559282,10,0.07610983
126,3.23862422559282,11,0.0762162
126,3.23862422559282,12,0.07621207
126,3.23862422559282,13,0.07610862
126,3.23862422559282,14,0.07619658
126,3.23862422559282,15,0.07612392
127,3.24900051881466,0,0.0759466
127,3.24900051881466,1,0.07596032
127,3.24900051881466,2,0.07594307
127,3.24900051881466,3,0.07601599
127,3.24900051881466,4,0.07597698
127,3.24900051881466,5,0.07578428
127,3.24900051881466,6,0.07601056
127,3.24900051881466,7,0.07586004
127,3.24900051881466,8,0.07601184
127,3.24900051881466,9,0.07561249
127,3.24900051881466,10,0.07563022
127,3.24900051881466,11,0.07584599
127,3.24900051881466,12,0.07556301
127,3.24900051881466,13,0.07571807
127,3.24900051881466,14,0.07573087
127,3.24900051881466,15,0.07585397
128,3.25876644184698,0,0.07578856
128,3.25876644184698,1,0.0759185
128,3.25876644184698,2,0.07593803
128,3.25876644184698,3,0.07605995
128,3.25876644184698,4,0.07599322
128,3.25876644184698,5,0.0760318
128,3.25876644184698,6,0.07563929
128,3.25876644184698,7,0.07615633
128,3.25876644184698,8,0.07617076
128,3.25876644184698,9,0.07595848
128,3.25876644184698,10,0.07608689
128,3.25876644184698,11,0.07612511
128,3.25876644184698,12,0.07622328
128,3.25876644184698,13,0.07640349
128,3.25876644184698,14,0.07611145
128,3.25876644184698,15,0.07614082
129,3.2685323648793,0,0.07584789
129,3.2685323648793,1,0.0759262
129,3.2685323648793,2,0.0760951
129,3.2685323648793,3,0.0758522
129,3.2685323648793,4,0.07579046
129,3.2685323648793,5,0.07582089
129,3.2685323648793,6,0.07605347
129,3.2685323648793,7,0.07571809
129,3.2685323648793,8,0.07577042
129,3.2685323648793,9,0.07586283
129,3.2685323648793,10,0.07605575
129,3.2685323648793,11,0.07580961
129,3.2685323648793,12,0.07595275
129,3.2685323648793,13,0.07588375
129,3.2685323648793,14,0.0758825
129,3.2685323648793,15,0.07587445
130,3.27951902829066,0,0.07560862
130,3.27951902829066,1,0.076013
130,3.27951902829066,2,0.07619984
130,3.27951902829066,3,0.0761584
130,3.27951902829066,4,0.0760083
130,3.27951902829066,5,0.07616588
130,3.27951902829066,6,0.07598829
130,3.27951902829066,7,0.0762041
130,3.27951902829066,8,0.07598843
130,3.27951902829066,9,0.07599998
130,3.27951902829066,10,0.07603681
130,3.27951902829066,11,0.07607354
130,3.27951902829066,12,0.07585496
130,3.27951902829066,13,0.07594101
130,3.27951902829066,14,0.07609671
130,3.27951902829066,15,0.0760825
131,3.28867458113346,0,0.07622702
131,3.28867458113346,1,0.07633823
131,3.28867458113346,2,0.07613867
131,3.28867458113346,3,0.07613634
131,3.28867458113346,4,0.07598493
131,3.28867458113346,5,0.07637832
131,3.28867458113346,6,0.07627872
131,3.28867458113346,7,0.07643119
131,3.28867458113346,8,0.07602496
131,3.28867458113346,9,0.07608236
131,3.28867458113346,10,0.076214
131,3.28867458113346,11,0.07606096
131,3.28867458113346,12,0.07572362
131,3.28867458113346,13,0.07604357
131,3.28867458113346,14,0.076097
131,3.28867458113346,15,0.07572512
132,3.2990508743553,0,0.07609967
132,3.2990508743553,1,0.0762094
132,3.2990508743553,2,0.07603674
132,3.2990508743553,3,0.07613564
132,3.2990508743553,4,0.07590374
132,3.2990508743553,5,0.07630452
132,3.2990508743553,6,0.07625056
132,3.2990508743553,7,0.07596838
132,3.2990508743553,8,0.0760825
132,3.2990508743553,9,0.07602551
132,3.2990508743553,10,0.07595029
132,3.2990508743553,11,0.07617426
132,3.2990508743553,12,0.07604786
132,3.2990508743553,13,0.07613162
132,3.2990508743553,14,0.0763256
132,3.2990508743553,15,0.076065
133,3.30881679738762,0,0.07609167
133,3.30881679738762,1,0.07601824
133,3.30881679738762,2,0.07612094
133,3.30881679738762,3,0.07585193
133,3.30881679738762,4,0.07594351
133,3.30881679738762,5,0.07595555
133,3.30881679738762,6,0.07581498
133,3.30881679738762,7,0.07584233
133,3.30881679738762,8,0.07595487
133,3.30881679738762,9,0.07602287
133,3.30881679738762,10,0.07602686
133,3.30881679738762,11,0.07615107
133,3.30881679738762,12,0.076184
133,3.30881679738762,13,0.07623517
133,3.30881679738762,14,0.07588161
133,3.30881679738762,15,0.07602255
134,3.31858272041993,0,0.07616369
134,3.31858272041993,1,0.07618877
134,3.31858272041993,2,0.07626849
134,3.31858272041993,3,0.0763356
134,3.31858272041993,4,0.07627367
134,3.31858272041993,5,0.0763201
134,3.31858272041993,6,0.07612869
134,3.31858272041993,7,0.07620899
134,3.31858272041993,8,0.07639909
134,3.31858272041993,9,0.07660346
134,3.31858272041993,10,0.07613838
134,3.31858272041993,11,0.07628211
134,3.31858272041993,12,0.07602572
134,3.31858272041993,13,0.07630156
134,3.31858272041993,14,0.07635422
134,3.31858272041993,15,0.07643496
135,3.32895901364177,0,0.07625996
135,3.32895901364177,1,0.0762174
135,3.32895901364177,2,0.07601119
135,3.32895901364177,3,0.07600486
135,3.32895901364177,4,0.07608914
135,3.32895901364177,5,0.07624389
135,3.32895901364177,6,0.07617388
135,3.32895901364177,7,0.07640636
135,3.32895901364177,8,0.07607235
135,3.32895901364177,9,0.07584666
135,3.32895901364177,10,0.07632693
135,3.32895901364177,11,0.07609475
135,3.32895901364177,12,0.07641596
135,3.32895901364177,13,0.07624535
135,3.32895901364177,14,0.0760254
135,3.32895901364177,15,0.07622582
136,3.33933530686361,0,0.07585483
136,3.33933530686361,1,0.07609937
136,3.33933530686361,2,0.076139
136,3.33933530686361,3,0.07583202
136,3.33933530686361,4,0.07613696
136,3.33933530686361,5,0.0764213
136,3.33933530686361,6,0.07594728
136,3.33933530686361,7,0.07637712
136,3.33933530686361,8,0.0763688
136,3.33933530686361,9,0.0762302
136,3.33933530686361,10,0.0759211
136,3.33933530686361,11,0.07594736
136,3.33933530686361,12,0.07610574
136,3.33933530686361,13,0.07611972
136,3.33933530686361,14,0.07623358
136,3.33933530686361,15,0.07628078
137,3.34910122989593,0,0.07624671
137,3.34910122989593,1,0.0760803
137,3.34910122989593,2,0.07608629
137,3.34910122989593,3,0.07625045
137,3.34910122989593,4,0.07594603
137,3.34910122989593,5,0.07606983
137,3.34910122989593,6,0.07595454
137,3.34910122989593,7,0.07611081
137,3.34910122989593,8,0.07620475
137,3.34910122989593,9,0.07600915
137,3.34910122989593,10,0.07602698
137,3.34910122989593,11,0.07612037
137,3.34910122989593,12,0.07597874
137,3.34910122989593,13,0.07617505
137,3.34910122989593,14,0.0761281
137,3.34910122989593,15,0.07595862
138,3.35886715292825,0,0.07590632
138,3.35886715292825,1,0.07588245
138,3.35886715292825,2,0.07600245
138,3.35886715292825,3,0.07595596
138,3.35886715292825,4,0.07609413
138,3.35886715292825,5,0.07597166
138,3.35886715292825,6,0.07608903
138,3.35886715292825,7,0.0758515
138,3.35886715292825,8,0.07593271
138,3.35886715292825,9,0.07600847
138,3.35886715292825,10,0.07607466
138,3.35886715292825,11,0.07604454
138,3.35886715292825,12,0.07582613
138,3.35886715292825,13,0.07599534
138,3.35886715292825,14,0.07601172
138,3.35886715292825,15,0.07601096
139,3.36802270577105,0,0.0759488
139,3.36802270577105,1,0.07598162
139,3.36802270577105,2,0.07593035
139,3.36802270577105,3,0.07579212
139,3.36802270577105,4,0.07616827
139,3.36802270577105,5,0.07616821
139,3.36802270577105,6,0.07616445
139,3.36802270577105,7,0.07608038
139,3.36802270577105,8,0.07631233
139,3.36802270577105,9,0.07636408
139,3.36802270577105,10,0.07631143
139,3.36802270577105,11,0.07606997
139,3.36802270577105,12,0.07622845
139,3.36802270577105,13,0.07644628
139,3.36802270577105,14,0.07628081
139,3.36802270577105,15,0.07597128
140,3.37900936918241,0,0.07598097
140,3.37900936918241,1,0.0759051
140,3.37900936918241,2,0.07600936
140,3.37900936918241,3,0.07604938
140,3.37900936918241,4,0.07639736
140,3.37900936918241,5,0.07616304
140,3.37900936918241,6,0.07620364
140,3.37900936918241,7,0.0759974
140,3.37900936918241,8,0.07619845
140,3.37900936918241,9,0.07634523
140,3.37900936918241,10,0.07614104
140,3.37900936918241,11,0.07619347
140,3.37900936918241,12,0.07633886
140,3.37900936918241,13,0.07609364
140,3.37900936918241,14,0.07595837
140,3.37900936918241,15,0.0759827
141,3.38816492202521,0,0.07637148
141,3.38816492202521,1,0.07624882
141,3.38816492202521,2,0.07635428
141,3.38816492202521,3,0.07608597
141,3.38816492202521,4,0.07625674
141,3.38816492202521,5,0.07602654
141,3.38816492202521,6,0.07623512
141,3.38816492202521,7,0.07630888
141,3.38816492202521,8,0.07605545
141,3.38816492202521,9,0.07612132
141,3.38816492202521,10,0.07611149
141,3.38816492202521,11,0.07617437
141,3.38816492202521,12,0.07608993
141,3.38816492202521,13,0.07658495
141,3.38816492202521,14,0.07628143
141,3.38816492202521,15,0.07617182
142,3.39793084505753,0,0.0759836
142,3.39793084505753,1,0.07636864
142,3.39793084505753,2,0.07621083
142,3.39793084505753,3,0.0759711
142,3.39793084505753,4,0.07608005
142,3.39793084505753,5,0.07597218
142,3.39793084505753,6,0.07598343
142,3.39793084505753,7,0.07596844
142,3.39793084505753,8,0.07599545
142,3.39793084505753,9,0.07602558
142,3.39793084505753,10,0.07611608
142,3.39793084505753,11,0.07607739
142,3.39793084505753,12,0.07616407
142,3.39793084505753,13,0.07575548
142,3.39793084505753,14,0.07595159
142,3.39793084505753,15,0.07589978
143,3.40891750846889,0,0.07619838
143,3.40891750846889,1,0.07632401
143,3.40891750846889,2,0.07620944
143,3.40891750846889,3,0.07603244
143,3.40891750846889,4,0.07609393
143,3.40891750846889,5,0.0761183
143,3.40891750846889,6,0.07599889
143,3.40891750846889,7,0.07615006
143,3.40891750846889,8,0.0759304
143,3.40891750846889,9,0.07598127
143,3.40891750846889,10,0.07601289
143,3.40891750846889,11,0.07637701
143,3.40891750846889,12,0.07620885
143,3.40891750846889,13,0.07599491
143,3.40891750846889,14,0.0759412
143,3.40891750846889,15,0.07606212
144,3.41868343150121,0,0.07616419
144,3.41868343150121,1,0.07639655
144,3.41868343150121,2,0.07625034
144,3.41868343150121,3,0.07627156
144,3.41868343150121,4,0.07638459
144,3.41868343150121,5,0.07634407
144,3.41868343150121,6,0.076328
144,3.41868343150121,7,0.07633377
144,3.41868343150121,8,0.07655057
144,3.41868343150121,9,0.07661477
144,3.41868343150121,10,0.07644957
144,3.41868343150121,11,0.07636107
144,3.41868343150121,12,0.07648312
144,3.41868343150121,13,0.07648131
144,3.41868343150121,14,0.07638297
144,3.41868343150121,15,0.07629349
145,3.42905972472304,0,0.07656066
145,3.42905972472304,1,0.07625051
145,3.42905972472304,2,0.07620054
145,3.42905972472304,3,0.07631788
145,3.42905972472304,4,0.07625724
145,3.42905972472304,5,0.07639433
145,3.42905972472304,6,0.07639385
145,3.42905972472304,7,0.07636791
145,3.42905972472304,8,0.07641441
145,3.42905972472304,9,0.0766327
145,3.42905972472304,10,0.07682986
145,3.42905972472304,11,0.07646201
145,3.42905972472304,12,0.07655203
145,3.42905972472304,13,0.07641796
145,3.42905972472304,14,0.07641475
145,3.42905972472304,15,0.07645955
146,3.43943601794488,0,0.0764195
146,3.43943601794488,1,0.076297
146,3.43943601794488,2,0.07659046
146,3.43943601794488,3,0.07634991
146,3.43943601794488,4,0.07634236
146,3.43943601794488,5,0.07627334
146,3.43943601794488,6,0.07623545
146,3.43943601794488,7,0.07654135
146,3.43943601794488,8,0.07627105
146,3.43943601794488,9,0.07612458
146,3.43943601794488,10,0.07636958
146,3.43943601794488,11,0.07609756
146,3.43943601794488,12,0.07627622
146,3.43943601794488,13,0.07642116
146,3.43943601794488,14,0.07630269
146,3.43943601794488,15,0.07624216
147,3.44859157078768,0,0.07682525
147,3.44859157078768,1,0.07660425
147,3.44859157078768,2,0.07657385
147,3.44859157078768,3,0.07657752
147,3.44859157078768,4,0.07648725
147,3.44859157078768,5,0.07646377
147,3.44859157078768,6,0.07669755
147,3.44859157078768,7,0.07669713
147,3.44859157078768,8,0.07674199
147,3.44859157078768,9,0.0767906
147,3.44859157078768,10,0.07653677
147,3.44859157078768,11,0.0766891
147,3.44859157078768,12,0.0767967
147,3.44859157078768,13,0.07659028
147,3.44859157078768,14,0.07666953
147,3.44859157078768,15,0.07633842
148,3.45835749382,0,0.07658214
148,3.45835749382,1,0.07657547
148,3.45835749382,2,0.07657159
148,3.45835749382,3,0.07664502
148,3.45835749382,4,0.07649033
148,3.45835749382,5,0.07645781
148,3.45835749382,6,0.07653077
148,3.45835749382,7,0.07643362
148,3.45835749382,8,0.07632983
148,3.45835749382,9,0.07650794
148,3.45835749382,10,0.07636495
148,3.45835749382,11,0.07641364
148,3.45835749382,12,0.07619976
148,3.45835749382,13,0.07631315
148,3.45835749382,14,0.07600348
148,3.45835749382,15,0.07619325
149,3.46934415723136,0,0.0762465
149,3.46934415723136,1,0.07662316
149,3.46934415723136,2,0.07672854
149,3.46934415723136,3,0.07670403
149,3.46934415723136,4,0.0764413
149,3.46934415723136,5,0.07645464
149,3.46934415723136,6,0.07654157
149,3.46934415723136,7,0.07661646
149,3.46934415723136,8,0.07651322
149,3.46934415723136,9,0.07612373
149,3.46934415723136,10,0.07596971
149,3.46934415723136,11,0.07591104
149,3.46934415723136,12,0.0762028
149,3.46934415723136,13,0.07598962
149,3.46934415723136,14,0.0760439
149,3.46934415723136,15,0.07622274
150,3.47911008026368,0,0.07612272
150,3.47911008026368,1,0.07613108
150,3.47911008026368,2,0.07640849
150,3.47911008026368,3,0.07622347
150,3.47911008026368,4,0.07646132
150,3.47911008026368,5,0.0762268
150,3.47911008026368,6,0.07640081
150,3.47911008026368,7,0.07622889
150,3.47911008026368,8,0.07644223
150,3.47911008026368,9,0.07642685
150,3.47911008026368,10,0.07626328
150,3.47911008026368,11,0.07622173
150,3.47911008026368,12,0.07615539
150,3.47911008026368,13,0.07626438
150,3.47911008026368,14,0.07617809
150,3.47911008026368,15,0.07617231
151,3.48948637348552,0,0.07625148
151,3.48948637348552,1,0.07609454
151,3.48948637348552,2,0.07573515
151,3.48948637348552,3,0.07592666
151,3.48948637348552,4,0.07616974
151,3.48948637348552,5,0.07618012
151,3.48948637348552,6,0.07638312
151,3.48948637348552,7,0.07630134
151,3.48948637348552,8,0.07639323
151,3.48948637348552,9,0.07635038
151,3.48948637348552,10,0.07613561
151,3.48948637348552,11,0.0763174
151,3.48948637348552,12,0.07627476
151,3.48948637348552,13,0.07619979
151,3.48948637348552,14,0.07636379
151,3.48948637348552,15,0.0759533
152,3.49925229651784,0,0.07620467
152,3.49925229651784,1,0.07634129
152,3.49925229651784,2,0.07639007
152,3.49925229651784,3,0.07633604
152,3.49925229651784,4,0.07663602
152,3.49925229651784,5,0.07662576
152,3.49925229651784,6,0.07647844
152,3.49925229651784,7,0.07653236
152,3.49925229651784,8,0.0766175
152,3.49925229651784,9,0.07655563
152,3.49925229651784,10,0.07654252
152,3.49925229651784,11,0.07624501
152,3.49925229651784,12,0.07647893
152,3.49925229651784,13,0.07624794
152,3.49925229651784,14,0.07638229
152,3.49925229651784,15,0.07636244
153,3.50962858973968,0,0.07668927
153,3.50962858973968,1,0.07644046
153,3.50962858973968,2,0.07651639
153,3.50962858973968,3,0.07644827
153,3.50962858973968,4,0.0764364
153,3.50962858973968,5,0.07641771
153,3.50962858973968,6,0.07631746
153,3.50962858973968,7,0.07617886
153,3.50962858973968,8,0.07606044
153,3.50962858973968,9,0.07601827
153,3.50962858973968,10,0.0759297
153,3.50962858973968,11,0.07606804
153,3.50962858973968,12,0.07616792
153,3.50962858973968,13,0.07612709
153,3.50962858973968,14,0.07623801
153,3.50962858973968,15,0.0764122
154,3.51878414258248,0,0.07609899
154,3.51878414258248,1,0.07636892
154,3.51878414258248,2,0.07619775
154,3.51878414258248,3,0.07613498
154,3.51878414258248,4,0.07634424
154,3.51878414258248,5,0.07626548
154,3.51878414258248,6,0.0764023
154,3.51878414258248,7,0.07664685
154,3.51878414258248,8,0.07667082
154,3.51878414258248,9,0.07638185
154,3.51878414258248,10,0.07649925
154,3.51878414258248,11,0.07638945
154,3.51878414258248,12,0.0759808
154,3.51878414258248,13,0.07628716
154,3.51878414258248,14,0.07614025
154,3.51878414258248,15,0.07608402
155,3.5285500656148,0,0.07622398
155,3.5285500656148,1,0.07619588
155,3.5285500656148,2,0.07620022
155,3.5285500656148,3,0.07636128
155,3.5285500656148,4,0.07597438
155,3.5285500656148,5,0.07617912
155,3.5285500656148,6,0.07625946
155,3.5285500656148,7,0.07584537
155,3.5285500656148,8,0.07602377
155,3.5285500656148,9,0.07652135
155,3.5285500656148,10,0.07599802
155,3.5285500656148,11,0.07618196
155,3.5285500656148,12,0.07605128
155,3.5285500656148,13,0.07629163
155,3.5285500656148,14,0.07628968
155,3.5285500656148,15,0.0762574
156,3.53892635883663,0,0.07631703
156,3.53892635883663,1,0.07617019
156,3.53892635883663,2,0.07605613
156,3.53892635883663,3,0.07616509
156,3.53892635883663,4,0.07602179
156,3.53892635883663,5,0.07605393
156,3.53892635883663,6,0.07604633
156,3.53892635883663,7,0.07620843
156,3.53892635883663,8,0.07612794
156,3.53892635883663,9,0.07650959
156,3.53892635883663,10,0.07649928
156,3.53892635883663,11,0.07638382
156,3.53892635883663,12,0.07621302
156,3.53892635883663,13,0.07618416
156,3.53892635883663,14,0.07632408
156,3.53892635883663,15,0.07624468
157,3.54930265205847,0,0.07599111
157,3.54930265205847,1,0.0759731
157,3.54930265205847,2,0.07623084
157,3.54930265205847,3,0.07622941
157,3.54930265205847,4,0.07627698
157,3.54930265205847,5,0.07634694
157,3.54930265205847,6,0.07653052
157,3.54930265205847,7,0.07636438
157,3.54930265205847,8,0.07643352
157,3.54930265205847,9,0.0764539
157,3.54930265205847,10,0.07660327
157,3.54930265205847,11,0.07657146
157,3.54930265205847,12,0.07644362
157,3.54930265205847,13,0.07660636
157,3.54930265205847,14,0.0761508
157,3.54930265205847,15,0.07644327
158,3.55906857509079,0,0.07644997
158,3.55906857509079,1,0.07634936
158,3.55906857509079,2,0.07625686
158,3.55906857509079,3,0.07660967
158,3.55906857509079,4,0.07655874
158,3.55906857509079,5,0.07661077
158,3.55906857509079,6,0.07645497
158,3.55906857509079,7,0.07692672
158,3.55906857509079,8,0.0763711
158,3.55906857509079,9,0.07656355
158,3.55906857509079,10,0.07636981
158,3.55906857509079,11,0.07667933
158,3.55906857509079,12,0.07674171
158,3.55906857509079,13,0.07659262
158,3.55906857509079,14,0.07655691
158,3.55906857509079,15,0.07633235
159,3.56944486831263,0,0.07613815
159,3.56944486831263,1,0.07631061
159,3.56944486831263,2,0.07616985
159,3.56944486831263,3,0.0763579
159,3.56944486831263,4,0.07640809
159,3.56944486831263,5,0.07647475
159,3.56944486831263,6,0.07650896
159,3.56944486831263,7,0.0760612
159,3.56944486831263,8,0.07641519
159,3.56944486831263,9,0.07639096
159,3.56944486831263,10,0.07633259
159,3.56944486831263,11,0.07628466
159,3.56944486831263,12,0.07623797
159,3.56944486831263,13,0.0765001
159,3.56944486831263,14,0.0766231
159,3.56944486831263,15,0.07647033
160,3.57921079134495,0,0.0762395
160,3.57921079134495,1,0.07651396
160,3.57921079134495,2,0.07629927
160,3.57921079134495,3,0.07648633
160,3.57921079134495,4,0.0765367
160,3.57921079134495,5,0.0765975
160,3.57921079134495,6,0.07619397
160,3.57921079134495,7,0.07639793
160,3.57921079134495,8,0.07621939
160,3.57921079134495,9,0.07625864
160,3.57921079134495,10,0.07622847
160,3.57921079134495,11,0.07617582
160,3.57921079134495,12,0.07613655
160,3.57921079134495,13,0.07593526
160,3.57921079134495,14,0.076162
160,3.57921079134495,15,0.07609435
161,3.59019745475631,0,0.07617538
161,3.59019745475631,1,0.07606199
161,3.59019745475631,2,0.07633547
161,3.59019745475631,3,0.07615278
161,3.59019745475631,4,0.07632798
161,3.59019745475631,5,0.07633212
161,3.59019745475631,6,0.07609592
161,3.59019745475631,7,0.0761582
161,3.59019745475631,8,0.07632885
161,3.59019745475631,9,0.0762732
161,3.59019745475631,10,0.07594891
161,3.59019745475631,11,0.07639289
161,3.59019745475631,12,0.07617155
161,3.59019745475631,13,0.07612305
161,3.59019745475631,14,0.0760998
161,3.59019745475631,15,0.07595965
162,3.59996337778863,0,0.07627678
162,3.59996337778863,1,0.0761166
162,3.59996337778863,2,0.07622398
162,3.59996337778863,3,0.07634756
162,3.59996337778863,4,0.07627844
162,3.59996337778863,5,0.0760567
162,3.59996337778863,6,0.07616808
162,3.59996337778863,7,0.07627906
162,3.59996337778863,8,0.07600603
162,3.59996337778863,9,0.07621586
162,3.59996337778863,10,0.07646026
162,3.59996337778863,11,0.07625635
162,3.59996337778863,12,0.07606547
162,3.59996337778863,13,0.07628188
162,3.59996337778863,14,0.07634322
162,3.59996337778863,15,0.07624397
163,3.60972930082095,0,0.07636842
163,3.60972930082095,1,0.07629541
163,3.60972930082095,2,0.07655019
163,3.60972930082095,3,0.07629108
163,3.60972930082095,4,0.07645233
163,3.60972930082095,5,0.07641773
163,3.60972930082095,6,0.07616317
163,3.60972930082095,7,0.07610419
163,3.60972930082095,8,0.07605133
163,3.60972930082095,9,0.07605827
163,3.60972930082095,10,0.07601645
163,3.60972930082095,11,0.07623334
163,3.60972930082095,12,0.07621533
163,3.60972930082095,13,0.07629283
163,3.60972930082095,14,0.07647646
163,3.60972930082095,15,0.0763378
164,3.62071596423231,0,0.07640212
164,3.62071596423231,1,0.07620815
164,3.62071596423231,2,0.07616176
164,3.62071596423231,3,0.07610306
164,3.62071596423231,4,0.07617679
164,3.62071596423231,5,0.07598078
164,3.62071596423231,6,0.07583894
164,3.62071596423231,7,0.07606698
164,3.62071596423231,8,0.07613286
164,3.62071596423231,9,0.07627805
164,3.62071596423231,10,0.07619162
164,3.62071596423231,11,0.07617549
164,3.62071596423231,12,0.07620797
164,3.62071596423231,13,0.07613187
164,3.62071596423231,14,0.07602746
164,3.62071596423231,15,0.07610883
165,3.62926114688559,0,0.07590295
165,3.62926114688559,1,0.07597698
165,3.62926114688559,2,0.07631541
165,3.62926114688559,3,0.07624121
165,3.62926114688559,4,0.07598373
165,3.62926114688559,5,0.07613794
165,3.62926114688559,6,0.07630233
165,3.62926114688559,7,0.07619414
165,3.62926114688559,8,0.07630491
165,3.62926114688559,9,0.07596447
165,3.62926114688559,10,0.07615218
165,3.62926114688559,11,0.07651066
165,3.62926114688559,12,0.07632968
165,3.62926114688559,13,0.07651629
165,3.62926114688559,14,0.0764488
165,3.62926114688559,15,0.07613105
166,3.63963744010742,0,0.07641888
166,3.63963744010742,1,0.07630137
166,3.63963744010742,2,0.0763313
166,3.63963744010742,3,0.07610149
166,3.63963744010742,4,0.07610135
166,3.63963744010742,5,0.07619369
166,3.63963744010742,6,0.07624681
166,3.63963744010742,7,0.07634417
166,3.63963744010742,8,0.07630972
166,3.63963744010742,9,0.07649579
166,3.63963744010742,10,0.07646123
166,3.63963744010742,11,0.07623971
166,3.63963744010742,12,0.07631077
166,3.63963744010742,13,0.07633822
166,3.63963744010742,14,0.07641362
166,3.63963744010742,15,0.07601775
167,3.65001373332926,0,0.07644154
167,3.65001373332926,1,0.07641391
167,3.65001373332926,2,0.07625162
167,3.65001373332926,3,0.07650401
167,3.65001373332926,4,0.07625116
167,3.65001373332926,5,0.07635524
167,3.65001373332926,6,0.07594194
167,3.65001373332926,7,0.07610381
167,3.65001373332926,8,0.07616189
167,3.65001373332926,9,0.07621638
167,3.65001373332926,10,0.07604311
167,3.65001373332926,11,0.07599051
167,3.65001373332926,12,0.07595363
167,3.65001373332926,13,0.0758851
167,3.65001373332926,14,0.07617804
167,3.65001373332926,15,0.07619474
168,3.66100039674062,0,0.07627619
168,3.66100039674062,1,0.07659102
168,3.66100039674062,2,0.07646699
168,3.66100039674062,3,0.0761122
168,3.66100039674062,4,0.07630756
168,3.66100039674062,5,0.07637154
168,3.66100039674062,6,0.07658909
168,3.66100039674062,7,0.076483
168,3.66100039674062,8,0.07637923
168,3.66100039674062,9,0.07630503
168,3.66100039674062,10,0.07620429
168,3.66100039674062,11,0.07615698
168,3.66100039674062,12,0.0764975
168,3.66100039674062,13,0.07623461
168,3.66100039674062,14,0.07661328
168,3.66100039674062,15,0.07635378
169,3.67076631977294,0,0.07622751
169,3.67076631977294,1,0.07638185
169,3.67076631977294,2,0.07625656
169,3.67076631977294,3,0.07623816
169,3.67076631977294,4,0.07629915
169,3.67076631977294,5,0.0761013
169,3.67076631977294,6,0.0759259
169,3.67076631977294,7,0.07631898
169,3.67076631977294,8,0.07626388
169,3.67076631977294,9,0.07634128
169,3.67076631977294,10,0.07631191
169,3.67076631977294,11,0.07617364
169,3.67076631977294,12,0.07620803
169,3.67076631977294,13,0.07599998
169,3.67076631977294,14,0.07607897
169,3.67076631977294,15,0.0763209
170,3.67992187261574,0,0.07666057
170,3.67992187261574,1,0.07656617
170,3.67992187261574,2,0.07631335
170,3.67992187261574,3,0.07665139
170,3.67992187261574,4,0.07663542
170,3.67992187261574,5,0.07656769
170,3.67992187261574,6,0.07640764
170,3.67992187261574,7,0.07647407
170,3.67992187261574,8,0.0764617
170,3.67992187261574,9,0.07636563
170,3.67992187261574,10,0.0763409
170,3.67992187261574,11,0.0763011
170,3.67992187261574,12,0.07640501
170,3.67992187261574,13,0.07623724
170,3.67992187261574,14,0.07652501
170,3.67992187261574,15,0.07625778
171,3.69029816583758,0,0.07622989
171,3.69029816583758,1,0.07660812
171,3.69029816583758,2,0.07631864
171,3.69029816583758,3,0.07627437
171,3.69029816583758,4,0.07650311
171,3.69029816583758,5,0.07665951
171,3.69029816583758,6,0.07643212
171,3.69029816583758,7,0.07664514
171,3.69029816583758,8,0.07650766
171,3.69029816583758,9,0.07631224
171,3.69029816583758,10,0.07664908
171,3.69029816583758,11,0.07637022
171,3.69029816583758,12,0.076266
171,3.69029816583758,13,0.07642948
171,3.69029816583758,14,0.07639273
171,3.69029816583758,15,0.07657062
172,3.70067445905942,0,0.07638592
172,3.70067445905942,1,0.07652325
172,3.70067445905942,2,0.07654777
172,3.70067445905942,3,0.07665078
172,3.70067445905942,4,0.07662701
172,3.70067445905942,5,0.07649533
172,3.70067445905942,6,0.07645951
172,3.70067445905942,7,0.07640015
172,3.70067445905942,8,0.07642951
172,3.70067445905942,9,0.07633815
172,3.70067445905942,10,0.07646135
172,3.70067445905942,11,0.07650036
172,3.70067445905942,12,0.07626399
172,3.70067445905942,13,0.07655653
172,3.70067445905942,14,0.07647809
172,3.70067445905942,15,0.07656798
173,3.71044038209174,0,0.07669509
173,3.71044038209174,1,0.07627557
173,3.71044038209174,2,0.07636692
173,3.71044038209174,3,0.07640649
173,3.71044038209174,4,0.07658932
173,3.71044038209174,5,0.07653161
173,3.71044038209174,6,0.07646175
173,3.71044038209174,7,0.0766452
173,3.71044038209174,8,0.0765736
173,3.71044038209174,9,0.07639915
173,3.71044038209174,10,0.07632448
173,3.71044038209174,11,0.07637294
173,3.71044038209174,12,0.07633973
173,3.71044038209174,13,0.07649466
173,3.71044038209174,14,0.07646467
173,3.71044038209174,15,0.07659859
174,3.72081667531358,0,0.07631893
174,3.72081667531358,1,0.0762912
174,3.72081667531358,2,0.07608429
174,3.72081667531358,3,0.07626
174,3.72081667531358,4,0.0761862
174,3.72081667531358,5,0.07609433
174,3.72081667531358,6,0.07617703
174,3.72081667531358,7,0.0761268
174,3.72081667531358,8,0.07627357
174,3.72081667531358,9,0.07651945
174,3.72081667531358,10,0.07656141
174,3.72081667531358,11,0.07645601
174,3.72081667531358,12,0.07613
174,3.72081667531358,13,0.07639988
174,3.72081667531358,14,0.07628911
174,3.72081667531358,15,0.07649154
175,3.7305825983459,0,0.07618127
175,3.7305825983459,1,0.07614047
175,3.7305825983459,2,0.07613393
175,3.7305825983459,3,0.07638478
175,3.7305825983459,4,0.07627096
175,3.7305825983459,5,0.07648714
175,3.7305825983459,6,0.07664217
175,3.7305825983459,7,0.07652735
175,3.7305825983459,8,0.07650776
175,3.7305825983459,9,0.0764319
175,3.7305825983459,10,0.07647088
175,3.7305825983459,11,0.07640129
175,3.7305825983459,12,0.07638302
175,3.7305825983459,13,0.0762654
175,3.7305825983459,14,0.07640298
175,3.7305825983459,15,0.07650931
176,3.74034852137822,0,0.07636191
176,3.74034852137822,1,0.07650372
176,3.74034852137822,2,0.07629989
176,3.74034852137822,3,0.07653991
176,3.74034852137822,4,0.07616678
176,3.74034852137822,5,0.07608724
176,3.74034852137822,6,0.07615174
176,3.74034852137822,7,0.0762385
176,3.74034852137822,8,0.07631654
176,3.74034852137822,9,0.07636683
176,3.74034852137822,10,0.07641423
176,3.74034852137822,11,0.07655298
176,3.74034852137822,12,0.07638814
176,3.74034852137822,13,0.07658321
176,3.74034852137822,14,0.0764932
176,3.74034852137822,15,0.07657945
177,3.75133518478958,0,0.07621131
177,3.75133518478958,1,0.07653573
177,3.75133518478958,2,0.07637358
177,3.75133518478958,3,0.07650706
177,3.75133518478958,4,0.07641608
177,3.75133518478958,5,0.07644862
177,3.75133518478958,6,0.07608399
177,3.75133518478958,7,0.07639094
177,3.75133518478958,8,0.07628998
177,3.75133518478958,9,0.07649243
177,3.75133518478958,10,0.07645666
177,3.75133518478958,11,0.07642535
177,3.75133518478958,12,0.07648363
177,3.75133518478958,13,0.07644999
177,3.75133518478958,14,0.07660227
177,3.75133518478958,15,0.07632942
178,3.76049073763237,0,0.07648356
178,3.76049073763237,1,0.07663203
178,3.76049073763237,2,0.07642899
178,3.76049073763237,3,0.07622992
178,3.76049073763237,4,0.07612555
178,3.76049073763237,5,0.07615522
178,3.76049073763237,6,0.07612383
178,3.76049073763237,7,0.07626469
178,3.76049073763237,8,0.07640515
178,3.76049073763237,9,0.07608055
178,3.76049073763237,10,0.07605477
178,3.76049073763237,11,0.0762673
178,3.76049073763237,12,0.07631036
178,3.76049073763237,13,0.0761489
178,3.76049073763237,14,0.07621915
178,3.76049073763237,15,0.07605548
179,3.77086703085421,0,0.0761295
179,3.77086703085421,1,0.07642379
179,3.77086703085421,2,0.07615416
179,3.77086703085421,3,0.07655423
179,3.77086703085421,4,0.07615996
179,3.77086703085421,5,0.07626573
179,3.77086703085421,6,0.07634582
179,3.77086703085421,7,0.07631976
179,3.77086703085421,8,0.07631376
179,3.77086703085421,9,0.07630747
179,3.77086703085421,10,0.07646936
179,3.77086703085421,11,0.07658243
179,3.77086703085421,12,0.07646247
179,3.77086703085421,13,0.07644584
179,3.77086703085421,14,0.07653661
179,3.77086703085421,15,0.07633517
180,3.78124332407605,0,0.07607732
180,3.78124332407605,1,0.07609627
180,3.78124332407605,2,0.07617936
180,3.78124332407605,3,0.07589118
180,3.78124332407605,4,0.07624189
180,3.78124332407605,5,0.07612349
180,3.78124332407605,6,0.07637778
180,3.78124332407605,7,0.07636955
180,3.78124332407605,8,0.07623638
180,3.78124332407605,9,0.07621034
180,3.78124332407605,10,0.07600101
180,3.78124332407605,11,0.07623344
180,3.78124332407605,12,0.07617072
180,3.78124332407605,13,0.0763428
180,3.78124332407605,14,0.07608548
180,3.78124332407605,15,0.0760363
181,3.79039887691885,0,0.07672752
181,3.79039887691885,1,0.07637886
181,3.79039887691885,2,0.07667601
181,3.79039887691885,3,0.07651909
181,3.79039887691885,4,0.07646814
181,3.79039887691885,5,0.0766174
181,3.79039887691885,6,0.07656977
181,3.79039887691885,7,0.07648728
181,3.79039887691885,8,0.07640365
181,3.79039887691885,9,0.07649094
181,3.79039887691885,10,0.07638936
181,3.79039887691885,11,0.07617036
181,3.79039887691885,12,0.07645205
181,3.79039887691885,13,0.07637147
181,3.79039887691885,14,0.07640953
181,3.79039887691885,15,0.07695014
182,3.80016479995117,0,0.07611863
182,3.80016479995117,1,0.07638995
182,3.80016479995117,2,0.07631575
182,3.80016479995117,3,0.0763509
182,3.80016479995117,4,0.07659093
182,3.80016479995117,5,0.07655505
182,3.80016479995117,6,0.07670446
182,3.80016479995117,7,0.07656
182,3.80016479995117,8,0.07629008
182,3.80016479995117,9,0.07623451
182,3.80016479995117,10,0.07648901
182,3.80016479995117,11,0.07646015
182,3.80016479995117,12,0.0764268
182,3.80016479995117,13,0.0763417
182,3.80016479995117,14,0.076526
182,3.80016479995117,15,0.07652629
183,3.81054109317301,0,0.0763276
183,3.81054109317301,1,0.07616636
183,3.81054109317301,2,0.07587979
183,3.81054109317301,3,0.07611342
183,3.81054109317301,4,0.07646641
183,3.81054109317301,5,0.07653469
183,3.81054109317301,6,0.07647581
183,3.81054109317301,7,0.07639866
183,3.81054109317301,8,0.07634702
183,3.81054109317301,9,0.07629481
183,3.81054109317301,10,0.07663558
183,3.81054109317301,11,0.07631841
183,3.81054109317301,12,0.07647739
183,3.81054109317301,13,0.07638646
183,3.81054109317301,14,0.07652945
183,3.81054109317301,15,0.07649381
184,3.82091738639485,0,0.07633855
184,3.82091738639485,1,0.07623562
184,3.82091738639485,2,0.07664029
184,3.82091738639485,3,0.07631551
184,3.82091738639485,4,0.076374
184,3.82091738639485,5,0.07617833
184,3.82091738639485,6,0.07613426
184,3.82091738639485,7,0.07618506
184,3.82091738639485,8,0.07620808
184,3.82091738639485,9,0.07635844
184,3.82091738639485,10,0.07621983
184,3.82091738639485,11,0.07591793
184,3.82091738639485,12,0.07611787
184,3.82091738639485,13,0.07640292
184,3.82091738639485,14,0.0763785
184,3.82091738639485,15,0.07638579
185,3.83007293923765,0,0.07668164
185,3.83007293923765,1,0.07614359
185,3.83007293923765,2,0.07648156
185,3.83007293923765,3,0.07654025
185,3.83007293923765,4,0.07616873
185,3.83007293923765,5,0.07662734
185,3.83007293923765,6,0.07643525
185,3.83007293923765,7,0.07617848
185,3.83007293923765,8,0.07611157
185,3.83007293923765,9,0.07648589
185,3.83007293923765,10,0.07665267
185,3.83007293923765,11,0.07670496
185,3.83007293923765,12,0.07680228
185,3.83007293923765,13,0.07660723
185,3.83007293923765,14,0.07662184
185,3.83007293923765,15,0.07675683
186,3.84044923245949,0,0.07640818
186,3.84044923245949,1,0.07634023
186,3.84044923245949,2,0.07604058
186,3.84044923245949,3,0.07621842
186,3.84044923245949,4,0.07651611
186,3.84044923245949,5,0.07654301
186,3.84044923245949,6,0.07682209
186,3.84044923245949,7,0.07662015
186,3.84044923245949,8,0.07640209
186,3.84044923245949,9,0.07627086
186,3.84044923245949,10,0.07625599
186,3.84044923245949,11,0.07632919
186,3.84044923245949,12,0.07626725
186,3.84044923245949,13,0.07608743
186,3.84044923245949,14,0.07639818
186,3.84044923245949,15,0.07618668
187,3.85143589587085,0,0.07635324
187,3.85143589587085,1,0.07641993
187,3.85143589587085,2,0.07646989
187,3.85143589587085,3,0.076102
187,3.85143589587085,4,0.07637024
187,3.85143589587085,5,0.07642493
187,3.85143589587085,6,0.07625102
187,3.85143589587085,7,0.07617074
187,3.85143589587085,8,0.07642803
187,3.85143589587085,9,0.07639351
187,3.85143589587085,10,0.0764055
187,3.85143589587085,11,0.07625745
187,3.85143589587085,12,0.07616672
187,3.85143589587085,13,0.0764403
187,3.85143589587085,14,0.0764704
187,3.85143589587085,15,0.07621134
188,3.85998107852412,0,0.07644114
188,3.85998107852412,1,0.07622061
188,3.85998107852412,2,0.07625705
188,3.85998107852412,3,0.07608626
188,3.85998107852412,4,0.07630834
188,3.85998107852412,5,0.07636742
188,3.85998107852412,6,0.07637589
188,3.85998107852412,7,0.07665712
188,3.85998107852412,8,0.07639593
188,3.85998107852412,9,0.0763765
188,3.85998107852412,10,0.0768104
188,3.85998107852412,11,0.07631252
188,3.85998107852412,12,0.07643975
188,3.85998107852412,13,0.07624869
188,3.85998107852412,14,0.07643317
188,3.85998107852412,15,0.07626136
189,3.86974700155644,0,0.07659408
189,3.86974700155644,1,0.07649962
189,3.86974700155644,2,0.07670462
189,3.86974700155644,3,0.07674599
189,3.86974700155644,4,0.07635187
189,3.86974700155644,5,0.0764524
189,3.86974700155644,6,0.07657934
189,3.86974700155644,7,0.07675115
189,3.86974700155644,8,0.07656998
189,3.86974700155644,9,0.07627498
189,3.86974700155644,10,0.07640409
189,3.86974700155644,11,0.07662152
189,3.86974700155644,12,0.07693011
189,3.86974700155644,13,0.07674064
189,3.86974700155644,14,0.07659724
189,3.86974700155644,15,0.07670946
190,3.8807336649678,0,0.07665272
190,3.8807336649678,1,0.07653006
190,3.8807336649678,2,0.07659597
190,3.8807336649678,3,0.07665093
190,3.8807336649678,4,0.0765112
190,3.8807336649678,5,0.07663704
190,3.8807336649678,6,0.07652825
190,3.8807336649678,7,0.07657731
190,3.8807336649678,8,0.07668649
190,3.8807336649678,9,0.0766687
190,3.8807336649678,10,0.07687744
190,3.8807336649678,11,0.07688383
190,3.8807336649678,12,0.07709887
190,3.8807336649678,13,0.07673091
190,3.8807336649678,14,0.07685079
190,3.8807336649678,15,0.07675974
191,3.8898892178106,0,0.07672482
191,3.8898892178106,1,0.07681023
191,3.8898892178106,2,0.07668153
191,3.8898892178106,3,0.07692632
191,3.8898892178106,4,0.07655358
191,3.8898892178106,5,0.07689586
191,3.8898892178106,6,0.07671583
191,3.8898892178106,7,0.07655226
191,3.8898892178106,8,0.07679511
191,3.8898892178106,9,0.07658307
191,3.8898892178106,10,0.07695711
191,3.8898892178106,11,0.07656597
191,3.8898892178106,12,0.07665598
191,3.8898892178106,13,0.07676762
191,3.8898892178106,14,0.07659744
191,3.8898892178106,15,0.07667013
192,3.90087588122196,0,0.07657883
192,3.90087588122196,1,0.07668783
192,3.90087588122196,2,0.07677236
192,3.90087588122196,3,0.07654194
192,3.90087588122196,4,0.07669872
192,3.90087588122196,5,0.07678425
192,3.90087588122196,6,0.07645641
192,3.90087588122196,7,0.07627517
192,3.90087588122196,8,0.07665106
192,3.90087588122196,9,0.07654166
192,3.90087588122196,10,0.07679235
192,3.90087588122196,11,0.07678207
192,3.90087588122196,12,0.07637173
192,3.90087588122196,13,0.07676601
192,3.90087588122196,14,0.07687654
192,3.90087588122196,15,0.07662532
193,3.90942106387524,0,0.07651427
193,3.90942106387524,1,0.07634509
193,3.90942106387524,2,0.07643829
193,3.90942106387524,3,0.07644983
193,3.90942106387524,4,0.07631941
193,3.90942106387524,5,0.07648151
193,3.90942106387524,6,0.076529
193,3.90942106387524,7,0.07667352
193,3.90942106387524,8,0.07665423
193,3.90942106387524,9,0.07641583
193,3.90942106387524,10,0.076531
193,3.90942106387524,11,0.07651833
193,3.90942106387524,12,0.07659619
193,3.90942106387524,13,0.07682757
193,3.90942106387524,14,0.07664814
193,3.90942106387524,15,0.07667249
194,3.9204077272866,0,0.0765262
194,3.9204077272866,1,0.07649044
194,3.9204077272866,2,0.07664602
194,3.9204077272866,3,0.07664969
194,3.9204077272866,4,0.07668316
194,3.9204077272866,5,0.07662515
194,3.9204077272866,6,0.07680572
194,3.9204077272866,7,0.0767146
194,3.9204077272866,8,0.07659491
194,3.9204077272866,9,0.07702654
194,3.9204077272866,10,0.07683819
194,3.9204077272866,11,0.07673492
194,3.9204077272866,12,0.0765746
194,3.9204077272866,13,0.07665144
194,3.9204077272866,14,0.07673445
194,3.9204077272866,15,0.07673369
195,3.93017365031892,0,0.07660261
195,3.93017365031892,1,0.07669711
195,3.93017365031892,2,0.07620149
195,3.93017365031892,3,0.07644363
195,3.93017365031892,4,0.07643362
195,3.93017365031892,5,0.07636633
195,3.93017365031892,6,0.07672643
195,3.93017365031892,7,0.07672516
195,3.93017365031892,8,0.07685306
195,3.93017365031892,9,0.07646092
195,3.93017365031892,10,0.07678252
195,3.93017365031892,11,0.0765131
195,3.93017365031892,12,0.07660424
195,3.93017365031892,13,0.07643375
195,3.93017365031892,14,0.07640829
195,3.93017365031892,15,0.07659918
196,3.94054994354076,0,0.0765726
196,3.94054994354076,1,0.07650016
196,3.94054994354076,2,0.07654206
196,3.94054994354076,3,0.07643719
196,3.94054994354076,4,0.07641742
196,3.94054994354076,5,0.07648028
196,3.94054994354076,6,0.07661548
196,3.94054994354076,7,0.07660122
196,3.94054994354076,8,0.07668594
196,3.94054994354076,9,0.07670207
196,3.94054994354076,10,0.07645882
196,3.94054994354076,11,0.07639658
196,3.94054994354076,12,0.07657243
196,3.94054994354076,13,0.0763026
196,3.94054994354076,14,0.07663601
196,3.94054994354076,15,0.07630292
197,3.94970549638356,0,0.0762717
197,3.94970549638356,1,0.07625748
197,3.94970549638356,2,0.07624291
197,3.94970549638356,3,0.07650595
197,3.94970549638356,4,0.07654126
197,3.94970549638356,5,0.07650016
197,3.94970549638356,6,0.07668648
197,3.94970549638356,7,0.07647197
197,3.94970549638356,8,0.0764253
197,3.94970549638356,9,0.07668129
197,3.94970549638356,10,0.07651978
197,3.94970549638356,11,0.07687079
197,3.94970549638356,12,0.07625116
197,3.94970549638356,13,0.07653172
197,3.94970549638356,14,0.0764036
197,3.94970549638356,15,0.07650551
198,3.9600817896054,0,0.07665858
198,3.9600817896054,1,0.07659504
198,3.9600817896054,2,0.0765723
198,3.9600817896054,3,0.0767612
198,3.9600817896054,4,0.07646997
198,3.9600817896054,5,0.07648104
198,3.9600817896054,6,0.07653236
198,3.9600817896054,7,0.07648558
198,3.9600817896054,8,0.07662068
198,3.9600817896054,9,0.07650486
198,3.9600817896054,10,0.07638526
198,3.9600817896054,11,0.0764434
198,3.9600817896054,12,0.07629407
198,3.9600817896054,13,0.07600573
198,3.9600817896054,14,0.07608518
198,3.9600817896054,15,0.07615571
199,3.96984771263772,0,0.07658683
199,3.96984771263772,1,0.0763137
199,3.96984771263772,2,0.07646903
199,3.96984771263772,3,0.07631955
199,3.96984771263772,4,0.07636338
199,3.96984771263772,5,0.07645395
199,3.96984771263772,6,0.07639176
199,3.96984771263772,7,0.07669447
199,3.96984771263772,8,0.0764036
199,3.96984771263772,9,0.07662099
199,3.96984771263772,10,0.07630131
199,3.96984771263772,11,0.07636579
199,3.96984771263772,12,0.07641952
199,3.96984771263772,13,0.07622135
199,3.96984771263772,14,0.07642543
199,3.96984771263772,15,0.07641839
200,3.98022400585955,0,0.07640415
200,3.98022400585955,1,0.07687224
200,3.98022400585955,2,0.07660345
200,3.98022400585955,3,0.07667916
200,3.98022400585955,4,0.07667121
200,3.98022400585955,5,0.07663111
200,3.98022400585955,6,0.07673292
200,3.98022400585955,7,0.07648316
200,3.98022400585955,8,0.0765131
200,3.98022400585955,9,0.07627694
200,3.98022400585955,10,0.07642028
200,3.98022400585955,11,0.07626099
200,3.98022400585955,12,0.07643855
200,3.98022400585955,13,0.07660583
200,3.98022400585955,14,0.07635896
200,3.98022400585955,15,0.07646217
