position,voltage_mean,voltage_std,n_samples
0.992461928159429,0.015272870000000001,0.00028563648720882984,16
1.9830927457503,0.015323325,0.00018182584535070875,16
2.97433393353069,0.016998095625,0.0002971917549951702,16
3.9661854915006,0.020525826875,0.00015183380489530092,16
4.95864741966002,0.020394924374999998,0.00018067640673206182,16
5.93585009308145,0.019754983125,0.00015353961283325027,16
