pos_index,position,sample_index,voltage
0,-0.0097659230323191,0,0.06597389
0,-0.0097659230323191,1,0.06594397
0,-0.0097659230323191,2,0.06597801
0,-0.0097659230323191,3,0.06619336
0,-0.0097659230323191,4,0.06620713
0,-0.0097659230323191,5,0.06601424
0,-0.0097659230323191,6,0.06630719
0,-0.0097659230323191,7,0.06612779
0,-0.0097659230323191,8,0.06604139
0,-0.0097659230323191,9,0.06603479
0,-0.0097659230323191,10,0.06585222
0,-0.0097659230323191,11,0.06608517
1,-0.0097659230323191,0,0.06620421
1,-0.0097659230323191,1,0.06574035
1,-0.0097659230323191,2,0.06606533
1,-0.0097659230323191,3,0.06616535
1,-0.0097659230323191,4,0.06603148
1,-0.0097659230323191,5,0.06600598
1,-0.0097659230323191,6,0.06595426
1,-0.0097659230323191,7,0.06592607
1,-0.0097659230323191,8,0.06576095
1,-0.0097659230323191,9,0.06616811
1,-0.0097659230323191,10,0.06606386
1,-0.0097659230323191,11,0.06565863
1,-0.0097659230323191,12,0.06553493
1,-0.0097659230323191,13,0.06589575
1,-0.0097659230323191,14,0.06578028
1,-0.0097659230323191,15,0.06590613
2,0.0,0,0.06629167
2,0.0,1,0.06590949
2,0.0,2,0.06579013
2,0.0,3,0.06582579
2,0.0,4,0.06566805
2,0.0,5,0.06574494
2,0.0,6,0.06585556
2,0.0,7,0.06569226
2,0.0,8,0.06558913
2,0.0,9,0.06578211
2,0.0,10,0.06549135
2,0.0,11,0.0655075
2,0.0,12,0.06540383
2,0.0,13,0.06560417
2,0.0,14,0.0654527
2,0.0,15,0.06569369
3,0.010376293221839,0,0.06555916
3,0.010376293221839,1,0.06580931
3,0.010376293221839,2,0.06566979
3,0.010376293221839,3,0.06562223
3,0.010376293221839,4,0.06550822
3,0.010376293221839,5,0.06590092
3,0.010376293221839,6,0.06586584
3,0.010376293221839,7,0.06594394
3,0.010376293221839,8,0.06574607
3,0.010376293221839,9,0.06564175
3,0.010376293221839,10,0.06579807
3,0.010376293221839,11,0.06591673
3,0.010376293221839,12,0.06539269
3,0.010376293221839,13,0.06547399
3,0.010376293221839,14,0.06566402
3,0.010376293221839,15,0.06600461
4,0.021362956633198,0,0.06595768
4,0.021362956633198,1,0.06595276
4,0.021362956633198,2,0.06579507
4,0.021362956633198,3,0.06603211
4,0.021362956633198,4,0.06574742
4,0.021362956633198,5,0.06594349
4,0.021362956633198,6,0.06568141
4,0.021362956633198,7,0.06620424
4,0.021362956633198,8,0.06622049
4,0.021362956633198,9,0.06629157
4,0.021362956633198,10,0.06594045
4,0.021362956633198,11,0.06575041
4,0.021362956633198,12,0.06587503
4,0.021362956633198,13,0.06589653
4,0.021362956633198,14,0.06597226
4,0.021362956633198,15,0.0660414
5,0.0305185094759972,0,0.06571721
5,0.0305185094759972,1,0.06576482
5,0.0305185094759972,2,0.06589109
5,0.0305185094759972,3,0.06569058
5,0.0305185094759972,4,0.06568055
5,0.0305185094759972,5,0.06577362
5,0.0305185094759972,6,0.06609815
5,0.0305185094759972,7,0.06576981
5,0.0305185094759972,8,0.0658394
5,0.0305185094759972,9,0.06577118
5,0.0305185094759972,10,0.06551651
5,0.0305185094759972,11,0.0657609
5,0.0305185094759972,12,0.06550755
5,0.0305185094759972,13,0.06561173
5,0.0305185094759972,14,0.0654879
5,0.0305185094759972,15,0.06576791
6,0.0408948026978362,0,0.06545438
6,0.0408948026978362,1,0.06562565
6,0.0408948026978362,2,0.06563286
6,0.0408948026978362,3,0.06561211
6,0.0408948026978362,4,0.06561389
6,0.0408948026978362,5,0.06563926
6,0.0408948026978362,6,0.06551859
6,0.0408948026978362,7,0.0657705
6,0.0408948026978362,8,0.06574263
6,0.0408948026978362,9,0.06580486
6,0.0408948026978362,10,0.06563786
6,0.0408948026978362,11,0.06568949
6,0.0408948026978362,12,0.06590058
6,0.0408948026978362,13,0.06596979
6,0.0408948026978362,14,0.0658732
6,0.0408948026978362,15,0.06572529
7,0.0506607257301553,0,0.06579702
7,0.0506607257301553,1,0.0656204
7,0.0506607257301553,2,0.06561249
7,0.0506607257301553,3,0.06571764
7,0.0506607257301553,4,0.06573906
7,0.0506607257301553,5,0.06606958
7,0.0506607257301553,6,0.06582901
7,0.0506607257301553,7,0.06582444
7,0.0506607257301553,8,0.06573253
7,0.0506607257301553,9,0.06560571
7,0.0506607257301553,10,0.06569714
7,0.0506607257301553,11,0.06582741
7,0.0506607257301553,12,0.06557019
7,0.0506607257301553,13,0.06574964
7,0.0506607257301553,14,0.06598025
7,0.0506607257301553,15,0.06582846
8,0.0604266487624744,0,0.06576747
8,0.0604266487624744,1,0.06605147
8,0.0604266487624744,2,0.06575673
8,0.0604266487624744,3,0.06613246
8,0.0604266487624744,4,0.06612278
8,0.0604266487624744,5,0.06573512
8,0.0604266487624744,6,0.06605458
8,0.0604266487624744,7,0.06627002
8,0.0604266487624744,8,0.06605453
8,0.0604266487624744,9,0.06576877
8,0.0604266487624744,10,0.06582959
8,0.0604266487624744,11,0.0661666
8,0.0604266487624744,12,0.06593636
8,0.0604266487624744,13,0.06612004
8,0.0604266487624744,14,0.06600202
8,0.0604266487624744,15,0.06597792
9,0.0701925717947936,0,0.06616525
9,0.0701925717947936,1,0.06607984
9,0.0701925717947936,2,0.06610724
9,0.0701925717947936,3,0.06589794
9,0.0701925717947936,4,0.0659008
9,0.0701925717947936,5,0.06583746
9,0.0701925717947936,6,0.06613815
9,0.0701925717947936,7,0.06559414
9,0.0701925717947936,8,0.06587292
9,0.0701925717947936,9,0.06606088
9,0.0701925717947936,10,0.06579769
9,0.0701925717947936,11,0.06590261
9,0.0701925717947936,12,0.06590704
9,0.0701925717947936,13,0.06580193
9,0.0701925717947936,14,0.06595419
9,0.0701925717947936,15,0.06567869
10,0.0799584948271126,0,0.06557976
10,0.0799584948271126,1,0.06581097
10,0.0799584948271126,2,0.0657384
10,0.0799584948271126,3,0.0655862
10,0.0799584948271126,4,0.06587334
10,0.0799584948271126,5,0.0658528
10,0.0799584948271126,6,0.06588319
10,0.0799584948271126,7,0.06576112
10,0.0799584948271126,8,0.06574908
10,0.0799584948271126,9,0.06554583
10,0.0799584948271126,10,0.06564537
10,0.0799584948271126,11,0.06570043
10,0.0799584948271126,12,0.06579324
10,0.0799584948271126,13,0.06600662
10,0.0799584948271126,14,0.06576369
10,0.0799584948271126,15,0.06578656
11,0.0903347880489517,0,0.06517287
11,0.0903347880489517,1,0.06551709
11,0.0903347880489517,2,0.06572275
11,0.0903347880489517,3,0.06569976
11,0.0903347880489517,4,0.06580243
11,0.0903347880489517,5,0.06570865
11,0.0903347880489517,6,0.06556039
11,0.0903347880489517,7,0.06585801
11,0.0903347880489517,8,0.06567003
11,0.0903347880489517,9,0.06563802
11,0.0903347880489517,10,0.06558606
11,0.0903347880489517,11,0.06581175
11,0.0903347880489517,12,0.06570004
11,0.0903347880489517,13,0.06556576
11,0.0903347880489517,14,0.06567706
11,0.0903347880489517,15,0.06561317
12,0.101321451460311,0,0.06597791
12,0.101321451460311,1,0.06591435
12,0.101321451460311,2,0.06594504
12,0.101321451460311,3,0.06586685
12,0.101321451460311,4,0.06580782
12,0.101321451460311,5,0.06581476
12,0.101321451460311,6,0.06592142
12,0.101321451460311,7,0.06562502
12,0.101321451460311,8,0.06604626
12,0.101321451460311,9,0.06574541
12,0.101321451460311,10,0.06597342
12,0.101321451460311,11,0.06589054
12,0.101321451460311,12,0.06613094
12,0.101321451460311,13,0.065896
12,0.101321451460311,14,0.06624287
12,0.101321451460311,15,0.06598173
13,0.10986663411359,0,0.06592008
13,0.10986663411359,1,0.06590102
13,0.10986663411359,2,0.0657954
13,0.10986663411359,3,0.06578542
13,0.10986663411359,4,0.0658978
13,0.10986663411359,5,0.06573346
13,0.10986663411359,6,0.06569901
13,0.10986663411359,7,0.0656992
13,0.10986663411359,8,0.06559405
13,0.10986663411359,9,0.06583329
13,0.10986663411359,10,0.065928
13,0.10986663411359,11,0.06578895
13,0.10986663411359,12,0.0659265
13,0.10986663411359,13,0.06571939
13,0.10986663411359,14,0.0656998
13,0.10986663411359,15,0.06573346
14,0.119632557145909,0,0.06604416
14,0.119632557145909,1,0.06596887
14,0.119632557145909,2,0.06590905
14,0.119632557145909,3,0.06612679
14,0.119632557145909,4,0.06583119
14,0.119632557145909,5,0.06606298
14,0.119632557145909,6,0.06607073
14,0.119632557145909,7,0.06579503
14,0.119632557145909,8,0.06572947
14,0.119632557145909,9,0.06587826
14,0.119632557145909,10,0.06561622
14,0.119632557145909,11,0.06589142
14,0.119632557145909,12,0.06553287
14,0.119632557145909,13,0.06561325
14,0.119632557145909,14,0.06599119
14,0.119632557145909,15,0.06594718
15,0.130619220557268,0,0.06584881
15,0.130619220557268,1,0.06578646
15,0.130619220557268,2,0.06602073
15,0.130619220557268,3,0.06554402
15,0.130619220557268,4,0.0656039
15,0.130619220557268,5,0.06572118
15,0.130619220557268,6,0.06573169
15,0.130619220557268,7,0.06569212
15,0.130619220557268,8,0.06578784
15,0.130619220557268,9,0.06566878
15,0.130619220557268,10,0.0655918
15,0.130619220557268,11,0.06546105
15,0.130619220557268,12,0.0656869
15,0.130619220557268,13,0.06576222
15,0.130619220557268,14,0.0659414
15,0.130619220557268,15,0.06587584
16,0.140385143589587,0,0.0660202
16,0.140385143589587,1,0.06592779
16,0.140385143589587,2,0.06583411
16,0.140385143589587,3,0.06580782
16,0.140385143589587,4,0.06588453
16,0.140385143589587,5,0.06595416
16,0.140385143589587,6,0.06580066
16,0.140385143589587,7,0.06588874
16,0.140385143589587,8,0.06602666
16,0.140385143589587,9,0.06570779
16,0.140385143589587,10,0.0657899
16,0.140385143589587,11,0.06598294
16,0.140385143589587,12,0.06579186
16,0.140385143589587,13,0.06579176
16,0.140385143589587,14,0.06595101
16,0.140385143589587,15,0.06553348
17,0.150151066621906,0,0.06605601
17,0.150151066621906,1,0.06621052
17,0.150151066621906,2,0.06600005
17,0.150151066621906,3,0.06591363
17,0.150151066621906,4,0.06597538
17,0.150151066621906,5,0.06568732
17,0.150151066621906,6,0.06609552
17,0.150151066621906,7,0.06596238
17,0.150151066621906,8,0.06599091
17,0.150151066621906,9,0.06596999
17,0.150151066621906,10,0.06597852
17,0.150151066621906,11,0.0659382
17,0.150151066621906,12,0.06631112
17,0.150151066621906,13,0.06612995
17,0.150151066621906,14,0.06611727
17,0.150151066621906,15,0.06590525
18,0.159916989654225,0,0.06624565
18,0.159916989654225,1,0.06611527
18,0.159916989654225,2,0.06596624
18,0.159916989654225,3,0.06586669
18,0.159916989654225,4,0.06594509
18,0.159916989654225,5,0.06567152
18,0.159916989654225,6,0.0660054
18,0.159916989654225,7,0.06577159
18,0.159916989654225,8,0.0659112
18,0.159916989654225,9,0.06624718
18,0.159916989654225,10,0.0660419
18,0.159916989654225,11,0.06589337
18,0.159916989654225,12,0.06605811
18,0.159916989654225,13,0.0660443
18,0.159916989654225,14,0.06573957
18,0.159916989654225,15,0.06580415
19,0.170903653065584,0,0.06636641
19,0.170903653065584,1,0.06589054
19,0.170903653065584,2,0.06601635
19,0.170903653065584,3,0.06598661
19,0.170903653065584,4,0.06586716
19,0.170903653065584,5,0.0658893
19,0.170903653065584,6,0.06596997
19,0.170903653065584,7,0.06575248
19,0.170903653065584,8,0.06568915
19,0.170903653065584,9,0.06584955
19,0.170903653065584,10,0.06585576
19,0.170903653065584,11,0.06578455
19,0.170903653065584,12,0.06581125
19,0.170903653065584,13,0.06570106
19,0.170903653065584,14,0.06606982
19,0.170903653065584,15,0.06591554
20,0.180669576097903,0,0.06599779
20,0.180669576097903,1,0.06582373
20,0.180669576097903,2,0.0658842
20,0.180669576097903,3,0.06598733
20,0.180669576097903,4,0.06562614
20,0.180669576097903,5,0.06600955
20,0.180669576097903,6,0.0660714
20,0.180669576097903,7,0.06579816
20,0.180669576097903,8,0.0655919
20,0.180669576097903,9,0.06567047
20,0.180669576097903,10,0.06574067
20,0.180669576097903,11,0.06576838
20,0.180669576097903,12,0.06589232
20,0.180669576097903,13,0.0658753
20,0.180669576097903,14,0.06598876
20,0.180669576097903,15,0.06609783
21,0.189825128940703,0,0.06615651
21,0.189825128940703,1,0.06603707
21,0.189825128940703,2,0.06592864
21,0.189825128940703,3,0.06602701
21,0.189825128940703,4,0.06586351
21,0.189825128940703,5,0.06599865
21,0.189825128940703,6,0.06569602
21,0.189825128940703,7,0.06602293
21,0.189825128940703,8,0.06590996
21,0.189825128940703,9,0.06593192
21,0.189825128940703,10,0.066043
21,0.189825128940703,11,0.06588643
21,0.189825128940703,12,0.06578177
21,0.189825128940703,13,0.06576735
21,0.189825128940703,14,0.06584902
21,0.189825128940703,15,0.06578264
22,0.200201422162542,0,0.06585871
22,0.200201422162542,1,0.06558403
22,0.200201422162542,2,0.06576017
22,0.200201422162542,3,0.0657768
22,0.200201422162542,4,0.06588826
22,0.200201422162542,5,0.06572543
22,0.200201422162542,6,0.06564049
22,0.200201422162542,7,0.06579521
22,0.200201422162542,8,0.06579548
22,0.200201422162542,9,0.06588401
22,0.200201422162542,10,0.06591979
22,0.200201422162542,11,0.06594905
22,0.200201422162542,12,0.06607015
22,0.200201422162542,13,0.06564183
22,0.200201422162542,14,0.06573047
22,0.200201422162542,15,0.06580103
23,0.211188085573901,0,0.06598359
23,0.211188085573901,1,0.06579893
23,0.211188085573901,2,0.06595575
23,0.211188085573901,3,0.06593169
23,0.211188085573901,4,0.06597723
23,0.211188085573901,5,0.06576452
23,0.211188085573901,6,0.06578612
23,0.211188085573901,7,0.06592577
23,0.211188085573901,8,0.0658193
23,0.211188085573901,9,0.0659709
23,0.211188085573901,10,0.06606877
23,0.211188085573901,11,0.0660779
23,0.211188085573901,12,0.06587516
23,0.211188085573901,13,0.06610667
23,0.211188085573901,14,0.06603091
23,0.211188085573901,15,0.06605543
24,0.2203436384167,0,0.06566115
24,0.2203436384167,1,0.06589068
24,0.2203436384167,2,0.06571056
24,0.2203436384167,3,0.06589559
24,0.2203436384167,4,0.0658469
24,0.2203436384167,5,0.06570594
24,0.2203436384167,6,0.06560504
24,0.2203436384167,7,0.0657431
24,0.2203436384167,8,0.06577216
24,0.2203436384167,9,0.06620137
24,0.2203436384167,10,0.06595449
24,0.2203436384167,11,0.06588969
24,0.2203436384167,12,0.06575909
24,0.2203436384167,13,0.06581615
24,0.2203436384167,14,0.06592467
24,0.2203436384167,15,0.06606118
25,0.231330301828059,0,0.06597389
25,0.231330301828059,1,0.06595043
25,0.231330301828059,2,0.06573696
25,0.231330301828059,3,0.06587154
25,0.231330301828059,4,0.06575364
25,0.231330301828059,5,0.06567277
25,0.231330301828059,6,0.06569926
25,0.231330301828059,7,0.06564099
25,0.231330301828059,8,0.06586163
25,0.231330301828059,9,0.06604634
25,0.231330301828059,10,0.06608167
25,0.231330301828059,11,0.06594764
25,0.231330301828059,12,0.06584089
25,0.231330301828059,13,0.06579071
25,0.231330301828059,14,0.0658052
25,0.231330301828059,15,0.06576481
26,0.240485854670858,0,0.06573047
26,0.240485854670858,1,0.06550279
26,0.240485854670858,2,0.06566318
26,0.240485854670858,3,0.06561612
26,0.240485854670858,4,0.06552751
26,0.240485854670858,5,0.0659523
26,0.240485854670858,6,0.06582703
26,0.240485854670858,7,0.06572179
26,0.240485854670858,8,0.06528383
26,0.240485854670858,9,0.06568699
26,0.240485854670858,10,0.06572543
26,0.240485854670858,11,0.06595173
26,0.240485854670858,12,0.06578994
26,0.240485854670858,13,0.06558177
26,0.240485854670858,14,0.06586905
26,0.240485854670858,15,0.0660149
27,0.250251777703177,0,0.06590265
27,0.250251777703177,1,0.06598488
27,0.250251777703177,2,0.06604008
27,0.250251777703177,3,0.06602652
27,0.250251777703177,4,0.06607933
27,0.250251777703177,5,0.06604441
27,0.250251777703177,6,0.06587417
27,0.250251777703177,7,0.0659869
27,0.250251777703177,8,0.06576261
27,0.250251777703177,9,0.06591655
27,0.250251777703177,10,0.06576691
27,0.250251777703177,11,0.06597906
27,0.250251777703177,12,0.06601577
27,0.250251777703177,13,0.06592844
27,0.250251777703177,14,0.06615295
27,0.250251777703177,15,0.06607063
28,0.260628070925016,0,0.06583042
28,0.260628070925016,1,0.06570228
28,0.260628070925016,2,0.06562096
28,0.260628070925016,3,0.06549114
28,0.260628070925016,4,0.06569374
28,0.260628070925016,5,0.0655982
28,0.260628070925016,6,0.06563664
28,0.260628070925016,7,0.06575386
28,0.260628070925016,8,0.06557743
28,0.260628070925016,9,0.06573155
28,0.260628070925016,10,0.06605156
28,0.260628070925016,11,0.06567854
28,0.260628070925016,12,0.06596262
28,0.260628070925016,13,0.06576289
28,0.260628070925016,14,0.06582217
28,0.260628070925016,15,0.06574651
29,0.270393993957335,0,0.06589648
29,0.270393993957335,1,0.06604477
29,0.270393993957335,2,0.06576669
29,0.270393993957335,3,0.06602742
29,0.270393993957335,4,0.06558567
29,0.270393993957335,5,0.06579151
29,0.270393993957335,6,0.06590268
29,0.270393993957335,7,0.06579209
29,0.270393993957335,8,0.06582374
29,0.270393993957335,9,0.06565284
29,0.270393993957335,10,0.06567334
29,0.270393993957335,11,0.06604481
29,0.270393993957335,12,0.06569642
29,0.270393993957335,13,0.06558268
29,0.270393993957335,14,0.06596731
29,0.270393993957335,15,0.06577177
30,0.280159916989654,0,0.06582788
30,0.280159916989654,1,0.06578875
30,0.280159916989654,2,0.06589581
30,0.280159916989654,3,0.06564908
30,0.280159916989654,4,0.06582545
30,0.280159916989654,5,0.06573118
30,0.280159916989654,6,0.06554613
30,0.280159916989654,7,0.06561071
30,0.280159916989654,8,0.06544728
30,0.280159916989654,9,0.06582416
30,0.280159916989654,10,0.06574874
30,0.280159916989654,11,0.0659453
30,0.280159916989654,12,0.06572849
30,0.280159916989654,13,0.06586097
30,0.280159916989654,14,0.06573001
30,0.280159916989654,15,0.06580705
31,0.290536210211493,0,0.06590593
31,0.290536210211493,1,0.06555456
31,0.290536210211493,2,0.06614007
31,0.290536210211493,3,0.06591661
31,0.290536210211493,4,0.06573581
31,0.290536210211493,5,0.06572263
31,0.290536210211493,6,0.06572331
31,0.290536210211493,7,0.06585877
31,0.290536210211493,8,0.06595531
31,0.290536210211493,9,0.06569292
31,0.290536210211493,10,0.06597013
31,0.290536210211493,11,0.06586875
31,0.290536210211493,12,0.06570214
31,0.290536210211493,13,0.06599233
31,0.290536210211493,14,0.06585622
31,0.290536210211493,15,0.06602619
32,0.299691763054292,0,0.06573808
32,0.299691763054292,1,0.06570287
32,0.299691763054292,2,0.06554729
32,0.299691763054292,3,0.06565142
32,0.299691763054292,4,0.06576174
32,0.299691763054292,5,0.06583801
32,0.299691763054292,6,0.06604581
32,0.299691763054292,7,0.06609568
32,0.299691763054292,8,0.06568584
32,0.299691763054292,9,0.06567968
32,0.299691763054292,10,0.06554678
32,0.299691763054292,11,0.06553796
32,0.299691763054292,12,0.06556009
32,0.299691763054292,13,0.06585405
32,0.299691763054292,14,0.0656359
32,0.299691763054292,15,0.06579165
33,0.310678426465651,0,0.0659431
33,0.310678426465651,1,0.06627101
33,0.310678426465651,2,0.06587897
33,0.310678426465651,3,0.06624153
33,0.310678426465651,4,0.06610401
33,0.310678426465651,5,0.06602772
33,0.310678426465651,6,0.06622619
33,0.310678426465651,7,0.06621684
33,0.310678426465651,8,0.06584834
33,0.310678426465651,9,0.0662165
33,0.310678426465651,10,0.06616803
33,0.310678426465651,11,0.06641038
33,0.310678426465651,12,0.06636479
33,0.310678426465651,13,0.06614614
33,0.310678426465651,14,0.06634089
33,0.310678426465651,15,0.0664627
34,0.32105471968749,0,0.06638864
34,0.32105471968749,1,0.06619311
34,0.32105471968749,2,0.06607383
34,0.32105471968749,3,0.06598643
34,0.32105471968749,4,0.06619985
34,0.32105471968749,5,0.06614485
34,0.32105471968749,6,0.06612812
34,0.32105471968749,7,0.06631647
34,0.32105471968749,8,0.06622437
34,0.32105471968749,9,0.06614435
34,0.32105471968749,10,0.06612916
34,0.32105471968749,11,0.06593033
34,0.32105471968749,12,0.06608775
34,0.32105471968749,13,0.06630092
34,0.32105471968749,14,0.06609474
34,0.32105471968749,15,0.06616256
35,0.33021027253029,0,0.06603482
35,0.33021027253029,1,0.06613512
35,0.33021027253029,2,0.06611943
35,0.33021027253029,3,0.06606825
35,0.33021027253029,4,0.06610455
35,0.33021027253029,5,0.0662702
35,0.33021027253029,6,0.06630939
35,0.33021027253029,7,0.06612621
35,0.33021027253029,8,0.06626495
35,0.33021027253029,9,0.06631444
35,0.33021027253029,10,0.06630209
35,0.33021027253029,11,0.0664131
35,0.33021027253029,12,0.06635385
35,0.33021027253029,13,0.0662859
35,0.33021027253029,14,0.06616678
35,0.33021027253029,15,0.06589818
36,0.340586565752129,0,0.06627412
36,0.340586565752129,1,0.06625476
36,0.340586565752129,2,0.06631622
36,0.340586565752129,3,0.06617463
36,0.340586565752129,4,0.06627001
36,0.340586565752129,5,0.06624322
36,0.340586565752129,6,0.06621482
36,0.340586565752129,7,0.06642219
36,0.340586565752129,8,0.06628939
36,0.340586565752129,9,0.06631987
36,0.340586565752129,10,0.06621005
36,0.340586565752129,11,0.06634428
36,0.340586565752129,12,0.06620736
36,0.340586565752129,13,0.06644872
36,0.340586565752129,14,0.06629177
36,0.340586565752129,15,0.0660843
37,0.350352488784448,0,0.06616767
37,0.350352488784448,1,0.06632049
37,0.350352488784448,2,0.06652924
37,0.350352488784448,3,0.06631056
37,0.350352488784448,4,0.06645489
37,0.350352488784448,5,0.06681748
37,0.350352488784448,6,0.06638669
37,0.350352488784448,7,0.06624597
37,0.350352488784448,8,0.06645788
37,0.350352488784448,9,0.06662607
37,0.350352488784448,10,0.06657411
37,0.350352488784448,11,0.06646726
37,0.350352488784448,12,0.06642038
37,0.350352488784448,13,0.06631701
37,0.350352488784448,14,0.06635925
37,0.350352488784448,15,0.06641435
38,0.360728782006287,0,0.0664241
38,0.360728782006287,1,0.06623495
38,0.360728782006287,2,0.06618395
38,0.360728782006287,3,0.06612792
38,0.360728782006287,4,0.0660952
38,0.360728782006287,5,0.06614261
38,0.360728782006287,6,0.0660895
38,0.360728782006287,7,0.06623703
38,0.360728782006287,8,0.06632044
38,0.360728782006287,9,0.06624627
38,0.360728782006287,10,0.06627335
38,0.360728782006287,11,0.06613267
38,0.360728782006287,12,0.06610886
38,0.360728782006287,13,0.06650936
38,0.360728782006287,14,0.06652169
38,0.360728782006287,15,0.06643185
39,0.370494705038606,0,0.06633444
39,0.370494705038606,1,0.06652441
39,0.370494705038606,2,0.06631818
39,0.370494705038606,3,0.06613916
39,0.370494705038606,4,0.06638625
39,0.370494705038606,5,0.06652647
39,0.370494705038606,6,0.06651209
39,0.370494705038606,7,0.06644478
39,0.370494705038606,8,0.06633469
39,0.370494705038606,9,0.06640904
39,0.370494705038606,10,0.06660007
39,0.370494705038606,11,0.06639829
39,0.370494705038606,12,0.06662869
39,0.370494705038606,13,0.06670913
39,0.370494705038606,14,0.06649622
39,0.370494705038606,15,0.06657914
40,0.380870998260445,0,0.06603511
40,0.380870998260445,1,0.06613353
40,0.380870998260445,2,0.06615277
40,0.380870998260445,3,0.06649259
40,0.380870998260445,4,0.06612813
40,0.380870998260445,5,0.06646644
40,0.380870998260445,6,0.06629812
40,0.380870998260445,7,0.06627686
40,0.380870998260445,8,0.06635424
40,0.380870998260445,9,0.06627437
40,0.380870998260445,10,0.06641158
40,0.380870998260445,11,0.06633985
40,0.380870998260445,12,0.06647424
40,0.380870998260445,13,0.0662595
40,0.380870998260445,14,0.06642735
40,0.380870998260445,15,0.06631809
41,0.390636921292764,0,0.06599822
41,0.390636921292764,1,0.06612565
41,0.390636921292764,2,0.06604799
41,0.390636921292764,3,0.06610386
41,0.390636921292764,4,0.06586251
41,0.390636921292764,5,0.06629181
41,0.390636921292764,6,0.06611384
41,0.390636921292764,7,0.06615685
41,0.390636921292764,8,0.0662629
41,0.390636921292764,9,0.06632229
41,0.390636921292764,10,0.06605895
41,0.390636921292764,11,0.06629775
41,0.390636921292764,12,0.06622184
41,0.390636921292764,13,0.06621668
41,0.390636921292764,14,0.06625783
41,0.390636921292764,15,0.06656963
42,0.400402844325083,0,0.06646506
42,0.400402844325083,1,0.06667191
42,0.400402844325083,2,0.06661646
42,0.400402844325083,3,0.06654076
42,0.400402844325083,4,0.06668548
42,0.400402844325083,5,0.06647041
42,0.400402844325083,6,0.06636591
42,0.400402844325083,7,0.06657709
42,0.400402844325083,8,0.06635962
42,0.400402844325083,9,0.06618332
42,0.400402844325083,10,0.06631446
42,0.400402844325083,11,0.06630181
42,0.400402844325083,12,0.06629764
42,0.400402844325083,13,0.06632015
42,0.400402844325083,14,0.06646371
42,0.400402844325083,15,0.06643238
43,0.409558397167882,0,0.06615188
43,0.409558397167882,1,0.0661175
43,0.409558397167882,2,0.06605867
43,0.409558397167882,3,0.06612644
43,0.409558397167882,4,0.06639754
43,0.409558397167882,5,0.06600206
43,0.409558397167882,6,0.06615432
43,0.409558397167882,7,0.0661943
43,0.409558397167882,8,0.06584282
43,0.409558397167882,9,0.06607441
43,0.409558397167882,10,0.06629487
43,0.409558397167882,11,0.06602339
43,0.409558397167882,12,0.06585485
43,0.409558397167882,13,0.06636284
43,0.409558397167882,14,0.06611545
43,0.409558397167882,15,0.06614012
44,0.420545060579241,0,0.06643318
44,0.420545060579241,1,0.06618366
44,0.420545060579241,2,0.06603952
44,0.420545060579241,3,0.06626281
44,0.420545060579241,4,0.06650373
44,0.420545060579241,5,0.06635743
44,0.420545060579241,6,0.06621692
44,0.420545060579241,7,0.06623925
44,0.420545060579241,8,0.06603791
44,0.420545060579241,9,0.06591614
44,0.420545060579241,10,0.06605268
44,0.420545060579241,11,0.06624898
44,0.420545060579241,12,0.06616813
44,0.420545060579241,13,0.06606055
44,0.420545060579241,14,0.06624468
44,0.420545060579241,15,0.06614142
45,0.42970061342204,0,0.06649053
45,0.42970061342204,1,0.06637736
45,0.42970061342204,2,0.0663733
45,0.42970061342204,3,0.06615483
45,0.42970061342204,4,0.06632919
45,0.42970061342204,5,0.06651486
45,0.42970061342204,6,0.06641855
45,0.42970061342204,7,0.06630176
45,0.42970061342204,8,0.06642502
45,0.42970061342204,9,0.06637903
45,0.42970061342204,10,0.06670894
45,0.42970061342204,11,0.06676811
45,0.42970061342204,12,0.06676409
45,0.42970061342204,13,0.06646302
45,0.42970061342204,14,0.0664198
45,0.42970061342204,15,0.06648188
46,0.4406872768334,0,0.0666471
46,0.4406872768334,1,0.06691096
46,0.4406872768334,2,0.06678689
46,0.4406872768334,3,0.06666244
46,0.4406872768334,4,0.06647591
46,0.4406872768334,5,0.06679253
46,0.4406872768334,6,0.06654469
46,0.4406872768334,7,0.06662488
46,0.4406872768334,8,0.06667553
46,0.4406872768334,9,0.06681833
46,0.4406872768334,10,0.06624206
46,0.4406872768334,11,0.06663759
46,0.4406872768334,12,0.06684988
46,0.4406872768334,13,0.06668371
46,0.4406872768334,14,0.06644938
46,0.4406872768334,15,0.06639413
47,0.450453199865719,0,0.06676801
47,0.450453199865719,1,0.06695201
47,0.450453199865719,2,0.06686924
47,0.450453199865719,3,0.06672151
47,0.450453199865719,4,0.06666048
47,0.450453199865719,5,0.0666936
47,0.450453199865719,6,0.06672275
47,0.450453199865719,7,0.06692922
47,0.450453199865719,8,0.06689595
47,0.450453199865719,9,0.0668517
47,0.450453199865719,10,0.06684219
47,0.450453199865719,11,0.06683062
47,0.450453199865719,12,0.06690045
47,0.450453199865719,13,0.06660563
47,0.450453199865719,14,0.06672791
47,0.450453199865719,15,0.06696668
48,0.460219122898038,0,0.06662597
48,0.460219122898038,1,0.06629054
48,0.460219122898038,2,0.06652499
48,0.460219122898038,3,0.06645143
48,0.460219122898038,4,0.06645224
48,0.460219122898038,5,0.06653566
48,0.460219122898038,6,0.06625737
48,0.460219122898038,7,0.06611711
48,0.460219122898038,8,0.06663535
48,0.460219122898038,9,0.06647754
48,0.460219122898038,10,0.06662416
48,0.460219122898038,11,0.0667315
48,0.460219122898038,12,0.06656002
48,0.460219122898038,13,0.06650454
48,0.460219122898038,14,0.06615446
48,0.460219122898038,15,0.06650803
49,0.470595416119877,0,0.06650884
49,0.470595416119877,1,0.06616071
49,0.470595416119877,2,0.06662467
49,0.470595416119877,3,0.06643348
49,0.470595416119877,4,0.06642901
49,0.470595416119877,5,0.06640887
49,0.470595416119877,6,0.06635345
49,0.470595416119877,7,0.06622762
49,0.470595416119877,8,0.06651893
49,0.470595416119877,9,0.06634844
49,0.470595416119877,10,0.06631399
49,0.470595416119877,11,0.06617223
49,0.470595416119877,12,0.0662773
49,0.470595416119877,13,0.06650683
49,0.470595416119877,14,0.0664696
49,0.470595416119877,15,0.06648207
50,0.480361339152196,0,0.06644388
50,0.480361339152196,1,0.06639777
50,0.480361339152196,2,0.06643859
50,0.480361339152196,3,0.06655103
50,0.480361339152196,4,0.06655768
50,0.480361339152196,5,0.06628317
50,0.480361339152196,6,0.06615793
50,0.480361339152196,7,0.06653784
50,0.480361339152196,8,0.06640932
50,0.480361339152196,9,0.06642597
50,0.480361339152196,10,0.06627393
50,0.480361339152196,11,0.06621357
50,0.480361339152196,12,0.06613313
50,0.480361339152196,13,0.06603011
50,0.480361339152196,14,0.06622412
50,0.480361339152196,15,0.06605815
51,0.490737632374035,0,0.06587554
51,0.490737632374035,1,0.06623141
51,0.490737632374035,2,0.06609941
51,0.490737632374035,3,0.06604245
51,0.490737632374035,4,0.06630963
51,0.490737632374035,5,0.06634303
51,0.490737632374035,6,0.06596276
51,0.490737632374035,7,0.0660912
51,0.490737632374035,8,0.0660717
51,0.490737632374035,9,0.06614883
51,0.490737632374035,10,0.06626996
51,0.490737632374035,11,0.06603991
51,0.490737632374035,12,0.066097
51,0.490737632374035,13,0.06608708
51,0.490737632374035,14,0.06594212
51,0.490737632374035,15,0.06644313
52,0.500503555406354,0,0.06631384
52,0.500503555406354,1,0.06612085
52,0.500503555406354,2,0.0663862
52,0.500503555406354,3,0.06627853
52,0.500503555406354,4,0.06626136
52,0.500503555406354,5,0.06640565
52,0.500503555406354,6,0.06635915
52,0.500503555406354,7,0.06636895
52,0.500503555406354,8,0.06617104
52,0.500503555406354,9,0.06616995
52,0.500503555406354,10,0.06631981
52,0.500503555406354,11,0.06642763
52,0.500503555406354,12,0.06653067
52,0.500503555406354,13,0.06626204
52,0.500503555406354,14,0.06641264
52,0.500503555406354,15,0.06621975
53,0.510269478438673,0,0.06598099
53,0.510269478438673,1,0.06592429
53,0.510269478438673,2,0.0659977
53,0.510269478438673,3,0.06633922
53,0.510269478438673,4,0.06617368
53,0.510269478438673,5,0.06629488
53,0.510269478438673,6,0.06629037
53,0.510269478438673,7,0.06642267
53,0.510269478438673,8,0.06614047
53,0.510269478438673,9,0.06664275
53,0.510269478438673,10,0.06667133
53,0.510269478438673,11,0.06653302
53,0.510269478438673,12,0.06638204
53,0.510269478438673,13,0.06623349
53,0.510269478438673,14,0.06634391
53,0.510269478438673,15,0.06619776
54,0.520035401470992,0,0.06664318
54,0.520035401470992,1,0.06676289
54,0.520035401470992,2,0.06663658
54,0.520035401470992,3,0.06646127
54,0.520035401470992,4,0.06685987
54,0.520035401470992,5,0.06646797
54,0.520035401470992,6,0.06657813
54,0.520035401470992,7,0.06670044
54,0.520035401470992,8,0.06663515
54,0.520035401470992,9,0.06656957
54,0.520035401470992,10,0.06645454
54,0.520035401470992,11,0.06639791
54,0.520035401470992,12,0.06674153
54,0.520035401470992,13,0.06684008
54,0.520035401470992,14,0.06648169
54,0.520035401470992,15,0.06662665
55,0.530411694692831,0,0.06640349
55,0.530411694692831,1,0.06650467
55,0.530411694692831,2,0.0668323
55,0.530411694692831,3,0.0665777
55,0.530411694692831,4,0.06667764
55,0.530411694692831,5,0.06659992
55,0.530411694692831,6,0.06656355
55,0.530411694692831,7,0.06655668
55,0.530411694692831,8,0.0663385
55,0.530411694692831,9,0.06643576
55,0.530411694692831,10,0.06647252
55,0.530411694692831,11,0.06646381
55,0.530411694692831,12,0.06651103
55,0.530411694692831,13,0.06667057
55,0.530411694692831,14,0.06652385
55,0.530411694692831,15,0.06636413
56,0.54017761772515,0,0.06611015
56,0.54017761772515,1,0.06618964
56,0.54017761772515,2,0.06647113
56,0.54017761772515,3,0.06620526
56,0.54017761772515,4,0.06645574
56,0.54017761772515,5,0.06600654
56,0.54017761772515,6,0.06608076
56,0.54017761772515,7,0.06641239
56,0.54017761772515,8,0.06646118
56,0.54017761772515,9,0.06647035
56,0.54017761772515,10,0.06635084
56,0.54017761772515,11,0.06623379
56,0.54017761772515,12,0.06660504
56,0.54017761772515,13,0.06668758
56,0.54017761772515,14,0.06651022
56,0.54017761772515,15,0.06637535
57,0.550553910946989,0,0.06637105
57,0.550553910946989,1,0.06629726
57,0.550553910946989,2,0.06614485
57,0.550553910946989,3,0.06631557
57,0.550553910946989,4,0.06644507
57,0.550553910946989,5,0.06657962
57,0.550553910946989,6,0.06603154
57,0.550553910946989,7,0.0661579
57,0.550553910946989,8,0.06630329
57,0.550553910946989,9,0.06641411
57,0.550553910946989,10,0.06627709
57,0.550553910946989,11,0.06595865
57,0.550553910946989,12,0.06611814
57,0.550553910946989,13,0.06641693
57,0.550553910946989,14,0.0662714
57,0.550553910946989,15,0.06639814
58,0.559709463789788,0,0.06662622
58,0.559709463789788,1,0.06648748
58,0.559709463789788,2,0.06655066
58,0.559709463789788,3,0.06652384
58,0.559709463789788,4,0.06678551
58,0.559709463789788,5,0.06664351
58,0.559709463789788,6,0.06664389
58,0.559709463789788,7,0.06666894
58,0.559709463789788,8,0.06648551
58,0.559709463789788,9,0.06666593
58,0.559709463789788,10,0.06650133
58,0.559709463789788,11,0.06665369
58,0.559709463789788,12,0.06654263
58,0.559709463789788,13,0.06646721
58,0.559709463789788,14,0.06651424
58,0.559709463789788,15,0.06650233
59,0.570696127201148,0,0.06648801
59,0.570696127201148,1,0.06641416
59,0.570696127201148,2,0.06621147
59,0.570696127201148,3,0.06640044
59,0.570696127201148,4,0.066384
59,0.570696127201148,5,0.06648236
59,0.570696127201148,6,0.0666123
59,0.570696127201148,7,0.06641646
59,0.570696127201148,8,0.06618508
59,0.570696127201148,9,0.06645837
59,0.570696127201148,10,0.06639127
59,0.570696127201148,11,0.06604591
59,0.570696127201148,12,0.06616993
59,0.570696127201148,13,0.06658784
59,0.570696127201148,14,0.06615947
59,0.570696127201148,15,0.06631925
60,0.580462050233467,0,0.06587689
60,0.580462050233467,1,0.06619126
60,0.580462050233467,2,0.0662886
60,0.580462050233467,3,0.06588434
60,0.580462050233467,4,0.06624249
60,0.580462050233467,5,0.06595183
60,0.580462050233467,6,0.06600828
60,0.580462050233467,7,0.06637292
60,0.580462050233467,8,0.06616645
60,0.580462050233467,9,0.06628875
60,0.580462050233467,10,0.06623846
60,0.580462050233467,11,0.06647815
60,0.580462050233467,12,0.06649809
60,0.580462050233467,13,0.06662363
60,0.580462050233467,14,0.06652509
60,0.580462050233467,15,0.06622348
61,0.590227973265786,0,0.06653818
61,0.590227973265786,1,0.066227
61,0.590227973265786,2,0.06655381
61,0.590227973265786,3,0.06639929
61,0.590227973265786,4,0.06640397
61,0.590227973265786,5,0.06624331
61,0.590227973265786,6,0.0665224
61,0.590227973265786,7,0.06631924
61,0.590227973265786,8,0.06625698
61,0.590227973265786,9,0.06624269
61,0.590227973265786,10,0.06648996
61,0.590227973265786,11,0.06636981
61,0.590227973265786,12,0.06628799
61,0.590227973265786,13,0.06653073
61,0.590227973265786,14,0.0664359
61,0.590227973265786,15,0.06638438
62,0.599993896298105,0,0.06639968
62,0.599993896298105,1,0.06618227
62,0.599993896298105,2,0.06636871
62,0.599993896298105,3,0.06620424
62,0.599993896298105,4,0.06639414
62,0.599993896298105,5,0.06641243
62,0.599993896298105,6,0.06621349
62,0.599993896298105,7,0.06619254
62,0.599993896298105,8,0.06624636
62,0.599993896298105,9,0.06603937
62,0.599993896298105,10,0.0661719
62,0.599993896298105,11,0.06617104
62,0.599993896298105,12,0.06609307
62,0.599993896298105,13,0.06653143
62,0.599993896298105,14,0.06614351
62,0.599993896298105,15,0.06640115
63,0.610370189519944,0,0.06638501
63,0.610370189519944,1,0.06610648
63,0.610370189519944,2,0.06580243
63,0.610370189519944,3,0.06633014
63,0.610370189519944,4,0.06604122
63,0.610370189519944,5,0.06606003
63,0.610370189519944,6,0.06636924
63,0.610370189519944,7,0.06592987
63,0.610370189519944,8,0.06594441
63,0.610370189519944,9,0.06614987
63,0.610370189519944,10,0.06611613
63,0.610370189519944,11,0.06603953
63,0.610370189519944,12,0.06639103
63,0.610370189519944,13,0.06614194
63,0.610370189519944,14,0.06581222
63,0.610370189519944,15,0.06618427
64,0.620746482741783,0,0.06615852
64,0.620746482741783,1,0.06613328
64,0.620746482741783,2,0.06631055
64,0.620746482741783,3,0.06636316
64,0.620746482741783,4,0.06611097
64,0.620746482741783,5,0.06646597
64,0.620746482741783,6,0.06626084
64,0.620746482741783,7,0.06622959
64,0.620746482741783,8,0.06642683
64,0.620746482741783,9,0.06614705
64,0.620746482741783,10,0.06645249
64,0.620746482741783,11,0.0663549
64,0.620746482741783,12,0.06629181
64,0.620746482741783,13,0.06619437
64,0.620746482741783,14,0.06612775
64,0.620746482741783,15,0.06615259
65,0.630512405774102,0,0.06613696
65,0.630512405774102,1,0.0662108
65,0.630512405774102,2,0.06625052
65,0.630512405774102,3,0.06626657
65,0.630512405774102,4,0.06619059
65,0.630512405774102,5,0.06628191
65,0.630512405774102,6,0.06630763
65,0.630512405774102,7,0.06618895
65,0.630512405774102,8,0.06632914
65,0.630512405774102,9,0.06631594
65,0.630512405774102,10,0.06619149
65,0.630512405774102,11,0.06618629
65,0.630512405774102,12,0.06618629
65,0.630512405774102,13,0.06601457
65,0.630512405774102,14,0.06610504
65,0.630512405774102,15,0.06621686
66,0.640888698995941,0,0.06632053
66,0.640888698995941,1,0.06622647
66,0.640888698995941,2,0.06632914
66,0.640888698995941,3,0.06604951
66,0.640888698995941,4,0.06608329
66,0.640888698995941,5,0.06610404
66,0.640888698995941,6,0.06624783
66,0.640888698995941,7,0.06622926
66,0.640888698995941,8,0.06584193
66,0.640888698995941,9,0.06606417
66,0.640888698995941,10,0.06599244
66,0.640888698995941,11,0.06600573
66,0.640888698995941,12,0.06600697
66,0.640888698995941,13,0.06580042
66,0.640888698995941,14,0.06573363
66,0.640888698995941,15,0.06562215
67,0.65004425183874,0,0.06569618
67,0.65004425183874,1,0.06587646
67,0.65004425183874,2,0.06571916
67,0.65004425183874,3,0.06574732
67,0.65004425183874,4,0.06580105
67,0.65004425183874,5,0.06584607
67,0.65004425183874,6,0.0656861
67,0.65004425183874,7,0.06590237
67,0.65004425183874,8,0.06591538
67,0.65004425183874,9,0.06598079
67,0.65004425183874,10,0.06596268
67,0.65004425183874,11,0.06614815
67,0.65004425183874,12,0.06596357
67,0.65004425183874,13,0.06563203
67,0.65004425183874,14,0.06592656
67,0.65004425183874,15,0.06581003
68,0.660420545060579,0,0.06608877
68,0.660420545060579,1,0.06597262
68,0.660420545060579,2,0.06604745
68,0.660420545060579,3,0.06599282
68,0.660420545060579,4,0.06589112
68,0.660420545060579,5,0.06591936
68,0.660420545060579,6,0.06602224
68,0.660420545060579,7,0.06578048
68,0.660420545060579,8,0.06586799
68,0.660420545060579,9,0.06583186
68,0.660420545060579,10,0.0655866
68,0.660420545060579,11,0.06557885
68,0.660420545060579,12,0.06555129
68,0.660420545060579,13,0.06592654
68,0.660420545060579,14,0.0657568
68,0.660420545060579,15,0.06603742
69,0.669576097903378,0,0.06581227
69,0.669576097903378,1,0.06580817
69,0.669576097903378,2,0.06602302
69,0.669576097903378,3,0.06577591
69,0.669576097903378,4,0.06591998
69,0.669576097903378,5,0.06601539
69,0.669576097903378,6,0.06589484
69,0.669576097903378,7,0.06576575
69,0.669576097903378,8,0.06558247
69,0.669576097903378,9,0.06602073
69,0.669576097903378,10,0.0659427
69,0.669576097903378,11,0.06572971
69,0.669576097903378,12,0.06547349
69,0.669576097903378,13,0.06575204
69,0.669576097903378,14,0.06581832
69,0.669576097903378,15,0.06662358
70,0.680562761314737,0,0.06624244
70,0.680562761314737,1,0.06649627
70,0.680562761314737,2,0.06635318
70,0.680562761314737,3,0.06661905
70,0.680562761314737,4,0.06644126
70,0.680562761314737,5,0.06623445
70,0.680562761314737,6,0.06621318
70,0.680562761314737,7,0.06623217
70,0.680562761314737,8,0.06642223
70,0.680562761314737,9,0.06649278
70,0.680562761314737,10,0.06651992
70,0.680562761314737,11,0.06644408
70,0.680562761314737,12,0.06646777
70,0.680562761314737,13,0.06646582
70,0.680562761314737,14,0.06646592
70,0.680562761314737,15,0.06638004
71,0.689718314157536,0,0.06632518
71,0.689718314157536,1,0.06646224
71,0.689718314157536,2,0.06643686
71,0.689718314157536,3,0.06636941
71,0.689718314157536,4,0.0664511
71,0.689718314157536,5,0.06636211
71,0.689718314157536,6,0.06648608
71,0.689718314157536,7,0.06676601
71,0.689718314157536,8,0.06625552
71,0.689718314157536,9,0.06656939
71,0.689718314157536,10,0.06655037
71,0.689718314157536,11,0.06660977
71,0.689718314157536,12,0.06671678
71,0.689718314157536,13,0.06649957
71,0.689718314157536,14,0.06664384
71,0.689718314157536,15,0.06647466
72,0.700704977568896,0,0.06648532
72,0.700704977568896,1,0.06639408
72,0.700704977568896,2,0.0665507
72,0.700704977568896,3,0.06669628
72,0.700704977568896,4,0.0664931
72,0.700704977568896,5,0.06667358
72,0.700704977568896,6,0.06680185
72,0.700704977568896,7,0.06661838
72,0.700704977568896,8,0.06669924
72,0.700704977568896,9,0.06648972
72,0.700704977568896,10,0.06629925
72,0.700704977568896,11,0.06656887
72,0.700704977568896,12,0.066462
72,0.700704977568896,13,0.06630328
72,0.700704977568896,14,0.06629754
72,0.700704977568896,15,0.0665139
73,0.709860530411695,0,0.06645425
73,0.709860530411695,1,0.06650487
73,0.709860530411695,2,0.06640767
73,0.709860530411695,3,0.06654172
73,0.709860530411695,4,0.06656413
73,0.709860530411695,5,0.06627632
73,0.709860530411695,6,0.06631996
73,0.709860530411695,7,0.06649277
73,0.709860530411695,8,0.06667788
73,0.709860530411695,9,0.06655008
73,0.709860530411695,10,0.06672829
73,0.709860530411695,11,0.06658114
73,0.709860530411695,12,0.06647624
73,0.709860530411695,13,0.0663484
73,0.709860530411695,14,0.06656977
73,0.709860530411695,15,0.06658717
74,0.719016083254494,0,0.06610978
74,0.719016083254494,1,0.06604927
74,0.719016083254494,2,0.06622729
74,0.719016083254494,3,0.06632474
74,0.719016083254494,4,0.06618881
74,0.719016083254494,5,0.06610734
74,0.719016083254494,6,0.06616024
74,0.719016083254494,7,0.06646405
74,0.719016083254494,8,0.06622289
74,0.719016083254494,9,0.06655252
74,0.719016083254494,10,0.066135
74,0.719016083254494,11,0.06634883
74,0.719016083254494,12,0.06652031
74,0.719016083254494,13,0.06634649
74,0.719016083254494,14,0.06610041
74,0.719016083254494,15,0.06634811
75,0.729392376476333,0,0.06616393
75,0.729392376476333,1,0.06608072
75,0.729392376476333,2,0.06628216
75,0.729392376476333,3,0.06634463
75,0.729392376476333,4,0.0663517
75,0.729392376476333,5,0.06634028
75,0.729392376476333,6,0.06623412
75,0.729392376476333,7,0.06642988
75,0.729392376476333,8,0.06634625
75,0.729392376476333,9,0.06656585
75,0.729392376476333,10,0.06647648
75,0.729392376476333,11,0.06621449
75,0.729392376476333,12,0.06631188
75,0.729392376476333,13,0.06639414
75,0.729392376476333,14,0.06620234
75,0.729392376476333,15,0.06650956
76,0.739768669698172,0,0.06629778
76,0.739768669698172,1,0.0660733
76,0.739768669698172,2,0.0662085
76,0.739768669698172,3,0.06624378
76,0.739768669698172,4,0.06656045
76,0.739768669698172,5,0.06653742
76,0.739768669698172,6,0.06667415
76,0.739768669698172,7,0.06636283
76,0.739768669698172,8,0.06639472
76,0.739768669698172,9,0.06653024
76,0.739768669698172,10,0.06655663
76,0.739768669698172,11,0.06639185
76,0.739768669698172,12,0.06644867
76,0.739768669698172,13,0.06630389
76,0.739768669698172,14,0.06669804
76,0.739768669698172,15,0.06633439
77,0.750144962920011,0,0.06622123
77,0.750144962920011,1,0.06630519
77,0.750144962920011,2,0.06622118
77,0.750144962920011,3,0.06637397
77,0.750144962920011,4,0.06607851
77,0.750144962920011,5,0.06607703
77,0.750144962920011,6,0.06607259
77,0.750144962920011,7,0.06607479
77,0.750144962920011,8,0.06643628
77,0.750144962920011,9,0.06634318
77,0.750144962920011,10,0.06614399
77,0.750144962920011,11,0.06623786
77,0.750144962920011,12,0.06625377
77,0.750144962920011,13,0.06587656
77,0.750144962920011,14,0.06620621
77,0.750144962920011,15,0.06652179
78,0.75991088595233,0,0.06612066
78,0.75991088595233,1,0.0661451
78,0.75991088595233,2,0.06623436
78,0.75991088595233,3,0.06645
78,0.75991088595233,4,0.06619444
78,0.75991088595233,5,0.06617535
78,0.75991088595233,6,0.06626634
78,0.75991088595233,7,0.0659871
78,0.75991088595233,8,0.06616477
78,0.75991088595233,9,0.06608695
78,0.75991088595233,10,0.06648222
78,0.75991088595233,11,0.06622644
78,0.75991088595233,12,0.06635901
78,0.75991088595233,13,0.06624866
78,0.75991088595233,14,0.06633739
78,0.75991088595233,15,0.0660938
79,0.769676808984649,0,0.06631897
79,0.769676808984649,1,0.06629773
79,0.769676808984649,2,0.06610279
79,0.769676808984649,3,0.06635966
79,0.769676808984649,4,0.06631292
79,0.769676808984649,5,0.06631394
79,0.769676808984649,6,0.06616321
79,0.769676808984649,7,0.06610207
79,0.769676808984649,8,0.06625622
79,0.769676808984649,9,0.06620575
79,0.769676808984649,10,0.06635302
79,0.769676808984649,11,0.06616292
79,0.769676808984649,12,0.06622925
79,0.769676808984649,13,0.06601225
79,0.769676808984649,14,0.06623939
79,0.769676808984649,15,0.06639222
80,0.780053102206488,0,0.06628565
80,0.780053102206488,1,0.06641516
80,0.780053102206488,2,0.06625839
80,0.780053102206488,3,0.06641798
80,0.780053102206488,4,0.06630041
80,0.780053102206488,5,0.06639022
80,0.780053102206488,6,0.066116
80,0.780053102206488,7,0.06614036
80,0.780053102206488,8,0.06612884
80,0.780053102206488,9,0.0661241
80,0.780053102206488,10,0.06645349
80,0.780053102206488,11,0.06649521
80,0.780053102206488,12,0.06631491
80,0.780053102206488,13,0.06640279
80,0.780053102206488,14,0.06620107
80,0.780053102206488,15,0.06607852
81,0.790429395428327,0,0.06635982
81,0.790429395428327,1,0.06622427
81,0.790429395428327,2,0.06638066
81,0.790429395428327,3,0.06643036
81,0.790429395428327,4,0.06667611
81,0.790429395428327,5,0.06634616
81,0.790429395428327,6,0.06644621
81,0.790429395428327,7,0.06668581
81,0.790429395428327,8,0.06658314
81,0.790429395428327,9,0.06638664
81,0.790429395428327,10,0.06644489
81,0.790429395428327,11,0.06656709
81,0.790429395428327,12,0.0664793
81,0.790429395428327,13,0.06668553
81,0.790429395428327,14,0.06657799
81,0.790429395428327,15,0.06655711
82,0.799584948271126,0,0.06676348
82,0.799584948271126,1,0.06687359
82,0.799584948271126,2,0.06648461
82,0.799584948271126,3,0.06678364
82,0.799584948271126,4,0.06681007
82,0.799584948271126,5,0.06685887
82,0.799584948271126,6,0.06679606
82,0.799584948271126,7,0.0668591
82,0.799584948271126,8,0.06682757
82,0.799584948271126,9,0.0671569
82,0.799584948271126,10,0.06693232
82,0.799584948271126,11,0.06694026
82,0.799584948271126,12,0.06682078
82,0.799584948271126,13,0.06674756
82,0.799584948271126,14,0.06699287
82,0.799584948271126,15,0.06692816
83,0.809961241492966,0,0.06668854
83,0.809961241492966,1,0.06702624
83,0.809961241492966,2,0.06654559
83,0.809961241492966,3,0.06694398
83,0.809961241492966,4,0.06708799
83,0.809961241492966,5,0.0671297
83,0.809961241492966,6,0.06693376
83,0.809961241492966,7,0.06693983
83,0.809961241492966,8,0.06717583
83,0.809961241492966,9,0.06703666
83,0.809961241492966,10,0.06694762
83,0.809961241492966,11,0.06708593
83,0.809961241492966,12,0.06735346
83,0.809961241492966,13,0.06708397
83,0.809961241492966,14,0.06737737
83,0.809961241492966,15,0.06724206
84,0.819727164525284,0,0.06692659
84,0.819727164525284,1,0.06702107
84,0.819727164525284,2,0.06677752
84,0.819727164525284,3,0.06687698
84,0.819727164525284,4,0.06692009
84,0.819727164525284,5,0.0670432
84,0.819727164525284,6,0.06685036
84,0.819727164525284,7,0.06716149
84,0.819727164525284,8,0.06703875
84,0.819727164525284,9,0.06700487
84,0.819727164525284,10,0.06688606
84,0.819727164525284,11,0.06687698
84,0.819727164525284,12,0.06669375
84,0.819727164525284,13,0.06683731
84,0.819727164525284,14,0.06692893
84,0.819727164525284,15,0.06666894
85,0.830103457747124,0,0.06696931
85,0.830103457747124,1,0.06684883
85,0.830103457747124,2,0.06662196
85,0.830103457747124,3,0.06652614
85,0.830103457747124,4,0.06661469
85,0.830103457747124,5,0.0666731
85,0.830103457747124,6,0.06681757
85,0.830103457747124,7,0.06698982
85,0.830103457747124,8,0.06689429
85,0.830103457747124,9,0.06676065
85,0.830103457747124,10,0.06648876
85,0.830103457747124,11,0.06675535
85,0.830103457747124,12,0.0667747
85,0.830103457747124,13,0.06660543
85,0.830103457747124,14,0.06675052
85,0.830103457747124,15,0.0666969
86,0.839259010589923,0,0.06654023
86,0.839259010589923,1,0.06665513
86,0.839259010589923,2,0.06659514
86,0.839259010589923,3,0.06674727
86,0.839259010589923,4,0.06672715
86,0.839259010589923,5,0.06652432
86,0.839259010589923,6,0.06646912
86,0.839259010589923,7,0.0662455
86,0.839259010589923,8,0.06646994
86,0.839259010589923,9,0.06654349
86,0.839259010589923,10,0.06632985
86,0.839259010589923,11,0.06605399
86,0.839259010589923,12,0.06615289
86,0.839259010589923,13,0.06613214
86,0.839259010589923,14,0.06628173
86,0.839259010589923,15,0.06624312
87,0.849635303811762,0,0.06636202
87,0.849635303811762,1,0.06618022
87,0.849635303811762,2,0.0664339
87,0.849635303811762,3,0.06652126
87,0.849635303811762,4,0.06675224
87,0.849635303811762,5,0.06671683
87,0.849635303811762,6,0.0664978
87,0.849635303811762,7,0.06635428
87,0.849635303811762,8,0.06647137
87,0.849635303811762,9,0.06658163
87,0.849635303811762,10,0.06660256
87,0.849635303811762,11,0.06665804
87,0.849635303811762,12,0.06655581
87,0.849635303811762,13,0.06649192
87,0.849635303811762,14,0.0664048
87,0.849635303811762,15,0.06642548
88,0.859401226844081,0,0.06652509
88,0.859401226844081,1,0.0663495
88,0.859401226844081,2,0.06620947
88,0.859401226844081,3,0.06658583
88,0.859401226844081,4,0.06625931
88,0.859401226844081,5,0.0663397
88,0.859401226844081,6,0.06623346
88,0.859401226844081,7,0.06644169
88,0.859401226844081,8,0.06650238
88,0.859401226844081,9,0.06619126
88,0.859401226844081,10,0.06627103
88,0.859401226844081,11,0.06607636
88,0.859401226844081,12,0.06632818
88,0.859401226844081,13,0.06615096
88,0.859401226844081,14,0.06610791
88,0.859401226844081,15,0.06618524
89,0.8691671498764,0,0.06636106
89,0.8691671498764,1,0.06642754
89,0.8691671498764,2,0.06605869
89,0.8691671498764,3,0.06627165
89,0.8691671498764,4,0.06610078
89,0.8691671498764,5,0.06628001
89,0.8691671498764,6,0.06639299
89,0.8691671498764,7,0.06608683
89,0.8691671498764,8,0.06624244
89,0.8691671498764,9,0.06632355
89,0.8691671498764,10,0.06625654
89,0.8691671498764,11,0.06656179
89,0.8691671498764,12,0.0665757
89,0.8691671498764,13,0.0664271
89,0.8691671498764,14,0.06631958
89,0.8691671498764,15,0.06642821
90,0.879543443098239,0,0.06639681
90,0.879543443098239,1,0.06649149
90,0.879543443098239,2,0.06638491
90,0.879543443098239,3,0.06676969
90,0.879543443098239,4,0.06654683
90,0.879543443098239,5,0.06661163
90,0.879543443098239,6,0.06614112
90,0.879543443098239,7,0.06621896
90,0.879543443098239,8,0.06591933
90,0.879543443098239,9,0.0662965
90,0.879543443098239,10,0.06612492
90,0.879543443098239,11,0.06626318
90,0.879543443098239,12,0.06610715
90,0.879543443098239,13,0.06602995
90,0.879543443098239,14,0.06630763
90,0.879543443098239,15,0.06655893
91,0.889309366130558,0,0.06619848
91,0.889309366130558,1,0.06598733
91,0.889309366130558,2,0.06619113
91,0.889309366130558,3,0.06617954
91,0.889309366130558,4,0.06613076
91,0.889309366130558,5,0.06604747
91,0.889309366130558,6,0.06593276
91,0.889309366130558,7,0.06590544
91,0.889309366130558,8,0.06629142
91,0.889309366130558,9,0.06621914
91,0.889309366130558,10,0.06610244
91,0.889309366130558,11,0.06625707
91,0.889309366130558,12,0.06579407
91,0.889309366130558,13,0.06641221
91,0.889309366130558,14,0.06637631
91,0.889309366130558,15,0.06620467
92,0.899685659352397,0,0.06640092
92,0.899685659352397,1,0.0660692
92,0.899685659352397,2,0.06596552
92,0.899685659352397,3,0.06624158
92,0.899685659352397,4,0.06632794
92,0.899685659352397,5,0.06618997
92,0.899685659352397,6,0.06639245
92,0.899685659352397,7,0.06642109
92,0.899685659352397,8,0.06616422
92,0.899685659352397,9,0.06615882
92,0.899685659352397,10,0.06606647
92,0.899685659352397,11,0.0664394
92,0.899685659352397,12,0.06642739
92,0.899685659352397,13,0.06618892
92,0.899685659352397,14,0.06604204
92,0.899685659352397,15,0.06637358
93,0.910061952574236,0,0.06618997
93,0.910061952574236,1,0.06634739
93,0.910061952574236,2,0.06615284
93,0.910061952574236,3,0.06630629
93,0.910061952574236,4,0.06634974
93,0.910061952574236,5,0.06633177
93,0.910061952574236,6,0.06627184
93,0.910061952574236,7,0.06630859
93,0.910061952574236,8,0.06617711
93,0.910061952574236,9,0.06628589
93,0.910061952574236,10,0.06606977
93,0.910061952574236,11,0.06608421
93,0.910061952574236,12,0.06594738
93,0.910061952574236,13,0.06648355
93,0.910061952574236,14,0.06608783
93,0.910061952574236,15,0.06618596
94,0.919827875606555,0,0.06616044
94,0.919827875606555,1,0.06650702
94,0.919827875606555,2,0.06616822
94,0.919827875606555,3,0.06627523
94,0.919827875606555,4,0.06620795
94,0.919827875606555,5,0.06627862
94,0.919827875606555,6,0.06616402
94,0.919827875606555,7,0.06627185
94,0.919827875606555,8,0.06671549
94,0.919827875606555,9,0.06625268
94,0.919827875606555,10,0.06628034
94,0.919827875606555,11,0.06626382
94,0.919827875606555,12,0.06619388
94,0.919827875606555,13,0.06647542
94,0.919827875606555,14,0.06619517
94,0.919827875606555,15,0.06601299
95,0.928373058259835,0,0.066172
95,0.928373058259835,1,0.06617424
95,0.928373058259835,2,0.06622065
95,0.928373058259835,3,0.06633922
95,0.928373058259835,4,0.0660961
95,0.928373058259835,5,0.06597955
95,0.928373058259835,6,0.06622037
95,0.928373058259835,7,0.06607953
95,0.928373058259835,8,0.06604551
95,0.928373058259835,9,0.06627519
95,0.928373058259835,10,0.06598318
95,0.928373058259835,11,0.06629936
95,0.928373058259835,12,0.06609773
95,0.928373058259835,13,0.06628776
95,0.928373058259835,14,0.0662367
95,0.928373058259835,15,0.06600124
96,0.939359721671194,0,0.06611293
96,0.939359721671194,1,0.06621487
96,0.939359721671194,2,0.06618647
96,0.939359721671194,3,0.06605094
96,0.939359721671194,4,0.06589561
96,0.939359721671194,5,0.06579641
96,0.939359721671194,6,0.06583899
96,0.939359721671194,7,0.06590952
96,0.939359721671194,8,0.06583525
96,0.939359721671194,9,0.06601943
96,0.939359721671194,10,0.06589084
96,0.939359721671194,11,0.06624603
96,0.939359721671194,12,0.06608582
96,0.939359721671194,13,0.0661611
96,0.939359721671194,14,0.06585614
96,0.939359721671194,15,0.06585714
97,0.949125644703513,0,0.06599544
97,0.949125644703513,1,0.06607307
97,0.949125644703513,2,0.06588695
97,0.949125644703513,3,0.06632235
97,0.949125644703513,4,0.06625278
97,0.949125644703513,5,0.06633177
97,0.949125644703513,6,0.0661619
97,0.949125644703513,7,0.06588504
97,0.949125644703513,8,0.06620393
97,0.949125644703513,9,0.06599566
97,0.949125644703513,10,0.06587472
97,0.949125644703513,11,0.06590393
97,0.949125644703513,12,0.06608026
97,0.949125644703513,13,0.06587441
97,0.949125644703513,14,0.06594408
97,0.949125644703513,15,0.06596529
98,0.960112308114872,0,0.06627689
98,0.960112308114872,1,0.06634404
98,0.960112308114872,2,0.06603164
98,0.960112308114872,3,0.06606193
98,0.960112308114872,4,0.06591068
98,0.960112308114872,5,0.0660539
98,0.960112308114872,6,0.06607851
98,0.960112308114872,7,0.06573416
98,0.960112308114872,8,0.06583779
98,0.960112308114872,9,0.06567129
98,0.960112308114872,10,0.06589919
98,0.960112308114872,11,0.06572536
98,0.960112308114872,12,0.06579946
98,0.960112308114872,13,0.06605274
98,0.960112308114872,14,0.06610282
98,0.960112308114872,15,0.0658953
99,0.968657490768151,0,0.06581599
99,0.968657490768151,1,0.06597631
99,0.968657490768151,2,0.06609157
99,0.968657490768151,3,0.06615928
99,0.968657490768151,4,0.0660466
99,0.968657490768151,5,0.0658725
99,0.968657490768151,6,0.06602096
99,0.968657490768151,7,0.06609831
99,0.968657490768151,8,0.06593997
99,0.968657490768151,9,0.06578198
99,0.968657490768151,10,0.06594585
99,0.968657490768151,11,0.06594098
99,0.968657490768151,12,0.06584082
99,0.968657490768151,13,0.06618381
99,0.968657490768151,14,0.06598603
99,0.968657490768151,15,0.06615718
100,0.97964415417951,0,0.06593103
100,0.97964415417951,1,0.06615503
100,0.97964415417951,2,0.06595153
100,0.97964415417951,3,0.06635996
100,0.97964415417951,4,0.06583758
100,0.97964415417951,5,0.06615718
100,0.97964415417951,6,0.0660637
100,0.97964415417951,7,0.06575965
100,0.97964415417951,8,0.06601266
100,0.97964415417951,9,0.06606022
100,0.97964415417951,10,0.06626152
100,0.97964415417951,11,0.06589805
100,0.97964415417951,12,0.06588022
100,0.97964415417951,13,0.06617788
100,0.97964415417951,14,0.06614218
100,0.97964415417951,15,0.06603487
101,0.989410077211829,0,0.06582082
101,0.989410077211829,1,0.06611025
101,0.989410077211829,2,0.06597561
101,0.989410077211829,3,0.06638668
101,0.989410077211829,4,0.06600402
101,0.989410077211829,5,0.0659325
101,0.989410077211829,6,0.0660626
101,0.989410077211829,7,0.06579424
101,0.989410077211829,8,0.06585733
101,0.989410077211829,9,0.0659469
101,0.989410077211829,10,0.06584157
101,0.989410077211829,11,0.06602513
101,0.989410077211829,12,0.0662575
101,0.989410077211829,13,0.06575206
101,0.989410077211829,14,0.06620622
101,0.989410077211829,15,0.06605557
102,0.998565630054628,0,0.06619877
102,0.998565630054628,1,0.06613553
102,0.998565630054628,2,0.06606527
102,0.998565630054628,3,0.06613696
102,0.998565630054628,4,0.06596553
102,0.998565630054628,5,0.066093
102,0.998565630054628,6,0.06622968
102,0.998565630054628,7,0.06632115
102,0.998565630054628,8,0.06633855
102,0.998565630054628,9,0.0660799
102,0.998565630054628,10,0.06612009
102,0.998565630054628,11,0.0665755
102,0.998565630054628,12,0.06636699
102,0.998565630054628,13,0.0661125
102,0.998565630054628,14,0.06653483
102,0.998565630054628,15,0.06617171
103,1.01016266365551,0,0.06648298
103,1.01016266365551,1,0.06626427
103,1.01016266365551,2,0.06659022
103,1.01016266365551,3,0.06610709
103,1.01016266365551,4,0.06637133
103,1.01016266365551,5,0.06629224
103,1.01016266365551,6,0.06656815
103,1.01016266365551,7,0.06632661
103,1.01016266365551,8,0.06641158
103,1.01016266365551,9,0.06638391
103,1.01016266365551,10,0.06658497
103,1.01016266365551,11,0.06668514
103,1.01016266365551,12,0.06660255
103,1.01016266365551,13,0.0663505
103,1.01016266365551,14,0.06626075
103,1.01016266365551,15,0.06614782
104,1.01931821649831,0,0.06655762
104,1.01931821649831,1,0.06623041
104,1.01931821649831,2,0.06675649
104,1.01931821649831,3,0.06662412
104,1.01931821649831,4,0.06658535
104,1.01931821649831,5,0.06657253
104,1.01931821649831,6,0.06628001
104,1.01931821649831,7,0.06623887
104,1.01931821649831,8,0.06622212
104,1.01931821649831,9,0.06622093
104,1.01931821649831,10,0.066514
104,1.01931821649831,11,0.06675434
104,1.01931821649831,12,0.06658975
104,1.01931821649831,13,0.06618121
104,1.01931821649831,14,0.06644684
104,1.01931821649831,15,0.06650209
105,1.02908413953063,0,0.06683517
105,1.02908413953063,1,0.06669933
105,1.02908413953063,2,0.06691774
105,1.02908413953063,3,0.0669836
105,1.02908413953063,4,0.06707799
105,1.02908413953063,5,0.06681877
105,1.02908413953063,6,0.0667486
105,1.02908413953063,7,0.06685175
105,1.02908413953063,8,0.06667582
105,1.02908413953063,9,0.06708006
105,1.02908413953063,10,0.06671711
105,1.02908413953063,11,0.06699292
105,1.02908413953063,12,0.06697596
105,1.02908413953063,13,0.06680137
105,1.02908413953063,14,0.06692984
105,1.02908413953063,15,0.06678478
106,1.04007080294198,0,0.06702834
106,1.04007080294198,1,0.0672023
106,1.04007080294198,2,0.06715809
106,1.04007080294198,3,0.06713793
106,1.04007080294198,4,0.06727433
106,1.04007080294198,5,0.06715488
106,1.04007080294198,6,0.06712373
106,1.04007080294198,7,0.06723997
106,1.04007080294198,8,0.06724761
106,1.04007080294198,9,0.06737535
106,1.04007080294198,10,0.0672649
106,1.04007080294198,11,0.06741373
106,1.04007080294198,12,0.06736853
106,1.04007080294198,13,0.06684242
106,1.04007080294198,14,0.06680974
106,1.04007080294198,15,0.06725401
107,1.0498367259743,0,0.06746277
107,1.0498367259743,1,0.06753346
107,1.0498367259743,2,0.0675527
107,1.0498367259743,3,0.06761358
107,1.0498367259743,4,0.06746722
107,1.0498367259743,5,0.06757878
107,1.0498367259743,6,0.067592
107,1.0498367259743,7,0.0674848
107,1.0498367259743,8,0.0675525
107,1.0498367259743,9,0.06799822
107,1.0498367259743,10,0.06784878
107,1.0498367259743,11,0.06751064
107,1.0498367259743,12,0.06759479
107,1.0498367259743,13,0.0676616
107,1.0498367259743,14,0.0676106
107,1.0498367259743,15,0.06759985
108,1.0589922788171,0,0.06807523
108,1.0589922788171,1,0.06778497
108,1.0589922788171,2,0.06803197
108,1.0589922788171,3,0.06816319
108,1.0589922788171,4,0.06804285
108,1.0589922788171,5,0.06774268
108,1.0589922788171,6,0.06795652
108,1.0589922788171,7,0.06819821
108,1.0589922788171,8,0.06812938
108,1.0589922788171,9,0.0681905
108,1.0589922788171,10,0.06788836
108,1.0589922788171,11,0.06794047
108,1.0589922788171,12,0.06797083
108,1.0589922788171,13,0.0681606
108,1.0589922788171,14,0.06779733
108,1.0589922788171,15,0.06790877
109,1.06997894222846,0,0.06842773
109,1.06997894222846,1,0.06805728
109,1.06997894222846,2,0.06793673
109,1.06997894222846,3,0.06800158
109,1.06997894222846,4,0.06810763
109,1.06997894222846,5,0.06821787
109,1.06997894222846,6,0.06838254
109,1.06997894222846,7,0.06831304
109,1.06997894222846,8,0.06822462
109,1.06997894222846,9,0.06825346
109,1.06997894222846,10,0.06801629
109,1.06997894222846,11,0.06796285
109,1.06997894222846,12,0.06820092
109,1.06997894222846,13,0.06806886
109,1.06997894222846,14,0.06801457
109,1.06997894222846,15,0.06750172
110,1.07913449507126,0,0.06797274
110,1.07913449507126,1,0.06809822
110,1.07913449507126,2,0.06821541
110,1.07913449507126,3,0.06834812
110,1.07913449507126,4,0.06843419
110,1.07913449507126,5,0.06848809
110,1.07913449507126,6,0.06862568
110,1.07913449507126,7,0.06853105
110,1.07913449507126,8,0.06844496
110,1.07913449507126,9,0.06820937
110,1.07913449507126,10,0.06836582
110,1.07913449507126,11,0.06818224
110,1.07913449507126,12,0.06789944
110,1.07913449507126,13,0.06809159
110,1.07913449507126,14,0.06816219
110,1.07913449507126,15,0.06810749
111,1.09012115848262,0,0.06851176
111,1.09012115848262,1,0.06832344
111,1.09012115848262,2,0.06872138
111,1.09012115848262,3,0.06862108
111,1.09012115848262,4,0.06842552
111,1.09012115848262,5,0.06837514
111,1.09012115848262,6,0.06835747
111,1.09012115848262,7,0.06805294
111,1.09012115848262,8,0.06818537
111,1.09012115848262,9,0.06808928
111,1.09012115848262,10,0.0682464
111,1.09012115848262,11,0.06815281
111,1.09012115848262,12,0.06795009
111,1.09012115848262,13,0.06829921
111,1.09012115848262,14,0.06821715
111,1.09012115848262,15,0.06825138
112,1.09988708151494,0,0.06852248
112,1.09988708151494,1,0.06857114
112,1.09988708151494,2,0.06873381
112,1.09988708151494,3,0.0688668
112,1.09988708151494,4,0.06883062
112,1.09988708151494,5,0.06848495
112,1.09988708151494,6,0.0686109
112,1.09988708151494,7,0.06883072
112,1.09988708151494,8,0.06853098
112,1.09988708151494,9,0.06871144
112,1.09988708151494,10,0.06847519
112,1.09988708151494,11,0.06825329
112,1.09988708151494,12,0.06825982
112,1.09988708151494,13,0.06825116
112,1.09988708151494,14,0.06836418
112,1.09988708151494,15,0.06836714
113,1.10904263435774,0,0.06874627
113,1.10904263435774,1,0.06864779
113,1.10904263435774,2,0.06866502
113,1.10904263435774,3,0.06883437
113,1.10904263435774,4,0.06865479
113,1.10904263435774,5,0.06875464
113,1.10904263435774,6,0.06875143
113,1.10904263435774,7,0.06898624
113,1.10904263435774,8,0.06880541
113,1.10904263435774,9,0.06888428
113,1.10904263435774,10,0.06877478
113,1.10904263435774,11,0.06907095
113,1.10904263435774,12,0.06880555
113,1.10904263435774,13,0.0689129
113,1.10904263435774,14,0.06902377
113,1.10904263435774,15,0.0689632
114,1.11941892757958,0,0.06883015
114,1.11941892757958,1,0.06878441
114,1.11941892757958,2,0.06889459
114,1.11941892757958,3,0.06896947
114,1.11941892757958,4,0.06912107
114,1.11941892757958,5,0.06894083
114,1.11941892757958,6,0.06904464
114,1.11941892757958,7,0.06881968
114,1.11941892757958,8,0.06882323
114,1.11941892757958,9,0.06904637
114,1.11941892757958,10,0.0690297
114,1.11941892757958,11,0.0690775
114,1.11941892757958,12,0.06923117
114,1.11941892757958,13,0.06905559
114,1.11941892757958,14,0.06913206
114,1.11941892757958,15,0.06869562
115,1.12979522080142,0,0.06900014
115,1.12979522080142,1,0.06912276
115,1.12979522080142,2,0.06858858
115,1.12979522080142,3,0.06913892
115,1.12979522080142,4,0.06904744
115,1.12979522080142,5,0.0687471
115,1.12979522080142,6,0.06900269
115,1.12979522080142,7,0.06911575
115,1.12979522080142,8,0.06911414
115,1.12979522080142,9,0.06912635
115,1.12979522080142,10,0.06877016
115,1.12979522080142,11,0.06890548
115,1.12979522080142,12,0.06896295
115,1.12979522080142,13,0.06894694
115,1.12979522080142,14,0.06898199
115,1.12979522080142,15,0.06893633
116,1.13956114383374,0,0.06907415
116,1.13956114383374,1,0.06932767
116,1.13956114383374,2,0.06905955
116,1.13956114383374,3,0.06905729
116,1.13956114383374,4,0.0691419
116,1.13956114383374,5,0.06927112
116,1.13956114383374,6,0.06919846
116,1.13956114383374,7,0.06889571
116,1.13956114383374,8,0.06909512
116,1.13956114383374,9,0.06867523
116,1.13956114383374,10,0.06891777
116,1.13956114383374,11,0.06906559
116,1.13956114383374,12,0.06882179
116,1.13956114383374,13,0.06910478
116,1.13956114383374,14,0.06879347
116,1.13956114383374,15,0.06903431
117,1.14993743705557,0,0.0692535
117,1.14993743705557,1,0.06907543
117,1.14993743705557,2,0.06949663
117,1.14993743705557,3,0.06893112
117,1.14993743705557,4,0.06913333
117,1.14993743705557,5,0.06923658
117,1.14993743705557,6,0.06899586
117,1.14993743705557,7,0.06927704
117,1.14993743705557,8,0.06964949
117,1.14993743705557,9,0.06933008
117,1.14993743705557,10,0.06933514
117,1.14993743705557,11,0.06953994
117,1.14993743705557,12,0.06941544
117,1.14993743705557,13,0.06934608
117,1.14993743705557,14,0.06943514
117,1.14993743705557,15,0.06946943
118,1.16031373027741,0,0.06959455
118,1.16031373027741,1,0.06956975
118,1.16031373027741,2,0.06940676
118,1.16031373027741,3,0.06940042
118,1.16031373027741,4,0.06956573
118,1.16031373027741,5,0.0696785
118,1.16031373027741,6,0.06941428
118,1.16031373027741,7,0.06964793
118,1.16031373027741,8,0.06947833
118,1.16031373027741,9,0.06954566
118,1.16031373027741,10,0.06953887
118,1.16031373027741,11,0.06966996
118,1.16031373027741,12,0.06966334
118,1.16031373027741,13,0.06975367
118,1.16031373027741,14,0.06980293
118,1.16031373027741,15,0.06961104
119,1.17069002349925,0,0.06981464
119,1.17069002349925,1,0.06964496
119,1.17069002349925,2,0.06987214
119,1.17069002349925,3,0.06972817
119,1.17069002349925,4,0.06949956
119,1.17069002349925,5,0.06963647
119,1.17069002349925,6,0.06949075
119,1.17069002349925,7,0.06989828
119,1.17069002349925,8,0.06959957
119,1.17069002349925,9,0.06962159
119,1.17069002349925,10,0.06997526
119,1.17069002349925,11,0.06983224
119,1.17069002349925,12,0.06975897
119,1.17069002349925,13,0.06993707
119,1.17069002349925,14,0.06996037
119,1.17069002349925,15,0.06969976
120,1.17984557634205,0,0.06985769
120,1.17984557634205,1,0.06979111
120,1.17984557634205,2,0.06998409
120,1.17984557634205,3,0.07008732
120,1.17984557634205,4,0.07003584
120,1.17984557634205,5,0.06983119
120,1.17984557634205,6,0.06968156
120,1.17984557634205,7,0.06955585
120,1.17984557634205,8,0.06986426
120,1.17984557634205,9,0.06983641
120,1.17984557634205,10,0.06955554
120,1.17984557634205,11,0.06983992
120,1.17984557634205,12,0.06964421
120,1.17984557634205,13,0.06971286
120,1.17984557634205,14,0.06960829
120,1.17984557634205,15,0.06967755
121,1.19022186956389,0,0.06981318
121,1.19022186956389,1,0.06978156
121,1.19022186956389,2,0.07003468
121,1.19022186956389,3,0.0697339
121,1.19022186956389,4,0.07029116
121,1.19022186956389,5,0.0700948
121,1.19022186956389,6,0.07003713
121,1.19022186956389,7,0.06964719
121,1.19022186956389,8,0.06951541
121,1.19022186956389,9,0.06963698
121,1.19022186956389,10,0.06971783
121,1.19022186956389,11,0.06989317
121,1.19022186956389,12,0.06959188
121,1.19022186956389,13,0.06960779
121,1.19022186956389,14,0.06966061
121,1.19022186956389,15,0.0696793
122,1.20059816278573,0,0.07002133
122,1.20059816278573,1,0.06972958
122,1.20059816278573,2,0.06985789
122,1.20059816278573,3,0.0698453
122,1.20059816278573,4,0.06986109
122,1.20059816278573,5,0.06998354
122,1.20059816278573,6,0.06965782
122,1.20059816278573,7,0.06997772
122,1.20059816278573,8,0.06979838
122,1.20059816278573,9,0.06981669
122,1.20059816278573,10,0.06988449
122,1.20059816278573,11,0.06990156
122,1.20059816278573,12,0.07001878
122,1.20059816278573,13,0.07010915
122,1.20059816278573,14,0.07002103
122,1.20059816278573,15,0.06992839
123,1.21036408581805,0,0.06958782
123,1.21036408581805,1,0.06983475
123,1.21036408581805,2,0.06987405
123,1.21036408581805,3,0.06979757
123,1.21036408581805,4,0.07014267
123,1.21036408581805,5,0.06973258
123,1.21036408581805,6,0.06995007
123,1.21036408581805,7,0.07016461
123,1.21036408581805,8,0.07003955
123,1.21036408581805,9,0.06987123
123,1.21036408581805,10,0.06985337
123,1.21036408581805,11,0.070028
123,1.21036408581805,12,0.06987907
123,1.21036408581805,13,0.0702071
123,1.21036408581805,14,0.07014208
123,1.21036408581805,15,0.07011241
124,1.22074037903989,0,0.07040402
124,1.22074037903989,1,0.07051768
124,1.22074037903989,2,0.07006183
124,1.22074037903989,3,0.07042585
124,1.22074037903989,4,0.07035163
124,1.22074037903989,5,0.07016455
124,1.22074037903989,6,0.07043473
124,1.22074037903989,7,0.0703866
124,1.22074037903989,8,0.07044507
124,1.22074037903989,9,0.07067415
124,1.22074037903989,10,0.07024017
124,1.22074037903989,11,0.07026878
124,1.22074037903989,12,0.07018005
124,1.22074037903989,13,0.07077216
124,1.22074037903989,14,0.07019712
124,1.22074037903989,15,0.0703574
125,1.23050630207221,0,0.07003407
125,1.23050630207221,1,0.07011482
125,1.23050630207221,2,0.07007929
125,1.23050630207221,3,0.07010262
125,1.23050630207221,4,0.07013785
125,1.23050630207221,5,0.07010493
125,1.23050630207221,6,0.07046022
125,1.23050630207221,7,0.07012495
125,1.23050630207221,8,0.07003127
125,1.23050630207221,9,0.07004783
125,1.23050630207221,10,0.07004657
125,1.23050630207221,11,0.07024474
125,1.23050630207221,12,0.07010534
125,1.23050630207221,13,0.07027992
125,1.23050630207221,14,0.07021288
125,1.23050630207221,15,0.0700937
126,1.24027222510453,0,0.07038791
126,1.24027222510453,1,0.07057931
126,1.24027222510453,2,0.07072283
126,1.24027222510453,3,0.07044356
126,1.24027222510453,4,0.07021288
126,1.24027222510453,5,0.07060365
126,1.24027222510453,6,0.07035314
126,1.24027222510453,7,0.0700798
126,1.24027222510453,8,0.07014032
126,1.24027222510453,9,0.07009746
126,1.24027222510453,10,0.07020129
126,1.24027222510453,11,0.06984524
126,1.24027222510453,12,0.0699149
126,1.24027222510453,13,0.07004171
126,1.24027222510453,14,0.06987766
126,1.24027222510453,15,0.06997713
127,1.25064851832636,0,0.07020439
127,1.25064851832636,1,0.06993918
127,1.25064851832636,2,0.07023702
127,1.25064851832636,3,0.0700962
127,1.25064851832636,4,0.07027189
127,1.25064851832636,5,0.07004974
127,1.25064851832636,6,0.07003819
127,1.25064851832636,7,0.07029753
127,1.25064851832636,8,0.07025161
127,1.25064851832636,9,0.0703575
127,1.25064851832636,10,0.07006259
127,1.25064851832636,11,0.06995449
127,1.25064851832636,12,0.06994405
127,1.25064851832636,13,0.07015421
127,1.25064851832636,14,0.07003659
127,1.25064851832636,15,0.06977664
128,1.26041444135868,0,0.06993974
128,1.26041444135868,1,0.07017157
128,1.26041444135868,2,0.06989913
128,1.26041444135868,3,0.06991509
128,1.26041444135868,4,0.070108
128,1.26041444135868,5,0.07006283
128,1.26041444135868,6,0.07011542
128,1.26041444135868,7,0.07005079
128,1.26041444135868,8,0.0702752
128,1.26041444135868,9,0.0700545
128,1.26041444135868,10,0.07030115
128,1.26041444135868,11,0.07028303
128,1.26041444135868,12,0.07046825
128,1.26041444135868,13,0.07058287
128,1.26041444135868,14,0.06999414
128,1.26041444135868,15,0.07046348
129,1.26956999420148,0,0.07040261
129,1.26956999420148,1,0.07046203
129,1.26956999420148,2,0.07045646
129,1.26956999420148,3,0.07056515
129,1.26956999420148,4,0.07042203
129,1.26956999420148,5,0.07037055
129,1.26956999420148,6,0.07021859
129,1.26956999420148,7,0.07042871
129,1.26956999420148,8,0.07025809
129,1.26956999420148,9,0.07025192
129,1.26956999420148,10,0.07050629
129,1.26956999420148,11,0.07029513
129,1.26956999420148,12,0.07056139
129,1.26956999420148,13,0.07032283
129,1.26956999420148,14,0.07043433
129,1.26956999420148,15,0.07040442
130,1.27994628742332,0,0.07076492
130,1.27994628742332,1,0.07069462
130,1.27994628742332,2,0.07051858
130,1.27994628742332,3,0.07061649
130,1.27994628742332,4,0.0705933
130,1.27994628742332,5,0.07079845
130,1.27994628742332,6,0.07072137
130,1.27994628742332,7,0.07104504
130,1.27994628742332,8,0.07106772
130,1.27994628742332,9,0.07115645
130,1.27994628742332,10,0.07086755
130,1.27994628742332,11,0.07096014
130,1.27994628742332,12,0.07095723
130,1.27994628742332,13,0.07085675
130,1.27994628742332,14,0.07054423
130,1.27994628742332,15,0.07061629
131,1.29032258064516,0,0.07045345
131,1.29032258064516,1,0.07052983
131,1.29032258064516,2,0.07072277
131,1.29032258064516,3,0.07094378
131,1.29032258064516,4,0.07073085
131,1.29032258064516,5,0.07087287
131,1.29032258064516,6,0.07063531
131,1.29032258064516,7,0.07039373
131,1.29032258064516,8,0.07050905
131,1.29032258064516,9,0.07067977
131,1.29032258064516,10,0.07099316
131,1.29032258064516,11,0.07075729
131,1.29032258064516,12,0.07073472
131,1.29032258064516,13,0.07068654
131,1.29032258064516,14,0.07091342
131,1.29032258064516,15,0.07121656
132,1.300698873867,0,0.07098959
132,1.300698873867,1,0.0711866
132,1.300698873867,2,0.071032
132,1.300698873867,3,0.07084141
132,1.300698873867,4,0.07084481
132,1.300698873867,5,0.07085431
132,1.300698873867,6,0.07092546
132,1.300698873867,7,0.07066968
132,1.300698873867,8,0.07084692
132,1.300698873867,9,0.07058452
132,1.300698873867,10,0.07079779
132,1.300698873867,11,0.07083513
132,1.300698873867,12,0.07067892
132,1.300698873867,13,0.07087774
132,1.300698873867,14,0.07081269
132,1.300698873867,15,0.07069296
133,1.3098544267098,0,0.07085314
133,1.3098544267098,1,0.07101232
133,1.3098544267098,2,0.07082193
133,1.3098544267098,3,0.07058241
133,1.3098544267098,4,0.07063486
133,1.3098544267098,5,0.07086303
133,1.3098544267098,6,0.07106762
133,1.3098544267098,7,0.07109894
133,1.3098544267098,8,0.07094162
133,1.3098544267098,9,0.07073843
133,1.3098544267098,10,0.07090639
133,1.3098544267098,11,0.07094272
133,1.3098544267098,12,0.0710469
133,1.3098544267098,13,0.07084919
133,1.3098544267098,14,0.07083302
133,1.3098544267098,15,0.07078324
134,1.32084109012116,0,0.07071654
134,1.32084109012116,1,0.07082801
134,1.32084109012116,2,0.07063013
134,1.32084109012116,3,0.07076985
134,1.32084109012116,4,0.07074806
134,1.32084109012116,5,0.07077341
134,1.32084109012116,6,0.07086313
134,1.32084109012116,7,0.07075479
134,1.32084109012116,8,0.07079127
134,1.32084109012116,9,0.07049163
134,1.32084109012116,10,0.07059672
134,1.32084109012116,11,0.07092009
134,1.32084109012116,12,0.07108122
134,1.32084109012116,13,0.07085747
134,1.32084109012116,14,0.07110199
134,1.32084109012116,15,0.07088742
135,1.33060701315348,0,0.07083021
135,1.33060701315348,1,0.07072704
135,1.33060701315348,2,0.07120035
135,1.33060701315348,3,0.07122323
135,1.33060701315348,4,0.07115745
135,1.33060701315348,5,0.0710353
135,1.33060701315348,6,0.07075765
135,1.33060701315348,7,0.07086995
135,1.33060701315348,8,0.07072654
135,1.33060701315348,9,0.07061238
135,1.33060701315348,10,0.07090703
135,1.33060701315348,11,0.07108454
135,1.33060701315348,12,0.07115941
135,1.33060701315348,13,0.07112087
135,1.33060701315348,14,0.07105969
135,1.33060701315348,15,0.07105482
136,1.3403729361858,0,0.07083172
136,1.3403729361858,1,0.07105372
136,1.3403729361858,2,0.07122711
136,1.3403729361858,3,0.07106692
136,1.3403729361858,4,0.07147565
136,1.3403729361858,5,0.07091231
136,1.3403729361858,6,0.07135136
136,1.3403729361858,7,0.07129338
136,1.3403729361858,8,0.07109276
136,1.3403729361858,9,0.07116116
136,1.3403729361858,10,0.07127382
136,1.3403729361858,11,0.07114134
136,1.3403729361858,12,0.0709942
136,1.3403729361858,13,0.0710866
136,1.3403729361858,14,0.07127969
136,1.3403729361858,15,0.07100971
137,1.35074922940764,0,0.07081246
137,1.35074922940764,1,0.07079223
137,1.35074922940764,2,0.07092556
137,1.35074922940764,3,0.07050875
137,1.35074922940764,4,0.07083016
137,1.35074922940764,5,0.07083669
137,1.35074922940764,6,0.07066266
137,1.35074922940764,7,0.07097623
137,1.35074922940764,8,0.07109667
137,1.35074922940764,9,0.07095216
137,1.35074922940764,10,0.0711847
137,1.35074922940764,11,0.071061
137,1.35074922940764,12,0.07089043
137,1.35074922940764,13,0.07098091
137,1.35074922940764,14,0.07102858
137,1.35074922940764,15,0.07111149
138,1.36173589281899,0,0.07094589
138,1.36173589281899,1,0.07107143
138,1.36173589281899,2,0.07115224
138,1.36173589281899,3,0.07116262
138,1.36173589281899,4,0.0711977
138,1.36173589281899,5,0.0708955
138,1.36173589281899,6,0.07092194
138,1.36173589281899,7,0.07099164
138,1.36173589281899,8,0.07089741
138,1.36173589281899,9,0.07092018
138,1.36173589281899,10,0.07111264
138,1.36173589281899,11,0.07098769
138,1.36173589281899,12,0.0707717
138,1.36173589281899,13,0.07107279
138,1.36173589281899,14,0.07096394
138,1.36173589281899,15,0.07067756
139,1.37089144566179,0,0.07065674
139,1.37089144566179,1,0.07076327
139,1.37089144566179,2,0.07104805
139,1.37089144566179,3,0.07093213
139,1.37089144566179,4,0.07088843
139,1.37089144566179,5,0.07089515
139,1.37089144566179,6,0.07072272
139,1.37089144566179,7,0.07065327
139,1.37089144566179,8,0.07085772
139,1.37089144566179,9,0.07075404
139,1.37089144566179,10,0.07084542
139,1.37089144566179,11,0.07111269
139,1.37089144566179,12,0.07092284
139,1.37089144566179,13,0.07091241
139,1.37089144566179,14,0.07087813
139,1.37089144566179,15,0.07125656
140,1.38126773888363,0,0.0708699
140,1.38126773888363,1,0.07090358
140,1.38126773888363,2,0.07115619
140,1.38126773888363,3,0.07090057
140,1.38126773888363,4,0.07090017
140,1.38126773888363,5,0.07117186
140,1.38126773888363,6,0.07096153
140,1.38126773888363,7,0.07121381
140,1.38126773888363,8,0.07097474
140,1.38126773888363,9,0.07082615
140,1.38126773888363,10,0.07085997
140,1.38126773888363,11,0.07075097
140,1.38126773888363,12,0.07062402
140,1.38126773888363,13,0.07121982
140,1.38126773888363,14,0.07079905
140,1.38126773888363,15,0.0707709
141,1.39164403210547,0,0.07101563
141,1.39164403210547,1,0.07084141
141,1.39164403210547,2,0.0709095
141,1.39164403210547,3,0.07068805
141,1.39164403210547,4,0.07065588
141,1.39164403210547,5,0.0707165
141,1.39164403210547,6,0.07086148
141,1.39164403210547,7,0.07082234
141,1.39164403210547,8,0.0710584
141,1.39164403210547,9,0.07078781
141,1.39164403210547,10,0.07105327
141,1.39164403210547,11,0.07085781
141,1.39164403210547,12,0.07069488
141,1.39164403210547,13,0.0708799
141,1.39164403210547,14,0.07091532
141,1.39164403210547,15,0.07085662
142,1.40079958494827,0,0.07082715
142,1.40079958494827,1,0.07066862
142,1.40079958494827,2,0.07073758
142,1.40079958494827,3,0.07069643
142,1.40079958494827,4,0.07090448
142,1.40079958494827,5,0.07097855
142,1.40079958494827,6,0.07083874
142,1.40079958494827,7,0.07099967
142,1.40079958494827,8,0.07081466
142,1.40079958494827,9,0.07073487
142,1.40079958494827,10,0.07091855
142,1.40079958494827,11,0.07075438
142,1.40079958494827,12,0.07106869
142,1.40079958494827,13,0.07089123
142,1.40079958494827,14,0.07070331
142,1.40079958494827,15,0.07100335
143,1.41178624835963,0,0.07059125
143,1.41178624835963,1,0.07076167
143,1.41178624835963,2,0.07066426
143,1.41178624835963,3,0.07057384
143,1.41178624835963,4,0.07087497
143,1.41178624835963,5,0.07092164
143,1.41178624835963,6,0.07077983
143,1.41178624835963,7,0.07079474
143,1.41178624835963,8,0.07076287
143,1.41178624835963,9,0.07090879
143,1.41178624835963,10,0.07088114
143,1.41178624835963,11,0.07087678
143,1.41178624835963,12,0.07062101
143,1.41178624835963,13,0.07094302
143,1.41178624835963,14,0.07106306
143,1.41178624835963,15,0.07085576
144,1.42094180120243,0,0.07073687
144,1.42094180120243,1,0.0710732
144,1.42094180120243,2,0.07077286
144,1.42094180120243,3,0.07069483
144,1.42094180120243,4,0.07079659
144,1.42094180120243,5,0.07101964
144,1.42094180120243,6,0.07075198
144,1.42094180120243,7,0.07073271
144,1.42094180120243,8,0.07065348
144,1.42094180120243,9,0.07063214
144,1.42094180120243,10,0.07061363
144,1.42094180120243,11,0.07102662
144,1.42094180120243,12,0.07080974
144,1.42094180120243,13,0.07090273
144,1.42094180120243,14,0.07097002
144,1.42094180120243,15,0.07069854
145,1.43131809442427,0,0.07065915
145,1.43131809442427,1,0.07089911
145,1.43131809442427,2,0.07080517
145,1.43131809442427,3,0.07081997
145,1.43131809442427,4,0.07080583
145,1.43131809442427,5,0.07087538
145,1.43131809442427,6,0.07095537
145,1.43131809442427,7,0.07095788
145,1.43131809442427,8,0.07105789
145,1.43131809442427,9,0.07104219
145,1.43131809442427,10,0.07079443
145,1.43131809442427,11,0.07087201
145,1.43131809442427,12,0.0709347
145,1.43131809442427,13,0.07109734
145,1.43131809442427,14,0.07111946
145,1.43131809442427,15,0.0711581
146,1.44108401745659,0,0.07121932
146,1.44108401745659,1,0.07072996
146,1.44108401745659,2,0.07098398
146,1.44108401745659,3,0.0709524
146,1.44108401745659,4,0.07117346
146,1.44108401745659,5,0.07129569
146,1.44108401745659,6,0.07097474
146,1.44108401745659,7,0.07131091
146,1.44108401745659,8,0.07087693
146,1.44108401745659,9,0.07105789
146,1.44108401745659,10,0.07106581
146,1.44108401745659,11,0.07077788
146,1.44108401745659,12,0.07103973
146,1.44108401745659,13,0.07098377
146,1.44108401745659,14,0.0709373
146,1.44108401745659,15,0.07100173
147,1.45084994048891,0,0.07096625
147,1.45084994048891,1,0.07114209
147,1.45084994048891,2,0.07104224
147,1.45084994048891,3,0.07102662
147,1.45084994048891,4,0.07086413
147,1.45084994048891,5,0.07098156
147,1.45084994048891,6,0.07088917
147,1.45084994048891,7,0.07087222
147,1.45084994048891,8,0.07112233
147,1.45084994048891,9,0.07095045
147,1.45084994048891,10,0.07096731
147,1.45084994048891,11,0.07119398
147,1.45084994048891,12,0.07101895
147,1.45084994048891,13,0.07087678
147,1.45084994048891,14,0.07114876
147,1.45084994048891,15,0.0708134
148,1.46061586352123,0,0.07115042
148,1.46061586352123,1,0.0713115
148,1.46061586352123,2,0.07118645
148,1.46061586352123,3,0.07100204
148,1.46061586352123,4,0.07097243
148,1.46061586352123,5,0.07108228
148,1.46061586352123,6,0.07096681
148,1.46061586352123,7,0.07106406
148,1.46061586352123,8,0.07136165
148,1.46061586352123,9,0.07160626
148,1.46061586352123,10,0.07131036
148,1.46061586352123,11,0.071366
148,1.46061586352123,12,0.07139982
148,1.46061586352123,13,0.07112037
148,1.46061586352123,14,0.07128476
148,1.46061586352123,15,0.07129976
149,1.47099215674306,0,0.07143947
149,1.47099215674306,1,0.07110099
149,1.47099215674306,2,0.07132524
149,1.47099215674306,3,0.07121225
149,1.47099215674306,4,0.07134809
149,1.47099215674306,5,0.07134063
149,1.47099215674306,6,0.07167172
149,1.47099215674306,7,0.0712387
149,1.47099215674306,8,0.07128396
149,1.47099215674306,9,0.07158966
149,1.47099215674306,10,0.07137012
149,1.47099215674306,11,0.0715982
149,1.47099215674306,12,0.07164612
149,1.47099215674306,13,0.07130583
149,1.47099215674306,14,0.07147851
149,1.47099215674306,15,0.07137223
150,1.48075807977538,0,0.07118028
150,1.48075807977538,1,0.07095752
150,1.48075807977538,2,0.07157061
150,1.48075807977538,3,0.07142381
150,1.48075807977538,4,0.07103545
150,1.48075807977538,5,0.0714035
150,1.48075807977538,6,0.07137831
150,1.48075807977538,7,0.07130735
150,1.48075807977538,8,0.07099973
150,1.48075807977538,9,0.07121054
150,1.48075807977538,10,0.07121983
150,1.48075807977538,11,0.07132871
150,1.48075807977538,12,0.0712565
150,1.48075807977538,13,0.07090945
150,1.48075807977538,14,0.07126489
150,1.48075807977538,15,0.07107279
151,1.4905240028077,0,0.07107615
151,1.4905240028077,1,0.07150567
151,1.4905240028077,2,0.07114716
151,1.4905240028077,3,0.07130709
151,1.4905240028077,4,0.07120903
151,1.4905240028077,5,0.0712432
151,1.4905240028077,6,0.07118033
151,1.4905240028077,7,0.07131186
151,1.4905240028077,8,0.07136074
151,1.4905240028077,9,0.0715165
151,1.4905240028077,10,0.07142527
151,1.4905240028077,11,0.07154125
151,1.4905240028077,12,0.07150953
151,1.4905240028077,13,0.07136685
151,1.4905240028077,14,0.07144328
151,1.4905240028077,15,0.07144745
152,1.50028992584002,0,0.07150806
152,1.50028992584002,1,0.07148206
152,1.50028992584002,2,0.07136641
152,1.50028992584002,3,0.07113262
152,1.50028992584002,4,0.0714063
152,1.50028992584002,5,0.07130323
152,1.50028992584002,6,0.07101574
152,1.50028992584002,7,0.07143886
152,1.50028992584002,8,0.07136004
152,1.50028992584002,9,0.07113788
152,1.50028992584002,10,0.07143576
152,1.50028992584002,11,0.07126764
152,1.50028992584002,12,0.07143381
152,1.50028992584002,13,0.07160065
152,1.50028992584002,14,0.07130061
152,1.50028992584002,15,0.07133139
153,1.51066621906186,0,0.07077672
153,1.51066621906186,1,0.07119855
153,1.51066621906186,2,0.07137233
153,1.51066621906186,3,0.07132084
153,1.51066621906186,4,0.07145116
153,1.51066621906186,5,0.07127573
153,1.51066621906186,6,0.07135095
153,1.51066621906186,7,0.07143571
153,1.51066621906186,8,0.0714765
153,1.51066621906186,9,0.07132154
153,1.51066621906186,10,0.07138613
153,1.51066621906186,11,0.07113507
153,1.51066621906186,12,0.07150234
153,1.51066621906186,13,0.07118725
153,1.51066621906186,14,0.07147279
153,1.51066621906186,15,0.07120712
154,1.52043214209418,0,0.07142784
154,1.52043214209418,1,0.0715455
154,1.52043214209418,2,0.07152277
154,1.52043214209418,3,0.07135186
154,1.52043214209418,4,0.07120848
154,1.52043214209418,5,0.07129985
154,1.52043214209418,6,0.07138878
154,1.52043214209418,7,0.07117596
154,1.52043214209418,8,0.07097232
154,1.52043214209418,9,0.07101303
154,1.52043214209418,10,0.07111193
154,1.52043214209418,11,0.07126564
154,1.52043214209418,12,0.07103711
154,1.52043214209418,13,0.07105262
154,1.52043214209418,14,0.07141804
154,1.52043214209418,15,0.07113066
155,1.5301980651265,0,0.07104801
155,1.5301980651265,1,0.07119614
155,1.5301980651265,2,0.07117883
155,1.5301980651265,3,0.07120903
155,1.5301980651265,4,0.07107013
155,1.5301980651265,5,0.07126153
155,1.5301980651265,6,0.07130594
155,1.5301980651265,7,0.07112107
155,1.5301980651265,8,0.07110696
155,1.5301980651265,9,0.07112493
155,1.5301980651265,10,0.07127488
155,1.5301980651265,11,0.07104649
155,1.5301980651265,12,0.07128787
155,1.5301980651265,13,0.07132827
155,1.5301980651265,14,0.07106968
155,1.5301980651265,15,0.07143726
156,1.54118472853786,0,0.07146196
156,1.54118472853786,1,0.07110276
156,1.54118472853786,2,0.0711721
156,1.54118472853786,3,0.07140486
156,1.54118472853786,4,0.07144614
156,1.54118472853786,5,0.07109813
156,1.54118472853786,6,0.07159509
156,1.54118472853786,7,0.07151992
156,1.54118472853786,8,0.07155073
156,1.54118472853786,9,0.0713257
156,1.54118472853786,10,0.07120738
156,1.54118472853786,11,0.07133219
156,1.54118472853786,12,0.07166915
156,1.54118472853786,13,0.07130944
156,1.54118472853786,14,0.07112309
156,1.54118472853786,15,0.07151032
157,1.55095065157018,0,0.07132953
157,1.55095065157018,1,0.07154039
157,1.55095065157018,2,0.07142092
157,1.55095065157018,3,0.07144845
157,1.55095065157018,4,0.07126328
157,1.55095065157018,5,0.0714187
157,1.55095065157018,6,0.07152358
157,1.55095065157018,7,0.07135522
157,1.55095065157018,8,0.071141
157,1.55095065157018,9,0.07141734
157,1.55095065157018,10,0.0714071
157,1.55095065157018,11,0.07132807
157,1.55095065157018,12,0.07104585
157,1.55095065157018,13,0.07117993
157,1.55095065157018,14,0.07130735
157,1.55095065157018,15,0.07130851
158,1.5607165746025,0,0.07116353
158,1.5607165746025,1,0.07153461
158,1.5607165746025,2,0.0715026
158,1.5607165746025,3,0.07155348
158,1.5607165746025,4,0.07135651
158,1.5607165746025,5,0.07131819
158,1.5607165746025,6,0.07114571
158,1.5607165746025,7,0.07123181
158,1.5607165746025,8,0.07109943
158,1.5607165746025,9,0.07130152
158,1.5607165746025,10,0.07134789
158,1.5607165746025,11,0.0712449
158,1.5607165746025,12,0.0713248
158,1.5607165746025,13,0.07109889
158,1.5607165746025,14,0.07125205
158,1.5607165746025,15,0.07136842
159,1.57048249763482,0,0.07106275
159,1.57048249763482,1,0.07146992
159,1.57048249763482,2,0.07144389
159,1.57048249763482,3,0.07143003
159,1.57048249763482,4,0.07129044
159,1.57048249763482,5,0.07143214
159,1.57048249763482,6,0.07130659
159,1.57048249763482,7,0.07146799
159,1.57048249763482,8,0.07129052
159,1.57048249763482,9,0.07138031
159,1.57048249763482,10,0.07145137
159,1.57048249763482,11,0.07153397
159,1.57048249763482,12,0.07171653
159,1.57048249763482,13,0.07131492
159,1.57048249763482,14,0.07139933
159,1.57048249763482,15,0.0711988
160,1.58024842066713,0,0.07129143
160,1.58024842066713,1,0.07138176
160,1.58024842066713,2,0.07142061
160,1.58024842066713,3,0.07122027
160,1.58024842066713,4,0.0712687
160,1.58024842066713,5,0.07117456
160,1.58024842066713,6,0.07104941
160,1.58024842066713,7,0.07113678
160,1.58024842066713,8,0.07107415
160,1.58024842066713,9,0.07118124
160,1.58024842066713,10,0.07105719
160,1.58024842066713,11,0.07094839
160,1.58024842066713,12,0.07105909
160,1.58024842066713,13,0.07087035
160,1.58024842066713,14,0.07107434
160,1.58024842066713,15,0.07097418
161,1.59062471388897,0,0.07102337
161,1.59062471388897,1,0.07122124
161,1.59062471388897,2,0.07107124
161,1.59062471388897,3,0.07138659
161,1.59062471388897,4,0.07127758
161,1.59062471388897,5,0.07128816
161,1.59062471388897,6,0.07118826
161,1.59062471388897,7,0.07107726
161,1.59062471388897,8,0.07115815
161,1.59062471388897,9,0.07106271
161,1.59062471388897,10,0.07109954
161,1.59062471388897,11,0.07122349
161,1.59062471388897,12,0.07121917
161,1.59062471388897,13,0.07110275
161,1.59062471388897,14,0.07102397
161,1.59062471388897,15,0.07127362
162,1.60100100711081,0,0.07148489
162,1.60100100711081,1,0.07141665
162,1.60100100711081,2,0.07139174
162,1.60100100711081,3,0.07142317
162,1.60100100711081,4,0.07140826
162,1.60100100711081,5,0.07126515
162,1.60100100711081,6,0.07148625
162,1.60100100711081,7,0.07141438
162,1.60100100711081,8,0.07134698
162,1.60100100711081,9,0.0713528
162,1.60100100711081,10,0.07122274
162,1.60100100711081,11,0.07104349
162,1.60100100711081,12,0.07126569
162,1.60100100711081,13,0.07128086
162,1.60100100711081,14,0.07106772
162,1.60100100711081,15,0.07125922
163,1.61076693014313,0,0.07110817
163,1.61076693014313,1,0.07117732
163,1.61076693014313,2,0.07137961
163,1.61076693014313,3,0.07148162
163,1.61076693014313,4,0.07117225
163,1.61076693014313,5,0.07124547
163,1.61076693014313,6,0.07125691
163,1.61076693014313,7,0.07093926
163,1.61076693014313,8,0.07111324
163,1.61076693014313,9,0.07105979
163,1.61076693014313,10,0.07135276
163,1.61076693014313,11,0.07114425
163,1.61076693014313,12,0.07129184
163,1.61076693014313,13,0.07137123
163,1.61076693014313,14,0.07141092
163,1.61076693014313,15,0.07109026
164,1.62053285317545,0,0.07122158
164,1.62053285317545,1,0.0710192
164,1.62053285317545,2,0.07115384
164,1.62053285317545,3,0.07108881
164,1.62053285317545,4,0.07118053
164,1.62053285317545,5,0.07121326
164,1.62053285317545,6,0.07138085
164,1.62053285317545,7,0.07140183
164,1.62053285317545,8,0.07144012
164,1.62053285317545,9,0.07124366
164,1.62053285317545,10,0.07106125
164,1.62053285317545,11,0.07123268
164,1.62053285317545,12,0.07131543
164,1.62053285317545,13,0.07101292
164,1.62053285317545,14,0.07108789
164,1.62053285317545,15,0.07122153
165,1.63090914639729,0,0.07111123
165,1.63090914639729,1,0.07111514
165,1.63090914639729,2,0.0711849
165,1.63090914639729,3,0.07102206
165,1.63090914639729,4,0.07148669
165,1.63090914639729,5,0.07112359
165,1.63090914639729,6,0.07120904
165,1.63090914639729,7,0.07117894
165,1.63090914639729,8,0.07126965
165,1.63090914639729,9,0.07090634
165,1.63090914639729,10,0.07142663
165,1.63090914639729,11,0.07116929
165,1.63090914639729,12,0.07122349
165,1.63090914639729,13,0.0709241
165,1.63090914639729,14,0.07126574
165,1.63090914639729,15,0.07111514
166,1.64128543961913,0,0.07109161
166,1.64128543961913,1,0.07082981
166,1.64128543961913,2,0.07078886
166,1.64128543961913,3,0.07118265
166,1.64128543961913,4,0.07131999
166,1.64128543961913,5,0.07126564
166,1.64128543961913,6,0.07109002
166,1.64128543961913,7,0.07083689
166,1.64128543961913,8,0.07110246
166,1.64128543961913,9,0.07096203
166,1.64128543961913,10,0.07079002
166,1.64128543961913,11,0.07140896
166,1.64128543961913,12,0.07096148
166,1.64128543961913,13,0.07104605
166,1.64128543961913,14,0.07084572
166,1.64128543961913,15,0.07108499
167,1.65044099246193,0,0.0711047
167,1.65044099246193,1,0.0711039
167,1.65044099246193,2,0.07091647
167,1.65044099246193,3,0.07102668
167,1.65044099246193,4,0.07115836
167,1.65044099246193,5,0.07107038
167,1.65044099246193,6,0.07142427
167,1.65044099246193,7,0.07127418
167,1.65044099246193,8,0.07121135
167,1.65044099246193,9,0.07141915
167,1.65044099246193,10,0.07142712
167,1.65044099246193,11,0.07129003
167,1.65044099246193,12,0.07122043
167,1.65044099246193,13,0.07134739
167,1.65044099246193,14,0.07136279
167,1.65044099246193,15,0.07141243
168,1.66081728568377,0,0.07160226
168,1.66081728568377,1,0.07128828
168,1.66081728568377,2,0.07147154
168,1.66081728568377,3,0.07138598
168,1.66081728568377,4,0.07139166
168,1.66081728568377,5,0.0713772
168,1.66081728568377,6,0.0714485
168,1.66081728568377,7,0.07145402
168,1.66081728568377,8,0.07141487
168,1.66081728568377,9,0.07127733
168,1.66081728568377,10,0.07116237
168,1.66081728568377,11,0.07127452
168,1.66081728568377,12,0.07174368
168,1.66081728568377,13,0.07144429
168,1.66081728568377,14,0.07183866
168,1.66081728568377,15,0.07157787
169,1.67119357890561,0,0.07129163
169,1.67119357890561,1,0.07139912
169,1.67119357890561,2,0.07147599
169,1.67119357890561,3,0.07129379
169,1.67119357890561,4,0.07142777
169,1.67119357890561,5,0.07109894
169,1.67119357890561,6,0.07122915
169,1.67119357890561,7,0.07122114
169,1.67119357890561,8,0.07115625
169,1.67119357890561,9,0.07122885
169,1.67119357890561,10,0.07135311
169,1.67119357890561,11,0.07141117
169,1.67119357890561,12,0.0709509
169,1.67119357890561,13,0.07111771
169,1.67119357890561,14,0.07123387
169,1.67119357890561,15,0.0712119
170,1.67973876155889,0,0.07150718
170,1.67973876155889,1,0.07166323
170,1.67973876155889,2,0.07153647
170,1.67973876155889,3,0.07154068
170,1.67973876155889,4,0.071132
170,1.67973876155889,5,0.07104715
170,1.67973876155889,6,0.07125054
170,1.67973876155889,7,0.07138116
170,1.67973876155889,8,0.07135156
170,1.67973876155889,9,0.07140996
170,1.67973876155889,10,0.07120416
170,1.67973876155889,11,0.07141954
170,1.67973876155889,12,0.07135247
170,1.67973876155889,13,0.07116237
170,1.67973876155889,14,0.07126379
170,1.67973876155889,15,0.07128426
171,1.69133579515976,0,0.07099025
171,1.69133579515976,1,0.07128214
171,1.69133579515976,2,0.07123043
171,1.69133579515976,3,0.07141217
171,1.69133579515976,4,0.07107992
171,1.69133579515976,5,0.07121425
171,1.69133579515976,6,0.07144374
171,1.69133579515976,7,0.07107531
171,1.69133579515976,8,0.07111756
171,1.69133579515976,9,0.07121126
171,1.69133579515976,10,0.07139145
171,1.69133579515976,11,0.07147943
171,1.69133579515976,12,0.07125791
171,1.69133579515976,13,0.07135633
171,1.69133579515976,14,0.07111459
171,1.69133579515976,15,0.07113527
172,1.70110171819208,0,0.07132797
172,1.70110171819208,1,0.0713955
172,1.70110171819208,2,0.07144388
172,1.70110171819208,3,0.07130022
172,1.70110171819208,4,0.07126278
172,1.70110171819208,5,0.07127001
172,1.70110171819208,6,0.0713492
172,1.70110171819208,7,0.07135365
172,1.70110171819208,8,0.07142422
172,1.70110171819208,9,0.07139616
172,1.70110171819208,10,0.07111047
172,1.70110171819208,11,0.07117557
172,1.70110171819208,12,0.07141735
172,1.70110171819208,13,0.07139688
172,1.70110171819208,14,0.07145929
172,1.70110171819208,15,0.07130548
173,1.7108676412244,0,0.07126812
173,1.7108676412244,1,0.0712942
173,1.7108676412244,2,0.07129138
173,1.7108676412244,3,0.07142437
173,1.7108676412244,4,0.07150007
173,1.7108676412244,5,0.07152664
173,1.7108676412244,6,0.07138895
173,1.7108676412244,7,0.07148954
173,1.7108676412244,8,0.07143755
173,1.7108676412244,9,0.07164337
173,1.7108676412244,10,0.07153385
173,1.7108676412244,11,0.07130679
173,1.7108676412244,12,0.07123247
173,1.7108676412244,13,0.07139033
173,1.7108676412244,14,0.07124282
173,1.7108676412244,15,0.07143541
174,1.72124393444624,0,0.07145546
174,1.72124393444624,1,0.07146426
174,1.72124393444624,2,0.07145076
174,1.72124393444624,3,0.07138267
174,1.72124393444624,4,0.07140329
174,1.72124393444624,5,0.07146819
174,1.72124393444624,6,0.07160131
174,1.72124393444624,7,0.07170963
174,1.72124393444624,8,0.07176635
174,1.72124393444624,9,0.07158373
174,1.72124393444624,10,0.0714169
174,1.72124393444624,11,0.07173342
174,1.72124393444624,12,0.07162914
174,1.72124393444624,13,0.0716235
174,1.72124393444624,14,0.07140991
174,1.72124393444624,15,0.07184399
175,1.73039948728904,0,0.07155114
175,1.73039948728904,1,0.07151385
175,1.73039948728904,2,0.07130364
175,1.73039948728904,3,0.0711057
175,1.73039948728904,4,0.07125707
175,1.73039948728904,5,0.07135898
175,1.73039948728904,6,0.07136922
175,1.73039948728904,7,0.07115575
175,1.73039948728904,8,0.07142182
175,1.73039948728904,9,0.07138006
175,1.73039948728904,10,0.07123813
175,1.73039948728904,11,0.07142717
175,1.73039948728904,12,0.0712565
175,1.73039948728904,13,0.07122048
175,1.73039948728904,14,0.07126945
175,1.73039948728904,15,0.07122344
176,1.74016541032136,0,0.07144954
176,1.74016541032136,1,0.07147305
176,1.74016541032136,2,0.07139672
176,1.74016541032136,3,0.07177886
176,1.74016541032136,4,0.07161043
176,1.74016541032136,5,0.07132118
176,1.74016541032136,6,0.07116101
176,1.74016541032136,7,0.07115313
176,1.74016541032136,8,0.07122474
176,1.74016541032136,9,0.07128546
176,1.74016541032136,10,0.07119533
176,1.74016541032136,11,0.071032
176,1.74016541032136,12,0.07128236
176,1.74016541032136,13,0.07115872
176,1.74016541032136,14,0.07078821
176,1.74016541032136,15,0.07107358
177,1.75115207373272,0,0.07160543
177,1.75115207373272,1,0.07183195
177,1.75115207373272,2,0.07156938
177,1.75115207373272,3,0.07146562
177,1.75115207373272,4,0.07160719
177,1.75115207373272,5,0.07164566
177,1.75115207373272,6,0.07167052
177,1.75115207373272,7,0.07137845
177,1.75115207373272,8,0.07122879
177,1.75115207373272,9,0.07153793
177,1.75115207373272,10,0.07142056
177,1.75115207373272,11,0.07150335
177,1.75115207373272,12,0.07163829
177,1.75115207373272,13,0.07151606
177,1.75115207373272,14,0.07172811
177,1.75115207373272,15,0.07168923
178,1.76030762657552,0,0.07135699
178,1.76030762657552,1,0.07153588
178,1.76030762657552,2,0.0714438
178,1.76030762657552,3,0.07178395
178,1.76030762657552,4,0.07192809
178,1.76030762657552,5,0.07167304
178,1.76030762657552,6,0.0717645
178,1.76030762657552,7,0.0716576
178,1.76030762657552,8,0.07151309
178,1.76030762657552,9,0.07171009
178,1.76030762657552,10,0.07140414
178,1.76030762657552,11,0.07124642
178,1.76030762657552,12,0.07156532
178,1.76030762657552,13,0.07174628
178,1.76030762657552,14,0.07150949
178,1.76030762657552,15,0.07184579
179,1.77068391979736,0,0.07223497
179,1.77068391979736,1,0.07222131
179,1.77068391979736,2,0.07205936
179,1.77068391979736,3,0.07235817
179,1.77068391979736,4,0.07190891
179,1.77068391979736,5,0.07211767
179,1.77068391979736,6,0.07201294
179,1.77068391979736,7,0.07204446
179,1.77068391979736,8,0.07182471
179,1.77068391979736,9,0.0720565
179,1.77068391979736,10,0.07169731
179,1.77068391979736,11,0.07178272
179,1.77068391979736,12,0.07187606
179,1.77068391979736,13,0.07193179
179,1.77068391979736,14,0.0719039
179,1.77068391979736,15,0.07174844
180,1.78044984282968,0,0.07213942
180,1.78044984282968,1,0.0719099
180,1.78044984282968,2,0.0719274
180,1.78044984282968,3,0.07185282
180,1.78044984282968,4,0.07201034
180,1.78044984282968,5,0.07182487
180,1.78044984282968,6,0.0719873
180,1.78044984282968,7,0.0718476
180,1.78044984282968,8,0.07181579
180,1.78044984282968,9,0.07187209
180,1.78044984282968,10,0.07199755
180,1.78044984282968,11,0.07196291
180,1.78044984282968,12,0.07198656
180,1.78044984282968,13,0.07164707
180,1.78044984282968,14,0.07198767
180,1.78044984282968,15,0.07186731
181,1.79082613605152,0,0.0719879
181,1.79082613605152,1,0.07222944
181,1.79082613605152,2,0.07210901
181,1.79082613605152,3,0.07209935
181,1.79082613605152,4,0.07220875
181,1.79082613605152,5,0.07187791
181,1.79082613605152,6,0.07201847
181,1.79082613605152,7,0.07221384
181,1.79082613605152,8,0.07199251
181,1.79082613605152,9,0.07219076
181,1.79082613605152,10,0.07192567
181,1.79082613605152,11,0.07220785
181,1.79082613605152,12,0.07188267
181,1.79082613605152,13,0.07206713
181,1.79082613605152,14,0.07193424
181,1.79082613605152,15,0.07198563
182,1.80059205908383,0,0.07207699
182,1.80059205908383,1,0.07186069
182,1.80059205908383,2,0.07199222
182,1.80059205908383,3,0.07215957
182,1.80059205908383,4,0.07204235
182,1.80059205908383,5,0.07189613
182,1.80059205908383,6,0.0716419
182,1.80059205908383,7,0.07206945
182,1.80059205908383,8,0.07179275
182,1.80059205908383,9,0.07174898
182,1.80059205908383,10,0.07178403
182,1.80059205908383,11,0.07203728
182,1.80059205908383,12,0.07207336
182,1.80059205908383,13,0.07183655
182,1.80059205908383,14,0.07191082
182,1.80059205908383,15,0.07224048
183,1.81035798211615,0,0.07205254
183,1.81035798211615,1,0.07199912
183,1.81035798211615,2,0.07179672
183,1.81035798211615,3,0.07204673
183,1.81035798211615,4,0.07226025
183,1.81035798211615,5,0.07209871
183,1.81035798211615,6,0.07200648
183,1.81035798211615,7,0.07249167
183,1.81035798211615,8,0.07223807
183,1.81035798211615,9,0.07216348
183,1.81035798211615,10,0.0721922
183,1.81035798211615,11,0.07219294
183,1.81035798211615,12,0.07237767
183,1.81035798211615,13,0.07232409
183,1.81035798211615,14,0.0722211
183,1.81035798211615,15,0.07235932
184,1.82134464552751,0,0.07243699
184,1.82134464552751,1,0.07239272
184,1.82134464552751,2,0.07213178
184,1.82134464552751,3,0.07202392
184,1.82134464552751,4,0.0723355
184,1.82134464552751,5,0.07216168
184,1.82134464552751,6,0.07226652
184,1.82134464552751,7,0.07241803
184,1.82134464552751,8,0.07238804
184,1.82134464552751,9,0.07237039
184,1.82134464552751,10,0.07213579
184,1.82134464552751,11,0.07224184
184,1.82134464552751,12,0.07217437
184,1.82134464552751,13,0.07186972
184,1.82134464552751,14,0.07228901
184,1.82134464552751,15,0.07248014
185,1.83050019837031,0,0.07204869
185,1.83050019837031,1,0.07219987
185,1.83050019837031,2,0.07210779
185,1.83050019837031,3,0.0723297
185,1.83050019837031,4,0.07214835
185,1.83050019837031,5,0.07199549
185,1.83050019837031,6,0.07213451
185,1.83050019837031,7,0.0721491
185,1.83050019837031,8,0.07215576
185,1.83050019837031,9,0.07212576
185,1.83050019837031,10,0.07191641
185,1.83050019837031,11,0.07227947
185,1.83050019837031,12,0.07201142
185,1.83050019837031,13,0.07228227
185,1.83050019837031,14,0.07202815
185,1.83050019837031,15,0.07239372
186,1.84026612140263,0,0.07201255
186,1.84026612140263,1,0.07212135
186,1.84026612140263,2,0.07205967
186,1.84026612140263,3,0.07185853
186,1.84026612140263,4,0.07204016
186,1.84026612140263,5,0.0722219
186,1.84026612140263,6,0.07229087
186,1.84026612140263,7,0.07230901
186,1.84026612140263,8,0.07264384
186,1.84026612140263,9,0.07234591
186,1.84026612140263,10,0.07215352
186,1.84026612140263,11,0.07218572
186,1.84026612140263,12,0.07235955
186,1.84026612140263,13,0.07214483
186,1.84026612140263,14,0.07237973
186,1.84026612140263,15,0.0721525
187,1.85064241462447,0,0.07193535
187,1.85064241462447,1,0.07222985
187,1.85064241462447,2,0.07219864
187,1.85064241462447,3,0.07210748
187,1.85064241462447,4,0.07243156
187,1.85064241462447,5,0.07228058
187,1.85064241462447,6,0.07212761
187,1.85064241462447,7,0.0721685
187,1.85064241462447,8,0.07183375
187,1.85064241462447,9,0.0722904
187,1.85064241462447,10,0.07216565
187,1.85064241462447,11,0.07203901
187,1.85064241462447,12,0.07229864
187,1.85064241462447,13,0.072208
187,1.85064241462447,14,0.07193447
187,1.85064241462447,15,0.07229067
188,1.86101870784631,0,0.07256303
188,1.86101870784631,1,0.07254708
188,1.86101870784631,2,0.07239208
188,1.86101870784631,3,0.07215345
188,1.86101870784631,4,0.07243212
188,1.86101870784631,5,0.07273221
188,1.86101870784631,6,0.07251335
188,1.86101870784631,7,0.07223317
188,1.86101870784631,8,0.0724112
188,1.86101870784631,9,0.07224625
188,1.86101870784631,10,0.07250978
188,1.86101870784631,11,0.07249273
188,1.86101870784631,12,0.0722668
188,1.86101870784631,13,0.07235729
188,1.86101870784631,14,0.07210231
188,1.86101870784631,15,0.07215239
189,1.87017426068911,0,0.07218902
189,1.87017426068911,1,0.07225195
189,1.87017426068911,2,0.07237765
189,1.87017426068911,3,0.07219897
189,1.87017426068911,4,0.07248084
189,1.87017426068911,5,0.07209714
189,1.87017426068911,6,0.07245727
189,1.87017426068911,7,0.07263313
189,1.87017426068911,8,0.07243402
189,1.87017426068911,9,0.0720433
189,1.87017426068911,10,0.07246012
189,1.87017426068911,11,0.07229938
189,1.87017426068911,12,0.07245817
189,1.87017426068911,13,0.07250212
189,1.87017426068911,14,0.07220684
189,1.87017426068911,15,0.07250196
190,1.88116092410047,0,0.07213744
190,1.88116092410047,1,0.07215954
190,1.88116092410047,2,0.07214187
190,1.88116092410047,3,0.07201219
190,1.88116092410047,4,0.07209549
190,1.88116092410047,5,0.07197171
190,1.88116092410047,6,0.07186427
190,1.88116092410047,7,0.07198098
190,1.88116092410047,8,0.07247731
190,1.88116092410047,9,0.07247207
190,1.88116092410047,10,0.07238124
190,1.88116092410047,11,0.07215275
190,1.88116092410047,12,0.07249298
190,1.88116092410047,13,0.0721237
190,1.88116092410047,14,0.07209902
190,1.88116092410047,15,0.07186321
191,1.89031647694327,0,0.0720984
191,1.89031647694327,1,0.07207478
191,1.89031647694327,2,0.07222833
191,1.89031647694327,3,0.0720028
191,1.89031647694327,4,0.0721762
191,1.89031647694327,5,0.07189211
191,1.89031647694327,6,0.07198463
191,1.89031647694327,7,0.07216711
191,1.89031647694327,8,0.07187395
191,1.89031647694327,9,0.07182145
191,1.89031647694327,10,0.0719554
191,1.89031647694327,11,0.07238675
191,1.89031647694327,12,0.07229288
191,1.89031647694327,13,0.07204372
191,1.89031647694327,14,0.0722323
191,1.89031647694327,15,0.0721536
192,1.9006927701651,0,0.07245415
192,1.9006927701651,1,0.0725251
192,1.9006927701651,2,0.07246784
192,1.9006927701651,3,0.0725674
192,1.9006927701651,4,0.07251871
192,1.9006927701651,5,0.07214477
192,1.9006927701651,6,0.07230446
192,1.9006927701651,7,0.07272657
192,1.9006927701651,8,0.07262937
192,1.9006927701651,9,0.07249071
192,1.9006927701651,10,0.07267211
192,1.9006927701651,11,0.07239985
192,1.9006927701651,12,0.07253256
192,1.9006927701651,13,0.07260519
192,1.9006927701651,14,0.0724008
192,1.9006927701651,15,0.07230926
193,1.91106906338694,0,0.0723718
193,1.91106906338694,1,0.07234044
193,1.91106906338694,2,0.07227694
193,1.91106906338694,3,0.07260513
193,1.91106906338694,4,0.07261252
193,1.91106906338694,5,0.07293379
193,1.91106906338694,6,0.07266983
193,1.91106906338694,7,0.07283813
193,1.91106906338694,8,0.07248627
193,1.91106906338694,9,0.07246272
193,1.91106906338694,10,0.07231745
193,1.91106906338694,11,0.07261928
193,1.91106906338694,12,0.07270189
193,1.91106906338694,13,0.07250348
193,1.91106906338694,14,0.07257428
193,1.91106906338694,15,0.07250406
194,1.92083498641926,0,0.07273391
194,1.92083498641926,1,0.07235464
194,1.92083498641926,2,0.07238765
194,1.92083498641926,3,0.07254131
194,1.92083498641926,4,0.07252896
194,1.92083498641926,5,0.07220218
194,1.92083498641926,6,0.07226938
194,1.92083498641926,7,0.07227604
194,1.92083498641926,8,0.07245701
194,1.92083498641926,9,0.07248362
194,1.92083498641926,10,0.072818
194,1.92083498641926,11,0.07274394
194,1.92083498641926,12,0.07262693
194,1.92083498641926,13,0.07273169
194,1.92083498641926,14,0.07274737
194,1.92083498641926,15,0.07270939
195,1.93060090945158,0,0.07279798
195,1.93060090945158,1,0.0728536
195,1.93060090945158,2,0.07286227
195,1.93060090945158,3,0.07273965
195,1.93060090945158,4,0.0726654
195,1.93060090945158,5,0.072598
195,1.93060090945158,6,0.07272419
195,1.93060090945158,7,0.07252736
195,1.93060090945158,8,0.07252847
195,1.93060090945158,9,0.07254867
195,1.93060090945158,10,0.07261188
195,1.93060090945158,11,0.07235902
195,1.93060090945158,12,0.07269593
195,1.93060090945158,13,0.07241359
195,1.93060090945158,14,0.07274287
195,1.93060090945158,15,0.0725654
196,1.94097720267342,0,0.07295126
196,1.94097720267342,1,0.07269603
196,1.94097720267342,2,0.07287869
196,1.94097720267342,3,0.07272351
196,1.94097720267342,4,0.07257407
196,1.94097720267342,5,0.07253977
196,1.94097720267342,6,0.07265773
196,1.94097720267342,7,0.07298201
196,1.94097720267342,8,0.07264996
196,1.94097720267342,9,0.07241743
196,1.94097720267342,10,0.07251205
196,1.94097720267342,11,0.07276934
196,1.94097720267342,12,0.07271487
196,1.94097720267342,13,0.07285983
196,1.94097720267342,14,0.07240625
196,1.94097720267342,15,0.07263862
197,1.95074312570574,0,0.07252057
197,1.95074312570574,1,0.07254829
197,1.95074312570574,2,0.07247598
197,1.95074312570574,3,0.07261419
197,1.95074312570574,4,0.07258859
197,1.95074312570574,5,0.07242558
197,1.95074312570574,6,0.07272477
197,1.95074312570574,7,0.07239573
197,1.95074312570574,8,0.07244581
197,1.95074312570574,9,0.07237021
197,1.95074312570574,10,0.07265547
197,1.95074312570574,11,0.07259408
197,1.95074312570574,12,0.07251643
197,1.95074312570574,13,0.07229949
197,1.95074312570574,14,0.0726057
197,1.95074312570574,15,0.07248552
198,1.95989867854854,0,0.07248284
198,1.95989867854854,1,0.07258136
198,1.95989867854854,2,0.07289639
198,1.95989867854854,3,0.07258568
198,1.95989867854854,4,0.07303489
198,1.95989867854854,5,0.0727459
198,1.95989867854854,6,0.0727741
198,1.95989867854854,7,0.07264495
198,1.95989867854854,8,0.07247487
198,1.95989867854854,9,0.07286169
198,1.95989867854854,10,0.07296876
198,1.95989867854854,11,0.07276485
198,1.95989867854854,12,0.07286976
198,1.95989867854854,13,0.07274801
198,1.95989867854854,14,0.07276607
198,1.95989867854854,15,0.07240567
199,1.97027497177038,0,0.0728143
199,1.97027497177038,1,0.07244476
199,1.97027497177038,2,0.07261157
199,1.97027497177038,3,0.07258458
199,1.97027497177038,4,0.07248961
199,1.97027497177038,5,0.07272788
199,1.97027497177038,6,0.07287267
199,1.97027497177038,7,0.07271958
199,1.97027497177038,8,0.0723542
199,1.97027497177038,9,0.07246905
199,1.97027497177038,10,0.07271162
199,1.97027497177038,11,0.07223991
199,1.97027497177038,12,0.07261437
199,1.97027497177038,13,0.07272974
199,1.97027497177038,14,0.07264865
199,1.97027497177038,15,0.07251021
200,1.9800408948027,0,0.07244242
200,1.9800408948027,1,0.07253612
200,1.9800408948027,2,0.0726712
200,1.9800408948027,3,0.07244605
200,1.9800408948027,4,0.07245389
200,1.9800408948027,5,0.0726206
200,1.9800408948027,6,0.07255621
200,1.9800408948027,7,0.07261474
200,1.9800408948027,8,0.07223722
200,1.9800408948027,9,0.07238062
200,1.9800408948027,10,0.07252217
200,1.9800408948027,11,0.07246149
200,1.9800408948027,12,0.0722369
200,1.9800408948027,13,0.07231027
200,1.9800408948027,14,0.07208136
200,1.9800408948027,15,0.07229336
