position,voltage_mean,voltage_std,n_samples
-0.00610370189519944,0.0089119035625,0.00017740541745320536,16
0.98330637531663,0.0089583336875,0.00014302804275548512,16
1.97576830347606,0.009094195187500001,0.0004032586470200017,16
2.96884060182501,0.01653288,0.00019261917551220066,16
3.95886104922636,0.017307940625,0.00025936639167567494,16
4.9488814966277,0.017510268125,0.0002686856340414098,16
