pos_index,position,sample_index,voltage
0,-0.0122074037903989,0,0.07622485
0,-0.0122074037903989,1,0.07616273
0,-0.0122074037903989,2,0.07620282
0,-0.0122074037903989,3,0.07639998
0,-0.0122074037903989,4,0.07625217
0,-0.0122074037903989,5,0.07623144
0,-0.0122074037903989,6,0.07595837
0,-0.0122074037903989,7,0.07630002
0,-0.0122074037903989,8,0.07628759
0,-0.0122074037903989,9,0.07628933
0,-0.0122074037903989,10,0.07626511
0,-0.0122074037903989,11,0.07640573
1,-0.0115970336008789,0,0.07634128
1,-0.0115970336008789,1,0.07635348
1,-0.0115970336008789,2,0.07640478
1,-0.0115970336008789,3,0.07642491
1,-0.0115970336008789,4,0.07610224
1,-0.0115970336008789,5,0.07600554
1,-0.0115970336008789,6,0.07666701
1,-0.0115970336008789,7,0.07612924
1,-0.0115970336008789,8,0.07603221
1,-0.0115970336008789,9,0.0764558
1,-0.0115970336008789,10,0.07618956
1,-0.0115970336008789,11,0.07606099
1,-0.0115970336008789,12,0.07637332
1,-0.0115970336008789,13,0.07623991
1,-0.0115970336008789,14,0.07619168
1,-0.0115970336008789,15,0.076235
2,-0.00366222113711966,0,0.07601192
2,-0.00366222113711966,1,0.07629666
2,-0.00366222113711966,2,0.0758975
2,-0.00366222113711966,3,0.07600684
2,-0.00366222113711966,4,0.07623627
2,-0.00366222113711966,5,0.07614522
2,-0.00366222113711966,6,0.07577495
2,-0.00366222113711966,7,0.0762117
2,-0.00366222113711966,8,0.07630308
2,-0.00366222113711966,9,0.07614852
2,-0.00366222113711966,10,0.07618761
2,-0.00366222113711966,11,0.07605089
2,-0.00366222113711966,12,0.07613765
2,-0.00366222113711966,13,0.07628106
2,-0.00366222113711966,14,0.07613876
2,-0.00366222113711966,15,0.07610548
3,0.00610370189519944,0,0.07632042
3,0.00610370189519944,1,0.07608301
3,0.00610370189519944,2,0.07624091
3,0.00610370189519944,3,0.07614256
3,0.00610370189519944,4,0.0761808
3,0.00610370189519944,5,0.07587379
3,0.00610370189519944,6,0.07596461
3,0.00610370189519944,7,0.07607252
3,0.00610370189519944,8,0.07639676
3,0.00610370189519944,9,0.07612994
3,0.00610370189519944,10,0.07625903
3,0.00610370189519944,11,0.07639819
3,0.00610370189519944,12,0.07595889
3,0.00610370189519944,13,0.07604102
3,0.00610370189519944,14,0.07607018
3,0.00610370189519944,15,0.07611239
4,0.0164799951170385,0,0.07596016
4,0.0164799951170385,1,0.07604916
4,0.0164799951170385,2,0.07612487
4,0.0164799951170385,3,0.07610089
4,0.0164799951170385,4,0.07613447
4,0.0164799951170385,5,0.07610224
4,0.0164799951170385,6,0.07593855
4,0.0164799951170385,7,0.07622068
4,0.0164799951170385,8,0.07573322
4,0.0164799951170385,9,0.07589851
4,0.0164799951170385,10,0.07601002
4,0.0164799951170385,11,0.07589544
4,0.0164799951170385,12,0.07582892
4,0.0164799951170385,13,0.07607881
4,0.0164799951170385,14,0.07586227
4,0.0164799951170385,15,0.07609598
5,0.0250251777703177,0,0.07584357
5,0.0250251777703177,1,0.07612275
5,0.0250251777703177,2,0.0762995
5,0.0250251777703177,3,0.07602456
5,0.0250251777703177,4,0.07602233
5,0.0250251777703177,5,0.07617076
5,0.0250251777703177,6,0.07617589
5,0.0250251777703177,7,0.07610051
5,0.0250251777703177,8,0.07635633
5,0.0250251777703177,9,0.07604135
5,0.0250251777703177,10,0.07612186
5,0.0250251777703177,11,0.07597152
5,0.0250251777703177,12,0.0760373
5,0.0250251777703177,13,0.07624403
5,0.0250251777703177,14,0.0761464
5,0.0250251777703177,15,0.07611963
6,0.0360118411816767,0,0.07627515
6,0.0360118411816767,1,0.07617828
6,0.0360118411816767,2,0.07594896
6,0.0360118411816767,3,0.07612883
6,0.0360118411816767,4,0.07583132
6,0.0360118411816767,5,0.07611931
6,0.0360118411816767,6,0.07617847
6,0.0360118411816767,7,0.07600912
6,0.0360118411816767,8,0.07605413
6,0.0360118411816767,9,0.0760982
6,0.0360118411816767,10,0.07629356
6,0.0360118411816767,11,0.07619654
6,0.0360118411816767,12,0.07616504
6,0.0360118411816767,13,0.07640313
6,0.0360118411816767,14,0.07623722
6,0.0360118411816767,15,0.07608166
7,0.0457777642139958,0,0.07660779
7,0.0457777642139958,1,0.07655901
7,0.0457777642139958,2,0.07646082
7,0.0457777642139958,3,0.07652137
7,0.0457777642139958,4,0.07606036
7,0.0457777642139958,5,0.07623896
7,0.0457777642139958,6,0.0760124
7,0.0457777642139958,7,0.0760583
7,0.0457777642139958,8,0.07603522
7,0.0457777642139958,9,0.07609622
7,0.0457777642139958,10,0.07608584
7,0.0457777642139958,11,0.07614575
7,0.0457777642139958,12,0.07603343
7,0.0457777642139958,13,0.07617489
7,0.0457777642139958,14,0.07615221
7,0.0457777642139958,15,0.07609644
8,0.0555436872463149,0,0.0758796
8,0.0555436872463149,1,0.07582361
8,0.0555436872463149,2,0.07588784
8,0.0555436872463149,3,0.07594896
8,0.0555436872463149,4,0.07593735
8,0.0555436872463149,5,0.07620044
8,0.0555436872463149,6,0.07610273
8,0.0555436872463149,7,0.0758404
8,0.0555436872463149,8,0.07593518
8,0.0555436872463149,9,0.07608602
8,0.0555436872463149,10,0.07637706
8,0.0555436872463149,11,0.07623684
8,0.0555436872463149,12,0.0760583
8,0.0555436872463149,13,0.07623696
8,0.0555436872463149,14,0.07600003
8,0.0555436872463149,15,0.07612031
9,0.065309610278634,0,0.07597221
9,0.065309610278634,1,0.07625876
9,0.065309610278634,2,0.07624075
9,0.065309610278634,3,0.07628312
9,0.065309610278634,4,0.07645993
9,0.065309610278634,5,0.07607909
9,0.065309610278634,6,0.07608111
9,0.065309610278634,7,0.07634117
9,0.065309610278634,8,0.07599016
9,0.065309610278634,9,0.07623071
9,0.065309610278634,10,0.07601721
9,0.065309610278634,11,0.07632617
9,0.065309610278634,12,0.07641877
9,0.065309610278634,13,0.07627916
9,0.065309610278634,14,0.07634334
9,0.065309610278634,15,0.07625619
10,0.076296273689993,0,0.07645184
10,0.076296273689993,1,0.0765811
10,0.076296273689993,2,0.07652595
10,0.076296273689993,3,0.07625708
10,0.076296273689993,4,0.0764264
10,0.076296273689993,5,0.0762089
10,0.076296273689993,6,0.07623093
10,0.076296273689993,7,0.07636854
10,0.076296273689993,8,0.07656509
10,0.076296273689993,9,0.07634374
10,0.076296273689993,10,0.07646494
10,0.076296273689993,11,0.07636626
10,0.076296273689993,12,0.07617752
10,0.076296273689993,13,0.07613854
10,0.076296273689993,14,0.07646573
10,0.076296273689993,15,0.07631361
11,0.0854518265327921,0,0.07612053
11,0.0854518265327921,1,0.07590998
11,0.0854518265327921,2,0.07625586
11,0.0854518265327921,3,0.07605915
11,0.0854518265327921,4,0.07646839
11,0.0854518265327921,5,0.07614372
11,0.0854518265327921,6,0.07626405
11,0.0854518265327921,7,0.07617763
11,0.0854518265327921,8,0.07614635
11,0.0854518265327921,9,0.07643472
11,0.0854518265327921,10,0.07633303
11,0.0854518265327921,11,0.07620288
11,0.0854518265327921,12,0.0761575
11,0.0854518265327921,13,0.07615248
11,0.0854518265327921,14,0.07619998
11,0.0854518265327921,15,0.07607938
12,0.0958281197546312,0,0.07625391
12,0.0958281197546312,1,0.07618756
12,0.0958281197546312,2,0.07608
12,0.0958281197546312,3,0.07620975
12,0.0958281197546312,4,0.07643958
12,0.0958281197546312,5,0.07601397
12,0.0958281197546312,6,0.07615522
12,0.0958281197546312,7,0.07619832
12,0.0958281197546312,8,0.0764587
12,0.0958281197546312,9,0.07646673
12,0.0958281197546312,10,0.07626164
12,0.0958281197546312,11,0.07609834
12,0.0958281197546312,12,0.07608969
12,0.0958281197546312,13,0.0762491
12,0.0958281197546312,14,0.07620378
12,0.0958281197546312,15,0.0761521
13,0.10681478316599,0,0.07634117
13,0.10681478316599,1,0.07630531
13,0.10681478316599,2,0.0763144
13,0.10681478316599,3,0.07622228
13,0.10681478316599,4,0.07614974
13,0.10681478316599,5,0.0761492
13,0.10681478316599,6,0.07628239
13,0.10681478316599,7,0.07617304
13,0.10681478316599,8,0.07634925
13,0.10681478316599,9,0.07631429
13,0.10681478316599,10,0.07627051
13,0.10681478316599,11,0.07645919
13,0.10681478316599,12,0.07629605
13,0.10681478316599,13,0.07641359
13,0.10681478316599,14,0.07608025
13,0.10681478316599,15,0.07664444
14,0.115359965819269,0,0.07603907
14,0.115359965819269,1,0.07618845
14,0.115359965819269,2,0.0762487
14,0.115359965819269,3,0.076251
14,0.115359965819269,4,0.07630075
14,0.115359965819269,5,0.07633453
14,0.115359965819269,6,0.07615281
14,0.115359965819269,7,0.07636932
14,0.115359965819269,8,0.07639748
14,0.115359965819269,9,0.07634646
14,0.115359965819269,10,0.07608271
14,0.115359965819269,11,0.07646769
14,0.115359965819269,12,0.07618994
14,0.115359965819269,13,0.07627314
14,0.115359965819269,14,0.0763885
14,0.115359965819269,15,0.07615037
15,0.126346629230628,0,0.07611931
15,0.126346629230628,1,0.07608017
15,0.126346629230628,2,0.0759135
15,0.126346629230628,3,0.07613357
15,0.126346629230628,4,0.07624409
15,0.126346629230628,5,0.07614256
15,0.126346629230628,6,0.07633726
15,0.126346629230628,7,0.07620763
15,0.126346629230628,8,0.07626494
15,0.126346629230628,9,0.07609928
15,0.126346629230628,10,0.0759533
15,0.126346629230628,11,0.0758012
15,0.126346629230628,12,0.07604653
15,0.126346629230628,13,0.07601906
15,0.126346629230628,14,0.07596903
15,0.126346629230628,15,0.07646931
16,0.135502182073428,0,0.07645163
16,0.135502182073428,1,0.07614049
16,0.135502182073428,2,0.07628328
16,0.135502182073428,3,0.0763633
16,0.135502182073428,4,0.07633298
16,0.135502182073428,5,0.07615793
16,0.135502182073428,6,0.07615208
16,0.135502182073428,7,0.07592698
16,0.135502182073428,8,0.07598636
16,0.135502182073428,9,0.07608684
16,0.135502182073428,10,0.07627064
16,0.135502182073428,11,0.07627341
16,0.135502182073428,12,0.07604742
16,0.135502182073428,13,0.07603338
16,0.135502182073428,14,0.07568082
16,0.135502182073428,15,0.07581252
17,0.146488845484787,0,0.07625095
17,0.146488845484787,1,0.07630821
17,0.146488845484787,2,0.07637646
17,0.146488845484787,3,0.07636102
17,0.146488845484787,4,0.07607509
17,0.146488845484787,5,0.07605958
17,0.146488845484787,6,0.0762484
17,0.146488845484787,7,0.07610826
17,0.146488845484787,8,0.07608836
17,0.146488845484787,9,0.07620641
17,0.146488845484787,10,0.07606289
17,0.146488845484787,11,0.07603194
17,0.146488845484787,12,0.07613558
17,0.146488845484787,13,0.07640579
17,0.146488845484787,14,0.07621816
17,0.146488845484787,15,0.07602407
18,0.155034028138066,0,0.076538
18,0.155034028138066,1,0.07641973
18,0.155034028138066,2,0.07634903
18,0.155034028138066,3,0.07619781
18,0.155034028138066,4,0.07652896
18,0.155034028138066,5,0.07617473
18,0.155034028138066,6,0.07658712
18,0.155034028138066,7,0.07632528
18,0.155034028138066,8,0.07618191
18,0.155034028138066,9,0.07625401
18,0.155034028138066,10,0.07672004
18,0.155034028138066,11,0.07649204
18,0.155034028138066,12,0.07633854
18,0.155034028138066,13,0.07653767
18,0.155034028138066,14,0.07652522
18,0.155034028138066,15,0.07654534
19,0.166020691549425,0,0.0763996
19,0.166020691549425,1,0.07631931
19,0.166020691549425,2,0.07624677
19,0.166020691549425,3,0.07628239
19,0.166020691549425,4,0.07609533
19,0.166020691549425,5,0.07601731
19,0.166020691549425,6,0.0762273
19,0.166020691549425,7,0.07602963
19,0.166020691549425,8,0.07601319
19,0.166020691549425,9,0.07614841
19,0.166020691549425,10,0.07595766
19,0.166020691549425,11,0.07610954
19,0.166020691549425,12,0.07645887
19,0.166020691549425,13,0.07626004
19,0.166020691549425,14,0.07630192
19,0.166020691549425,15,0.076296
20,0.175786614581744,0,0.07611904
20,0.175786614581744,1,0.07624992
20,0.175786614581744,2,0.07611405
20,0.175786614581744,3,0.07622005
20,0.175786614581744,4,0.07604213
20,0.175786614581744,5,0.07628813
20,0.175786614581744,6,0.07624587
20,0.175786614581744,7,0.07591326
20,0.175786614581744,8,0.07606064
20,0.175786614581744,9,0.07602819
20,0.175786614581744,10,0.07576846
20,0.175786614581744,11,0.0758787
20,0.175786614581744,12,0.07630095
20,0.175786614581744,13,0.07636464
20,0.175786614581744,14,0.07641392
20,0.175786614581744,15,0.07597902
21,0.185552537614063,0,0.07601035
21,0.185552537614063,1,0.07607853
21,0.185552537614063,2,0.0760659
21,0.185552537614063,3,0.07616385
21,0.185552537614063,4,0.07650235
21,0.185552537614063,5,0.07630327
21,0.185552537614063,6,0.07606701
21,0.185552537614063,7,0.0761348
21,0.185552537614063,8,0.07618999
21,0.185552537614063,9,0.07622341
21,0.185552537614063,10,0.07625323
21,0.185552537614063,11,0.07635465
21,0.185552537614063,12,0.07628268
21,0.185552537614063,13,0.07648771
21,0.185552537614063,14,0.07620595
21,0.185552537614063,15,0.07590658
22,0.195318460646382,0,0.0759175
22,0.195318460646382,1,0.07597438
22,0.195318460646382,2,0.07590146
22,0.195318460646382,3,0.07621694
22,0.195318460646382,4,0.07607102
22,0.195318460646382,5,0.07580148
22,0.195318460646382,6,0.07586354
22,0.195318460646382,7,0.0760631
22,0.195318460646382,8,0.07625184
22,0.195318460646382,9,0.07618821
22,0.195318460646382,10,0.07590111
22,0.195318460646382,11,0.07593569
22,0.195318460646382,12,0.07584891
22,0.195318460646382,13,0.07581319
22,0.195318460646382,14,0.07611573
22,0.195318460646382,15,0.07593384
23,0.205694753868221,0,0.07610314
23,0.205694753868221,1,0.07618476
23,0.205694753868221,2,0.07591388
23,0.205694753868221,3,0.0760471
23,0.205694753868221,4,0.07584083
23,0.205694753868221,5,0.07598861
23,0.205694753868221,6,0.07593089
23,0.205694753868221,7,0.07596862
23,0.205694753868221,8,0.07570735
23,0.205694753868221,9,0.07592737
23,0.205694753868221,10,0.0758812
23,0.205694753868221,11,0.07615978
23,0.205694753868221,12,0.07602002
23,0.205694753868221,13,0.07607023
23,0.205694753868221,14,0.07566555
23,0.205694753868221,15,0.07601002
24,0.21607104709006,0,0.07591104
24,0.21607104709006,1,0.07609327
24,0.21607104709006,2,0.0758646
24,0.21607104709006,3,0.07593485
24,0.21607104709006,4,0.07575476
24,0.21607104709006,5,0.0757102
24,0.21607104709006,6,0.07552273
24,0.21607104709006,7,0.0756436
24,0.21607104709006,8,0.0757459
24,0.21607104709006,9,0.07573412
24,0.21607104709006,10,0.07598671
24,0.21607104709006,11,0.07591958
24,0.21607104709006,12,0.07579624
24,0.21607104709006,13,0.07559735
24,0.21607104709006,14,0.07585825
24,0.21607104709006,15,0.07580522
25,0.226447340311899,0,0.07601447
25,0.226447340311899,1,0.07605138
25,0.226447340311899,2,0.0761702
25,0.226447340311899,3,0.07629924
25,0.226447340311899,4,0.07580063
25,0.226447340311899,5,0.0757392
25,0.226447340311899,6,0.07572108
25,0.226447340311899,7,0.07609007
25,0.226447340311899,8,0.07590201
25,0.226447340311899,9,0.07584696
25,0.226447340311899,10,0.07596575
25,0.226447340311899,11,0.07665163
25,0.226447340311899,12,0.07630425
25,0.226447340311899,13,0.07634903
25,0.226447340311899,14,0.07629074
25,0.226447340311899,15,0.07610051
26,0.236213263344218,0,0.07600522
26,0.236213263344218,1,0.07614752
26,0.236213263344218,2,0.07619607
26,0.236213263344218,3,0.07623066
26,0.236213263344218,4,0.07605857
26,0.236213263344218,5,0.07601035
26,0.236213263344218,6,0.0761406
26,0.236213263344218,7,0.07618061
26,0.236213263344218,8,0.07626237
26,0.236213263344218,9,0.07611573
26,0.236213263344218,10,0.07643434
26,0.236213263344218,11,0.07607742
26,0.236213263344218,12,0.07630086
26,0.236213263344218,13,0.07597722
26,0.236213263344218,14,0.07597443
26,0.236213263344218,15,0.07607799
27,0.245368816187017,0,0.07626511
27,0.245368816187017,1,0.07639632
27,0.245368816187017,2,0.07623901
27,0.245368816187017,3,0.07642787
27,0.245368816187017,4,0.07636452
27,0.245368816187017,5,0.07633694
27,0.245368816187017,6,0.07603817
27,0.245368816187017,7,0.07645819
27,0.245368816187017,8,0.07641688
27,0.245368816187017,9,0.07622252
27,0.245368816187017,10,0.07632856
27,0.245368816187017,11,0.07619664
27,0.245368816187017,12,0.07604235
27,0.245368816187017,13,0.07592856
27,0.245368816187017,14,0.07639748
27,0.245368816187017,15,0.07617283
28,0.256355479598376,0,0.07613084
28,0.256355479598376,1,0.07594424
28,0.256355479598376,2,0.07584029
28,0.256355479598376,3,0.07592271
28,0.256355479598376,4,0.07612983
28,0.256355479598376,5,0.07592878
28,0.256355479598376,6,0.07598615
28,0.256355479598376,7,0.07620684
28,0.256355479598376,8,0.07617177
28,0.256355479598376,9,0.07625358
28,0.256355479598376,10,0.07634622
28,0.256355479598376,11,0.07602569
28,0.256355479598376,12,0.07583041
28,0.256355479598376,13,0.0760408
28,0.256355479598376,14,0.07613653
28,0.256355479598376,15,0.07600506
29,0.266121402630696,0,0.07641053
29,0.266121402630696,1,0.07613474
29,0.266121402630696,2,0.07606104
29,0.266121402630696,3,0.07641766
29,0.266121402630696,4,0.07614451
29,0.266121402630696,5,0.07630748
29,0.266121402630696,6,0.0761518
29,0.266121402630696,7,0.0764364
29,0.266121402630696,8,0.07615612
29,0.266121402630696,9,0.07607352
29,0.266121402630696,10,0.07616987
29,0.266121402630696,11,0.07630319
29,0.266121402630696,12,0.07629193
29,0.266121402630696,13,0.07604213
29,0.266121402630696,14,0.07625897
29,0.266121402630696,15,0.07627794
30,0.276497695852535,0,0.07593724
30,0.276497695852535,1,0.07603945
30,0.276497695852535,2,0.07601319
30,0.276497695852535,3,0.07601219
30,0.276497695852535,4,0.07599797
30,0.276497695852535,5,0.07598393
30,0.276497695852535,6,0.07610653
30,0.276497695852535,7,0.07594055
30,0.276497695852535,8,0.07595387
30,0.276497695852535,9,0.07612623
30,0.276497695852535,10,0.0760593
30,0.276497695852535,11,0.07589113
30,0.276497695852535,12,0.07591763
30,0.276497695852535,13,0.07600164
30,0.276497695852535,14,0.07584748
30,0.276497695852535,15,0.07592281
31,0.286263618884854,0,0.076033
31,0.286263618884854,1,0.07619624
31,0.286263618884854,2,0.07581173
31,0.286263618884854,3,0.07588489
31,0.286263618884854,4,0.07603014
31,0.286263618884854,5,0.07621577
31,0.286263618884854,6,0.07632812
31,0.286263618884854,7,0.07597589
31,0.286263618884854,8,0.07632232
31,0.286263618884854,9,0.07603627
31,0.286263618884854,10,0.07569794
31,0.286263618884854,11,0.07595883
31,0.286263618884854,12,0.07621994
31,0.286263618884854,13,0.07629338
31,0.286263618884854,14,0.07585256
31,0.286263618884854,15,0.07585667
32,0.296639912106693,0,0.07630124
32,0.296639912106693,1,0.07608255
32,0.296639912106693,2,0.07615688
32,0.296639912106693,3,0.07629901
32,0.296639912106693,4,0.07590792
32,0.296639912106693,5,0.07613073
32,0.296639912106693,6,0.07616301
32,0.296639912106693,7,0.07594134
32,0.296639912106693,8,0.07620467
32,0.296639912106693,9,0.07584257
32,0.296639912106693,10,0.07570814
32,0.296639912106693,11,0.07617166
32,0.296639912106693,12,0.07618031
32,0.296639912106693,13,0.07589237
32,0.296639912106693,14,0.07583823
32,0.296639912106693,15,0.07586994
33,0.305795464949492,0,0.07621287
33,0.305795464949492,1,0.07580063
33,0.305795464949492,2,0.07587431
33,0.305795464949492,3,0.07579044
33,0.305795464949492,4,0.07581628
33,0.305795464949492,5,0.07594182
33,0.305795464949492,6,0.07595547
33,0.305795464949492,7,0.07568456
33,0.305795464949492,8,0.07583967
33,0.305795464949492,9,0.07593645
33,0.305795464949492,10,0.07607246
33,0.305795464949492,11,0.07602887
33,0.305795464949492,12,0.07587279
33,0.305795464949492,13,0.07597828
33,0.305795464949492,14,0.07565816
33,0.305795464949492,15,0.0760002
34,0.316171758171331,0,0.07620294
34,0.316171758171331,1,0.07595509
34,0.316171758171331,2,0.07570537
34,0.316171758171331,3,0.07592954
34,0.316171758171331,4,0.07573306
34,0.316171758171331,5,0.07600354
34,0.316171758171331,6,0.0756618
34,0.316171758171331,7,0.0759422
34,0.316171758171331,8,0.07609793
34,0.316171758171331,9,0.0758515
34,0.316171758171331,10,0.07607737
34,0.316171758171331,11,0.07591172
34,0.316171758171331,12,0.07607794
34,0.316171758171331,13,0.07616903
34,0.316171758171331,14,0.07597896
34,0.316171758171331,15,0.07600283
35,0.32593768120365,0,0.07569419
35,0.32593768120365,1,0.07622819
35,0.32593768120365,2,0.07614277
35,0.32593768120365,3,0.07592069
35,0.32593768120365,4,0.07583115
35,0.32593768120365,5,0.07608396
35,0.32593768120365,6,0.07603639
35,0.32593768120365,7,0.07585103
35,0.32593768120365,8,0.07594445
35,0.32593768120365,9,0.0760602
35,0.32593768120365,10,0.07587485
35,0.32593768120365,11,0.07579143
35,0.32593768120365,12,0.07622089
35,0.32593768120365,13,0.07600901
35,0.32593768120365,14,0.07604436
35,0.32593768120365,15,0.07587252
36,0.335703604235969,0,0.07608746
36,0.335703604235969,1,0.07616162
36,0.335703604235969,2,0.0759198
36,0.335703604235969,3,0.07601409
36,0.335703604235969,4,0.0759891
36,0.335703604235969,5,0.07622702
36,0.335703604235969,6,0.07592984
36,0.335703604235969,7,0.07622886
36,0.335703604235969,8,0.07617985
36,0.335703604235969,9,0.0762825
36,0.335703604235969,10,0.07599651
36,0.335703604235969,11,0.07613225
36,0.335703604235969,12,0.07605478
36,0.335703604235969,13,0.07604582
36,0.335703604235969,14,0.0762063
36,0.335703604235969,15,0.07618655
37,0.345469527268288,0,0.0758215
37,0.345469527268288,1,0.07599713
37,0.345469527268288,2,0.07603817
37,0.345469527268288,3,0.07617567
37,0.345469527268288,4,0.07619089
37,0.345469527268288,5,0.07638074
37,0.345469527268288,6,0.07628212
37,0.345469527268288,7,0.07619458
37,0.345469527268288,8,0.07598704
37,0.345469527268288,9,0.07609533
37,0.345469527268288,10,0.07616876
37,0.345469527268288,11,0.07614914
37,0.345469527268288,12,0.07589269
37,0.345469527268288,13,0.07607724
37,0.345469527268288,14,0.07595224
37,0.345469527268288,15,0.07604035
38,0.356456190679647,0,0.07625217
38,0.356456190679647,1,0.07625217
38,0.356456190679647,2,0.07631757
38,0.356456190679647,3,0.07613821
38,0.356456190679647,4,0.07626817
38,0.356456190679647,5,0.07609671
38,0.356456190679647,6,0.07627224
38,0.356456190679647,7,0.07640959
38,0.356456190679647,8,0.07651512
38,0.356456190679647,9,0.0765859
38,0.356456190679647,10,0.07616976
38,0.356456190679647,11,0.07626907
38,0.356456190679647,12,0.07635394
38,0.356456190679647,13,0.07631925
38,0.356456190679647,14,0.07615587
38,0.356456190679647,15,0.07596596
39,0.365611743522446,0,0.07611255
39,0.365611743522446,1,0.07616078
39,0.365611743522446,2,0.0763135
39,0.365611743522446,3,0.07627297
39,0.365611743522446,4,0.07638845
39,0.365611743522446,5,0.07616924
39,0.365611743522446,6,0.07620282
39,0.365611743522446,7,0.0760254
39,0.365611743522446,8,0.07586566
39,0.365611743522446,9,0.07586275
39,0.365611743522446,10,0.07631573
39,0.365611743522446,11,0.07632104
39,0.365611743522446,12,0.07604357
39,0.365611743522446,13,0.0763431
39,0.365611743522446,14,0.07631149
39,0.365611743522446,15,0.07626633
40,0.375988036744285,0,0.0759422
40,0.375988036744285,1,0.07596803
40,0.375988036744285,2,0.07593659
40,0.375988036744285,3,0.0759097
40,0.375988036744285,4,0.07609883
40,0.375988036744285,5,0.07606383
40,0.375988036744285,6,0.07607086
40,0.375988036744285,7,0.07579518
40,0.375988036744285,8,0.07592777
40,0.375988036744285,9,0.07580115
40,0.375988036744285,10,0.07591478
40,0.375988036744285,11,0.07610954
40,0.375988036744285,12,0.07593863
40,0.375988036744285,13,0.07600332
40,0.375988036744285,14,0.07592972
40,0.375988036744285,15,0.07592455
41,0.386364329966124,0,0.07564279
41,0.386364329966124,1,0.07593776
41,0.386364329966124,2,0.0759693
41,0.386364329966124,3,0.07568651
41,0.386364329966124,4,0.07584981
41,0.386364329966124,5,0.07595804
41,0.386364329966124,6,0.07584675
41,0.386364329966124,7,0.0756823
41,0.386364329966124,8,0.0758488
41,0.386364329966124,9,0.0757141
41,0.386364329966124,10,0.07592782
41,0.386364329966124,11,0.07620986
41,0.386364329966124,12,0.07560766
41,0.386364329966124,13,0.07559044
41,0.386364329966124,14,0.07577939
41,0.386364329966124,15,0.07569508
42,0.396130252998444,0,0.07599268
42,0.396130252998444,1,0.0759974
42,0.396130252998444,2,0.07607805
42,0.396130252998444,3,0.07555056
42,0.396130252998444,4,0.07598303
42,0.396130252998444,5,0.07582757
42,0.396130252998444,6,0.07584474
42,0.396130252998444,7,0.07611345
42,0.396130252998444,8,0.07576903
42,0.396130252998444,9,0.07574622
42,0.396130252998444,10,0.07572683
42,0.396130252998444,11,0.07606188
42,0.396130252998444,12,0.07586961
42,0.396130252998444,13,0.07587971
42,0.396130252998444,14,0.07586422
42,0.396130252998444,15,0.07575811
43,0.405285805841243,0,0.07596369
43,0.405285805841243,1,0.076386
43,0.405285805841243,2,0.07621058
43,0.405285805841243,3,0.07605084
43,0.405285805841243,4,0.07617535
43,0.405285805841243,5,0.07603533
43,0.405285805841243,6,0.07608233
43,0.405285805841243,7,0.07612232
43,0.405285805841243,8,0.0758777
43,0.405285805841243,9,0.07630919
43,0.405285805841243,10,0.07595503
43,0.405285805841243,11,0.07591774
43,0.405285805841243,12,0.07612376
43,0.405285805841243,13,0.07622312
43,0.405285805841243,14,0.07617562
43,0.405285805841243,15,0.07567952
44,0.416272469252602,0,0.07592276
44,0.416272469252602,1,0.07588869
44,0.416272469252602,2,0.07599407
44,0.416272469252602,3,0.0756823
44,0.416272469252602,4,0.07588372
44,0.416272469252602,5,0.07603315
44,0.416272469252602,6,0.07608478
44,0.416272469252602,7,0.07624398
44,0.416272469252602,8,0.07594082
44,0.416272469252602,9,0.07594579
44,0.416272469252602,10,0.07579841
44,0.416272469252602,11,0.07582513
44,0.416272469252602,12,0.07590602
44,0.416272469252602,13,0.07599279
44,0.416272469252602,14,0.07608087
44,0.416272469252602,15,0.07616537
45,0.426648762474441,0,0.07597204
45,0.426648762474441,1,0.07586665
45,0.426648762474441,2,0.07603766
45,0.426648762474441,3,0.07579006
45,0.426648762474441,4,0.07588261
45,0.426648762474441,5,0.0758573
45,0.426648762474441,6,0.07595477
45,0.426648762474441,7,0.07602528
45,0.426648762474441,8,0.0759339
45,0.426648762474441,9,0.07598542
45,0.426648762474441,10,0.07601753
45,0.426648762474441,11,0.07606744
45,0.426648762474441,12,0.07614066
45,0.426648762474441,13,0.07614261
45,0.426648762474441,14,0.07592137
45,0.426648762474441,15,0.07593686
46,0.43580431531724,0,0.07581078
46,0.43580431531724,1,0.07596629
46,0.43580431531724,2,0.07589978
46,0.43580431531724,3,0.07595778
46,0.43580431531724,4,0.07566889
46,0.43580431531724,5,0.07579412
46,0.43580431531724,6,0.07592191
46,0.43580431531724,7,0.07604425
46,0.43580431531724,8,0.07600215
46,0.43580431531724,9,0.0759339
46,0.43580431531724,10,0.07642558
46,0.43580431531724,11,0.07620505
46,0.43580431531724,12,0.07603639
46,0.43580431531724,13,0.07638015
46,0.43580431531724,14,0.07628787
46,0.43580431531724,15,0.0763173
47,0.446790978728599,0,0.07609633
47,0.446790978728599,1,0.0758767
47,0.446790978728599,2,0.07619876
47,0.446790978728599,3,0.07617438
47,0.446790978728599,4,0.07605556
47,0.446790978728599,5,0.07628874
47,0.446790978728599,6,0.07624203
47,0.446790978728599,7,0.07621715
47,0.446790978728599,8,0.0759396
47,0.446790978728599,9,0.0760477
47,0.446790978728599,10,0.07589343
47,0.446790978728599,11,0.07575124
47,0.446790978728599,12,0.07579288
47,0.446790978728599,13,0.07601827
47,0.446790978728599,14,0.07584944
47,0.446790978728599,15,0.07548495
48,0.455946531571398,0,0.07588695
48,0.455946531571398,1,0.07618313
48,0.455946531571398,2,0.07608461
48,0.455946531571398,3,0.07610591
48,0.455946531571398,4,0.07606137
48,0.455946531571398,5,0.07599947
48,0.455946531571398,6,0.07629611
48,0.455946531571398,7,0.07607927
48,0.455946531571398,8,0.07595176
48,0.455946531571398,9,0.07594421
48,0.455946531571398,10,0.07592927
48,0.455946531571398,11,0.07612571
48,0.455946531571398,12,0.07587966
48,0.455946531571398,13,0.07602369
48,0.455946531571398,14,0.07561325
48,0.455946531571398,15,0.07577511
49,0.466322824793237,0,0.07582735
49,0.466322824793237,1,0.07578948
49,0.466322824793237,2,0.07537249
49,0.466322824793237,3,0.07561089
49,0.466322824793237,4,0.07585399
49,0.466322824793237,5,0.07563571
49,0.466322824793237,6,0.07552737
49,0.466322824793237,7,0.07558151
49,0.466322824793237,8,0.0755607
49,0.466322824793237,9,0.07564013
49,0.466322824793237,10,0.07589159
49,0.466322824793237,11,0.07576846
49,0.466322824793237,12,0.07589734
49,0.466322824793237,13,0.07604653
49,0.466322824793237,14,0.07573211
49,0.466322824793237,15,0.07568225
50,0.476088747825556,0,0.07583845
50,0.476088747825556,1,0.07571299
50,0.476088747825556,2,0.07581341
50,0.476088747825556,3,0.0758012
50,0.476088747825556,4,0.07592693
50,0.476088747825556,5,0.0759591
50,0.476088747825556,6,0.07586348
50,0.476088747825556,7,0.07571974
50,0.476088747825556,8,0.07575509
50,0.476088747825556,9,0.07568863
50,0.476088747825556,10,0.07576302
50,0.476088747825556,11,0.0758602
50,0.476088747825556,12,0.07547643
50,0.476088747825556,13,0.07556176
50,0.476088747825556,14,0.07581981
50,0.476088747825556,15,0.07548801
51,0.486465041047395,0,0.07568294
51,0.486465041047395,1,0.07556852
51,0.486465041047395,2,0.07571272
51,0.486465041047395,3,0.07581786
51,0.486465041047395,4,0.07569186
51,0.486465041047395,5,0.07554486
51,0.486465041047395,6,0.07526753
51,0.486465041047395,7,0.0756212
51,0.486465041047395,8,0.07548834
51,0.486465041047395,9,0.07575013
51,0.486465041047395,10,0.07574204
51,0.486465041047395,11,0.07563064
51,0.486465041047395,12,0.07574332
51,0.486465041047395,13,0.07600611
51,0.486465041047395,14,0.07582942
51,0.486465041047395,15,0.07564078
52,0.495620593890194,0,0.07604403
52,0.495620593890194,1,0.07610737
52,0.495620593890194,2,0.07620952
52,0.495620593890194,3,0.07569642
52,0.495620593890194,4,0.07592091
52,0.495620593890194,5,0.07557672
52,0.495620593890194,6,0.07594489
52,0.495620593890194,7,0.07605328
52,0.495620593890194,8,0.07588752
52,0.495620593890194,9,0.07588668
52,0.495620593890194,10,0.0760216
52,0.495620593890194,11,0.07620611
52,0.495620593890194,12,0.07607932
52,0.495620593890194,13,0.07611518
52,0.495620593890194,14,0.07633208
52,0.495620593890194,15,0.07616591
53,0.506607257301553,0,0.07577633
53,0.506607257301553,1,0.07574712
53,0.506607257301553,2,0.0758844
53,0.506607257301553,3,0.07599217
53,0.506607257301553,4,0.07584029
53,0.506607257301553,5,0.07601134
53,0.506607257301553,6,0.0759154
53,0.506607257301553,7,0.07607029
53,0.506607257301553,8,0.07578626
53,0.506607257301553,9,0.07623658
53,0.506607257301553,10,0.07623617
53,0.506607257301553,11,0.07619119
53,0.506607257301553,12,0.07617142
53,0.506607257301553,13,0.07642151
53,0.506607257301553,14,0.07627846
53,0.506607257301553,15,0.07629701
54,0.516373180333872,0,0.0761862
54,0.516373180333872,1,0.07612734
54,0.516373180333872,2,0.07632571
54,0.516373180333872,3,0.07627588
54,0.516373180333872,4,0.07589772
54,0.516373180333872,5,0.07587759
54,0.516373180333872,6,0.076222
54,0.516373180333872,7,0.07600516
54,0.516373180333872,8,0.07613824
54,0.516373180333872,9,0.07606226
54,0.516373180333872,10,0.07642971
54,0.516373180333872,11,0.07642436
54,0.516373180333872,12,0.07646082
54,0.516373180333872,13,0.07604894
54,0.516373180333872,14,0.07610268
54,0.516373180333872,15,0.07606739
55,0.525528733176672,0,0.07618186
55,0.525528733176672,1,0.07615492
55,0.525528733176672,2,0.07614744
55,0.525528733176672,3,0.07589254
55,0.525528733176672,4,0.07616374
55,0.525528733176672,5,0.07610358
55,0.525528733176672,6,0.0761276
55,0.525528733176672,7,0.07614228
55,0.525528733176672,8,0.07631166
55,0.525528733176672,9,0.07621704
55,0.525528733176672,10,0.07625686
55,0.525528733176672,11,0.07640842
55,0.525528733176672,12,0.0764446
55,0.525528733176672,13,0.07615723
55,0.525528733176672,14,0.07616646
55,0.525528733176672,15,0.07613832
56,0.535905026398511,0,0.07596117
56,0.535905026398511,1,0.07624303
56,0.535905026398511,2,0.07617462
56,0.535905026398511,3,0.07605594
56,0.535905026398511,4,0.07610821
56,0.535905026398511,5,0.07623795
56,0.535905026398511,6,0.07614483
56,0.535905026398511,7,0.0762732
56,0.535905026398511,8,0.07623445
56,0.535905026398511,9,0.07604609
56,0.535905026398511,10,0.07626267
56,0.535905026398511,11,0.07613464
56,0.535905026398511,12,0.07628914
56,0.535905026398511,13,0.07623494
56,0.535905026398511,14,0.07622585
56,0.535905026398511,15,0.07623115
57,0.54628131962035,0,0.07648011
57,0.54628131962035,1,0.07616764
57,0.54628131962035,2,0.07633442
57,0.54628131962035,3,0.07636892
57,0.54628131962035,4,0.07632928
57,0.54628131962035,5,0.07636748
57,0.54628131962035,6,0.07639705
57,0.54628131962035,7,0.07635449
57,0.54628131962035,8,0.07644286
57,0.54628131962035,9,0.07611985
57,0.54628131962035,10,0.07662235
57,0.54628131962035,11,0.0764219
57,0.54628131962035,12,0.0761555
57,0.54628131962035,13,0.07630225
57,0.54628131962035,14,0.07619664
57,0.54628131962035,15,0.0764268
58,0.556047242652669,0,0.07631931
58,0.556047242652669,1,0.0763192
58,0.556047242652669,2,0.07648971
58,0.556047242652669,3,0.07648496
58,0.556047242652669,4,0.07638074
58,0.556047242652669,5,0.07644471
58,0.556047242652669,6,0.07664549
58,0.556047242652669,7,0.07621308
58,0.556047242652669,8,0.07631171
58,0.556047242652669,9,0.07635242
58,0.556047242652669,10,0.07648993
58,0.556047242652669,11,0.07642776
58,0.556047242652669,12,0.07651736
58,0.556047242652669,13,0.07656626
58,0.556047242652669,14,0.07646266
58,0.556047242652669,15,0.07638142
59,0.566423535874508,0,0.0765793
59,0.566423535874508,1,0.0763201
59,0.566423535874508,2,0.07639987
59,0.566423535874508,3,0.07648431
59,0.566423535874508,4,0.07628524
59,0.566423535874508,5,0.07626025
59,0.566423535874508,6,0.07642757
59,0.566423535874508,7,0.0761629
59,0.566423535874508,8,0.07651697
59,0.566423535874508,9,0.07648484
59,0.566423535874508,10,0.07647759
59,0.566423535874508,11,0.07622705
59,0.566423535874508,12,0.07615286
59,0.566423535874508,13,0.07624894
59,0.566423535874508,14,0.07632918
59,0.566423535874508,15,0.07615961
60,0.576189458906827,0,0.07639447
60,0.576189458906827,1,0.07626177
60,0.576189458906827,2,0.07629473
60,0.576189458906827,3,0.07623277
60,0.576189458906827,4,0.07630759
60,0.576189458906827,5,0.07645987
60,0.576189458906827,6,0.07676354
60,0.576189458906827,7,0.07659987
60,0.576189458906827,8,0.07641432
60,0.576189458906827,9,0.07638215
60,0.576189458906827,10,0.0764408
60,0.576189458906827,11,0.07631708
60,0.576189458906827,12,0.07631551
60,0.576189458906827,13,0.07643679
60,0.576189458906827,14,0.07651787
60,0.576189458906827,15,0.07659732
61,0.585955381939146,0,0.07641639
61,0.585955381939146,1,0.07619379
61,0.585955381939146,2,0.07608149
61,0.585955381939146,3,0.07609338
61,0.585955381939146,4,0.07619391
61,0.585955381939146,5,0.07623845
61,0.585955381939146,6,0.07614467
61,0.585955381939146,7,0.07621973
61,0.585955381939146,8,0.07603951
61,0.585955381939146,9,0.07610954
61,0.585955381939146,10,0.07624686
61,0.585955381939146,11,0.07602227
61,0.585955381939146,12,0.07618202
61,0.585955381939146,13,0.07566994
61,0.585955381939146,14,0.0760351
61,0.585955381939146,15,0.07626098
62,0.596331675160985,0,0.07618576
62,0.596331675160985,1,0.07612839
62,0.596331675160985,2,0.07611879
62,0.596331675160985,3,0.07602417
62,0.596331675160985,4,0.07609622
62,0.596331675160985,5,0.07646679
62,0.596331675160985,6,0.0762819
62,0.596331675160985,7,0.07633442
62,0.596331675160985,8,0.07627889
62,0.596331675160985,9,0.07632633
62,0.596331675160985,10,0.07617589
62,0.596331675160985,11,0.07639569
62,0.596331675160985,12,0.07618916
62,0.596331675160985,13,0.07577901
62,0.596331675160985,14,0.07604007
62,0.596331675160985,15,0.07608779
63,0.606097598193304,0,0.07622585
63,0.606097598193304,1,0.07585356
63,0.606097598193304,2,0.07641381
63,0.606097598193304,3,0.07647469
63,0.606097598193304,4,0.07631296
63,0.606097598193304,5,0.0760956
63,0.606097598193304,6,0.07604431
63,0.606097598193304,7,0.07607129
63,0.606097598193304,8,0.07615449
63,0.606097598193304,9,0.07598113
63,0.606097598193304,10,0.0763531
63,0.606097598193304,11,0.07642247
63,0.606097598193304,12,0.0761527
63,0.606097598193304,13,0.07634971
63,0.606097598193304,14,0.07608233
63,0.606097598193304,15,0.0762528
64,0.616473891415143,0,0.07638443
64,0.616473891415143,1,0.07632928
64,0.616473891415143,2,0.07612571
64,0.616473891415143,3,0.0764335
64,0.616473891415143,4,0.07619206
64,0.616473891415143,5,0.0762447
64,0.616473891415143,6,0.07632037
64,0.616473891415143,7,0.0763125
64,0.616473891415143,8,0.07619518
64,0.616473891415143,9,0.07624197
64,0.616473891415143,10,0.07618693
64,0.616473891415143,11,0.07625613
64,0.616473891415143,12,0.07609359
64,0.616473891415143,13,0.07624805
64,0.616473891415143,14,0.07627482
64,0.616473891415143,15,0.07608762
65,0.625629444257942,0,0.07591188
65,0.625629444257942,1,0.07612877
65,0.625629444257942,2,0.07613876
65,0.625629444257942,3,0.07635655
65,0.625629444257942,4,0.07624642
65,0.625629444257942,5,0.07609528
65,0.625629444257942,6,0.07624604
65,0.625629444257942,7,0.07627794
65,0.625629444257942,8,0.07591947
65,0.625629444257942,9,0.07600823
65,0.625629444257942,10,0.07607414
65,0.625629444257942,11,0.07628201
65,0.625629444257942,12,0.07637657
65,0.625629444257942,13,0.07626649
65,0.625629444257942,14,0.07628206
65,0.625629444257942,15,0.07639319
66,0.636005737479782,0,0.07611388
66,0.636005737479782,1,0.07609023
66,0.636005737479782,2,0.07611831
66,0.636005737479782,3,0.07608345
66,0.636005737479782,4,0.07613368
66,0.636005737479782,5,0.0762491
66,0.636005737479782,6,0.07619295
66,0.636005737479782,7,0.0760598
66,0.636005737479782,8,0.07616957
66,0.636005737479782,9,0.07636604
66,0.636005737479782,10,0.07586671
66,0.636005737479782,11,0.07612249
66,0.636005737479782,12,0.07594315
66,0.636005737479782,13,0.07613659
66,0.636005737479782,14,0.07606845
66,0.636005737479782,15,0.07619507
67,0.6457716605121,0,0.07614451
67,0.6457716605121,1,0.07594432
67,0.6457716605121,2,0.07596529
67,0.6457716605121,3,0.07599802
67,0.6457716605121,4,0.0762912
67,0.6457716605121,5,0.07608011
67,0.6457716605121,6,0.07598013
67,0.6457716605121,7,0.07610564
67,0.6457716605121,8,0.0759779
67,0.6457716605121,9,0.07613056
67,0.6457716605121,10,0.07605103
67,0.6457716605121,11,0.07600855
67,0.6457716605121,12,0.07613046
67,0.6457716605121,13,0.07594991
67,0.6457716605121,14,0.0760388
67,0.6457716605121,15,0.07613056
68,0.65614795373394,0,0.07582752
68,0.65614795373394,1,0.07605424
68,0.65614795373394,2,0.07593744
68,0.65614795373394,3,0.07590569
68,0.65614795373394,4,0.07605594
68,0.65614795373394,5,0.07608645
68,0.65614795373394,6,0.07629511
68,0.65614795373394,7,0.0761623
68,0.65614795373394,8,0.07644723
68,0.65614795373394,9,0.07651111
68,0.65614795373394,10,0.07628697
68,0.65614795373394,11,0.07611356
68,0.65614795373394,12,0.07598466
68,0.65614795373394,13,0.07604135
68,0.65614795373394,14,0.07619591
68,0.65614795373394,15,0.07575061
69,0.665913876766259,0,0.07603706
69,0.665913876766259,1,0.07604124
69,0.665913876766259,2,0.07615481
69,0.665913876766259,3,0.07632576
69,0.665913876766259,4,0.07602456
69,0.665913876766259,5,0.0760583
69,0.665913876766259,6,0.07633778
69,0.665913876766259,7,0.07600188
69,0.665913876766259,8,0.07629544
69,0.665913876766259,9,0.07629114
69,0.665913876766259,10,0.07604916
69,0.665913876766259,11,0.07622618
69,0.665913876766259,12,0.07625423
69,0.665913876766259,13,0.0762751
69,0.665913876766259,14,0.07615427
69,0.665913876766259,15,0.07615243
70,0.676290169988098,0,0.07650694
70,0.676290169988098,1,0.07648295
70,0.676290169988098,2,0.07611652
70,0.676290169988098,3,0.07609227
70,0.676290169988098,4,0.07613409
70,0.676290169988098,5,0.0764446
70,0.676290169988098,6,0.07613621
70,0.676290169988098,7,0.076391
70,0.676290169988098,8,0.07650588
70,0.676290169988098,9,0.07613051
70,0.676290169988098,10,0.07619859
70,0.676290169988098,11,0.0763715
70,0.676290169988098,12,0.07624867
70,0.676290169988098,13,0.0762751
70,0.676290169988098,14,0.07633488
70,0.676290169988098,15,0.07631668
71,0.686056093020417,0,0.07688626
71,0.686056093020417,1,0.07661064
71,0.686056093020417,2,0.07675182
71,0.686056093020417,3,0.07667577
71,0.686056093020417,4,0.07671051
71,0.686056093020417,5,0.07686239
71,0.686056093020417,6,0.07655188
71,0.686056093020417,7,0.07664834
71,0.686056093020417,8,0.07653487
71,0.686056093020417,9,0.07647588
71,0.686056093020417,10,0.07686418
71,0.686056093020417,11,0.07648195
71,0.686056093020417,12,0.07698411
71,0.686056093020417,13,0.07673392
71,0.686056093020417,14,0.07661633
71,0.686056093020417,15,0.07634646
72,0.696432386242256,0,0.07690009
72,0.696432386242256,1,0.07710277
72,0.696432386242256,2,0.0767961
72,0.696432386242256,3,0.07705002
72,0.696432386242256,4,0.07681601
72,0.696432386242256,5,0.07693181
72,0.696432386242256,6,0.07691073
72,0.696432386242256,7,0.07668246
72,0.696432386242256,8,0.07672652
72,0.696432386242256,9,0.07677681
72,0.696432386242256,10,0.07672093
72,0.696432386242256,11,0.07689255
72,0.696432386242256,12,0.07686066
72,0.696432386242256,13,0.07701891
72,0.696432386242256,14,0.0768237
72,0.696432386242256,15,0.0769452
73,0.706198309274575,0,0.07703469
73,0.706198309274575,1,0.07708783
73,0.706198309274575,2,0.07709508
73,0.706198309274575,3,0.07708816
73,0.706198309274575,4,0.07702119
73,0.706198309274575,5,0.07705308
73,0.706198309274575,6,0.07658517
73,0.706198309274575,7,0.07649513
73,0.706198309274575,8,0.07671881
73,0.706198309274575,9,0.07692814
73,0.706198309274575,10,0.0765518
73,0.706198309274575,11,0.07679737
73,0.706198309274575,12,0.07667059
73,0.706198309274575,13,0.07673064
73,0.706198309274575,14,0.07653186
73,0.706198309274575,15,0.07664896
74,0.715964232306894,0,0.07706931
74,0.715964232306894,1,0.07710137
74,0.715964232306894,2,0.07694502
74,0.715964232306894,3,0.07723391
74,0.715964232306894,4,0.07717972
74,0.715964232306894,5,0.07710422
74,0.715964232306894,6,0.07701885
74,0.715964232306894,7,0.07709708
74,0.715964232306894,8,0.07696359
74,0.715964232306894,9,0.07704506
74,0.715964232306894,10,0.07715066
74,0.715964232306894,11,0.07715742
74,0.715964232306894,12,0.07737213
74,0.715964232306894,13,0.07694095
74,0.715964232306894,14,0.07735179
74,0.715964232306894,15,0.07728978
75,0.726340525528733,0,0.07710311
75,0.726340525528733,1,0.0767758
75,0.726340525528733,2,0.07728951
75,0.726340525528733,3,0.07729274
75,0.726340525528733,4,0.07747144
75,0.726340525528733,5,0.07734286
75,0.726340525528733,6,0.07702644
75,0.726340525528733,7,0.07747044
75,0.726340525528733,8,0.07698166
75,0.726340525528733,9,0.07705677
75,0.726340525528733,10,0.07705197
75,0.726340525528733,11,0.07683776
75,0.726340525528733,12,0.07764301
75,0.726340525528733,13,0.07732993
75,0.726340525528733,14,0.077272
75,0.726340525528733,15,0.07745444
76,0.735496078371532,0,0.0774183
76,0.735496078371532,1,0.07730378
76,0.735496078371532,2,0.077745
76,0.735496078371532,3,0.07764117
76,0.735496078371532,4,0.07761814
76,0.735496078371532,5,0.07770234
76,0.735496078371532,6,0.07762601
76,0.735496078371532,7,0.07735692
76,0.735496078371532,8,0.07723887
76,0.735496078371532,9,0.07782562
76,0.735496078371532,10,0.07792638
76,0.735496078371532,11,0.07766626
76,0.735496078371532,12,0.07763119
76,0.735496078371532,13,0.07788378
76,0.735496078371532,14,0.07772615
76,0.735496078371532,15,0.0774096
77,0.745872371593371,0,0.07807525
77,0.745872371593371,1,0.07780962
77,0.745872371593371,2,0.07779451
77,0.745872371593371,3,0.07798437
77,0.745872371593371,4,0.07794127
77,0.745872371593371,5,0.07818671
77,0.745872371593371,6,0.07802936
77,0.745872371593371,7,0.07794829
77,0.745872371593371,8,0.07797628
77,0.745872371593371,9,0.07791802
77,0.745872371593371,10,0.07802925
77,0.745872371593371,11,0.07846411
77,0.745872371593371,12,0.07779384
77,0.745872371593371,13,0.07804754
77,0.745872371593371,14,0.07773975
77,0.745872371593371,15,0.07817896
78,0.75563829462569,0,0.07834155
78,0.75563829462569,1,0.07842436
78,0.75563829462569,2,0.07863361
78,0.75563829462569,3,0.07858483
78,0.75563829462569,4,0.07845514
78,0.75563829462569,5,0.07843897
78,0.75563829462569,6,0.07826138
78,0.75563829462569,7,0.078555
78,0.75563829462569,8,0.07866289
78,0.75563829462569,9,0.0784146
78,0.75563829462569,10,0.07866395
78,0.75563829462569,11,0.07840969
78,0.75563829462569,12,0.07837585
78,0.75563829462569,13,0.0785153
78,0.75563829462569,14,0.07846323
78,0.75563829462569,15,0.07810715
79,0.76540421765801,0,0.07912647
79,0.76540421765801,1,0.07870828
79,0.76540421765801,2,0.07895608
79,0.76540421765801,3,0.07900012
79,0.76540421765801,4,0.07907405
79,0.76540421765801,5,0.07931583
79,0.76540421765801,6,0.07943252
79,0.76540421765801,7,0.0790164
79,0.76540421765801,8,0.07901378
79,0.76540421765801,9,0.07874352
79,0.76540421765801,10,0.07862682
79,0.76540421765801,11,0.0788
79,0.76540421765801,12,0.07869691
79,0.76540421765801,13,0.07878038
79,0.76540421765801,14,0.07923079
79,0.76540421765801,15,0.07903502
80,0.775780510879849,0,0.07910656
80,0.775780510879849,1,0.07928009
80,0.775780510879849,2,0.07913918
80,0.775780510879849,3,0.07930919
80,0.775780510879849,4,0.07942461
80,0.775780510879849,5,0.07912587
80,0.775780510879849,6,0.07898346
80,0.775780510879849,7,0.07910846
80,0.775780510879849,8,0.07919561
80,0.775780510879849,9,0.07938389
80,0.775780510879849,10,0.07940637
80,0.775780510879849,11,0.07906637
80,0.775780510879849,12,0.07922544
80,0.775780510879849,13,0.07944798
80,0.775780510879849,14,0.0793621
80,0.775780510879849,15,0.07948349
81,0.786156804101688,0,0.08028185
81,0.786156804101688,1,0.07975359
81,0.786156804101688,2,0.07957143
81,0.786156804101688,3,0.07949765
81,0.786156804101688,4,0.08003076
81,0.786156804101688,5,0.07961426
81,0.786156804101688,6,0.07961
81,0.786156804101688,7,0.07936382
81,0.786156804101688,8,0.07977233
81,0.786156804101688,9,0.07989019
81,0.786156804101688,10,0.07970893
81,0.786156804101688,11,0.07989031
81,0.786156804101688,12,0.07969041
81,0.786156804101688,13,0.07958268
81,0.786156804101688,14,0.07957817
81,0.786156804101688,15,0.07981374
82,0.795312356944487,0,0.08020227
82,0.795312356944487,1,0.08028457
82,0.795312356944487,2,0.08010331
82,0.795312356944487,3,0.08022871
82,0.795312356944487,4,0.08006735
82,0.795312356944487,5,0.07997154
82,0.795312356944487,6,0.0803154
82,0.795312356944487,7,0.0803351
82,0.795312356944487,8,0.08018877
82,0.795312356944487,9,0.08008201
82,0.795312356944487,10,0.08068538
82,0.795312356944487,11,0.08021107
82,0.795312356944487,12,0.0800669
82,0.795312356944487,13,0.08050655
82,0.795312356944487,14,0.07994316
82,0.795312356944487,15,0.08027706
83,0.805688650166326,0,0.0806862
83,0.805688650166326,1,0.0806222
83,0.805688650166326,2,0.08062805
83,0.805688650166326,3,0.08065343
83,0.805688650166326,4,0.08096184
83,0.805688650166326,5,0.08102845
83,0.805688650166326,6,0.08078367
83,0.805688650166326,7,0.08058205
83,0.805688650166326,8,0.08061974
83,0.805688650166326,9,0.08068827
83,0.805688650166326,10,0.0806682
83,0.805688650166326,11,0.08078132
83,0.805688650166326,12,0.08055527
83,0.805688650166326,13,0.08046878
83,0.805688650166326,14,0.08080647
83,0.805688650166326,15,0.08075126
84,0.815454573198645,0,0.08124217
84,0.815454573198645,1,0.08094709
84,0.815454573198645,2,0.08109356
84,0.815454573198645,3,0.08095954
84,0.815454573198645,4,0.08084773
84,0.815454573198645,5,0.08083965
84,0.815454573198645,6,0.08067316
84,0.815454573198645,7,0.08074938
84,0.815454573198645,8,0.08080044
84,0.815454573198645,9,0.0807129
84,0.815454573198645,10,0.08094368
84,0.815454573198645,11,0.08083262
84,0.815454573198645,12,0.08112904
84,0.815454573198645,13,0.08085092
84,0.815454573198645,14,0.08089791
84,0.815454573198645,15,0.08106217
85,0.825830866420484,0,0.08123704
85,0.825830866420484,1,0.08133344
85,0.825830866420484,2,0.08124435
85,0.825830866420484,3,0.08089344
85,0.825830866420484,4,0.08125132
85,0.825830866420484,5,0.08117203
85,0.825830866420484,6,0.08122405
85,0.825830866420484,7,0.08113148
85,0.825830866420484,8,0.08109239
85,0.825830866420484,9,0.08102727
85,0.825830866420484,10,0.08104875
85,0.825830866420484,11,0.08105319
85,0.825830866420484,12,0.08075351
85,0.825830866420484,13,0.08090587
85,0.825830866420484,14,0.08075723
85,0.825830866420484,15,0.08076586
86,0.834986419263283,0,0.08106659
86,0.834986419263283,1,0.08096571
86,0.834986419263283,2,0.08124271
86,0.834986419263283,3,0.08155213
86,0.834986419263283,4,0.08140158
86,0.834986419263283,5,0.08131713
86,0.834986419263283,6,0.08163501
86,0.834986419263283,7,0.08162143
86,0.834986419263283,8,0.08179642
86,0.834986419263283,9,0.08151049
86,0.834986419263283,10,0.0812842
86,0.834986419263283,11,0.08123845
86,0.834986419263283,12,0.08143505
86,0.834986419263283,13,0.08143003
86,0.834986419263283,14,0.08104723
86,0.834986419263283,15,0.08103772
87,0.845362712485122,0,0.08134136
87,0.845362712485122,1,0.08125722
87,0.845362712485122,2,0.08109368
87,0.845362712485122,3,0.08137017
87,0.845362712485122,4,0.08129855
87,0.845362712485122,5,0.08101363
87,0.845362712485122,6,0.08116353
87,0.845362712485122,7,0.08134159
87,0.845362712485122,8,0.08150949
87,0.845362712485122,9,0.08117268
87,0.845362712485122,10,0.08126147
87,0.845362712485122,11,0.08148824
87,0.845362712485122,12,0.08125557
87,0.845362712485122,13,0.08118484
87,0.845362712485122,14,0.08123804
87,0.845362712485122,15,0.0810911
88,0.855739005706961,0,0.08145855
88,0.855739005706961,1,0.08146398
88,0.855739005706961,2,0.08188498
88,0.855739005706961,3,0.0813551
88,0.855739005706961,4,0.08156511
88,0.855739005706961,5,0.081744
88,0.855739005706961,6,0.08141675
88,0.855739005706961,7,0.08157214
88,0.855739005706961,8,0.08148666
88,0.855739005706961,9,0.08142997
88,0.855739005706961,10,0.08126047
88,0.855739005706961,11,0.08096806
88,0.855739005706961,12,0.08110401
88,0.855739005706961,13,0.08136396
88,0.855739005706961,14,0.08124702
88,0.855739005706961,15,0.08101758
89,0.86489455854976,0,0.08142796
89,0.86489455854976,1,0.08140341
89,0.86489455854976,2,0.08147986
89,0.86489455854976,3,0.08156618
89,0.86489455854976,4,0.08137348
89,0.86489455854976,5,0.08156145
89,0.86489455854976,6,0.08167392
89,0.86489455854976,7,0.08173107
89,0.86489455854976,8,0.08152515
89,0.86489455854976,9,0.08177138
89,0.86489455854976,10,0.08146286
89,0.86489455854976,11,0.08150418
89,0.86489455854976,12,0.08141899
89,0.86489455854976,13,0.08147011
89,0.86489455854976,14,0.08149609
89,0.86489455854976,15,0.08140966
90,0.875881221961119,0,0.08168767
90,0.875881221961119,1,0.08179943
90,0.875881221961119,2,0.08180356
90,0.875881221961119,3,0.08193316
90,0.875881221961119,4,0.08205106
90,0.875881221961119,5,0.08179004
90,0.875881221961119,6,0.08170975
90,0.875881221961119,7,0.0818564
90,0.875881221961119,8,0.0817107
90,0.875881221961119,9,0.08200235
90,0.875881221961119,10,0.08192867
90,0.875881221961119,11,0.08201711
90,0.875881221961119,12,0.08200394
90,0.875881221961119,13,0.08164848
90,0.875881221961119,14,0.08151794
90,0.875881221961119,15,0.08168685
91,0.885036774803919,0,0.08194077
91,0.885036774803919,1,0.08183356
91,0.885036774803919,2,0.08200106
91,0.885036774803919,3,0.08174966
91,0.885036774803919,4,0.08170822
91,0.885036774803919,5,0.08165338
91,0.885036774803919,6,0.0816134
91,0.885036774803919,7,0.08175297
91,0.885036774803919,8,0.08138534
91,0.885036774803919,9,0.0817738
91,0.885036774803919,10,0.08176313
91,0.885036774803919,11,0.08206434
91,0.885036774803919,12,0.08177812
91,0.885036774803919,13,0.08190358
91,0.885036774803919,14,0.08185735
91,0.885036774803919,15,0.08180202
92,0.894802697836238,0,0.0820308
92,0.894802697836238,1,0.0818662
92,0.894802697836238,2,0.08167327
92,0.894802697836238,3,0.08178509
92,0.894802697836238,4,0.08179618
92,0.894802697836238,5,0.08167179
92,0.894802697836238,6,0.08186354
92,0.894802697836238,7,0.08185871
92,0.894802697836238,8,0.08205146
92,0.894802697836238,9,0.08195854
92,0.894802697836238,10,0.08196698
92,0.894802697836238,11,0.08214074
92,0.894802697836238,12,0.08165155
92,0.894802697836238,13,0.081587
92,0.894802697836238,14,0.08174394
92,0.894802697836238,15,0.08174854
93,0.905178991058077,0,0.08199769
93,0.905178991058077,1,0.08204155
93,0.905178991058077,2,0.0818443
93,0.905178991058077,3,0.08166637
93,0.905178991058077,4,0.08194142
93,0.905178991058077,5,0.0816852
93,0.905178991058077,6,0.08167032
93,0.905178991058077,7,0.08223224
93,0.905178991058077,8,0.08192377
93,0.905178991058077,9,0.08170018
93,0.905178991058077,10,0.08182245
93,0.905178991058077,11,0.0819266
93,0.905178991058077,12,0.0816611
93,0.905178991058077,13,0.08212373
93,0.905178991058077,14,0.0819063
93,0.905178991058077,15,0.08210413
94,0.915555284279916,0,0.08205006
94,0.915555284279916,1,0.08212756
94,0.915555284279916,2,0.08250075
94,0.915555284279916,3,0.08220644
94,0.915555284279916,4,0.08220981
94,0.915555284279916,5,0.08214734
94,0.915555284279916,6,0.08214563
94,0.915555284279916,7,0.08226194
94,0.915555284279916,8,0.08272575
94,0.915555284279916,9,0.08240434
94,0.915555284279916,10,0.08246474
94,0.915555284279916,11,0.08252885
94,0.915555284279916,12,0.08241013
94,0.915555284279916,13,0.08245003
94,0.915555284279916,14,0.08263057
94,0.915555284279916,15,0.08245452
95,0.924710837122715,0,0.0821692
95,0.924710837122715,1,0.08204893
95,0.924710837122715,2,0.08196037
95,0.924710837122715,3,0.08212963
95,0.924710837122715,4,0.08191002
95,0.924710837122715,5,0.08187576
95,0.924710837122715,6,0.08225574
95,0.924710837122715,7,0.08252525
95,0.924710837122715,8,0.08201934
95,0.924710837122715,9,0.08243026
95,0.924710837122715,10,0.08229712
95,0.924710837122715,11,0.08197708
95,0.924710837122715,12,0.08216158
95,0.924710837122715,13,0.08201917
95,0.924710837122715,14,0.08195984
95,0.924710837122715,15,0.08195093
96,0.935087130344554,0,0.08233704
96,0.935087130344554,1,0.08261593
96,0.935087130344554,2,0.08237725
96,0.935087130344554,3,0.08232505
96,0.935087130344554,4,0.08249337
96,0.935087130344554,5,0.0822303
96,0.935087130344554,6,0.08229813
96,0.935087130344554,7,0.08241449
96,0.935087130344554,8,0.08205289
96,0.935087130344554,9,0.08226477
96,0.935087130344554,10,0.08215614
96,0.935087130344554,11,0.08212851
96,0.935087130344554,12,0.08220668
96,0.935087130344554,13,0.08239949
96,0.935087130344554,14,0.08230232
96,0.935087130344554,15,0.08243386
97,0.944853053376873,0,0.08236644
97,0.944853053376873,1,0.08227345
97,0.944853053376873,2,0.082326
97,0.944853053376873,3,0.08236803
97,0.944853053376873,4,0.08215237
97,0.944853053376873,5,0.0824537
97,0.944853053376873,6,0.08234105
97,0.944853053376873,7,0.08227676
97,0.944853053376873,8,0.08209964
97,0.944853053376873,9,0.08236425
97,0.944853053376873,10,0.08233976
97,0.944853053376873,11,0.08202903
97,0.944853053376873,12,0.08248292
97,0.944853053376873,13,0.08253907
97,0.944853053376873,14,0.08236071
97,0.944853053376873,15,0.08244791
98,0.955229346598712,0,0.08219995
98,0.955229346598712,1,0.08249461
98,0.955229346598712,2,0.08253162
98,0.955229346598712,3,0.08236254
98,0.955229346598712,4,0.08247973
98,0.955229346598712,5,0.08251286
98,0.955229346598712,6,0.08247884
98,0.955229346598712,7,0.08244449
98,0.955229346598712,8,0.08248693
98,0.955229346598712,9,0.08250978
98,0.955229346598712,10,0.0820298
98,0.955229346598712,11,0.08246468
98,0.955229346598712,12,0.08229607
98,0.955229346598712,13,0.08245972
98,0.955229346598712,14,0.08240794
98,0.955229346598712,15,0.08239678
99,0.964384899441511,0,0.08251362
99,0.964384899441511,1,0.08228874
99,0.964384899441511,2,0.08248192
99,0.964384899441511,3,0.08264522
99,0.964384899441511,4,0.08238055
99,0.964384899441511,5,0.08228
99,0.964384899441511,6,0.08235694
99,0.964384899441511,7,0.0823985
99,0.964384899441511,8,0.08258642
99,0.964384899441511,9,0.08244868
99,0.964384899441511,10,0.08260053
99,0.964384899441511,11,0.08266187
99,0.964384899441511,12,0.08275992
99,0.964384899441511,13,0.08262862
99,0.964384899441511,14,0.08268832
99,0.964384899441511,15,0.08260802
100,0.97537156285287,0,0.08262313
100,0.97537156285287,1,0.08272953
100,0.97537156285287,2,0.08217946
100,0.97537156285287,3,0.08278166
100,0.97537156285287,4,0.08261434
100,0.97537156285287,5,0.08248451
100,0.97537156285287,6,0.08231886
100,0.97537156285287,7,0.08245713
100,0.97537156285287,8,0.08269381
100,0.97537156285287,9,0.08236963
100,0.97537156285287,10,0.08271966
100,0.97537156285287,11,0.08259108
100,0.97537156285287,12,0.08226295
100,0.97537156285287,13,0.0827271
100,0.97537156285287,14,0.08246155
100,0.97537156285287,15,0.08260743
101,0.985747856074709,0,0.08264634
101,0.985747856074709,1,0.0825886
101,0.985747856074709,2,0.0827225
101,0.985747856074709,3,0.08286838
101,0.985747856074709,4,0.08247732
101,0.985747856074709,5,0.08242772
101,0.985747856074709,6,0.08249384
101,0.985747856074709,7,0.08235481
101,0.985747856074709,8,0.0824534
101,0.985747856074709,9,0.08264728
101,0.985747856074709,10,0.08235611
101,0.985747856074709,11,0.08256463
101,0.985747856074709,12,0.082454
101,0.985747856074709,13,0.08237748
101,0.985747856074709,14,0.08219718
101,0.985747856074709,15,0.08268135
102,0.994903408917508,0,0.08262668
102,0.994903408917508,1,0.08272751
102,0.994903408917508,2,0.08251457
102,0.994903408917508,3,0.08260076
102,0.994903408917508,4,0.08274564
102,0.994903408917508,5,0.082844
102,0.994903408917508,6,0.08267019
102,0.994903408917508,7,0.08276743
102,0.994903408917508,8,0.08293722
102,0.994903408917508,9,0.08296869
102,0.994903408917508,10,0.08275709
102,0.994903408917508,11,0.08278455
102,0.994903408917508,12,0.08300772
102,0.994903408917508,13,0.08295912
102,0.994903408917508,14,0.08280681
102,0.994903408917508,15,0.08260094
103,1.00589007232887,0,0.08278915
103,1.00589007232887,1,0.08299956
103,1.00589007232887,2,0.08279801
103,1.00589007232887,3,0.08272575
103,1.00589007232887,4,0.08285409
103,1.00589007232887,5,0.08249638
103,1.00589007232887,6,0.08255589
103,1.00589007232887,7,0.08259261
103,1.00589007232887,8,0.08284022
103,1.00589007232887,9,0.08242612
103,1.00589007232887,10,0.0824514
103,1.00589007232887,11,0.08266712
103,1.00589007232887,12,0.08249143
103,1.00589007232887,13,0.08250535
103,1.00589007232887,14,0.08259066
103,1.00589007232887,15,0.08294336
104,1.01565599536119,0,0.08294832
104,1.01565599536119,1,0.08274464
104,1.01565599536119,2,0.08287983
104,1.01565599536119,3,0.08324422
104,1.01565599536119,4,0.08287741
104,1.01565599536119,5,0.08271559
104,1.01565599536119,6,0.08287529
104,1.01565599536119,7,0.08293917
104,1.01565599536119,8,0.08272616
104,1.01565599536119,9,0.08291437
104,1.01565599536119,10,0.08255997
104,1.01565599536119,11,0.08277841
104,1.01565599536119,12,0.08279075
104,1.01565599536119,13,0.08278195
104,1.01565599536119,14,0.08284181
104,1.01565599536119,15,0.08277805
105,1.02542191839351,0,0.0826964
105,1.02542191839351,1,0.08270249
105,1.02542191839351,2,0.0828391
105,1.02542191839351,3,0.0830187
105,1.02542191839351,4,0.08291856
105,1.02542191839351,5,0.08321441
105,1.02542191839351,6,0.08266783
105,1.02542191839351,7,0.08292506
105,1.02542191839351,8,0.0831046
105,1.02542191839351,9,0.08286874
105,1.02542191839351,10,0.08281182
105,1.02542191839351,11,0.08241751
105,1.02542191839351,12,0.08270998
105,1.02542191839351,13,0.08252478
105,1.02542191839351,14,0.08285102
105,1.02542191839351,15,0.08287228
106,1.03579821161534,0,0.08316553
106,1.03579821161534,1,0.08286042
106,1.03579821161534,2,0.08265838
106,1.03579821161534,3,0.08276725
106,1.03579821161534,4,0.08257307
106,1.03579821161534,5,0.08244602
106,1.03579821161534,6,0.08261145
106,1.03579821161534,7,0.08348233
106,1.03579821161534,8,0.08296096
106,1.03579821161534,9,0.08271695
106,1.03579821161534,10,0.08281814
106,1.03579821161534,11,0.08280084
106,1.03579821161534,12,0.083102
106,1.03579821161534,13,0.08278467
106,1.03579821161534,14,0.08272994
106,1.03579821161534,15,0.08303847
107,1.04556413464766,0,0.0831245
107,1.04556413464766,1,0.08302449
107,1.04556413464766,2,0.08297518
107,1.04556413464766,3,0.08295009
107,1.04556413464766,4,0.08279275
107,1.04556413464766,5,0.08270372
107,1.04556413464766,6,0.0826255
107,1.04556413464766,7,0.08278703
107,1.04556413464766,8,0.0828058
107,1.04556413464766,9,0.08299744
107,1.04556413464766,10,0.08295358
107,1.04556413464766,11,0.08288916
107,1.04556413464766,12,0.08296438
107,1.04556413464766,13,0.08304172
107,1.04556413464766,14,0.08319682
107,1.04556413464766,15,0.08299538
108,1.05471968749046,0,0.08308093
108,1.05471968749046,1,0.0828339
108,1.05471968749046,2,0.08299691
108,1.05471968749046,3,0.08305731
108,1.05471968749046,4,0.08296231
108,1.05471968749046,5,0.08293545
108,1.05471968749046,6,0.08283579
108,1.05471968749046,7,0.08305955
108,1.05471968749046,8,0.08325869
108,1.05471968749046,9,0.08311747
108,1.05471968749046,10,0.08311764
108,1.05471968749046,11,0.08304173
108,1.05471968749046,12,0.08320325
108,1.05471968749046,13,0.08301775
108,1.05471968749046,14,0.08317468
108,1.05471968749046,15,0.08328389
109,1.06570635090182,0,0.08297016
109,1.06570635090182,1,0.0831239
109,1.06570635090182,2,0.08323135
109,1.06570635090182,3,0.08286337
109,1.06570635090182,4,0.08313122
109,1.06570635090182,5,0.0830282
109,1.06570635090182,6,0.08310678
109,1.06570635090182,7,0.08298723
109,1.06570635090182,8,0.08296975
109,1.06570635090182,9,0.08302961
109,1.06570635090182,10,0.08302968
109,1.06570635090182,11,0.0827029
109,1.06570635090182,12,0.0827186
109,1.06570635090182,13,0.08293717
109,1.06570635090182,14,0.08319628
109,1.06570635090182,15,0.08289164
110,1.07486190374462,0,0.08292819
110,1.07486190374462,1,0.08290958
110,1.07486190374462,2,0.08301468
110,1.07486190374462,3,0.08297884
110,1.07486190374462,4,0.08300193
110,1.07486190374462,5,0.08287919
110,1.07486190374462,6,0.0831301
110,1.07486190374462,7,0.08278691
110,1.07486190374462,8,0.08304378
110,1.07486190374462,9,0.08286721
110,1.07486190374462,10,0.0827542
110,1.07486190374462,11,0.08299697
110,1.07486190374462,12,0.08309975
110,1.07486190374462,13,0.08290935
110,1.07486190374462,14,0.08291426
110,1.07486190374462,15,0.08277386
111,1.08523819696646,0,0.08278561
111,1.08523819696646,1,0.08272575
111,1.08523819696646,2,0.08268466
111,1.08523819696646,3,0.08293002
111,1.08523819696646,4,0.08283839
111,1.08523819696646,5,0.08292961
111,1.08523819696646,6,0.08292164
111,1.08523819696646,7,0.08265614
111,1.08523819696646,8,0.08292506
111,1.08523819696646,9,0.08293621
111,1.08523819696646,10,0.08283685
111,1.08523819696646,11,0.08296828
111,1.08523819696646,12,0.08260217
111,1.08523819696646,13,0.0824286
111,1.08523819696646,14,0.08283667
111,1.08523819696646,15,0.08282889
112,1.0956144901883,0,0.08277351
112,1.0956144901883,1,0.0825677
112,1.0956144901883,2,0.08255696
112,1.0956144901883,3,0.08241963
112,1.0956144901883,4,0.08273472
112,1.0956144901883,5,0.08264917
112,1.0956144901883,6,0.0825318
112,1.0956144901883,7,0.0827179
112,1.0956144901883,8,0.08281188
112,1.0956144901883,9,0.08254284
112,1.0956144901883,10,0.0823273
112,1.0956144901883,11,0.08250063
112,1.0956144901883,12,0.08258925
112,1.0956144901883,13,0.08265614
112,1.0956144901883,14,0.08249414
112,1.0956144901883,15,0.08288722
113,1.1047700430311,0,0.08234713
113,1.1047700430311,1,0.08249077
113,1.1047700430311,2,0.08267297
113,1.1047700430311,3,0.0824436
113,1.1047700430311,4,0.08264404
113,1.1047700430311,5,0.08279624
113,1.1047700430311,6,0.08289725
113,1.1047700430311,7,0.08267326
113,1.1047700430311,8,0.08245257
113,1.1047700430311,9,0.0831177
113,1.1047700430311,10,0.08301982
113,1.1047700430311,11,0.08305991
113,1.1047700430311,12,0.08264989
113,1.1047700430311,13,0.0824387
113,1.1047700430311,14,0.08270845
113,1.1047700430311,15,0.08297778
114,1.11514633625294,0,0.08275456
114,1.11514633625294,1,0.08258996
114,1.11514633625294,2,0.0830017
114,1.11514633625294,3,0.08269823
114,1.11514633625294,4,0.08286384
114,1.11514633625294,5,0.08299561
114,1.11514633625294,6,0.08273979
114,1.11514633625294,7,0.08274215
114,1.11514633625294,8,0.08266435
114,1.11514633625294,9,0.08293509
114,1.11514633625294,10,0.08315755
114,1.11514633625294,11,0.08305359
114,1.11514633625294,12,0.0830834
114,1.11514633625294,13,0.08293639
114,1.11514633625294,14,0.08296928
114,1.11514633625294,15,0.08291898
115,1.12552262947478,0,0.08251663
115,1.12552262947478,1,0.08256239
115,1.12552262947478,2,0.0825723
115,1.12552262947478,3,0.08279618
115,1.12552262947478,4,0.08243705
115,1.12552262947478,5,0.08274647
115,1.12552262947478,6,0.08269694
115,1.12552262947478,7,0.08266913
115,1.12552262947478,8,0.08249396
115,1.12552262947478,9,0.08267397
115,1.12552262947478,10,0.08248316
115,1.12552262947478,11,0.0829544
115,1.12552262947478,12,0.08269156
115,1.12552262947478,13,0.0824044
115,1.12552262947478,14,0.08265743
115,1.12552262947478,15,0.0826102
116,1.13589892269662,0,0.08277186
116,1.13589892269662,1,0.08242589
116,1.13589892269662,2,0.08260053
116,1.13589892269662,3,0.08269959
116,1.13589892269662,4,0.0829188
116,1.13589892269662,5,0.08280468
116,1.13589892269662,6,0.08261906
116,1.13589892269662,7,0.08267675
116,1.13589892269662,8,0.0829126
116,1.13589892269662,9,0.08287741
116,1.13589892269662,10,0.08282428
116,1.13589892269662,11,0.08292111
116,1.13589892269662,12,0.0825938
116,1.13589892269662,13,0.08275231
116,1.13589892269662,14,0.08266942
116,1.13589892269662,15,0.08294236
117,1.14566484572893,0,0.08258157
117,1.14566484572893,1,0.0830017
117,1.14566484572893,2,0.08280592
117,1.14566484572893,3,0.08283013
117,1.14566484572893,4,0.08285002
117,1.14566484572893,5,0.08285493
117,1.14566484572893,6,0.08292777
117,1.14566484572893,7,0.08279004
117,1.14566484572893,8,0.0828479
117,1.14566484572893,9,0.08286691
117,1.14566484572893,10,0.08282221
117,1.14566484572893,11,0.08276973
117,1.14566484572893,12,0.08285014
117,1.14566484572893,13,0.08303712
117,1.14566484572893,14,0.08308323
117,1.14566484572893,15,0.08272149
118,1.15604113895077,0,0.08260867
118,1.15604113895077,1,0.08249691
118,1.15604113895077,2,0.08304214
118,1.15604113895077,3,0.08281495
118,1.15604113895077,4,0.08263282
118,1.15604113895077,5,0.0824067
118,1.15604113895077,6,0.08269948
118,1.15604113895077,7,0.08290711
118,1.15604113895077,8,0.08275656
118,1.15604113895077,9,0.08274305
118,1.15604113895077,10,0.08258589
118,1.15604113895077,11,0.08285415
118,1.15604113895077,12,0.08290103
118,1.15604113895077,13,0.08285681
118,1.15604113895077,14,0.08265083
118,1.15604113895077,15,0.08288597
119,1.16702780236213,0,0.08276979
119,1.16702780236213,1,0.08275066
119,1.16702780236213,2,0.08308494
119,1.16702780236213,3,0.08300611
119,1.16702780236213,4,0.08291833
119,1.16702780236213,5,0.08311091
119,1.16702780236213,6,0.08286402
119,1.16702780236213,7,0.08313801
119,1.16702780236213,8,0.08287659
119,1.16702780236213,9,0.08279287
119,1.16702780236213,10,0.08324653
119,1.16702780236213,11,0.08309244
119,1.16702780236213,12,0.08308594
119,1.16702780236213,13,0.08294442
119,1.16702780236213,14,0.08308263
119,1.16702780236213,15,0.08309196
120,1.17618335520493,0,0.08274765
120,1.17618335520493,1,0.08302353
120,1.17618335520493,2,0.08319551
120,1.17618335520493,3,0.08283384
120,1.17618335520493,4,0.08305565
120,1.17618335520493,5,0.08315483
120,1.17618335520493,6,0.08298569
120,1.17618335520493,7,0.0831765
120,1.17618335520493,8,0.08329216
120,1.17618335520493,9,0.08304851
120,1.17618335520493,10,0.08318087
120,1.17618335520493,11,0.08312101
120,1.17618335520493,12,0.08301161
120,1.17618335520493,13,0.08306651
120,1.17618335520493,14,0.08298268
120,1.17618335520493,15,0.08311994
121,1.18594927823725,0,0.08272515
121,1.18594927823725,1,0.08296792
121,1.18594927823725,2,0.08306091
121,1.18594927823725,3,0.08258919
121,1.18594927823725,4,0.08274257
121,1.18594927823725,5,0.08264109
121,1.18594927823725,6,0.08273962
121,1.18594927823725,7,0.08256085
121,1.18594927823725,8,0.08273265
121,1.18594927823725,9,0.08259433
121,1.18594927823725,10,0.08271223
121,1.18594927823725,11,0.08276849
121,1.18594927823725,12,0.08250919
121,1.18594927823725,13,0.08260253
121,1.18594927823725,14,0.08257508
121,1.18594927823725,15,0.08268129
122,1.19632557145909,0,0.08286307
122,1.19632557145909,1,0.08280793
122,1.19632557145909,2,0.08258612
122,1.19632557145909,3,0.08247177
122,1.19632557145909,4,0.08277003
122,1.19632557145909,5,0.08271334
122,1.19632557145909,6,0.08288243
122,1.19632557145909,7,0.08252679
122,1.19632557145909,8,0.08246786
122,1.19632557145909,9,0.08260684
122,1.19632557145909,10,0.082813
122,1.19632557145909,11,0.08270933
122,1.19632557145909,12,0.08269575
122,1.19632557145909,13,0.08282694
122,1.19632557145909,14,0.08248156
122,1.19632557145909,15,0.08263784
123,1.20609149449141,0,0.08283798
123,1.20609149449141,1,0.08288067
123,1.20609149449141,2,0.08272167
123,1.20609149449141,3,0.08267621
123,1.20609149449141,4,0.08270349
123,1.20609149449141,5,0.08273832
123,1.20609149449141,6,0.08261333
123,1.20609149449141,7,0.08286508
123,1.20609149449141,8,0.08282989
123,1.20609149449141,9,0.08289383
123,1.20609149449141,10,0.08267462
123,1.20609149449141,11,0.08293285
123,1.20609149449141,12,0.08266027
123,1.20609149449141,13,0.08276819
123,1.20609149449141,14,0.08250783
123,1.20609149449141,15,0.082826
124,1.21646778771325,0,0.08274316
124,1.21646778771325,1,0.0827225
124,1.21646778771325,2,0.08303794
124,1.21646778771325,3,0.08303062
124,1.21646778771325,4,0.08305866
124,1.21646778771325,5,0.08303156
124,1.21646778771325,6,0.08276153
124,1.21646778771325,7,0.08311222
124,1.21646778771325,8,0.08286679
124,1.21646778771325,9,0.08303369
124,1.21646778771325,10,0.08314823
124,1.21646778771325,11,0.08287942
124,1.21646778771325,12,0.08287612
124,1.21646778771325,13,0.08295576
124,1.21646778771325,14,0.08274186
124,1.21646778771325,15,0.08261924
125,1.22623371074557,0,0.08328591
125,1.22623371074557,1,0.08306805
125,1.22623371074557,2,0.08322946
125,1.22623371074557,3,0.08294289
125,1.22623371074557,4,0.08281088
125,1.22623371074557,5,0.08324404
125,1.22623371074557,6,0.08320726
125,1.22623371074557,7,0.08314203
125,1.22623371074557,8,0.08291154
125,1.22623371074557,9,0.08322987
125,1.22623371074557,10,0.08305146
125,1.22623371074557,11,0.08311398
125,1.22623371074557,12,0.08329812
125,1.22623371074557,13,0.08323843
125,1.22623371074557,14,0.08311015
125,1.22623371074557,15,0.08319385
126,1.23599963377789,0,0.08309509
126,1.23599963377789,1,0.08308376
126,1.23599963377789,2,0.08302507
126,1.23599963377789,3,0.08298735
126,1.23599963377789,4,0.08297996
126,1.23599963377789,5,0.08302277
126,1.23599963377789,6,0.083088
126,1.23599963377789,7,0.08297931
126,1.23599963377789,8,0.08315537
126,1.23599963377789,9,0.08313176
126,1.23599963377789,10,0.08324227
126,1.23599963377789,11,0.08341006
126,1.23599963377789,12,0.08342665
126,1.23599963377789,13,0.08322231
126,1.23599963377789,14,0.08308765
126,1.23599963377789,15,0.08319623
127,1.24637592699973,0,0.08316988
127,1.24637592699973,1,0.08294035
127,1.24637592699973,2,0.08291331
127,1.24637592699973,3,0.0831941
127,1.24637592699973,4,0.08309887
127,1.24637592699973,5,0.08299655
127,1.24637592699973,6,0.08299951
127,1.24637592699973,7,0.0828234
127,1.24637592699973,8,0.08308075
127,1.24637592699973,9,0.08311811
127,1.24637592699973,10,0.08309957
127,1.24637592699973,11,0.08318565
127,1.24637592699973,12,0.08321305
127,1.24637592699973,13,0.08322113
127,1.24637592699973,14,0.08308943
127,1.24637592699973,15,0.08314634
128,1.25614185003204,0,0.08355494
128,1.25614185003204,1,0.08340787
128,1.25614185003204,2,0.08340711
128,1.25614185003204,3,0.08326554
128,1.25614185003204,4,0.08324853
128,1.25614185003204,5,0.08323035
128,1.25614185003204,6,0.08320963
128,1.25614185003204,7,0.08328956
128,1.25614185003204,8,0.08319026
128,1.25614185003204,9,0.08285711
128,1.25614185003204,10,0.0831399
128,1.25614185003204,11,0.08314628
128,1.25614185003204,12,0.08326855
128,1.25614185003204,13,0.08338178
128,1.25614185003204,14,0.08346108
128,1.25614185003204,15,0.08339618
129,1.26590777306436,0,0.08310542
129,1.26590777306436,1,0.08301675
129,1.26590777306436,2,0.0829355
129,1.26590777306436,3,0.08312974
129,1.26590777306436,4,0.08338881
129,1.26590777306436,5,0.08348326
129,1.26590777306436,6,0.0831086
129,1.26590777306436,7,0.08328691
129,1.26590777306436,8,0.08332764
129,1.26590777306436,9,0.08318211
129,1.26590777306436,10,0.08333814
129,1.26590777306436,11,0.08354626
129,1.26590777306436,12,0.08352195
129,1.26590777306436,13,0.08335698
129,1.26590777306436,14,0.0836458
129,1.26590777306436,15,0.08338661
130,1.2762840662862,0,0.08362998
130,1.2762840662862,1,0.08340197
130,1.2762840662862,2,0.08342943
130,1.2762840662862,3,0.08331099
130,1.2762840662862,4,0.08346225
130,1.2762840662862,5,0.08328697
130,1.2762840662862,6,0.08340327
130,1.2762840662862,7,0.08322527
130,1.2762840662862,8,0.0833836
130,1.2762840662862,9,0.08334849
130,1.2762840662862,10,0.08320018
130,1.2762840662862,11,0.08330108
130,1.2762840662862,12,0.08319274
130,1.2762840662862,13,0.08324771
130,1.2762840662862,14,0.08359297
130,1.2762840662862,15,0.08305388
131,1.28604998931852,0,0.08324528
131,1.28604998931852,1,0.08287517
131,1.28604998931852,2,0.08288013
131,1.28604998931852,3,0.08267421
131,1.28604998931852,4,0.08292612
131,1.28604998931852,5,0.08312184
131,1.28604998931852,6,0.0830625
131,1.28604998931852,7,0.08307739
131,1.28604998931852,8,0.08311971
131,1.28604998931852,9,0.08305778
131,1.28604998931852,10,0.08308794
131,1.28604998931852,11,0.0833342
131,1.28604998931852,12,0.08311505
131,1.28604998931852,13,0.08292329
131,1.28604998931852,14,0.08307992
131,1.28604998931852,15,0.08311179
132,1.29642628254036,0,0.083329
132,1.29642628254036,1,0.08320431
132,1.29642628254036,2,0.08360577
132,1.29642628254036,3,0.08339442
132,1.29642628254036,4,0.08313925
132,1.29642628254036,5,0.08329346
132,1.29642628254036,6,0.08329783
132,1.29642628254036,7,0.08363464
132,1.29642628254036,8,0.08336437
132,1.29642628254036,9,0.08338491
132,1.29642628254036,10,0.08342553
132,1.29642628254036,11,0.08337145
132,1.29642628254036,12,0.08361463
132,1.29642628254036,13,0.08327569
132,1.29642628254036,14,0.08291691
132,1.29642628254036,15,0.08319398
133,1.30619220557268,0,0.08327888
133,1.30619220557268,1,0.08343326
133,1.30619220557268,2,0.08339123
133,1.30619220557268,3,0.0835485
133,1.30619220557268,4,0.0833267
133,1.30619220557268,5,0.08327752
133,1.30619220557268,6,0.08329671
133,1.30619220557268,7,0.08355512
133,1.30619220557268,8,0.08350034
133,1.30619220557268,9,0.08339618
133,1.30619220557268,10,0.08381807
133,1.30619220557268,11,0.08344944
133,1.30619220557268,12,0.08351592
133,1.30619220557268,13,0.08345912
133,1.30619220557268,14,0.08358499
133,1.30619220557268,15,0.08349312
134,1.315958128605,0,0.08375313
134,1.315958128605,1,0.08351609
134,1.315958128605,2,0.0836151
134,1.315958128605,3,0.08332505
134,1.315958128605,4,0.08323047
134,1.315958128605,5,0.08336124
134,1.315958128605,6,0.08322657
134,1.315958128605,7,0.08311982
134,1.315958128605,8,0.08294272
134,1.315958128605,9,0.08322516
134,1.315958128605,10,0.08308417
134,1.315958128605,11,0.08320124
134,1.315958128605,12,0.0829511
134,1.315958128605,13,0.083393
134,1.315958128605,14,0.08309001
134,1.315958128605,15,0.083377
135,1.32694479201636,0,0.08334394
135,1.32694479201636,1,0.08332841
135,1.32694479201636,2,0.08351019
135,1.32694479201636,3,0.08345009
135,1.32694479201636,4,0.08360246
135,1.32694479201636,5,0.08365094
135,1.32694479201636,6,0.08335243
135,1.32694479201636,7,0.08330497
135,1.32694479201636,8,0.08358729
135,1.32694479201636,9,0.08326158
135,1.32694479201636,10,0.08341998
135,1.32694479201636,11,0.08357058
135,1.32694479201636,12,0.08321086
135,1.32694479201636,13,0.08333337
135,1.32694479201636,14,0.08338999
135,1.32694479201636,15,0.08322037
136,1.33610034485916,0,0.08385882
136,1.33610034485916,1,0.08358369
136,1.33610034485916,2,0.08351992
136,1.33610034485916,3,0.08373825
136,1.33610034485916,4,0.08394837
136,1.33610034485916,5,0.08385882
136,1.33610034485916,6,0.08368577
136,1.33610034485916,7,0.08362285
136,1.33610034485916,8,0.0838039
136,1.33610034485916,9,0.08373643
136,1.33610034485916,10,0.08380195
136,1.33610034485916,11,0.08357064
136,1.33610034485916,12,0.08362626
136,1.33610034485916,13,0.08373832
136,1.33610034485916,14,0.0836742
136,1.33610034485916,15,0.08349537
137,1.34708700827052,0,0.08369716
137,1.34708700827052,1,0.08362218
137,1.34708700827052,2,0.08361569
137,1.34708700827052,3,0.08362992
137,1.34708700827052,4,0.08376736
137,1.34708700827052,5,0.08361888
137,1.34708700827052,6,0.08383401
137,1.34708700827052,7,0.08362909
137,1.34708700827052,8,0.08376618
137,1.34708700827052,9,0.08380131
137,1.34708700827052,10,0.08392499
137,1.34708700827052,11,0.08385763
137,1.34708700827052,12,0.08374022
137,1.34708700827052,13,0.08413239
137,1.34708700827052,14,0.08407926
137,1.34708700827052,15,0.08370803
138,1.35685293130284,0,0.08390498
138,1.35685293130284,1,0.08379299
138,1.35685293130284,2,0.08392393
138,1.35685293130284,3,0.08414827
138,1.35685293130284,4,0.08418789
138,1.35685293130284,5,0.08447162
138,1.35685293130284,6,0.08419491
138,1.35685293130284,7,0.08405912
138,1.35685293130284,8,0.08396265
138,1.35685293130284,9,0.0842056
138,1.35685293130284,10,0.08398728
138,1.35685293130284,11,0.08423613
138,1.35685293130284,12,0.08427776
138,1.35685293130284,13,0.08432746
138,1.35685293130284,14,0.08425225
138,1.35685293130284,15,0.08404662
139,1.36661885433515,0,0.08411255
139,1.36661885433515,1,0.08417261
139,1.36661885433515,2,0.08392606
139,1.36661885433515,3,0.08408759
139,1.36661885433515,4,0.08386885
139,1.36661885433515,5,0.08384506
139,1.36661885433515,6,0.08372881
139,1.36661885433515,7,0.08384914
139,1.36661885433515,8,0.08384357
139,1.36661885433515,9,0.08386283
139,1.36661885433515,10,0.08368683
139,1.36661885433515,11,0.08405954
139,1.36661885433515,12,0.08389181
139,1.36661885433515,13,0.08404945
139,1.36661885433515,14,0.08380213
139,1.36661885433515,15,0.08402903
140,1.37699514755699,0,0.0841556
140,1.37699514755699,1,0.08424789
140,1.37699514755699,2,0.08429699
140,1.37699514755699,3,0.08464088
140,1.37699514755699,4,0.08452299
140,1.37699514755699,5,0.08442269
140,1.37699514755699,6,0.08423896
140,1.37699514755699,7,0.08416079
140,1.37699514755699,8,0.08443479
140,1.37699514755699,9,0.08470726
140,1.37699514755699,10,0.08446442
140,1.37699514755699,11,0.08441566
140,1.37699514755699,12,0.08441897
140,1.37699514755699,13,0.08433615
140,1.37699514755699,14,0.08452159
140,1.37699514755699,15,0.08415277
141,1.38676107058931,0,0.08407442
141,1.38676107058931,1,0.08420821
141,1.38676107058931,2,0.08414078
141,1.38676107058931,3,0.08405683
141,1.38676107058931,4,0.08425555
141,1.38676107058931,5,0.08426949
141,1.38676107058931,6,0.08432627
141,1.38676107058931,7,0.08448816
141,1.38676107058931,8,0.08417928
141,1.38676107058931,9,0.08398309
141,1.38676107058931,10,0.08419178
141,1.38676107058931,11,0.08444513
141,1.38676107058931,12,0.08453168
141,1.38676107058931,13,0.0840423
141,1.38676107058931,14,0.08428247
141,1.38676107058931,15,0.08434008
142,1.39652699362163,0,0.08403999
142,1.39652699362163,1,0.08422201
142,1.39652699362163,2,0.08429817
142,1.39652699362163,3,0.08395705
142,1.39652699362163,4,0.08403876
142,1.39652699362163,5,0.08403977
142,1.39652699362163,6,0.08417195
142,1.39652699362163,7,0.08442399
142,1.39652699362163,8,0.08418895
142,1.39652699362163,9,0.08410276
142,1.39652699362163,10,0.08443698
142,1.39652699362163,11,0.08391903
142,1.39652699362163,12,0.08409638
142,1.39652699362163,13,0.08403628
142,1.39652699362163,14,0.08423495
142,1.39652699362163,15,0.08421958
143,1.40751365703299,0,0.08422694
143,1.40751365703299,1,0.08448342
143,1.40751365703299,2,0.08424062
143,1.40751365703299,3,0.08465654
143,1.40751365703299,4,0.08430891
143,1.40751365703299,5,0.08469863
143,1.40751365703299,6,0.08449005
143,1.40751365703299,7,0.08445717
143,1.40751365703299,8,0.08457442
143,1.40751365703299,9,0.08444233
143,1.40751365703299,10,0.08424924
143,1.40751365703299,11,0.08431359
143,1.40751365703299,12,0.08415324
143,1.40751365703299,13,0.08434954
143,1.40751365703299,14,0.08464681
143,1.40751365703299,15,0.08433726
144,1.41666920987579,0,0.08434145
144,1.41666920987579,1,0.08410849
144,1.41666920987579,2,0.08408452
144,1.41666920987579,3,0.08420182
144,1.41666920987579,4,0.08391755
144,1.41666920987579,5,0.08441277
144,1.41666920987579,6,0.08427125
144,1.41666920987579,7,0.08431718
144,1.41666920987579,8,0.08443905
144,1.41666920987579,9,0.08421268
144,1.41666920987579,10,0.0841971
144,1.41666920987579,11,0.08395675
144,1.41666920987579,12,0.08399656
144,1.41666920987579,13,0.08415075
144,1.41666920987579,14,0.0842069
144,1.41666920987579,15,0.08388272
145,1.42704550309763,0,0.08431849
145,1.42704550309763,1,0.08446359
145,1.42704550309763,2,0.08417342
145,1.42704550309763,3,0.08419586
145,1.42704550309763,4,0.0839875
145,1.42704550309763,5,0.08387351
145,1.42704550309763,6,0.08407944
145,1.42704550309763,7,0.08385012
145,1.42704550309763,8,0.08412006
145,1.42704550309763,9,0.08397955
145,1.42704550309763,10,0.08387587
145,1.42704550309763,11,0.08402772
145,1.42704550309763,12,0.08420201
145,1.42704550309763,13,0.08409531
145,1.42704550309763,14,0.08404059
145,1.42704550309763,15,0.08417434
146,1.43620105594043,0,0.08412372
146,1.43620105594043,1,0.08392871
146,1.43620105594043,2,0.08382659
146,1.43620105594043,3,0.08402476
146,1.43620105594043,4,0.08418564
146,1.43620105594043,5,0.08408062
146,1.43620105594043,6,0.08386813
146,1.43620105594043,7,0.08396076
146,1.43620105594043,8,0.0842572
146,1.43620105594043,9,0.08396119
146,1.43620105594043,10,0.08400884
146,1.43620105594043,11,0.08418972
146,1.43620105594043,12,0.08407637
146,1.43620105594043,13,0.08401071
146,1.43620105594043,14,0.08394093
146,1.43620105594043,15,0.08420991
147,1.44596697897275,0,0.08366399
147,1.44596697897275,1,0.08362266
147,1.44596697897275,2,0.08343592
147,1.44596697897275,3,0.08357803
147,1.44596697897275,4,0.08339004
147,1.44596697897275,5,0.08361256
147,1.44596697897275,6,0.08377828
147,1.44596697897275,7,0.08381548
147,1.44596697897275,8,0.08352754
147,1.44596697897275,9,0.08377971
147,1.44596697897275,10,0.0838604
147,1.44596697897275,11,0.08414266
147,1.44596697897275,12,0.08384659
147,1.44596697897275,13,0.08390629
147,1.44596697897275,14,0.08360766
147,1.44596697897275,15,0.08396219
148,1.45695364238411,0,0.08346986
148,1.45695364238411,1,0.08368819
148,1.45695364238411,2,0.08375809
148,1.45695364238411,3,0.08382882
148,1.45695364238411,4,0.08373713
148,1.45695364238411,5,0.08389872
148,1.45695364238411,6,0.0836513
148,1.45695364238411,7,0.08405587
148,1.45695364238411,8,0.08406834
148,1.45695364238411,9,0.08407843
148,1.45695364238411,10,0.08441803
148,1.45695364238411,11,0.08413754
148,1.45695364238411,12,0.08425714
148,1.45695364238411,13,0.08422916
148,1.45695364238411,14,0.08388998
148,1.45695364238411,15,0.08387043
149,1.46610919522691,0,0.08446721
149,1.46610919522691,1,0.08463789
149,1.46610919522691,2,0.08452323
149,1.46610919522691,3,0.08413623
149,1.46610919522691,4,0.08430903
149,1.46610919522691,5,0.08427262
149,1.46610919522691,6,0.08389565
149,1.46610919522691,7,0.08423677
149,1.46610919522691,8,0.0842222
149,1.46610919522691,9,0.08395641
149,1.46610919522691,10,0.08418664
149,1.46610919522691,11,0.08422904
149,1.46610919522691,12,0.08446968
149,1.46610919522691,13,0.08405323
149,1.46610919522691,14,0.08426624
149,1.46610919522691,15,0.08440426
150,1.47709585863826,0,0.08433342
150,1.47709585863826,1,0.0845961
150,1.47709585863826,2,0.08412679
150,1.47709585863826,3,0.08437156
150,1.47709585863826,4,0.08409054
150,1.47709585863826,5,0.08425909
150,1.47709585863826,6,0.08396362
150,1.47709585863826,7,0.08383631
150,1.47709585863826,8,0.08388804
150,1.47709585863826,9,0.08399832
150,1.47709585863826,10,0.08405035
150,1.47709585863826,11,0.08411568
150,1.47709585863826,12,0.08398887
150,1.47709585863826,13,0.08406922
150,1.47709585863826,14,0.08381058
150,1.47709585863826,15,0.08368053
151,1.48625141148106,0,0.08381718
151,1.48625141148106,1,0.08384613
151,1.48625141148106,2,0.08393421
151,1.48625141148106,3,0.08356587
151,1.48625141148106,4,0.08385781
151,1.48625141148106,5,0.08370961
151,1.48625141148106,6,0.08375355
151,1.48625141148106,7,0.08402354
151,1.48625141148106,8,0.08366535
151,1.48625141148106,9,0.08359952
151,1.48625141148106,10,0.08404573
151,1.48625141148106,11,0.08392576
151,1.48625141148106,12,0.08377675
151,1.48625141148106,13,0.08385741
151,1.48625141148106,14,0.08409662
151,1.48625141148106,15,0.08382221
152,1.4966277047029,0,0.08381395
152,1.4966277047029,1,0.08366085
152,1.4966277047029,2,0.08369333
152,1.4966277047029,3,0.08383047
152,1.4966277047029,4,0.08396478
152,1.4966277047029,5,0.0840965
152,1.4966277047029,6,0.08389659
152,1.4966277047029,7,0.08391494
152,1.4966277047029,8,0.08384252
152,1.4966277047029,9,0.08400334
152,1.4966277047029,10,0.08375391
152,1.4966277047029,11,0.0835961
152,1.4966277047029,12,0.08343598
152,1.4966277047029,13,0.08369356
152,1.4966277047029,14,0.08379871
152,1.4966277047029,15,0.08355246
153,1.50700399792474,0,0.08361846
153,1.50700399792474,1,0.08385438
153,1.50700399792474,2,0.08377734
153,1.50700399792474,3,0.08405328
153,1.50700399792474,4,0.08392056
153,1.50700399792474,5,0.08408062
153,1.50700399792474,6,0.08393467
153,1.50700399792474,7,0.08404042
153,1.50700399792474,8,0.08377148
153,1.50700399792474,9,0.08373813
153,1.50700399792474,10,0.08380467
153,1.50700399792474,11,0.08395835
153,1.50700399792474,12,0.08384901
153,1.50700399792474,13,0.08362868
153,1.50700399792474,14,0.08392541
153,1.50700399792474,15,0.08378579
154,1.51615955076754,0,0.0836347
154,1.51615955076754,1,0.08367833
154,1.51615955076754,2,0.08345576
154,1.51615955076754,3,0.08348363
154,1.51615955076754,4,0.08354715
154,1.51615955076754,5,0.08358452
154,1.51615955076754,6,0.08366617
154,1.51615955076754,7,0.0840465
154,1.51615955076754,8,0.0839531
154,1.51615955076754,9,0.08400045
154,1.51615955076754,10,0.08364162
154,1.51615955076754,11,0.0835998
154,1.51615955076754,12,0.08359006
154,1.51615955076754,13,0.08336136
154,1.51615955076754,14,0.08380319
154,1.51615955076754,15,0.08355448
155,1.52592547379986,0,0.08354792
155,1.52592547379986,1,0.08367667
155,1.52592547379986,2,0.08398084
155,1.52592547379986,3,0.08380945
155,1.52592547379986,4,0.08371718
155,1.52592547379986,5,0.08381271
155,1.52592547379986,6,0.08388998
155,1.52592547379986,7,0.08396791
155,1.52592547379986,8,0.08370614
155,1.52592547379986,9,0.08399614
155,1.52592547379986,10,0.08378831
155,1.52592547379986,11,0.08376035
155,1.52592547379986,12,0.08400623
155,1.52592547379986,13,0.08352058
155,1.52592547379986,14,0.08399595
155,1.52592547379986,15,0.08393421
156,1.53691213721122,0,0.08372764
156,1.53691213721122,1,0.08360406
156,1.53691213721122,2,0.08380012
156,1.53691213721122,3,0.08400599
156,1.53691213721122,4,0.0837722
156,1.53691213721122,5,0.08406521
156,1.53691213721122,6,0.08368129
156,1.53691213721122,7,0.08370974
156,1.53691213721122,8,0.08399017
156,1.53691213721122,9,0.08400003
156,1.53691213721122,10,0.08364403
156,1.53691213721122,11,0.08384103
156,1.53691213721122,12,0.08388573
156,1.53691213721122,13,0.08394401
156,1.53691213721122,14,0.08405629
156,1.53691213721122,15,0.08371907
157,1.54606769005402,0,0.08402978
157,1.54606769005402,1,0.08362691
157,1.54606769005402,2,0.08366611
157,1.54606769005402,3,0.08352961
157,1.54606769005402,4,0.08372906
157,1.54606769005402,5,0.08335267
157,1.54606769005402,6,0.08371292
157,1.54606769005402,7,0.08374304
157,1.54606769005402,8,0.08365496
157,1.54606769005402,9,0.08341095
157,1.54606769005402,10,0.08362974
157,1.54606769005402,11,0.08345528
157,1.54606769005402,12,0.08357295
157,1.54606769005402,13,0.08336672
157,1.54606769005402,14,0.08335845
157,1.54606769005402,15,0.08367101
158,1.55644398327586,0,0.08338473
158,1.55644398327586,1,0.08325768
158,1.55644398327586,2,0.08343515
158,1.55644398327586,3,0.08349703
158,1.55644398327586,4,0.08335261
158,1.55644398327586,5,0.08333042
158,1.55644398327586,6,0.08340245
158,1.55644398327586,7,0.08340392
158,1.55644398327586,8,0.0832957
158,1.55644398327586,9,0.08330179
158,1.55644398327586,10,0.08347294
158,1.55644398327586,11,0.08330532
158,1.55644398327586,12,0.08310891
158,1.55644398327586,13,0.08350801
158,1.55644398327586,14,0.08350606
158,1.55644398327586,15,0.08337806
159,1.56620990630818,0,0.08332752
159,1.56620990630818,1,0.08347028
159,1.56620990630818,2,0.08317886
159,1.56620990630818,3,0.08342606
159,1.56620990630818,4,0.08349413
159,1.56620990630818,5,0.08334795
159,1.56620990630818,6,0.08340185
159,1.56620990630818,7,0.0834521
159,1.56620990630818,8,0.08299685
159,1.56620990630818,9,0.08332074
159,1.56620990630818,10,0.08319723
159,1.56620990630818,11,0.08297442
159,1.56620990630818,12,0.08323312
159,1.56620990630818,13,0.08343279
159,1.56620990630818,14,0.08315637
159,1.56620990630818,15,0.08320331
160,1.57658619953002,0,0.08303966
160,1.57658619953002,1,0.08327463
160,1.57658619953002,2,0.08330373
160,1.57658619953002,3,0.08289719
160,1.57658619953002,4,0.08319357
160,1.57658619953002,5,0.08325391
160,1.57658619953002,6,0.08314664
160,1.57658619953002,7,0.08345151
160,1.57658619953002,8,0.08344206
160,1.57658619953002,9,0.08307277
160,1.57658619953002,10,0.08330237
160,1.57658619953002,11,0.08286395
160,1.57658619953002,12,0.08318678
160,1.57658619953002,13,0.08314805
160,1.57658619953002,14,0.08298203
160,1.57658619953002,15,0.08306988
161,1.58635212256233,0,0.08331152
161,1.58635212256233,1,0.08299372
161,1.58635212256233,2,0.0827813
161,1.58635212256233,3,0.0829462
161,1.58635212256233,4,0.08331961
161,1.58635212256233,5,0.083087
161,1.58635212256233,6,0.08314096
161,1.58635212256233,7,0.08293185
161,1.58635212256233,8,0.08306274
161,1.58635212256233,9,0.0827741
161,1.58635212256233,10,0.08328927
161,1.58635212256233,11,0.0829694
161,1.58635212256233,12,0.08314975
161,1.58635212256233,13,0.08318129
161,1.58635212256233,14,0.08332416
161,1.58635212256233,15,0.08320827
162,1.59672841578417,0,0.08352365
162,1.59672841578417,1,0.08331784
162,1.59672841578417,2,0.0833385
162,1.59672841578417,3,0.08357029
162,1.59672841578417,4,0.08313606
162,1.59672841578417,5,0.0833607
162,1.59672841578417,6,0.08339942
162,1.59672841578417,7,0.08349555
162,1.59672841578417,8,0.08319256
162,1.59672841578417,9,0.08318607
162,1.59672841578417,10,0.08324322
162,1.59672841578417,11,0.08343627
162,1.59672841578417,12,0.08344985
162,1.59672841578417,13,0.08332793
162,1.59672841578417,14,0.08328106
162,1.59672841578417,15,0.08362118
163,1.60771507919553,0,0.08358393
163,1.60771507919553,1,0.08335274
163,1.60771507919553,2,0.083281
163,1.60771507919553,3,0.0832882
163,1.60771507919553,4,0.08316246
163,1.60771507919553,5,0.08315933
163,1.60771507919553,6,0.08324906
163,1.60771507919553,7,0.0831827
163,1.60771507919553,8,0.08339407
163,1.60771507919553,9,0.08313813
163,1.60771507919553,10,0.08322651
163,1.60771507919553,11,0.0830958
163,1.60771507919553,12,0.08334069
163,1.60771507919553,13,0.08311658
163,1.60771507919553,14,0.08322326
163,1.60771507919553,15,0.08303877
164,1.61687063203833,0,0.08308399
164,1.61687063203833,1,0.08311994
164,1.61687063203833,2,0.08307862
164,1.61687063203833,3,0.08301432
164,1.61687063203833,4,0.08333077
164,1.61687063203833,5,0.08317131
164,1.61687063203833,6,0.08307207
164,1.61687063203833,7,0.08307549
164,1.61687063203833,8,0.08325279
164,1.61687063203833,9,0.08341444
164,1.61687063203833,10,0.08320414
164,1.61687063203833,11,0.08313192
164,1.61687063203833,12,0.08306409
164,1.61687063203833,13,0.08342092
164,1.61687063203833,14,0.08320206
164,1.61687063203833,15,0.08316363
165,1.62724692526017,0,0.08337234
165,1.62724692526017,1,0.08318229
165,1.62724692526017,2,0.08335745
165,1.62724692526017,3,0.08334884
165,1.62724692526017,4,0.08335003
165,1.62724692526017,5,0.08344512
165,1.62724692526017,6,0.08327569
165,1.62724692526017,7,0.08297648
165,1.62724692526017,8,0.08292624
165,1.62724692526017,9,0.08324281
165,1.62724692526017,10,0.08335208
165,1.62724692526017,11,0.08318377
165,1.62724692526017,12,0.0830135
165,1.62724692526017,13,0.08312
165,1.62724692526017,14,0.08325449
165,1.62724692526017,15,0.08289825
166,1.63701284829249,0,0.08330379
166,1.63701284829249,1,0.08319339
166,1.63701284829249,2,0.08325963
166,1.63701284829249,3,0.08317579
166,1.63701284829249,4,0.08308825
166,1.63701284829249,5,0.0828051
166,1.63701284829249,6,0.08327687
166,1.63701284829249,7,0.08317161
166,1.63701284829249,8,0.08329263
166,1.63701284829249,9,0.08307029
166,1.63701284829249,10,0.0830243
166,1.63701284829249,11,0.08322982
166,1.63701284829249,12,0.08295429
166,1.63701284829249,13,0.08314498
166,1.63701284829249,14,0.08301551
166,1.63701284829249,15,0.08314893
167,1.64677877132481,0,0.08344898
167,1.64677877132481,1,0.08329316
167,1.64677877132481,2,0.08334358
167,1.64677877132481,3,0.0832516
167,1.64677877132481,4,0.08316222
167,1.64677877132481,5,0.08320673
167,1.64677877132481,6,0.08305607
167,1.64677877132481,7,0.08305435
167,1.64677877132481,8,0.0830968
167,1.64677877132481,9,0.08289005
167,1.64677877132481,10,0.08322267
167,1.64677877132481,11,0.08322368
167,1.64677877132481,12,0.0830204
167,1.64677877132481,13,0.08286006
167,1.64677877132481,14,0.08302501
167,1.64677877132481,15,0.08312408
168,1.65715506454665,0,0.08299632
168,1.65715506454665,1,0.08296426
168,1.65715506454665,2,0.08327941
168,1.65715506454665,3,0.08326075
168,1.65715506454665,4,0.08316216
168,1.65715506454665,5,0.08274889
168,1.65715506454665,6,0.08285788
168,1.65715506454665,7,0.0832232
168,1.65715506454665,8,0.08274747
168,1.65715506454665,9,0.08299177
168,1.65715506454665,10,0.08269504
168,1.65715506454665,11,0.08287729
168,1.65715506454665,12,0.08299904
168,1.65715506454665,13,0.08279588
168,1.65715506454665,14,0.08292648
168,1.65715506454665,15,0.08265549
169,1.66692098757897,0,0.08293593
169,1.66692098757897,1,0.0832503
169,1.66692098757897,2,0.08300948
169,1.66692098757897,3,0.08325922
169,1.66692098757897,4,0.08320307
169,1.66692098757897,5,0.08328892
169,1.66692098757897,6,0.08347152
169,1.66692098757897,7,0.08326417
169,1.66692098757897,8,0.08316824
169,1.66692098757897,9,0.0830387
169,1.66692098757897,10,0.08353009
169,1.66692098757897,11,0.08332907
169,1.66692098757897,12,0.08308606
169,1.66692098757897,13,0.08315082
169,1.66692098757897,14,0.08308499
169,1.66692098757897,15,0.08278083
170,1.67668691061129,0,0.0832369
170,1.67668691061129,1,0.08329853
170,1.67668691061129,2,0.08322314
170,1.67668691061129,3,0.08319357
170,1.67668691061129,4,0.08329376
170,1.67668691061129,5,0.08344389
170,1.67668691061129,6,0.08297495
170,1.67668691061129,7,0.08310613
170,1.67668691061129,8,0.08318571
170,1.67668691061129,9,0.08323608
170,1.67668691061129,10,0.08346527
170,1.67668691061129,11,0.08347016
170,1.67668691061129,12,0.08324493
170,1.67668691061129,13,0.0831347
170,1.67668691061129,14,0.08321766
170,1.67668691061129,15,0.08327433
171,1.68767357402264,0,0.08315336
171,1.68767357402264,1,0.08331365
171,1.68767357402264,2,0.08318996
171,1.68767357402264,3,0.0833339
171,1.68767357402264,4,0.08330663
171,1.68767357402264,5,0.08304922
171,1.68767357402264,6,0.08327876
171,1.68767357402264,7,0.0832624
171,1.68767357402264,8,0.08328389
171,1.68767357402264,9,0.08314528
171,1.68767357402264,10,0.08327055
171,1.68767357402264,11,0.0834106
171,1.68767357402264,12,0.08315206
171,1.68767357402264,13,0.083202
171,1.68767357402264,14,0.08299272
171,1.68767357402264,15,0.08317839
172,1.69682912686544,0,0.08346621
172,1.69682912686544,1,0.08351067
172,1.69682912686544,2,0.08332498
172,1.69682912686544,3,0.08338119
172,1.69682912686544,4,0.08355306
172,1.69682912686544,5,0.08350517
172,1.69682912686544,6,0.08345416
172,1.69682912686544,7,0.08352784
172,1.69682912686544,8,0.08335993
172,1.69682912686544,9,0.08326441
172,1.69682912686544,10,0.08334665
172,1.69682912686544,11,0.08349065
172,1.69682912686544,12,0.08345322
172,1.69682912686544,13,0.08350305
172,1.69682912686544,14,0.08360726
172,1.69682912686544,15,0.08341721
173,1.70598467970824,0,0.08314893
173,1.70598467970824,1,0.08342405
173,1.70598467970824,2,0.08316735
173,1.70598467970824,3,0.08338758
173,1.70598467970824,4,0.08327468
173,1.70598467970824,5,0.083359
173,1.70598467970824,6,0.08349118
173,1.70598467970824,7,0.08351161
173,1.70598467970824,8,0.08344714
173,1.70598467970824,9,0.0833499
173,1.70598467970824,10,0.08299047
173,1.70598467970824,11,0.08339595
173,1.70598467970824,12,0.08331011
173,1.70598467970824,13,0.08349378
173,1.70598467970824,14,0.08339884
173,1.70598467970824,15,0.08318914
174,1.71636097293008,0,0.08285811
174,1.71636097293008,1,0.08308825
174,1.71636097293008,2,0.08298634
174,1.71636097293008,3,0.08320738
174,1.71636097293008,4,0.08312756
174,1.71636097293008,5,0.08314379
174,1.71636097293008,6,0.08300553
174,1.71636097293008,7,0.08314303
174,1.71636097293008,8,0.0833826
174,1.71636097293008,9,0.08323525
174,1.71636097293008,10,0.08320873
174,1.71636097293008,11,0.08292458
174,1.71636097293008,12,0.0829534
174,1.71636097293008,13,0.08286395
174,1.71636097293008,14,0.08287328
174,1.71636097293008,15,0.08320414
175,1.72673726615192,0,0.08318807
175,1.72673726615192,1,0.08291113
175,1.72673726615192,2,0.08336165
175,1.72673726615192,3,0.08291001
175,1.72673726615192,4,0.08329447
175,1.72673726615192,5,0.08318583
175,1.72673726615192,6,0.0830096
175,1.72673726615192,7,0.08329889
175,1.72673726615192,8,0.08297937
175,1.72673726615192,9,0.08308275
175,1.72673726615192,10,0.0832284
175,1.72673726615192,11,0.08340799
175,1.72673726615192,12,0.08325113
175,1.72673726615192,13,0.0831833
175,1.72673726615192,14,0.08342848
175,1.72673726615192,15,0.08319333
176,1.73650318918424,0,0.08304993
176,1.73650318918424,1,0.08286413
176,1.73650318918424,2,0.08283609
176,1.73650318918424,3,0.08312178
176,1.73650318918424,4,0.0828891
176,1.73650318918424,5,0.083168
176,1.73650318918424,6,0.08315697
176,1.73650318918424,7,0.08306841
176,1.73650318918424,8,0.08288734
176,1.73650318918424,9,0.08295488
176,1.73650318918424,10,0.08292247
176,1.73650318918424,11,0.08299821
176,1.73650318918424,12,0.08297076
176,1.73650318918424,13,0.08297159
176,1.73650318918424,14,0.08295682
176,1.73650318918424,15,0.08295429
177,1.74626911221656,0,0.08283006
177,1.74626911221656,1,0.08312497
177,1.74626911221656,2,0.0830148
177,1.74626911221656,3,0.08315904
177,1.74626911221656,4,0.08328773
177,1.74626911221656,5,0.08319422
177,1.74626911221656,6,0.08313813
177,1.74626911221656,7,0.08292724
177,1.74626911221656,8,0.08275562
177,1.74626911221656,9,0.08297364
177,1.74626911221656,10,0.08302046
177,1.74626911221656,11,0.08280303
177,1.74626911221656,12,0.082862
177,1.74626911221656,13,0.08305678
177,1.74626911221656,14,0.08310383
177,1.74626911221656,15,0.08294844
178,1.75725577562792,0,0.0832274
178,1.75725577562792,1,0.082892
178,1.75725577562792,2,0.08319132
178,1.75725577562792,3,0.08313099
178,1.75725577562792,4,0.0832294
178,1.75725577562792,5,0.08305252
178,1.75725577562792,6,0.08304314
178,1.75725577562792,7,0.0831347
178,1.75725577562792,8,0.08293521
178,1.75725577562792,9,0.08307189
178,1.75725577562792,10,0.08319138
178,1.75725577562792,11,0.08340493
178,1.75725577562792,12,0.08301882
178,1.75725577562792,13,0.08321529
178,1.75725577562792,14,0.08321843
178,1.75725577562792,15,0.08339701
179,1.76641132847072,0,0.08331401
179,1.76641132847072,1,0.08367473
179,1.76641132847072,2,0.08332959
179,1.76641132847072,3,0.08323465
179,1.76641132847072,4,0.08318265
179,1.76641132847072,5,0.08316121
179,1.76641132847072,6,0.08272132
179,1.76641132847072,7,0.08318654
179,1.76641132847072,8,0.08318578
179,1.76641132847072,9,0.08321469
179,1.76641132847072,10,0.08295381
179,1.76641132847072,11,0.08315413
179,1.76641132847072,12,0.08308677
179,1.76641132847072,13,0.08333756
179,1.76641132847072,14,0.08291721
179,1.76641132847072,15,0.08308671
180,1.77678762169256,0,0.08325969
180,1.77678762169256,1,0.08308045
180,1.77678762169256,2,0.08327445
180,1.77678762169256,3,0.08320903
180,1.77678762169256,4,0.08306474
180,1.77678762169256,5,0.08281909
180,1.77678762169256,6,0.08309775
180,1.77678762169256,7,0.08303045
180,1.77678762169256,8,0.08294714
180,1.77678762169256,9,0.0829335
180,1.77678762169256,10,0.08297241
180,1.77678762169256,11,0.08320107
180,1.77678762169256,12,0.08316901
180,1.77678762169256,13,0.08285687
180,1.77678762169256,14,0.08311073
180,1.77678762169256,15,0.08288084
181,1.78594317453536,0,0.08273549
181,1.78594317453536,1,0.08255672
181,1.78594317453536,2,0.08258364
181,1.78594317453536,3,0.0828107
181,1.78594317453536,4,0.0827767
181,1.78594317453536,5,0.08302549
181,1.78594317453536,6,0.08315331
181,1.78594317453536,7,0.08291934
181,1.78594317453536,8,0.08276188
181,1.78594317453536,9,0.08288474
181,1.78594317453536,10,0.08318093
181,1.78594317453536,11,0.08316611
181,1.78594317453536,12,0.0832947
181,1.78594317453536,13,0.08333024
181,1.78594317453536,14,0.08338437
181,1.78594317453536,15,0.08332268
182,1.79692983794671,0,0.08318093
182,1.79692983794671,1,0.08313807
182,1.79692983794671,2,0.08320981
182,1.79692983794671,3,0.08329541
182,1.79692983794671,4,0.08302955
182,1.79692983794671,5,0.08312213
182,1.79692983794671,6,0.08335397
182,1.79692983794671,7,0.08346485
182,1.79692983794671,8,0.08312473
182,1.79692983794671,9,0.08299626
182,1.79692983794671,10,0.08301976
182,1.79692983794671,11,0.08317061
182,1.79692983794671,12,0.08307171
182,1.79692983794671,13,0.08287033
182,1.79692983794671,14,0.08322893
182,1.79692983794671,15,0.08325744
183,1.80608539078951,0,0.08305264
183,1.80608539078951,1,0.08313795
183,1.80608539078951,2,0.08333862
183,1.80608539078951,3,0.08326016
183,1.80608539078951,4,0.08334576
183,1.80608539078951,5,0.0830184
183,1.80608539078951,6,0.08298676
183,1.80608539078951,7,0.083217
183,1.80608539078951,8,0.0829694
183,1.80608539078951,9,0.082908
183,1.80608539078951,10,0.08291934
183,1.80608539078951,11,0.08285876
183,1.80608539078951,12,0.08290823
183,1.80608539078951,13,0.08284435
183,1.80608539078951,14,0.08291698
183,1.80608539078951,15,0.08305979
184,1.81707205420087,0,0.08297583
184,1.81707205420087,1,0.082697
184,1.81707205420087,2,0.08298238
184,1.81707205420087,3,0.08250288
184,1.81707205420087,4,0.08254338
184,1.81707205420087,5,0.08284973
184,1.81707205420087,6,0.0828554
184,1.81707205420087,7,0.08290091
184,1.81707205420087,8,0.08282594
184,1.81707205420087,9,0.08272787
184,1.81707205420087,10,0.08268844
184,1.81707205420087,11,0.08292518
184,1.81707205420087,12,0.0829423
184,1.81707205420087,13,0.0826271
184,1.81707205420087,14,0.08293451
184,1.81707205420087,15,0.08305606
185,1.82622760704367,0,0.08307135
185,1.82622760704367,1,0.08321954
185,1.82622760704367,2,0.08308777
185,1.82622760704367,3,0.08275443
185,1.82622760704367,4,0.0829923
185,1.82622760704367,5,0.0829946
185,1.82622760704367,6,0.08290605
185,1.82622760704367,7,0.08273666
185,1.82622760704367,8,0.08269729
185,1.82622760704367,9,0.08258636
185,1.82622760704367,10,0.08285374
185,1.82622760704367,11,0.08239124
185,1.82622760704367,12,0.08288492
185,1.82622760704367,13,0.08262231
185,1.82622760704367,14,0.08274257
185,1.82622760704367,15,0.08308996
186,1.83660390026551,0,0.08331548
186,1.83660390026551,1,0.0831409
186,1.83660390026551,2,0.08295924
186,1.83660390026551,3,0.08316611
186,1.83660390026551,4,0.08346596
186,1.83660390026551,5,0.08313902
186,1.83660390026551,6,0.08314498
186,1.83660390026551,7,0.08313477
186,1.83660390026551,8,0.08301421
186,1.83660390026551,9,0.08318205
186,1.83660390026551,10,0.08301639
186,1.83660390026551,11,0.0830978
186,1.83660390026551,12,0.08310866
186,1.83660390026551,13,0.08315188
186,1.83660390026551,14,0.08345676
186,1.83660390026551,15,0.08322261
187,1.84636982329783,0,0.08344206
187,1.84636982329783,1,0.08330267
187,1.84636982329783,2,0.08331761
187,1.84636982329783,3,0.08332676
187,1.84636982329783,4,0.08336803
187,1.84636982329783,5,0.08337653
187,1.84636982329783,6,0.08318619
187,1.84636982329783,7,0.08313878
187,1.84636982329783,8,0.08335575
187,1.84636982329783,9,0.08329033
187,1.84636982329783,10,0.08340599
187,1.84636982329783,11,0.08322427
187,1.84636982329783,12,0.0833934
187,1.84636982329783,13,0.08318117
187,1.84636982329783,14,0.08314315
187,1.84636982329783,15,0.08325355
188,1.85674611651967,0,0.08348309
188,1.85674611651967,1,0.0834041
188,1.85674611651967,2,0.0834012
188,1.85674611651967,3,0.08320042
188,1.85674611651967,4,0.08343296
188,1.85674611651967,5,0.08359095
188,1.85674611651967,6,0.08330209
188,1.85674611651967,7,0.0836458
188,1.85674611651967,8,0.08321446
188,1.85674611651967,9,0.08335687
188,1.85674611651967,10,0.0833133
188,1.85674611651967,11,0.0837078
188,1.85674611651967,12,0.08345003
188,1.85674611651967,13,0.08361209
188,1.85674611651967,14,0.08337718
188,1.85674611651967,15,0.08352022
189,1.86590166936247,0,0.08359184
189,1.86590166936247,1,0.08329847
189,1.86590166936247,2,0.08353587
189,1.86590166936247,3,0.08351137
189,1.86590166936247,4,0.08366215
189,1.86590166936247,5,0.08328023
189,1.86590166936247,6,0.08346155
189,1.86590166936247,7,0.08323495
189,1.86590166936247,8,0.0831644
189,1.86590166936247,9,0.08324493
189,1.86590166936247,10,0.08305494
189,1.86590166936247,11,0.08304662
189,1.86590166936247,12,0.08325532
189,1.86590166936247,13,0.08320537
189,1.86590166936247,14,0.08330256
189,1.86590166936247,15,0.08339182
190,1.87688833277383,0,0.08298717
190,1.87688833277383,1,0.0830416
190,1.87688833277383,2,0.08307047
190,1.87688833277383,3,0.08300912
190,1.87688833277383,4,0.08316794
190,1.87688833277383,5,0.08312774
190,1.87688833277383,6,0.08313677
190,1.87688833277383,7,0.08315313
190,1.87688833277383,8,0.08319403
190,1.87688833277383,9,0.08335587
190,1.87688833277383,10,0.08319203
190,1.87688833277383,11,0.08353941
190,1.87688833277383,12,0.08309863
190,1.87688833277383,13,0.0828179
190,1.87688833277383,14,0.08316623
190,1.87688833277383,15,0.08319044
191,1.88665425580615,0,0.08325307
191,1.88665425580615,1,0.08320283
191,1.88665425580615,2,0.08303051
191,1.88665425580615,3,0.08315188
191,1.88665425580615,4,0.08320296
191,1.88665425580615,5,0.08343975
191,1.88665425580615,6,0.08339075
191,1.88665425580615,7,0.08313464
191,1.88665425580615,8,0.0833329
191,1.88665425580615,9,0.08318406
191,1.88665425580615,10,0.0830537
191,1.88665425580615,11,0.08309361
191,1.88665425580615,12,0.08307891
191,1.88665425580615,13,0.08327758
191,1.88665425580615,14,0.08295588
191,1.88665425580615,15,0.083152
192,1.89703054902799,0,0.08295328
192,1.89703054902799,1,0.08339453
192,1.89703054902799,2,0.08292665
192,1.89703054902799,3,0.0828639
192,1.89703054902799,4,0.08305453
192,1.89703054902799,5,0.0831193
192,1.89703054902799,6,0.08302076
192,1.89703054902799,7,0.08312177
192,1.89703054902799,8,0.08305269
192,1.89703054902799,9,0.08301444
192,1.89703054902799,10,0.08302861
192,1.89703054902799,11,0.08308175
192,1.89703054902799,12,0.08308452
192,1.89703054902799,13,0.08298038
192,1.89703054902799,14,0.08325119
192,1.89703054902799,15,0.08275621
193,1.90740684224982,0,0.082958
193,1.90740684224982,1,0.08293734
193,1.90740684224982,2,0.08306912
193,1.90740684224982,3,0.08285788
193,1.90740684224982,4,0.08300535
193,1.90740684224982,5,0.08293988
193,1.90740684224982,6,0.08318589
193,1.90740684224982,7,0.08297247
193,1.90740684224982,8,0.08301539
193,1.90740684224982,9,0.08327345
193,1.90740684224982,10,0.08318435
193,1.90740684224982,11,0.08297016
193,1.90740684224982,12,0.08343811
193,1.90740684224982,13,0.08304402
193,1.90740684224982,14,0.08294336
193,1.90740684224982,15,0.08303174
194,1.91656239509262,0,0.08297802
194,1.91656239509262,1,0.08311374
194,1.91656239509262,2,0.08300471
194,1.91656239509262,3,0.08275615
194,1.91656239509262,4,0.08295523
194,1.91656239509262,5,0.08322728
194,1.91656239509262,6,0.08340994
194,1.91656239509262,7,0.08318908
194,1.91656239509262,8,0.0833058
194,1.91656239509262,9,0.08342972
194,1.91656239509262,10,0.08310211
194,1.91656239509262,11,0.08296727
194,1.91656239509262,12,0.08313175
194,1.91656239509262,13,0.08294047
194,1.91656239509262,14,0.08281472
194,1.91656239509262,15,0.08301781
195,1.92693868831446,0,0.08312649
195,1.92693868831446,1,0.08266069
195,1.92693868831446,2,0.0829312
195,1.92693868831446,3,0.08286508
195,1.92693868831446,4,0.08266169
195,1.92693868831446,5,0.08261292
195,1.92693868831446,6,0.08304178
195,1.92693868831446,7,0.08293168
195,1.92693868831446,8,0.08270998
195,1.92693868831446,9,0.08302076
195,1.92693868831446,10,0.08307578
195,1.92693868831446,11,0.0831242
195,1.92693868831446,12,0.08312101
195,1.92693868831446,13,0.0828348
195,1.92693868831446,14,0.08299431
195,1.92693868831446,15,0.08283166
196,1.93670461134678,0,0.08300175
196,1.93670461134678,1,0.08322067
196,1.93670461134678,2,0.08341844
196,1.93670461134678,3,0.08333254
196,1.93670461134678,4,0.08320113
196,1.93670461134678,5,0.08290941
196,1.93670461134678,6,0.08282086
196,1.93670461134678,7,0.08310088
196,1.93670461134678,8,0.08323135
196,1.93670461134678,9,0.08293947
196,1.93670461134678,10,0.08284701
196,1.93670461134678,11,0.08263429
196,1.93670461134678,12,0.08304538
196,1.93670461134678,13,0.08279889
196,1.93670461134678,14,0.08337469
196,1.93670461134678,15,0.08329859
197,1.9464705343791,0,0.08312006
197,1.9464705343791,1,0.08301178
197,1.9464705343791,2,0.08289885
197,1.9464705343791,3,0.08299591
197,1.9464705343791,4,0.08309102
197,1.9464705343791,5,0.08306351
197,1.9464705343791,6,0.08313222
197,1.9464705343791,7,0.08328725
197,1.9464705343791,8,0.08322143
197,1.9464705343791,9,0.08319522
197,1.9464705343791,10,0.08333071
197,1.9464705343791,11,0.08333697
197,1.9464705343791,12,0.0834714
197,1.9464705343791,13,0.08319959
197,1.9464705343791,14,0.08319268
197,1.9464705343791,15,0.08327238
198,1.9556260872219,0,0.08305352
198,1.9556260872219,1,0.08298209
198,1.9556260872219,2,0.08323412
198,1.9556260872219,3,0.08298256
198,1.9556260872219,4,0.08321754
198,1.9556260872219,5,0.08300772
198,1.9556260872219,6,0.08309474
198,1.9556260872219,7,0.08325685
198,1.9556260872219,8,0.08299006
198,1.9556260872219,9,0.08327463
198,1.9556260872219,10,0.0828548
198,1.9556260872219,11,0.08273756
198,1.9556260872219,12,0.0826712
198,1.9556260872219,13,0.08262692
198,1.9556260872219,14,0.0825997
198,1.9556260872219,15,0.08288911
199,1.96600238044374,0,0.08301952
199,1.96600238044374,1,0.08293787
199,1.96600238044374,2,0.08310772
199,1.96600238044374,3,0.08275863
199,1.96600238044374,4,0.08257136
199,1.96600238044374,5,0.08255696
199,1.96600238044374,6,0.08299112
199,1.96600238044374,7,0.08284801
199,1.96600238044374,8,0.08276565
199,1.96600238044374,9,0.08270709
199,1.96600238044374,10,0.08254904
199,1.96600238044374,11,0.08292636
199,1.96600238044374,12,0.0827385
199,1.96600238044374,13,0.08306669
199,1.96600238044374,14,0.08301882
199,1.96600238044374,15,0.08296261
200,1.97637867366558,0,0.08288208
200,1.97637867366558,1,0.08292713
200,1.97637867366558,2,0.08283638
200,1.97637867366558,3,0.08251894
200,1.97637867366558,4,0.08275916
200,1.97637867366558,5,0.0826931
200,1.97637867366558,6,0.0829073
200,1.97637867366558,7,0.08308039
200,1.97637867366558,8,0.08315088
200,1.97637867366558,9,0.08292028
200,1.97637867366558,10,0.08278479
200,1.97637867366558,11,0.08274122
200,1.97637867366558,12,0.08279382
200,1.97637867366558,13,0.08291928
200,1.97637867366558,14,0.0828316
200,1.97637867366558,15,0.08273383
