position,voltage_mean,voltage_std,n_samples
0.0,0.7480687625,0.00016233110020494033,16
0.997497482222968,0.74736225,0.00020435981136220947,16
1.9968260750145,0.746589025,0.0001967727099345928,16
2.99684133426924,0.75484798125,0.00015750963549395315,16
3.9828943754387,0.75446825625,0.00014374286490444847,16
