position,voltage_mean,voltage_std,n_samples
0.0,0.75651739375,0.0002074297967649249,16
0.483413190099796,0.75621998125,0.0002759167383893786,16
0.98055970946379,0.7563325187500001,0.00018789064046258522,16
1.47999511703848,0.7579490750000001,0.00021954461249369572,16
1.97920163579211,0.76274523125,0.0002174153562847782,16
2.4763481551561,0.7629518875,0.00017491363181224096,16
2.97326578569903,0.7629801062500001,0.00019884152756891756,16
