position,voltage_mean,voltage_std,n_samples
0.0,-4.1005622580645165,0.0008049314924863623,31
0.98391674550615,-4.099769741935484,0.0009490521576388904,31
1.98065126499222,-4.099969161290323,0.0009117946888584319,31
2.96395764030885,-4.100000096774193,0.0008191055843887146,31
3.96069215979492,-4.0996337419354845,0.0008595953649637549,31
4.95925778984954,-4.100008580645161,0.0009284305791337289,31
5.95599230933561,-4.098962258064517,0.0008208662602846912,31
6.93929868465224,-4.095650677419355,0.0009014690300119584,31
7.93603320413831,-4.082635451612904,0.0010751602682844454,31
