position,voltage_mean,voltage_std,n_samples
-0.00228888821069979,0.0047088080625,0.00023364339542759094,16
0.485015411847285,0.00452627175,0.00027131761477153026,16
0.98078859828486,0.0046955179375,0.0002149173353194399,16
1.4767906735435,0.0049654128125,0.00023266346381179475,16
1.97210608233894,0.0048723393125,0.0002667383563578077,16
2.469481490524,0.15784769375000002,0.000916448184888781,16
2.966628009888,0.41549060625,0.0011805308628265252,16
