pos_index,position,sample_index,voltage
0,-0.010986663411359,0,0.07395469
0,-0.010986663411359,1,0.07418305
0,-0.010986663411359,2,0.07415584
0,-0.010986663411359,3,0.07412504
0,-0.010986663411359,4,0.07386659
0,-0.010986663411359,5,0.07402099
0,-0.010986663411359,6,0.07408301
0,-0.010986663411359,7,0.07410546
0,-0.010986663411359,8,0.07398069
0,-0.010986663411359,9,0.0739444
0,-0.010986663411359,10,0.07400905
0,-0.010986663411359,11,0.07401925
1,-0.010986663411359,0,0.07393975
1,-0.010986663411359,1,0.07410339
1,-0.010986663411359,2,0.07423555
1,-0.010986663411359,3,0.07418184
1,-0.010986663411359,4,0.0744468
1,-0.010986663411359,5,0.07411586
1,-0.010986663411359,6,0.07464939
1,-0.010986663411359,7,0.07455049
1,-0.010986663411359,8,0.07437275
1,-0.010986663411359,9,0.07414323
1,-0.010986663411359,10,0.07434751
1,-0.010986663411359,11,0.07442682
1,-0.010986663411359,12,0.07425167
1,-0.010986663411359,13,0.07418706
1,-0.010986663411359,14,0.07414348
1,-0.010986663411359,15,0.0743429
2,-0.00183111056855983,0,0.0743216
2,-0.00183111056855983,1,0.07478481
2,-0.00183111056855983,2,0.0745497
2,-0.00183111056855983,3,0.07412932
2,-0.00183111056855983,4,0.07409019
2,-0.00183111056855983,5,0.07417243
2,-0.00183111056855983,6,0.07420313
2,-0.00183111056855983,7,0.07410688
2,-0.00183111056855983,8,0.07405026
2,-0.00183111056855983,9,0.07413267
2,-0.00183111056855983,10,0.07416826
2,-0.00183111056855983,11,0.07426698
2,-0.00183111056855983,12,0.07434766
2,-0.00183111056855983,13,0.07411924
2,-0.00183111056855983,14,0.07417101
2,-0.00183111056855983,15,0.07427844
3,0.00793481246375927,0,0.07406373
3,0.00793481246375927,1,0.07394445
3,0.00793481246375927,2,0.07402764
3,0.00793481246375927,3,0.07397768
3,0.00793481246375927,4,0.0741886
3,0.00793481246375927,5,0.07429836
3,0.00793481246375927,6,0.07440629
3,0.00793481246375927,7,0.07407677
3,0.00793481246375927,8,0.07408702
3,0.00793481246375927,9,0.07415838
3,0.00793481246375927,10,0.07434834
3,0.00793481246375927,11,0.07432458
3,0.00793481246375927,12,0.07451448
3,0.00793481246375927,13,0.07434084
3,0.00793481246375927,14,0.07433075
3,0.00793481246375927,15,0.07414977
4,0.0183111056855983,0,0.07409807
4,0.0183111056855983,1,0.07405633
4,0.0183111056855983,2,0.07406684
4,0.0183111056855983,3,0.07413477
4,0.0183111056855983,4,0.07412437
4,0.0183111056855983,5,0.07421649
4,0.0183111056855983,6,0.07423333
4,0.0183111056855983,7,0.07399801
4,0.0183111056855983,8,0.07414333
4,0.0183111056855983,9,0.07426593
4,0.0183111056855983,10,0.07442872
4,0.0183111056855983,11,0.07405993
4,0.0183111056855983,12,0.07398834
4,0.0183111056855983,13,0.07437576
4,0.0183111056855983,14,0.07395264
4,0.0183111056855983,15,0.07405859
5,0.0280770287179174,0,0.07414296
5,0.0280770287179174,1,0.07402384
5,0.0280770287179174,2,0.0739473
5,0.0280770287179174,3,0.07424158
5,0.0280770287179174,4,0.07449362
5,0.0280770287179174,5,0.07425453
5,0.0280770287179174,6,0.0742739
5,0.0280770287179174,7,0.07414397
5,0.0280770287179174,8,0.07406848
5,0.0280770287179174,9,0.07427339
5,0.0280770287179174,10,0.07440677
5,0.0280770287179174,11,0.07446535
5,0.0280770287179174,12,0.07443865
5,0.0280770287179174,13,0.07418189
5,0.0280770287179174,14,0.07437027
5,0.0280770287179174,15,0.07448601
6,0.0378429517502365,0,0.0742398
6,0.0378429517502365,1,0.07415764
6,0.0378429517502365,2,0.07422647
6,0.0378429517502365,3,0.07431748
6,0.0378429517502365,4,0.07434887
6,0.0378429517502365,5,0.07418544
6,0.0378429517502365,6,0.0743064
6,0.0378429517502365,7,0.07418126
6,0.0378429517502365,8,0.07425596
6,0.0378429517502365,9,0.07418305
6,0.0378429517502365,10,0.07408527
6,0.0378429517502365,11,0.07427094
6,0.0378429517502365,12,0.07410027
6,0.0378429517502365,13,0.07416736
6,0.0378429517502365,14,0.07434285
6,0.0378429517502365,15,0.07442355
7,0.0476088747825556,0,0.07431918
7,0.0476088747825556,1,0.07413857
7,0.0476088747825556,2,0.07417069
7,0.0476088747825556,3,0.07408301
7,0.0476088747825556,4,0.07406314
7,0.0476088747825556,5,0.07410884
7,0.0476088747825556,6,0.07437306
7,0.0476088747825556,7,0.07448009
7,0.0476088747825556,8,0.07418469
7,0.0476088747825556,9,0.07411063
7,0.0476088747825556,10,0.07414286
7,0.0476088747825556,11,0.07402321
7,0.0476088747825556,12,0.07398839
7,0.0476088747825556,13,0.07421876
7,0.0476088747825556,14,0.07402738
7,0.0476088747825556,15,0.07416699
8,0.0579851680043947,0,0.07418025
8,0.0579851680043947,1,0.07447021
8,0.0579851680043947,2,0.07433365
8,0.0579851680043947,3,0.07414381
8,0.0579851680043947,4,0.07412801
8,0.0579851680043947,5,0.07400097
8,0.0579851680043947,6,0.07420608
8,0.0579851680043947,7,0.0741399
8,0.0579851680043947,8,0.07416039
8,0.0579851680043947,9,0.07401153
8,0.0579851680043947,10,0.07404904
8,0.0579851680043947,11,0.0739829
8,0.0579851680043947,12,0.07375507
8,0.0579851680043947,13,0.07382153
8,0.0579851680043947,14,0.07401343
8,0.0579851680043947,15,0.07389036
9,0.0677510910367138,0,0.07390103
9,0.0677510910367138,1,0.07394894
9,0.0677510910367138,2,0.07424717
9,0.0677510910367138,3,0.0739763
9,0.0677510910367138,4,0.07367822
9,0.0677510910367138,5,0.07384023
9,0.0677510910367138,6,0.07417777
9,0.0677510910367138,7,0.07420523
9,0.0677510910367138,8,0.07413134
9,0.0677510910367138,9,0.0744111
9,0.0677510910367138,10,0.07432695
9,0.0677510910367138,11,0.07412437
9,0.0677510910367138,12,0.07396199
9,0.0677510910367138,13,0.0740829
9,0.0677510910367138,14,0.0741138
9,0.0677510910367138,15,0.07410503
10,0.0781273842585528,0,0.074024
10,0.0781273842585528,1,0.07396717
10,0.0781273842585528,2,0.07411344
10,0.0781273842585528,3,0.07374842
10,0.0781273842585528,4,0.07372887
10,0.0781273842585528,5,0.07362656
10,0.0781273842585528,6,0.07377278
10,0.0781273842585528,7,0.07362948
10,0.0781273842585528,8,0.07369872
10,0.0781273842585528,9,0.07411692
10,0.0781273842585528,10,0.07381002
10,0.0781273842585528,11,0.07388159
10,0.0781273842585528,12,0.07411723
10,0.0781273842585528,13,0.07408486
10,0.0781273842585528,14,0.07424311
10,0.0781273842585528,15,0.07418754
11,0.087282937101352,0,0.0739473
11,0.087282937101352,1,0.07386876
11,0.087282937101352,2,0.07408464
11,0.087282937101352,3,0.07401777
11,0.087282937101352,4,0.07375687
11,0.087282937101352,5,0.07374826
11,0.087282937101352,6,0.07400515
11,0.087282937101352,7,0.07381149
11,0.087282937101352,8,0.073966
11,0.087282937101352,9,0.07399511
11,0.087282937101352,10,0.07394794
11,0.087282937101352,11,0.07382676
11,0.087282937101352,12,0.07367231
11,0.087282937101352,13,0.07385132
11,0.087282937101352,14,0.07398792
11,0.087282937101352,15,0.0740688
12,0.098269600512711,0,0.07392041
12,0.098269600512711,1,0.07406516
12,0.098269600512711,2,0.07414813
12,0.098269600512711,3,0.07415078
12,0.098269600512711,4,0.07402559
12,0.098269600512711,5,0.07419954
12,0.098269600512711,6,0.07403832
12,0.098269600512711,7,0.0741579
12,0.098269600512711,8,0.07404677
12,0.098269600512711,9,0.07412172
12,0.098269600512711,10,0.07412156
12,0.098269600512711,11,0.07394297
12,0.098269600512711,12,0.07423139
12,0.098269600512711,13,0.07393949
12,0.098269600512711,14,0.07406409
12,0.098269600512711,15,0.07405812
13,0.10803552354503,0,0.0741336
13,0.10803552354503,1,0.07408886
13,0.10803552354503,2,0.07428262
13,0.10803552354503,3,0.07391693
13,0.10803552354503,4,0.07386987
13,0.10803552354503,5,0.073907
13,0.10803552354503,6,0.07426646
13,0.10803552354503,7,0.07410678
13,0.10803552354503,8,0.07424602
13,0.10803552354503,9,0.07406891
13,0.10803552354503,10,0.07399929
13,0.10803552354503,11,0.07400715
13,0.10803552354503,12,0.07390082
13,0.10803552354503,13,0.07393537
13,0.10803552354503,14,0.07399685
13,0.10803552354503,15,0.0741876
14,0.117191076387829,0,0.07388671
14,0.117191076387829,1,0.07429968
14,0.117191076387829,2,0.07412188
14,0.117191076387829,3,0.07406763
14,0.117191076387829,4,0.07399531
14,0.117191076387829,5,0.074375
14,0.117191076387829,6,0.07420329
14,0.117191076387829,7,0.07383547
14,0.117191076387829,8,0.07408401
14,0.117191076387829,9,0.07403831
14,0.117191076387829,10,0.07410926
14,0.117191076387829,11,0.07405569
14,0.117191076387829,12,0.07406272
14,0.117191076387829,13,0.07394192
14,0.117191076387829,14,0.0741175
14,0.117191076387829,15,0.07437453
15,0.127567369609668,0,0.07419931
15,0.127567369609668,1,0.07415167
15,0.127567369609668,2,0.07415473
15,0.127567369609668,3,0.07416288
15,0.127567369609668,4,0.07406203
15,0.127567369609668,5,0.0741902
15,0.127567369609668,6,0.07423044
15,0.127567369609668,7,0.07423409
15,0.127567369609668,8,0.07438177
15,0.127567369609668,9,0.07417058
15,0.127567369609668,10,0.0742624
15,0.127567369609668,11,0.07410631
15,0.127567369609668,12,0.07434241
15,0.127567369609668,13,0.07424607
15,0.127567369609668,14,0.07430074
15,0.127567369609668,15,0.07418036
16,0.137333292641987,0,0.07413793
16,0.137333292641987,1,0.07397525
16,0.137333292641987,2,0.07427149
16,0.137333292641987,3,0.07411892
16,0.137333292641987,4,0.07403637
16,0.137333292641987,5,0.07434776
16,0.137333292641987,6,0.07437828
16,0.137333292641987,7,0.07406864
16,0.137333292641987,8,0.07412975
16,0.137333292641987,9,0.07411739
16,0.137333292641987,10,0.07414581
16,0.137333292641987,11,0.07434352
16,0.137333292641987,12,0.07423275
16,0.137333292641987,13,0.07411301
16,0.137333292641987,14,0.07431333
16,0.137333292641987,15,0.07411285
17,0.148319956053346,0,0.07407773
17,0.148319956053346,1,0.07445006
17,0.148319956053346,2,0.07456528
17,0.148319956053346,3,0.07392813
17,0.148319956053346,4,0.07413498
17,0.148319956053346,5,0.07394572
17,0.148319956053346,6,0.07407022
17,0.148319956053346,7,0.07375925
17,0.148319956053346,8,0.07410635
17,0.148319956053346,9,0.07379733
17,0.148319956053346,10,0.07422617
17,0.148319956053346,11,0.07436228
17,0.148319956053346,12,0.07422658
17,0.148319956053346,13,0.07444406
17,0.148319956053346,14,0.07407708
17,0.148319956053346,15,0.07438173
18,0.157475508896146,0,0.0743357
18,0.157475508896146,1,0.07432193
18,0.157475508896146,2,0.07441664
18,0.157475508896146,3,0.07446263
18,0.157475508896146,4,0.0740725
18,0.157475508896146,5,0.07446802
18,0.157475508896146,6,0.07439677
18,0.157475508896146,7,0.07420566
18,0.157475508896146,8,0.07426716
18,0.157475508896146,9,0.0741072
18,0.157475508896146,10,0.07412711
18,0.157475508896146,11,0.07410387
18,0.157475508896146,12,0.07412056
18,0.157475508896146,13,0.07392126
18,0.157475508896146,14,0.07436576
18,0.157475508896146,15,0.07418591
19,0.167851802117985,0,0.07413778
19,0.167851802117985,1,0.07463067
19,0.167851802117985,2,0.07415785
19,0.167851802117985,3,0.07418352
19,0.167851802117985,4,0.07447235
19,0.167851802117985,5,0.07431748
19,0.167851802117985,6,0.07433926
19,0.167851802117985,7,0.07423192
19,0.167851802117985,8,0.07420196
19,0.167851802117985,9,0.07437681
19,0.167851802117985,10,0.07425726
19,0.167851802117985,11,0.07420597
19,0.167851802117985,12,0.07433406
19,0.167851802117985,13,0.07447839
19,0.167851802117985,14,0.07425716
19,0.167851802117985,15,0.07443894
20,0.177617725150304,0,0.07393896
20,0.177617725150304,1,0.07398533
20,0.177617725150304,2,0.07423826
20,0.177617725150304,3,0.0739622
20,0.177617725150304,4,0.07370955
20,0.177617725150304,5,0.07380515
20,0.177617725150304,6,0.07409051
20,0.177617725150304,7,0.07429973
20,0.177617725150304,8,0.07398602
20,0.177617725150304,9,0.07389046
20,0.177617725150304,10,0.07392939
20,0.177617725150304,11,0.0740352
20,0.177617725150304,12,0.0740839
20,0.177617725150304,13,0.07403155
20,0.177617725150304,14,0.07435335
20,0.177617725150304,15,0.07411787
21,0.187994018372143,0,0.07388544
21,0.187994018372143,1,0.07412475
21,0.187994018372143,2,0.07391482
21,0.187994018372143,3,0.07372507
21,0.187994018372143,4,0.07387953
21,0.187994018372143,5,0.07408686
21,0.187994018372143,6,0.07418417
21,0.187994018372143,7,0.07447354
21,0.187994018372143,8,0.07415263
21,0.187994018372143,9,0.07412151
21,0.187994018372143,10,0.07422705
21,0.187994018372143,11,0.07398423
21,0.187994018372143,12,0.07420808
21,0.187994018372143,13,0.07399558
21,0.187994018372143,14,0.074095
21,0.187994018372143,15,0.07413672
22,0.197149571214942,0,0.07437521
22,0.197149571214942,1,0.07429276
22,0.197149571214942,2,0.07437856
22,0.197149571214942,3,0.07436006
22,0.197149571214942,4,0.07437521
22,0.197149571214942,5,0.07426673
22,0.197149571214942,6,0.07407778
22,0.197149571214942,7,0.07415986
22,0.197149571214942,8,0.07402068
22,0.197149571214942,9,0.07420301
22,0.197149571214942,10,0.07408211
22,0.197149571214942,11,0.07431031
22,0.197149571214942,12,0.07421269
22,0.197149571214942,13,0.07405137
22,0.197149571214942,14,0.07444372
22,0.197149571214942,15,0.07421512
23,0.207525864436781,0,0.07420328
23,0.207525864436781,1,0.07393055
23,0.207525864436781,2,0.07386844
23,0.207525864436781,3,0.07405966
23,0.207525864436781,4,0.07410355
23,0.207525864436781,5,0.07450107
23,0.207525864436781,6,0.07416019
23,0.207525864436781,7,0.07412209
23,0.207525864436781,8,0.07431987
23,0.207525864436781,9,0.07427248
23,0.207525864436781,10,0.0742157
23,0.207525864436781,11,0.0740052
23,0.207525864436781,12,0.07413187
23,0.207525864436781,13,0.07416727
23,0.207525864436781,14,0.07396394
23,0.207525864436781,15,0.0742165
24,0.2172917874691,0,0.07406261
24,0.2172917874691,1,0.07410382
24,0.2172917874691,2,0.07403827
24,0.2172917874691,3,0.074315
24,0.2172917874691,4,0.07437591
24,0.2172917874691,5,0.07433042
24,0.2172917874691,6,0.07465713
24,0.2172917874691,7,0.07455041
24,0.2172917874691,8,0.07454365
24,0.2172917874691,9,0.07435578
24,0.2172917874691,10,0.07438542
24,0.2172917874691,11,0.07438896
24,0.2172917874691,12,0.07450322
24,0.2172917874691,13,0.07424305
24,0.2172917874691,14,0.07402527
24,0.2172917874691,15,0.07430825
25,0.228278450880459,0,0.07444527
25,0.228278450880459,1,0.07441015
25,0.228278450880459,2,0.07420683
25,0.228278450880459,3,0.07448151
25,0.228278450880459,4,0.07453136
25,0.228278450880459,5,0.07421654
25,0.228278450880459,6,0.07413413
25,0.228278450880459,7,0.07444855
25,0.228278450880459,8,0.07444002
25,0.228278450880459,9,0.07441522
25,0.228278450880459,10,0.07422906
25,0.228278450880459,11,0.07447765
25,0.228278450880459,12,0.07424945
25,0.228278450880459,13,0.07442071
25,0.228278450880459,14,0.07444262
25,0.228278450880459,15,0.07460702
26,0.238044373912778,0,0.07450648
26,0.238044373912778,1,0.0744215
26,0.238044373912778,2,0.07445473
26,0.238044373912778,3,0.07453714
26,0.238044373912778,4,0.07458345
26,0.238044373912778,5,0.07446963
26,0.238044373912778,6,0.07447243
26,0.238044373912778,7,0.07433434
26,0.238044373912778,8,0.07414137
26,0.238044373912778,9,0.07438176
26,0.238044373912778,10,0.07424417
26,0.238044373912778,11,0.07434586
26,0.238044373912778,12,0.07437855
26,0.238044373912778,13,0.07407344
26,0.238044373912778,14,0.07417392
26,0.238044373912778,15,0.07425632
27,0.247199926755577,0,0.07447718
27,0.247199926755577,1,0.07445055
27,0.247199926755577,2,0.07433776
27,0.247199926755577,3,0.07430407
27,0.247199926755577,4,0.07460464
27,0.247199926755577,5,0.07459936
27,0.247199926755577,6,0.07473975
27,0.247199926755577,7,0.07475263
27,0.247199926755577,8,0.07485168
27,0.247199926755577,9,0.07459909
27,0.247199926755577,10,0.07462312
27,0.247199926755577,11,0.07459724
27,0.247199926755577,12,0.07457981
27,0.247199926755577,13,0.0746791
27,0.247199926755577,14,0.07451262
27,0.247199926755577,15,0.07441061
28,0.258186590166936,0,0.07445584
28,0.258186590166936,1,0.07455786
28,0.258186590166936,2,0.0746312
28,0.258186590166936,3,0.07469867
28,0.258186590166936,4,0.07473309
28,0.258186590166936,5,0.07488634
28,0.258186590166936,6,0.07448325
28,0.258186590166936,7,0.07442921
28,0.258186590166936,8,0.07468587
28,0.258186590166936,9,0.07447834
28,0.258186590166936,10,0.07439709
28,0.258186590166936,11,0.07462583
28,0.258186590166936,12,0.07478657
28,0.258186590166936,13,0.07425452
28,0.258186590166936,14,0.0745178
28,0.258186590166936,15,0.07442366
29,0.267342143009735,0,0.07458778
29,0.267342143009735,1,0.07472042
29,0.267342143009735,2,0.07442165
29,0.267342143009735,3,0.07457014
29,0.267342143009735,4,0.07448119
29,0.267342143009735,5,0.07462846
29,0.267342143009735,6,0.07438368
29,0.267342143009735,7,0.07429762
29,0.267342143009735,8,0.07458103
29,0.267342143009735,9,0.0742485
29,0.267342143009735,10,0.07438072
29,0.267342143009735,11,0.07446063
29,0.267342143009735,12,0.07412457
29,0.267342143009735,13,0.07412785
29,0.267342143009735,14,0.07416187
29,0.267342143009735,15,0.07435466
30,0.278328806421094,0,0.07425172
30,0.278328806421094,1,0.07411512
30,0.278328806421094,2,0.07423064
30,0.278328806421094,3,0.07418168
30,0.278328806421094,4,0.0744028
30,0.278328806421094,5,0.07387245
30,0.278328806421094,6,0.07384092
30,0.278328806421094,7,0.07405379
30,0.278328806421094,8,0.07423323
30,0.278328806421094,9,0.07424555
30,0.278328806421094,10,0.07423551
30,0.278328806421094,11,0.07418495
30,0.278328806421094,12,0.07433107
30,0.278328806421094,13,0.07414249
30,0.278328806421094,14,0.07453616
30,0.278328806421094,15,0.07451674
31,0.288094729453414,0,0.07431673
31,0.288094729453414,1,0.07409853
31,0.288094729453414,2,0.07405131
31,0.288094729453414,3,0.07426895
31,0.288094729453414,4,0.07423951
31,0.288094729453414,5,0.07403181
31,0.288094729453414,6,0.07417719
31,0.288094729453414,7,0.07404323
31,0.288094729453414,8,0.07423201
31,0.288094729453414,9,0.07414524
31,0.288094729453414,10,0.07432219
31,0.288094729453414,11,0.07418796
31,0.288094729453414,12,0.07412522
31,0.288094729453414,13,0.07434119
31,0.288094729453414,14,0.07412939
31,0.288094729453414,15,0.07417561
32,0.297860652485733,0,0.07414101
32,0.297860652485733,1,0.073966
32,0.297860652485733,2,0.07412568
32,0.297860652485733,3,0.07399849
32,0.297860652485733,4,0.07420366
32,0.297860652485733,5,0.07410509
32,0.297860652485733,6,0.07412495
32,0.297860652485733,7,0.07449539
32,0.297860652485733,8,0.07425299
32,0.297860652485733,9,0.07442297
32,0.297860652485733,10,0.07401919
32,0.297860652485733,11,0.07399569
32,0.297860652485733,12,0.0740885
32,0.297860652485733,13,0.07398613
32,0.297860652485733,14,0.07405818
32,0.297860652485733,15,0.07431991
33,0.307626575518052,0,0.07403853
33,0.307626575518052,1,0.07390277
33,0.307626575518052,2,0.07414597
33,0.307626575518052,3,0.07418749
33,0.307626575518052,4,0.07415743
33,0.307626575518052,5,0.07403588
33,0.307626575518052,6,0.07404634
33,0.307626575518052,7,0.07379353
33,0.307626575518052,8,0.07383356
33,0.307626575518052,9,0.07389644
33,0.307626575518052,10,0.07407873
33,0.307626575518052,11,0.07393785
33,0.307626575518052,12,0.07415622
33,0.307626575518052,13,0.07405374
33,0.307626575518052,14,0.07387937
33,0.307626575518052,15,0.07420814
34,0.318002868739891,0,0.07407287
34,0.318002868739891,1,0.07409864
34,0.318002868739891,2,0.07401687
34,0.318002868739891,3,0.07387309
34,0.318002868739891,4,0.07420503
34,0.318002868739891,5,0.07429389
34,0.318002868739891,6,0.07417402
34,0.318002868739891,7,0.07409198
34,0.318002868739891,8,0.0739734
34,0.318002868739891,9,0.07424877
34,0.318002868739891,10,0.07411929
34,0.318002868739891,11,0.07391487
34,0.318002868739891,12,0.07400715
34,0.318002868739891,13,0.07388899
34,0.318002868739891,14,0.07411238
34,0.318002868739891,15,0.07401893
35,0.32776879177221,0,0.07408702
35,0.32776879177221,1,0.07393526
35,0.32776879177221,2,0.07413276
35,0.32776879177221,3,0.07405137
35,0.32776879177221,4,0.07404772
35,0.32776879177221,5,0.07413789
35,0.32776879177221,6,0.07417074
35,0.32776879177221,7,0.07449053
35,0.32776879177221,8,0.07431295
35,0.32776879177221,9,0.0742494
35,0.32776879177221,10,0.07429885
35,0.32776879177221,11,0.07409837
35,0.32776879177221,12,0.07415162
35,0.32776879177221,13,0.07437627
35,0.32776879177221,14,0.07412584
35,0.32776879177221,15,0.07397276
36,0.337534714804529,0,0.07418516
36,0.337534714804529,1,0.07410292
36,0.337534714804529,2,0.07430445
36,0.337534714804529,3,0.07418638
36,0.337534714804529,4,0.07393769
36,0.337534714804529,5,0.07428005
36,0.337534714804529,6,0.07408728
36,0.337534714804529,7,0.07408866
36,0.337534714804529,8,0.07388666
36,0.337534714804529,9,0.07405484
36,0.337534714804529,10,0.07431474
36,0.337534714804529,11,0.07427803
36,0.337534714804529,12,0.07398185
36,0.337534714804529,13,0.07428507
36,0.337534714804529,14,0.07381989
36,0.337534714804529,15,0.07413593
37,0.347911008026368,0,0.07394984
37,0.347911008026368,1,0.07395512
37,0.347911008026368,2,0.07413901
37,0.347911008026368,3,0.07422182
37,0.347911008026368,4,0.07418221
37,0.347911008026368,5,0.07429519
37,0.347911008026368,6,0.07411465
37,0.347911008026368,7,0.07441357
37,0.347911008026368,8,0.07424527
37,0.347911008026368,9,0.07420651
37,0.347911008026368,10,0.07418966
37,0.347911008026368,11,0.07408111
37,0.347911008026368,12,0.07421976
37,0.347911008026368,13,0.07416525
37,0.347911008026368,14,0.07432631
37,0.347911008026368,15,0.0743337
38,0.358287301248207,0,0.0739387
38,0.358287301248207,1,0.07364901
38,0.358287301248207,2,0.07376337
38,0.358287301248207,3,0.07401661
38,0.358287301248207,4,0.07408243
38,0.358287301248207,5,0.07393209
38,0.358287301248207,6,0.07396447
38,0.358287301248207,7,0.07386131
38,0.358287301248207,8,0.07395776
38,0.358287301248207,9,0.0741725
38,0.358287301248207,10,0.0741165
38,0.358287301248207,11,0.07419266
38,0.358287301248207,12,0.07411037
38,0.358287301248207,13,0.07388523
38,0.358287301248207,14,0.07402813
38,0.358287301248207,15,0.07393283
39,0.367442854091006,0,0.07379734
39,0.367442854091006,1,0.07395221
39,0.367442854091006,2,0.07377499
39,0.367442854091006,3,0.073804
39,0.367442854091006,4,0.07367917
39,0.367442854091006,5,0.07365926
39,0.367442854091006,6,0.07399738
39,0.367442854091006,7,0.07387948
39,0.367442854091006,8,0.07410778
39,0.367442854091006,9,0.07398037
39,0.367442854091006,10,0.07382867
39,0.367442854091006,11,0.07411111
39,0.367442854091006,12,0.0741353
39,0.367442854091006,13,0.07389522
39,0.367442854091006,14,0.0742083
39,0.367442854091006,15,0.07404328
40,0.376598406933805,0,0.07391835
40,0.376598406933805,1,0.0737685
40,0.376598406933805,2,0.07362361
40,0.376598406933805,3,0.07414375
40,0.376598406933805,4,0.07437348
40,0.376598406933805,5,0.07433212
40,0.376598406933805,6,0.07444022
40,0.376598406933805,7,0.07415923
40,0.376598406933805,8,0.0743918
40,0.376598406933805,9,0.07439466
40,0.376598406933805,10,0.07437623
40,0.376598406933805,11,0.07446438
40,0.376598406933805,12,0.07447498
40,0.376598406933805,13,0.07434369
40,0.376598406933805,14,0.07440653
40,0.376598406933805,15,0.07426228
41,0.388195440534684,0,0.07445319
41,0.388195440534684,1,0.07402955
41,0.388195440534684,2,0.07440682
41,0.388195440534684,3,0.07406599
41,0.388195440534684,4,0.07381751
41,0.388195440534684,5,0.0742673
41,0.388195440534684,6,0.07430904
41,0.388195440534684,7,0.07425071
41,0.388195440534684,8,0.07410128
41,0.388195440534684,9,0.07388159
41,0.388195440534684,10,0.07428907
41,0.388195440534684,11,0.0741579
41,0.388195440534684,12,0.07415257
41,0.388195440534684,13,0.07419789
41,0.388195440534684,14,0.07416901
41,0.388195440534684,15,0.07397414
42,0.397961363567003,0,0.07427988
42,0.397961363567003,1,0.07430799
42,0.397961363567003,2,0.07417914
42,0.397961363567003,3,0.0742823
42,0.397961363567003,4,0.0745957
42,0.397961363567003,5,0.07401111
42,0.397961363567003,6,0.07435879
42,0.397961363567003,7,0.07429588
42,0.397961363567003,8,0.07447837
42,0.397961363567003,9,0.07445414
42,0.397961363567003,10,0.07429361
42,0.397961363567003,11,0.07436671
42,0.397961363567003,12,0.07450473
42,0.397961363567003,13,0.07447045
42,0.397961363567003,14,0.07455968
42,0.397961363567003,15,0.07448101
43,0.407116916409802,0,0.07436344
43,0.407116916409802,1,0.07476181
43,0.407116916409802,2,0.07461233
43,0.407116916409802,3,0.07404661
43,0.407116916409802,4,0.07447637
43,0.407116916409802,5,0.07437232
43,0.407116916409802,6,0.07439144
43,0.407116916409802,7,0.07443221
43,0.407116916409802,8,0.07436254
43,0.407116916409802,9,0.07440668
43,0.407116916409802,10,0.0740753
43,0.407116916409802,11,0.07427686
43,0.407116916409802,12,0.07414423
43,0.407116916409802,13,0.07419731
43,0.407116916409802,14,0.0740754
43,0.407116916409802,15,0.07466917
44,0.418103579821162,0,0.07451449
44,0.418103579821162,1,0.07418901
44,0.418103579821162,2,0.07398433
44,0.418103579821162,3,0.07431132
44,0.418103579821162,4,0.07433549
44,0.418103579821162,5,0.07420012
44,0.418103579821162,6,0.07435478
44,0.418103579821162,7,0.07438329
44,0.418103579821162,8,0.07453205
44,0.418103579821162,9,0.07449513
44,0.418103579821162,10,0.07442226
44,0.418103579821162,11,0.07452355
44,0.418103579821162,12,0.07411908
44,0.418103579821162,13,0.07433154
44,0.418103579821162,14,0.07429091
44,0.418103579821162,15,0.07431585
45,0.428479873043001,0,0.07418739
45,0.428479873043001,1,0.07423366
45,0.428479873043001,2,0.07436565
45,0.428479873043001,3,0.07428368
45,0.428479873043001,4,0.07410958
45,0.428479873043001,5,0.07434506
45,0.428479873043001,6,0.07408902
45,0.428479873043001,7,0.07404123
45,0.428479873043001,8,0.07414311
45,0.428479873043001,9,0.07413198
45,0.428479873043001,10,0.07437966
45,0.428479873043001,11,0.07424296
45,0.428479873043001,12,0.07417958
45,0.428479873043001,13,0.07442514
45,0.428479873043001,14,0.07448604
45,0.428479873043001,15,0.07465227
46,0.4376354258858,0,0.07434971
46,0.4376354258858,1,0.07460354
46,0.4376354258858,2,0.07440074
46,0.4376354258858,3,0.07448123
46,0.4376354258858,4,0.07443038
46,0.4376354258858,5,0.0746377
46,0.4376354258858,6,0.07450016
46,0.4376354258858,7,0.07454277
46,0.4376354258858,8,0.07444515
46,0.4376354258858,9,0.07412579
46,0.4376354258858,10,0.0741336
46,0.4376354258858,11,0.07421258
46,0.4376354258858,12,0.07428103
46,0.4376354258858,13,0.07399654
46,0.4376354258858,14,0.07390885
46,0.4376354258858,15,0.07408939
47,0.448011719107639,0,0.07449615
47,0.448011719107639,1,0.07414232
47,0.448011719107639,2,0.07401977
47,0.448011719107639,3,0.07434205
47,0.448011719107639,4,0.07416763
47,0.448011719107639,5,0.07407287
47,0.448011719107639,6,0.07396146
47,0.448011719107639,7,0.07440574
47,0.448011719107639,8,0.07420091
47,0.448011719107639,9,0.07388999
47,0.448011719107639,10,0.07416778
47,0.448011719107639,11,0.07414391
47,0.448011719107639,12,0.0738059
47,0.448011719107639,13,0.07424755
47,0.448011719107639,14,0.0739136
47,0.448011719107639,15,0.07404302
48,0.457777642139958,0,0.07381308
48,0.457777642139958,1,0.07375017
48,0.457777642139958,2,0.07382956
48,0.457777642139958,3,0.07415675
48,0.457777642139958,4,0.07403092
48,0.457777642139958,5,0.07416303
48,0.457777642139958,6,0.07401365
48,0.457777642139958,7,0.07417861
48,0.457777642139958,8,0.07389337
48,0.457777642139958,9,0.07408628
48,0.457777642139958,10,0.07411961
48,0.457777642139958,11,0.07399125
48,0.457777642139958,12,0.07432667
48,0.457777642139958,13,0.07380912
48,0.457777642139958,14,0.07433904
48,0.457777642139958,15,0.07401037
49,0.468153935361797,0,0.0743749
49,0.468153935361797,1,0.07431553
49,0.468153935361797,2,0.07428273
49,0.468153935361797,3,0.07423308
49,0.468153935361797,4,0.07437252
49,0.468153935361797,5,0.07436254
49,0.468153935361797,6,0.07416458
49,0.468153935361797,7,0.074431
49,0.468153935361797,8,0.07425489
49,0.468153935361797,9,0.07412437
49,0.468153935361797,10,0.07442461
49,0.468153935361797,11,0.07420719
49,0.468153935361797,12,0.07409922
49,0.468153935361797,13,0.07394989
49,0.468153935361797,14,0.07396172
49,0.468153935361797,15,0.07373158
50,0.477919858394116,0,0.07404334
50,0.477919858394116,1,0.07374161
50,0.477919858394116,2,0.07401043
50,0.477919858394116,3,0.07405057
50,0.477919858394116,4,0.07391814
50,0.477919858394116,5,0.07418448
50,0.477919858394116,6,0.073761
50,0.477919858394116,7,0.07427418
50,0.477919858394116,8,0.07403441
50,0.477919858394116,9,0.07409774
50,0.477919858394116,10,0.07377499
50,0.477919858394116,11,0.07395491
50,0.477919858394116,12,0.0739332
50,0.477919858394116,13,0.07435478
50,0.477919858394116,14,0.0739089
50,0.477919858394116,15,0.07412441
51,0.488296151615955,0,0.07426381
51,0.488296151615955,1,0.07429484
51,0.488296151615955,2,0.07389717
51,0.488296151615955,3,0.07428151
51,0.488296151615955,4,0.07394022
51,0.488296151615955,5,0.074037
51,0.488296151615955,6,0.07423286
51,0.488296151615955,7,0.07415997
51,0.488296151615955,8,0.07398623
51,0.488296151615955,9,0.07429572
51,0.488296151615955,10,0.07434796
51,0.488296151615955,11,0.07443776
51,0.488296151615955,12,0.07442363
51,0.488296151615955,13,0.07402902
51,0.488296151615955,14,0.07426715
51,0.488296151615955,15,0.07430872
52,0.497451704458754,0,0.07412109
52,0.497451704458754,1,0.07436191
52,0.497451704458754,2,0.07436989
52,0.497451704458754,3,0.0741035
52,0.497451704458754,4,0.07404307
52,0.497451704458754,5,0.07401661
52,0.497451704458754,6,0.07402791
52,0.497451704458754,7,0.07405173
52,0.497451704458754,8,0.07410804
52,0.497451704458754,9,0.07454679
52,0.497451704458754,10,0.07407825
52,0.497451704458754,11,0.07405037
52,0.497451704458754,12,0.0741335
52,0.497451704458754,13,0.07432546
52,0.497451704458754,14,0.07430856
52,0.497451704458754,15,0.07450184
53,0.507827997680593,0,0.07416075
53,0.507827997680593,1,0.07416536
53,0.507827997680593,2,0.07439541
53,0.507827997680593,3,0.07442646
53,0.507827997680593,4,0.07418918
53,0.507827997680593,5,0.07412004
53,0.507827997680593,6,0.07421184
53,0.507827997680593,7,0.0742401
53,0.507827997680593,8,0.07450686
53,0.507827997680593,9,0.07433967
53,0.507827997680593,10,0.07436677
53,0.507827997680593,11,0.07438625
53,0.507827997680593,12,0.07446962
53,0.507827997680593,13,0.07458856
53,0.507827997680593,14,0.07441421
53,0.507827997680593,15,0.0745433
54,0.517593920712912,0,0.07456456
54,0.517593920712912,1,0.07454327
54,0.517593920712912,2,0.07439578
54,0.517593920712912,3,0.07426853
54,0.517593920712912,4,0.0745607
54,0.517593920712912,5,0.0741156
54,0.517593920712912,6,0.07447933
54,0.517593920712912,7,0.07422103
54,0.517593920712912,8,0.07388449
54,0.517593920712912,9,0.07393177
54,0.517593920712912,10,0.07425594
54,0.517593920712912,11,0.07428225
54,0.517593920712912,12,0.07445736
54,0.517593920712912,13,0.07429884
54,0.517593920712912,14,0.07417793
54,0.517593920712912,15,0.0742375
55,0.527359843745232,0,0.07435685
55,0.527359843745232,1,0.07447813
55,0.527359843745232,2,0.07412521
55,0.527359843745232,3,0.07438324
55,0.527359843745232,4,0.07426894
55,0.527359843745232,5,0.07396864
55,0.527359843745232,6,0.07386955
55,0.527359843745232,7,0.07386849
55,0.527359843745232,8,0.0739763
55,0.527359843745232,9,0.07388111
55,0.527359843745232,10,0.07412717
55,0.527359843745232,11,0.07405654
55,0.527359843745232,12,0.07414661
55,0.527359843745232,13,0.0741867
55,0.527359843745232,14,0.07413985
55,0.527359843745232,15,0.07401994
56,0.537736136967071,0,0.07400604
56,0.537736136967071,1,0.07422385
56,0.537736136967071,2,0.07445794
56,0.537736136967071,3,0.07411047
56,0.537736136967071,4,0.07428035
56,0.537736136967071,5,0.07400351
56,0.537736136967071,6,0.0739838
56,0.537736136967071,7,0.07386696
56,0.537736136967071,8,0.07393146
56,0.537736136967071,9,0.07426514
56,0.537736136967071,10,0.07406758
56,0.537736136967071,11,0.07387964
56,0.537736136967071,12,0.07379638
56,0.537736136967071,13,0.07418754
56,0.537736136967071,14,0.07414629
56,0.537736136967071,15,0.07404619
57,0.54811243018891,0,0.07416683
57,0.54811243018891,1,0.07410815
57,0.54811243018891,2,0.07387394
57,0.54811243018891,3,0.07395639
57,0.54811243018891,4,0.07420477
57,0.54811243018891,5,0.07423006
57,0.54811243018891,6,0.07416689
57,0.54811243018891,7,0.0740343
57,0.54811243018891,8,0.07407413
57,0.54811243018891,9,0.07452974
57,0.54811243018891,10,0.07412764
57,0.54811243018891,11,0.07406985
57,0.54811243018891,12,0.07422066
57,0.54811243018891,13,0.07405643
57,0.54811243018891,14,0.07382686
57,0.54811243018891,15,0.07383527
58,0.557267983031709,0,0.07396172
58,0.557267983031709,1,0.07417884
58,0.557267983031709,2,0.07437088
58,0.557267983031709,3,0.07413572
58,0.557267983031709,4,0.07406446
58,0.557267983031709,5,0.07389321
58,0.557267983031709,6,0.07408965
58,0.557267983031709,7,0.0738948
58,0.557267983031709,8,0.07426038
58,0.557267983031709,9,0.07381598
58,0.557267983031709,10,0.07414968
58,0.557267983031709,11,0.07445999
58,0.557267983031709,12,0.07419885
58,0.557267983031709,13,0.07439467
58,0.557267983031709,14,0.07423942
58,0.557267983031709,15,0.07452207
59,0.568865016632588,0,0.0741064
59,0.568865016632588,1,0.07429181
59,0.568865016632588,2,0.07440855
59,0.568865016632588,3,0.07412077
59,0.568865016632588,4,0.07395274
59,0.568865016632588,5,0.07390457
59,0.568865016632588,6,0.07386955
59,0.568865016632588,7,0.07381567
59,0.568865016632588,8,0.07403731
59,0.568865016632588,9,0.07408501
59,0.568865016632588,10,0.07402512
59,0.568865016632588,11,0.07410815
59,0.568865016632588,12,0.07425024
59,0.568865016632588,13,0.07413889
59,0.568865016632588,14,0.07430016
59,0.568865016632588,15,0.07409124
60,0.578020569475387,0,0.07412975
60,0.578020569475387,1,0.07410973
60,0.578020569475387,2,0.07410277
60,0.578020569475387,3,0.07418812
60,0.578020569475387,4,0.07397123
60,0.578020569475387,5,0.07413176
60,0.578020569475387,6,0.07431132
60,0.578020569475387,7,0.07446602
60,0.578020569475387,8,0.0741333
60,0.578020569475387,9,0.07417005
60,0.578020569475387,10,0.07427728
60,0.578020569475387,11,0.07426529
60,0.578020569475387,12,0.07401639
60,0.578020569475387,13,0.07405063
60,0.578020569475387,14,0.07405416
60,0.578020569475387,15,0.07385412
61,0.587176122318186,0,0.07417434
61,0.587176122318186,1,0.07392776
61,0.587176122318186,2,0.07406494
61,0.587176122318186,3,0.07394646
61,0.587176122318186,4,0.07392845
61,0.587176122318186,5,0.07394525
61,0.587176122318186,6,0.0737116
61,0.587176122318186,7,0.07378783
61,0.587176122318186,8,0.07411253
61,0.587176122318186,9,0.0738949
61,0.587176122318186,10,0.0739425
61,0.587176122318186,11,0.07391176
61,0.587176122318186,12,0.07401259
61,0.587176122318186,13,0.07366908
61,0.587176122318186,14,0.0738594
61,0.587176122318186,15,0.07402617
62,0.598162785729545,0,0.07395639
62,0.598162785729545,1,0.07406356
62,0.598162785729545,2,0.07390019
62,0.598162785729545,3,0.07411618
62,0.598162785729545,4,0.07395311
62,0.598162785729545,5,0.07407952
62,0.598162785729545,6,0.07409526
62,0.598162785729545,7,0.07400266
62,0.598162785729545,8,0.07421771
62,0.598162785729545,9,0.07420181
62,0.598162785729545,10,0.07421728
62,0.598162785729545,11,0.07410298
62,0.598162785729545,12,0.07383754
62,0.598162785729545,13,0.07414988
62,0.598162785729545,14,0.07412791
62,0.598162785729545,15,0.07408834
63,0.608539078951384,0,0.07371182
63,0.608539078951384,1,0.07388397
63,0.608539078951384,2,0.07387631
63,0.608539078951384,3,0.07433303
63,0.608539078951384,4,0.07403668
63,0.608539078951384,5,0.07409436
63,0.608539078951384,6,0.07387879
63,0.608539078951384,7,0.07405411
63,0.608539078951384,8,0.07422616
63,0.608539078951384,9,0.07410577
63,0.608539078951384,10,0.07406267
63,0.608539078951384,11,0.07440961
63,0.608539078951384,12,0.07427988
63,0.608539078951384,13,0.07411142
63,0.608539078951384,14,0.07394139
63,0.608539078951384,15,0.07419208
64,0.618305001983703,0,0.07416272
64,0.618305001983703,1,0.07428332
64,0.618305001983703,2,0.07420872
64,0.618305001983703,3,0.07424074
64,0.618305001983703,4,0.07399976
64,0.618305001983703,5,0.07415774
64,0.618305001983703,6,0.07400408
64,0.618305001983703,7,0.07386632
64,0.618305001983703,8,0.07383511
64,0.618305001983703,9,0.07423144
64,0.618305001983703,10,0.07400958
64,0.618305001983703,11,0.07385798
64,0.618305001983703,12,0.07385528
64,0.618305001983703,13,0.07388814
64,0.618305001983703,14,0.07403129
64,0.618305001983703,15,0.07372756
65,0.628070925016022,0,0.07396886
65,0.628070925016022,1,0.07403885
65,0.628070925016022,2,0.07395221
65,0.628070925016022,3,0.07383119
65,0.628070925016022,4,0.0740193
65,0.628070925016022,5,0.07427661
65,0.628070925016022,6,0.07435277
65,0.628070925016022,7,0.0743474
65,0.628070925016022,8,0.07407297
65,0.628070925016022,9,0.07417639
65,0.628070925016022,10,0.07423107
65,0.628070925016022,11,0.07407165
65,0.628070925016022,12,0.07384683
65,0.628070925016022,13,0.07418305
65,0.628070925016022,14,0.07401945
65,0.628070925016022,15,0.07430075
66,0.638447218237861,0,0.07381968
66,0.638447218237861,1,0.07402553
66,0.638447218237861,2,0.07382622
66,0.638447218237861,3,0.07373527
66,0.638447218237861,4,0.07398216
66,0.638447218237861,5,0.0740689
66,0.638447218237861,6,0.07403933
66,0.638447218237861,7,0.07388391
66,0.638447218237861,8,0.07395084
66,0.638447218237861,9,0.07388846
66,0.638447218237861,10,0.0739191
66,0.638447218237861,11,0.07394952
66,0.638447218237861,12,0.07393716
66,0.638447218237861,13,0.07415976
66,0.638447218237861,14,0.07413515
66,0.638447218237861,15,0.07379924
67,0.64821314127018,0,0.07403076
67,0.64821314127018,1,0.07408185
67,0.64821314127018,2,0.07379459
67,0.64821314127018,3,0.07421967
67,0.64821314127018,4,0.07427798
67,0.64821314127018,5,0.07412209
67,0.64821314127018,6,0.07402564
67,0.64821314127018,7,0.07385106
67,0.64821314127018,8,0.07390209
67,0.64821314127018,9,0.07371018
67,0.64821314127018,10,0.07372148
67,0.64821314127018,11,0.07374694
67,0.64821314127018,12,0.07372777
67,0.64821314127018,13,0.0739669
67,0.64821314127018,14,0.07425548
67,0.64821314127018,15,0.07377779
68,0.6579790643025,0,0.07361203
68,0.6579790643025,1,0.0738305
68,0.6579790643025,2,0.07371837
68,0.6579790643025,3,0.07394313
68,0.6579790643025,4,0.07387578
68,0.6579790643025,5,0.07382359
68,0.6579790643025,6,0.07381065
68,0.6579790643025,7,0.07340903
68,0.6579790643025,8,0.07394984
68,0.6579790643025,9,0.07381007
68,0.6579790643025,10,0.07395977
68,0.6579790643025,11,0.07393198
68,0.6579790643025,12,0.07382803
68,0.6579790643025,13,0.07404846
68,0.6579790643025,14,0.07375455
68,0.6579790643025,15,0.07379375
69,0.667134617145299,0,0.07399738
69,0.667134617145299,1,0.07391872
69,0.667134617145299,2,0.07397746
69,0.667134617145299,3,0.0736873
69,0.667134617145299,4,0.07374203
69,0.667134617145299,5,0.07377996
69,0.667134617145299,6,0.07343603
69,0.667134617145299,7,0.07368874
69,0.667134617145299,8,0.07354532
69,0.667134617145299,9,0.07366405
69,0.667134617145299,10,0.07377695
69,0.667134617145299,11,0.0736209
69,0.667134617145299,12,0.07381614
69,0.667134617145299,13,0.07353402
69,0.667134617145299,14,0.07369
69,0.667134617145299,15,0.07369275
70,0.678121280556658,0,0.07406203
70,0.678121280556658,1,0.07384288
70,0.678121280556658,2,0.07393721
70,0.678121280556658,3,0.07359872
70,0.678121280556658,4,0.07373823
70,0.678121280556658,5,0.07366791
70,0.678121280556658,6,0.0737695
70,0.678121280556658,7,0.07382163
70,0.678121280556658,8,0.07371187
70,0.678121280556658,9,0.07388602
70,0.678121280556658,10,0.07385248
70,0.678121280556658,11,0.07364045
70,0.678121280556658,12,0.07378715
70,0.678121280556658,13,0.07385253
70,0.678121280556658,14,0.07395787
70,0.678121280556658,15,0.07401714
71,0.687276833399457,0,0.07377484
71,0.687276833399457,1,0.07402294
71,0.687276833399457,2,0.07381466
71,0.687276833399457,3,0.07382438
71,0.687276833399457,4,0.07407376
71,0.687276833399457,5,0.07372487
71,0.687276833399457,6,0.07397192
71,0.687276833399457,7,0.07397868
71,0.687276833399457,8,0.07377082
71,0.687276833399457,9,0.07378994
71,0.687276833399457,10,0.07375249
71,0.687276833399457,11,0.0735907
71,0.687276833399457,12,0.07368224
71,0.687276833399457,13,0.07358257
71,0.687276833399457,14,0.07387451
71,0.687276833399457,15,0.07384625
72,0.698263496810816,0,0.07359
72,0.698263496810816,1,0.07377837
72,0.698263496810816,2,0.0738004
72,0.698263496810816,3,0.07381879
72,0.698263496810816,4,0.07407054
72,0.698263496810816,5,0.07360744
72,0.698263496810816,6,0.07367157
72,0.698263496810816,7,0.07389675
72,0.698263496810816,8,0.07388243
72,0.698263496810816,9,0.07387874
72,0.698263496810816,10,0.07389923
72,0.698263496810816,11,0.07368048
72,0.698263496810816,12,0.07356228
72,0.698263496810816,13,0.07392152
72,0.698263496810816,14,0.07398956
72,0.698263496810816,15,0.07372767
73,0.707419049653615,0,0.07346984
73,0.707419049653615,1,0.07370902
73,0.707419049653615,2,0.07374309
73,0.707419049653615,3,0.07352645
73,0.707419049653615,4,0.07364764
73,0.707419049653615,5,0.07374794
73,0.707419049653615,6,0.07331186
73,0.707419049653615,7,0.0735769
73,0.707419049653615,8,0.07319737
73,0.707419049653615,9,0.07368863
73,0.707419049653615,10,0.07357527
73,0.707419049653615,11,0.07365102
73,0.707419049653615,12,0.07351414
73,0.707419049653615,13,0.07348805
73,0.707419049653615,14,0.07359839
73,0.707419049653615,15,0.07345256
74,0.717184972685934,0,0.07379296
74,0.717184972685934,1,0.0737619
74,0.717184972685934,2,0.07385497
74,0.717184972685934,3,0.07396299
74,0.717184972685934,4,0.07374773
74,0.717184972685934,5,0.07377478
74,0.717184972685934,6,0.07385983
74,0.717184972685934,7,0.07389543
74,0.717184972685934,8,0.07374446
74,0.717184972685934,9,0.07365624
74,0.717184972685934,10,0.07367896
74,0.717184972685934,11,0.07363437
74,0.717184972685934,12,0.07387657
74,0.717184972685934,13,0.07325459
74,0.717184972685934,14,0.07384007
74,0.717184972685934,15,0.07392564
75,0.728171636097293,0,0.07387309
75,0.728171636097293,1,0.07379787
75,0.728171636097293,2,0.07411074
75,0.728171636097293,3,0.07405426
75,0.728171636097293,4,0.07399109
75,0.728171636097293,5,0.07369059
75,0.728171636097293,6,0.073879
75,0.728171636097293,7,0.07393626
75,0.728171636097293,8,0.07405321
75,0.728171636097293,9,0.07404767
75,0.728171636097293,10,0.07419842
75,0.728171636097293,11,0.07396457
75,0.728171636097293,12,0.07391164
75,0.728171636097293,13,0.07389817
75,0.728171636097293,14,0.07370178
75,0.728171636097293,15,0.0741146
76,0.737327188940092,0,0.07362001
76,0.737327188940092,1,0.07397715
76,0.737327188940092,2,0.07397366
76,0.737327188940092,3,0.07393108
76,0.737327188940092,4,0.07395174
76,0.737327188940092,5,0.07395411
76,0.737327188940092,6,0.07385296
76,0.737327188940092,7,0.07407609
76,0.737327188940092,8,0.07390748
76,0.737327188940092,9,0.07386786
76,0.737327188940092,10,0.07383189
76,0.737327188940092,11,0.07398702
76,0.737327188940092,12,0.07405448
76,0.737327188940092,13,0.0741671
76,0.737327188940092,14,0.07416091
76,0.737327188940092,15,0.07380652
77,0.747703482161931,0,0.07420994
77,0.747703482161931,1,0.07369728
77,0.747703482161931,2,0.07402384
77,0.747703482161931,3,0.07420001
77,0.747703482161931,4,0.07378318
77,0.747703482161931,5,0.07401338
77,0.747703482161931,6,0.07371964
77,0.747703482161931,7,0.0738893
77,0.747703482161931,8,0.07358763
77,0.747703482161931,9,0.07399336
77,0.747703482161931,10,0.07387488
77,0.747703482161931,11,0.07403198
77,0.747703482161931,12,0.07392713
77,0.747703482161931,13,0.07395259
77,0.747703482161931,14,0.07398037
77,0.747703482161931,15,0.07376078
78,0.75746940519425,0,0.07411375
78,0.75746940519425,1,0.07404133
78,0.75746940519425,2,0.07411164
78,0.75746940519425,3,0.07398977
78,0.75746940519425,4,0.07415584
78,0.75746940519425,5,0.07429677
78,0.75746940519425,6,0.07418142
78,0.75746940519425,7,0.0739184
78,0.75746940519425,8,0.07391508
78,0.75746940519425,9,0.07380347
78,0.75746940519425,10,0.07382634
78,0.75746940519425,11,0.07417883
78,0.75746940519425,12,0.07386886
78,0.75746940519425,13,0.07353407
78,0.75746940519425,14,0.07376849
78,0.75746940519425,15,0.07375608
79,0.767235328226569,0,0.07376474
79,0.767235328226569,1,0.07374647
79,0.767235328226569,2,0.07421871
79,0.767235328226569,3,0.07374637
79,0.767235328226569,4,0.07384409
79,0.767235328226569,5,0.07394287
79,0.767235328226569,6,0.07402849
79,0.767235328226569,7,0.07407778
79,0.767235328226569,8,0.07407498
79,0.767235328226569,9,0.07391386
79,0.767235328226569,10,0.07408913
79,0.767235328226569,11,0.07388597
79,0.767235328226569,12,0.07396289
79,0.767235328226569,13,0.07378434
79,0.767235328226569,14,0.07381476
79,0.767235328226569,15,0.0736656
80,0.777001251258889,0,0.0738809
80,0.777001251258889,1,0.07377251
80,0.777001251258889,2,0.0738239
80,0.777001251258889,3,0.07380985
80,0.777001251258889,4,0.07367585
80,0.777001251258889,5,0.07385307
80,0.777001251258889,6,0.07380563
80,0.777001251258889,7,0.07389764
80,0.777001251258889,8,0.07386632
80,0.777001251258889,9,0.07397345
80,0.777001251258889,10,0.07379907
80,0.777001251258889,11,0.0736853
80,0.777001251258889,12,0.07419415
80,0.777001251258889,13,0.07376359
80,0.777001251258889,14,0.07368958
80,0.777001251258889,15,0.07387599
81,0.787987914670248,0,0.0740286
81,0.787987914670248,1,0.07386743
81,0.787987914670248,2,0.07394841
81,0.787987914670248,3,0.07399992
81,0.787987914670248,4,0.07369861
81,0.787987914670248,5,0.07386009
81,0.787987914670248,6,0.07361399
81,0.787987914670248,7,0.07393462
81,0.787987914670248,8,0.07384557
81,0.787987914670248,9,0.07362778
81,0.787987914670248,10,0.07394461
81,0.787987914670248,11,0.07354089
81,0.787987914670248,12,0.07374747
81,0.787987914670248,13,0.07372058
81,0.787987914670248,14,0.07345299
81,0.787987914670248,15,0.07375714
82,0.797143467513047,0,0.07379158
82,0.797143467513047,1,0.07388613
82,0.797143467513047,2,0.07395671
82,0.797143467513047,3,0.07373211
82,0.797143467513047,4,0.07354559
82,0.797143467513047,5,0.07389706
82,0.797143467513047,6,0.07365604
82,0.797143467513047,7,0.07376633
82,0.797143467513047,8,0.07389744
82,0.797143467513047,9,0.07388481
82,0.797143467513047,10,0.07372496
82,0.797143467513047,11,0.07385845
82,0.797143467513047,12,0.07440972
82,0.797143467513047,13,0.07408876
82,0.797143467513047,14,0.07405707
82,0.797143467513047,15,0.07393885
83,0.806909390545366,0,0.07388607
83,0.806909390545366,1,0.07381541
83,0.806909390545366,2,0.07404044
83,0.806909390545366,3,0.07391101
83,0.806909390545366,4,0.07415009
83,0.806909390545366,5,0.07425875
83,0.806909390545366,6,0.07411993
83,0.806909390545366,7,0.07387964
83,0.806909390545366,8,0.07417893
83,0.806909390545366,9,0.07394308
83,0.806909390545366,10,0.07414597
83,0.806909390545366,11,0.07405628
83,0.806909390545366,12,0.07399526
83,0.806909390545366,13,0.07420407
83,0.806909390545366,14,0.07373295
83,0.806909390545366,15,0.0739622
84,0.817285683767205,0,0.07371683
84,0.817285683767205,1,0.0737986
84,0.817285683767205,2,0.07352736
84,0.817285683767205,3,0.07348457
84,0.817285683767205,4,0.07377589
84,0.817285683767205,5,0.07367881
84,0.817285683767205,6,0.07363322
84,0.817285683767205,7,0.07360797
84,0.817285683767205,8,0.07383119
84,0.817285683767205,9,0.07399648
84,0.817285683767205,10,0.0737938
84,0.817285683767205,11,0.07362275
84,0.817285683767205,12,0.07393906
84,0.817285683767205,13,0.07383199
84,0.817285683767205,14,0.07402083
84,0.817285683767205,15,0.07415093
85,0.827661976989044,0,0.07381355
85,0.827661976989044,1,0.07390431
85,0.827661976989044,2,0.07378192
85,0.827661976989044,3,0.07394075
85,0.827661976989044,4,0.07380019
85,0.827661976989044,5,0.07386892
85,0.827661976989044,6,0.07388391
85,0.827661976989044,7,0.07390219
85,0.827661976989044,8,0.07383955
85,0.827661976989044,9,0.07376538
85,0.827661976989044,10,0.0736834
85,0.827661976989044,11,0.0737135
85,0.827661976989044,12,0.0740362
85,0.827661976989044,13,0.07371477
85,0.827661976989044,14,0.07402236
85,0.827661976989044,15,0.073718
86,0.836817529831843,0,0.07376972
86,0.836817529831843,1,0.07404418
86,0.836817529831843,2,0.07381915
86,0.836817529831843,3,0.07381102
86,0.836817529831843,4,0.07388894
86,0.836817529831843,5,0.07350215
86,0.836817529831843,6,0.07341163
86,0.836817529831843,7,0.07393277
86,0.836817529831843,8,0.07371071
86,0.836817529831843,9,0.0738856
86,0.836817529831843,10,0.0738097
86,0.836817529831843,11,0.07366675
86,0.836817529831843,12,0.07395628
86,0.836817529831843,13,0.0739959
86,0.836817529831843,14,0.07379797
86,0.836817529831843,15,0.07375899
87,0.846583452864162,0,0.07391624
87,0.846583452864162,1,0.07391439
87,0.846583452864162,2,0.0738481
87,0.846583452864162,3,0.07415247
87,0.846583452864162,4,0.07397535
87,0.846583452864162,5,0.07385866
87,0.846583452864162,6,0.07383917
87,0.846583452864162,7,0.07375012
87,0.846583452864162,8,0.07387853
87,0.846583452864162,9,0.07385612
87,0.846583452864162,10,0.07372602
87,0.846583452864162,11,0.07350284
87,0.846583452864162,12,0.07385956
87,0.846583452864162,13,0.07392041
87,0.846583452864162,14,0.07408327
87,0.846583452864162,15,0.07376062
88,0.857570116275521,0,0.07426272
88,0.857570116275521,1,0.07411074
88,0.857570116275521,2,0.073893
88,0.857570116275521,3,0.07406557
88,0.857570116275521,4,0.07366328
88,0.857570116275521,5,0.07401153
88,0.857570116275521,6,0.07407925
88,0.857570116275521,7,0.07379533
88,0.857570116275521,8,0.07383506
88,0.857570116275521,9,0.07403409
88,0.857570116275521,10,0.07389136
88,0.857570116275521,11,0.0736591
88,0.857570116275521,12,0.07391609
88,0.857570116275521,13,0.07380912
88,0.857570116275521,14,0.07374436
88,0.857570116275521,15,0.07363522
89,0.86672566911832,0,0.07390172
89,0.86672566911832,1,0.0739277
89,0.86672566911832,2,0.07385232
89,0.86672566911832,3,0.0739434
89,0.86672566911832,4,0.074097
89,0.86672566911832,5,0.07406458
89,0.86672566911832,6,0.07379539
89,0.86672566911832,7,0.07360179
89,0.86672566911832,8,0.074082
89,0.86672566911832,9,0.07425013
89,0.86672566911832,10,0.07398348
89,0.86672566911832,11,0.07387462
89,0.86672566911832,12,0.07403663
89,0.86672566911832,13,0.0739744
89,0.86672566911832,14,0.07414169
89,0.86672566911832,15,0.07395676
90,0.877712332529679,0,0.07371424
90,0.877712332529679,1,0.07406981
90,0.877712332529679,2,0.07396045
90,0.877712332529679,3,0.07363913
90,0.877712332529679,4,0.07378624
90,0.877712332529679,5,0.07381604
90,0.877712332529679,6,0.07380959
90,0.877712332529679,7,0.0739211
90,0.877712332529679,8,0.0737369
90,0.877712332529679,9,0.07377738
90,0.877712332529679,10,0.07390299
90,0.877712332529679,11,0.07391318
90,0.877712332529679,12,0.07395861
90,0.877712332529679,13,0.07411639
90,0.877712332529679,14,0.07352893
90,0.877712332529679,15,0.07413103
91,0.887478255561998,0,0.07392448
91,0.887478255561998,1,0.07412352
91,0.887478255561998,2,0.07391603
91,0.887478255561998,3,0.07400361
91,0.887478255561998,4,0.07392009
91,0.887478255561998,5,0.07412405
91,0.887478255561998,6,0.07374731
91,0.887478255561998,7,0.07373004
91,0.887478255561998,8,0.07380463
91,0.887478255561998,9,0.07377769
91,0.887478255561998,10,0.07391777
91,0.887478255561998,11,0.07378582
91,0.887478255561998,12,0.07400504
91,0.887478255561998,13,0.0738377
91,0.887478255561998,14,0.07387193
91,0.887478255561998,15,0.07396156
92,0.896633808404798,0,0.07368953
92,0.896633808404798,1,0.07339694
92,0.896633808404798,2,0.0737939
92,0.896633808404798,3,0.07361911
92,0.896633808404798,4,0.07396167
92,0.896633808404798,5,0.0739669
92,0.896633808404798,6,0.07420857
92,0.896633808404798,7,0.07403266
92,0.896633808404798,8,0.0739622
92,0.896633808404798,9,0.07387615
92,0.896633808404798,10,0.07397741
92,0.896633808404798,11,0.0740988
92,0.896633808404798,12,0.07404006
92,0.896633808404798,13,0.07394287
92,0.896633808404798,14,0.07389458
92,0.896633808404798,15,0.07388718
93,0.907620471816156,0,0.07418738
93,0.907620471816156,1,0.07384847
93,0.907620471816156,2,0.07395449
93,0.907620471816156,3,0.0738275
93,0.907620471816156,4,0.07381255
93,0.907620471816156,5,0.07378344
93,0.907620471816156,6,0.07366887
93,0.907620471816156,7,0.07394978
93,0.907620471816156,8,0.07376517
93,0.907620471816156,9,0.0738079
93,0.907620471816156,10,0.07405575
93,0.907620471816156,11,0.07408385
93,0.907620471816156,12,0.07408116
93,0.907620471816156,13,0.07412823
93,0.907620471816156,14,0.07395247
93,0.907620471816156,15,0.07403684
94,0.916776024658956,0,0.07429551
94,0.916776024658956,1,0.07412779
94,0.916776024658956,2,0.07427374
94,0.916776024658956,3,0.07402992
94,0.916776024658956,4,0.07413604
94,0.916776024658956,5,0.07426668
94,0.916776024658956,6,0.07406288
94,0.916776024658956,7,0.07410012
94,0.916776024658956,8,0.07397488
94,0.916776024658956,9,0.07395194
94,0.916776024658956,10,0.07416562
94,0.916776024658956,11,0.07421961
94,0.916776024658956,12,0.07431432
94,0.916776024658956,13,0.07428204
94,0.916776024658956,14,0.07440349
94,0.916776024658956,15,0.07428548
95,0.926541947691275,0,0.07433846
95,0.926541947691275,1,0.07433481
95,0.926541947691275,2,0.07427026
95,0.926541947691275,3,0.07448192
95,0.926541947691275,4,0.07439059
95,0.926541947691275,5,0.07435276
95,0.926541947691275,6,0.07440528
95,0.926541947691275,7,0.07435706
95,0.926541947691275,8,0.07395644
95,0.926541947691275,9,0.07401819
95,0.926541947691275,10,0.07391371
95,0.926541947691275,11,0.07384852
95,0.926541947691275,12,0.07407191
95,0.926541947691275,13,0.07435609
95,0.926541947691275,14,0.07410356
95,0.926541947691275,15,0.0740933
96,0.936918240913114,0,0.07396611
96,0.936918240913114,1,0.07393737
96,0.936918240913114,2,0.0739996
96,0.936918240913114,3,0.0740623
96,0.936918240913114,4,0.07429435
96,0.936918240913114,5,0.07434332
96,0.936918240913114,6,0.07430787
96,0.936918240913114,7,0.07429278
96,0.936918240913114,8,0.07429399
96,0.936918240913114,9,0.07438568
96,0.936918240913114,10,0.07414301
96,0.936918240913114,11,0.07445355
96,0.936918240913114,12,0.07442926
96,0.936918240913114,13,0.074214
96,0.936918240913114,14,0.07413916
96,0.936918240913114,15,0.07437798
97,0.947294534134953,0,0.07406219
97,0.947294534134953,1,0.07406726
97,0.947294534134953,2,0.07412468
97,0.947294534134953,3,0.07392776
97,0.947294534134953,4,0.07406636
97,0.947294534134953,5,0.07408322
97,0.947294534134953,6,0.07370754
97,0.947294534134953,7,0.07404629
97,0.947294534134953,8,0.07406092
97,0.947294534134953,9,0.07406557
97,0.947294534134953,10,0.07414153
97,0.947294534134953,11,0.07415331
97,0.947294534134953,12,0.07416017
97,0.947294534134953,13,0.07445974
97,0.947294534134953,14,0.07405949
97,0.947294534134953,15,0.07388872
98,0.957060457167272,0,0.07467612
98,0.957060457167272,1,0.07444572
98,0.957060457167272,2,0.07442471
98,0.957060457167272,3,0.07440194
98,0.957060457167272,4,0.07421526
98,0.957060457167272,5,0.07417054
98,0.957060457167272,6,0.07413784
98,0.957060457167272,7,0.07447474
98,0.957060457167272,8,0.07413261
98,0.957060457167272,9,0.07435384
98,0.957060457167272,10,0.07429441
98,0.957060457167272,11,0.07448283
98,0.957060457167272,12,0.074007
98,0.957060457167272,13,0.07412584
98,0.957060457167272,14,0.07425791
98,0.957060457167272,15,0.07445599
99,0.966216010010071,0,0.07415949
99,0.966216010010071,1,0.07439246
99,0.966216010010071,2,0.07443443
99,0.966216010010071,3,0.07463548
99,0.966216010010071,4,0.07443333
99,0.966216010010071,5,0.074504
99,0.966216010010071,6,0.07423112
99,0.966216010010071,7,0.07417846
99,0.966216010010071,8,0.07428743
99,0.966216010010071,9,0.07435843
99,0.966216010010071,10,0.07438415
99,0.966216010010071,11,0.07433741
99,0.966216010010071,12,0.07450796
99,0.966216010010071,13,0.07446485
99,0.966216010010071,14,0.07436555
99,0.966216010010071,15,0.07429381
100,0.97720267342143,0,0.07465374
100,0.97720267342143,1,0.07439287
100,0.97720267342143,2,0.07417978
100,0.97720267342143,3,0.07440185
100,0.97720267342143,4,0.07449164
100,0.97720267342143,5,0.07436772
100,0.97720267342143,6,0.0739407
100,0.97720267342143,7,0.07403916
100,0.97720267342143,8,0.07414275
100,0.97720267342143,9,0.07434369
100,0.97720267342143,10,0.07414909
100,0.97720267342143,11,0.0743008
100,0.97720267342143,12,0.07426677
100,0.97720267342143,13,0.07417761
100,0.97720267342143,14,0.07408433
100,0.97720267342143,15,0.07400298
101,0.986968596453749,0,0.07432161
101,0.986968596453749,1,0.07374901
101,0.986968596453749,2,0.07376089
101,0.986968596453749,3,0.07401201
101,0.986968596453749,4,0.07390858
101,0.986968596453749,5,0.07433406
101,0.986968596453749,6,0.07453068
101,0.986968596453749,7,0.07430216
101,0.986968596453749,8,0.07427846
101,0.986968596453749,9,0.07412474
101,0.986968596453749,10,0.07405342
101,0.986968596453749,11,0.07371081
101,0.986968596453749,12,0.07413471
101,0.986968596453749,13,0.07439038
101,0.986968596453749,14,0.07422763
101,0.986968596453749,15,0.07430639
102,0.996734519486068,0,0.07432662
102,0.996734519486068,1,0.07438811
102,0.996734519486068,2,0.07446829
102,0.996734519486068,3,0.07436592
102,0.996734519486068,4,0.0743805
102,0.996734519486068,5,0.07434357
102,0.996734519486068,6,0.0740661
102,0.996734519486068,7,0.07429477
102,0.996734519486068,8,0.07398021
102,0.996734519486068,9,0.07435906
102,0.996734519486068,10,0.07421997
102,0.996734519486068,11,0.07420989
102,0.996734519486068,12,0.07408433
102,0.996734519486068,13,0.07418015
102,0.996734519486068,14,0.07410889
102,0.996734519486068,15,0.07417191
103,1.00711081270791,0,0.07426761
103,1.00711081270791,1,0.07448784
103,1.00711081270791,2,0.07441092
103,1.00711081270791,3,0.0745993
103,1.00711081270791,4,0.07428104
103,1.00711081270791,5,0.07425532
103,1.00711081270791,6,0.07426985
103,1.00711081270791,7,0.07432216
103,1.00711081270791,8,0.07448452
103,1.00711081270791,9,0.07436999
103,1.00711081270791,10,0.07462899
103,1.00711081270791,11,0.07443708
103,1.00711081270791,12,0.0742586
103,1.00711081270791,13,0.07434738
103,1.00711081270791,14,0.07436413
103,1.00711081270791,15,0.07439117
104,1.01748710592975,0,0.07443607
104,1.01748710592975,1,0.07428384
104,1.01748710592975,2,0.07431179
104,1.01748710592975,3,0.0743692
104,1.01748710592975,4,0.07426138
104,1.01748710592975,5,0.074008
104,1.01748710592975,6,0.07396188
104,1.01748710592975,7,0.07405712
104,1.01748710592975,8,0.07418971
104,1.01748710592975,9,0.07390103
104,1.01748710592975,10,0.07416789
104,1.01748710592975,11,0.07433581
104,1.01748710592975,12,0.07421443
104,1.01748710592975,13,0.07443724
104,1.01748710592975,14,0.07427538
104,1.01748710592975,15,0.07447117
105,1.02725302896207,0,0.07415865
105,1.02725302896207,1,0.07429514
105,1.02725302896207,2,0.07406937
105,1.02725302896207,3,0.0742579
105,1.02725302896207,4,0.07412072
105,1.02725302896207,5,0.07405638
105,1.02725302896207,6,0.07414935
105,1.02725302896207,7,0.07411761
105,1.02725302896207,8,0.07393072
105,1.02725302896207,9,0.07414475
105,1.02725302896207,10,0.07418216
105,1.02725302896207,11,0.07423936
105,1.02725302896207,12,0.07413869
105,1.02725302896207,13,0.07407504
105,1.02725302896207,14,0.07373495
105,1.02725302896207,15,0.07393082
106,1.03701895199438,0,0.07414877
106,1.03701895199438,1,0.0735833
106,1.03701895199438,2,0.07399157
106,1.03701895199438,3,0.07383267
106,1.03701895199438,4,0.07407393
106,1.03701895199438,5,0.07380906
106,1.03701895199438,6,0.07386231
106,1.03701895199438,7,0.07387763
106,1.03701895199438,8,0.07422684
106,1.03701895199438,9,0.07413625
106,1.03701895199438,10,0.07424184
106,1.03701895199438,11,0.07425093
106,1.03701895199438,12,0.07423081
106,1.03701895199438,13,0.07390082
106,1.03701895199438,14,0.07422663
106,1.03701895199438,15,0.07400662
107,1.04739524521622,0,0.07418295
107,1.04739524521622,1,0.07422859
107,1.04739524521622,2,0.0742054
107,1.04739524521622,3,0.07427323
107,1.04739524521622,4,0.0742702
107,1.04739524521622,5,0.07444897
107,1.04739524521622,6,0.07398237
107,1.04739524521622,7,0.07407825
107,1.04739524521622,8,0.07397725
107,1.04739524521622,9,0.07407424
107,1.04739524521622,10,0.07436355
107,1.04739524521622,11,0.0741763
107,1.04739524521622,12,0.07417074
107,1.04739524521622,13,0.07446831
107,1.04739524521622,14,0.07431506
107,1.04739524521622,15,0.07432394
108,1.05655079805902,0,0.07446872
108,1.05655079805902,1,0.07440511
108,1.05655079805902,2,0.07406805
108,1.05655079805902,3,0.0741465
108,1.05655079805902,4,0.07423207
108,1.05655079805902,5,0.07413266
108,1.05655079805902,6,0.07430311
108,1.05655079805902,7,0.07423826
108,1.05655079805902,8,0.07388502
108,1.05655079805902,9,0.07404856
108,1.05655079805902,10,0.07416399
108,1.05655079805902,11,0.07437069
108,1.05655079805902,12,0.07436645
108,1.05655079805902,13,0.07419493
108,1.05655079805902,14,0.07437368
108,1.05655079805902,15,0.07403314
109,1.06753746147038,0,0.07391529
109,1.06753746147038,1,0.07391503
109,1.06753746147038,2,0.07388259
109,1.06753746147038,3,0.07392696
109,1.06753746147038,4,0.07376728
109,1.06753746147038,5,0.07400763
109,1.06753746147038,6,0.07440317
109,1.06753746147038,7,0.07415167
109,1.06753746147038,8,0.07416134
109,1.06753746147038,9,0.07415273
109,1.06753746147038,10,0.07404513
109,1.06753746147038,11,0.07392881
109,1.06753746147038,12,0.07385153
109,1.06753746147038,13,0.07406214
109,1.06753746147038,14,0.07408322
109,1.06753746147038,15,0.07413107
110,1.0773033845027,0,0.07399072
110,1.0773033845027,1,0.07407387
110,1.0773033845027,2,0.07416642
110,1.0773033845027,3,0.07411465
110,1.0773033845027,4,0.07407609
110,1.0773033845027,5,0.07413324
110,1.0773033845027,6,0.07415828
110,1.0773033845027,7,0.0742422
110,1.0773033845027,8,0.0740231
110,1.0773033845027,9,0.07404482
110,1.0773033845027,10,0.07385666
110,1.0773033845027,11,0.07429265
110,1.0773033845027,12,0.07418142
110,1.0773033845027,13,0.07399897
110,1.0773033845027,14,0.07396278
110,1.0773033845027,15,0.07409716
111,1.08706930753502,0,0.0741185
111,1.08706930753502,1,0.07406721
111,1.08706930753502,2,0.07405062
111,1.08706930753502,3,0.07407667
111,1.08706930753502,4,0.07422499
111,1.08706930753502,5,0.07398839
111,1.08706930753502,6,0.07407667
111,1.08706930753502,7,0.07430033
111,1.08706930753502,8,0.07410862
111,1.08706930753502,9,0.07417507
111,1.08706930753502,10,0.07418533
111,1.08706930753502,11,0.07395734
111,1.08706930753502,12,0.07399949
111,1.08706930753502,13,0.07411475
111,1.08706930753502,14,0.07436787
111,1.08706930753502,15,0.0741192
112,1.09744560075686,0,0.07440417
112,1.09744560075686,1,0.07436397
112,1.09744560075686,2,0.07415252
112,1.09744560075686,3,0.07411597
112,1.09744560075686,4,0.07441421
112,1.09744560075686,5,0.07453413
112,1.09744560075686,6,0.07422415
112,1.09744560075686,7,0.07422267
112,1.09744560075686,8,0.07425801
112,1.09744560075686,9,0.07440122
112,1.09744560075686,10,0.07432947
112,1.09744560075686,11,0.07438489
112,1.09744560075686,12,0.07442115
112,1.09744560075686,13,0.0744002
112,1.09744560075686,14,0.07433275
112,1.09744560075686,15,0.07432543
113,1.10721152378918,0,0.07442758
113,1.10721152378918,1,0.07445698
113,1.10721152378918,2,0.07437447
113,1.10721152378918,3,0.07434913
113,1.10721152378918,4,0.07442825
113,1.10721152378918,5,0.07430428
113,1.10721152378918,6,0.07440569
113,1.10721152378918,7,0.07402337
113,1.10721152378918,8,0.07452597
113,1.10721152378918,9,0.07448827
113,1.10721152378918,10,0.07425997
113,1.10721152378918,11,0.07437301
113,1.10721152378918,12,0.07426133
113,1.10721152378918,13,0.07426693
113,1.10721152378918,14,0.07421485
113,1.10721152378918,15,0.07435536
114,1.1169774468215,0,0.07424358
114,1.1169774468215,1,0.07401407
114,1.1169774468215,2,0.07408185
114,1.1169774468215,3,0.07397915
114,1.1169774468215,4,0.07416487
114,1.1169774468215,5,0.07414977
114,1.1169774468215,6,0.074184
114,1.1169774468215,7,0.07435357
114,1.1169774468215,8,0.07419942
114,1.1169774468215,9,0.0745246
114,1.1169774468215,10,0.07462015
114,1.1169774468215,11,0.07442636
114,1.1169774468215,12,0.07438985
114,1.1169774468215,13,0.07430735
114,1.1169774468215,14,0.07451051
114,1.1169774468215,15,0.07463734
115,1.12674336985382,0,0.07456258
115,1.12674336985382,1,0.0742271
115,1.12674336985382,2,0.07433496
115,1.12674336985382,3,0.07405622
115,1.12674336985382,4,0.07427487
115,1.12674336985382,5,0.0743469
115,1.12674336985382,6,0.07458287
115,1.12674336985382,7,0.07450035
115,1.12674336985382,8,0.07416012
115,1.12674336985382,9,0.07448056
115,1.12674336985382,10,0.07441591
115,1.12674336985382,11,0.07431389
115,1.12674336985382,12,0.07416985
115,1.12674336985382,13,0.07429504
115,1.12674336985382,14,0.07374409
115,1.12674336985382,15,0.07380124
116,1.13711966307566,0,0.07401502
116,1.13711966307566,1,0.07414126
116,1.13711966307566,2,0.07393764
116,1.13711966307566,3,0.07426572
116,1.13711966307566,4,0.07383019
116,1.13711966307566,5,0.07407735
116,1.13711966307566,6,0.07413323
116,1.13711966307566,7,0.07440577
116,1.13711966307566,8,0.07404957
116,1.13711966307566,9,0.07390642
116,1.13711966307566,10,0.07432864
116,1.13711966307566,11,0.07421555
116,1.13711966307566,12,0.07448082
116,1.13711966307566,13,0.0740042
116,1.13711966307566,14,0.07434458
116,1.13711966307566,15,0.07399796
117,1.14810632648701,0,0.07424311
117,1.14810632648701,1,0.07427544
117,1.14810632648701,2,0.07431216
117,1.14810632648701,3,0.07414866
117,1.14810632648701,4,0.07407868
117,1.14810632648701,5,0.07421041
117,1.14810632648701,6,0.07408929
117,1.14810632648701,7,0.07428294
117,1.14810632648701,8,0.07411249
117,1.14810632648701,9,0.07441559
117,1.14810632648701,10,0.07421322
117,1.14810632648701,11,0.07434671
117,1.14810632648701,12,0.07400905
117,1.14810632648701,13,0.07400028
117,1.14810632648701,14,0.07415194
117,1.14810632648701,15,0.07415807
118,1.15787224951933,0,0.07422087
118,1.15787224951933,1,0.07440032
118,1.15787224951933,2,0.07413007
118,1.15787224951933,3,0.07460009
118,1.15787224951933,4,0.07438568
118,1.15787224951933,5,0.07453334
118,1.15787224951933,6,0.07404149
118,1.15787224951933,7,0.07417149
118,1.15787224951933,8,0.07438468
118,1.15787224951933,9,0.07430825
118,1.15787224951933,10,0.07428151
118,1.15787224951933,11,0.07436956
118,1.15787224951933,12,0.07453956
118,1.15787224951933,13,0.07435319
118,1.15787224951933,14,0.07437691
118,1.15787224951933,15,0.07431654
119,1.16824854274117,0,0.07428284
119,1.16824854274117,1,0.07420296
119,1.16824854274117,2,0.074226
119,1.16824854274117,3,0.0744899
119,1.16824854274117,4,0.07423344
119,1.16824854274117,5,0.07441653
119,1.16824854274117,6,0.07428933
119,1.16824854274117,7,0.07412499
119,1.16824854274117,8,0.07408612
119,1.16824854274117,9,0.07429376
119,1.16824854274117,10,0.07431015
119,1.16824854274117,11,0.07410038
119,1.16824854274117,12,0.07395855
119,1.16824854274117,13,0.07411982
119,1.16824854274117,14,0.07440184
119,1.16824854274117,15,0.07411845
120,1.17862483596301,0,0.07435831
120,1.17862483596301,1,0.07429826
120,1.17862483596301,2,0.07456227
120,1.17862483596301,3,0.07435673
120,1.17862483596301,4,0.07415389
120,1.17862483596301,5,0.07425547
120,1.17862483596301,6,0.07433492
120,1.17862483596301,7,0.07427744
120,1.17862483596301,8,0.07439154
120,1.17862483596301,9,0.07434849
120,1.17862483596301,10,0.07403266
120,1.17862483596301,11,0.07425489
120,1.17862483596301,12,0.074242
120,1.17862483596301,13,0.074418
120,1.17862483596301,14,0.07437164
120,1.17862483596301,15,0.07440159
121,1.18778038880581,0,0.07448813
121,1.18778038880581,1,0.07414507
121,1.18778038880581,2,0.07411074
121,1.18778038880581,3,0.07407809
121,1.18778038880581,4,0.0743317
121,1.18778038880581,5,0.0742224
121,1.18778038880581,6,0.07412795
121,1.18778038880581,7,0.07429017
121,1.18778038880581,8,0.07422964
121,1.18778038880581,9,0.07433935
121,1.18778038880581,10,0.07429398
121,1.18778038880581,11,0.07399315
121,1.18778038880581,12,0.07435375
121,1.18778038880581,13,0.07438975
121,1.18778038880581,14,0.07428272
121,1.18778038880581,15,0.07423984
122,1.19876705221717,0,0.07424311
122,1.19876705221717,1,0.07421833
122,1.19876705221717,2,0.07406045
122,1.19876705221717,3,0.07430956
122,1.19876705221717,4,0.07388169
122,1.19876705221717,5,0.0742654
122,1.19876705221717,6,0.07395522
122,1.19876705221717,7,0.07402268
122,1.19876705221717,8,0.07428564
122,1.19876705221717,9,0.07407825
122,1.19876705221717,10,0.0742137
122,1.19876705221717,11,0.07389099
122,1.19876705221717,12,0.0742654
122,1.19876705221717,13,0.07447744
122,1.19876705221717,14,0.07419299
122,1.19876705221717,15,0.07430998
123,1.20792260505997,0,0.07402167
123,1.20792260505997,1,0.074169
123,1.20792260505997,2,0.07390711
123,1.20792260505997,3,0.07403795
123,1.20792260505997,4,0.07399675
123,1.20792260505997,5,0.07408987
123,1.20792260505997,6,0.07395512
123,1.20792260505997,7,0.07399579
123,1.20792260505997,8,0.07401682
123,1.20792260505997,9,0.07399791
123,1.20792260505997,10,0.07369147
123,1.20792260505997,11,0.07381245
123,1.20792260505997,12,0.07432973
123,1.20792260505997,13,0.07394662
123,1.20792260505997,14,0.07402347
123,1.20792260505997,15,0.07414645
124,1.21829889828181,0,0.07424771
124,1.21829889828181,1,0.07389643
124,1.21829889828181,2,0.07407191
124,1.21829889828181,3,0.07386379
124,1.21829889828181,4,0.07380817
124,1.21829889828181,5,0.07386918
124,1.21829889828181,6,0.07376818
124,1.21829889828181,7,0.07404899
124,1.21829889828181,8,0.07373114
124,1.21829889828181,9,0.07376321
124,1.21829889828181,10,0.07379391
124,1.21829889828181,11,0.0739379
124,1.21829889828181,12,0.07381799
124,1.21829889828181,13,0.0736366
124,1.21829889828181,14,0.07408253
124,1.21829889828181,15,0.07405648
125,1.22867519150365,0,0.0741774
125,1.22867519150365,1,0.07413985
125,1.22867519150365,2,0.07388708
125,1.22867519150365,3,0.07432812
125,1.22867519150365,4,0.07434962
125,1.22867519150365,5,0.07420471
125,1.22867519150365,6,0.07420545
125,1.22867519150365,7,0.07420419
125,1.22867519150365,8,0.07394055
125,1.22867519150365,9,0.07409505
125,1.22867519150365,10,0.07421728
125,1.22867519150365,11,0.07424215
125,1.22867519150365,12,0.07407001
125,1.22867519150365,13,0.07424971
125,1.22867519150365,14,0.07432278
125,1.22867519150365,15,0.07403087
126,1.23783074434645,0,0.07422763
126,1.23783074434645,1,0.07424416
126,1.23783074434645,2,0.07399712
126,1.23783074434645,3,0.07405717
126,1.23783074434645,4,0.07396262
126,1.23783074434645,5,0.07385301
126,1.23783074434645,6,0.07401851
126,1.23783074434645,7,0.07409579
126,1.23783074434645,8,0.07413398
126,1.23783074434645,9,0.07406272
126,1.23783074434645,10,0.07387071
126,1.23783074434645,11,0.07401492
126,1.23783074434645,12,0.07406029
126,1.23783074434645,13,0.07389612
126,1.23783074434645,14,0.07421406
126,1.23783074434645,15,0.07419511
127,1.24820703756829,0,0.07425509
127,1.24820703756829,1,0.07447532
127,1.24820703756829,2,0.07430429
127,1.24820703756829,3,0.07398544
127,1.24820703756829,4,0.07417698
127,1.24820703756829,5,0.07436507
127,1.24820703756829,6,0.07417043
127,1.24820703756829,7,0.07455704
127,1.24820703756829,8,0.07435267
127,1.24820703756829,9,0.07413202
127,1.24820703756829,10,0.07434072
127,1.24820703756829,11,0.07430651
127,1.24820703756829,12,0.07419277
127,1.24820703756829,13,0.07412717
127,1.24820703756829,14,0.07429054
127,1.24820703756829,15,0.07428304
128,1.25858333079012,0,0.07418775
128,1.25858333079012,1,0.07395712
128,1.25858333079012,2,0.07428183
128,1.25858333079012,3,0.07437294
128,1.25858333079012,4,0.07434855
128,1.25858333079012,5,0.07396664
128,1.25858333079012,6,0.07386442
128,1.25858333079012,7,0.07422204
128,1.25858333079012,8,0.07386464
128,1.25858333079012,9,0.07402992
128,1.25858333079012,10,0.07403504
128,1.25858333079012,11,0.07391477
128,1.25858333079012,12,0.07400847
128,1.25858333079012,13,0.07441834
128,1.25858333079012,14,0.07432631
128,1.25858333079012,15,0.07416631
129,1.26773888363292,0,0.0741325
129,1.26773888363292,1,0.07402299
129,1.26773888363292,2,0.0740352
129,1.26773888363292,3,0.07396077
129,1.26773888363292,4,0.07411813
129,1.26773888363292,5,0.0741756
129,1.26773888363292,6,0.07409019
129,1.26773888363292,7,0.07427329
129,1.26773888363292,8,0.0741998
129,1.26773888363292,9,0.07385988
129,1.26773888363292,10,0.07390869
129,1.26773888363292,11,0.0740718
129,1.26773888363292,12,0.0742337
129,1.26773888363292,13,0.07432393
129,1.26773888363292,14,0.07443232
129,1.26773888363292,15,0.07426509
130,1.27811517685476,0,0.07404661
130,1.27811517685476,1,0.07406225
130,1.27811517685476,2,0.07368688
130,1.27811517685476,3,0.07368651
130,1.27811517685476,4,0.07362984
130,1.27811517685476,5,0.07410989
130,1.27811517685476,6,0.07402791
130,1.27811517685476,7,0.07408427
130,1.27811517685476,8,0.07409763
130,1.27811517685476,9,0.07401191
130,1.27811517685476,10,0.07407878
130,1.27811517685476,11,0.07392956
130,1.27811517685476,12,0.07420693
130,1.27811517685476,13,0.07416895
130,1.27811517685476,14,0.07406441
130,1.27811517685476,15,0.07405506
131,1.28788109988708,0,0.07382216
131,1.28788109988708,1,0.07404429
131,1.28788109988708,2,0.07404962
131,1.28788109988708,3,0.07393468
131,1.28788109988708,4,0.0740745
131,1.28788109988708,5,0.07423487
131,1.28788109988708,6,0.07411961
131,1.28788109988708,7,0.07403737
131,1.28788109988708,8,0.07398359
131,1.28788109988708,9,0.07389152
131,1.28788109988708,10,0.07399136
131,1.28788109988708,11,0.07427168
131,1.28788109988708,12,0.07391281
131,1.28788109988708,13,0.07417206
131,1.28788109988708,14,0.07409896
131,1.28788109988708,15,0.07418951
132,1.29886776329844,0,0.07394414
132,1.29886776329844,1,0.07372826
132,1.29886776329844,2,0.07393489
132,1.29886776329844,3,0.07380146
132,1.29886776329844,4,0.07419176
132,1.29886776329844,5,0.0739903
132,1.29886776329844,6,0.07420038
132,1.29886776329844,7,0.07425299
132,1.29886776329844,8,0.07421125
132,1.29886776329844,9,0.07434084
132,1.29886776329844,10,0.07412827
132,1.29886776329844,11,0.07401644
132,1.29886776329844,12,0.07414661
132,1.29886776329844,13,0.073892
132,1.29886776329844,14,0.07423238
132,1.29886776329844,15,0.07424543
133,1.30802331614124,0,0.0742419
133,1.30802331614124,1,0.07421992
133,1.30802331614124,2,0.07393911
133,1.30802331614124,3,0.07403774
133,1.30802331614124,4,0.07410023
133,1.30802331614124,5,0.07417751
133,1.30802331614124,6,0.07418928
133,1.30802331614124,7,0.0741811
133,1.30802331614124,8,0.07414582
133,1.30802331614124,9,0.07422062
133,1.30802331614124,10,0.07415321
133,1.30802331614124,11,0.0739744
133,1.30802331614124,12,0.07392934
133,1.30802331614124,13,0.07411729
133,1.30802331614124,14,0.07401349
133,1.30802331614124,15,0.07383654
134,1.3190099795526,0,0.07449941
134,1.3190099795526,1,0.07457194
134,1.3190099795526,2,0.07442296
134,1.3190099795526,3,0.07422701
134,1.3190099795526,4,0.07425696
134,1.3190099795526,5,0.07474851
134,1.3190099795526,6,0.07421654
134,1.3190099795526,7,0.07472432
134,1.3190099795526,8,0.07461905
134,1.3190099795526,9,0.07438421
134,1.3190099795526,10,0.07458842
134,1.3190099795526,11,0.07452191
134,1.3190099795526,12,0.07410097
134,1.3190099795526,13,0.0741082
134,1.3190099795526,14,0.07438163
134,1.3190099795526,15,0.07394999
135,1.32877590258492,0,0.07452377
135,1.32877590258492,1,0.07491484
135,1.32877590258492,2,0.07454342
135,1.32877590258492,3,0.07494099
135,1.32877590258492,4,0.07454416
135,1.32877590258492,5,0.07448155
135,1.32877590258492,6,0.07415897
135,1.32877590258492,7,0.07444789
135,1.32877590258492,8,0.07465007
135,1.32877590258492,9,0.07454044
135,1.32877590258492,10,0.07457036
135,1.32877590258492,11,0.07455867
135,1.32877590258492,12,0.07467234
135,1.32877590258492,13,0.07439557
135,1.32877590258492,14,0.07453596
135,1.32877590258492,15,0.07440813
136,1.33793145542772,0,0.07399796
136,1.33793145542772,1,0.07429155
136,1.33793145542772,2,0.07406098
136,1.33793145542772,3,0.0742139
136,1.33793145542772,4,0.07369513
136,1.33793145542772,5,0.07414872
136,1.33793145542772,6,0.07409917
136,1.33793145542772,7,0.0740811
136,1.33793145542772,8,0.0741662
136,1.33793145542772,9,0.07429541
136,1.33793145542772,10,0.07413398
136,1.33793145542772,11,0.07428041
136,1.33793145542772,12,0.07419224
136,1.33793145542772,13,0.07406098
136,1.33793145542772,14,0.0742671
136,1.33793145542772,15,0.07424971
137,1.34891811883908,0,0.07459752
137,1.34891811883908,1,0.07428715
137,1.34891811883908,2,0.07474503
137,1.34891811883908,3,0.07431331
137,1.34891811883908,4,0.07414138
137,1.34891811883908,5,0.07466695
137,1.34891811883908,6,0.07441115
137,1.34891811883908,7,0.07425357
137,1.34891811883908,8,0.07444856
137,1.34891811883908,9,0.07456184
137,1.34891811883908,10,0.07459403
137,1.34891811883908,11,0.07473134
137,1.34891811883908,12,0.07443348
137,1.34891811883908,13,0.07437638
137,1.34891811883908,14,0.07450676
137,1.34891811883908,15,0.07410049
138,1.3586840418714,0,0.07476842
138,1.3586840418714,1,0.07440337
138,1.3586840418714,2,0.07454468
138,1.3586840418714,3,0.07458494
138,1.3586840418714,4,0.07438879
138,1.3586840418714,5,0.07482247
138,1.3586840418714,6,0.07422683
138,1.3586840418714,7,0.07432187
138,1.3586840418714,8,0.07446333
138,1.3586840418714,9,0.0745272
138,1.3586840418714,10,0.07439117
138,1.3586840418714,11,0.07481039
138,1.3586840418714,12,0.07480989
138,1.3586840418714,13,0.07452489
138,1.3586840418714,14,0.07481281
138,1.3586840418714,15,0.07471879
139,1.36844996490371,0,0.07499815
139,1.36844996490371,1,0.07524256
139,1.36844996490371,2,0.07478349
139,1.36844996490371,3,0.07490536
139,1.36844996490371,4,0.07492018
139,1.36844996490371,5,0.07520382
139,1.36844996490371,6,0.074782
139,1.36844996490371,7,0.07513799
139,1.36844996490371,8,0.0748477
139,1.36844996490371,9,0.07510435
139,1.36844996490371,10,0.07507581
139,1.36844996490371,11,0.0750294
139,1.36844996490371,12,0.07493974
139,1.36844996490371,13,0.07481181
139,1.36844996490371,14,0.07498951
139,1.36844996490371,15,0.07502593
140,1.37943662831507,0,0.07524458
140,1.37943662831507,1,0.07491688
140,1.37943662831507,2,0.07520061
140,1.37943662831507,3,0.07535648
140,1.37943662831507,4,0.07509114
140,1.37943662831507,5,0.07489662
140,1.37943662831507,6,0.07533286
140,1.37943662831507,7,0.07545001
140,1.37943662831507,8,0.07527961
140,1.37943662831507,9,0.07536648
140,1.37943662831507,10,0.07502255
140,1.37943662831507,11,0.07504563
140,1.37943662831507,12,0.07519539
140,1.37943662831507,13,0.07508199
140,1.37943662831507,14,0.07501771
140,1.37943662831507,15,0.07512204
141,1.38920255134739,0,0.07580907
141,1.38920255134739,1,0.07555286
141,1.38920255134739,2,0.07565034
141,1.38920255134739,3,0.07551318
141,1.38920255134739,4,0.07554563
141,1.38920255134739,5,0.0757083
141,1.38920255134739,6,0.07569845
141,1.38920255134739,7,0.07569379
141,1.38920255134739,8,0.07583091
141,1.38920255134739,9,0.07575952
141,1.38920255134739,10,0.07552833
141,1.38920255134739,11,0.07578001
141,1.38920255134739,12,0.07571899
141,1.38920255134739,13,0.07570553
141,1.38920255134739,14,0.07578202
141,1.38920255134739,15,0.07567703
142,1.39835810419019,0,0.07628078
142,1.39835810419019,1,0.07642106
142,1.39835810419019,2,0.07641458
142,1.39835810419019,3,0.0759856
142,1.39835810419019,4,0.07618091
142,1.39835810419019,5,0.07648589
142,1.39835810419019,6,0.07654816
142,1.39835810419019,7,0.07633503
142,1.39835810419019,8,0.07636765
142,1.39835810419019,9,0.07599781
142,1.39835810419019,10,0.07624727
142,1.39835810419019,11,0.07603307
142,1.39835810419019,12,0.07595864
142,1.39835810419019,13,0.07637368
142,1.39835810419019,14,0.07661664
142,1.39835810419019,15,0.07639834
143,1.40934476760155,0,0.07670741
143,1.40934476760155,1,0.0764622
143,1.40934476760155,2,0.07660252
143,1.40934476760155,3,0.07660668
143,1.40934476760155,4,0.0763582
143,1.40934476760155,5,0.07634898
143,1.40934476760155,6,0.07644286
143,1.40934476760155,7,0.07623556
143,1.40934476760155,8,0.07615259
143,1.40934476760155,9,0.07643416
143,1.40934476760155,10,0.07633599
143,1.40934476760155,11,0.07664382
143,1.40934476760155,12,0.07641085
143,1.40934476760155,13,0.07643037
143,1.40934476760155,14,0.07644279
143,1.40934476760155,15,0.07649442
144,1.41850032044435,0,0.07644445
144,1.41850032044435,1,0.07668912
144,1.41850032044435,2,0.07658427
144,1.41850032044435,3,0.07682611
144,1.41850032044435,4,0.0766803
144,1.41850032044435,5,0.07685167
144,1.41850032044435,6,0.07688471
144,1.41850032044435,7,0.07685425
144,1.41850032044435,8,0.07704765
144,1.41850032044435,9,0.07681858
144,1.41850032044435,10,0.07675018
144,1.41850032044435,11,0.07690854
144,1.41850032044435,12,0.07705637
144,1.41850032044435,13,0.07695702
144,1.41850032044435,14,0.07700564
144,1.41850032044435,15,0.07709262
145,1.42887661366619,0,0.07710603
145,1.42887661366619,1,0.07716247
145,1.42887661366619,2,0.07715487
145,1.42887661366619,3,0.07717645
145,1.42887661366619,4,0.07735714
145,1.42887661366619,5,0.0774602
145,1.42887661366619,6,0.0771607
145,1.42887661366619,7,0.07748134
145,1.42887661366619,8,0.07704044
145,1.42887661366619,9,0.0774001
145,1.42887661366619,10,0.07735429
145,1.42887661366619,11,0.07751995
145,1.42887661366619,12,0.07715398
145,1.42887661366619,13,0.07728203
145,1.42887661366619,14,0.07730678
145,1.42887661366619,15,0.07714191
146,1.43803216650899,0,0.07764914
146,1.43803216650899,1,0.07751667
146,1.43803216650899,2,0.07757074
146,1.43803216650899,3,0.07754757
146,1.43803216650899,4,0.07706846
146,1.43803216650899,5,0.07745354
146,1.43803216650899,6,0.0775417
146,1.43803216650899,7,0.07792091
146,1.43803216650899,8,0.07751345
146,1.43803216650899,9,0.07749453
146,1.43803216650899,10,0.07746426
146,1.43803216650899,11,0.07745255
146,1.43803216650899,12,0.07750368
146,1.43803216650899,13,0.07770269
146,1.43803216650899,14,0.07727034
146,1.43803216650899,15,0.07762769
147,1.44840845973083,0,0.07757717
147,1.44840845973083,1,0.07763766
147,1.44840845973083,2,0.07753329
147,1.44840845973083,3,0.07747319
147,1.44840845973083,4,0.07743488
147,1.44840845973083,5,0.07745071
147,1.44840845973083,6,0.07770319
147,1.44840845973083,7,0.07740135
147,1.44840845973083,8,0.07770988
147,1.44840845973083,9,0.07763101
147,1.44840845973083,10,0.07777259
147,1.44840845973083,11,0.07791841
147,1.44840845973083,12,0.07775871
147,1.44840845973083,13,0.07774756
147,1.44840845973083,14,0.07774918
147,1.44840845973083,15,0.07756484
148,1.45756401257363,0,0.07814735
148,1.45756401257363,1,0.0783309
148,1.45756401257363,2,0.078114
148,1.45756401257363,3,0.07813536
148,1.45756401257363,4,0.07798833
148,1.45756401257363,5,0.07818186
148,1.45756401257363,6,0.07819313
148,1.45756401257363,7,0.07789572
148,1.45756401257363,8,0.07818459
148,1.45756401257363,9,0.07797422
148,1.45756401257363,10,0.07802535
148,1.45756401257363,11,0.07805591
148,1.45756401257363,12,0.07793898
148,1.45756401257363,13,0.07798041
148,1.45756401257363,14,0.0783851
148,1.45756401257363,15,0.07808546
149,1.46794030579546,0,0.078235
149,1.46794030579546,1,0.07836519
149,1.46794030579546,2,0.07826779
149,1.46794030579546,3,0.07846177
149,1.46794030579546,4,0.0782326
149,1.46794030579546,5,0.07824543
149,1.46794030579546,6,0.07841432
149,1.46794030579546,7,0.07791501
149,1.46794030579546,8,0.0783352
149,1.46794030579546,9,0.07813156
149,1.46794030579546,10,0.07829817
149,1.46794030579546,11,0.07848334
149,1.46794030579546,12,0.07856253
149,1.46794030579546,13,0.07854084
149,1.46794030579546,14,0.07869533
149,1.46794030579546,15,0.07837187
150,1.47892696920682,0,0.07877485
150,1.47892696920682,1,0.07869038
150,1.47892696920682,2,0.07887264
150,1.47892696920682,3,0.07872049
150,1.47892696920682,4,0.07892039
150,1.47892696920682,5,0.0790227
150,1.47892696920682,6,0.07885416
150,1.47892696920682,7,0.07888601
150,1.47892696920682,8,0.07924204
150,1.47892696920682,9,0.0788707
150,1.47892696920682,10,0.07910241
150,1.47892696920682,11,0.07870389
150,1.47892696920682,12,0.07871825
150,1.47892696920682,13,0.07852685
150,1.47892696920682,14,0.07860819
150,1.47892696920682,15,0.0786675
151,1.48808252204962,0,0.07957035
151,1.48808252204962,1,0.07917359
151,1.48808252204962,2,0.079255
151,1.48808252204962,3,0.07934344
151,1.48808252204962,4,0.07930947
151,1.48808252204962,5,0.07897854
151,1.48808252204962,6,0.07918054
151,1.48808252204962,7,0.07937697
151,1.48808252204962,8,0.07883009
151,1.48808252204962,9,0.07900374
151,1.48808252204962,10,0.07910716
151,1.48808252204962,11,0.07919377
151,1.48808252204962,12,0.07906662
151,1.48808252204962,13,0.07884645
151,1.48808252204962,14,0.07882081
151,1.48808252204962,15,0.07891877
152,1.49845881527146,0,0.07934527
152,1.49845881527146,1,0.07912923
152,1.49845881527146,2,0.07905442
152,1.49845881527146,3,0.07925086
152,1.49845881527146,4,0.0789987
152,1.49845881527146,5,0.07924839
152,1.49845881527146,6,0.07935977
152,1.49845881527146,7,0.07918727
152,1.49845881527146,8,0.0790539
152,1.49845881527146,9,0.07935686
152,1.49845881527146,10,0.07925166
152,1.49845881527146,11,0.07899442
152,1.49845881527146,12,0.07907077
152,1.49845881527146,13,0.07882293
152,1.49845881527146,14,0.07904532
152,1.49845881527146,15,0.07893928
153,1.5088351084933,0,0.07907545
153,1.5088351084933,1,0.07946811
153,1.5088351084933,2,0.07919025
153,1.5088351084933,3,0.07906663
153,1.5088351084933,4,0.07917151
153,1.5088351084933,5,0.07914352
153,1.5088351084933,6,0.0788799
153,1.5088351084933,7,0.07907319
153,1.5088351084933,8,0.07922805
153,1.5088351084933,9,0.07909584
153,1.5088351084933,10,0.0789427
153,1.5088351084933,11,0.07890136
153,1.5088351084933,12,0.07905336
153,1.5088351084933,13,0.07905117
153,1.5088351084933,14,0.07897909
153,1.5088351084933,15,0.07897118
154,1.51860103152562,0,0.07936148
154,1.51860103152562,1,0.07931853
154,1.51860103152562,2,0.07949904
154,1.51860103152562,3,0.0791919
154,1.51860103152562,4,0.07939276
154,1.51860103152562,5,0.0794516
154,1.51860103152562,6,0.07937206
154,1.51860103152562,7,0.07957591
154,1.51860103152562,8,0.07967838
154,1.51860103152562,9,0.07961178
154,1.51860103152562,10,0.07926781
154,1.51860103152562,11,0.0795534
154,1.51860103152562,12,0.07943497
154,1.51860103152562,13,0.07926884
154,1.51860103152562,14,0.07967828
154,1.51860103152562,15,0.07924231
155,1.52775658436842,0,0.07988841
155,1.52775658436842,1,0.07954811
155,1.52775658436842,2,0.07966889
155,1.52775658436842,3,0.07999375
155,1.52775658436842,4,0.07983012
155,1.52775658436842,5,0.07933757
155,1.52775658436842,6,0.07974416
155,1.52775658436842,7,0.07960375
155,1.52775658436842,8,0.08007612
155,1.52775658436842,9,0.0795353
155,1.52775658436842,10,0.07957065
155,1.52775658436842,11,0.07953375
155,1.52775658436842,12,0.07953977
155,1.52775658436842,13,0.07972014
155,1.52775658436842,14,0.07972999
155,1.52775658436842,15,0.07981351
156,1.53874324777978,0,0.07962354
156,1.53874324777978,1,0.07961943
156,1.53874324777978,2,0.07995775
156,1.53874324777978,3,0.07945391
156,1.53874324777978,4,0.07949206
156,1.53874324777978,5,0.07938861
156,1.53874324777978,6,0.07946323
156,1.53874324777978,7,0.0796055
156,1.53874324777978,8,0.07939625
156,1.53874324777978,9,0.0796713
156,1.53874324777978,10,0.07952685
156,1.53874324777978,11,0.07983217
156,1.53874324777978,12,0.07962104
156,1.53874324777978,13,0.07977468
156,1.53874324777978,14,0.07944224
156,1.53874324777978,15,0.07969717
157,1.54789880062258,0,0.08003299
157,1.54789880062258,1,0.07984281
157,1.54789880062258,2,0.07985476
157,1.54789880062258,3,0.07974432
157,1.54789880062258,4,0.0798069
157,1.54789880062258,5,0.08004252
157,1.54789880062258,6,0.07995317
157,1.54789880062258,7,0.07992252
157,1.54789880062258,8,0.08024772
157,1.54789880062258,9,0.08003226
157,1.54789880062258,10,0.07977919
157,1.54789880062258,11,0.07968923
157,1.54789880062258,12,0.07975365
157,1.54789880062258,13,0.0799963
157,1.54789880062258,14,0.07999369
157,1.54789880062258,15,0.08018856
158,1.55888546403394,0,0.07988311
158,1.55888546403394,1,0.07977527
158,1.55888546403394,2,0.07979655
158,1.55888546403394,3,0.08008112
158,1.55888546403394,4,0.07952254
158,1.55888546403394,5,0.07984683
158,1.55888546403394,6,0.07979332
158,1.55888546403394,7,0.07968135
158,1.55888546403394,8,0.07987125
158,1.55888546403394,9,0.07961197
158,1.55888546403394,10,0.07961095
158,1.55888546403394,11,0.07976275
158,1.55888546403394,12,0.07964619
158,1.55888546403394,13,0.07954089
158,1.55888546403394,14,0.07947786
158,1.55888546403394,15,0.07993642
159,1.56804101687674,0,0.07982413
159,1.56804101687674,1,0.07995576
159,1.56804101687674,2,0.08003908
159,1.56804101687674,3,0.07979537
159,1.56804101687674,4,0.0796252
159,1.56804101687674,5,0.0797119
159,1.56804101687674,6,0.0797486
159,1.56804101687674,7,0.07981993
159,1.56804101687674,8,0.07973389
159,1.56804101687674,9,0.07969501
159,1.56804101687674,10,0.07977349
159,1.56804101687674,11,0.07975803
159,1.56804101687674,12,0.07976112
159,1.56804101687674,13,0.07997545
159,1.56804101687674,14,0.0796143
159,1.56804101687674,15,0.07980343
160,1.57841731009857,0,0.0800157
160,1.57841731009857,1,0.08012525
160,1.57841731009857,2,0.08001642
160,1.57841731009857,3,0.07987099
160,1.57841731009857,4,0.07994583
160,1.57841731009857,5,0.07995604
160,1.57841731009857,6,0.07995197
160,1.57841731009857,7,0.07961797
160,1.57841731009857,8,0.07979651
160,1.57841731009857,9,0.07992751
160,1.57841731009857,10,0.07983127
160,1.57841731009857,11,0.07977044
160,1.57841731009857,12,0.07967075
160,1.57841731009857,13,0.07981477
160,1.57841731009857,14,0.07962018
160,1.57841731009857,15,0.07976301
161,1.58818323313089,0,0.08000292
161,1.58818323313089,1,0.08015063
161,1.58818323313089,2,0.08004165
161,1.58818323313089,3,0.08003346
161,1.58818323313089,4,0.07979018
161,1.58818323313089,5,0.08016893
161,1.58818323313089,6,0.08034743
161,1.58818323313089,7,0.07999986
161,1.58818323313089,8,0.08010291
161,1.58818323313089,9,0.07962647
161,1.58818323313089,10,0.07991035
161,1.58818323313089,11,0.07948478
161,1.58818323313089,12,0.07978627
161,1.58818323313089,13,0.07966059
161,1.58818323313089,14,0.07998182
161,1.58818323313089,15,0.07976654
162,1.59855952635273,0,0.07994335
162,1.59855952635273,1,0.0797655
162,1.59855952635273,2,0.0797671
162,1.59855952635273,3,0.07988383
162,1.59855952635273,4,0.08003963
162,1.59855952635273,5,0.08016227
162,1.59855952635273,6,0.08019344
162,1.59855952635273,7,0.08016384
162,1.59855952635273,8,0.07968213
162,1.59855952635273,9,0.0799501
162,1.59855952635273,10,0.07964449
162,1.59855952635273,11,0.07957128
162,1.59855952635273,12,0.07974451
162,1.59855952635273,13,0.07939477
162,1.59855952635273,14,0.07961055
162,1.59855952635273,15,0.08002491
163,1.60893581957457,0,0.08018613
163,1.60893581957457,1,0.0799114
163,1.60893581957457,2,0.0798992
163,1.60893581957457,3,0.07965452
163,1.60893581957457,4,0.07968462
163,1.60893581957457,5,0.07969571
163,1.60893581957457,6,0.07953627
163,1.60893581957457,7,0.08000226
163,1.60893581957457,8,0.07965268
163,1.60893581957457,9,0.07962026
163,1.60893581957457,10,0.07979124
163,1.60893581957457,11,0.07991164
163,1.60893581957457,12,0.08004171
163,1.60893581957457,13,0.08000748
163,1.60893581957457,14,0.07982255
163,1.60893581957457,15,0.07972968
164,1.61809137241737,0,0.07976025
164,1.61809137241737,1,0.07933242
164,1.61809137241737,2,0.07953136
164,1.61809137241737,3,0.07953957
164,1.61809137241737,4,0.07964367
164,1.61809137241737,5,0.07965501
164,1.61809137241737,6,0.08011092
164,1.61809137241737,7,0.07981369
164,1.61809137241737,8,0.0798931
164,1.61809137241737,9,0.07985785
164,1.61809137241737,10,0.0797223
164,1.61809137241737,11,0.0799679
164,1.61809137241737,12,0.07981289
164,1.61809137241737,13,0.07990364
164,1.61809137241737,14,0.07976477
164,1.61809137241737,15,0.07963844
165,1.62907803582873,0,0.07962206
165,1.62907803582873,1,0.07967491
165,1.62907803582873,2,0.07956219
165,1.62907803582873,3,0.07936426
165,1.62907803582873,4,0.0791991
165,1.62907803582873,5,0.07939836
165,1.62907803582873,6,0.07955895
165,1.62907803582873,7,0.07953624
165,1.62907803582873,8,0.07977695
165,1.62907803582873,9,0.08010529
165,1.62907803582873,10,0.07994385
165,1.62907803582873,11,0.07983422
165,1.62907803582873,12,0.07970162
165,1.62907803582873,13,0.07980338
165,1.62907803582873,14,0.07994158
165,1.62907803582873,15,0.08002434
166,1.63884395886105,0,0.08006902
166,1.63884395886105,1,0.08034938
166,1.63884395886105,2,0.0802817
166,1.63884395886105,3,0.0802319
166,1.63884395886105,4,0.08005533
166,1.63884395886105,5,0.08007041
166,1.63884395886105,6,0.07988441
166,1.63884395886105,7,0.07969876
166,1.63884395886105,8,0.08015722
166,1.63884395886105,9,0.08016293
166,1.63884395886105,10,0.07994671
166,1.63884395886105,11,0.08012301
166,1.63884395886105,12,0.07997563
166,1.63884395886105,13,0.07987735
166,1.63884395886105,14,0.07996736
166,1.63884395886105,15,0.08029891
167,1.64860988189337,0,0.07994115
167,1.64860988189337,1,0.07980964
167,1.64860988189337,2,0.07956991
167,1.64860988189337,3,0.08001518
167,1.64860988189337,4,0.07998492
167,1.64860988189337,5,0.07992412
167,1.64860988189337,6,0.07971378
167,1.64860988189337,7,0.07987674
167,1.64860988189337,8,0.08022458
167,1.64860988189337,9,0.08018383
167,1.64860988189337,10,0.08032804
167,1.64860988189337,11,0.07991581
167,1.64860988189337,12,0.07992361
167,1.64860988189337,13,0.0800006
167,1.64860988189337,14,0.08009867
167,1.64860988189337,15,0.07980417
168,1.65776543473617,0,0.07982861
168,1.65776543473617,1,0.08009041
168,1.65776543473617,2,0.07997034
168,1.65776543473617,3,0.07970203
168,1.65776543473617,4,0.07968891
168,1.65776543473617,5,0.07956692
168,1.65776543473617,6,0.07972807
168,1.65776543473617,7,0.07994657
168,1.65776543473617,8,0.08026894
168,1.65776543473617,9,0.08014183
168,1.65776543473617,10,0.08009554
168,1.65776543473617,11,0.08062714
168,1.65776543473617,12,0.08031118
168,1.65776543473617,13,0.07993989
168,1.65776543473617,14,0.08014383
168,1.65776543473617,15,0.07985801
169,1.66875209814753,0,0.07998793
169,1.66875209814753,1,0.079969
169,1.66875209814753,2,0.08021159
169,1.66875209814753,3,0.08008258
169,1.66875209814753,4,0.08027215
169,1.66875209814753,5,0.08003478
169,1.66875209814753,6,0.08017546
169,1.66875209814753,7,0.08015458
169,1.66875209814753,8,0.08009569
169,1.66875209814753,9,0.08003762
169,1.66875209814753,10,0.08009139
169,1.66875209814753,11,0.08014561
169,1.66875209814753,12,0.08018649
169,1.66875209814753,13,0.08043841
169,1.66875209814753,14,0.07977729
169,1.66875209814753,15,0.08014216
170,1.67851802117985,0,0.07999646
170,1.67851802117985,1,0.07979302
170,1.67851802117985,2,0.07981863
170,1.67851802117985,3,0.07998841
170,1.67851802117985,4,0.07999805
170,1.67851802117985,5,0.07992411
170,1.67851802117985,6,0.0800974
170,1.67851802117985,7,0.07983381
170,1.67851802117985,8,0.07991669
170,1.67851802117985,9,0.07998812
170,1.67851802117985,10,0.08005299
170,1.67851802117985,11,0.08036481
170,1.67851802117985,12,0.08035783
170,1.67851802117985,13,0.08014435
170,1.67851802117985,14,0.08031611
170,1.67851802117985,15,0.08010196
171,1.6895046845912,0,0.08012932
171,1.6895046845912,1,0.07970557
171,1.6895046845912,2,0.07986889
171,1.6895046845912,3,0.08002909
171,1.6895046845912,4,0.08018433
171,1.6895046845912,5,0.08010423
171,1.6895046845912,6,0.07994547
171,1.6895046845912,7,0.08021954
171,1.6895046845912,8,0.079962
171,1.6895046845912,9,0.07992354
171,1.6895046845912,10,0.07985489
171,1.6895046845912,11,0.07990104
171,1.6895046845912,12,0.08006667
171,1.6895046845912,13,0.08011857
171,1.6895046845912,14,0.07991976
171,1.6895046845912,15,0.07997826
172,1.698660237434,0,0.0799472
172,1.698660237434,1,0.07981002
172,1.698660237434,2,0.07976279
172,1.698660237434,3,0.07991576
172,1.698660237434,4,0.07992366
172,1.698660237434,5,0.07981119
172,1.698660237434,6,0.07985973
172,1.698660237434,7,0.07971974
172,1.698660237434,8,0.07964821
172,1.698660237434,9,0.07994336
172,1.698660237434,10,0.08010124
172,1.698660237434,11,0.07980693
172,1.698660237434,12,0.07986587
172,1.698660237434,13,0.07992664
172,1.698660237434,14,0.07991648
172,1.698660237434,15,0.07980099
173,1.70842616046632,0,0.08013073
173,1.70842616046632,1,0.07999092
173,1.70842616046632,2,0.07994195
173,1.70842616046632,3,0.08001541
173,1.70842616046632,4,0.08000636
173,1.70842616046632,5,0.07989672
173,1.70842616046632,6,0.07977656
173,1.70842616046632,7,0.08006956
173,1.70842616046632,8,0.08005084
173,1.70842616046632,9,0.08030482
173,1.70842616046632,10,0.08019037
173,1.70842616046632,11,0.07998798
173,1.70842616046632,12,0.07995558
173,1.70842616046632,13,0.0798612
173,1.70842616046632,14,0.07984633
173,1.70842616046632,15,0.08003978
174,1.71880245368816,0,0.08000192
174,1.71880245368816,1,0.07986283
174,1.71880245368816,2,0.08020305
174,1.71880245368816,3,0.08000192
174,1.71880245368816,4,0.08016691
174,1.71880245368816,5,0.0798828
174,1.71880245368816,6,0.08008516
174,1.71880245368816,7,0.08018501
174,1.71880245368816,8,0.08005209
174,1.71880245368816,9,0.07990462
174,1.71880245368816,10,0.07993086
174,1.71880245368816,11,0.07982171
174,1.71880245368816,12,0.07990544
174,1.71880245368816,13,0.07978548
174,1.71880245368816,14,0.07994383
174,1.71880245368816,15,0.08000407
175,1.72856837672048,0,0.0801257
175,1.72856837672048,1,0.07990953
175,1.72856837672048,2,0.07983002
175,1.72856837672048,3,0.07986379
175,1.72856837672048,4,0.08030178
175,1.72856837672048,5,0.07981063
175,1.72856837672048,6,0.07989657
175,1.72856837672048,7,0.07994594
175,1.72856837672048,8,0.08010764
175,1.72856837672048,9,0.08008192
175,1.72856837672048,10,0.0800414
175,1.72856837672048,11,0.07996997
175,1.72856837672048,12,0.08013457
175,1.72856837672048,13,0.07996803
175,1.72856837672048,14,0.08009898
175,1.72856837672048,15,0.080291
176,1.73772392956328,0,0.08025251
176,1.73772392956328,1,0.08017319
176,1.73772392956328,2,0.07998952
176,1.73772392956328,3,0.08015446
176,1.73772392956328,4,0.07993802
176,1.73772392956328,5,0.08017182
176,1.73772392956328,6,0.08008806
176,1.73772392956328,7,0.07980916
176,1.73772392956328,8,0.07993037
176,1.73772392956328,9,0.08008653
176,1.73772392956328,10,0.07994155
176,1.73772392956328,11,0.07987117
176,1.73772392956328,12,0.07996536
176,1.73772392956328,13,0.0798149
176,1.73772392956328,14,0.07975132
176,1.73772392956328,15,0.0799706
177,1.74871059297464,0,0.08008083
177,1.74871059297464,1,0.07991486
177,1.74871059297464,2,0.07988253
177,1.74871059297464,3,0.07959544
177,1.74871059297464,4,0.08000265
177,1.74871059297464,5,0.07981622
177,1.74871059297464,6,0.07997411
177,1.74871059297464,7,0.07998742
177,1.74871059297464,8,0.080047
177,1.74871059297464,9,0.07992048
177,1.74871059297464,10,0.08021709
177,1.74871059297464,11,0.07990198
177,1.74871059297464,12,0.08011005
177,1.74871059297464,13,0.07998462
177,1.74871059297464,14,0.07979766
177,1.74871059297464,15,0.07991485
178,1.75786614581744,0,0.07977638
178,1.75786614581744,1,0.07985814
178,1.75786614581744,2,0.07969194
178,1.75786614581744,3,0.08001493
178,1.75786614581744,4,0.08024026
178,1.75786614581744,5,0.0800459
178,1.75786614581744,6,0.08010028
178,1.75786614581744,7,0.07997721
178,1.75786614581744,8,0.07988945
178,1.75786614581744,9,0.0800821
178,1.75786614581744,10,0.08024801
178,1.75786614581744,11,0.0800169
178,1.75786614581744,12,0.0798215
178,1.75786614581744,13,0.08000157
178,1.75786614581744,14,0.0797447
178,1.75786614581744,15,0.08001605
179,1.7688528092288,0,0.07990139
179,1.7688528092288,1,0.07972644
179,1.7688528092288,2,0.0800661
179,1.7688528092288,3,0.08003569
179,1.7688528092288,4,0.07961056
179,1.7688528092288,5,0.07991273
179,1.7688528092288,6,0.0798696
179,1.7688528092288,7,0.07993663
179,1.7688528092288,8,0.07994404
179,1.7688528092288,9,0.08020726
179,1.7688528092288,10,0.07991853
179,1.7688528092288,11,0.07990511
179,1.7688528092288,12,0.07997103
179,1.7688528092288,13,0.07969122
179,1.7688528092288,14,0.07961062
179,1.7688528092288,15,0.07995988
180,1.77861873226112,0,0.08026845
180,1.77861873226112,1,0.08036526
180,1.77861873226112,2,0.08042367
180,1.77861873226112,3,0.08016608
180,1.77861873226112,4,0.08000656
180,1.77861873226112,5,0.07998009
180,1.77861873226112,6,0.08019292
180,1.77861873226112,7,0.08008838
180,1.77861873226112,8,0.0798196
180,1.77861873226112,9,0.07997146
180,1.77861873226112,10,0.07991589
180,1.77861873226112,11,0.07988535
180,1.77861873226112,12,0.08028383
180,1.77861873226112,13,0.08036239
180,1.77861873226112,14,0.08012901
180,1.77861873226112,15,0.08015826
181,1.78838465529344,0,0.07992668
181,1.78838465529344,1,0.08006775
181,1.78838465529344,2,0.07987708
181,1.78838465529344,3,0.08015493
181,1.78838465529344,4,0.08007707
181,1.78838465529344,5,0.0801502
181,1.78838465529344,6,0.07974522
181,1.78838465529344,7,0.07982001
181,1.78838465529344,8,0.08011165
181,1.78838465529344,9,0.07990386
181,1.78838465529344,10,0.07996955
181,1.78838465529344,11,0.08017604
181,1.78838465529344,12,0.08021875
181,1.78838465529344,13,0.08003085
181,1.78838465529344,14,0.07996463
181,1.78838465529344,15,0.08004519
182,1.79876094851527,0,0.08008642
182,1.79876094851527,1,0.08017564
182,1.79876094851527,2,0.0799407
182,1.79876094851527,3,0.0798121
182,1.79876094851527,4,0.08000604
182,1.79876094851527,5,0.07989854
182,1.79876094851527,6,0.07976004
182,1.79876094851527,7,0.07999171
182,1.79876094851527,8,0.07987584
182,1.79876094851527,9,0.07979689
182,1.79876094851527,10,0.08002769
182,1.79876094851527,11,0.07991323
182,1.79876094851527,12,0.07992198
182,1.79876094851527,13,0.0798254
182,1.79876094851527,14,0.08017574
182,1.79876094851527,15,0.07981769
183,1.80791650135807,0,0.08024918
183,1.80791650135807,1,0.08020439
183,1.80791650135807,2,0.08000963
183,1.80791650135807,3,0.0804077
183,1.80791650135807,4,0.08010234
183,1.80791650135807,5,0.08028339
183,1.80791650135807,6,0.08020359
183,1.80791650135807,7,0.08026657
183,1.80791650135807,8,0.08019944
183,1.80791650135807,9,0.07986889
183,1.80791650135807,10,0.07985549
183,1.80791650135807,11,0.08003934
183,1.80791650135807,12,0.07985315
183,1.80791650135807,13,0.0801383
183,1.80791650135807,14,0.07979698
183,1.80791650135807,15,0.07969888
184,1.81890316476943,0,0.07998006
184,1.81890316476943,1,0.08027614
184,1.81890316476943,2,0.07991592
184,1.81890316476943,3,0.07956754
184,1.81890316476943,4,0.08002757
184,1.81890316476943,5,0.0797267
184,1.81890316476943,6,0.0801198
184,1.81890316476943,7,0.08024296
184,1.81890316476943,8,0.07996958
184,1.81890316476943,9,0.08015198
184,1.81890316476943,10,0.07983606
184,1.81890316476943,11,0.08011026
184,1.81890316476943,12,0.08008032
184,1.81890316476943,13,0.08025615
184,1.81890316476943,14,0.07986152
184,1.81890316476943,15,0.07993975
185,1.82805871761223,0,0.07983637
185,1.82805871761223,1,0.08011994
185,1.82805871761223,2,0.07991503
185,1.82805871761223,3,0.0800117
185,1.82805871761223,4,0.08022229
185,1.82805871761223,5,0.08035935
185,1.82805871761223,6,0.07989344
185,1.82805871761223,7,0.08006018
185,1.82805871761223,8,0.08024374
185,1.82805871761223,9,0.08038344
185,1.82805871761223,10,0.08024038
185,1.82805871761223,11,0.0799606
185,1.82805871761223,12,0.0799908
185,1.82805871761223,13,0.0800003
185,1.82805871761223,14,0.08011822
185,1.82805871761223,15,0.08000832
186,1.83843501083407,0,0.08002572
186,1.83843501083407,1,0.08043058
186,1.83843501083407,2,0.08038986
186,1.83843501083407,3,0.08015917
186,1.83843501083407,4,0.08022725
186,1.83843501083407,5,0.08011483
186,1.83843501083407,6,0.08017056
186,1.83843501083407,7,0.08026157
186,1.83843501083407,8,0.08004258
186,1.83843501083407,9,0.08005534
186,1.83843501083407,10,0.08016204
186,1.83843501083407,11,0.08022828
186,1.83843501083407,12,0.07987025
186,1.83843501083407,13,0.07994322
186,1.83843501083407,14,0.07986258
186,1.83843501083407,15,0.08000661
187,1.84820093386639,0,0.07986726
187,1.84820093386639,1,0.08012015
187,1.84820093386639,2,0.08004829
187,1.84820093386639,3,0.08013503
187,1.84820093386639,4,0.08005052
187,1.84820093386639,5,0.08007523
187,1.84820093386639,6,0.08005714
187,1.84820093386639,7,0.08001244
187,1.84820093386639,8,0.07991385
187,1.84820093386639,9,0.07994108
187,1.84820093386639,10,0.07989866
187,1.84820093386639,11,0.07996203
187,1.84820093386639,12,0.08012117
187,1.84820093386639,13,0.08010005
187,1.84820093386639,14,0.08012746
187,1.84820093386639,15,0.07990235
188,1.85857722708823,0,0.08015759
188,1.85857722708823,1,0.08004169
188,1.85857722708823,2,0.08012229
188,1.85857722708823,3,0.08010262
188,1.85857722708823,4,0.08024096
188,1.85857722708823,5,0.08025945
188,1.85857722708823,6,0.08014125
188,1.85857722708823,7,0.08034352
188,1.85857722708823,8,0.08032663
188,1.85857722708823,9,0.08034436
188,1.85857722708823,10,0.08044062
188,1.85857722708823,11,0.08025231
188,1.85857722708823,12,0.08012104
188,1.85857722708823,13,0.08017813
188,1.85857722708823,14,0.07992579
188,1.85857722708823,15,0.07991641
189,1.86712240974151,0,0.08017138
189,1.86712240974151,1,0.08040383
189,1.86712240974151,2,0.0800847
189,1.86712240974151,3,0.0802846
189,1.86712240974151,4,0.08018346
189,1.86712240974151,5,0.08028205
189,1.86712240974151,6,0.08027445
189,1.86712240974151,7,0.0801118
189,1.86712240974151,8,0.08049946
189,1.86712240974151,9,0.08038892
189,1.86712240974151,10,0.08020525
189,1.86712240974151,11,0.08020666
189,1.86712240974151,12,0.07994948
189,1.86712240974151,13,0.08004777
189,1.86712240974151,14,0.08002288
189,1.86712240974151,15,0.08008914
190,1.87871944334239,0,0.08066763
190,1.87871944334239,1,0.08046792
190,1.87871944334239,2,0.08061208
190,1.87871944334239,3,0.08032968
190,1.87871944334239,4,0.08007526
190,1.87871944334239,5,0.08041338
190,1.87871944334239,6,0.08024769
190,1.87871944334239,7,0.08038525
190,1.87871944334239,8,0.08021186
190,1.87871944334239,9,0.08008583
190,1.87871944334239,10,0.08043053
190,1.87871944334239,11,0.08042365
190,1.87871944334239,12,0.08038949
190,1.87871944334239,13,0.08044125
190,1.87871944334239,14,0.08052021
190,1.87871944334239,15,0.08036615
191,1.88848536637471,0,0.0802347
191,1.88848536637471,1,0.08043179
191,1.88848536637471,2,0.0802692
191,1.88848536637471,3,0.08021227
191,1.88848536637471,4,0.08023883
191,1.88848536637471,5,0.08001161
191,1.88848536637471,6,0.0797336
191,1.88848536637471,7,0.0799906
191,1.88848536637471,8,0.07982178
191,1.88848536637471,9,0.07972288
191,1.88848536637471,10,0.07985515
191,1.88848536637471,11,0.07978846
191,1.88848536637471,12,0.07992007
191,1.88848536637471,13,0.08006156
191,1.88848536637471,14,0.08017696
191,1.88848536637471,15,0.08018005
192,1.89825128940703,0,0.07994895
192,1.89825128940703,1,0.08012866
192,1.89825128940703,2,0.08009029
192,1.89825128940703,3,0.08000318
192,1.89825128940703,4,0.07996441
192,1.89825128940703,5,0.08013795
192,1.89825128940703,6,0.08008961
192,1.89825128940703,7,0.08002107
192,1.89825128940703,8,0.07996745
192,1.89825128940703,9,0.07983709
192,1.89825128940703,10,0.0797881
192,1.89825128940703,11,0.07975032
192,1.89825128940703,12,0.08015987
192,1.89825128940703,13,0.08025081
192,1.89825128940703,14,0.08018053
192,1.89825128940703,15,0.07990743
193,1.90862758262886,0,0.08001179
193,1.90862758262886,1,0.08011235
193,1.90862758262886,2,0.08005112
193,1.90862758262886,3,0.07996183
193,1.90862758262886,4,0.08008849
193,1.90862758262886,5,0.07994078
193,1.90862758262886,6,0.08047323
193,1.90862758262886,7,0.08019883
193,1.90862758262886,8,0.08037651
193,1.90862758262886,9,0.08051533
193,1.90862758262886,10,0.08051991
193,1.90862758262886,11,0.08055066
193,1.90862758262886,12,0.0803769
193,1.90862758262886,13,0.08009767
193,1.90862758262886,14,0.08036633
193,1.90862758262886,15,0.0803771
194,1.91839350566118,0,0.08025974
194,1.91839350566118,1,0.08006532
194,1.91839350566118,2,0.08002626
194,1.91839350566118,3,0.08027195
194,1.91839350566118,4,0.08004766
194,1.91839350566118,5,0.08012126
194,1.91839350566118,6,0.08021326
194,1.91839350566118,7,0.08026874
194,1.91839350566118,8,0.08055064
194,1.91839350566118,9,0.08016646
194,1.91839350566118,10,0.08023275
194,1.91839350566118,11,0.08017842
194,1.91839350566118,12,0.08029638
194,1.91839350566118,13,0.0799848
194,1.91839350566118,14,0.0802661
194,1.91839350566118,15,0.08018005
195,1.92876979888302,0,0.07987507
195,1.92876979888302,1,0.08014446
195,1.92876979888302,2,0.08002377
195,1.92876979888302,3,0.0802729
195,1.92876979888302,4,0.08012203
195,1.92876979888302,5,0.08023594
195,1.92876979888302,6,0.08042566
195,1.92876979888302,7,0.08020749
195,1.92876979888302,8,0.08007091
195,1.92876979888302,9,0.08018062
195,1.92876979888302,10,0.08005496
195,1.92876979888302,11,0.07994846
195,1.92876979888302,12,0.0801826
195,1.92876979888302,13,0.0800999
195,1.92876979888302,14,0.0802048
195,1.92876979888302,15,0.08031109
196,1.93853572191534,0,0.08018154
196,1.93853572191534,1,0.08017988
196,1.93853572191534,2,0.08014724
196,1.93853572191534,3,0.08010721
196,1.93853572191534,4,0.08010104
196,1.93853572191534,5,0.07979401
196,1.93853572191534,6,0.08000963
196,1.93853572191534,7,0.08008145
196,1.93853572191534,8,0.07985279
196,1.93853572191534,9,0.08025561
196,1.93853572191534,10,0.08029392
196,1.93853572191534,11,0.08000147
196,1.93853572191534,12,0.07996988
196,1.93853572191534,13,0.08017749
196,1.93853572191534,14,0.08018913
196,1.93853572191534,15,0.08035187
197,1.94830164494766,0,0.07998626
197,1.94830164494766,1,0.08019137
197,1.94830164494766,2,0.08036202
197,1.94830164494766,3,0.08006394
197,1.94830164494766,4,0.07994884
197,1.94830164494766,5,0.08034791
197,1.94830164494766,6,0.08019195
197,1.94830164494766,7,0.08036948
197,1.94830164494766,8,0.08033516
197,1.94830164494766,9,0.08026584
197,1.94830164494766,10,0.0797978
197,1.94830164494766,11,0.08005943
197,1.94830164494766,12,0.08024459
197,1.94830164494766,13,0.08041381
197,1.94830164494766,14,0.08011235
197,1.94830164494766,15,0.08059467
198,1.95806756797998,0,0.08020133
198,1.95806756797998,1,0.08043956
198,1.95806756797998,2,0.08050758
198,1.95806756797998,3,0.08042195
198,1.95806756797998,4,0.08046508
198,1.95806756797998,5,0.08053565
198,1.95806756797998,6,0.08043928
198,1.95806756797998,7,0.08077969
198,1.95806756797998,8,0.08033165
198,1.95806756797998,9,0.08022585
198,1.95806756797998,10,0.08029366
198,1.95806756797998,11,0.08029452
198,1.95806756797998,12,0.08035918
198,1.95806756797998,13,0.08025231
198,1.95806756797998,14,0.08016829
198,1.95806756797998,15,0.08052484
199,1.9678334910123,0,0.08036245
199,1.9678334910123,1,0.0803544
199,1.9678334910123,2,0.08028503
199,1.9678334910123,3,0.08004473
199,1.9678334910123,4,0.08037966
199,1.9678334910123,5,0.08040038
199,1.9678334910123,6,0.08042907
199,1.9678334910123,7,0.08051176
199,1.9678334910123,8,0.08071665
199,1.9678334910123,9,0.08083757
199,1.9678334910123,10,0.08046734
199,1.9678334910123,11,0.08039557
199,1.9678334910123,12,0.08056249
199,1.9678334910123,13,0.08041461
199,1.9678334910123,14,0.08054141
199,1.9678334910123,15,0.08069729
200,1.97759941404462,0,0.08054468
200,1.97759941404462,1,0.08030014
200,1.97759941404462,2,0.08042341
200,1.97759941404462,3,0.08036222
200,1.97759941404462,4,0.08016921
200,1.97759941404462,5,0.08035382
200,1.97759941404462,6,0.08009098
200,1.97759941404462,7,0.08001674
200,1.97759941404462,8,0.08035746
200,1.97759941404462,9,0.08024144
200,1.97759941404462,10,0.08024377
200,1.97759941404462,11,0.08031571
200,1.97759941404462,12,0.08033435
200,1.97759941404462,13,0.0804321
200,1.97759941404462,14,0.08037651
200,1.97759941404462,15,0.08030163
