pos_index,position,sample_index,voltage
0,1.48991363261818,0,0.07139587
0,1.48991363261818,1,0.07119394
0,1.48991363261818,2,0.07117581
0,1.48991363261818,3,0.07158463
0,1.48991363261818,4,0.07143822
0,1.48991363261818,5,0.07150144
0,1.48991363261818,6,0.07135059
0,1.48991363261818,7,0.07154059
0,1.48991363261818,8,0.07157849
0,1.48991363261818,9,0.07153668
0,1.48991363261818,10,0.07164537
0,1.48991363261818,11,0.07132972
1,1.48991363261818,0,0.07155535
1,1.48991363261818,1,0.07140641
1,1.48991363261818,2,0.07138386
1,1.48991363261818,3,0.07124627
1,1.48991363261818,4,0.07114842
1,1.48991363261818,5,0.07101429
1,1.48991363261818,6,0.07127498
1,1.48991363261818,7,0.07130106
1,1.48991363261818,8,0.07133368
1,1.48991363261818,9,0.07107425
1,1.48991363261818,10,0.0709925
1,1.48991363261818,11,0.07129129
1,1.48991363261818,12,0.07154626
1,1.48991363261818,13,0.07137311
1,1.48991363261818,14,0.07159238
1,1.48991363261818,15,0.07141151
2,1.50028992584002,0,0.07105192
2,1.50028992584002,1,0.07133941
2,1.50028992584002,2,0.0711163
2,1.50028992584002,3,0.07135537
2,1.50028992584002,4,0.07134425
2,1.50028992584002,5,0.07125729
2,1.50028992584002,6,0.0713683
2,1.50028992584002,7,0.07163662
2,1.50028992584002,8,0.07133494
2,1.50028992584002,9,0.07146104
2,1.50028992584002,10,0.07130965
2,1.50028992584002,11,0.07128736
2,1.50028992584002,12,0.0713674
2,1.50028992584002,13,0.0710065
2,1.50028992584002,14,0.07119223
2,1.50028992584002,15,0.07111723
3,1.51005584887234,0,0.07106015
3,1.51005584887234,1,0.07119177
3,1.51005584887234,2,0.07102288
3,1.51005584887234,3,0.07124726
3,1.51005584887234,4,0.07118971
3,1.51005584887234,5,0.07133719
3,1.51005584887234,6,0.07137815
3,1.51005584887234,7,0.07157627
3,1.51005584887234,8,0.07121986
3,1.51005584887234,9,0.07145192
3,1.51005584887234,10,0.07166339
3,1.51005584887234,11,0.07158485
3,1.51005584887234,12,0.0711722
3,1.51005584887234,13,0.0714029
3,1.51005584887234,14,0.07113607
3,1.51005584887234,15,0.07118018
4,1.52043214209418,0,0.07141513
4,1.52043214209418,1,0.07125591
4,1.52043214209418,2,0.07129961
4,1.52043214209418,3,0.07107902
4,1.52043214209418,4,0.07143309
4,1.52043214209418,5,0.07134127
4,1.52043214209418,6,0.07121767
4,1.52043214209418,7,0.07108068
4,1.52043214209418,8,0.07128309
4,1.52043214209418,9,0.07125577
4,1.52043214209418,10,0.07101423
4,1.52043214209418,11,0.07139806
4,1.52043214209418,12,0.07121677
4,1.52043214209418,13,0.07132475
4,1.52043214209418,14,0.07150502
4,1.52043214209418,15,0.07120035
5,1.52958769493698,0,0.07134678
5,1.52958769493698,1,0.07112676
5,1.52958769493698,2,0.07120855
5,1.52958769493698,3,0.07151153
5,1.52958769493698,4,0.0716233
5,1.52958769493698,5,0.07148896
5,1.52958769493698,6,0.07148639
5,1.52958769493698,7,0.07165078
5,1.52958769493698,8,0.07159509
5,1.52958769493698,9,0.07167564
5,1.52958769493698,10,0.07158626
5,1.52958769493698,11,0.07149017
5,1.52958769493698,12,0.07131613
5,1.52958769493698,13,0.07137328
5,1.52958769493698,14,0.0713219
5,1.52958769493698,15,0.07152574
6,1.53996398815882,0,0.07135442
6,1.53996398815882,1,0.07142004
6,1.53996398815882,2,0.07125783
6,1.53996398815882,3,0.07144985
6,1.53996398815882,4,0.07144862
6,1.53996398815882,5,0.07140428
6,1.53996398815882,6,0.07153955
6,1.53996398815882,7,0.07117898
6,1.53996398815882,8,0.07130656
6,1.53996398815882,9,0.07148167
6,1.53996398815882,10,0.07135544
6,1.53996398815882,11,0.07146192
6,1.53996398815882,12,0.07130189
6,1.53996398815882,13,0.07131152
6,1.53996398815882,14,0.0713701
6,1.53996398815882,15,0.07140511
7,1.54972991119114,0,0.07100666
7,1.54972991119114,1,0.07122757
7,1.54972991119114,2,0.07114726
7,1.54972991119114,3,0.07086435
7,1.54972991119114,4,0.07123788
7,1.54972991119114,5,0.07085756
7,1.54972991119114,6,0.0709364
7,1.54972991119114,7,0.07098044
7,1.54972991119114,8,0.07111368
7,1.54972991119114,9,0.07148387
7,1.54972991119114,10,0.07109812
7,1.54972991119114,11,0.07089962
7,1.54972991119114,12,0.0715783
7,1.54972991119114,13,0.07122499
7,1.54972991119114,14,0.07112966
7,1.54972991119114,15,0.07134974
8,1.55949583422346,0,0.07114311
8,1.55949583422346,1,0.07098016
8,1.55949583422346,2,0.07097294
8,1.55949583422346,3,0.07128539
8,1.55949583422346,4,0.07140248
8,1.55949583422346,5,0.07145499
8,1.55949583422346,6,0.07097122
8,1.55949583422346,7,0.07126903
8,1.55949583422346,8,0.07118399
8,1.55949583422346,9,0.07105228
8,1.55949583422346,10,0.0709332
8,1.55949583422346,11,0.07092496
8,1.55949583422346,12,0.07130177
8,1.55949583422346,13,0.0709634
8,1.55949583422346,14,0.0711006
8,1.55949583422346,15,0.07122063
9,1.5698721274453,0,0.07095733
9,1.5698721274453,1,0.07139859
9,1.5698721274453,2,0.07111756
9,1.5698721274453,3,0.07120207
9,1.5698721274453,4,0.07104814
9,1.5698721274453,5,0.0712458
9,1.5698721274453,6,0.0708973
9,1.5698721274453,7,0.07060821
9,1.5698721274453,8,0.07075083
9,1.5698721274453,9,0.07085901
9,1.5698721274453,10,0.07069603
9,1.5698721274453,11,0.07102255
9,1.5698721274453,12,0.07103691
9,1.5698721274453,13,0.07093839
9,1.5698721274453,14,0.07123764
9,1.5698721274453,15,0.07105844
10,1.58024842066713,0,0.07122128
10,1.58024842066713,1,0.07125355
10,1.58024842066713,2,0.07117562
10,1.58024842066713,3,0.07130884
10,1.58024842066713,4,0.07106596
10,1.58024842066713,5,0.07082731
10,1.58024842066713,6,0.07085481
10,1.58024842066713,7,0.07086714
10,1.58024842066713,8,0.07093931
10,1.58024842066713,9,0.07094242
10,1.58024842066713,10,0.07108755
10,1.58024842066713,11,0.07086358
10,1.58024842066713,12,0.07123533
10,1.58024842066713,13,0.07101524
10,1.58024842066713,14,0.07105985
10,1.58024842066713,15,0.07085124
11,1.58940397350993,0,0.07134819
11,1.58940397350993,1,0.07101569
11,1.58940397350993,2,0.07099938
11,1.58940397350993,3,0.07138538
11,1.58940397350993,4,0.07120367
11,1.58940397350993,5,0.07116894
11,1.58940397350993,6,0.07090188
11,1.58940397350993,7,0.07114366
11,1.58940397350993,8,0.07117718
11,1.58940397350993,9,0.07117958
11,1.58940397350993,10,0.07116548
11,1.58940397350993,11,0.07126463
11,1.58940397350993,12,0.07097935
11,1.58940397350993,13,0.07131428
11,1.58940397350993,14,0.07123142
11,1.58940397350993,15,0.0711711
12,1.60039063692129,0,0.07145752
12,1.60039063692129,1,0.07148279
12,1.60039063692129,2,0.0712084
12,1.60039063692129,3,0.0712316
12,1.60039063692129,4,0.07149804
12,1.60039063692129,5,0.07136578
12,1.60039063692129,6,0.07151099
12,1.60039063692129,7,0.07149637
12,1.60039063692129,8,0.07124443
12,1.60039063692129,9,0.07121991
12,1.60039063692129,10,0.07129578
12,1.60039063692129,11,0.07107115
12,1.60039063692129,12,0.07090589
12,1.60039063692129,13,0.07098513
12,1.60039063692129,14,0.07120423
12,1.60039063692129,15,0.07109147
13,1.60954618976409,0,0.07081712
13,1.60954618976409,1,0.07124054
13,1.60954618976409,2,0.07109728
13,1.60954618976409,3,0.07117842
13,1.60954618976409,4,0.07122301
13,1.60954618976409,5,0.07104138
13,1.60954618976409,6,0.07103791
13,1.60954618976409,7,0.07097659
13,1.60954618976409,8,0.07100088
13,1.60954618976409,9,0.07098769
13,1.60954618976409,10,0.07084104
13,1.60954618976409,11,0.07097016
13,1.60954618976409,12,0.07090162
13,1.60954618976409,13,0.07115408
13,1.60954618976409,14,0.07132765
13,1.60954618976409,15,0.07081652
14,1.61931211279641,0,0.07125518
14,1.61931211279641,1,0.0714805
14,1.61931211279641,2,0.071394
14,1.61931211279641,3,0.07135789
14,1.61931211279641,4,0.07136017
14,1.61931211279641,5,0.07129078
14,1.61931211279641,6,0.07118528
14,1.61931211279641,7,0.0715258
14,1.61931211279641,8,0.07145306
14,1.61931211279641,9,0.07115836
14,1.61931211279641,10,0.07105937
14,1.61931211279641,11,0.07126113
14,1.61931211279641,12,0.07126635
14,1.61931211279641,13,0.07122234
14,1.61931211279641,14,0.07131317
14,1.61931211279641,15,0.07140633
15,1.63029877620777,0,0.07124123
15,1.63029877620777,1,0.07102834
15,1.63029877620777,2,0.07091912
15,1.63029877620777,3,0.07097609
15,1.63029877620777,4,0.07099666
15,1.63029877620777,5,0.07137839
15,1.63029877620777,6,0.07096891
15,1.63029877620777,7,0.07080036
15,1.63029877620777,8,0.07102466
15,1.63029877620777,9,0.07088055
15,1.63029877620777,10,0.07121013
15,1.63029877620777,11,0.07129169
15,1.63029877620777,12,0.0711559
15,1.63029877620777,13,0.07122158
15,1.63029877620777,14,0.07099571
15,1.63029877620777,15,0.07110607
16,1.64006469924009,0,0.07095446
16,1.64006469924009,1,0.07120142
16,1.64006469924009,2,0.07094292
16,1.64006469924009,3,0.0708566
16,1.64006469924009,4,0.07106329
16,1.64006469924009,5,0.07137551
16,1.64006469924009,6,0.07113155
16,1.64006469924009,7,0.07119241
16,1.64006469924009,8,0.07116348
16,1.64006469924009,9,0.07127726
16,1.64006469924009,10,0.07122406
16,1.64006469924009,11,0.07139479
16,1.64006469924009,12,0.07127327
16,1.64006469924009,13,0.07099391
16,1.64006469924009,14,0.07133343
16,1.64006469924009,15,0.07101779
17,1.64983062227241,0,0.07117541
17,1.64983062227241,1,0.07107401
17,1.64983062227241,2,0.07099305
17,1.64983062227241,3,0.07103015
17,1.64983062227241,4,0.07096319
17,1.64983062227241,5,0.07100948
17,1.64983062227241,6,0.07114218
17,1.64983062227241,7,0.07125068
17,1.64983062227241,8,0.07124637
17,1.64983062227241,9,0.07116108
17,1.64983062227241,10,0.07117391
17,1.64983062227241,11,0.0710637
17,1.64983062227241,12,0.07123674
17,1.64983062227241,13,0.07117672
17,1.64983062227241,14,0.07141759
17,1.64983062227241,15,0.07113071
18,1.66020691549425,0,0.07106857
18,1.66020691549425,1,0.07092229
18,1.66020691549425,2,0.07110868
18,1.66020691549425,3,0.0712219
18,1.66020691549425,4,0.07094082
18,1.66020691549425,5,0.0710094
18,1.66020691549425,6,0.07103084
18,1.66020691549425,7,0.07108127
18,1.66020691549425,8,0.07094894
18,1.66020691549425,9,0.07118279
18,1.66020691549425,10,0.07117627
18,1.66020691549425,11,0.07087356
18,1.66020691549425,12,0.07094955
18,1.66020691549425,13,0.07110029
18,1.66020691549425,14,0.07101158
18,1.66020691549425,15,0.07109669
19,1.66997283852657,0,0.07116196
19,1.66997283852657,1,0.07100942
19,1.66997283852657,2,0.07122985
19,1.66997283852657,3,0.07114609
19,1.66997283852657,4,0.07112888
19,1.66997283852657,5,0.07122222
19,1.66997283852657,6,0.07135076
19,1.66997283852657,7,0.07118256
19,1.66997283852657,8,0.07107455
19,1.66997283852657,9,0.07107124
19,1.66997283852657,10,0.07116372
19,1.66997283852657,11,0.07127508
19,1.66997283852657,12,0.07090422
19,1.66997283852657,13,0.07097299
19,1.66997283852657,14,0.07119558
19,1.66997283852657,15,0.07131489
20,1.67973876155889,0,0.07126836
20,1.67973876155889,1,0.07121161
20,1.67973876155889,2,0.07134554
20,1.67973876155889,3,0.07111023
20,1.67973876155889,4,0.07115951
20,1.67973876155889,5,0.07134503
20,1.67973876155889,6,0.07102902
20,1.67973876155889,7,0.07121983
20,1.67973876155889,8,0.07105217
20,1.67973876155889,9,0.07132586
20,1.67973876155889,10,0.07114928
20,1.67973876155889,11,0.07139371
20,1.67973876155889,12,0.0712282
20,1.67973876155889,13,0.07107529
20,1.67973876155889,14,0.07139678
20,1.67973876155889,15,0.07154991
21,1.69072542497024,0,0.07174875
21,1.69072542497024,1,0.071323
21,1.69072542497024,2,0.07135947
21,1.69072542497024,3,0.07160407
21,1.69072542497024,4,0.071838
21,1.69072542497024,5,0.07172528
21,1.69072542497024,6,0.07186986
21,1.69072542497024,7,0.07189383
21,1.69072542497024,8,0.07187001
21,1.69072542497024,9,0.07193669
21,1.69072542497024,10,0.07163263
21,1.69072542497024,11,0.07162765
21,1.69072542497024,12,0.07172144
21,1.69072542497024,13,0.07148333
21,1.69072542497024,14,0.07164419
21,1.69072542497024,15,0.07150121
22,1.69988097781304,0,0.07160182
22,1.69988097781304,1,0.07162098
22,1.69988097781304,2,0.07174031
22,1.69988097781304,3,0.07172352
22,1.69988097781304,4,0.07155678
22,1.69988097781304,5,0.07172044
22,1.69988097781304,6,0.07167627
22,1.69988097781304,7,0.0717333
22,1.69988097781304,8,0.07190368
22,1.69988097781304,9,0.07194003
22,1.69988097781304,10,0.0716691
22,1.69988097781304,11,0.07200743
22,1.69988097781304,12,0.07186965
22,1.69988097781304,13,0.07202645
22,1.69988097781304,14,0.07200375
22,1.69988097781304,15,0.07213476
23,1.71025727103488,0,0.07207485
23,1.71025727103488,1,0.07182489
23,1.71025727103488,2,0.07216059
23,1.71025727103488,3,0.07222996
23,1.71025727103488,4,0.07198252
23,1.71025727103488,5,0.07183972
23,1.71025727103488,6,0.07203028
23,1.71025727103488,7,0.07203172
23,1.71025727103488,8,0.07217725
23,1.71025727103488,9,0.07205492
23,1.71025727103488,10,0.072156
23,1.71025727103488,11,0.07206989
23,1.71025727103488,12,0.07239028
23,1.71025727103488,13,0.07211152
23,1.71025727103488,14,0.07224187
23,1.71025727103488,15,0.07223111
24,1.7200231940672,0,0.07196397
24,1.7200231940672,1,0.07208924
24,1.7200231940672,2,0.07248537
24,1.7200231940672,3,0.07184281
24,1.7200231940672,4,0.07206322
24,1.7200231940672,5,0.07204464
24,1.7200231940672,6,0.07207864
24,1.7200231940672,7,0.07190756
24,1.7200231940672,8,0.07212398
24,1.7200231940672,9,0.07220295
24,1.7200231940672,10,0.07240703
24,1.7200231940672,11,0.07225098
24,1.7200231940672,12,0.07205059
24,1.7200231940672,13,0.07204966
24,1.7200231940672,14,0.07222477
24,1.7200231940672,15,0.07220147
25,1.73039948728904,0,0.07220177
25,1.73039948728904,1,0.07242645
25,1.73039948728904,2,0.07224246
25,1.73039948728904,3,0.07240131
25,1.73039948728904,4,0.07214135
25,1.73039948728904,5,0.07234159
25,1.73039948728904,6,0.07243112
25,1.73039948728904,7,0.0723252
25,1.73039948728904,8,0.07210671
25,1.73039948728904,9,0.07233734
25,1.73039948728904,10,0.07223549
25,1.73039948728904,11,0.07209328
25,1.73039948728904,12,0.07228116
25,1.73039948728904,13,0.07239383
25,1.73039948728904,14,0.07199971
25,1.73039948728904,15,0.07210726
26,1.73955504013184,0,0.07227234
26,1.73955504013184,1,0.07224939
26,1.73955504013184,2,0.07225649
26,1.73955504013184,3,0.07233871
26,1.73955504013184,4,0.07219367
26,1.73955504013184,5,0.07213832
26,1.73955504013184,6,0.0719697
26,1.73955504013184,7,0.07209719
26,1.73955504013184,8,0.07213131
26,1.73955504013184,9,0.07216102
26,1.73955504013184,10,0.07223745
26,1.73955504013184,11,0.07203844
26,1.73955504013184,12,0.07220381
26,1.73955504013184,13,0.07235232
26,1.73955504013184,14,0.07223991
26,1.73955504013184,15,0.0724683
27,1.74932096316416,0,0.07217177
27,1.74932096316416,1,0.07222196
27,1.74932096316416,2,0.07225749
27,1.74932096316416,3,0.07226153
27,1.74932096316416,4,0.0721491
27,1.74932096316416,5,0.07243372
27,1.74932096316416,6,0.07237983
27,1.74932096316416,7,0.07246084
27,1.74932096316416,8,0.07264078
27,1.74932096316416,9,0.07240843
27,1.74932096316416,10,0.07213227
27,1.74932096316416,11,0.072327
27,1.74932096316416,12,0.07242235
27,1.74932096316416,13,0.07256973
27,1.74932096316416,14,0.07265597
27,1.74932096316416,15,0.07222123
28,1.759697256386,0,0.07197951
28,1.759697256386,1,0.07161208
28,1.759697256386,2,0.0719511
28,1.759697256386,3,0.07192611
28,1.759697256386,4,0.0717093
28,1.759697256386,5,0.07210273
28,1.759697256386,6,0.07179901
28,1.759697256386,7,0.07198805
28,1.759697256386,8,0.07181226
28,1.759697256386,9,0.07193468
28,1.759697256386,10,0.07179736
28,1.759697256386,11,0.07173959
28,1.759697256386,12,0.07161521
28,1.759697256386,13,0.07202645
28,1.759697256386,14,0.07195022
28,1.759697256386,15,0.07123012
29,1.76946317941832,0,0.07180014
29,1.76946317941832,1,0.07201965
29,1.76946317941832,2,0.07220311
29,1.76946317941832,3,0.07202637
29,1.76946317941832,4,0.07185634
29,1.76946317941832,5,0.07169399
29,1.76946317941832,6,0.07182526
29,1.76946317941832,7,0.07199863
29,1.76946317941832,8,0.07191919
29,1.76946317941832,9,0.07192115
29,1.76946317941832,10,0.07202166
29,1.76946317941832,11,0.07212179
29,1.76946317941832,12,0.07228035
29,1.76946317941832,13,0.0722385
29,1.76946317941832,14,0.07233613
29,1.76946317941832,15,0.07220653
30,1.77983947264016,0,0.0721237
30,1.77983947264016,1,0.07215975
30,1.77983947264016,2,0.07201026
30,1.77983947264016,3,0.07207089
30,1.77983947264016,4,0.07200998
30,1.77983947264016,5,0.07216487
30,1.77983947264016,6,0.07189229
30,1.77983947264016,7,0.07224292
30,1.77983947264016,8,0.07228711
30,1.77983947264016,9,0.07239398
30,1.77983947264016,10,0.07241415
30,1.77983947264016,11,0.07215648
30,1.77983947264016,12,0.0722044
30,1.77983947264016,13,0.07245702
30,1.77983947264016,14,0.07255191
30,1.77983947264016,15,0.07223471
31,1.790215765862,0,0.07250071
31,1.790215765862,1,0.07268555
31,1.790215765862,2,0.0725346
31,1.790215765862,3,0.07265481
31,1.790215765862,4,0.07248715
31,1.790215765862,5,0.07248311
31,1.790215765862,6,0.07265291
31,1.790215765862,7,0.07269301
31,1.790215765862,8,0.07265306
31,1.790215765862,9,0.07261267
31,1.790215765862,10,0.07230235
31,1.790215765862,11,0.07252256
31,1.790215765862,12,0.07259455
31,1.790215765862,13,0.0727491
31,1.790215765862,14,0.07249027
31,1.790215765862,15,0.07271936
32,1.79998168889431,0,0.07250278
32,1.79998168889431,1,0.07297312
32,1.79998168889431,2,0.07273459
32,1.79998168889431,3,0.07291546
32,1.79998168889431,4,0.07298061
32,1.79998168889431,5,0.07275703
32,1.79998168889431,6,0.0728133
32,1.79998168889431,7,0.07271202
32,1.79998168889431,8,0.07270686
32,1.79998168889431,9,0.07249466
32,1.79998168889431,10,0.07251527
32,1.79998168889431,11,0.07250606
32,1.79998168889431,12,0.07267634
32,1.79998168889431,13,0.07293611
32,1.79998168889431,14,0.07272908
32,1.79998168889431,15,0.07281095
33,1.81035798211615,0,0.07297401
33,1.81035798211615,1,0.07289924
33,1.81035798211615,2,0.0727691
33,1.81035798211615,3,0.07296722
33,1.81035798211615,4,0.07293067
33,1.81035798211615,5,0.07298376
33,1.81035798211615,6,0.0728971
33,1.81035798211615,7,0.07294213
33,1.81035798211615,8,0.07294332
33,1.81035798211615,9,0.07292252
33,1.81035798211615,10,0.07283527
33,1.81035798211615,11,0.07282197
33,1.81035798211615,12,0.07275862
33,1.81035798211615,13,0.07290989
33,1.81035798211615,14,0.07266875
33,1.81035798211615,15,0.07279776
34,1.82012390514847,0,0.07276493
34,1.82012390514847,1,0.07284091
34,1.82012390514847,2,0.07259405
34,1.82012390514847,3,0.07284249
34,1.82012390514847,4,0.07278703
34,1.82012390514847,5,0.07290733
34,1.82012390514847,6,0.07290196
34,1.82012390514847,7,0.07274964
34,1.82012390514847,8,0.0729921
34,1.82012390514847,9,0.07299228
34,1.82012390514847,10,0.07306457
34,1.82012390514847,11,0.07308363
34,1.82012390514847,12,0.07294149
34,1.82012390514847,13,0.07303834
34,1.82012390514847,14,0.07282486
34,1.82012390514847,15,0.07303007
35,1.82988982818079,0,0.07306162
35,1.82988982818079,1,0.07298376
35,1.82988982818079,2,0.07288022
35,1.82988982818079,3,0.07284213
35,1.82988982818079,4,0.07302615
35,1.82988982818079,5,0.0729837
35,1.82988982818079,6,0.07289764
35,1.82988982818079,7,0.07308228
35,1.82988982818079,8,0.07310703
35,1.82988982818079,9,0.07306933
35,1.82988982818079,10,0.07304318
35,1.82988982818079,11,0.07301027
35,1.82988982818079,12,0.07305962
35,1.82988982818079,13,0.0729585
35,1.82988982818079,14,0.07330632
35,1.82988982818079,15,0.0730878
36,1.84026612140263,0,0.07281621
36,1.84026612140263,1,0.07282472
36,1.84026612140263,2,0.07296579
36,1.84026612140263,3,0.07313206
36,1.84026612140263,4,0.07312642
36,1.84026612140263,5,0.07317999
36,1.84026612140263,6,0.07293742
36,1.84026612140263,7,0.07289389
36,1.84026612140263,8,0.07307857
36,1.84026612140263,9,0.07279745
36,1.84026612140263,10,0.07290062
36,1.84026612140263,11,0.07290328
36,1.84026612140263,12,0.07302707
36,1.84026612140263,13,0.07295626
36,1.84026612140263,14,0.07289966
36,1.84026612140263,15,0.07307544
37,1.85003204443495,0,0.0729085
37,1.85003204443495,1,0.07299305
37,1.85003204443495,2,0.07302275
37,1.85003204443495,3,0.07302014
37,1.85003204443495,4,0.07289898
37,1.85003204443495,5,0.07278913
37,1.85003204443495,6,0.0731359
37,1.85003204443495,7,0.07319804
37,1.85003204443495,8,0.07286174
37,1.85003204443495,9,0.07344337
37,1.85003204443495,10,0.07282043
37,1.85003204443495,11,0.07276628
37,1.85003204443495,12,0.07308578
37,1.85003204443495,13,0.0730097
37,1.85003204443495,14,0.07308698
37,1.85003204443495,15,0.07309041
38,1.86040833765679,0,0.07316614
38,1.86040833765679,1,0.07287169
38,1.86040833765679,2,0.0730355
38,1.86040833765679,3,0.07319696
38,1.86040833765679,4,0.073084
38,1.86040833765679,5,0.07295834
38,1.86040833765679,6,0.07318763
38,1.86040833765679,7,0.07318676
38,1.86040833765679,8,0.07345627
38,1.86040833765679,9,0.07322145
38,1.86040833765679,10,0.07322592
38,1.86040833765679,11,0.0731003
38,1.86040833765679,12,0.07327126
38,1.86040833765679,13,0.07329906
38,1.86040833765679,14,0.07328563
38,1.86040833765679,15,0.07333413
39,1.86956389049959,0,0.07340568
39,1.86956389049959,1,0.07344481
39,1.86956389049959,2,0.07328606
39,1.86956389049959,3,0.07328828
39,1.86956389049959,4,0.07329445
39,1.86956389049959,5,0.07344384
39,1.86956389049959,6,0.07333022
39,1.86956389049959,7,0.07318758
39,1.86956389049959,8,0.07321176
39,1.86956389049959,9,0.07337069
39,1.86956389049959,10,0.07346951
39,1.86956389049959,11,0.07336523
39,1.86956389049959,12,0.07359366
39,1.86956389049959,13,0.07355615
39,1.86956389049959,14,0.07322922
39,1.86956389049959,15,0.07325519
40,1.88055055391095,0,0.0736479
40,1.88055055391095,1,0.07377911
40,1.88055055391095,2,0.07367954
40,1.88055055391095,3,0.07354257
40,1.88055055391095,4,0.07369297
40,1.88055055391095,5,0.07358509
40,1.88055055391095,6,0.0738267
40,1.88055055391095,7,0.07361606
40,1.88055055391095,8,0.07356448
40,1.88055055391095,9,0.07366533
40,1.88055055391095,10,0.07375132
40,1.88055055391095,11,0.07389236
40,1.88055055391095,12,0.07377747
40,1.88055055391095,13,0.07375708
40,1.88055055391095,14,0.07389712
40,1.88055055391095,15,0.07383854
41,1.88970610675375,0,0.07380679
41,1.88970610675375,1,0.07369638
41,1.88970610675375,2,0.07359197
41,1.88970610675375,3,0.07364737
41,1.88970610675375,4,0.07367563
41,1.88970610675375,5,0.07399955
41,1.88970610675375,6,0.0737357
41,1.88970610675375,7,0.0738332
41,1.88970610675375,8,0.07378862
41,1.88970610675375,9,0.0736271
41,1.88970610675375,10,0.07352402
41,1.88970610675375,11,0.07355614
41,1.88970610675375,12,0.07336305
41,1.88970610675375,13,0.07358525
41,1.88970610675375,14,0.07357193
41,1.88970610675375,15,0.07379844
42,1.89947202978607,0,0.07392929
42,1.89947202978607,1,0.07402553
42,1.89947202978607,2,0.07407244
42,1.89947202978607,3,0.07394804
42,1.89947202978607,4,0.07359196
42,1.89947202978607,5,0.07382179
42,1.89947202978607,6,0.07386421
42,1.89947202978607,7,0.07398681
42,1.89947202978607,8,0.07405443
42,1.89947202978607,9,0.0736874
42,1.89947202978607,10,0.07379539
42,1.89947202978607,11,0.07373976
42,1.89947202978607,12,0.07367685
42,1.89947202978607,13,0.07391951
42,1.89947202978607,14,0.0737387
42,1.89947202978607,15,0.07358467
43,1.9098483230079,0,0.07395184
43,1.9098483230079,1,0.07382908
43,1.9098483230079,2,0.07401428
43,1.9098483230079,3,0.07423212
43,1.9098483230079,4,0.07399162
43,1.9098483230079,5,0.07416952
43,1.9098483230079,6,0.07392887
43,1.9098483230079,7,0.07422964
43,1.9098483230079,8,0.07421374
43,1.9098483230079,9,0.07466248
43,1.9098483230079,10,0.07417603
43,1.9098483230079,11,0.0741026
43,1.9098483230079,12,0.07398021
43,1.9098483230079,13,0.07405759
43,1.9098483230079,14,0.07424527
43,1.9098483230079,15,0.07440486
44,1.92022461622974,0,0.0743597
44,1.92022461622974,1,0.0743532
44,1.92022461622974,2,0.07407292
44,1.92022461622974,3,0.07414645
44,1.92022461622974,4,0.07412659
44,1.92022461622974,5,0.07424189
44,1.92022461622974,6,0.0741474
44,1.92022461622974,7,0.07407788
44,1.92022461622974,8,0.07432926
44,1.92022461622974,9,0.07413927
44,1.92022461622974,10,0.07417428
44,1.92022461622974,11,0.07400398
44,1.92022461622974,12,0.07422109
44,1.92022461622974,13,0.07403805
44,1.92022461622974,14,0.07400557
44,1.92022461622974,15,0.07408654
45,1.92999053926206,0,0.07413049
45,1.92999053926206,1,0.0738396
45,1.92999053926206,2,0.07412521
45,1.92999053926206,3,0.07411803
45,1.92999053926206,4,0.07433055
45,1.92999053926206,5,0.07410778
45,1.92999053926206,6,0.07407867
45,1.92999053926206,7,0.074212
45,1.92999053926206,8,0.07420328
45,1.92999053926206,9,0.07444939
45,1.92999053926206,10,0.07430381
45,1.92999053926206,11,0.07426641
45,1.92999053926206,12,0.07422341
45,1.92999053926206,13,0.07404973
45,1.92999053926206,14,0.07397103
45,1.92999053926206,15,0.0738827
46,1.94097720267342,0,0.07415839
46,1.94097720267342,1,0.07396711
46,1.94097720267342,2,0.07406135
46,1.94097720267342,3,0.07409415
46,1.94097720267342,4,0.07395227
46,1.94097720267342,5,0.07417925
46,1.94097720267342,6,0.07422437
46,1.94097720267342,7,0.07406969
46,1.94097720267342,8,0.07389574
46,1.94097720267342,9,0.07389205
46,1.94097720267342,10,0.07370151
46,1.94097720267342,11,0.07420276
46,1.94097720267342,12,0.07389258
46,1.94097720267342,13,0.07411047
46,1.94097720267342,14,0.0740194
46,1.94097720267342,15,0.07424829
47,1.95013275551622,0,0.07405374
47,1.95013275551622,1,0.0740455
47,1.95013275551622,2,0.07423724
47,1.95013275551622,3,0.07413029
47,1.95013275551622,4,0.07390916
47,1.95013275551622,5,0.07414507
47,1.95013275551622,6,0.07369809
47,1.95013275551622,7,0.07432514
47,1.95013275551622,8,0.07407646
47,1.95013275551622,9,0.0740146
47,1.95013275551622,10,0.07390726
47,1.95013275551622,11,0.07414248
47,1.95013275551622,12,0.07426984
47,1.95013275551622,13,0.07426932
47,1.95013275551622,14,0.07383685
47,1.95013275551622,15,0.07396917
48,1.95928830835902,0,0.07411327
48,1.95928830835902,1,0.07404719
48,1.95928830835902,2,0.07403652
48,1.95928830835902,3,0.07416382
48,1.95928830835902,4,0.07401095
48,1.95928830835902,5,0.07414792
48,1.95928830835902,6,0.07386796
48,1.95928830835902,7,0.07393219
48,1.95928830835902,8,0.07387832
48,1.95928830835902,9,0.07384139
48,1.95928830835902,10,0.07426192
48,1.95928830835902,11,0.07444279
48,1.95928830835902,12,0.07422003
48,1.95928830835902,13,0.07419874
48,1.95928830835902,14,0.07405754
48,1.95928830835902,15,0.07424797
49,1.97027497177038,0,0.07392067
49,1.97027497177038,1,0.07443703
49,1.97027497177038,2,0.07400573
49,1.97027497177038,3,0.0742178
49,1.97027497177038,4,0.07408137
49,1.97027497177038,5,0.07442281
49,1.97027497177038,6,0.07425124
49,1.97027497177038,7,0.07439619
49,1.97027497177038,8,0.07415558
49,1.97027497177038,9,0.07423391
49,1.97027497177038,10,0.074211
49,1.97027497177038,11,0.07434021
49,1.97027497177038,12,0.07432199
49,1.97027497177038,13,0.0744195
49,1.97027497177038,14,0.07416419
49,1.97027497177038,15,0.0744675
50,1.97943052461318,0,0.07449928
50,1.97943052461318,1,0.07451873
50,1.97943052461318,2,0.07448927
50,1.97943052461318,3,0.07432799
50,1.97943052461318,4,0.07439356
50,1.97943052461318,5,0.07441335
50,1.97943052461318,6,0.07441971
50,1.97943052461318,7,0.07439726
50,1.97943052461318,8,0.07438352
50,1.97943052461318,9,0.0740613
50,1.97943052461318,10,0.07439144
50,1.97943052461318,11,0.0742747
50,1.97943052461318,12,0.07417396
50,1.97943052461318,13,0.07449261
50,1.97943052461318,14,0.07440824
50,1.97943052461318,15,0.07415944
51,1.98980681783502,0,0.07428163
51,1.98980681783502,1,0.07424216
51,1.98980681783502,2,0.07420708
51,1.98980681783502,3,0.07448737
51,1.98980681783502,4,0.07418136
51,1.98980681783502,5,0.07447557
51,1.98980681783502,6,0.07440637
51,1.98980681783502,7,0.0743129
51,1.98980681783502,8,0.07453454
51,1.98980681783502,9,0.07441669
51,1.98980681783502,10,0.07423091
51,1.98980681783502,11,0.07427866
51,1.98980681783502,12,0.07437374
51,1.98980681783502,13,0.07446741
51,1.98980681783502,14,0.07451531
51,1.98980681783502,15,0.0743793
52,1.99957274086734,0,0.07481577
52,1.99957274086734,1,0.07457764
52,1.99957274086734,2,0.07453284
52,1.99957274086734,3,0.07466599
52,1.99957274086734,4,0.07460511
52,1.99957274086734,5,0.07465237
52,1.99957274086734,6,0.07476728
52,1.99957274086734,7,0.07468368
52,1.99957274086734,8,0.07471842
52,1.99957274086734,9,0.07462174
52,1.99957274086734,10,0.07472402
52,1.99957274086734,11,0.07469334
52,1.99957274086734,12,0.07485039
52,1.99957274086734,13,0.07475691
52,1.99957274086734,14,0.07467732
52,1.99957274086734,15,0.07449969
53,2.00994903408918,0,0.07454854
53,2.00994903408918,1,0.07461609
53,2.00994903408918,2,0.07451002
53,2.00994903408918,3,0.07457776
53,2.00994903408918,4,0.07442034
53,2.00994903408918,5,0.07468756
53,2.00994903408918,6,0.07453315
53,2.00994903408918,7,0.07445414
53,2.00994903408918,8,0.07462905
53,2.00994903408918,9,0.07458346
53,2.00994903408918,10,0.07436808
53,2.00994903408918,11,0.07469149
53,2.00994903408918,12,0.07467978
53,2.00994903408918,13,0.07488139
53,2.00994903408918,14,0.07467757
53,2.00994903408918,15,0.07489403
54,2.01910458693197,0,0.07484007
54,2.01910458693197,1,0.07479569
54,2.01910458693197,2,0.07473373
54,2.01910458693197,3,0.07487992
54,2.01910458693197,4,0.07484039
54,2.01910458693197,5,0.07498103
54,2.01910458693197,6,0.07474995
54,2.01910458693197,7,0.07471031
54,2.01910458693197,8,0.07436826
54,2.01910458693197,9,0.07474848
54,2.01910458693197,10,0.07442211
54,2.01910458693197,11,0.07468583
54,2.01910458693197,12,0.07471742
54,2.01910458693197,13,0.07463877
54,2.01910458693197,14,0.07454716
54,2.01910458693197,15,0.07442307
55,2.02887050996429,0,0.0745384
55,2.02887050996429,1,0.07463742
55,2.02887050996429,2,0.07434759
55,2.02887050996429,3,0.07443663
55,2.02887050996429,4,0.07491344
55,2.02887050996429,5,0.07471946
55,2.02887050996429,6,0.07466988
55,2.02887050996429,7,0.07437555
55,2.02887050996429,8,0.07454863
55,2.02887050996429,9,0.0743459
55,2.02887050996429,10,0.07456723
55,2.02887050996429,11,0.07468871
55,2.02887050996429,12,0.07473278
55,2.02887050996429,13,0.0745639
55,2.02887050996429,14,0.07464889
55,2.02887050996429,15,0.07462747
56,2.03863643299661,0,0.0747629
56,2.03863643299661,1,0.07487793
56,2.03863643299661,2,0.07500302
56,2.03863643299661,3,0.07486612
56,2.03863643299661,4,0.07451199
56,2.03863643299661,5,0.074634
56,2.03863643299661,6,0.07457805
56,2.03863643299661,7,0.07457712
56,2.03863643299661,8,0.07438283
56,2.03863643299661,9,0.07441405
56,2.03863643299661,10,0.07469925
56,2.03863643299661,11,0.07455888
56,2.03863643299661,12,0.07472338
56,2.03863643299661,13,0.07471514
56,2.03863643299661,14,0.07504969
56,2.03863643299661,15,0.0749407
57,2.04901272621845,0,0.07495999
57,2.04901272621845,1,0.07500318
57,2.04901272621845,2,0.07483067
57,2.04901272621845,3,0.07485051
57,2.04901272621845,4,0.07488061
57,2.04901272621845,5,0.07476616
57,2.04901272621845,6,0.07453185
57,2.04901272621845,7,0.07441816
57,2.04901272621845,8,0.07464223
57,2.04901272621845,9,0.07455096
57,2.04901272621845,10,0.07477719
57,2.04901272621845,11,0.07492953
57,2.04901272621845,12,0.07475318
57,2.04901272621845,13,0.07483506
57,2.04901272621845,14,0.07440386
57,2.04901272621845,15,0.07456701
58,2.05816827906125,0,0.07493698
58,2.05816827906125,1,0.07502575
58,2.05816827906125,2,0.07506336
58,2.05816827906125,3,0.07489595
58,2.05816827906125,4,0.07451694
58,2.05816827906125,5,0.07484831
58,2.05816827906125,6,0.07478519
58,2.05816827906125,7,0.07486402
58,2.05816827906125,8,0.07485553
58,2.05816827906125,9,0.0749634
58,2.05816827906125,10,0.07471167
58,2.05816827906125,11,0.07474776
58,2.05816827906125,12,0.07481324
58,2.05816827906125,13,0.07468832
58,2.05816827906125,14,0.07489135
58,2.05816827906125,15,0.07487074
59,2.06976531266213,0,0.07487956
59,2.06976531266213,1,0.07494324
59,2.06976531266213,2,0.07485678
59,2.06976531266213,3,0.0748994
59,2.06976531266213,4,0.07503255
59,2.06976531266213,5,0.07496115
59,2.06976531266213,6,0.07486821
59,2.06976531266213,7,0.07500199
59,2.06976531266213,8,0.07501517
59,2.06976531266213,9,0.07518642
59,2.06976531266213,10,0.07484487
59,2.06976531266213,11,0.07526225
59,2.06976531266213,12,0.07511535
59,2.06976531266213,13,0.0748016
59,2.06976531266213,14,0.07512552
59,2.06976531266213,15,0.07498518
60,2.07892086550493,0,0.07525472
60,2.07892086550493,1,0.07509229
60,2.07892086550493,2,0.07508741
60,2.07892086550493,3,0.07524421
60,2.07892086550493,4,0.07532146
60,2.07892086550493,5,0.07511096
60,2.07892086550493,6,0.07502511
60,2.07892086550493,7,0.07489451
60,2.07892086550493,8,0.07496309
60,2.07892086550493,9,0.074923
60,2.07892086550493,10,0.07510543
60,2.07892086550493,11,0.0751292
60,2.07892086550493,12,0.07519796
60,2.07892086550493,13,0.07490211
60,2.07892086550493,14,0.07513358
60,2.07892086550493,15,0.07498077
61,2.08868678853725,0,0.07521301
61,2.08868678853725,1,0.0750168
61,2.08868678853725,2,0.07513399
61,2.08868678853725,3,0.07499568
61,2.08868678853725,4,0.07523627
61,2.08868678853725,5,0.07515186
61,2.08868678853725,6,0.07527721
61,2.08868678853725,7,0.07522959
61,2.08868678853725,8,0.07533994
61,2.08868678853725,9,0.0753406
61,2.08868678853725,10,0.07522301
61,2.08868678853725,11,0.0751498
61,2.08868678853725,12,0.07515074
61,2.08868678853725,13,0.07518443
61,2.08868678853725,14,0.07485237
61,2.08868678853725,15,0.07494138
62,2.09967345194861,0,0.07491735
62,2.09967345194861,1,0.07490574
62,2.09967345194861,2,0.0752136
62,2.09967345194861,3,0.07507145
62,2.09967345194861,4,0.07524116
62,2.09967345194861,5,0.0753237
62,2.09967345194861,6,0.07512973
62,2.09967345194861,7,0.07513575
62,2.09967345194861,8,0.07513156
62,2.09967345194861,9,0.0751259
62,2.09967345194861,10,0.07503749
62,2.09967345194861,11,0.07507447
62,2.09967345194861,12,0.07530519
62,2.09967345194861,13,0.07531233
62,2.09967345194861,14,0.07502111
62,2.09967345194861,15,0.07509734
63,2.10882900479141,0,0.07510994
63,2.10882900479141,1,0.07512963
63,2.10882900479141,2,0.07550412
63,2.10882900479141,3,0.07568525
63,2.10882900479141,4,0.07535473
63,2.10882900479141,5,0.07558433
63,2.10882900479141,6,0.07546577
63,2.10882900479141,7,0.07525837
63,2.10882900479141,8,0.0755717
63,2.10882900479141,9,0.07549632
63,2.10882900479141,10,0.07567924
63,2.10882900479141,11,0.07562415
63,2.10882900479141,12,0.07549256
63,2.10882900479141,13,0.07537042
63,2.10882900479141,14,0.07568406
63,2.10882900479141,15,0.07545044
64,2.11920529801325,0,0.07538313
64,2.11920529801325,1,0.0754584
64,2.11920529801325,2,0.07568764
64,2.11920529801325,3,0.07543121
64,2.11920529801325,4,0.07530956
64,2.11920529801325,5,0.0756224
64,2.11920529801325,6,0.07535622
64,2.11920529801325,7,0.07509941
64,2.11920529801325,8,0.0753708
64,2.11920529801325,9,0.07522782
64,2.11920529801325,10,0.07534977
64,2.11920529801325,11,0.07511454
64,2.11920529801325,12,0.07509241
64,2.11920529801325,13,0.07514317
64,2.11920529801325,14,0.07496516
64,2.11920529801325,15,0.07536481
65,2.12958159123508,0,0.07540308
65,2.12958159123508,1,0.07553952
65,2.12958159123508,2,0.07542161
65,2.12958159123508,3,0.07550001
65,2.12958159123508,4,0.07539468
65,2.12958159123508,5,0.07524927
65,2.12958159123508,6,0.07538635
65,2.12958159123508,7,0.07527994
65,2.12958159123508,8,0.07539026
65,2.12958159123508,9,0.07542753
65,2.12958159123508,10,0.07524292
65,2.12958159123508,11,0.07510076
65,2.12958159123508,12,0.07523628
65,2.12958159123508,13,0.0754455
65,2.12958159123508,14,0.07521545
65,2.12958159123508,15,0.07530841
66,2.1393475142674,0,0.07546916
66,2.1393475142674,1,0.07529719
66,2.1393475142674,2,0.07561597
66,2.1393475142674,3,0.07550891
66,2.1393475142674,4,0.07524467
66,2.1393475142674,5,0.07526814
66,2.1393475142674,6,0.07533678
66,2.1393475142674,7,0.0753884
66,2.1393475142674,8,0.07522794
66,2.1393475142674,9,0.07534158
66,2.1393475142674,10,0.07524153
66,2.1393475142674,11,0.07508152
66,2.1393475142674,12,0.07468481
66,2.1393475142674,13,0.07528221
66,2.1393475142674,14,0.07519926
66,2.1393475142674,15,0.07533552
67,2.1485030671102,0,0.07520366
67,2.1485030671102,1,0.07501853
67,2.1485030671102,2,0.07519195
67,2.1485030671102,3,0.07501534
67,2.1485030671102,4,0.0752944
67,2.1485030671102,5,0.07516077
67,2.1485030671102,6,0.07525447
67,2.1485030671102,7,0.07527629
67,2.1485030671102,8,0.07530443
67,2.1485030671102,9,0.0750377
67,2.1485030671102,10,0.07537762
67,2.1485030671102,11,0.07564455
67,2.1485030671102,12,0.07567518
67,2.1485030671102,13,0.07529816
67,2.1485030671102,14,0.0750224
67,2.1485030671102,15,0.07516864
68,2.15948973052156,0,0.07519903
68,2.15948973052156,1,0.07528882
68,2.15948973052156,2,0.07531802
68,2.15948973052156,3,0.07518208
68,2.15948973052156,4,0.0752693
68,2.15948973052156,5,0.07526159
68,2.15948973052156,6,0.07515371
68,2.15948973052156,7,0.07560859
68,2.15948973052156,8,0.07545907
68,2.15948973052156,9,0.07539175
68,2.15948973052156,10,0.0754629
68,2.15948973052156,11,0.07541634
68,2.15948973052156,12,0.07544383
68,2.15948973052156,13,0.07529096
68,2.15948973052156,14,0.0754565
68,2.15948973052156,15,0.0751505
69,2.16864528336436,0,0.07533538
69,2.16864528336436,1,0.07525724
69,2.16864528336436,2,0.07527351
69,2.16864528336436,3,0.07565286
69,2.16864528336436,4,0.07548463
69,2.16864528336436,5,0.07569084
69,2.16864528336436,6,0.07556
69,2.16864528336436,7,0.07530692
69,2.16864528336436,8,0.07540207
69,2.16864528336436,9,0.07508987
69,2.16864528336436,10,0.07534585
69,2.16864528336436,11,0.07520391
69,2.16864528336436,12,0.07542894
69,2.16864528336436,13,0.07544494
69,2.16864528336436,14,0.07539379
69,2.16864528336436,15,0.0755707
70,2.1790215765862,0,0.07537485
70,2.1790215765862,1,0.07562082
70,2.1790215765862,2,0.07560965
70,2.1790215765862,3,0.07554664
70,2.1790215765862,4,0.07565682
70,2.1790215765862,5,0.07550993
70,2.1790215765862,6,0.07551503
70,2.1790215765862,7,0.07556407
70,2.1790215765862,8,0.0753594
70,2.1790215765862,9,0.07543265
70,2.1790215765862,10,0.07554715
70,2.1790215765862,11,0.07545584
70,2.1790215765862,12,0.07554927
70,2.1790215765862,13,0.07522196
70,2.1790215765862,14,0.07574343
70,2.1790215765862,15,0.07567995
71,2.18878749961852,0,0.07561461
71,2.18878749961852,1,0.07582613
71,2.18878749961852,2,0.07549691
71,2.18878749961852,3,0.07556106
71,2.18878749961852,4,0.07566257
71,2.18878749961852,5,0.07560108
71,2.18878749961852,6,0.07563788
71,2.18878749961852,7,0.07561795
71,2.18878749961852,8,0.07583739
71,2.18878749961852,9,0.07527839
71,2.18878749961852,10,0.0753525
71,2.18878749961852,11,0.07537667
71,2.18878749961852,12,0.0752697
71,2.18878749961852,13,0.07528593
71,2.18878749961852,14,0.07508267
71,2.18878749961852,15,0.07524306
72,2.19916379284036,0,0.0753332
72,2.19916379284036,1,0.07499773
72,2.19916379284036,2,0.07524479
72,2.19916379284036,3,0.07503831
72,2.19916379284036,4,0.07551569
72,2.19916379284036,5,0.07553245
72,2.19916379284036,6,0.0756415
72,2.19916379284036,7,0.07538913
72,2.19916379284036,8,0.07546695
72,2.19916379284036,9,0.07547063
72,2.19916379284036,10,0.07549879
72,2.19916379284036,11,0.07533345
72,2.19916379284036,12,0.07524861
72,2.19916379284036,13,0.07553017
72,2.19916379284036,14,0.07564873
72,2.19916379284036,15,0.07555285
73,2.20892971587268,0,0.07565278
73,2.20892971587268,1,0.07500622
73,2.20892971587268,2,0.07513197
73,2.20892971587268,3,0.07481676
73,2.20892971587268,4,0.07503854
73,2.20892971587268,5,0.07494641
73,2.20892971587268,6,0.07499097
73,2.20892971587268,7,0.07506979
73,2.20892971587268,8,0.0751119
73,2.20892971587268,9,0.07526045
73,2.20892971587268,10,0.07526744
73,2.20892971587268,11,0.07532176
73,2.20892971587268,12,0.07522877
73,2.20892971587268,13,0.0753863
73,2.20892971587268,14,0.07530183
73,2.20892971587268,15,0.0757246
74,2.21930600909452,0,0.07565826
74,2.21930600909452,1,0.07583112
74,2.21930600909452,2,0.07618066
74,2.21930600909452,3,0.0758455
74,2.21930600909452,4,0.07600209
74,2.21930600909452,5,0.07589891
74,2.21930600909452,6,0.07614942
74,2.21930600909452,7,0.07625843
74,2.21930600909452,8,0.07591266
74,2.21930600909452,9,0.07575908
74,2.21930600909452,10,0.07585348
74,2.21930600909452,11,0.07599135
74,2.21930600909452,12,0.07599214
74,2.21930600909452,13,0.07579098
74,2.21930600909452,14,0.07592195
74,2.21930600909452,15,0.07609741
75,2.22968230231636,0,0.07573868
75,2.22968230231636,1,0.07567512
75,2.22968230231636,2,0.07580929
75,2.22968230231636,3,0.07558946
75,2.22968230231636,4,0.07575724
75,2.22968230231636,5,0.075702
75,2.22968230231636,6,0.07581572
75,2.22968230231636,7,0.07559809
75,2.22968230231636,8,0.07578415
75,2.22968230231636,9,0.07616672
75,2.22968230231636,10,0.07583077
75,2.22968230231636,11,0.07602893
75,2.22968230231636,12,0.07606111
75,2.22968230231636,13,0.07582537
75,2.22968230231636,14,0.07583736
75,2.22968230231636,15,0.07549217
76,2.23822748496963,0,0.07539413
76,2.23822748496963,1,0.07559329
76,2.23822748496963,2,0.07548542
76,2.23822748496963,3,0.07571661
76,2.23822748496963,4,0.07578759
76,2.23822748496963,5,0.07575672
76,2.23822748496963,6,0.07577622
76,2.23822748496963,7,0.07562625
76,2.23822748496963,8,0.07584418
76,2.23822748496963,9,0.07590266
76,2.23822748496963,10,0.07565974
76,2.23822748496963,11,0.07581799
76,2.23822748496963,12,0.07594798
76,2.23822748496963,13,0.07568009
76,2.23822748496963,14,0.07593189
76,2.23822748496963,15,0.0759626
77,2.24982451857051,0,0.07575295
77,2.24982451857051,1,0.07594448
77,2.24982451857051,2,0.07559142
77,2.24982451857051,3,0.07607056
77,2.24982451857051,4,0.07595267
77,2.24982451857051,5,0.07598954
77,2.24982451857051,6,0.07590903
77,2.24982451857051,7,0.0759163
77,2.24982451857051,8,0.07574831
77,2.24982451857051,9,0.07584569
77,2.24982451857051,10,0.07579003
77,2.24982451857051,11,0.07595053
77,2.24982451857051,12,0.07587019
77,2.24982451857051,13,0.07559206
77,2.24982451857051,14,0.0758203
77,2.24982451857051,15,0.07589528
78,2.25898007141331,0,0.07620057
78,2.25898007141331,1,0.07606226
78,2.25898007141331,2,0.07587936
78,2.25898007141331,3,0.07598501
78,2.25898007141331,4,0.07626551
78,2.25898007141331,5,0.07622962
78,2.25898007141331,6,0.07611184
78,2.25898007141331,7,0.07584102
78,2.25898007141331,8,0.07575336
78,2.25898007141331,9,0.07563993
78,2.25898007141331,10,0.07614508
78,2.25898007141331,11,0.07615361
78,2.25898007141331,12,0.0762094
78,2.25898007141331,13,0.07612375
78,2.25898007141331,14,0.075967
78,2.25898007141331,15,0.07584585
79,2.26874599444563,0,0.07598221
79,2.26874599444563,1,0.07630975
79,2.26874599444563,2,0.07606275
79,2.26874599444563,3,0.07604772
79,2.26874599444563,4,0.07603863
79,2.26874599444563,5,0.07605011
79,2.26874599444563,6,0.07612333
79,2.26874599444563,7,0.07576077
79,2.26874599444563,8,0.07607843
79,2.26874599444563,9,0.07611285
79,2.26874599444563,10,0.07612287
79,2.26874599444563,11,0.07621208
79,2.26874599444563,12,0.07572366
79,2.26874599444563,13,0.07619159
79,2.26874599444563,14,0.07614258
79,2.26874599444563,15,0.07594597
80,2.27973265785699,0,0.07613037
80,2.27973265785699,1,0.0761259
80,2.27973265785699,2,0.07634673
80,2.27973265785699,3,0.07625779
80,2.27973265785699,4,0.07620312
80,2.27973265785699,5,0.07604341
80,2.27973265785699,6,0.07618338
80,2.27973265785699,7,0.07577299
80,2.27973265785699,8,0.07584389
80,2.27973265785699,9,0.07557432
80,2.27973265785699,10,0.0755462
80,2.27973265785699,11,0.07590889
80,2.27973265785699,12,0.07590327
80,2.27973265785699,13,0.07592791
80,2.27973265785699,14,0.07607672
80,2.27973265785699,15,0.07585562
81,2.28949858088931,0,0.07610238
81,2.28949858088931,1,0.07617395
81,2.28949858088931,2,0.07637578
81,2.28949858088931,3,0.07619084
81,2.28949858088931,4,0.0761547
81,2.28949858088931,5,0.07607514
81,2.28949858088931,6,0.07597939
81,2.28949858088931,7,0.07581094
81,2.28949858088931,8,0.07607312
81,2.28949858088931,9,0.07617684
81,2.28949858088931,10,0.07629487
81,2.28949858088931,11,0.07608038
81,2.28949858088931,12,0.07619327
81,2.28949858088931,13,0.07610989
81,2.28949858088931,14,0.07624712
81,2.28949858088931,15,0.07619509
82,2.29865413373211,0,0.07607826
82,2.29865413373211,1,0.07605
82,2.29865413373211,2,0.07650965
82,2.29865413373211,3,0.07616875
82,2.29865413373211,4,0.0762181
82,2.29865413373211,5,0.07628541
82,2.29865413373211,6,0.07608372
82,2.29865413373211,7,0.07631672
82,2.29865413373211,8,0.07619525
82,2.29865413373211,9,0.0763348
82,2.29865413373211,10,0.07625531
82,2.29865413373211,11,0.07611383
82,2.29865413373211,12,0.07610574
82,2.29865413373211,13,0.07610048
82,2.29865413373211,14,0.07624387
82,2.29865413373211,15,0.07614556
83,2.30842005676443,0,0.07639935
83,2.30842005676443,1,0.07670761
83,2.30842005676443,2,0.07654487
83,2.30842005676443,3,0.07670458
83,2.30842005676443,4,0.07639799
83,2.30842005676443,5,0.0765823
83,2.30842005676443,6,0.07655228
83,2.30842005676443,7,0.07673294
83,2.30842005676443,8,0.07636675
83,2.30842005676443,9,0.0762713
83,2.30842005676443,10,0.07647234
83,2.30842005676443,11,0.07667157
83,2.30842005676443,12,0.07664961
83,2.30842005676443,13,0.07654361
83,2.30842005676443,14,0.07639843
83,2.30842005676443,15,0.0763183
84,2.31940672017579,0,0.07642438
84,2.31940672017579,1,0.07666016
84,2.31940672017579,2,0.07680532
84,2.31940672017579,3,0.07651442
84,2.31940672017579,4,0.0765738
84,2.31940672017579,5,0.07688586
84,2.31940672017579,6,0.07679599
84,2.31940672017579,7,0.07669503
84,2.31940672017579,8,0.07683519
84,2.31940672017579,9,0.07676706
84,2.31940672017579,10,0.0766981
84,2.31940672017579,11,0.07671639
84,2.31940672017579,12,0.0768352
84,2.31940672017579,13,0.07657643
84,2.31940672017579,14,0.07703418
84,2.31940672017579,15,0.07696341
85,2.32917264320811,0,0.07674802
85,2.32917264320811,1,0.0768406
85,2.32917264320811,2,0.07656371
85,2.32917264320811,3,0.07677896
85,2.32917264320811,4,0.07649033
85,2.32917264320811,5,0.07665075
85,2.32917264320811,6,0.07695626
85,2.32917264320811,7,0.07672057
85,2.32917264320811,8,0.07672458
85,2.32917264320811,9,0.07650071
85,2.32917264320811,10,0.0768191
85,2.32917264320811,11,0.07649502
85,2.32917264320811,12,0.07652352
85,2.32917264320811,13,0.07673278
85,2.32917264320811,14,0.07661074
85,2.32917264320811,15,0.07671854
86,2.3383281960509,0,0.07691213
86,2.3383281960509,1,0.07682326
86,2.3383281960509,2,0.07668012
86,2.3383281960509,3,0.0769828
86,2.3383281960509,4,0.07700087
86,2.3383281960509,5,0.07665078
86,2.3383281960509,6,0.07695734
86,2.3383281960509,7,0.07695982
86,2.3383281960509,8,0.07705043
86,2.3383281960509,9,0.07691377
86,2.3383281960509,10,0.07692714
86,2.3383281960509,11,0.07681692
86,2.3383281960509,12,0.07683264
86,2.3383281960509,13,0.0768491
86,2.3383281960509,14,0.07671197
86,2.3383281960509,15,0.07657447
87,2.34870448927274,0,0.07683351
87,2.34870448927274,1,0.07669342
87,2.34870448927274,2,0.07689688
87,2.34870448927274,3,0.07664611
87,2.34870448927274,4,0.07687005
87,2.34870448927274,5,0.0768856
87,2.34870448927274,6,0.07690943
87,2.34870448927274,7,0.07683693
87,2.34870448927274,8,0.07672286
87,2.34870448927274,9,0.07664222
87,2.34870448927274,10,0.07652703
87,2.34870448927274,11,0.07678328
87,2.34870448927274,12,0.07648311
87,2.34870448927274,13,0.07664155
87,2.34870448927274,14,0.07693656
87,2.34870448927274,15,0.07625449
88,2.35908078249458,0,0.07699011
88,2.35908078249458,1,0.07692286
88,2.35908078249458,2,0.07700595
88,2.35908078249458,3,0.07700507
88,2.35908078249458,4,0.07706375
88,2.35908078249458,5,0.07708244
88,2.35908078249458,6,0.07677022
88,2.35908078249458,7,0.07674535
88,2.35908078249458,8,0.07689187
88,2.35908078249458,9,0.07702132
88,2.35908078249458,10,0.07698053
88,2.35908078249458,11,0.07706561
88,2.35908078249458,12,0.07660208
88,2.35908078249458,13,0.07703944
88,2.35908078249458,14,0.07697212
88,2.35908078249458,15,0.07682184
89,2.36823633533738,0,0.07699024
89,2.36823633533738,1,0.0769164
89,2.36823633533738,2,0.07674445
89,2.36823633533738,3,0.07728895
89,2.36823633533738,4,0.07709282
89,2.36823633533738,5,0.07678501
89,2.36823633533738,6,0.07691593
89,2.36823633533738,7,0.07687427
89,2.36823633533738,8,0.07699491
89,2.36823633533738,9,0.07716636
89,2.36823633533738,10,0.0771963
89,2.36823633533738,11,0.07724011
89,2.36823633533738,12,0.07703118
89,2.36823633533738,13,0.07692001
89,2.36823633533738,14,0.07712581
89,2.36823633533738,15,0.07715586
90,2.37983336893826,0,0.07735541
90,2.37983336893826,1,0.07700566
90,2.37983336893826,2,0.0771334
90,2.37983336893826,3,0.07717048
90,2.37983336893826,4,0.0771068
90,2.37983336893826,5,0.0772047
90,2.37983336893826,6,0.0768904
90,2.37983336893826,7,0.07707537
90,2.37983336893826,8,0.07692095
90,2.37983336893826,9,0.07717086
90,2.37983336893826,10,0.07693803
90,2.37983336893826,11,0.07720248
90,2.37983336893826,12,0.07713662
90,2.37983336893826,13,0.07684565
90,2.37983336893826,14,0.07715423
90,2.37983336893826,15,0.07676803
91,2.38898892178106,0,0.0772171
91,2.38898892178106,1,0.07792069
91,2.38898892178106,2,0.07789594
91,2.38898892178106,3,0.07773663
91,2.38898892178106,4,0.07783422
91,2.38898892178106,5,0.07724535
91,2.38898892178106,6,0.07732515
91,2.38898892178106,7,0.07735614
91,2.38898892178106,8,0.07722924
91,2.38898892178106,9,0.07737043
91,2.38898892178106,10,0.07753908
91,2.38898892178106,11,0.07752343
91,2.38898892178106,12,0.07745774
91,2.38898892178106,13,0.07741515
91,2.38898892178106,14,0.07789973
91,2.38898892178106,15,0.07758424
92,2.39875484481338,0,0.07793485
92,2.39875484481338,1,0.07794628
92,2.39875484481338,2,0.07744068
92,2.39875484481338,3,0.07750542
92,2.39875484481338,4,0.07758381
92,2.39875484481338,5,0.07757366
92,2.39875484481338,6,0.07770636
92,2.39875484481338,7,0.07783031
92,2.39875484481338,8,0.07767319
92,2.39875484481338,9,0.0777445
92,2.39875484481338,10,0.07763627
92,2.39875484481338,11,0.07734209
92,2.39875484481338,12,0.07720331
92,2.39875484481338,13,0.07719619
92,2.39875484481338,14,0.07730173
92,2.39875484481338,15,0.07746884
93,2.40974150822474,0,0.07814172
93,2.40974150822474,1,0.07790536
93,2.40974150822474,2,0.07789394
93,2.40974150822474,3,0.07796987
93,2.40974150822474,4,0.07798772
93,2.40974150822474,5,0.07794233
93,2.40974150822474,6,0.07769454
93,2.40974150822474,7,0.07783176
93,2.40974150822474,8,0.07781793
93,2.40974150822474,9,0.07786633
93,2.40974150822474,10,0.07757768
93,2.40974150822474,11,0.07745896
93,2.40974150822474,12,0.07766777
93,2.40974150822474,13,0.07762384
93,2.40974150822474,14,0.07761279
93,2.40974150822474,15,0.07770731
94,2.41950743125706,0,0.07782708
94,2.41950743125706,1,0.07776953
94,2.41950743125706,2,0.07795259
94,2.41950743125706,3,0.07789465
94,2.41950743125706,4,0.07764977
94,2.41950743125706,5,0.07770402
94,2.41950743125706,6,0.07779429
94,2.41950743125706,7,0.0776046
94,2.41950743125706,8,0.0776927
94,2.41950743125706,9,0.07760282
94,2.41950743125706,10,0.07767469
94,2.41950743125706,11,0.0779513
94,2.41950743125706,12,0.07793887
94,2.41950743125706,13,0.07776435
94,2.41950743125706,14,0.07783048
94,2.41950743125706,15,0.0774966
95,2.42866298409986,0,0.07782725
95,2.42866298409986,1,0.0777179
95,2.42866298409986,2,0.07772063
95,2.42866298409986,3,0.07754555
95,2.42866298409986,4,0.07790012
95,2.42866298409986,5,0.07769147
95,2.42866298409986,6,0.07790028
95,2.42866298409986,7,0.07771818
95,2.42866298409986,8,0.07766098
95,2.42866298409986,9,0.07774823
95,2.42866298409986,10,0.0778104
95,2.42866298409986,11,0.07775738
95,2.42866298409986,12,0.0782249
95,2.42866298409986,13,0.07798164
95,2.42866298409986,14,0.07778443
95,2.42866298409986,15,0.07778125
96,2.43964964751122,0,0.07805768
96,2.43964964751122,1,0.07804292
96,2.43964964751122,2,0.07795431
96,2.43964964751122,3,0.07782
96,2.43964964751122,4,0.07824843
96,2.43964964751122,5,0.07795911
96,2.43964964751122,6,0.07772972
96,2.43964964751122,7,0.07753368
96,2.43964964751122,8,0.07770781
96,2.43964964751122,9,0.07762724
96,2.43964964751122,10,0.07791579
96,2.43964964751122,11,0.07762668
96,2.43964964751122,12,0.07799078
96,2.43964964751122,13,0.07777628
96,2.43964964751122,14,0.07783344
96,2.43964964751122,15,0.07798772
97,2.44941557054353,0,0.07795393
97,2.44941557054353,1,0.07783639
97,2.44941557054353,2,0.07786309
97,2.44941557054353,3,0.07811251
97,2.44941557054353,4,0.07794367
97,2.44941557054353,5,0.07827079
97,2.44941557054353,6,0.07809065
97,2.44941557054353,7,0.07819552
97,2.44941557054353,8,0.07813129
97,2.44941557054353,9,0.07808551
97,2.44941557054353,10,0.07807163
97,2.44941557054353,11,0.07814819
97,2.44941557054353,12,0.07796987
97,2.44941557054353,13,0.07814099
97,2.44941557054353,14,0.07805875
97,2.44941557054353,15,0.07836792
98,2.45918149357585,0,0.07804487
98,2.45918149357585,1,0.07801235
98,2.45918149357585,2,0.07802675
98,2.45918149357585,3,0.07820751
98,2.45918149357585,4,0.07849667
98,2.45918149357585,5,0.07818465
98,2.45918149357585,6,0.07816709
98,2.45918149357585,7,0.07816954
98,2.45918149357585,8,0.07835081
98,2.45918149357585,9,0.0784486
98,2.45918149357585,10,0.07859319
98,2.45918149357585,11,0.07831267
98,2.45918149357585,12,0.07845987
98,2.45918149357585,13,0.07830742
98,2.45918149357585,14,0.07803778
98,2.45918149357585,15,0.07803974
99,2.46955778679769,0,0.07799775
99,2.46955778679769,1,0.07817143
99,2.46955778679769,2,0.07788824
99,2.46955778679769,3,0.07813592
99,2.46955778679769,4,0.07800678
99,2.46955778679769,5,0.07800265
99,2.46955778679769,6,0.07823773
99,2.46955778679769,7,0.07811005
99,2.46955778679769,8,0.07798058
99,2.46955778679769,9,0.0781246
99,2.46955778679769,10,0.07815459
99,2.46955778679769,11,0.07795186
99,2.46955778679769,12,0.07829399
99,2.46955778679769,13,0.07807999
99,2.46955778679769,14,0.07792515
99,2.46955778679769,15,0.07804883
100,2.47932370983001,0,0.07784492
100,2.47932370983001,1,0.07798247
100,2.47932370983001,2,0.07816162
100,2.47932370983001,3,0.07820105
100,2.47932370983001,4,0.07817311
100,2.47932370983001,5,0.07777668
100,2.47932370983001,6,0.07791707
100,2.47932370983001,7,0.07788328
100,2.47932370983001,8,0.07808055
100,2.47932370983001,9,0.07809538
100,2.47932370983001,10,0.07841828
100,2.47932370983001,11,0.07842958
100,2.47932370983001,12,0.07848062
100,2.47932370983001,13,0.07838444
100,2.47932370983001,14,0.07844699
100,2.47932370983001,15,0.07806928
101,2.48847926267281,0,0.0778743
101,2.48847926267281,1,0.07785562
101,2.48847926267281,2,0.07764827
101,2.48847926267281,3,0.07782713
101,2.48847926267281,4,0.07774155
101,2.48847926267281,5,0.07806499
101,2.48847926267281,6,0.07787096
101,2.48847926267281,7,0.07813135
101,2.48847926267281,8,0.07815906
101,2.48847926267281,9,0.07824928
101,2.48847926267281,10,0.07819369
101,2.48847926267281,11,0.07770518
101,2.48847926267281,12,0.07772833
101,2.48847926267281,13,0.07788974
101,2.48847926267281,14,0.07815889
101,2.48847926267281,15,0.07830559
102,2.50007629627369,0,0.07796407
102,2.50007629627369,1,0.07810347
102,2.50007629627369,2,0.07825942
102,2.50007629627369,3,0.07807442
102,2.50007629627369,4,0.07823239
102,2.50007629627369,5,0.07821822
102,2.50007629627369,6,0.07830252
102,2.50007629627369,7,0.07842708
102,2.50007629627369,8,0.0780331
102,2.50007629627369,9,0.07811462
102,2.50007629627369,10,0.07824086
102,2.50007629627369,11,0.07819212
102,2.50007629627369,12,0.07819034
102,2.50007629627369,13,0.07835963
102,2.50007629627369,14,0.07794902
102,2.50007629627369,15,0.07809567
103,2.50984221930601,0,0.07813358
103,2.50984221930601,1,0.07825412
103,2.50984221930601,2,0.07816056
103,2.50984221930601,3,0.07819875
103,2.50984221930601,4,0.07812934
103,2.50984221930601,5,0.07815839
103,2.50984221930601,6,0.07812934
103,2.50984221930601,7,0.07792643
103,2.50984221930601,8,0.07803807
103,2.50984221930601,9,0.07803578
103,2.50984221930601,10,0.07805105
103,2.50984221930601,11,0.07791289
103,2.50984221930601,12,0.07798821
103,2.50984221930601,13,0.07789292
103,2.50984221930601,14,0.07812655
103,2.50984221930601,15,0.07806154
104,2.51960814233833,0,0.07821147
104,2.51960814233833,1,0.07805379
104,2.51960814233833,2,0.07812655
104,2.51960814233833,3,0.07816748
104,2.51960814233833,4,0.07782133
104,2.51960814233833,5,0.07819106
104,2.51960814233833,6,0.07823121
104,2.51960814233833,7,0.0782083
104,2.51960814233833,8,0.07813776
104,2.51960814233833,9,0.07824515
104,2.51960814233833,10,0.07837184
104,2.51960814233833,11,0.07824954
104,2.51960814233833,12,0.07815265
104,2.51960814233833,13,0.0780922
104,2.51960814233833,14,0.07810102
104,2.51960814233833,15,0.07828256
105,2.52998443556017,0,0.07823628
105,2.52998443556017,1,0.07850749
105,2.52998443556017,2,0.0780132
105,2.52998443556017,3,0.0780467
105,2.52998443556017,4,0.07806048
105,2.52998443556017,5,0.07831684
105,2.52998443556017,6,0.07836424
105,2.52998443556017,7,0.07818203
105,2.52998443556017,8,0.07795777
105,2.52998443556017,9,0.07797729
105,2.52998443556017,10,0.07764764
105,2.52998443556017,11,0.07760566
105,2.52998443556017,12,0.07783762
105,2.52998443556017,13,0.07770497
105,2.52998443556017,14,0.07803126
105,2.52998443556017,15,0.0776573
106,2.54036072878201,0,0.07781068
106,2.54036072878201,1,0.07781515
106,2.54036072878201,2,0.07797863
106,2.54036072878201,3,0.0778322
106,2.54036072878201,4,0.07797255
106,2.54036072878201,5,0.0778486
106,2.54036072878201,6,0.07770285
106,2.54036072878201,7,0.07769085
106,2.54036072878201,8,0.07779095
106,2.54036072878201,9,0.07781994
106,2.54036072878201,10,0.07781393
106,2.54036072878201,11,0.07791044
106,2.54036072878201,12,0.07817088
106,2.54036072878201,13,0.0779009
106,2.54036072878201,14,0.07762234
106,2.54036072878201,15,0.07738091
107,2.54951628162481,0,0.07796185
107,2.54951628162481,1,0.07781732
107,2.54951628162481,2,0.07801531
107,2.54951628162481,3,0.07792259
107,2.54951628162481,4,0.07811646
107,2.54951628162481,5,0.07804018
107,2.54951628162481,6,0.07743453
107,2.54951628162481,7,0.07789794
107,2.54951628162481,8,0.07764759
107,2.54951628162481,9,0.07756363
107,2.54951628162481,10,0.0779454
107,2.54951628162481,11,0.07802122
107,2.54951628162481,12,0.07776664
107,2.54951628162481,13,0.07796552
107,2.54951628162481,14,0.07822741
107,2.54951628162481,15,0.07810269
108,2.55928220465712,0,0.07792086
108,2.55928220465712,1,0.07806962
108,2.55928220465712,2,0.07795633
108,2.55928220465712,3,0.07756283
108,2.55928220465712,4,0.07779184
108,2.55928220465712,5,0.07756408
108,2.55928220465712,6,0.07756713
108,2.55928220465712,7,0.07772236
108,2.55928220465712,8,0.07800467
108,2.55928220465712,9,0.07754707
108,2.55928220465712,10,0.07769989
108,2.55928220465712,11,0.07790882
108,2.55928220465712,12,0.077686
108,2.55928220465712,13,0.07807653
108,2.55928220465712,14,0.0780147
108,2.55928220465712,15,0.07805702
109,2.570879238258,0,0.07840556
109,2.570879238258,1,0.07830548
109,2.570879238258,2,0.07821605
109,2.570879238258,3,0.07814668
109,2.570879238258,4,0.07799692
109,2.570879238258,5,0.07815839
109,2.570879238258,6,0.07834222
109,2.570879238258,7,0.07867867
109,2.570879238258,8,0.07860611
109,2.570879238258,9,0.07856092
109,2.570879238258,10,0.07852817
109,2.570879238258,11,0.07799641
109,2.570879238258,12,0.07800505
109,2.570879238258,13,0.07805613
109,2.570879238258,14,0.07825819
109,2.570879238258,15,0.07800611
110,2.57942442091128,0,0.07826689
110,2.57942442091128,1,0.07813039
110,2.57942442091128,2,0.07820506
110,2.57942442091128,3,0.0778026
110,2.57942442091128,4,0.07805686
110,2.57942442091128,5,0.07827007
110,2.57942442091128,6,0.07812566
110,2.57942442091128,7,0.07849282
110,2.57942442091128,8,0.0783847
110,2.57942442091128,9,0.07831758
110,2.57942442091128,10,0.07842691
110,2.57942442091128,11,0.07831383
110,2.57942442091128,12,0.07849132
110,2.57942442091128,13,0.07851824
110,2.57942442091128,14,0.07870056
110,2.57942442091128,15,0.07871951
111,2.58980071413312,0,0.07861482
111,2.58980071413312,1,0.07874291
111,2.58980071413312,2,0.07837222
111,2.58980071413312,3,0.07848155
111,2.58980071413312,4,0.07841694
111,2.58980071413312,5,0.07860056
111,2.58980071413312,6,0.07870498
111,2.58980071413312,7,0.07870755
111,2.58980071413312,8,0.07891004
111,2.58980071413312,9,0.07894468
111,2.58980071413312,10,0.07874885
111,2.58980071413312,11,0.07899648
111,2.58980071413312,12,0.07903836
111,2.58980071413312,13,0.07905169
111,2.58980071413312,14,0.07878873
111,2.58980071413312,15,0.07883039
112,2.60017700735496,0,0.07871675
112,2.60017700735496,1,0.07873335
112,2.60017700735496,2,0.07879672
112,2.60017700735496,3,0.07895059
112,2.60017700735496,4,0.07911826
112,2.60017700735496,5,0.07910166
112,2.60017700735496,6,0.07911172
112,2.60017700735496,7,0.07862581
112,2.60017700735496,8,0.07876471
112,2.60017700735496,9,0.07844955
112,2.60017700735496,10,0.07853542
112,2.60017700735496,11,0.07863434
112,2.60017700735496,12,0.07865079
112,2.60017700735496,13,0.07898375
112,2.60017700735496,14,0.07863623
112,2.60017700735496,15,0.07886723
113,2.60994293038728,0,0.07888373
113,2.60994293038728,1,0.07879474
113,2.60994293038728,2,0.07881265
113,2.60994293038728,3,0.07890984
113,2.60994293038728,4,0.07888669
113,2.60994293038728,5,0.07880056
113,2.60994293038728,6,0.07905363
113,2.60994293038728,7,0.0787986
113,2.60994293038728,8,0.07908557
113,2.60994293038728,9,0.0788059
113,2.60994293038728,10,0.0789027
113,2.60994293038728,11,0.07871696
113,2.60994293038728,12,0.07896699
113,2.60994293038728,13,0.07881533
113,2.60994293038728,14,0.07874205
113,2.60994293038728,15,0.07876202
114,2.6197088534196,0,0.07901081
114,2.6197088534196,1,0.0788147
114,2.6197088534196,2,0.07890955
114,2.6197088534196,3,0.07878768
114,2.6197088534196,4,0.07874037
114,2.6197088534196,5,0.07877056
114,2.6197088534196,6,0.07891537
114,2.6197088534196,7,0.07864967
114,2.6197088534196,8,0.07882041
114,2.6197088534196,9,0.07878204
114,2.6197088534196,10,0.07850745
114,2.6197088534196,11,0.07864236
114,2.6197088534196,12,0.07868452
114,2.6197088534196,13,0.07854055
114,2.6197088534196,14,0.07876644
114,2.6197088534196,15,0.0787946
115,2.63008514664144,0,0.0788237
115,2.63008514664144,1,0.07866652
115,2.63008514664144,2,0.07842737
115,2.63008514664144,3,0.07863862
115,2.63008514664144,4,0.07848886
115,2.63008514664144,5,0.07857317
115,2.63008514664144,6,0.07854556
115,2.63008514664144,7,0.0787215
115,2.63008514664144,8,0.07856932
115,2.63008514664144,9,0.07840362
115,2.63008514664144,10,0.07838292
115,2.63008514664144,11,0.07817122
115,2.63008514664144,12,0.0781197
115,2.63008514664144,13,0.07843852
115,2.63008514664144,14,0.07825875
115,2.63008514664144,15,0.07806762
116,2.63924069948424,0,0.07836737
116,2.63924069948424,1,0.07857445
116,2.63924069948424,2,0.07854842
116,2.63924069948424,3,0.07834697
116,2.63924069948424,4,0.07851
116,2.63924069948424,5,0.07852811
116,2.63924069948424,6,0.0782791
116,2.63924069948424,7,0.07843489
116,2.63924069948424,8,0.07832054
116,2.63924069948424,9,0.07841008
116,2.63924069948424,10,0.07843004
116,2.63924069948424,11,0.07831579
116,2.63924069948424,12,0.07829733
116,2.63924069948424,13,0.0785338
116,2.63924069948424,14,0.07852042
116,2.63924069948424,15,0.07843298
117,2.64961699270608,0,0.07859061
117,2.64961699270608,1,0.07849292
117,2.64961699270608,2,0.07842866
117,2.64961699270608,3,0.07863747
117,2.64961699270608,4,0.07874826
117,2.64961699270608,5,0.07869419
117,2.64961699270608,6,0.07869037
117,2.64961699270608,7,0.07858445
117,2.64961699270608,8,0.07863608
117,2.64961699270608,9,0.07824899
117,2.64961699270608,10,0.07852773
117,2.64961699270608,11,0.07861318
117,2.64961699270608,12,0.07853124
117,2.64961699270608,13,0.07847822
117,2.64961699270608,14,0.07862315
117,2.64961699270608,15,0.07845908
118,2.6593829157384,0,0.07838901
118,2.6593829157384,1,0.07859848
118,2.6593829157384,2,0.07843573
118,2.6593829157384,3,0.07852527
118,2.6593829157384,4,0.07805178
118,2.6593829157384,5,0.07861007
118,2.6593829157384,6,0.07867689
118,2.6593829157384,7,0.07843406
118,2.6593829157384,8,0.07871328
118,2.6593829157384,9,0.07849566
118,2.6593829157384,10,0.07861132
118,2.6593829157384,11,0.07870314
118,2.6593829157384,12,0.07887801
118,2.6593829157384,13,0.07866595
118,2.6593829157384,14,0.07898264
118,2.6593829157384,15,0.07872126
119,2.66975920896023,0,0.07909214
119,2.66975920896023,1,0.07911273
119,2.66975920896023,2,0.0790225
119,2.66975920896023,3,0.07898997
119,2.66975920896023,4,0.07923192
119,2.66975920896023,5,0.07931124
119,2.66975920896023,6,0.07918974
119,2.66975920896023,7,0.07924223
119,2.66975920896023,8,0.07918335
119,2.66975920896023,9,0.07966454
119,2.66975920896023,10,0.079208
119,2.66975920896023,11,0.07899921
119,2.66975920896023,12,0.07883256
119,2.66975920896023,13,0.07892067
119,2.66975920896023,14,0.07908493
119,2.66975920896023,15,0.07912855
120,2.67891476180303,0,0.0789676
120,2.67891476180303,1,0.07905846
120,2.67891476180303,2,0.07912248
120,2.67891476180303,3,0.07909081
120,2.67891476180303,4,0.07911089
120,2.67891476180303,5,0.07900017
120,2.67891476180303,6,0.07902802
120,2.67891476180303,7,0.07905428
120,2.67891476180303,8,0.07892858
120,2.67891476180303,9,0.07916451
120,2.67891476180303,10,0.07911868
120,2.67891476180303,11,0.07901049
120,2.67891476180303,12,0.07910716
120,2.67891476180303,13,0.07907944
120,2.67891476180303,14,0.07898226
120,2.67891476180303,15,0.07897892
121,2.68929105502487,0,0.07929819
121,2.68929105502487,1,0.0790911
121,2.68929105502487,2,0.07923892
121,2.68929105502487,3,0.07934118
121,2.68929105502487,4,0.07946942
121,2.68929105502487,5,0.07952691
121,2.68929105502487,6,0.07940427
121,2.68929105502487,7,0.07937039
121,2.68929105502487,8,0.07928994
121,2.68929105502487,9,0.07901339
121,2.68929105502487,10,0.07922266
121,2.68929105502487,11,0.07915323
121,2.68929105502487,12,0.07919454
121,2.68929105502487,13,0.07885378
121,2.68929105502487,14,0.07905123
121,2.68929105502487,15,0.07873363
122,2.69966734824671,0,0.07877669
122,2.69966734824671,1,0.07902204
122,2.69966734824671,2,0.07908975
122,2.69966734824671,3,0.07887571
122,2.69966734824671,4,0.07892521
122,2.69966734824671,5,0.07904878
122,2.69966734824671,6,0.0789512
122,2.69966734824671,7,0.07874519
122,2.69966734824671,8,0.07885252
122,2.69966734824671,9,0.07866139
122,2.69966734824671,10,0.07862943
122,2.69966734824671,11,0.07893013
122,2.69966734824671,12,0.07887426
122,2.69966734824671,13,0.0788359
122,2.69966734824671,14,0.07871868
122,2.69966734824671,15,0.07862373
123,2.70943327127903,0,0.07884337
123,2.70943327127903,1,0.07893492
123,2.70943327127903,2,0.0789381
123,2.70943327127903,3,0.07882462
123,2.70943327127903,4,0.07863417
123,2.70943327127903,5,0.07886438
123,2.70943327127903,6,0.07890711
123,2.70943327127903,7,0.07897345
123,2.70943327127903,8,0.07896834
123,2.70943327127903,9,0.07893343
123,2.70943327127903,10,0.07868542
123,2.70943327127903,11,0.07876899
123,2.70943327127903,12,0.07888721
123,2.70943327127903,13,0.07860701
123,2.70943327127903,14,0.07908993
123,2.70943327127903,15,0.07886223
124,2.71980956450087,0,0.07854562
124,2.71980956450087,1,0.07870638
124,2.71980956450087,2,0.07868429
124,2.71980956450087,3,0.07869578
124,2.71980956450087,4,0.07906242
124,2.71980956450087,5,0.07878076
124,2.71980956450087,6,0.07881416
124,2.71980956450087,7,0.07879319
124,2.71980956450087,8,0.07893733
124,2.71980956450087,9,0.07886244
124,2.71980956450087,10,0.07912066
124,2.71980956450087,11,0.07896357
124,2.71980956450087,12,0.07895225
124,2.71980956450087,13,0.07934672
124,2.71980956450087,14,0.07936954
124,2.71980956450087,15,0.07924075
125,2.72957548753319,0,0.07955694
125,2.72957548753319,1,0.07936636
125,2.72957548753319,2,0.07924434
125,2.72957548753319,3,0.0790865
125,2.72957548753319,4,0.07909011
125,2.72957548753319,5,0.07915791
125,2.72957548753319,6,0.07907486
125,2.72957548753319,7,0.07900097
125,2.72957548753319,8,0.07856615
125,2.72957548753319,9,0.07847487
125,2.72957548753319,10,0.0787086
125,2.72957548753319,11,0.07876644
125,2.72957548753319,12,0.07906045
125,2.72957548753319,13,0.07903399
125,2.72957548753319,14,0.07905526
125,2.72957548753319,15,0.07924634
126,2.73934141056551,0,0.07949725
126,2.73934141056551,1,0.07920945
126,2.73934141056551,2,0.07933911
126,2.73934141056551,3,0.07928579
126,2.73934141056551,4,0.07928885
126,2.73934141056551,5,0.07938219
126,2.73934141056551,6,0.07913266
126,2.73934141056551,7,0.07926971
126,2.73934141056551,8,0.07899404
126,2.73934141056551,9,0.07907615
126,2.73934141056551,10,0.07896902
126,2.73934141056551,11,0.07901494
126,2.73934141056551,12,0.07901564
126,2.73934141056551,13,0.0790674
126,2.73934141056551,14,0.07884751
126,2.73934141056551,15,0.07916701
127,2.75032807397687,0,0.0788393
127,2.75032807397687,1,0.07856844
127,2.75032807397687,2,0.0791042
127,2.75032807397687,3,0.07870241
127,2.75032807397687,4,0.07867543
127,2.75032807397687,5,0.07899587
127,2.75032807397687,6,0.07907303
127,2.75032807397687,7,0.0788974
127,2.75032807397687,8,0.07898992
127,2.75032807397687,9,0.07883985
127,2.75032807397687,10,0.07882525
127,2.75032807397687,11,0.0787787
127,2.75032807397687,12,0.0790053
127,2.75032807397687,13,0.07893351
127,2.75032807397687,14,0.07882334
127,2.75032807397687,15,0.07913007
128,2.75948362681967,0,0.07938913
128,2.75948362681967,1,0.07907265
128,2.75948362681967,2,0.07940713
128,2.75948362681967,3,0.07916559
128,2.75948362681967,4,0.07899418
128,2.75948362681967,5,0.07938865
128,2.75948362681967,6,0.07906194
128,2.75948362681967,7,0.079028
128,2.75948362681967,8,0.07885909
128,2.75948362681967,9,0.07872667
128,2.75948362681967,10,0.07890376
128,2.75948362681967,11,0.07893185
128,2.75948362681967,12,0.07906389
128,2.75948362681967,13,0.07878605
128,2.75948362681967,14,0.07882648
128,2.75948362681967,15,0.07884967
129,2.76924954985198,0,0.07962515
129,2.76924954985198,1,0.07920446
129,2.76924954985198,2,0.07929942
129,2.76924954985198,3,0.07930325
129,2.76924954985198,4,0.07938167
129,2.76924954985198,5,0.07944315
129,2.76924954985198,6,0.07899731
129,2.76924954985198,7,0.07917535
129,2.76924954985198,8,0.07908113
129,2.76924954985198,9,0.07921159
129,2.76924954985198,10,0.07910599
129,2.76924954985198,11,0.07930008
129,2.76924954985198,12,0.07909368
129,2.76924954985198,13,0.07918122
129,2.76924954985198,14,0.0788717
129,2.76924954985198,15,0.07926311
130,2.78023621326334,0,0.07936832
130,2.78023621326334,1,0.07950873
130,2.78023621326334,2,0.07951754
130,2.78023621326334,3,0.07952283
130,2.78023621326334,4,0.07919966
130,2.78023621326334,5,0.07938281
130,2.78023621326334,6,0.07927031
130,2.78023621326334,7,0.07898176
130,2.78023621326334,8,0.0792606
130,2.78023621326334,9,0.07889846
130,2.78023621326334,10,0.07914574
130,2.78023621326334,11,0.07902949
130,2.78023621326334,12,0.07920223
130,2.78023621326334,13,0.07944614
130,2.78023621326334,14,0.07919382
130,2.78023621326334,15,0.07949469
131,2.78939176610614,0,0.0794088
131,2.78939176610614,1,0.07942989
131,2.78939176610614,2,0.07977759
131,2.78939176610614,3,0.0796717
131,2.78939176610614,4,0.07952593
131,2.78939176610614,5,0.0793964
131,2.78939176610614,6,0.07956294
131,2.78939176610614,7,0.07953247
131,2.78939176610614,8,0.07945268
131,2.78939176610614,9,0.07954878
131,2.78939176610614,10,0.07953399
131,2.78939176610614,11,0.07921466
131,2.78939176610614,12,0.07934584
131,2.78939176610614,13,0.07950295
131,2.78939176610614,14,0.07961692
131,2.78939176610614,15,0.07934099
132,2.79976805932798,0,0.07950335
132,2.79976805932798,1,0.07959487
132,2.79976805932798,2,0.0795168
132,2.79976805932798,3,0.07953664
132,2.79976805932798,4,0.07925007
132,2.79976805932798,5,0.07932959
132,2.79976805932798,6,0.07913584
132,2.79976805932798,7,0.07916778
132,2.79976805932798,8,0.07924763
132,2.79976805932798,9,0.07929231
132,2.79976805932798,10,0.07955334
132,2.79976805932798,11,0.07934955
132,2.79976805932798,12,0.07946718
132,2.79976805932798,13,0.07964464
132,2.79976805932798,14,0.07963003
132,2.79976805932798,15,0.07957131
133,2.8095339823603,0,0.07943762
133,2.8095339823603,1,0.07944628
133,2.8095339823603,2,0.07933597
133,2.8095339823603,3,0.07953729
133,2.8095339823603,4,0.07955935
133,2.8095339823603,5,0.07949055
133,2.8095339823603,6,0.07944078
133,2.8095339823603,7,0.07977914
133,2.8095339823603,8,0.07959974
133,2.8095339823603,9,0.07946771
133,2.8095339823603,10,0.079665
133,2.8095339823603,11,0.07975549
133,2.8095339823603,12,0.07938296
133,2.8095339823603,13,0.07938769
133,2.8095339823603,14,0.07928713
133,2.8095339823603,15,0.079641
134,2.81929990539262,0,0.07934942
134,2.81929990539262,1,0.07936987
134,2.81929990539262,2,0.07931542
134,2.81929990539262,3,0.07923653
134,2.81929990539262,4,0.07903611
134,2.81929990539262,5,0.07909378
134,2.81929990539262,6,0.07905906
134,2.81929990539262,7,0.07927141
134,2.81929990539262,8,0.07908553
134,2.81929990539262,9,0.07910244
134,2.81929990539262,10,0.0793153
134,2.81929990539262,11,0.07906054
134,2.81929990539262,12,0.07910389
134,2.81929990539262,13,0.07898632
134,2.81929990539262,14,0.07894812
134,2.81929990539262,15,0.07876783
135,2.82967619861446,0,0.07902509
135,2.82967619861446,1,0.07923828
135,2.82967619861446,2,0.07898293
135,2.82967619861446,3,0.07903045
135,2.82967619861446,4,0.07919014
135,2.82967619861446,5,0.0790797
135,2.82967619861446,6,0.07919533
135,2.82967619861446,7,0.07910815
135,2.82967619861446,8,0.07921712
135,2.82967619861446,9,0.07881874
135,2.82967619861446,10,0.07885465
135,2.82967619861446,11,0.07888088
135,2.82967619861446,12,0.07867371
135,2.82967619861446,13,0.07885384
135,2.82967619861446,14,0.07891709
135,2.82967619861446,15,0.07912181
136,2.83944212164678,0,0.07922281
136,2.83944212164678,1,0.07930478
136,2.83944212164678,2,0.07887626
136,2.83944212164678,3,0.07907418
136,2.83944212164678,4,0.07888503
136,2.83944212164678,5,0.07941111
136,2.83944212164678,6,0.07913194
136,2.83944212164678,7,0.07921948
136,2.83944212164678,8,0.07928209
136,2.83944212164678,9,0.07917534
136,2.83944212164678,10,0.07919043
136,2.83944212164678,11,0.07926942
136,2.83944212164678,12,0.07885836
136,2.83944212164678,13,0.07902493
136,2.83944212164678,14,0.07932368
136,2.83944212164678,15,0.07935761
137,2.85042878505814,0,0.07908097
137,2.85042878505814,1,0.07949006
137,2.85042878505814,2,0.07946564
137,2.85042878505814,3,0.07954635
137,2.85042878505814,4,0.0795555
137,2.85042878505814,5,0.07949672
137,2.85042878505814,6,0.07965992
137,2.85042878505814,7,0.07945226
137,2.85042878505814,8,0.07954096
137,2.85042878505814,9,0.07943676
137,2.85042878505814,10,0.07957237
137,2.85042878505814,11,0.07956353
137,2.85042878505814,12,0.07965721
137,2.85042878505814,13,0.07917619
137,2.85042878505814,14,0.07915535
137,2.85042878505814,15,0.07920624
138,2.85958433790094,0,0.07929118
138,2.85958433790094,1,0.07921536
138,2.85958433790094,2,0.07895905
138,2.85958433790094,3,0.07943963
138,2.85958433790094,4,0.07936589
138,2.85958433790094,5,0.07945262
138,2.85958433790094,6,0.07922295
138,2.85958433790094,7,0.07922231
138,2.85958433790094,8,0.07933667
138,2.85958433790094,9,0.07921147
138,2.85958433790094,10,0.07946915
138,2.85958433790094,11,0.07935663
138,2.85958433790094,12,0.07933
138,2.85958433790094,13,0.07948888
138,2.85958433790094,14,0.07948261
138,2.85958433790094,15,0.07920891
139,2.86935026093326,0,0.07909302
139,2.86935026093326,1,0.07921419
139,2.86935026093326,2,0.07936285
139,2.86935026093326,3,0.07943103
139,2.86935026093326,4,0.07918939
139,2.86935026093326,5,0.07916428
139,2.86935026093326,6,0.07929314
139,2.86935026093326,7,0.07919365
139,2.86935026093326,8,0.0793718
139,2.86935026093326,9,0.07910968
139,2.86935026093326,10,0.07919472
139,2.86935026093326,11,0.07942986
139,2.86935026093326,12,0.07928772
139,2.86935026093326,13,0.07899335
139,2.86935026093326,14,0.07932124
139,2.86935026093326,15,0.07948148
140,2.8797265541551,0,0.0792946
140,2.8797265541551,1,0.07936877
140,2.8797265541551,2,0.07938518
140,2.8797265541551,3,0.07939931
140,2.8797265541551,4,0.07954537
140,2.8797265541551,5,0.0796839
140,2.8797265541551,6,0.07934082
140,2.8797265541551,7,0.07919548
140,2.8797265541551,8,0.07924271
140,2.8797265541551,9,0.07927166
140,2.8797265541551,10,0.07924404
140,2.8797265541551,11,0.07911858
140,2.8797265541551,12,0.07909603
140,2.8797265541551,13,0.07904465
140,2.8797265541551,14,0.07953406
140,2.8797265541551,15,0.07910661
141,2.88949247718741,0,0.07874276
141,2.88949247718741,1,0.07893927
141,2.88949247718741,2,0.0787956
141,2.88949247718741,3,0.07896675
141,2.88949247718741,4,0.07902349
141,2.88949247718741,5,0.07906498
141,2.88949247718741,6,0.07905807
141,2.88949247718741,7,0.0789542
141,2.88949247718741,8,0.07913422
141,2.88949247718741,9,0.078936
141,2.88949247718741,10,0.07879724
141,2.88949247718741,11,0.07876445
141,2.88949247718741,12,0.07914106
141,2.88949247718741,13,0.07923561
141,2.88949247718741,14,0.07897627
141,2.88949247718741,15,0.079367
142,2.89925840021973,0,0.07953632
142,2.89925840021973,1,0.07949782
142,2.89925840021973,2,0.07965992
142,2.89925840021973,3,0.079427
142,2.89925840021973,4,0.07925744
142,2.89925840021973,5,0.07956444
142,2.89925840021973,6,0.0790091
142,2.89925840021973,7,0.07934692
142,2.89925840021973,8,0.0788853
142,2.89925840021973,9,0.0793146
142,2.89925840021973,10,0.07913081
142,2.89925840021973,11,0.07945726
142,2.89925840021973,12,0.07935966
142,2.89925840021973,13,0.07924838
142,2.89925840021973,14,0.07928006
142,2.89925840021973,15,0.07934237
143,2.91024506363109,0,0.07939345
143,2.91024506363109,1,0.07876041
143,2.91024506363109,2,0.07895926
143,2.91024506363109,3,0.0792205
143,2.91024506363109,4,0.07911705
143,2.91024506363109,5,0.07927686
143,2.91024506363109,6,0.07905426
143,2.91024506363109,7,0.07934418
143,2.91024506363109,8,0.07911216
143,2.91024506363109,9,0.07914586
143,2.91024506363109,10,0.07928091
143,2.91024506363109,11,0.079216
143,2.91024506363109,12,0.07930043
143,2.91024506363109,13,0.0793389
143,2.91024506363109,14,0.07922253
143,2.91024506363109,15,0.07912671
144,2.91940061647389,0,0.07949862
144,2.91940061647389,1,0.07966005
144,2.91940061647389,2,0.07948271
144,2.91940061647389,3,0.07954749
144,2.91940061647389,4,0.07953672
144,2.91940061647389,5,0.07954638
144,2.91940061647389,6,0.07935591
144,2.91940061647389,7,0.07954425
144,2.91940061647389,8,0.07952331
144,2.91940061647389,9,0.07946107
144,2.91940061647389,10,0.07936987
144,2.91940061647389,11,0.07925594
144,2.91940061647389,12,0.07937536
144,2.91940061647389,13,0.07957561
144,2.91940061647389,14,0.07945044
144,2.91940061647389,15,0.07962852
145,2.92977690969573,0,0.07956457
145,2.92977690969573,1,0.07985502
145,2.92977690969573,2,0.07961498
145,2.92977690969573,3,0.07956431
145,2.92977690969573,4,0.07964402
145,2.92977690969573,5,0.07960355
145,2.92977690969573,6,0.08013578
145,2.92977690969573,7,0.0797551
145,2.92977690969573,8,0.07987399
145,2.92977690969573,9,0.07975557
145,2.92977690969573,10,0.07992826
145,2.92977690969573,11,0.07976726
145,2.92977690969573,12,0.07974271
145,2.92977690969573,13,0.07940609
145,2.92977690969573,14,0.07971167
145,2.92977690969573,15,0.07964
146,2.94015320291757,0,0.07953706
146,2.94015320291757,1,0.07972962
146,2.94015320291757,2,0.07980146
146,2.94015320291757,3,0.07974993
146,2.94015320291757,4,0.08000892
146,2.94015320291757,5,0.07995692
146,2.94015320291757,6,0.0799363
146,2.94015320291757,7,0.07995608
146,2.94015320291757,8,0.07960936
146,2.94015320291757,9,0.07978157
146,2.94015320291757,10,0.07984793
146,2.94015320291757,11,0.07966404
146,2.94015320291757,12,0.07952578
146,2.94015320291757,13,0.07940104
146,2.94015320291757,14,0.07968287
146,2.94015320291757,15,0.07938559
147,2.94930875576037,0,0.07982156
147,2.94930875576037,1,0.07961357
147,2.94930875576037,2,0.07965149
147,2.94930875576037,3,0.07975204
147,2.94930875576037,4,0.07928327
147,2.94930875576037,5,0.0797211
147,2.94930875576037,6,0.07973208
147,2.94930875576037,7,0.07936216
147,2.94930875576037,8,0.0795801
147,2.94930875576037,9,0.07959271
147,2.94930875576037,10,0.07988406
147,2.94930875576037,11,0.07964365
147,2.94930875576037,12,0.07934751
147,2.94930875576037,13,0.07928777
147,2.94930875576037,14,0.0798386
147,2.94930875576037,15,0.08002079
148,2.95907467879269,0,0.07964401
148,2.95907467879269,1,0.07964645
148,2.95907467879269,2,0.07986614
148,2.95907467879269,3,0.07944757
148,2.95907467879269,4,0.07976642
148,2.95907467879269,5,0.07987781
148,2.95907467879269,6,0.07965589
148,2.95907467879269,7,0.07950831
148,2.95907467879269,8,0.07958614
148,2.95907467879269,9,0.0795697
148,2.95907467879269,10,0.07972149
148,2.95907467879269,11,0.07962147
148,2.95907467879269,12,0.07949369
148,2.95907467879269,13,0.07938528
148,2.95907467879269,14,0.07960176
148,2.95907467879269,15,0.07954267
149,2.96945097201453,0,0.07971781
149,2.96945097201453,1,0.07980779
149,2.96945097201453,2,0.07953543
149,2.96945097201453,3,0.07967386
149,2.96945097201453,4,0.07954615
149,2.96945097201453,5,0.07981984
149,2.96945097201453,6,0.07983376
149,2.96945097201453,7,0.07977343
149,2.96945097201453,8,0.07988785
149,2.96945097201453,9,0.08005413
149,2.96945097201453,10,0.07986718
149,2.96945097201453,11,0.07972983
149,2.96945097201453,12,0.07984899
149,2.96945097201453,13,0.07955469
149,2.96945097201453,14,0.07983376
149,2.96945097201453,15,0.08007208
150,2.97982726523637,0,0.07946497
150,2.97982726523637,1,0.07964379
150,2.97982726523637,2,0.07955763
150,2.97982726523637,3,0.07981697
150,2.97982726523637,4,0.0798739
150,2.97982726523637,5,0.0796188
150,2.97982726523637,6,0.07939701
150,2.97982726523637,7,0.07929755
150,2.97982726523637,8,0.07951672
150,2.97982726523637,9,0.07952234
150,2.97982726523637,10,0.07951647
150,2.97982726523637,11,0.07962105
150,2.97982726523637,12,0.07971385
150,2.97982726523637,13,0.07980497
150,2.97982726523637,14,0.07969474
150,2.97982726523637,15,0.07965844
151,2.98959318826868,0,0.07976704
151,2.98959318826868,1,0.07953861
151,2.98959318826868,2,0.07952522
151,2.98959318826868,3,0.07955763
151,2.98959318826868,4,0.07963315
151,2.98959318826868,5,0.0791975
151,2.98959318826868,6,0.07958499
151,2.98959318826868,7,0.0797526
151,2.98959318826868,8,0.07940079
151,2.98959318826868,9,0.0795607
151,2.98959318826868,10,0.07940146
151,2.98959318826868,11,0.07950572
151,2.98959318826868,12,0.07963513
151,2.98959318826868,13,0.07978804
151,2.98959318826868,14,0.07920346
151,2.98959318826868,15,0.07951119
152,2.999359111301,0,0.07955826
152,2.999359111301,1,0.0794903
152,2.999359111301,2,0.07983717
152,2.999359111301,3,0.07951072
152,2.999359111301,4,0.07951691
152,2.999359111301,5,0.07952151
152,2.999359111301,6,0.07947152
152,2.999359111301,7,0.07943957
152,2.999359111301,8,0.07947673
152,2.999359111301,9,0.07941774
152,2.999359111301,10,0.07946154
152,2.999359111301,11,0.07946604
152,2.999359111301,12,0.07967974
152,2.999359111301,13,0.07936168
152,2.999359111301,14,0.0796535
152,2.999359111301,15,0.07956569
153,3.00973540452284,0,0.07935447
153,3.00973540452284,1,0.07958431
153,3.00973540452284,2,0.07948577
153,3.00973540452284,3,0.0794347
153,3.00973540452284,4,0.07951551
153,3.00973540452284,5,0.07932735
153,3.00973540452284,6,0.07958703
153,3.00973540452284,7,0.07978432
153,3.00973540452284,8,0.07956894
153,3.00973540452284,9,0.07972135
153,3.00973540452284,10,0.0794512
153,3.00973540452284,11,0.07947913
153,3.00973540452284,12,0.07946677
153,3.00973540452284,13,0.07996201
153,3.00973540452284,14,0.07936347
153,3.00973540452284,15,0.07964814
154,3.01950132755516,0,0.07967965
154,3.01950132755516,1,0.07946356
154,3.01950132755516,2,0.07943717
154,3.01950132755516,3,0.079896
154,3.01950132755516,4,0.07950969
154,3.01950132755516,5,0.07945248
154,3.01950132755516,6,0.07973266
154,3.01950132755516,7,0.08003034
154,3.01950132755516,8,0.07976273
154,3.01950132755516,9,0.0791823
154,3.01950132755516,10,0.07922369
154,3.01950132755516,11,0.07932825
154,3.01950132755516,12,0.07911785
154,3.01950132755516,13,0.07964589
154,3.01950132755516,14,0.07937185
154,3.01950132755516,15,0.07974121
155,3.02926725058748,0,0.07947463
155,3.02926725058748,1,0.07955277
155,3.02926725058748,2,0.07957253
155,3.02926725058748,3,0.07957389
155,3.02926725058748,4,0.07944591
155,3.02926725058748,5,0.07918651
155,3.02926725058748,6,0.07946584
155,3.02926725058748,7,0.07958383
155,3.02926725058748,8,0.07953132
155,3.02926725058748,9,0.07936294
155,3.02926725058748,10,0.07939201
155,3.02926725058748,11,0.07960479
155,3.02926725058748,12,0.07960477
155,3.02926725058748,13,0.07935642
155,3.02926725058748,14,0.07975706
155,3.02926725058748,15,0.07965691
156,3.03964354380932,0,0.07965937
156,3.03964354380932,1,0.0798346
156,3.03964354380932,2,0.07960184
156,3.03964354380932,3,0.07948947
156,3.03964354380932,4,0.07954279
156,3.03964354380932,5,0.07963827
156,3.03964354380932,6,0.07962397
156,3.03964354380932,7,0.0794131
156,3.03964354380932,8,0.07941287
156,3.03964354380932,9,0.07949625
156,3.03964354380932,10,0.07940948
156,3.03964354380932,11,0.07982995
156,3.03964354380932,12,0.07983325
156,3.03964354380932,13,0.07916842
156,3.03964354380932,14,0.07925964
156,3.03964354380932,15,0.07922938
157,3.04879909665212,0,0.07954787
157,3.04879909665212,1,0.07939895
157,3.04879909665212,2,0.0793414
157,3.04879909665212,3,0.07959985
157,3.04879909665212,4,0.07953003
157,3.04879909665212,5,0.07945156
157,3.04879909665212,6,0.07915754
157,3.04879909665212,7,0.07951131
157,3.04879909665212,8,0.07966823
157,3.04879909665212,9,0.07964091
157,3.04879909665212,10,0.07954957
157,3.04879909665212,11,0.07935065
157,3.04879909665212,12,0.07936026
157,3.04879909665212,13,0.07919805
157,3.04879909665212,14,0.07937409
157,3.04879909665212,15,0.07933148
158,3.060396130253,0,0.07922201
158,3.060396130253,1,0.07921583
158,3.060396130253,2,0.07915469
158,3.060396130253,3,0.07898629
158,3.060396130253,4,0.07921156
158,3.060396130253,5,0.07926566
158,3.060396130253,6,0.07916959
158,3.060396130253,7,0.07906465
158,3.060396130253,8,0.0795669
158,3.060396130253,9,0.07959555
158,3.060396130253,10,0.07941749
158,3.060396130253,11,0.07956048
158,3.060396130253,12,0.07978166
158,3.060396130253,13,0.07961644
158,3.060396130253,14,0.07989203
158,3.060396130253,15,0.07975716
159,3.0695516830958,0,0.07962735
159,3.0695516830958,1,0.07942967
159,3.0695516830958,2,0.07927183
159,3.0695516830958,3,0.0791882
159,3.0695516830958,4,0.07943414
159,3.0695516830958,5,0.07981868
159,3.0695516830958,6,0.07946798
159,3.0695516830958,7,0.07951064
159,3.0695516830958,8,0.07922243
159,3.0695516830958,9,0.07936631
159,3.0695516830958,10,0.07932603
159,3.0695516830958,11,0.07965802
159,3.0695516830958,12,0.07968137
159,3.0695516830958,13,0.0798236
159,3.0695516830958,14,0.07959583
159,3.0695516830958,15,0.07970458
160,3.07931760612812,0,0.07990558
160,3.07931760612812,1,0.07963477
160,3.07931760612812,2,0.07968724
160,3.07931760612812,3,0.07966711
160,3.07931760612812,4,0.07980098
160,3.07931760612812,5,0.07984466
160,3.07931760612812,6,0.07999076
160,3.07931760612812,7,0.07973139
160,3.07931760612812,8,0.07993481
160,3.07931760612812,9,0.0796615
160,3.07931760612812,10,0.07957764
160,3.07931760612812,11,0.07975658
160,3.07931760612812,12,0.07983766
160,3.07931760612812,13,0.07962549
160,3.07931760612812,14,0.07954551
160,3.07931760612812,15,0.07971694
161,3.08969389934996,0,0.07932559
161,3.08969389934996,1,0.07937039
161,3.08969389934996,2,0.07951701
161,3.08969389934996,3,0.07963712
161,3.08969389934996,4,0.0795534
161,3.08969389934996,5,0.07974714
161,3.08969389934996,6,0.07942747
161,3.08969389934996,7,0.07939799
161,3.08969389934996,8,0.07946392
161,3.08969389934996,9,0.07946599
161,3.08969389934996,10,0.07977831
161,3.08969389934996,11,0.07977842
161,3.08969389934996,12,0.07990453
161,3.08969389934996,13,0.07979985
161,3.08969389934996,14,0.07948846
161,3.08969389934996,15,0.07964557
162,3.10007019257179,0,0.07950971
162,3.10007019257179,1,0.07948868
162,3.10007019257179,2,0.07968868
162,3.10007019257179,3,0.07994828
162,3.10007019257179,4,0.07984582
162,3.10007019257179,5,0.07988681
162,3.10007019257179,6,0.08003647
162,3.10007019257179,7,0.07991991
162,3.10007019257179,8,0.07971466
162,3.10007019257179,9,0.0798932
162,3.10007019257179,10,0.07999191
162,3.10007019257179,11,0.07975993
162,3.10007019257179,12,0.08000965
162,3.10007019257179,13,0.079579
162,3.10007019257179,14,0.07970535
162,3.10007019257179,15,0.07974725
163,3.10983611560411,0,0.07971042
163,3.10983611560411,1,0.07972835
163,3.10983611560411,2,0.07977424
163,3.10983611560411,3,0.07988036
163,3.10983611560411,4,0.0799503
163,3.10983611560411,5,0.07998519
163,3.10983611560411,6,0.07986923
163,3.10983611560411,7,0.07968275
163,3.10983611560411,8,0.07973015
163,3.10983611560411,9,0.079611
163,3.10983611560411,10,0.07980087
163,3.10983611560411,11,0.07960697
163,3.10983611560411,12,0.08013133
163,3.10983611560411,13,0.07990487
163,3.10983611560411,14,0.07971052
163,3.10983611560411,15,0.07998895
164,3.11960203863643,0,0.0796574
164,3.11960203863643,1,0.07996543
164,3.11960203863643,2,0.07991772
164,3.11960203863643,3,0.07976554
164,3.11960203863643,4,0.08011048
164,3.11960203863643,5,0.07991055
164,3.11960203863643,6,0.08008592
164,3.11960203863643,7,0.08004485
164,3.11960203863643,8,0.07995876
164,3.11960203863643,9,0.07985874
164,3.11960203863643,10,0.07983752
164,3.11960203863643,11,0.07981756
164,3.11960203863643,12,0.07999334
164,3.11960203863643,13,0.07973509
164,3.11960203863643,14,0.07961061
164,3.11960203863643,15,0.07967516
165,3.12997833185827,0,0.0801235
165,3.12997833185827,1,0.08018082
165,3.12997833185827,2,0.08025759
165,3.12997833185827,3,0.07993969
165,3.12997833185827,4,0.07976796
165,3.12997833185827,5,0.08011533
165,3.12997833185827,6,0.07984109
165,3.12997833185827,7,0.07977488
165,3.12997833185827,8,0.07992591
165,3.12997833185827,9,0.08000255
165,3.12997833185827,10,0.08001849
165,3.12997833185827,11,0.08010257
165,3.12997833185827,12,0.07984672
165,3.12997833185827,13,0.07976487
165,3.12997833185827,14,0.07970067
165,3.12997833185827,15,0.07984111
166,3.13974425489059,0,0.07993267
166,3.13974425489059,1,0.07986218
166,3.13974425489059,2,0.07992753
166,3.13974425489059,3,0.0798007
166,3.13974425489059,4,0.07986557
166,3.13974425489059,5,0.08010039
166,3.13974425489059,6,0.08001505
166,3.13974425489059,7,0.07994546
166,3.13974425489059,8,0.0800201
166,3.13974425489059,9,0.07994428
166,3.13974425489059,10,0.07993697
166,3.13974425489059,11,0.07994497
166,3.13974425489059,12,0.08003888
166,3.13974425489059,13,0.07990023
166,3.13974425489059,14,0.08003446
166,3.13974425489059,15,0.08002333
167,3.14951017792291,0,0.07995121
167,3.14951017792291,1,0.08031887
167,3.14951017792291,2,0.08005118
167,3.14951017792291,3,0.08009282
167,3.14951017792291,4,0.08003955
167,3.14951017792291,5,0.07961405
167,3.14951017792291,6,0.07961667
167,3.14951017792291,7,0.07965942
167,3.14951017792291,8,0.07985347
167,3.14951017792291,9,0.07956122
167,3.14951017792291,10,0.07971559
167,3.14951017792291,11,0.0797108
167,3.14951017792291,12,0.0799513
167,3.14951017792291,13,0.07973455
167,3.14951017792291,14,0.07999469
167,3.14951017792291,15,0.07996596
168,3.15927610095523,0,0.07996435
168,3.15927610095523,1,0.07972078
168,3.15927610095523,2,0.0798092
168,3.15927610095523,3,0.07980329
168,3.15927610095523,4,0.08012272
168,3.15927610095523,5,0.08018076
168,3.15927610095523,6,0.07976475
168,3.15927610095523,7,0.07972133
168,3.15927610095523,8,0.07968451
168,3.15927610095523,9,0.07971068
168,3.15927610095523,10,0.07968726
168,3.15927610095523,11,0.07985065
168,3.15927610095523,12,0.07967268
168,3.15927610095523,13,0.07993189
168,3.15927610095523,14,0.07975365
168,3.15927610095523,15,0.07977822
169,3.17026276436659,0,0.07977886
169,3.17026276436659,1,0.0797211
169,3.17026276436659,2,0.08001691
169,3.17026276436659,3,0.08000657
169,3.17026276436659,4,0.0797158
169,3.17026276436659,5,0.08007076
169,3.17026276436659,6,0.07978215
169,3.17026276436659,7,0.07988908
169,3.17026276436659,8,0.0801313
169,3.17026276436659,9,0.08011699
169,3.17026276436659,10,0.08033779
169,3.17026276436659,11,0.07998159
169,3.17026276436659,12,0.07991567
169,3.17026276436659,13,0.07973625
169,3.17026276436659,14,0.07974702
169,3.17026276436659,15,0.07955842
170,3.17880794701987,0,0.07984959
170,3.17880794701987,1,0.07998043
170,3.17880794701987,2,0.08019399
170,3.17880794701987,3,0.07999907
170,3.17880794701987,4,0.07996989
170,3.17880794701987,5,0.07951766
170,3.17880794701987,6,0.07993756
170,3.17880794701987,7,0.0799062
170,3.17880794701987,8,0.07983378
170,3.17880794701987,9,0.07997378
170,3.17880794701987,10,0.08005672
170,3.17880794701987,11,0.07996349
170,3.17880794701987,12,0.08008318
170,3.17880794701987,13,0.08003645
170,3.17880794701987,14,0.08001516
170,3.17880794701987,15,0.07984342
171,3.19040498062075,0,0.07996764
171,3.19040498062075,1,0.07983655
171,3.19040498062075,2,0.07968152
171,3.19040498062075,3,0.07980463
171,3.19040498062075,4,0.07972962
171,3.19040498062075,5,0.07989229
171,3.19040498062075,6,0.0802364
171,3.19040498062075,7,0.07981383
171,3.19040498062075,8,0.0798888
171,3.19040498062075,9,0.07990365
171,3.19040498062075,10,0.07994823
171,3.19040498062075,11,0.0799899
171,3.19040498062075,12,0.07981855
171,3.19040498062075,13,0.07980179
171,3.19040498062075,14,0.0798972
171,3.19040498062075,15,0.07969175
172,3.19895016327403,0,0.07943822
172,3.19895016327403,1,0.07960603
172,3.19895016327403,2,0.07962102
172,3.19895016327403,3,0.07998182
172,3.19895016327403,4,0.0796723
172,3.19895016327403,5,0.07984883
172,3.19895016327403,6,0.07998821
172,3.19895016327403,7,0.07992417
172,3.19895016327403,8,0.07979941
172,3.19895016327403,9,0.07983901
172,3.19895016327403,10,0.07965232
172,3.19895016327403,11,0.07960767
172,3.19895016327403,12,0.07995967
172,3.19895016327403,13,0.08003509
172,3.19895016327403,14,0.07982592
172,3.19895016327403,15,0.07980598
173,3.20871608630634,0,0.07982023
173,3.20871608630634,1,0.08018802
173,3.20871608630634,2,0.08024279
173,3.20871608630634,3,0.079933
173,3.20871608630634,4,0.07973199
173,3.20871608630634,5,0.07986009
173,3.20871608630634,6,0.07955951
173,3.20871608630634,7,0.07993975
173,3.20871608630634,8,0.07974897
173,3.20871608630634,9,0.07974479
173,3.20871608630634,10,0.0798545
173,3.20871608630634,11,0.07976675
173,3.20871608630634,12,0.07981492
173,3.20871608630634,13,0.07991885
173,3.20871608630634,14,0.07972477
173,3.20871608630634,15,0.0797418
174,3.2197027497177,0,0.07982692
174,3.2197027497177,1,0.08007653
174,3.2197027497177,2,0.07988814
174,3.2197027497177,3,0.08024213
174,3.2197027497177,4,0.07984795
174,3.2197027497177,5,0.08010572
174,3.2197027497177,6,0.07988334
174,3.2197027497177,7,0.07988426
174,3.2197027497177,8,0.08006999
174,3.2197027497177,9,0.08014022
174,3.2197027497177,10,0.08024912
174,3.2197027497177,11,0.08005798
174,3.2197027497177,12,0.08024836
174,3.2197027497177,13,0.08017695
174,3.2197027497177,14,0.08006681
174,3.2197027497177,15,0.08022667
175,3.22946867275002,0,0.08013787
175,3.22946867275002,1,0.08036283
175,3.22946867275002,2,0.08028554
175,3.22946867275002,3,0.08023708
175,3.22946867275002,4,0.0803252
175,3.22946867275002,5,0.0803921
175,3.22946867275002,6,0.08067229
175,3.22946867275002,7,0.08042915
175,3.22946867275002,8,0.08005632
175,3.22946867275002,9,0.08035743
175,3.22946867275002,10,0.08035915
175,3.22946867275002,11,0.0803365
175,3.22946867275002,12,0.08041295
175,3.22946867275002,13,0.08043806
175,3.22946867275002,14,0.08040676
175,3.22946867275002,15,0.08038697
176,3.23862422559282,0,0.07992292
176,3.23862422559282,1,0.08024242
176,3.23862422559282,2,0.08035402
176,3.23862422559282,3,0.08048229
176,3.23862422559282,4,0.08018398
176,3.23862422559282,5,0.08048581
176,3.23862422559282,6,0.08048811
176,3.23862422559282,7,0.08007094
176,3.23862422559282,8,0.08028216
176,3.23862422559282,9,0.08005568
176,3.23862422559282,10,0.08008593
176,3.23862422559282,11,0.07984425
176,3.23862422559282,12,0.08000171
176,3.23862422559282,13,0.08020893
176,3.23862422559282,14,0.0799507
176,3.23862422559282,15,0.08004943
177,3.24961088900418,0,0.08002279
177,3.24961088900418,1,0.07998762
177,3.24961088900418,2,0.08017102
177,3.24961088900418,3,0.07996671
177,3.24961088900418,4,0.08017308
177,3.24961088900418,5,0.0802019
177,3.24961088900418,6,0.08024416
177,3.24961088900418,7,0.08002174
177,3.24961088900418,8,0.08003624
177,3.24961088900418,9,0.07989854
177,3.24961088900418,10,0.08013234
177,3.24961088900418,11,0.08017991
177,3.24961088900418,12,0.08011453
177,3.24961088900418,13,0.08025512
177,3.24961088900418,14,0.08033179
177,3.24961088900418,15,0.08011083
178,3.25876644184698,0,0.08008599
178,3.25876644184698,1,0.07988867
178,3.25876644184698,2,0.07973322
178,3.25876644184698,3,0.07994993
178,3.25876644184698,4,0.07972248
178,3.25876644184698,5,0.07947481
178,3.25876644184698,6,0.07966263
178,3.25876644184698,7,0.07987896
178,3.25876644184698,8,0.07988001
178,3.25876644184698,9,0.07996701
178,3.25876644184698,10,0.07980506
178,3.25876644184698,11,0.07991987
178,3.25876644184698,12,0.07988903
178,3.25876644184698,13,0.07989711
178,3.25876644184698,14,0.07993499
178,3.25876644184698,15,0.07985237
179,3.26914273506882,0,0.07981733
179,3.26914273506882,1,0.07960425
179,3.26914273506882,2,0.07952634
179,3.26914273506882,3,0.07969587
179,3.26914273506882,4,0.07940318
179,3.26914273506882,5,0.07988922
179,3.26914273506882,6,0.07957035
179,3.26914273506882,7,0.0795003
179,3.26914273506882,8,0.07986092
179,3.26914273506882,9,0.07953336
179,3.26914273506882,10,0.07970554
179,3.26914273506882,11,0.07983196
179,3.26914273506882,12,0.07992552
179,3.26914273506882,13,0.07968881
179,3.26914273506882,14,0.07953922
179,3.26914273506882,15,0.07943378
180,3.27951902829066,0,0.07954503
180,3.27951902829066,1,0.07970025
180,3.27951902829066,2,0.07950667
180,3.27951902829066,3,0.07958025
180,3.27951902829066,4,0.07966882
180,3.27951902829066,5,0.07952183
180,3.27951902829066,6,0.07935483
180,3.27951902829066,7,0.07938036
180,3.27951902829066,8,0.07984618
180,3.27951902829066,9,0.07984412
180,3.27951902829066,10,0.0797191
180,3.27951902829066,11,0.07940151
180,3.27951902829066,12,0.07942024
180,3.27951902829066,13,0.07958158
180,3.27951902829066,14,0.07960241
180,3.27951902829066,15,0.0796579
181,3.28867458113346,0,0.07946847
181,3.28867458113346,1,0.07970211
181,3.28867458113346,2,0.07974797
181,3.28867458113346,3,0.07973466
181,3.28867458113346,4,0.07986786
181,3.28867458113346,5,0.0796914
181,3.28867458113346,6,0.07952456
181,3.28867458113346,7,0.0796706
181,3.28867458113346,8,0.07961256
181,3.28867458113346,9,0.07958987
181,3.28867458113346,10,0.0795562
181,3.28867458113346,11,0.07957705
181,3.28867458113346,12,0.079715
181,3.28867458113346,13,0.07935656
181,3.28867458113346,14,0.07968726
181,3.28867458113346,15,0.07957944
182,3.2990508743553,0,0.07963585
182,3.2990508743553,1,0.07969501
182,3.2990508743553,2,0.07985765
182,3.2990508743553,3,0.07960358
182,3.2990508743553,4,0.07971524
182,3.2990508743553,5,0.07984205
182,3.2990508743553,6,0.07971193
182,3.2990508743553,7,0.07967961
182,3.2990508743553,8,0.07982227
182,3.2990508743553,9,0.07989763
182,3.2990508743553,10,0.07947381
182,3.2990508743553,11,0.07948919
182,3.2990508743553,12,0.07936215
182,3.2990508743553,13,0.07928372
182,3.2990508743553,14,0.07929297
182,3.2990508743553,15,0.07934097
183,3.30881679738762,0,0.07993661
183,3.30881679738762,1,0.07989071
183,3.30881679738762,2,0.08005524
183,3.30881679738762,3,0.07973468
183,3.30881679738762,4,0.07992334
183,3.30881679738762,5,0.07988044
183,3.30881679738762,6,0.07977793
183,3.30881679738762,7,0.07960942
183,3.30881679738762,8,0.07966692
183,3.30881679738762,9,0.07971438
183,3.30881679738762,10,0.0796755
183,3.30881679738762,11,0.07992235
183,3.30881679738762,12,0.07987201
183,3.30881679738762,13,0.08003496
183,3.30881679738762,14,0.07993737
183,3.30881679738762,15,0.07989123
184,3.31919309060945,0,0.07986192
184,3.31919309060945,1,0.07983962
184,3.31919309060945,2,0.07979508
184,3.31919309060945,3,0.07985633
184,3.31919309060945,4,0.07993556
184,3.31919309060945,5,0.08001164
184,3.31919309060945,6,0.07985126
184,3.31919309060945,7,0.07981546
184,3.31919309060945,8,0.07968353
184,3.31919309060945,9,0.08000777
184,3.31919309060945,10,0.07999633
184,3.31919309060945,11,0.08004444
184,3.31919309060945,12,0.07999101
184,3.31919309060945,13,0.07996403
184,3.31919309060945,14,0.07991529
184,3.31919309060945,15,0.0801094
185,3.32895901364177,0,0.07965747
185,3.32895901364177,1,0.07997487
185,3.32895901364177,2,0.08012195
185,3.32895901364177,3,0.08006093
185,3.32895901364177,4,0.0797136
185,3.32895901364177,5,0.07987466
185,3.32895901364177,6,0.07995266
185,3.32895901364177,7,0.07999166
185,3.32895901364177,8,0.07979351
185,3.32895901364177,9,0.08028474
185,3.32895901364177,10,0.07997204
185,3.32895901364177,11,0.07979324
185,3.32895901364177,12,0.07984741
185,3.32895901364177,13,0.07981879
185,3.32895901364177,14,0.07989733
185,3.32895901364177,15,0.07980152
186,3.33872493667409,0,0.07965259
186,3.33872493667409,1,0.08002186
186,3.33872493667409,2,0.07993315
186,3.33872493667409,3,0.0800451
186,3.33872493667409,4,0.08026616
186,3.33872493667409,5,0.0798441
186,3.33872493667409,6,0.08008181
186,3.33872493667409,7,0.07991449
186,3.33872493667409,8,0.07979116
186,3.33872493667409,9,0.08017219
186,3.33872493667409,10,0.0801984
186,3.33872493667409,11,0.07992893
186,3.33872493667409,12,0.07994884
186,3.33872493667409,13,0.07996695
186,3.33872493667409,14,0.07975443
186,3.33872493667409,15,0.0796516
187,3.34910122989593,0,0.07978742
187,3.34910122989593,1,0.07977414
187,3.34910122989593,2,0.07990731
187,3.34910122989593,3,0.07997995
187,3.34910122989593,4,0.07988001
187,3.34910122989593,5,0.07995447
187,3.34910122989593,6,0.0801237
187,3.34910122989593,7,0.08015378
187,3.34910122989593,8,0.08011163
187,3.34910122989593,9,0.08012883
187,3.34910122989593,10,0.08025036
187,3.34910122989593,11,0.08002047
187,3.34910122989593,12,0.08001385
187,3.34910122989593,13,0.08011673
187,3.34910122989593,14,0.08001117
187,3.34910122989593,15,0.08008284
188,3.35886715292825,0,0.08031864
188,3.35886715292825,1,0.08036329
188,3.35886715292825,2,0.08043417
188,3.35886715292825,3,0.08034462
188,3.35886715292825,4,0.08035574
188,3.35886715292825,5,0.08049923
188,3.35886715292825,6,0.08033805
188,3.35886715292825,7,0.0800457
188,3.35886715292825,8,0.08025704
188,3.35886715292825,9,0.08041438
188,3.35886715292825,10,0.08014289
188,3.35886715292825,11,0.08015625
188,3.35886715292825,12,0.08036385
188,3.35886715292825,13,0.08017882
188,3.35886715292825,14,0.08022874
188,3.35886715292825,15,0.08005887
189,3.36802270577105,0,0.08010647
189,3.36802270577105,1,0.0800187
189,3.36802270577105,2,0.08021569
189,3.36802270577105,3,0.08021506
189,3.36802270577105,4,0.08001564
189,3.36802270577105,5,0.08034264
189,3.36802270577105,6,0.08043985
189,3.36802270577105,7,0.08036377
189,3.36802270577105,8,0.08036409
189,3.36802270577105,9,0.08045562
189,3.36802270577105,10,0.08053628
189,3.36802270577105,11,0.08046887
189,3.36802270577105,12,0.08064453
189,3.36802270577105,13,0.08044159
189,3.36802270577105,14,0.08040446
189,3.36802270577105,15,0.08023235
190,3.37900936918241,0,0.08020646
190,3.37900936918241,1,0.08001442
190,3.37900936918241,2,0.07993888
190,3.37900936918241,3,0.08026037
190,3.37900936918241,4,0.08012978
190,3.37900936918241,5,0.08029922
190,3.37900936918241,6,0.08023966
190,3.37900936918241,7,0.08018991
190,3.37900936918241,8,0.07998526
190,3.37900936918241,9,0.08027949
190,3.37900936918241,10,0.07994847
190,3.37900936918241,11,0.07973215
190,3.37900936918241,12,0.07990032
190,3.37900936918241,13,0.07997923
190,3.37900936918241,14,0.07988586
190,3.37900936918241,15,0.07961555
191,3.38816492202521,0,0.07979391
191,3.38816492202521,1,0.07996667
191,3.38816492202521,2,0.07986425
191,3.38816492202521,3,0.07976893
191,3.38816492202521,4,0.08002067
191,3.38816492202521,5,0.08001204
191,3.38816492202521,6,0.08005362
191,3.38816492202521,7,0.08013405
191,3.38816492202521,8,0.08004408
191,3.38816492202521,9,0.07981228
191,3.38816492202521,10,0.07955135
191,3.38816492202521,11,0.08006538
191,3.38816492202521,12,0.08006541
191,3.38816492202521,13,0.08011114
191,3.38816492202521,14,0.07999615
191,3.38816492202521,15,0.08010383
192,3.39854121524705,0,0.08013933
192,3.39854121524705,1,0.08030786
192,3.39854121524705,2,0.0799025
192,3.39854121524705,3,0.08010538
192,3.39854121524705,4,0.08026771
192,3.39854121524705,5,0.07989765
192,3.39854121524705,6,0.07994565
192,3.39854121524705,7,0.08036283
192,3.39854121524705,8,0.08008508
192,3.39854121524705,9,0.08001737
192,3.39854121524705,10,0.07970671
192,3.39854121524705,11,0.08014177
192,3.39854121524705,12,0.07990021
192,3.39854121524705,13,0.07987521
192,3.39854121524705,14,0.08023018
192,3.39854121524705,15,0.08008826
193,3.40891750846889,0,0.0802635
193,3.40891750846889,1,0.07993992
193,3.40891750846889,2,0.08010352
193,3.40891750846889,3,0.08016634
193,3.40891750846889,4,0.0800036
193,3.40891750846889,5,0.08012275
193,3.40891750846889,6,0.07990113
193,3.40891750846889,7,0.07986885
193,3.40891750846889,8,0.08002664
193,3.40891750846889,9,0.0799456
193,3.40891750846889,10,0.0801085
193,3.40891750846889,11,0.0801699
193,3.40891750846889,12,0.08012984
193,3.40891750846889,13,0.0800904
193,3.40891750846889,14,0.08001568
193,3.40891750846889,15,0.08073916
194,3.41807306131169,0,0.08023778
194,3.41807306131169,1,0.08059225
194,3.41807306131169,2,0.08034223
194,3.41807306131169,3,0.08042453
194,3.41807306131169,4,0.08042614
194,3.41807306131169,5,0.08056597
194,3.41807306131169,6,0.08062486
194,3.41807306131169,7,0.08062672
194,3.41807306131169,8,0.08068144
194,3.41807306131169,9,0.08032044
194,3.41807306131169,10,0.08038031
194,3.41807306131169,11,0.08013389
194,3.41807306131169,12,0.08029756
194,3.41807306131169,13,0.07996521
194,3.41807306131169,14,0.07990596
194,3.41807306131169,15,0.08000838
195,3.42844935453352,0,0.07991704
195,3.42844935453352,1,0.07976548
195,3.42844935453352,2,0.08008485
195,3.42844935453352,3,0.07986795
195,3.42844935453352,4,0.07993278
195,3.42844935453352,5,0.08036297
195,3.42844935453352,6,0.07998282
195,3.42844935453352,7,0.08001944
195,3.42844935453352,8,0.08009649
195,3.42844935453352,9,0.08027063
195,3.42844935453352,10,0.08023416
195,3.42844935453352,11,0.08026341
195,3.42844935453352,12,0.08039775
195,3.42844935453352,13,0.08052989
195,3.42844935453352,14,0.0802817
195,3.42844935453352,15,0.08033759
196,3.43882564775536,0,0.08031299
196,3.43882564775536,1,0.08021526
196,3.43882564775536,2,0.08027772
196,3.43882564775536,3,0.08018114
196,3.43882564775536,4,0.0802357
196,3.43882564775536,5,0.08042448
196,3.43882564775536,6,0.08034969
196,3.43882564775536,7,0.08016525
196,3.43882564775536,8,0.08014982
196,3.43882564775536,9,0.0801964
196,3.43882564775536,10,0.08012967
196,3.43882564775536,11,0.08009379
196,3.43882564775536,12,0.08010873
196,3.43882564775536,13,0.08023069
196,3.43882564775536,14,0.07990907
196,3.43882564775536,15,0.08013896
197,3.4492019409772,0,0.08005342
197,3.4492019409772,1,0.07991348
197,3.4492019409772,2,0.07996456
197,3.4492019409772,3,0.08007954
197,3.4492019409772,4,0.08013064
197,3.4492019409772,5,0.07996069
197,3.4492019409772,6,0.08003068
197,3.4492019409772,7,0.07996298
197,3.4492019409772,8,0.08000599
197,3.4492019409772,9,0.07999142
197,3.4492019409772,10,0.08063275
197,3.4492019409772,11,0.08033048
197,3.4492019409772,12,0.08030768
197,3.4492019409772,13,0.08024248
197,3.4492019409772,14,0.0804313
197,3.4492019409772,15,0.08023952
198,3.45896786400952,0,0.08015865
198,3.45896786400952,1,0.08030232
198,3.45896786400952,2,0.08026387
198,3.45896786400952,3,0.07992105
198,3.45896786400952,4,0.08005333
198,3.45896786400952,5,0.08028463
198,3.45896786400952,6,0.07994362
198,3.45896786400952,7,0.08005738
198,3.45896786400952,8,0.08023694
198,3.45896786400952,9,0.08020242
198,3.45896786400952,10,0.08012731
198,3.45896786400952,11,0.08025948
198,3.45896786400952,12,0.08059418
198,3.45896786400952,13,0.08034109
198,3.45896786400952,14,0.08042147
198,3.45896786400952,15,0.08002248
199,3.46934415723136,0,0.0798988
199,3.46934415723136,1,0.07988266
199,3.46934415723136,2,0.08013127
199,3.46934415723136,3,0.08001439
199,3.46934415723136,4,0.08011658
199,3.46934415723136,5,0.08032959
199,3.46934415723136,6,0.08038628
199,3.46934415723136,7,0.07976433
199,3.46934415723136,8,0.07982995
199,3.46934415723136,9,0.07975592
199,3.46934415723136,10,0.08023774
199,3.46934415723136,11,0.0802965
199,3.46934415723136,12,0.08019708
199,3.46934415723136,13,0.08011404
199,3.46934415723136,14,0.08037378
199,3.46934415723136,15,0.08029751
200,3.47911008026368,0,0.08020046
200,3.47911008026368,1,0.07998373
200,3.47911008026368,2,0.07977622
200,3.47911008026368,3,0.07995161
200,3.47911008026368,4,0.07996627
200,3.47911008026368,5,0.07982703
200,3.47911008026368,6,0.07980545
200,3.47911008026368,7,0.07984342
200,3.47911008026368,8,0.07997661
200,3.47911008026368,9,0.08009192
200,3.47911008026368,10,0.0802023
200,3.47911008026368,11,0.08033897
200,3.47911008026368,12,0.08013592
200,3.47911008026368,13,0.08014873
200,3.47911008026368,14,0.08038256
200,3.47911008026368,15,0.08024193
