position,voltage_mean,voltage_std,n_samples
0.0,0.7395388625,0.00013285282211436582,16
0.97987304300058,0.73924569375,0.00019546523498040175,16
1.97645496993927,0.738872175,0.00023876037019363827,16
2.97601245155187,0.7382429500000001,0.00023157912254777844,16
3.95542771691031,0.7388614375,0.0005978769782269182,16
4.952009643849,1.1878235,0.0008943416573099969,16
