position,voltage_mean,voltage_std,n_samples
-0.00610370189519944,1.193976125,0.00017420493499036157,16
0.97903378398999,1.193923125,0.00018753828775746703,16
1.97149571214942,1.1939178750000001,0.00018025082350714048,16
2.96273689992981,1.193739125,0.0001258272004576096,16
3.95519882808924,1.2718551875,0.0019358833002905032,16
4.90432447279275,1.7684750625,0.0019222377736882084,16
