position,voltage_mean,voltage_std,n_samples
-0.00251777703176977,0.871383225,0.0002276739074312017,16
0.494628742332225,0.87154864375,0.00020140293868497157,16
0.991546372875149,0.872101925,0.00016404413087641947,16
1.46969512009034,0.8723267,0.0002518436742306682,16
1.96340830713828,0.92863069375,0.0005368529913635113,16
2.45735038300729,1.0309925,0.0008752497500713907,16
2.95403912472915,1.132824,0.0014498484403550854,16
