pos_index,position,sample_index,voltage
0,0.988189336832789,0,0.07121735
0,0.988189336832789,1,0.07125439
0,0.988189336832789,2,0.07156025
0,0.988189336832789,3,0.07118636
0,0.988189336832789,4,0.07143164
0,0.988189336832789,5,0.07125982
0,0.988189336832789,6,0.07115177
0,0.988189336832789,7,0.07152147
0,0.988189336832789,8,0.07150005
0,0.988189336832789,9,0.07155746
0,0.988189336832789,10,0.07168531
0,0.988189336832789,11,0.0714152
1,0.986968596453749,0,0.07140428
1,0.986968596453749,1,0.07112747
1,0.986968596453749,2,0.07105201
1,0.986968596453749,3,0.07105287
1,0.986968596453749,4,0.07153089
1,0.986968596453749,5,0.07136639
1,0.986968596453749,6,0.071399
1,0.986968596453749,7,0.07141588
1,0.986968596453749,8,0.07122064
1,0.986968596453749,9,0.07139762
1,0.986968596453749,10,0.0712361
1,0.986968596453749,11,0.07148751
1,0.986968596453749,12,0.07147395
1,0.986968596453749,13,0.07142583
1,0.986968596453749,14,0.07157
1,0.986968596453749,15,0.07142185
2,0.997344889675588,0,0.07133406
2,0.997344889675588,1,0.07131886
2,0.997344889675588,2,0.07114654
2,0.997344889675588,3,0.07141283
2,0.997344889675588,4,0.07130187
2,0.997344889675588,5,0.07112066
2,0.997344889675588,6,0.07140596
2,0.997344889675588,7,0.07156368
2,0.997344889675588,8,0.07119915
2,0.997344889675588,9,0.07149094
2,0.997344889675588,10,0.07112579
2,0.997344889675588,11,0.07133411
2,0.997344889675588,12,0.07151113
2,0.997344889675588,13,0.07137095
2,0.997344889675588,14,0.07150882
2,0.997344889675588,15,0.07137563
3,1.00772118289743,0,0.07165123
3,1.00772118289743,1,0.07184079
3,1.00772118289743,2,0.07167801
3,1.00772118289743,3,0.07161467
3,1.00772118289743,4,0.07157347
3,1.00772118289743,5,0.07165554
3,1.00772118289743,6,0.07213991
3,1.00772118289743,7,0.0722255
3,1.00772118289743,8,0.07208628
3,1.00772118289743,9,0.07176617
3,1.00772118289743,10,0.07182258
3,1.00772118289743,11,0.07163282
3,1.00772118289743,12,0.07179914
3,1.00772118289743,13,0.07154538
3,1.00772118289743,14,0.07169532
3,1.00772118289743,15,0.07170942
4,1.01748710592975,0,0.07187132
4,1.01748710592975,1,0.07208008
4,1.01748710592975,2,0.07175569
4,1.01748710592975,3,0.07169557
4,1.01748710592975,4,0.07179976
4,1.01748710592975,5,0.07186918
4,1.01748710592975,6,0.07164773
4,1.01748710592975,7,0.0717741
4,1.01748710592975,8,0.07149719
4,1.01748710592975,9,0.07178456
4,1.01748710592975,10,0.07164182
4,1.01748710592975,11,0.07186911
4,1.01748710592975,12,0.07184299
4,1.01748710592975,13,0.07162312
4,1.01748710592975,14,0.07164349
4,1.01748710592975,15,0.07166128
5,1.02725302896207,0,0.07123469
5,1.02725302896207,1,0.07108157
5,1.02725302896207,2,0.07119243
5,1.02725302896207,3,0.07142488
5,1.02725302896207,4,0.07143535
5,1.02725302896207,5,0.07115559
5,1.02725302896207,6,0.07138381
5,1.02725302896207,7,0.07171223
5,1.02725302896207,8,0.07141321
5,1.02725302896207,9,0.07137042
5,1.02725302896207,10,0.07120452
5,1.02725302896207,11,0.07125814
5,1.02725302896207,12,0.07164521
5,1.02725302896207,13,0.07171412
5,1.02725302896207,14,0.07133533
5,1.02725302896207,15,0.07144629
6,1.03701895199438,0,0.07148127
6,1.03701895199438,1,0.07144638
6,1.03701895199438,2,0.0714819
6,1.03701895199438,3,0.07161789
6,1.03701895199438,4,0.0714737
6,1.03701895199438,5,0.07158528
6,1.03701895199438,6,0.07167915
6,1.03701895199438,7,0.0715697
6,1.03701895199438,8,0.07177731
6,1.03701895199438,9,0.07180392
6,1.03701895199438,10,0.07164302
6,1.03701895199438,11,0.07151061
6,1.03701895199438,12,0.07157919
6,1.03701895199438,13,0.07139558
6,1.03701895199438,14,0.07125923
6,1.03701895199438,15,0.07140356
7,1.04739524521622,0,0.07157137
7,1.04739524521622,1,0.07150543
7,1.04739524521622,2,0.07141345
7,1.04739524521622,3,0.07156235
7,1.04739524521622,4,0.07148863
7,1.04739524521622,5,0.07147586
7,1.04739524521622,6,0.07173786
7,1.04739524521622,7,0.07149444
7,1.04739524521622,8,0.07161539
7,1.04739524521622,9,0.07164118
7,1.04739524521622,10,0.07154974
7,1.04739524521622,11,0.07147554
7,1.04739524521622,12,0.0713402
7,1.04739524521622,13,0.07136486
7,1.04739524521622,14,0.07151389
7,1.04739524521622,15,0.07148647
8,1.05655079805902,0,0.07118838
8,1.05655079805902,1,0.07138471
8,1.05655079805902,2,0.07140782
8,1.05655079805902,3,0.07138246
8,1.05655079805902,4,0.07138507
8,1.05655079805902,5,0.07135442
8,1.05655079805902,6,0.07143716
8,1.05655079805902,7,0.07134625
8,1.05655079805902,8,0.07123511
8,1.05655079805902,9,0.0713082
8,1.05655079805902,10,0.07128035
8,1.05655079805902,11,0.07140409
8,1.05655079805902,12,0.07132192
8,1.05655079805902,13,0.07086603
8,1.05655079805902,14,0.07125167
8,1.05655079805902,15,0.07153004
9,1.06753746147038,0,0.07130858
9,1.06753746147038,1,0.07103622
9,1.06753746147038,2,0.07112935
9,1.06753746147038,3,0.07101001
9,1.06753746147038,4,0.07106354
9,1.06753746147038,5,0.07115759
9,1.06753746147038,6,0.07121658
9,1.06753746147038,7,0.07133195
9,1.06753746147038,8,0.07111368
9,1.06753746147038,9,0.071078
9,1.06753746147038,10,0.07097372
9,1.06753746147038,11,0.07110842
9,1.06753746147038,12,0.07147268
9,1.06753746147038,13,0.07106933
9,1.06753746147038,14,0.07117747
9,1.06753746147038,15,0.07126816
10,1.0773033845027,0,0.07121634
10,1.0773033845027,1,0.07117953
10,1.0773033845027,2,0.07122256
10,1.0773033845027,3,0.07118554
10,1.0773033845027,4,0.07124283
10,1.0773033845027,5,0.07132278
10,1.0773033845027,6,0.07137536
10,1.0773033845027,7,0.07125596
10,1.0773033845027,8,0.07140331
10,1.0773033845027,9,0.07143291
10,1.0773033845027,10,0.07122365
10,1.0773033845027,11,0.07103246
10,1.0773033845027,12,0.07116445
10,1.0773033845027,13,0.07110885
10,1.0773033845027,14,0.07126336
10,1.0773033845027,15,0.07117814
11,1.08706930753502,0,0.07114847
11,1.08706930753502,1,0.07130444
11,1.08706930753502,2,0.07098395
11,1.08706930753502,3,0.07118648
11,1.08706930753502,4,0.07131653
11,1.08706930753502,5,0.0711579
11,1.08706930753502,6,0.07125492
11,1.08706930753502,7,0.07109527
11,1.08706930753502,8,0.07110269
11,1.08706930753502,9,0.07134307
11,1.08706930753502,10,0.07128573
11,1.08706930753502,11,0.07099573
11,1.08706930753502,12,0.07145053
11,1.08706930753502,13,0.07137632
11,1.08706930753502,14,0.07117974
11,1.08706930753502,15,0.0712252
12,1.09744560075686,0,0.07172227
12,1.09744560075686,1,0.07141326
12,1.09744560075686,2,0.07131775
12,1.09744560075686,3,0.07158253
12,1.09744560075686,4,0.07164854
12,1.09744560075686,5,0.07154828
12,1.09744560075686,6,0.07130112
12,1.09744560075686,7,0.07145003
12,1.09744560075686,8,0.07146508
12,1.09744560075686,9,0.07161377
12,1.09744560075686,10,0.07148564
12,1.09744560075686,11,0.07138788
12,1.09744560075686,12,0.07139912
12,1.09744560075686,13,0.07148819
12,1.09744560075686,14,0.0711472
12,1.09744560075686,15,0.07153644
13,1.10721152378918,0,0.07143696
13,1.10721152378918,1,0.07140502
13,1.10721152378918,2,0.07139426
13,1.10721152378918,3,0.07129529
13,1.10721152378918,4,0.07132532
13,1.10721152378918,5,0.07125235
13,1.10721152378918,6,0.07117298
13,1.10721152378918,7,0.07126267
13,1.10721152378918,8,0.07133687
13,1.10721152378918,9,0.07140508
13,1.10721152378918,10,0.07127357
13,1.10721152378918,11,0.07137536
13,1.10721152378918,12,0.07149077
13,1.10721152378918,13,0.07148605
13,1.10721152378918,14,0.0716007
13,1.10721152378918,15,0.07158636
14,1.11636707663198,0,0.0715848
14,1.11636707663198,1,0.07165942
14,1.11636707663198,2,0.07173341
14,1.11636707663198,3,0.07169422
14,1.11636707663198,4,0.07141551
14,1.11636707663198,5,0.07152262
14,1.11636707663198,6,0.07126429
14,1.11636707663198,7,0.07160528
14,1.11636707663198,8,0.0713478
14,1.11636707663198,9,0.07153025
14,1.11636707663198,10,0.07158917
14,1.11636707663198,11,0.07145049
14,1.11636707663198,12,0.07172291
14,1.11636707663198,13,0.07157801
14,1.11636707663198,14,0.07145999
14,1.11636707663198,15,0.07167174
15,1.12796411023286,0,0.07145851
15,1.12796411023286,1,0.07138012
15,1.12796411023286,2,0.07116594
15,1.12796411023286,3,0.07121281
15,1.12796411023286,4,0.07135435
15,1.12796411023286,5,0.07143831
15,1.12796411023286,6,0.07136636
15,1.12796411023286,7,0.07153975
15,1.12796411023286,8,0.07150573
15,1.12796411023286,9,0.07136633
15,1.12796411023286,10,0.07144652
15,1.12796411023286,11,0.07143347
15,1.12796411023286,12,0.07127302
15,1.12796411023286,13,0.07135248
15,1.12796411023286,14,0.07114995
15,1.12796411023286,15,0.07133163
16,1.13711966307566,0,0.07162488
16,1.13711966307566,1,0.07173696
16,1.13711966307566,2,0.0718988
16,1.13711966307566,3,0.07176235
16,1.13711966307566,4,0.07163932
16,1.13711966307566,5,0.0719711
16,1.13711966307566,6,0.0718582
16,1.13711966307566,7,0.07193157
16,1.13711966307566,8,0.07192989
16,1.13711966307566,9,0.07189577
16,1.13711966307566,10,0.0719687
16,1.13711966307566,11,0.07170451
16,1.13711966307566,12,0.07158517
16,1.13711966307566,13,0.07164583
16,1.13711966307566,14,0.07177746
16,1.13711966307566,15,0.07190272
17,1.14810632648701,0,0.07166277
17,1.14810632648701,1,0.07196993
17,1.14810632648701,2,0.07180308
17,1.14810632648701,3,0.07156363
17,1.14810632648701,4,0.07164346
17,1.14810632648701,5,0.07167613
17,1.14810632648701,6,0.0717086
17,1.14810632648701,7,0.07178439
17,1.14810632648701,8,0.07155578
17,1.14810632648701,9,0.07172654
17,1.14810632648701,10,0.07193306
17,1.14810632648701,11,0.07177027
17,1.14810632648701,12,0.07165436
17,1.14810632648701,13,0.07179294
17,1.14810632648701,14,0.07182532
17,1.14810632648701,15,0.07132582
18,1.15726187932981,0,0.07184406
18,1.15726187932981,1,0.07146297
18,1.15726187932981,2,0.07168939
18,1.15726187932981,3,0.07180956
18,1.15726187932981,4,0.07162409
18,1.15726187932981,5,0.07130104
18,1.15726187932981,6,0.0715431
18,1.15726187932981,7,0.07154763
18,1.15726187932981,8,0.07148692
18,1.15726187932981,9,0.07147909
18,1.15726187932981,10,0.0714374
18,1.15726187932981,11,0.07176018
18,1.15726187932981,12,0.07147335
18,1.15726187932981,13,0.07165237
18,1.15726187932981,14,0.07129988
18,1.15726187932981,15,0.07150847
19,1.16824854274117,0,0.07153805
19,1.16824854274117,1,0.07161753
19,1.16824854274117,2,0.07157012
19,1.16824854274117,3,0.07148264
19,1.16824854274117,4,0.07152849
19,1.16824854274117,5,0.07146026
19,1.16824854274117,6,0.07149778
19,1.16824854274117,7,0.07145776
19,1.16824854274117,8,0.07116914
19,1.16824854274117,9,0.0717359
19,1.16824854274117,10,0.07171564
19,1.16824854274117,11,0.07151423
19,1.16824854274117,12,0.07148847
19,1.16824854274117,13,0.07151482
19,1.16824854274117,14,0.07149688
19,1.16824854274117,15,0.07138924
20,1.17862483596301,0,0.0712307
20,1.17862483596301,1,0.07134649
20,1.17862483596301,2,0.0714187
20,1.17862483596301,3,0.0711723
20,1.17862483596301,4,0.07162901
20,1.17862483596301,5,0.07155705
20,1.17862483596301,6,0.07130709
20,1.17862483596301,7,0.07159334
20,1.17862483596301,8,0.07118115
20,1.17862483596301,9,0.07106175
20,1.17862483596301,10,0.07130016
20,1.17862483596301,11,0.07103863
20,1.17862483596301,12,0.07126024
20,1.17862483596301,13,0.07127106
20,1.17862483596301,14,0.07145941
20,1.17862483596301,15,0.07136004
21,1.18778038880581,0,0.07137133
21,1.18778038880581,1,0.07170823
21,1.18778038880581,2,0.07160111
21,1.18778038880581,3,0.07143774
21,1.18778038880581,4,0.07139692
21,1.18778038880581,5,0.07152545
21,1.18778038880581,6,0.07153254
21,1.18778038880581,7,0.07143852
21,1.18778038880581,8,0.07142272
21,1.18778038880581,9,0.07132271
21,1.18778038880581,10,0.07154063
21,1.18778038880581,11,0.07149398
21,1.18778038880581,12,0.07171318
21,1.18778038880581,13,0.07149073
21,1.18778038880581,14,0.07178066
21,1.18778038880581,15,0.07138499
22,1.19815668202765,0,0.07141841
22,1.19815668202765,1,0.07149348
22,1.19815668202765,2,0.07145689
22,1.19815668202765,3,0.07137718
22,1.19815668202765,4,0.07135399
22,1.19815668202765,5,0.07136872
22,1.19815668202765,6,0.07140118
22,1.19815668202765,7,0.07151674
22,1.19815668202765,8,0.07108115
22,1.19815668202765,9,0.07152693
22,1.19815668202765,10,0.07125136
22,1.19815668202765,11,0.07152742
22,1.19815668202765,12,0.07136396
22,1.19815668202765,13,0.07138772
22,1.19815668202765,14,0.07146376
22,1.19815668202765,15,0.07144541
23,1.20792260505997,0,0.07145087
23,1.20792260505997,1,0.07146709
23,1.20792260505997,2,0.07142756
23,1.20792260505997,3,0.07124693
23,1.20792260505997,4,0.07153679
23,1.20792260505997,5,0.07167064
23,1.20792260505997,6,0.07175828
23,1.20792260505997,7,0.07182758
23,1.20792260505997,8,0.07170253
23,1.20792260505997,9,0.07149199
23,1.20792260505997,10,0.07156694
23,1.20792260505997,11,0.07126887
23,1.20792260505997,12,0.07130165
23,1.20792260505997,13,0.07133835
23,1.20792260505997,14,0.07166767
23,1.20792260505997,15,0.07162391
24,1.21768852809229,0,0.07136752
24,1.21768852809229,1,0.07169235
24,1.21768852809229,2,0.07153352
24,1.21768852809229,3,0.07150336
24,1.21768852809229,4,0.07171039
24,1.21768852809229,5,0.07178228
24,1.21768852809229,6,0.07168417
24,1.21768852809229,7,0.07186723
24,1.21768852809229,8,0.0714539
24,1.21768852809229,9,0.07145198
24,1.21768852809229,10,0.07141158
24,1.21768852809229,11,0.07153425
24,1.21768852809229,12,0.07144511
24,1.21768852809229,13,0.07151407
24,1.21768852809229,14,0.0710833
24,1.21768852809229,15,0.07124192
25,1.22867519150365,0,0.07161472
25,1.22867519150365,1,0.07142269
25,1.22867519150365,2,0.07123167
25,1.22867519150365,3,0.07161845
25,1.22867519150365,4,0.07134234
25,1.22867519150365,5,0.0714539
25,1.22867519150365,6,0.07133044
25,1.22867519150365,7,0.07136864
25,1.22867519150365,8,0.07128894
25,1.22867519150365,9,0.07159989
25,1.22867519150365,10,0.07144143
25,1.22867519150365,11,0.07139337
25,1.22867519150365,12,0.07141959
25,1.22867519150365,13,0.07150812
25,1.22867519150365,14,0.07148251
25,1.22867519150365,15,0.07168523
26,1.23783074434645,0,0.07149354
26,1.23783074434645,1,0.07138177
26,1.23783074434645,2,0.0716157
26,1.23783074434645,3,0.07110867
26,1.23783074434645,4,0.07146589
26,1.23783074434645,5,0.07173571
26,1.23783074434645,6,0.07153664
26,1.23783074434645,7,0.0716335
26,1.23783074434645,8,0.07171536
26,1.23783074434645,9,0.0717111
26,1.23783074434645,10,0.07144485
26,1.23783074434645,11,0.07159356
26,1.23783074434645,12,0.07157568
26,1.23783074434645,13,0.07153106
26,1.23783074434645,14,0.07149404
26,1.23783074434645,15,0.07151175
27,1.24759666737877,0,0.07129636
27,1.24759666737877,1,0.07146147
27,1.24759666737877,2,0.07142115
27,1.24759666737877,3,0.07119832
27,1.24759666737877,4,0.07124937
27,1.24759666737877,5,0.07145163
27,1.24759666737877,6,0.07143811
27,1.24759666737877,7,0.07146476
27,1.24759666737877,8,0.07166223
27,1.24759666737877,9,0.07178874
27,1.24759666737877,10,0.07141022
27,1.24759666737877,11,0.07156743
27,1.24759666737877,12,0.07169741
27,1.24759666737877,13,0.07158811
27,1.24759666737877,14,0.07165371
27,1.24759666737877,15,0.07188813
28,1.25858333079012,0,0.07193926
28,1.25858333079012,1,0.07188298
28,1.25858333079012,2,0.07151929
28,1.25858333079012,3,0.07183993
28,1.25858333079012,4,0.07179592
28,1.25858333079012,5,0.07162438
28,1.25858333079012,6,0.07177883
28,1.25858333079012,7,0.07173002
28,1.25858333079012,8,0.07161326
28,1.25858333079012,9,0.07140484
28,1.25858333079012,10,0.07152921
28,1.25858333079012,11,0.07142843
28,1.25858333079012,12,0.07147742
28,1.25858333079012,13,0.07119153
28,1.25858333079012,14,0.07159545
28,1.25858333079012,15,0.07169303
29,1.26773888363292,0,0.07194613
29,1.26773888363292,1,0.07160851
29,1.26773888363292,2,0.07173216
29,1.26773888363292,3,0.07179654
29,1.26773888363292,4,0.07158425
29,1.26773888363292,5,0.07186062
29,1.26773888363292,6,0.07164533
29,1.26773888363292,7,0.07169988
29,1.26773888363292,8,0.0716951
29,1.26773888363292,9,0.07184327
29,1.26773888363292,10,0.07182634
29,1.26773888363292,11,0.07156531
29,1.26773888363292,12,0.07144523
29,1.26773888363292,13,0.07144546
29,1.26773888363292,14,0.07141278
29,1.26773888363292,15,0.07160755
30,1.27811517685476,0,0.07127117
30,1.27811517685476,1,0.07168378
30,1.27811517685476,2,0.07130855
30,1.27811517685476,3,0.0714417
30,1.27811517685476,4,0.07149334
30,1.27811517685476,5,0.07151451
30,1.27811517685476,6,0.0715644
30,1.27811517685476,7,0.07157088
30,1.27811517685476,8,0.07108101
30,1.27811517685476,9,0.07123248
30,1.27811517685476,10,0.07131606
30,1.27811517685476,11,0.07136757
30,1.27811517685476,12,0.07152025
30,1.27811517685476,13,0.07149074
30,1.27811517685476,14,0.0715106
30,1.27811517685476,15,0.07160342
31,1.28788109988708,0,0.07137369
31,1.28788109988708,1,0.07124288
31,1.28788109988708,2,0.0715514
31,1.28788109988708,3,0.0712795
31,1.28788109988708,4,0.07133552
31,1.28788109988708,5,0.07165094
31,1.28788109988708,6,0.07169472
31,1.28788109988708,7,0.07162812
31,1.28788109988708,8,0.07146364
31,1.28788109988708,9,0.07167159
31,1.28788109988708,10,0.07165174
31,1.28788109988708,11,0.07171772
31,1.28788109988708,12,0.07169272
31,1.28788109988708,13,0.07153975
31,1.28788109988708,14,0.07179623
31,1.28788109988708,15,0.07165597
32,1.29825739310892,0,0.07152066
32,1.29825739310892,1,0.07152252
32,1.29825739310892,2,0.07165431
32,1.29825739310892,3,0.07156214
32,1.29825739310892,4,0.07145365
32,1.29825739310892,5,0.07130998
32,1.29825739310892,6,0.07106011
32,1.29825739310892,7,0.07135298
32,1.29825739310892,8,0.07120996
32,1.29825739310892,9,0.07103387
32,1.29825739310892,10,0.07120133
32,1.29825739310892,11,0.07125936
32,1.29825739310892,12,0.07112816
32,1.29825739310892,13,0.07132444
32,1.29825739310892,14,0.07133687
32,1.29825739310892,15,0.07126736
33,1.30741294595172,0,0.07117788
33,1.30741294595172,1,0.07124871
33,1.30741294595172,2,0.07128473
33,1.30741294595172,3,0.07128821
33,1.30741294595172,4,0.07114708
33,1.30741294595172,5,0.07136963
33,1.30741294595172,6,0.07132693
33,1.30741294595172,7,0.07144997
33,1.30741294595172,8,0.07124879
33,1.30741294595172,9,0.07132401
33,1.30741294595172,10,0.07130219
33,1.30741294595172,11,0.07120543
33,1.30741294595172,12,0.07131547
33,1.30741294595172,13,0.07130945
33,1.30741294595172,14,0.07142475
33,1.30741294595172,15,0.07134851
34,1.31839960936308,0,0.07127585
34,1.31839960936308,1,0.07145979
34,1.31839960936308,2,0.07130766
34,1.31839960936308,3,0.07104224
34,1.31839960936308,4,0.07102408
34,1.31839960936308,5,0.07126299
34,1.31839960936308,6,0.07136703
34,1.31839960936308,7,0.07137417
34,1.31839960936308,8,0.07133668
34,1.31839960936308,9,0.07149631
34,1.31839960936308,10,0.07128641
34,1.31839960936308,11,0.07141299
34,1.31839960936308,12,0.07136624
34,1.31839960936308,13,0.07143423
34,1.31839960936308,14,0.07147098
34,1.31839960936308,15,0.07146453
35,1.3281655323954,0,0.07117955
35,1.3281655323954,1,0.07114097
35,1.3281655323954,2,0.07121627
35,1.3281655323954,3,0.07165474
35,1.3281655323954,4,0.07123092
35,1.3281655323954,5,0.07116288
35,1.3281655323954,6,0.07125126
35,1.3281655323954,7,0.07122533
35,1.3281655323954,8,0.07128026
35,1.3281655323954,9,0.07115936
35,1.3281655323954,10,0.07146885
35,1.3281655323954,11,0.07097915
35,1.3281655323954,12,0.07123557
35,1.3281655323954,13,0.07123045
35,1.3281655323954,14,0.07128568
35,1.3281655323954,15,0.07120867
36,1.33793145542772,0,0.07148913
36,1.33793145542772,1,0.07143094
36,1.33793145542772,2,0.07114492
36,1.33793145542772,3,0.07129527
36,1.33793145542772,4,0.07150815
36,1.33793145542772,5,0.07141418
36,1.33793145542772,6,0.0714749
36,1.33793145542772,7,0.07105814
36,1.33793145542772,8,0.07107369
36,1.33793145542772,9,0.0714315
36,1.33793145542772,10,0.07109603
36,1.33793145542772,11,0.07126956
36,1.33793145542772,12,0.07148117
36,1.33793145542772,13,0.07153157
36,1.33793145542772,14,0.07159714
36,1.33793145542772,15,0.07147413
37,1.34830774864956,0,0.07149517
37,1.34830774864956,1,0.07140708
37,1.34830774864956,2,0.07131349
37,1.34830774864956,3,0.07136656
37,1.34830774864956,4,0.07132528
37,1.34830774864956,5,0.07145274
37,1.34830774864956,6,0.07106193
37,1.34830774864956,7,0.0710999
37,1.34830774864956,8,0.07104214
37,1.34830774864956,9,0.07162692
37,1.34830774864956,10,0.07155553
37,1.34830774864956,11,0.07144433
37,1.34830774864956,12,0.07137225
37,1.34830774864956,13,0.07150543
37,1.34830774864956,14,0.07150148
37,1.34830774864956,15,0.07158975
38,1.3586840418714,0,0.07136685
38,1.3586840418714,1,0.07135211
38,1.3586840418714,2,0.07134837
38,1.3586840418714,3,0.07118256
38,1.3586840418714,4,0.07137274
38,1.3586840418714,5,0.0712389
38,1.3586840418714,6,0.07132943
38,1.3586840418714,7,0.07129377
38,1.3586840418714,8,0.07131276
38,1.3586840418714,9,0.07136913
38,1.3586840418714,10,0.07118947
38,1.3586840418714,11,0.07125702
38,1.3586840418714,12,0.0711164
38,1.3586840418714,13,0.07155692
38,1.3586840418714,14,0.07121712
38,1.3586840418714,15,0.07141841
39,1.36844996490371,0,0.07144396
39,1.36844996490371,1,0.07163955
39,1.36844996490371,2,0.0715308
39,1.36844996490371,3,0.07133152
39,1.36844996490371,4,0.07134254
39,1.36844996490371,5,0.07152069
39,1.36844996490371,6,0.07113141
39,1.36844996490371,7,0.07146729
39,1.36844996490371,8,0.0710823
39,1.36844996490371,9,0.07118696
39,1.36844996490371,10,0.07131834
39,1.36844996490371,11,0.07118399
39,1.36844996490371,12,0.07121497
39,1.36844996490371,13,0.07144694
39,1.36844996490371,14,0.07128563
39,1.36844996490371,15,0.07142493
40,1.37882625812555,0,0.07133065
40,1.37882625812555,1,0.07143237
40,1.37882625812555,2,0.0710314
40,1.37882625812555,3,0.07144231
40,1.37882625812555,4,0.07152539
40,1.37882625812555,5,0.07148508
40,1.37882625812555,6,0.07179703
40,1.37882625812555,7,0.07183316
40,1.37882625812555,8,0.07148328
40,1.37882625812555,9,0.07168901
40,1.37882625812555,10,0.07108565
40,1.37882625812555,11,0.0713501
40,1.37882625812555,12,0.07152284
40,1.37882625812555,13,0.07141978
40,1.37882625812555,14,0.07133748
40,1.37882625812555,15,0.07172443
41,1.38859218115787,0,0.07158049
41,1.38859218115787,1,0.07147963
41,1.38859218115787,2,0.07146249
41,1.38859218115787,3,0.07152427
41,1.38859218115787,4,0.07140511
41,1.38859218115787,5,0.07133811
41,1.38859218115787,6,0.07164856
41,1.38859218115787,7,0.07159628
41,1.38859218115787,8,0.07163109
41,1.38859218115787,9,0.07159194
41,1.38859218115787,10,0.07164665
41,1.38859218115787,11,0.07158016
41,1.38859218115787,12,0.07184602
41,1.38859218115787,13,0.07182317
41,1.38859218115787,14,0.07180972
41,1.38859218115787,15,0.07158422
42,1.39835810419019,0,0.07170027
42,1.39835810419019,1,0.07158141
42,1.39835810419019,2,0.07155957
42,1.39835810419019,3,0.0717051
42,1.39835810419019,4,0.07166339
42,1.39835810419019,5,0.07141039
42,1.39835810419019,6,0.07102839
42,1.39835810419019,7,0.07138858
42,1.39835810419019,8,0.07130493
42,1.39835810419019,9,0.07139026
42,1.39835810419019,10,0.07148091
42,1.39835810419019,11,0.07170877
42,1.39835810419019,12,0.07162695
42,1.39835810419019,13,0.07164594
42,1.39835810419019,14,0.07153726
42,1.39835810419019,15,0.07123201
43,1.40873439741203,0,0.0718147
43,1.40873439741203,1,0.0715818
43,1.40873439741203,2,0.07151325
43,1.40873439741203,3,0.07144196
43,1.40873439741203,4,0.07178629
43,1.40873439741203,5,0.0717744
43,1.40873439741203,6,0.07176612
43,1.40873439741203,7,0.07181534
43,1.40873439741203,8,0.07171063
43,1.40873439741203,9,0.07166706
43,1.40873439741203,10,0.07155593
43,1.40873439741203,11,0.07162715
43,1.40873439741203,12,0.07136206
43,1.40873439741203,13,0.07152859
43,1.40873439741203,14,0.07175775
43,1.40873439741203,15,0.07155517
44,1.41850032044435,0,0.07164138
44,1.41850032044435,1,0.07179672
44,1.41850032044435,2,0.07185801
44,1.41850032044435,3,0.07195035
44,1.41850032044435,4,0.07171846
44,1.41850032044435,5,0.07164369
44,1.41850032044435,6,0.07159112
44,1.41850032044435,7,0.07180959
44,1.41850032044435,8,0.0719774
44,1.41850032044435,9,0.07170726
44,1.41850032044435,10,0.07166691
44,1.41850032044435,11,0.07199971
44,1.41850032044435,12,0.07193496
44,1.41850032044435,13,0.07164378
44,1.41850032044435,14,0.07169218
44,1.41850032044435,15,0.07189235
45,1.42826624347667,0,0.07192508
45,1.42826624347667,1,0.07172788
45,1.42826624347667,2,0.07176891
45,1.42826624347667,3,0.07165944
45,1.42826624347667,4,0.0715884
45,1.42826624347667,5,0.07171444
45,1.42826624347667,6,0.07178033
45,1.42826624347667,7,0.07177803
45,1.42826624347667,8,0.07167085
45,1.42826624347667,9,0.07188141
45,1.42826624347667,10,0.07188502
45,1.42826624347667,11,0.07181043
45,1.42826624347667,12,0.07136359
45,1.42826624347667,13,0.07191206
45,1.42826624347667,14,0.07180787
45,1.42826624347667,15,0.07187252
46,1.43803216650899,0,0.07179143
46,1.43803216650899,1,0.07181071
46,1.43803216650899,2,0.07165854
46,1.43803216650899,3,0.07161557
46,1.43803216650899,4,0.07159376
46,1.43803216650899,5,0.07171112
46,1.43803216650899,6,0.07160616
46,1.43803216650899,7,0.07167585
46,1.43803216650899,8,0.07160921
46,1.43803216650899,9,0.07148899
46,1.43803216650899,10,0.07194652
46,1.43803216650899,11,0.07166537
46,1.43803216650899,12,0.07155441
46,1.43803216650899,13,0.07165415
46,1.43803216650899,14,0.07137126
46,1.43803216650899,15,0.07152011
47,1.44840845973083,0,0.07180598
47,1.44840845973083,1,0.07185441
47,1.44840845973083,2,0.07159538
47,1.44840845973083,3,0.07139147
47,1.44840845973083,4,0.07141813
47,1.44840845973083,5,0.071389
47,1.44840845973083,6,0.0712266
47,1.44840845973083,7,0.07136434
47,1.44840845973083,8,0.07101467
47,1.44840845973083,9,0.07142623
47,1.44840845973083,10,0.07137286
47,1.44840845973083,11,0.07134894
47,1.44840845973083,12,0.07118665
47,1.44840845973083,13,0.07119584
47,1.44840845973083,14,0.07121949
47,1.44840845973083,15,0.07127466
48,1.45756401257363,0,0.07146198
48,1.45756401257363,1,0.07120096
48,1.45756401257363,2,0.07123002
48,1.45756401257363,3,0.07122058
48,1.45756401257363,4,0.07114739
48,1.45756401257363,5,0.07123949
48,1.45756401257363,6,0.07111997
48,1.45756401257363,7,0.0713534
48,1.45756401257363,8,0.07140998
48,1.45756401257363,9,0.07150811
48,1.45756401257363,10,0.07139678
48,1.45756401257363,11,0.07132887
48,1.45756401257363,12,0.07141533
48,1.45756401257363,13,0.0710621
48,1.45756401257363,14,0.071185
48,1.45756401257363,15,0.07122078
49,1.46855067598498,0,0.07151309
49,1.46855067598498,1,0.0712195
49,1.46855067598498,2,0.07130665
49,1.46855067598498,3,0.07176885
49,1.46855067598498,4,0.07140738
49,1.46855067598498,5,0.07137677
49,1.46855067598498,6,0.07140754
49,1.46855067598498,7,0.07144354
49,1.46855067598498,8,0.07137654
49,1.46855067598498,9,0.07150221
49,1.46855067598498,10,0.07128325
49,1.46855067598498,11,0.07155766
49,1.46855067598498,12,0.07154725
49,1.46855067598498,13,0.07120056
49,1.46855067598498,14,0.07169023
49,1.46855067598498,15,0.07175002
50,1.4783165990173,0,0.07147606
50,1.4783165990173,1,0.07171567
50,1.4783165990173,2,0.07178146
50,1.4783165990173,3,0.07173184
50,1.4783165990173,4,0.0714994
50,1.4783165990173,5,0.07112744
50,1.4783165990173,6,0.07145997
50,1.4783165990173,7,0.07126952
50,1.4783165990173,8,0.0713757
50,1.4783165990173,9,0.07132848
50,1.4783165990173,10,0.07144609
50,1.4783165990173,11,0.07134069
50,1.4783165990173,12,0.0713128
50,1.4783165990173,13,0.07110134
50,1.4783165990173,14,0.07109782
50,1.4783165990173,15,0.07131924
51,1.48869289223914,0,0.07116301
51,1.48869289223914,1,0.07128702
51,1.48869289223914,2,0.07129718
51,1.48869289223914,3,0.07117692
51,1.48869289223914,4,0.07115521
51,1.48869289223914,5,0.07117933
51,1.48869289223914,6,0.07112775
51,1.48869289223914,7,0.07127418
51,1.48869289223914,8,0.07110687
51,1.48869289223914,9,0.07114615
51,1.48869289223914,10,0.07140765
51,1.48869289223914,11,0.07168657
51,1.48869289223914,12,0.07139171
51,1.48869289223914,13,0.07149436
51,1.48869289223914,14,0.07143886
51,1.48869289223914,15,0.07143379
52,1.49845881527146,0,0.07137677
52,1.49845881527146,1,0.07128407
52,1.49845881527146,2,0.07143641
52,1.49845881527146,3,0.07134867
52,1.49845881527146,4,0.0713585
52,1.49845881527146,5,0.07109588
52,1.49845881527146,6,0.07137775
52,1.49845881527146,7,0.0714243
52,1.49845881527146,8,0.0715007
52,1.49845881527146,9,0.07148785
52,1.49845881527146,10,0.07147004
52,1.49845881527146,11,0.07145601
52,1.49845881527146,12,0.07147839
52,1.49845881527146,13,0.07143701
52,1.49845881527146,14,0.07145426
52,1.49845881527146,15,0.07143133
53,1.50822473830378,0,0.07136192
53,1.50822473830378,1,0.07120865
53,1.50822473830378,2,0.07121912
53,1.50822473830378,3,0.07123906
53,1.50822473830378,4,0.07147645
53,1.50822473830378,5,0.07124878
53,1.50822473830378,6,0.07138665
53,1.50822473830378,7,0.07138985
53,1.50822473830378,8,0.0712065
53,1.50822473830378,9,0.0714467
53,1.50822473830378,10,0.07134656
53,1.50822473830378,11,0.07149781
53,1.50822473830378,12,0.07132456
53,1.50822473830378,13,0.07150087
53,1.50822473830378,14,0.07156143
53,1.50822473830378,15,0.07153886
54,1.51860103152562,0,0.07156013
54,1.51860103152562,1,0.07128973
54,1.51860103152562,2,0.07136968
54,1.51860103152562,3,0.07124585
54,1.51860103152562,4,0.07118968
54,1.51860103152562,5,0.07139178
54,1.51860103152562,6,0.07130668
54,1.51860103152562,7,0.07141685
54,1.51860103152562,8,0.07148646
54,1.51860103152562,9,0.07134673
54,1.51860103152562,10,0.07158026
54,1.51860103152562,11,0.07161573
54,1.51860103152562,12,0.07143982
54,1.51860103152562,13,0.07159897
54,1.51860103152562,14,0.07172547
54,1.51860103152562,15,0.07162416
55,1.52775658436842,0,0.07135367
55,1.52775658436842,1,0.07136833
55,1.52775658436842,2,0.07153215
55,1.52775658436842,3,0.07121717
55,1.52775658436842,4,0.07108716
55,1.52775658436842,5,0.07148463
55,1.52775658436842,6,0.07156131
55,1.52775658436842,7,0.07131995
55,1.52775658436842,8,0.0712729
55,1.52775658436842,9,0.07111616
55,1.52775658436842,10,0.07139752
55,1.52775658436842,11,0.07155285
55,1.52775658436842,12,0.07132103
55,1.52775658436842,13,0.07132799
55,1.52775658436842,14,0.07134359
55,1.52775658436842,15,0.0713731
56,1.53874324777978,0,0.07133842
56,1.53874324777978,1,0.07165481
56,1.53874324777978,2,0.07156293
56,1.53874324777978,3,0.07155686
56,1.53874324777978,4,0.0714335
56,1.53874324777978,5,0.07172658
56,1.53874324777978,6,0.07170855
56,1.53874324777978,7,0.07167356
56,1.53874324777978,8,0.07150572
56,1.53874324777978,9,0.07142918
56,1.53874324777978,10,0.07178998
56,1.53874324777978,11,0.07168043
56,1.53874324777978,12,0.07160757
56,1.53874324777978,13,0.07153608
56,1.53874324777978,14,0.07157704
56,1.53874324777978,15,0.07162113
57,1.5485091708121,0,0.07176952
57,1.5485091708121,1,0.07159917
57,1.5485091708121,2,0.07184044
57,1.5485091708121,3,0.07185563
57,1.5485091708121,4,0.07149998
57,1.5485091708121,5,0.07166293
57,1.5485091708121,6,0.07134525
57,1.5485091708121,7,0.07156661
57,1.5485091708121,8,0.07134719
57,1.5485091708121,9,0.07143949
57,1.5485091708121,10,0.07167659
57,1.5485091708121,11,0.07156544
57,1.5485091708121,12,0.07154343
57,1.5485091708121,13,0.07169697
57,1.5485091708121,14,0.07175178
57,1.5485091708121,15,0.07139528
58,1.55827509384442,0,0.07116309
58,1.55827509384442,1,0.07128654
58,1.55827509384442,2,0.07141487
58,1.55827509384442,3,0.07146373
58,1.55827509384442,4,0.07157367
58,1.55827509384442,5,0.07174736
58,1.55827509384442,6,0.07155877
58,1.55827509384442,7,0.07159061
58,1.55827509384442,8,0.07145938
58,1.55827509384442,9,0.07155028
58,1.55827509384442,10,0.07171954
58,1.55827509384442,11,0.07181922
58,1.55827509384442,12,0.07166091
58,1.55827509384442,13,0.07158126
58,1.55827509384442,14,0.07180271
58,1.55827509384442,15,0.07157466
59,1.56865138706626,0,0.07181129
59,1.56865138706626,1,0.0716347
59,1.56865138706626,2,0.07178123
59,1.56865138706626,3,0.07141154
59,1.56865138706626,4,0.07141045
59,1.56865138706626,5,0.0714977
59,1.56865138706626,6,0.07164138
59,1.56865138706626,7,0.07168788
59,1.56865138706626,8,0.0716577
59,1.56865138706626,9,0.07169984
59,1.56865138706626,10,0.0715827
59,1.56865138706626,11,0.07170089
59,1.56865138706626,12,0.07158337
59,1.56865138706626,13,0.07166798
59,1.56865138706626,14,0.07176061
59,1.56865138706626,15,0.07148821
60,1.57841731009857,0,0.0715036
60,1.57841731009857,1,0.07180048
60,1.57841731009857,2,0.07186244
60,1.57841731009857,3,0.07211253
60,1.57841731009857,4,0.07185444
60,1.57841731009857,5,0.07182143
60,1.57841731009857,6,0.07174066
60,1.57841731009857,7,0.07184774
60,1.57841731009857,8,0.07152936
60,1.57841731009857,9,0.0716551
60,1.57841731009857,10,0.07186954
60,1.57841731009857,11,0.07170042
60,1.57841731009857,12,0.07179805
60,1.57841731009857,13,0.07179368
60,1.57841731009857,14,0.07172249
60,1.57841731009857,15,0.07178017
61,1.58757286294137,0,0.07178599
61,1.58757286294137,1,0.07161739
61,1.58757286294137,2,0.07159318
61,1.58757286294137,3,0.07171614
61,1.58757286294137,4,0.07166675
61,1.58757286294137,5,0.07126223
61,1.58757286294137,6,0.07127924
61,1.58757286294137,7,0.07103066
61,1.58757286294137,8,0.07117778
61,1.58757286294137,9,0.07105901
61,1.58757286294137,10,0.07128232
61,1.58757286294137,11,0.07088588
61,1.58757286294137,12,0.07089081
61,1.58757286294137,13,0.07074083
61,1.58757286294137,14,0.07093872
61,1.58757286294137,15,0.07119166
62,1.59855952635273,0,0.07142549
62,1.59855952635273,1,0.07131347
62,1.59855952635273,2,0.07143872
62,1.59855952635273,3,0.07125759
62,1.59855952635273,4,0.07143275
62,1.59855952635273,5,0.07155944
62,1.59855952635273,6,0.07163465
62,1.59855952635273,7,0.0713857
62,1.59855952635273,8,0.07113323
62,1.59855952635273,9,0.07106842
62,1.59855952635273,10,0.07160988
62,1.59855952635273,11,0.07127334
62,1.59855952635273,12,0.07131092
62,1.59855952635273,13,0.07133103
62,1.59855952635273,14,0.07129315
62,1.59855952635273,15,0.07171686
63,1.60832544938505,0,0.07161008
63,1.60832544938505,1,0.07123931
63,1.60832544938505,2,0.07153901
63,1.60832544938505,3,0.07157229
63,1.60832544938505,4,0.07171558
63,1.60832544938505,5,0.07157493
63,1.60832544938505,6,0.07166959
63,1.60832544938505,7,0.07167656
63,1.60832544938505,8,0.07156235
63,1.60832544938505,9,0.07138135
63,1.60832544938505,10,0.07189299
63,1.60832544938505,11,0.07168417
63,1.60832544938505,12,0.07187573
63,1.60832544938505,13,0.07191837
63,1.60832544938505,14,0.0719002
63,1.60832544938505,15,0.07195427
64,1.61870174260689,0,0.07162642
64,1.61870174260689,1,0.0718287
64,1.61870174260689,2,0.07168142
64,1.61870174260689,3,0.07169501
64,1.61870174260689,4,0.07143743
64,1.61870174260689,5,0.071609
64,1.61870174260689,6,0.07184106
64,1.61870174260689,7,0.07195887
64,1.61870174260689,8,0.07173787
64,1.61870174260689,9,0.0718977
64,1.61870174260689,10,0.071427
64,1.61870174260689,11,0.07157975
64,1.61870174260689,12,0.07180402
64,1.61870174260689,13,0.07162306
64,1.61870174260689,14,0.0716124
64,1.61870174260689,15,0.07156643
65,1.62907803582873,0,0.07162889
65,1.62907803582873,1,0.07186949
65,1.62907803582873,2,0.07160916
65,1.62907803582873,3,0.0714566
65,1.62907803582873,4,0.07164101
65,1.62907803582873,5,0.07166708
65,1.62907803582873,6,0.07143163
65,1.62907803582873,7,0.07146086
65,1.62907803582873,8,0.07122526
65,1.62907803582873,9,0.07122145
65,1.62907803582873,10,0.07152184
65,1.62907803582873,11,0.07143602
65,1.62907803582873,12,0.07137667
65,1.62907803582873,13,0.07129888
65,1.62907803582873,14,0.0713777
65,1.62907803582873,15,0.07176758
66,1.63823358867153,0,0.07130656
66,1.63823358867153,1,0.07136563
66,1.63823358867153,2,0.07145446
66,1.63823358867153,3,0.0712241
66,1.63823358867153,4,0.07105982
66,1.63823358867153,5,0.07130247
66,1.63823358867153,6,0.07127551
66,1.63823358867153,7,0.07132412
66,1.63823358867153,8,0.07133938
66,1.63823358867153,9,0.0715544
66,1.63823358867153,10,0.07157134
66,1.63823358867153,11,0.07125686
66,1.63823358867153,12,0.07165893
66,1.63823358867153,13,0.07157792
66,1.63823358867153,14,0.07132373
66,1.63823358867153,15,0.07139249
67,1.64860988189337,0,0.07142586
67,1.64860988189337,1,0.07189976
67,1.64860988189337,2,0.07165322
67,1.64860988189337,3,0.0716394
67,1.64860988189337,4,0.07157613
67,1.64860988189337,5,0.07185084
67,1.64860988189337,6,0.07156877
67,1.64860988189337,7,0.07141472
67,1.64860988189337,8,0.07143046
67,1.64860988189337,9,0.07132404
67,1.64860988189337,10,0.07154031
67,1.64860988189337,11,0.07154869
67,1.64860988189337,12,0.07164323
67,1.64860988189337,13,0.07133482
67,1.64860988189337,14,0.07134861
67,1.64860988189337,15,0.07130689
68,1.65837580492569,0,0.07128477
68,1.65837580492569,1,0.07162002
68,1.65837580492569,2,0.07168248
68,1.65837580492569,3,0.0716626
68,1.65837580492569,4,0.07144294
68,1.65837580492569,5,0.07122726
68,1.65837580492569,6,0.07168651
68,1.65837580492569,7,0.07146941
68,1.65837580492569,8,0.07179528
68,1.65837580492569,9,0.07187199
68,1.65837580492569,10,0.07143408
68,1.65837580492569,11,0.07168587
68,1.65837580492569,12,0.07163565
68,1.65837580492569,13,0.07157328
68,1.65837580492569,14,0.07174553
68,1.65837580492569,15,0.0716464
69,1.66875209814753,0,0.07165963
69,1.66875209814753,1,0.07165091
69,1.66875209814753,2,0.0717926
69,1.66875209814753,3,0.07186167
69,1.66875209814753,4,0.07159228
69,1.66875209814753,5,0.07171965
69,1.66875209814753,6,0.07204891
69,1.66875209814753,7,0.07174801
69,1.66875209814753,8,0.07146799
69,1.66875209814753,9,0.07157613
69,1.66875209814753,10,0.07140611
69,1.66875209814753,11,0.07159287
69,1.66875209814753,12,0.07160101
69,1.66875209814753,13,0.07174016
69,1.66875209814753,14,0.07180904
69,1.66875209814753,15,0.07135124
70,1.67790765099033,0,0.07191355
70,1.67790765099033,1,0.07174563
70,1.67790765099033,2,0.071702
70,1.67790765099033,3,0.07175683
70,1.67790765099033,4,0.07150792
70,1.67790765099033,5,0.07145077
70,1.67790765099033,6,0.07137047
70,1.67790765099033,7,0.07161171
70,1.67790765099033,8,0.071583
70,1.67790765099033,9,0.07182415
70,1.67790765099033,10,0.0719388
70,1.67790765099033,11,0.07177775
70,1.67790765099033,12,0.07186798
70,1.67790765099033,13,0.07162739
70,1.67790765099033,14,0.07189248
70,1.67790765099033,15,0.07141586
71,1.68889431440168,0,0.07173637
71,1.68889431440168,1,0.07173559
71,1.68889431440168,2,0.07181228
71,1.68889431440168,3,0.07201605
71,1.68889431440168,4,0.07180116
71,1.68889431440168,5,0.07164305
71,1.68889431440168,6,0.07155054
71,1.68889431440168,7,0.07144386
71,1.68889431440168,8,0.07163484
71,1.68889431440168,9,0.07159424
71,1.68889431440168,10,0.07150119
71,1.68889431440168,11,0.07191823
71,1.68889431440168,12,0.07189722
71,1.68889431440168,13,0.07158009
71,1.68889431440168,14,0.07177443
71,1.68889431440168,15,0.07184547
72,1.698660237434,0,0.07176175
72,1.698660237434,1,0.07192814
72,1.698660237434,2,0.07181421
72,1.698660237434,3,0.07162859
72,1.698660237434,4,0.07190876
72,1.698660237434,5,0.07205185
72,1.698660237434,6,0.07184988
72,1.698660237434,7,0.07205988
72,1.698660237434,8,0.07196634
72,1.698660237434,9,0.0716237
72,1.698660237434,10,0.07203054
72,1.698660237434,11,0.07216173
72,1.698660237434,12,0.07208993
72,1.698660237434,13,0.07207683
72,1.698660237434,14,0.07173716
72,1.698660237434,15,0.07185395
73,1.70842616046632,0,0.07166171
73,1.70842616046632,1,0.07188545
73,1.70842616046632,2,0.07158261
73,1.70842616046632,3,0.07139827
73,1.70842616046632,4,0.07164478
73,1.70842616046632,5,0.07128222
73,1.70842616046632,6,0.07184479
73,1.70842616046632,7,0.07185689
73,1.70842616046632,8,0.07180502
73,1.70842616046632,9,0.07165799
73,1.70842616046632,10,0.071783
73,1.70842616046632,11,0.07193689
73,1.70842616046632,12,0.07187362
73,1.70842616046632,13,0.07199559
73,1.70842616046632,14,0.07198993
73,1.70842616046632,15,0.0718936
74,1.71758171330912,0,0.0719466
74,1.71758171330912,1,0.07186946
74,1.71758171330912,2,0.0718986
74,1.71758171330912,3,0.07196986
74,1.71758171330912,4,0.07195269
74,1.71758171330912,5,0.07174659
74,1.71758171330912,6,0.07190385
74,1.71758171330912,7,0.07213206
74,1.71758171330912,8,0.07215272
74,1.71758171330912,9,0.07177654
74,1.71758171330912,10,0.07185539
74,1.71758171330912,11,0.07187719
74,1.71758171330912,12,0.07193407
74,1.71758171330912,13,0.07185153
74,1.71758171330912,14,0.07188144
74,1.71758171330912,15,0.07185225
75,1.72856837672048,0,0.07202084
75,1.72856837672048,1,0.07172502
75,1.72856837672048,2,0.07178696
75,1.72856837672048,3,0.07187312
75,1.72856837672048,4,0.07184479
75,1.72856837672048,5,0.07189327
75,1.72856837672048,6,0.07186473
75,1.72856837672048,7,0.07179473
75,1.72856837672048,8,0.0719118
75,1.72856837672048,9,0.07187737
75,1.72856837672048,10,0.07177518
75,1.72856837672048,11,0.07160766
75,1.72856837672048,12,0.07157269
75,1.72856837672048,13,0.07173961
75,1.72856837672048,14,0.07200897
75,1.72856837672048,15,0.07201765
76,1.73772392956328,0,0.07156824
76,1.73772392956328,1,0.07162531
76,1.73772392956328,2,0.07173594
76,1.73772392956328,3,0.07135755
76,1.73772392956328,4,0.07162932
76,1.73772392956328,5,0.07164704
76,1.73772392956328,6,0.07167742
76,1.73772392956328,7,0.07172401
76,1.73772392956328,8,0.07168207
76,1.73772392956328,9,0.07168176
76,1.73772392956328,10,0.0718251
76,1.73772392956328,11,0.07151537
76,1.73772392956328,12,0.07134584
76,1.73772392956328,13,0.07159924
76,1.73772392956328,14,0.07136638
76,1.73772392956328,15,0.07170682
77,1.74810022278512,0,0.0719493
77,1.74810022278512,1,0.07176776
77,1.74810022278512,2,0.0717382
77,1.74810022278512,3,0.07189028
77,1.74810022278512,4,0.07173862
77,1.74810022278512,5,0.07200115
77,1.74810022278512,6,0.07187296
77,1.74810022278512,7,0.07170787
77,1.74810022278512,8,0.07179028
77,1.74810022278512,9,0.07191712
77,1.74810022278512,10,0.07179046
77,1.74810022278512,11,0.07184204
77,1.74810022278512,12,0.0716966
77,1.74810022278512,13,0.07164444
77,1.74810022278512,14,0.07165968
77,1.74810022278512,15,0.07153997
78,1.75786614581744,0,0.07194621
78,1.75786614581744,1,0.07186625
78,1.75786614581744,2,0.07206775
78,1.75786614581744,3,0.07188105
78,1.75786614581744,4,0.07208546
78,1.75786614581744,5,0.07203229
78,1.75786614581744,6,0.07190712
78,1.75786614581744,7,0.07205269
78,1.75786614581744,8,0.07211901
78,1.75786614581744,9,0.07201597
78,1.75786614581744,10,0.07196054
78,1.75786614581744,11,0.07163626
78,1.75786614581744,12,0.07191558
78,1.75786614581744,13,0.07211552
78,1.75786614581744,14,0.07182044
78,1.75786614581744,15,0.07167558
79,1.76824243903928,0,0.07190385
79,1.76824243903928,1,0.07201134
79,1.76824243903928,2,0.07213412
79,1.76824243903928,3,0.07200043
79,1.76824243903928,4,0.07240891
79,1.76824243903928,5,0.0720965
79,1.76824243903928,6,0.07196942
79,1.76824243903928,7,0.07217344
79,1.76824243903928,8,0.07220142
79,1.76824243903928,9,0.07210875
79,1.76824243903928,10,0.07208829
79,1.76824243903928,11,0.07199621
79,1.76824243903928,12,0.07206602
79,1.76824243903928,13,0.07246242
79,1.76824243903928,14,0.07239759
79,1.76824243903928,15,0.07210023
80,1.77861873226112,0,0.07248365
80,1.77861873226112,1,0.07238032
80,1.77861873226112,2,0.07242087
80,1.77861873226112,3,0.07228706
80,1.77861873226112,4,0.07237394
80,1.77861873226112,5,0.07240181
80,1.77861873226112,6,0.0719697
80,1.77861873226112,7,0.07238488
80,1.77861873226112,8,0.07240804
80,1.77861873226112,9,0.07233315
80,1.77861873226112,10,0.07209076
80,1.77861873226112,11,0.07222465
80,1.77861873226112,12,0.07249037
80,1.77861873226112,13,0.07224136
80,1.77861873226112,14,0.07226791
80,1.77861873226112,15,0.07211989
81,1.78838465529344,0,0.07250749
81,1.78838465529344,1,0.07242874
81,1.78838465529344,2,0.07243329
81,1.78838465529344,3,0.07242169
81,1.78838465529344,4,0.07255751
81,1.78838465529344,5,0.07243839
81,1.78838465529344,6,0.07235471
81,1.78838465529344,7,0.072235
81,1.78838465529344,8,0.07236259
81,1.78838465529344,9,0.07242909
81,1.78838465529344,10,0.07257301
81,1.78838465529344,11,0.07257215
81,1.78838465529344,12,0.0726917
81,1.78838465529344,13,0.07270134
81,1.78838465529344,14,0.07233703
81,1.78838465529344,15,0.07216116
82,1.79815057832575,0,0.07251615
82,1.79815057832575,1,0.07263401
82,1.79815057832575,2,0.07269589
82,1.79815057832575,3,0.0726377
82,1.79815057832575,4,0.07242724
82,1.79815057832575,5,0.0724876
82,1.79815057832575,6,0.0727011
82,1.79815057832575,7,0.07251598
82,1.79815057832575,8,0.07275327
82,1.79815057832575,9,0.07265367
82,1.79815057832575,10,0.07266128
82,1.79815057832575,11,0.0727272
82,1.79815057832575,12,0.07248002
82,1.79815057832575,13,0.07252604
82,1.79815057832575,14,0.07279257
82,1.79815057832575,15,0.07274798
83,1.80791650135807,0,0.07323784
83,1.80791650135807,1,0.07303634
83,1.80791650135807,2,0.07283666
83,1.80791650135807,3,0.07274893
83,1.80791650135807,4,0.07274091
83,1.80791650135807,5,0.07270963
83,1.80791650135807,6,0.07244419
83,1.80791650135807,7,0.07274519
83,1.80791650135807,8,0.07234617
83,1.80791650135807,9,0.07262024
83,1.80791650135807,10,0.07288185
83,1.80791650135807,11,0.07261541
83,1.80791650135807,12,0.07279446
83,1.80791650135807,13,0.07242245
83,1.80791650135807,14,0.07283165
83,1.80791650135807,15,0.07232146
84,1.81829279457991,0,0.07289083
84,1.81829279457991,1,0.07250767
84,1.81829279457991,2,0.07254107
84,1.81829279457991,3,0.07263188
84,1.81829279457991,4,0.07283331
84,1.81829279457991,5,0.0723286
84,1.81829279457991,6,0.07234208
84,1.81829279457991,7,0.07226122
84,1.81829279457991,8,0.07230441
84,1.81829279457991,9,0.0724075
84,1.81829279457991,10,0.07283941
84,1.81829279457991,11,0.07254114
84,1.81829279457991,12,0.07278772
84,1.81829279457991,13,0.07254338
84,1.81829279457991,14,0.07232558
84,1.81829279457991,15,0.07235397
85,1.82805871761223,0,0.0725201
85,1.82805871761223,1,0.07248893
85,1.82805871761223,2,0.07261186
85,1.82805871761223,3,0.07215322
85,1.82805871761223,4,0.07240221
85,1.82805871761223,5,0.07231604
85,1.82805871761223,6,0.0724209
85,1.82805871761223,7,0.07216616
85,1.82805871761223,8,0.07232957
85,1.82805871761223,9,0.07257944
85,1.82805871761223,10,0.07249817
85,1.82805871761223,11,0.07243817
85,1.82805871761223,12,0.07272436
85,1.82805871761223,13,0.07256606
85,1.82805871761223,14,0.07280155
85,1.82805871761223,15,0.07244128
86,1.83843501083407,0,0.07239314
86,1.83843501083407,1,0.07259202
86,1.83843501083407,2,0.07279477
86,1.83843501083407,3,0.07273747
86,1.83843501083407,4,0.07287134
86,1.83843501083407,5,0.07274169
86,1.83843501083407,6,0.07273765
86,1.83843501083407,7,0.07252055
86,1.83843501083407,8,0.0726831
86,1.83843501083407,9,0.07292585
86,1.83843501083407,10,0.072662
86,1.83843501083407,11,0.07289552
86,1.83843501083407,12,0.07282552
86,1.83843501083407,13,0.07243074
86,1.83843501083407,14,0.07269262
86,1.83843501083407,15,0.07242788
87,1.84820093386639,0,0.0730683
87,1.84820093386639,1,0.0731669
87,1.84820093386639,2,0.07299561
87,1.84820093386639,3,0.07318629
87,1.84820093386639,4,0.07288845
87,1.84820093386639,5,0.07299349
87,1.84820093386639,6,0.07326283
87,1.84820093386639,7,0.07284757
87,1.84820093386639,8,0.07315016
87,1.84820093386639,9,0.07317559
87,1.84820093386639,10,0.07310486
87,1.84820093386639,11,0.07310811
87,1.84820093386639,12,0.07319669
87,1.84820093386639,13,0.07332632
87,1.84820093386639,14,0.07333095
87,1.84820093386639,15,0.07326629
88,1.85857722708823,0,0.07308755
88,1.85857722708823,1,0.07330852
88,1.85857722708823,2,0.07304909
88,1.85857722708823,3,0.07318745
88,1.85857722708823,4,0.07289855
88,1.85857722708823,5,0.07311334
88,1.85857722708823,6,0.07300574
88,1.85857722708823,7,0.07321782
88,1.85857722708823,8,0.07341304
88,1.85857722708823,9,0.07341406
88,1.85857722708823,10,0.07365397
88,1.85857722708823,11,0.07342742
88,1.85857722708823,12,0.07355138
88,1.85857722708823,13,0.07324233
88,1.85857722708823,14,0.07330082
88,1.85857722708823,15,0.07334114
89,1.86773277993103,0,0.07345594
89,1.86773277993103,1,0.07347766
89,1.86773277993103,2,0.07348837
89,1.86773277993103,3,0.07343079
89,1.86773277993103,4,0.07388528
89,1.86773277993103,5,0.07299697
89,1.86773277993103,6,0.07330393
89,1.86773277993103,7,0.07314456
89,1.86773277993103,8,0.07324471
89,1.86773277993103,9,0.07321879
89,1.86773277993103,10,0.073232
89,1.86773277993103,11,0.07301009
89,1.86773277993103,12,0.07324299
89,1.86773277993103,13,0.07319514
89,1.86773277993103,14,0.07342727
89,1.86773277993103,15,0.07323508
90,1.87871944334239,0,0.07320164
90,1.87871944334239,1,0.07327917
90,1.87871944334239,2,0.07336452
90,1.87871944334239,3,0.07328484
90,1.87871944334239,4,0.07320983
90,1.87871944334239,5,0.07324882
90,1.87871944334239,6,0.07338686
90,1.87871944334239,7,0.07341649
90,1.87871944334239,8,0.07316811
90,1.87871944334239,9,0.07357152
90,1.87871944334239,10,0.07328584
90,1.87871944334239,11,0.07347718
90,1.87871944334239,12,0.07328482
90,1.87871944334239,13,0.07339577
90,1.87871944334239,14,0.07317326
90,1.87871944334239,15,0.0734216
91,1.88787499618519,0,0.07362043
91,1.88787499618519,1,0.07332242
91,1.88787499618519,2,0.07320455
91,1.88787499618519,3,0.07323778
91,1.88787499618519,4,0.07331728
91,1.88787499618519,5,0.07323394
91,1.88787499618519,6,0.07325564
91,1.88787499618519,7,0.07323647
91,1.88787499618519,8,0.07312951
91,1.88787499618519,9,0.0735779
91,1.88787499618519,10,0.07363516
91,1.88787499618519,11,0.07335773
91,1.88787499618519,12,0.07336697
91,1.88787499618519,13,0.07319081
91,1.88787499618519,14,0.07346021
91,1.88787499618519,15,0.07356697
92,1.89825128940703,0,0.07324707
92,1.89825128940703,1,0.07344554
92,1.89825128940703,2,0.07358382
92,1.89825128940703,3,0.07359572
92,1.89825128940703,4,0.07338943
92,1.89825128940703,5,0.07318237
92,1.89825128940703,6,0.07318522
92,1.89825128940703,7,0.0731949
92,1.89825128940703,8,0.07363232
92,1.89825128940703,9,0.07332579
92,1.89825128940703,10,0.07343397
92,1.89825128940703,11,0.07363184
92,1.89825128940703,12,0.07351056
92,1.89825128940703,13,0.07330702
92,1.89825128940703,14,0.07360485
92,1.89825128940703,15,0.07356892
93,1.90862758262886,0,0.07318372
93,1.90862758262886,1,0.07340989
93,1.90862758262886,2,0.07326366
93,1.90862758262886,3,0.07332363
93,1.90862758262886,4,0.07331545
93,1.90862758262886,5,0.07353089
93,1.90862758262886,6,0.07311486
93,1.90862758262886,7,0.07309034
93,1.90862758262886,8,0.07325831
93,1.90862758262886,9,0.07324947
93,1.90862758262886,10,0.07328336
93,1.90862758262886,11,0.07336368
93,1.90862758262886,12,0.07350099
93,1.90862758262886,13,0.07337634
93,1.90862758262886,14,0.07320473
93,1.90862758262886,15,0.07333807
94,1.91839350566118,0,0.07362597
94,1.91839350566118,1,0.07353602
94,1.91839350566118,2,0.07358731
94,1.91839350566118,3,0.07356286
94,1.91839350566118,4,0.07389802
94,1.91839350566118,5,0.07348187
94,1.91839350566118,6,0.07332992
94,1.91839350566118,7,0.07344326
94,1.91839350566118,8,0.07331327
94,1.91839350566118,9,0.07354613
94,1.91839350566118,10,0.0732738
94,1.91839350566118,11,0.07328352
94,1.91839350566118,12,0.07358092
94,1.91839350566118,13,0.07364289
94,1.91839350566118,14,0.07341093
94,1.91839350566118,15,0.07338811
95,1.9281594286935,0,0.07366459
95,1.9281594286935,1,0.07352773
95,1.9281594286935,2,0.0736574
95,1.9281594286935,3,0.07351568
95,1.9281594286935,4,0.07340782
95,1.9281594286935,5,0.07323451
95,1.9281594286935,6,0.07336602
95,1.9281594286935,7,0.07310553
95,1.9281594286935,8,0.07338687
95,1.9281594286935,9,0.07333533
95,1.9281594286935,10,0.0733107
95,1.9281594286935,11,0.07355309
95,1.9281594286935,12,0.07361589
95,1.9281594286935,13,0.07346637
95,1.9281594286935,14,0.07336034
95,1.9281594286935,15,0.0736302
96,1.93853572191534,0,0.07337631
96,1.93853572191534,1,0.07342478
96,1.93853572191534,2,0.07389849
96,1.93853572191534,3,0.07336535
96,1.93853572191534,4,0.07312821
96,1.93853572191534,5,0.07326951
96,1.93853572191534,6,0.07330242
96,1.93853572191534,7,0.0732739
96,1.93853572191534,8,0.07318601
96,1.93853572191534,9,0.0736514
96,1.93853572191534,10,0.07356312
96,1.93853572191534,11,0.07360066
96,1.93853572191534,12,0.07366328
96,1.93853572191534,13,0.07360697
96,1.93853572191534,14,0.07367411
96,1.93853572191534,15,0.07347153
97,1.94830164494766,0,0.07364035
97,1.94830164494766,1,0.07364611
97,1.94830164494766,2,0.07355445
97,1.94830164494766,3,0.07365223
97,1.94830164494766,4,0.07338003
97,1.94830164494766,5,0.07346197
97,1.94830164494766,6,0.07346867
97,1.94830164494766,7,0.07361664
97,1.94830164494766,8,0.07411412
97,1.94830164494766,9,0.0736133
97,1.94830164494766,10,0.07378096
97,1.94830164494766,11,0.07367426
97,1.94830164494766,12,0.07349698
97,1.94830164494766,13,0.07356776
97,1.94830164494766,14,0.07378154
97,1.94830164494766,15,0.0736666
98,1.95745719779046,0,0.07359271
98,1.95745719779046,1,0.07365439
98,1.95745719779046,2,0.07389738
98,1.95745719779046,3,0.07357638
98,1.95745719779046,4,0.07343382
98,1.95745719779046,5,0.07345276
98,1.95745719779046,6,0.07335875
98,1.95745719779046,7,0.073852
98,1.95745719779046,8,0.07370321
98,1.95745719779046,9,0.07367716
98,1.95745719779046,10,0.07392845
98,1.95745719779046,11,0.07356348
98,1.95745719779046,12,0.07381656
98,1.95745719779046,13,0.0738622
98,1.95745719779046,14,0.07370453
98,1.95745719779046,15,0.07350733
99,1.9678334910123,0,0.0733832
99,1.9678334910123,1,0.07354205
99,1.9678334910123,2,0.07383506
99,1.9678334910123,3,0.07361721
99,1.9678334910123,4,0.07352513
99,1.9678334910123,5,0.07337486
99,1.9678334910123,6,0.07345515
99,1.9678334910123,7,0.07358329
99,1.9678334910123,8,0.07353497
99,1.9678334910123,9,0.07363569
99,1.9678334910123,10,0.07384182
99,1.9678334910123,11,0.07369908
99,1.9678334910123,12,0.07352027
99,1.9678334910123,13,0.0738218
99,1.9678334910123,14,0.07353703
99,1.9678334910123,15,0.07375713
100,1.97759941404462,0,0.07380442
100,1.97759941404462,1,0.07363997
100,1.97759941404462,2,0.07390489
100,1.97759941404462,3,0.07395755
100,1.97759941404462,4,0.07405549
100,1.97759941404462,5,0.07370827
100,1.97759941404462,6,0.0740165
100,1.97759941404462,7,0.07369464
100,1.97759941404462,8,0.07359871
100,1.97759941404462,9,0.07341681
100,1.97759941404462,10,0.07359381
100,1.97759941404462,11,0.07416197
100,1.97759941404462,12,0.07416356
100,1.97759941404462,13,0.07382189
100,1.97759941404462,14,0.07405797
100,1.97759941404462,15,0.07390288
101,1.98858607745598,0,0.07383997
101,1.98858607745598,1,0.07387098
101,1.98858607745598,2,0.0739164
101,1.98858607745598,3,0.07375926
101,1.98858607745598,4,0.07402939
101,1.98858607745598,5,0.07370654
101,1.98858607745598,6,0.07393928
101,1.98858607745598,7,0.07403742
101,1.98858607745598,8,0.07422008
101,1.98858607745598,9,0.07392021
101,1.98858607745598,10,0.0738529
101,1.98858607745598,11,0.07374536
101,1.98858607745598,12,0.073849
101,1.98858607745598,13,0.07383917
101,1.98858607745598,14,0.0737443
101,1.98858607745598,15,0.07389437
102,1.99774163029878,0,0.07398533
102,1.99774163029878,1,0.0742242
102,1.99774163029878,2,0.07412558
102,1.99774163029878,3,0.07416688
102,1.99774163029878,4,0.07389273
102,1.99774163029878,5,0.07409278
102,1.99774163029878,6,0.07385179
102,1.99774163029878,7,0.07385465
102,1.99774163029878,8,0.07377716
102,1.99774163029878,9,0.07340217
102,1.99774163029878,10,0.07353866
102,1.99774163029878,11,0.07379744
102,1.99774163029878,12,0.07384387
102,1.99774163029878,13,0.07393214
102,1.99774163029878,14,0.07368182
102,1.99774163029878,15,0.07411993
103,2.0075075533311,0,0.07386215
103,2.0075075533311,1,0.07379692
103,2.0075075533311,2,0.07365424
103,2.0075075533311,3,0.07366955
103,2.0075075533311,4,0.07358679
103,2.0075075533311,5,0.07379528
103,2.0075075533311,6,0.07382956
103,2.0075075533311,7,0.07367077
103,2.0075075533311,8,0.07376882
103,2.0075075533311,9,0.07376871
103,2.0075075533311,10,0.07356201
103,2.0075075533311,11,0.07387625
103,2.0075075533311,12,0.07398998
103,2.0075075533311,13,0.07381118
103,2.0075075533311,14,0.07386738
103,2.0075075533311,15,0.07389147
104,2.01727347636341,0,0.07361277
104,2.01727347636341,1,0.07374045
104,2.01727347636341,2,0.07359323
104,2.01727347636341,3,0.07390071
104,2.01727347636341,4,0.07383495
104,2.01727347636341,5,0.07390019
104,2.01727347636341,6,0.0736366
104,2.01727347636341,7,0.07382507
104,2.01727347636341,8,0.07356133
104,2.01727347636341,9,0.07391328
104,2.01727347636341,10,0.0736498
104,2.01727347636341,11,0.07366639
104,2.01727347636341,12,0.07360728
104,2.01727347636341,13,0.07371599
104,2.01727347636341,14,0.07380214
104,2.01727347636341,15,0.07375761
105,2.02703939939573,0,0.07392897
105,2.02703939939573,1,0.07397308
105,2.02703939939573,2,0.07370041
105,2.02703939939573,3,0.07385634
105,2.02703939939573,4,0.07386839
105,2.02703939939573,5,0.07410023
105,2.02703939939573,6,0.07374045
105,2.02703939939573,7,0.07384192
105,2.02703939939573,8,0.07366063
105,2.02703939939573,9,0.07353275
105,2.02703939939573,10,0.07363612
105,2.02703939939573,11,0.07373369
105,2.02703939939573,12,0.07376803
105,2.02703939939573,13,0.07372762
105,2.02703939939573,14,0.07363
105,2.02703939939573,15,0.07342969
106,2.03802606280709,0,0.07372487
106,2.03802606280709,1,0.07360569
106,2.03802606280709,2,0.07351647
106,2.03802606280709,3,0.0736198
106,2.03802606280709,4,0.07352667
106,2.03802606280709,5,0.07377431
106,2.03802606280709,6,0.07372946
106,2.03802606280709,7,0.07376
106,2.03802606280709,8,0.07385085
106,2.03802606280709,9,0.07371388
106,2.03802606280709,10,0.07337069
106,2.03802606280709,11,0.07369069
106,2.03802606280709,12,0.07393817
106,2.03802606280709,13,0.07377843
106,2.03802606280709,14,0.07389511
106,2.03802606280709,15,0.07400119
107,2.04779198583941,0,0.0736638
107,2.04779198583941,1,0.07341686
107,2.04779198583941,2,0.07393658
107,2.04779198583941,3,0.07381546
107,2.04779198583941,4,0.07374446
107,2.04779198583941,5,0.07379496
107,2.04779198583941,6,0.0735926
107,2.04779198583941,7,0.07377157
107,2.04779198583941,8,0.07359238
107,2.04779198583941,9,0.0735714
107,2.04779198583941,10,0.07344063
107,2.04779198583941,11,0.07367864
107,2.04779198583941,12,0.07366481
107,2.04779198583941,13,0.0738977
107,2.04779198583941,14,0.07383622
107,2.04779198583941,15,0.07361974
108,2.05755790887173,0,0.07368302
108,2.05755790887173,1,0.07373295
108,2.05755790887173,2,0.07392067
108,2.05755790887173,3,0.07376771
108,2.05755790887173,4,0.07361843
108,2.05755790887173,5,0.07347105
108,2.05755790887173,6,0.07367679
108,2.05755790887173,7,0.07378493
108,2.05755790887173,8,0.07356343
108,2.05755790887173,9,0.07368155
108,2.05755790887173,10,0.07390299
108,2.05755790887173,11,0.07375988
108,2.05755790887173,12,0.07377367
108,2.05755790887173,13,0.07389173
108,2.05755790887173,14,0.07369047
108,2.05755790887173,15,0.07349841
109,2.06793420209357,0,0.07382681
109,2.06793420209357,1,0.0737386
109,2.06793420209357,2,0.07385555
109,2.06793420209357,3,0.07416604
109,2.06793420209357,4,0.0738069
109,2.06793420209357,5,0.07414576
109,2.06793420209357,6,0.07416399
109,2.06793420209357,7,0.07358854
109,2.06793420209357,8,0.07368434
109,2.06793420209357,9,0.07382946
109,2.06793420209357,10,0.07381567
109,2.06793420209357,11,0.07389797
109,2.06793420209357,12,0.07360887
109,2.06793420209357,13,0.07367352
109,2.06793420209357,14,0.07400832
109,2.06793420209357,15,0.07399167
110,2.07708975493637,0,0.07392887
110,2.07708975493637,1,0.07402558
110,2.07708975493637,2,0.07392575
110,2.07708975493637,3,0.07380573
110,2.07708975493637,4,0.07388233
110,2.07708975493637,5,0.07368193
110,2.07708975493637,6,0.07385486
110,2.07708975493637,7,0.07383373
110,2.07708975493637,8,0.07382333
110,2.07708975493637,9,0.07373653
110,2.07708975493637,10,0.07376406
110,2.07708975493637,11,0.07388439
110,2.07708975493637,12,0.07370669
110,2.07708975493637,13,0.07335351
110,2.07708975493637,14,0.07352388
110,2.07708975493637,15,0.07366761
111,2.08746604815821,0,0.07372275
111,2.08746604815821,1,0.07390034
111,2.08746604815821,2,0.07384884
111,2.08746604815821,3,0.07379068
111,2.08746604815821,4,0.07380109
111,2.08746604815821,5,0.07363502
111,2.08746604815821,6,0.07351003
111,2.08746604815821,7,0.07355008
111,2.08746604815821,8,0.07381815
111,2.08746604815821,9,0.07363559
111,2.08746604815821,10,0.0735881
111,2.08746604815821,11,0.07372729
111,2.08746604815821,12,0.07373665
111,2.08746604815821,13,0.07349143
111,2.08746604815821,14,0.07387266
111,2.08746604815821,15,0.07373691
112,2.09784234138005,0,0.07367759
112,2.09784234138005,1,0.07383363
112,2.09784234138005,2,0.07390911
112,2.09784234138005,3,0.07379423
112,2.09784234138005,4,0.07387372
112,2.09784234138005,5,0.07368059
112,2.09784234138005,6,0.07403911
112,2.09784234138005,7,0.07378492
112,2.09784234138005,8,0.073994
112,2.09784234138005,9,0.07400113
112,2.09784234138005,10,0.07367679
112,2.09784234138005,11,0.07394461
112,2.09784234138005,12,0.07391154
112,2.09784234138005,13,0.07403985
112,2.09784234138005,14,0.07365509
112,2.09784234138005,15,0.07391936
113,2.10699789422285,0,0.07392522
113,2.10699789422285,1,0.07374325
113,2.10699789422285,2,0.07405569
113,2.10699789422285,3,0.0741128
113,2.10699789422285,4,0.07424945
113,2.10699789422285,5,0.07427196
113,2.10699789422285,6,0.07426208
113,2.10699789422285,7,0.07427887
113,2.10699789422285,8,0.07449914
113,2.10699789422285,9,0.07431448
113,2.10699789422285,10,0.07396669
113,2.10699789422285,11,0.07415754
113,2.10699789422285,12,0.07392549
113,2.10699789422285,13,0.07413255
113,2.10699789422285,14,0.07456169
113,2.10699789422285,15,0.07418554
114,2.11737418744469,0,0.07402648
114,2.11737418744469,1,0.07428569
114,2.11737418744469,2,0.07414813
114,2.11737418744469,3,0.07411707
114,2.11737418744469,4,0.07447602
114,2.11737418744469,5,0.07432056
114,2.11737418744469,6,0.0745246
114,2.11737418744469,7,0.07432099
114,2.11737418744469,8,0.07421531
114,2.11737418744469,9,0.07425399
114,2.11737418744469,10,0.07434522
114,2.11737418744469,11,0.0742064
114,2.11737418744469,12,0.07442783
114,2.11737418744469,13,0.07426631
114,2.11737418744469,14,0.07426022
114,2.11737418744469,15,0.07471361
115,2.127140110477,0,0.07462254
115,2.127140110477,1,0.07448529
115,2.127140110477,2,0.07476481
115,2.127140110477,3,0.074688
115,2.127140110477,4,0.07471463
115,2.127140110477,5,0.0746099
115,2.127140110477,6,0.07458867
115,2.127140110477,7,0.07478277
115,2.127140110477,8,0.07430681
115,2.127140110477,9,0.07412801
115,2.127140110477,10,0.07445984
115,2.127140110477,11,0.07438748
115,2.127140110477,12,0.07442614
115,2.127140110477,13,0.07451735
115,2.127140110477,14,0.07451696
115,2.127140110477,15,0.07452619
116,2.13751640369884,0,0.07424315
116,2.13751640369884,1,0.07423825
116,2.13751640369884,2,0.07448414
116,2.13751640369884,3,0.07427602
116,2.13751640369884,4,0.07413714
116,2.13751640369884,5,0.07402944
116,2.13751640369884,6,0.07425315
116,2.13751640369884,7,0.07418527
116,2.13751640369884,8,0.07422541
116,2.13751640369884,9,0.07426898
116,2.13751640369884,10,0.0740388
116,2.13751640369884,11,0.07430549
116,2.13751640369884,12,0.07400187
116,2.13751640369884,13,0.07377774
116,2.13751640369884,14,0.07401513
116,2.13751640369884,15,0.07411618
117,2.14728232673116,0,0.07420867
117,2.14728232673116,1,0.0743394
117,2.14728232673116,2,0.07403493
117,2.14728232673116,3,0.07424554
117,2.14728232673116,4,0.07431927
117,2.14728232673116,5,0.07432604
117,2.14728232673116,6,0.07464633
117,2.14728232673116,7,0.07449388
117,2.14728232673116,8,0.07429171
117,2.14728232673116,9,0.0741821
117,2.14728232673116,10,0.07392332
117,2.14728232673116,11,0.0740753
117,2.14728232673116,12,0.07432916
117,2.14728232673116,13,0.07399685
117,2.14728232673116,14,0.07401708
117,2.14728232673116,15,0.07407667
118,2.157658619953,0,0.07419298
118,2.157658619953,1,0.07425146
118,2.157658619953,2,0.07421274
118,2.157658619953,3,0.07444652
118,2.157658619953,4,0.07415511
118,2.157658619953,5,0.07419964
118,2.157658619953,6,0.07412732
118,2.157658619953,7,0.07395259
118,2.157658619953,8,0.07438604
118,2.157658619953,9,0.07455678
118,2.157658619953,10,0.07463802
118,2.157658619953,11,0.07429688
118,2.157658619953,12,0.07416128
118,2.157658619953,13,0.07440666
118,2.157658619953,14,0.07429525
118,2.157658619953,15,0.07428543
119,2.16803491317484,0,0.07418807
119,2.16803491317484,1,0.07428521
119,2.16803491317484,2,0.07441168
119,2.16803491317484,3,0.07396854
119,2.16803491317484,4,0.07402094
119,2.16803491317484,5,0.07428395
119,2.16803491317484,6,0.07422451
119,2.16803491317484,7,0.07409853
119,2.16803491317484,8,0.07413973
119,2.16803491317484,9,0.07427
119,2.16803491317484,10,0.07425902
119,2.16803491317484,11,0.07428062
119,2.16803491317484,12,0.07421581
119,2.16803491317484,13,0.07414761
119,2.16803491317484,14,0.0740876
119,2.16803491317484,15,0.07417064
120,2.17719046601764,0,0.0743456
120,2.17719046601764,1,0.07391725
120,2.17719046601764,2,0.07404703
120,2.17719046601764,3,0.07434721
120,2.17719046601764,4,0.07415437
120,2.17719046601764,5,0.074198
120,2.17719046601764,6,0.07426688
120,2.17719046601764,7,0.07420196
120,2.17719046601764,8,0.0743635
120,2.17719046601764,9,0.07421686
120,2.17719046601764,10,0.07446968
120,2.17719046601764,11,0.07419261
120,2.17719046601764,12,0.07426704
120,2.17719046601764,13,0.0742243
120,2.17719046601764,14,0.07420497
120,2.17719046601764,15,0.07410487
121,2.18695638904996,0,0.07393759
121,2.18695638904996,1,0.07396854
121,2.18695638904996,2,0.0741811
121,2.18695638904996,3,0.07398365
121,2.18695638904996,4,0.07439788
121,2.18695638904996,5,0.07427189
121,2.18695638904996,6,0.07424323
121,2.18695638904996,7,0.07428162
121,2.18695638904996,8,0.07412151
121,2.18695638904996,9,0.07408538
121,2.18695638904996,10,0.07439232
121,2.18695638904996,11,0.07423699
121,2.18695638904996,12,0.07431314
121,2.18695638904996,13,0.07443094
121,2.18695638904996,14,0.07417291
121,2.18695638904996,15,0.07419086
122,2.19794305246132,0,0.07419842
122,2.19794305246132,1,0.07448177
122,2.19794305246132,2,0.07428358
122,2.19794305246132,3,0.07432738
122,2.19794305246132,4,0.07475963
122,2.19794305246132,5,0.07437896
122,2.19794305246132,6,0.07430095
122,2.19794305246132,7,0.07418659
122,2.19794305246132,8,0.07413594
122,2.19794305246132,9,0.07438051
122,2.19794305246132,10,0.07442899
122,2.19794305246132,11,0.07434801
122,2.19794305246132,12,0.074386
122,2.19794305246132,13,0.07446385
122,2.19794305246132,14,0.07441389
122,2.19794305246132,15,0.07463586
123,2.20770897549364,0,0.07457752
123,2.20770897549364,1,0.07455764
123,2.20770897549364,2,0.07456967
123,2.20770897549364,3,0.07446048
123,2.20770897549364,4,0.07436402
123,2.20770897549364,5,0.0744516
123,2.20770897549364,6,0.0741782
123,2.20770897549364,7,0.07427532
123,2.20770897549364,8,0.0748053
123,2.20770897549364,9,0.07434247
123,2.20770897549364,10,0.07438568
123,2.20770897549364,11,0.07401703
123,2.20770897549364,12,0.07418369
123,2.20770897549364,13,0.07429525
123,2.20770897549364,14,0.07425199
123,2.20770897549364,15,0.07427174
124,2.21808526871548,0,0.07407197
124,2.21808526871548,1,0.07437918
124,2.21808526871548,2,0.07392453
124,2.21808526871548,3,0.07438917
124,2.21808526871548,4,0.07429022
124,2.21808526871548,5,0.07437591
124,2.21808526871548,6,0.07428864
124,2.21808526871548,7,0.07448928
124,2.21808526871548,8,0.07442489
124,2.21808526871548,9,0.07476395
124,2.21808526871548,10,0.07418891
124,2.21808526871548,11,0.07432072
124,2.21808526871548,12,0.07457965
124,2.21808526871548,13,0.07446369
124,2.21808526871548,14,0.07449263
124,2.21808526871548,15,0.07424227
125,2.2278511917478,0,0.07402232
125,2.2278511917478,1,0.07385206
125,2.2278511917478,2,0.07383189
125,2.2278511917478,3,0.07412554
125,2.2278511917478,4,0.07416229
125,2.2278511917478,5,0.07423075
125,2.2278511917478,6,0.07420614
125,2.2278511917478,7,0.0745011
125,2.2278511917478,8,0.07416066
125,2.2278511917478,9,0.07424318
125,2.2278511917478,10,0.07424359
125,2.2278511917478,11,0.0741071
125,2.2278511917478,12,0.07425617
125,2.2278511917478,13,0.07417449
125,2.2278511917478,14,0.07402933
125,2.2278511917478,15,0.07415379
126,2.23700674459059,0,0.07439134
126,2.23700674459059,1,0.07408918
126,2.23700674459059,2,0.07464938
126,2.23700674459059,3,0.07428247
126,2.23700674459059,4,0.07415944
126,2.23700674459059,5,0.0744119
126,2.23700674459059,6,0.07415041
126,2.23700674459059,7,0.07432208
126,2.23700674459059,8,0.0744935
126,2.23700674459059,9,0.07441848
126,2.23700674459059,10,0.07455285
126,2.23700674459059,11,0.07464793
126,2.23700674459059,12,0.07453734
126,2.23700674459059,13,0.0740512
126,2.23700674459059,14,0.07465345
126,2.23700674459059,15,0.07453918
127,2.24738303781243,0,0.07428421
127,2.24738303781243,1,0.074402
127,2.24738303781243,2,0.07434728
127,2.24738303781243,3,0.07439704
127,2.24738303781243,4,0.07444486
127,2.24738303781243,5,0.0747788
127,2.24738303781243,6,0.07461029
127,2.24738303781243,7,0.07480089
127,2.24738303781243,8,0.07466321
127,2.24738303781243,9,0.07454199
127,2.24738303781243,10,0.07463817
127,2.24738303781243,11,0.07426409
127,2.24738303781243,12,0.0746215
127,2.24738303781243,13,0.07444137
127,2.24738303781243,14,0.0743513
127,2.24738303781243,15,0.07437114
128,2.25775933103427,0,0.07470669
128,2.25775933103427,1,0.07437985
128,2.25775933103427,2,0.07463197
128,2.25775933103427,3,0.0744834
128,2.25775933103427,4,0.07433793
128,2.25775933103427,5,0.07428479
128,2.25775933103427,6,0.07441483
128,2.25775933103427,7,0.07453713
128,2.25775933103427,8,0.07469729
128,2.25775933103427,9,0.07445573
128,2.25775933103427,10,0.07464246
128,2.25775933103427,11,0.07453338
128,2.25775933103427,12,0.07453489
128,2.25775933103427,13,0.07431453
128,2.25775933103427,14,0.07441574
128,2.25775933103427,15,0.07441289
129,2.26691488387707,0,0.07463942
129,2.26691488387707,1,0.07458816
129,2.26691488387707,2,0.07447415
129,2.26691488387707,3,0.07414617
129,2.26691488387707,4,0.07435849
129,2.26691488387707,5,0.07442851
129,2.26691488387707,6,0.07441155
129,2.26691488387707,7,0.07459196
129,2.26691488387707,8,0.07439615
129,2.26691488387707,9,0.07436725
129,2.26691488387707,10,0.0744442
129,2.26691488387707,11,0.07440346
129,2.26691488387707,12,0.07443006
129,2.26691488387707,13,0.07443708
129,2.26691488387707,14,0.07455113
129,2.26691488387707,15,0.07438245
130,2.27729117709891,0,0.07447346
130,2.27729117709891,1,0.07475493
130,2.27729117709891,2,0.07452818
130,2.27729117709891,3,0.07431981
130,2.27729117709891,4,0.07438979
130,2.27729117709891,5,0.07439523
130,2.27729117709891,6,0.07445107
130,2.27729117709891,7,0.0744316
130,2.27729117709891,8,0.07455999
130,2.27729117709891,9,0.07442308
130,2.27729117709891,10,0.07456397
130,2.27729117709891,11,0.07462531
130,2.27729117709891,12,0.07445484
130,2.27729117709891,13,0.0744992
130,2.27729117709891,14,0.07448515
130,2.27729117709891,15,0.07441384
131,2.28705710013123,0,0.07473978
131,2.28705710013123,1,0.07449006
131,2.28705710013123,2,0.07469084
131,2.28705710013123,3,0.07442202
131,2.28705710013123,4,0.07444548
131,2.28705710013123,5,0.07459196
131,2.28705710013123,6,0.07442608
131,2.28705710013123,7,0.07421891
131,2.28705710013123,8,0.07434946
131,2.28705710013123,9,0.07426117
131,2.28705710013123,10,0.07443771
131,2.28705710013123,11,0.07476167
131,2.28705710013123,12,0.07462259
131,2.28705710013123,13,0.07435173
131,2.28705710013123,14,0.0745163
131,2.28705710013123,15,0.07453851
132,2.29743339335307,0,0.07459085
132,2.29743339335307,1,0.07450452
132,2.29743339335307,2,0.07461885
132,2.29743339335307,3,0.07444358
132,2.29743339335307,4,0.07448117
132,2.29743339335307,5,0.07441357
132,2.29743339335307,6,0.0745291
132,2.29743339335307,7,0.07439556
132,2.29743339335307,8,0.07430376
132,2.29743339335307,9,0.07469163
132,2.29743339335307,10,0.07472122
132,2.29743339335307,11,0.07490572
132,2.29743339335307,12,0.07453274
132,2.29743339335307,13,0.07464223
132,2.29743339335307,14,0.07462756
132,2.29743339335307,15,0.0749229
133,2.30719931638539,0,0.07434103
133,2.30719931638539,1,0.07467575
133,2.30719931638539,2,0.07479589
133,2.30719931638539,3,0.07465819
133,2.30719931638539,4,0.0747434
133,2.30719931638539,5,0.07458179
133,2.30719931638539,6,0.07468607
133,2.30719931638539,7,0.07461893
133,2.30719931638539,8,0.07444859
133,2.30719931638539,9,0.074632
133,2.30719931638539,10,0.07421014
133,2.30719931638539,11,0.07462778
133,2.30719931638539,12,0.07440179
133,2.30719931638539,13,0.07441494
133,2.30719931638539,14,0.07431161
133,2.30719931638539,15,0.07454389
134,2.31696523941771,0,0.07426492
134,2.31696523941771,1,0.07427328
134,2.31696523941771,2,0.07413471
134,2.31696523941771,3,0.07431753
134,2.31696523941771,4,0.07438859
134,2.31696523941771,5,0.0742474
134,2.31696523941771,6,0.0745355
134,2.31696523941771,7,0.07437459
134,2.31696523941771,8,0.0744489
134,2.31696523941771,9,0.07433493
134,2.31696523941771,10,0.0745683
134,2.31696523941771,11,0.07446588
134,2.31696523941771,12,0.07474525
134,2.31696523941771,13,0.07455135
134,2.31696523941771,14,0.07454162
134,2.31696523941771,15,0.07473803
135,2.32734153263955,0,0.07435615
135,2.32734153263955,1,0.07474221
135,2.32734153263955,2,0.07465927
135,2.32734153263955,3,0.07461659
135,2.32734153263955,4,0.07467488
135,2.32734153263955,5,0.07459333
135,2.32734153263955,6,0.07437432
135,2.32734153263955,7,0.07449069
135,2.32734153263955,8,0.07416594
135,2.32734153263955,9,0.07455634
135,2.32734153263955,10,0.07437158
135,2.32734153263955,11,0.07448282
135,2.32734153263955,12,0.07483858
135,2.32734153263955,13,0.07445567
135,2.32734153263955,14,0.07423799
135,2.32734153263955,15,0.07437453
136,2.33710745567187,0,0.07485896
136,2.33710745567187,1,0.07491931
136,2.33710745567187,2,0.07480219
136,2.33710745567187,3,0.07477698
136,2.33710745567187,4,0.07492083
136,2.33710745567187,5,0.07461262
136,2.33710745567187,6,0.07486391
136,2.33710745567187,7,0.074605
136,2.33710745567187,8,0.07466009
136,2.33710745567187,9,0.07469818
136,2.33710745567187,10,0.07413793
136,2.33710745567187,11,0.07481563
136,2.33710745567187,12,0.07486295
136,2.33710745567187,13,0.07486489
136,2.33710745567187,14,0.0746166
136,2.33710745567187,15,0.07482318
137,2.34809411908322,0,0.07449578
137,2.34809411908322,1,0.07477088
137,2.34809411908322,2,0.07464239
137,2.34809411908322,3,0.0744253
137,2.34809411908322,4,0.07436768
137,2.34809411908322,5,0.07463808
137,2.34809411908322,6,0.07439048
137,2.34809411908322,7,0.07428071
137,2.34809411908322,8,0.07455146
137,2.34809411908322,9,0.07468124
137,2.34809411908322,10,0.0748373
137,2.34809411908322,11,0.07471894
137,2.34809411908322,12,0.07465202
137,2.34809411908322,13,0.07470733
137,2.34809411908322,14,0.07486897
137,2.34809411908322,15,0.07463651
138,2.35786004211554,0,0.07487013
138,2.35786004211554,1,0.07474052
138,2.35786004211554,2,0.07499
138,2.35786004211554,3,0.07491195
138,2.35786004211554,4,0.0747363
138,2.35786004211554,5,0.07472809
138,2.35786004211554,6,0.0748857
138,2.35786004211554,7,0.07463217
138,2.35786004211554,8,0.07476069
138,2.35786004211554,9,0.07453034
138,2.35786004211554,10,0.07429968
138,2.35786004211554,11,0.07449808
138,2.35786004211554,12,0.07459849
138,2.35786004211554,13,0.07445731
138,2.35786004211554,14,0.07461576
138,2.35786004211554,15,0.07445598
139,2.36701559495834,0,0.07485519
139,2.36701559495834,1,0.07479173
139,2.36701559495834,2,0.07497621
139,2.36701559495834,3,0.07474082
139,2.36701559495834,4,0.07496441
139,2.36701559495834,5,0.07472364
139,2.36701559495834,6,0.07518675
139,2.36701559495834,7,0.07474101
139,2.36701559495834,8,0.07474519
139,2.36701559495834,9,0.07480279
139,2.36701559495834,10,0.07474061
139,2.36701559495834,11,0.07454491
139,2.36701559495834,12,0.07442498
139,2.36701559495834,13,0.07457696
139,2.36701559495834,14,0.074748
139,2.36701559495834,15,0.07496112
140,2.3780022583697,0,0.07493029
140,2.3780022583697,1,0.07514174
140,2.3780022583697,2,0.07511494
140,2.3780022583697,3,0.07491024
140,2.3780022583697,4,0.07490014
140,2.3780022583697,5,0.07482886
140,2.3780022583697,6,0.07521568
140,2.3780022583697,7,0.07464396
140,2.3780022583697,8,0.07490866
140,2.3780022583697,9,0.07465497
140,2.3780022583697,10,0.07479253
140,2.3780022583697,11,0.0750374
140,2.3780022583697,12,0.07483058
140,2.3780022583697,13,0.07491276
140,2.3780022583697,14,0.07469376
140,2.3780022583697,15,0.07483071
141,2.3871578112125,0,0.0750087
141,2.3871578112125,1,0.0747629
141,2.3871578112125,2,0.07470094
141,2.3871578112125,3,0.07464605
141,2.3871578112125,4,0.07454896
141,2.3871578112125,5,0.07482427
141,2.3871578112125,6,0.07481951
141,2.3871578112125,7,0.07492994
141,2.3871578112125,8,0.07454738
141,2.3871578112125,9,0.07497817
141,2.3871578112125,10,0.07499026
141,2.3871578112125,11,0.07473401
141,2.3871578112125,12,0.07478116
141,2.3871578112125,13,0.07474374
141,2.3871578112125,14,0.07475967
141,2.3871578112125,15,0.07459339
142,2.39753410443434,0,0.07485619
142,2.39753410443434,1,0.07442562
142,2.39753410443434,2,0.07453316
142,2.39753410443434,3,0.07469226
142,2.39753410443434,4,0.07466339
142,2.39753410443434,5,0.07483561
142,2.39753410443434,6,0.07477162
142,2.39753410443434,7,0.07493433
142,2.39753410443434,8,0.07518133
142,2.39753410443434,9,0.07498494
142,2.39753410443434,10,0.07509765
142,2.39753410443434,11,0.07497076
142,2.39753410443434,12,0.07479022
142,2.39753410443434,13,0.07485878
142,2.39753410443434,14,0.07459921
142,2.39753410443434,15,0.07512099
143,2.40791039765618,0,0.07447617
143,2.40791039765618,1,0.07455503
143,2.40791039765618,2,0.074659
143,2.40791039765618,3,0.07453503
143,2.40791039765618,4,0.07448959
143,2.40791039765618,5,0.0745088
143,2.40791039765618,6,0.07438857
143,2.40791039765618,7,0.07470521
143,2.40791039765618,8,0.07465139
143,2.40791039765618,9,0.07460036
143,2.40791039765618,10,0.07446269
143,2.40791039765618,11,0.07455947
143,2.40791039765618,12,0.07434241
143,2.40791039765618,13,0.07474283
143,2.40791039765618,14,0.07433338
143,2.40791039765618,15,0.07472368
144,2.4176763206885,0,0.07488917
144,2.4176763206885,1,0.0747396
144,2.4176763206885,2,0.0745804
144,2.4176763206885,3,0.07439291
144,2.4176763206885,4,0.07471918
144,2.4176763206885,5,0.07462941
144,2.4176763206885,6,0.07449461
144,2.4176763206885,7,0.07448654
144,2.4176763206885,8,0.0743251
144,2.4176763206885,9,0.07444789
144,2.4176763206885,10,0.07444542
144,2.4176763206885,11,0.07455903
144,2.4176763206885,12,0.07467224
144,2.4176763206885,13,0.07449073
144,2.4176763206885,14,0.07440252
144,2.4176763206885,15,0.07435376
145,2.42744224372082,0,0.07443533
145,2.42744224372082,1,0.07430968
145,2.42744224372082,2,0.07455356
145,2.42744224372082,3,0.07436789
145,2.42744224372082,4,0.07448323
145,2.42744224372082,5,0.07446761
145,2.42744224372082,6,0.07448079
145,2.42744224372082,7,0.07467749
145,2.42744224372082,8,0.07450949
145,2.42744224372082,9,0.07417512
145,2.42744224372082,10,0.07441769
145,2.42744224372082,11,0.07433904
145,2.42744224372082,12,0.0741541
145,2.42744224372082,13,0.07440988
145,2.42744224372082,14,0.07457369
145,2.42744224372082,15,0.07454197
146,2.43781853694266,0,0.0745665
146,2.43781853694266,1,0.07449061
146,2.43781853694266,2,0.07454018
146,2.43781853694266,3,0.07470358
146,2.43781853694266,4,0.07465636
146,2.43781853694266,5,0.07443505
146,2.43781853694266,6,0.07430217
146,2.43781853694266,7,0.07454208
146,2.43781853694266,8,0.07434463
146,2.43781853694266,9,0.07463025
146,2.43781853694266,10,0.0744449
146,2.43781853694266,11,0.07426165
146,2.43781853694266,12,0.07435503
146,2.43781853694266,13,0.07456397
146,2.43781853694266,14,0.074357
146,2.43781853694266,15,0.07447547
147,2.44758445997498,0,0.07437649
147,2.44758445997498,1,0.07425669
147,2.44758445997498,2,0.07424648
147,2.44758445997498,3,0.07464288
147,2.44758445997498,4,0.07438906
147,2.44758445997498,5,0.07419283
147,2.44758445997498,6,0.07434563
147,2.44758445997498,7,0.0741147
147,2.44758445997498,8,0.07436312
147,2.44758445997498,9,0.07404576
147,2.44758445997498,10,0.07442456
147,2.44758445997498,11,0.0743055
147,2.44758445997498,12,0.074331
147,2.44758445997498,13,0.07424496
147,2.44758445997498,14,0.07408231
147,2.44758445997498,15,0.07425514
148,2.45735038300729,0,0.07447876
148,2.45735038300729,1,0.07457157
148,2.45735038300729,2,0.07419572
148,2.45735038300729,3,0.07438456
148,2.45735038300729,4,0.07406901
148,2.45735038300729,5,0.0741305
148,2.45735038300729,6,0.07410398
148,2.45735038300729,7,0.07431189
148,2.45735038300729,8,0.07467972
148,2.45735038300729,9,0.07481371
148,2.45735038300729,10,0.07462222
148,2.45735038300729,11,0.07441822
148,2.45735038300729,12,0.07472507
148,2.45735038300729,13,0.0745049
148,2.45735038300729,14,0.074301
148,2.45735038300729,15,0.07449561
149,2.46772667622913,0,0.0747199
149,2.46772667622913,1,0.07434759
149,2.46772667622913,2,0.07412489
149,2.46772667622913,3,0.07434776
149,2.46772667622913,4,0.07450391
149,2.46772667622913,5,0.0743083
149,2.46772667622913,6,0.07445895
149,2.46772667622913,7,0.07438151
149,2.46772667622913,8,0.07442509
149,2.46772667622913,9,0.07424337
149,2.46772667622913,10,0.07449938
149,2.46772667622913,11,0.07415849
149,2.46772667622913,12,0.07432974
149,2.46772667622913,13,0.07424355
149,2.46772667622913,14,0.07409114
149,2.46772667622913,15,0.07433118
150,2.47810296945097,0,0.07413314
150,2.47810296945097,1,0.07426086
150,2.47810296945097,2,0.07419805
150,2.47810296945097,3,0.0743167
150,2.47810296945097,4,0.07414348
150,2.47810296945097,5,0.07444252
150,2.47810296945097,6,0.07436577
150,2.47810296945097,7,0.07455804
150,2.47810296945097,8,0.07421058
150,2.47810296945097,9,0.07385993
150,2.47810296945097,10,0.07423276
150,2.47810296945097,11,0.07428353
150,2.47810296945097,12,0.07410159
150,2.47810296945097,13,0.07394229
150,2.47810296945097,14,0.07413963
150,2.47810296945097,15,0.0744373
151,2.48725852229377,0,0.07405485
151,2.48725852229377,1,0.07437866
151,2.48725852229377,2,0.07436747
151,2.48725852229377,3,0.07455667
151,2.48725852229377,4,0.07443017
151,2.48725852229377,5,0.07445338
151,2.48725852229377,6,0.07444944
151,2.48725852229377,7,0.07436022
151,2.48725852229377,8,0.07456898
151,2.48725852229377,9,0.07463624
151,2.48725852229377,10,0.0745733
151,2.48725852229377,11,0.07469837
151,2.48725852229377,12,0.07438728
151,2.48725852229377,13,0.07476187
151,2.48725852229377,14,0.07487521
151,2.48725852229377,15,0.07478608
152,2.49824518570513,0,0.07451981
152,2.49824518570513,1,0.07435044
152,2.49824518570513,2,0.07454541
152,2.49824518570513,3,0.07439995
152,2.49824518570513,4,0.07457063
152,2.49824518570513,5,0.07460833
152,2.49824518570513,6,0.07474019
152,2.49824518570513,7,0.07436424
152,2.49824518570513,8,0.07450384
152,2.49824518570513,9,0.07446203
152,2.49824518570513,10,0.07436208
152,2.49824518570513,11,0.07434744
152,2.49824518570513,12,0.07408258
152,2.49824518570513,13,0.07453862
152,2.49824518570513,14,0.07433169
152,2.49824518570513,15,0.07454651
153,2.50801110873745,0,0.07453975
153,2.50801110873745,1,0.07445624
153,2.50801110873745,2,0.07454193
153,2.50801110873745,3,0.07472038
153,2.50801110873745,4,0.07438107
153,2.50801110873745,5,0.07423123
153,2.50801110873745,6,0.07427464
153,2.50801110873745,7,0.07449856
153,2.50801110873745,8,0.07449377
153,2.50801110873745,9,0.07431786
153,2.50801110873745,10,0.07427381
153,2.50801110873745,11,0.07429915
153,2.50801110873745,12,0.07428104
153,2.50801110873745,13,0.07426973
153,2.50801110873745,14,0.07430719
153,2.50801110873745,15,0.074458
154,2.51838740195929,0,0.07452591
154,2.51838740195929,1,0.07471777
154,2.51838740195929,2,0.07458668
154,2.51838740195929,3,0.07477234
154,2.51838740195929,4,0.07466761
154,2.51838740195929,5,0.07429822
154,2.51838740195929,6,0.07448595
154,2.51838740195929,7,0.07456179
154,2.51838740195929,8,0.07449798
154,2.51838740195929,9,0.07477
154,2.51838740195929,10,0.07434612
154,2.51838740195929,11,0.07450252
154,2.51838740195929,12,0.07447673
154,2.51838740195929,13,0.07454843
154,2.51838740195929,14,0.07441653
154,2.51838740195929,15,0.07445028
155,2.52754295480209,0,0.0744451
155,2.52754295480209,1,0.07457548
155,2.52754295480209,2,0.07444474
155,2.52754295480209,3,0.07426013
155,2.52754295480209,4,0.07463106
155,2.52754295480209,5,0.07448293
155,2.52754295480209,6,0.07420005
155,2.52754295480209,7,0.07451154
155,2.52754295480209,8,0.07419436
155,2.52754295480209,9,0.07425638
155,2.52754295480209,10,0.07422895
155,2.52754295480209,11,0.07449049
155,2.52754295480209,12,0.0743438
155,2.52754295480209,13,0.07424217
155,2.52754295480209,14,0.07422536
155,2.52754295480209,15,0.07451468
156,2.53852961821345,0,0.07438975
156,2.53852961821345,1,0.0743888
156,2.53852961821345,2,0.07434037
156,2.53852961821345,3,0.07436053
156,2.53852961821345,4,0.07441226
156,2.53852961821345,5,0.07461548
156,2.53852961821345,6,0.07447539
156,2.53852961821345,7,0.07448339
156,2.53852961821345,8,0.07434637
156,2.53852961821345,9,0.07448552
156,2.53852961821345,10,0.07423602
156,2.53852961821345,11,0.07453221
156,2.53852961821345,12,0.07451066
156,2.53852961821345,13,0.0747112
156,2.53852961821345,14,0.07470331
156,2.53852961821345,15,0.07458619
157,2.54829554124577,0,0.07454769
157,2.54829554124577,1,0.07456718
157,2.54829554124577,2,0.07461554
157,2.54829554124577,3,0.07454731
157,2.54829554124577,4,0.07470907
157,2.54829554124577,5,0.07472624
157,2.54829554124577,6,0.07485725
157,2.54829554124577,7,0.07465804
157,2.54829554124577,8,0.07472175
157,2.54829554124577,9,0.07455049
157,2.54829554124577,10,0.07442933
157,2.54829554124577,11,0.07461166
157,2.54829554124577,12,0.0747501
157,2.54829554124577,13,0.074799
157,2.54829554124577,14,0.07472187
157,2.54829554124577,15,0.07445689
158,2.55806146427808,0,0.07479293
158,2.55806146427808,1,0.07451606
158,2.55806146427808,2,0.07462995
158,2.55806146427808,3,0.07470553
158,2.55806146427808,4,0.07469378
158,2.55806146427808,5,0.07472291
158,2.55806146427808,6,0.07475471
158,2.55806146427808,7,0.07474071
158,2.55806146427808,8,0.07517059
158,2.55806146427808,9,0.07453907
158,2.55806146427808,10,0.0747197
158,2.55806146427808,11,0.0745721
158,2.55806146427808,12,0.07448509
158,2.55806146427808,13,0.07446083
158,2.55806146427808,14,0.07456597
158,2.55806146427808,15,0.07432757
159,2.56843775749992,0,0.07459915
159,2.56843775749992,1,0.07429118
159,2.56843775749992,2,0.0743075
159,2.56843775749992,3,0.07433418
159,2.56843775749992,4,0.07458917
159,2.56843775749992,5,0.0745863
159,2.56843775749992,6,0.07447544
159,2.56843775749992,7,0.07452108
159,2.56843775749992,8,0.07446846
159,2.56843775749992,9,0.0745453
159,2.56843775749992,10,0.0743226
159,2.56843775749992,11,0.07450432
159,2.56843775749992,12,0.07471923
159,2.56843775749992,13,0.07480599
159,2.56843775749992,14,0.07451936
159,2.56843775749992,15,0.0745746
160,2.57759331034272,0,0.07476887
160,2.57759331034272,1,0.07495119
160,2.57759331034272,2,0.07451403
160,2.57759331034272,3,0.07476211
160,2.57759331034272,4,0.07476866
160,2.57759331034272,5,0.07489021
160,2.57759331034272,6,0.07494523
160,2.57759331034272,7,0.07523563
160,2.57759331034272,8,0.07485525
160,2.57759331034272,9,0.07487537
160,2.57759331034272,10,0.07530751
160,2.57759331034272,11,0.07525561
160,2.57759331034272,12,0.07499377
160,2.57759331034272,13,0.07524421
160,2.57759331034272,14,0.07506073
160,2.57759331034272,15,0.07495029
161,2.58796960356456,0,0.07492693
161,2.58796960356456,1,0.07517751
161,2.58796960356456,2,0.07546908
161,2.58796960356456,3,0.07519124
161,2.58796960356456,4,0.07527757
161,2.58796960356456,5,0.07477278
161,2.58796960356456,6,0.07507516
161,2.58796960356456,7,0.07507536
161,2.58796960356456,8,0.0746882
161,2.58796960356456,9,0.07515539
161,2.58796960356456,10,0.07478784
161,2.58796960356456,11,0.0747349
161,2.58796960356456,12,0.07496075
161,2.58796960356456,13,0.07477183
161,2.58796960356456,14,0.07486712
161,2.58796960356456,15,0.07482784
162,2.59773552659688,0,0.07479481
162,2.59773552659688,1,0.07488567
162,2.59773552659688,2,0.07474926
162,2.59773552659688,3,0.07474137
162,2.59773552659688,4,0.07481357
162,2.59773552659688,5,0.07472856
162,2.59773552659688,6,0.07490647
162,2.59773552659688,7,0.07484212
162,2.59773552659688,8,0.07500018
162,2.59773552659688,9,0.07480706
162,2.59773552659688,10,0.07486332
162,2.59773552659688,11,0.07497256
162,2.59773552659688,12,0.0750047
162,2.59773552659688,13,0.07499617
162,2.59773552659688,14,0.07520251
162,2.59773552659688,15,0.07510053
163,2.60933256019776,0,0.07503263
163,2.60933256019776,1,0.07527438
163,2.60933256019776,2,0.07507118
163,2.60933256019776,3,0.07489135
163,2.60933256019776,4,0.07556784
163,2.60933256019776,5,0.07521167
163,2.60933256019776,6,0.07515521
163,2.60933256019776,7,0.07499492
163,2.60933256019776,8,0.07500034
163,2.60933256019776,9,0.07473153
163,2.60933256019776,10,0.07490478
163,2.60933256019776,11,0.07488831
163,2.60933256019776,12,0.07472271
163,2.60933256019776,13,0.0751715
163,2.60933256019776,14,0.07507423
163,2.60933256019776,15,0.07477517
164,2.61787774285104,0,0.07487453
164,2.61787774285104,1,0.07505762
164,2.61787774285104,2,0.0749263
164,2.61787774285104,3,0.07502347
164,2.61787774285104,4,0.07485001
164,2.61787774285104,5,0.07487103
164,2.61787774285104,6,0.07502893
164,2.61787774285104,7,0.07487091
164,2.61787774285104,8,0.07486338
164,2.61787774285104,9,0.07499482
164,2.61787774285104,10,0.07496919
164,2.61787774285104,11,0.07494382
164,2.61787774285104,12,0.07522312
164,2.61787774285104,13,0.07496724
164,2.61787774285104,14,0.0749828
164,2.61787774285104,15,0.07509022
165,2.6288644062624,0,0.07495068
165,2.6288644062624,1,0.07464694
165,2.6288644062624,2,0.07502271
165,2.6288644062624,3,0.07485592
165,2.6288644062624,4,0.07493184
165,2.6288644062624,5,0.07483897
165,2.6288644062624,6,0.07515742
165,2.6288644062624,7,0.07513028
165,2.6288644062624,8,0.07503207
165,2.6288644062624,9,0.07484721
165,2.6288644062624,10,0.07500741
165,2.6288644062624,11,0.07501974
165,2.6288644062624,12,0.07453264
165,2.6288644062624,13,0.07508876
165,2.6288644062624,14,0.0751317
165,2.6288644062624,15,0.07486206
166,2.63863032929472,0,0.07517091
166,2.63863032929472,1,0.07522105
166,2.63863032929472,2,0.07513762
166,2.63863032929472,3,0.07543697
166,2.63863032929472,4,0.07510514
166,2.63863032929472,5,0.07520672
166,2.63863032929472,6,0.07510107
166,2.63863032929472,7,0.07514063
166,2.63863032929472,8,0.07489278
166,2.63863032929472,9,0.07470467
166,2.63863032929472,10,0.07491212
166,2.63863032929472,11,0.07497305
166,2.63863032929472,12,0.07505675
166,2.63863032929472,13,0.07513782
166,2.63863032929472,14,0.07457768
166,2.63863032929472,15,0.07507796
167,2.64778588213752,0,0.07499243
167,2.64778588213752,1,0.07496288
167,2.64778588213752,2,0.07493
167,2.64778588213752,3,0.07533176
167,2.64778588213752,4,0.07499465
167,2.64778588213752,5,0.0752551
167,2.64778588213752,6,0.07523005
167,2.64778588213752,7,0.07494323
167,2.64778588213752,8,0.07503095
167,2.64778588213752,9,0.07491133
167,2.64778588213752,10,0.07519314
167,2.64778588213752,11,0.07531488
167,2.64778588213752,12,0.07524733
167,2.64778588213752,13,0.07514958
167,2.64778588213752,14,0.07522581
167,2.64778588213752,15,0.07510648
168,2.65816217535936,0,0.07525461
168,2.65816217535936,1,0.07496589
168,2.65816217535936,2,0.07513184
168,2.65816217535936,3,0.07479487
168,2.65816217535936,4,0.07495913
168,2.65816217535936,5,0.07480916
168,2.65816217535936,6,0.0748009
168,2.65816217535936,7,0.07496192
168,2.65816217535936,8,0.07478209
168,2.65816217535936,9,0.07494864
168,2.65816217535936,10,0.07493588
168,2.65816217535936,11,0.07510102
168,2.65816217535936,12,0.07516725
168,2.65816217535936,13,0.07488862
168,2.65816217535936,14,0.07497785
168,2.65816217535936,15,0.0747356
169,2.66853846858119,0,0.07481574
169,2.66853846858119,1,0.07489146
169,2.66853846858119,2,0.07485957
169,2.66853846858119,3,0.07490408
169,2.66853846858119,4,0.07494866
169,2.66853846858119,5,0.07497422
169,2.66853846858119,6,0.07467753
169,2.66853846858119,7,0.07478963
169,2.66853846858119,8,0.07489838
169,2.66853846858119,9,0.07465476
169,2.66853846858119,10,0.07459006
169,2.66853846858119,11,0.07477115
169,2.66853846858119,12,0.07465028
169,2.66853846858119,13,0.07484625
169,2.66853846858119,14,0.07479741
169,2.66853846858119,15,0.07478282
170,2.67830439161351,0,0.07520525
170,2.67830439161351,1,0.07495333
170,2.67830439161351,2,0.07509796
170,2.67830439161351,3,0.07520905
170,2.67830439161351,4,0.07495804
170,2.67830439161351,5,0.07504616
170,2.67830439161351,6,0.07490795
170,2.67830439161351,7,0.07492936
170,2.67830439161351,8,0.07491884
170,2.67830439161351,9,0.07488108
170,2.67830439161351,10,0.07458555
170,2.67830439161351,11,0.07481375
170,2.67830439161351,12,0.07485768
170,2.67830439161351,13,0.07499819
170,2.67830439161351,14,0.07492931
170,2.67830439161351,15,0.07507931
171,2.68868068483535,0,0.07467756
171,2.68868068483535,1,0.07488883
171,2.68868068483535,2,0.07473353
171,2.68868068483535,3,0.07474981
171,2.68868068483535,4,0.07477809
171,2.68868068483535,5,0.07479502
171,2.68868068483535,6,0.07470208
171,2.68868068483535,7,0.0745311
171,2.68868068483535,8,0.07452802
171,2.68868068483535,9,0.07481549
171,2.68868068483535,10,0.0749376
171,2.68868068483535,11,0.07464334
171,2.68868068483535,12,0.07469399
171,2.68868068483535,13,0.07495047
171,2.68868068483535,14,0.07476565
171,2.68868068483535,15,0.07480782
172,2.69844660786767,0,0.07507388
172,2.69844660786767,1,0.07489213
172,2.69844660786767,2,0.07476317
172,2.69844660786767,3,0.07512037
172,2.69844660786767,4,0.07502822
172,2.69844660786767,5,0.07476565
172,2.69844660786767,6,0.07470328
172,2.69844660786767,7,0.07495222
172,2.69844660786767,8,0.07485651
172,2.69844660786767,9,0.07464014
172,2.69844660786767,10,0.07475694
172,2.69844660786767,11,0.07518122
172,2.69844660786767,12,0.07470222
172,2.69844660786767,13,0.07493592
172,2.69844660786767,14,0.07491615
172,2.69844660786767,15,0.07528672
173,2.70760216071047,0,0.07531863
173,2.70760216071047,1,0.07514663
173,2.70760216071047,2,0.07537044
173,2.70760216071047,3,0.0752692
173,2.70760216071047,4,0.07498409
173,2.70760216071047,5,0.07477
173,2.70760216071047,6,0.07511968
173,2.70760216071047,7,0.07485784
173,2.70760216071047,8,0.07482239
173,2.70760216071047,9,0.07503501
173,2.70760216071047,10,0.07475767
173,2.70760216071047,11,0.07486308
173,2.70760216071047,12,0.07514626
173,2.70760216071047,13,0.07504141
173,2.70760216071047,14,0.07509021
173,2.70760216071047,15,0.07505956
174,2.71858882412183,0,0.07520417
174,2.71858882412183,1,0.07494114
174,2.71858882412183,2,0.07506479
174,2.71858882412183,3,0.07513823
174,2.71858882412183,4,0.07516647
174,2.71858882412183,5,0.07465105
174,2.71858882412183,6,0.07512474
174,2.71858882412183,7,0.07501414
174,2.71858882412183,8,0.07518695
174,2.71858882412183,9,0.07500336
174,2.71858882412183,10,0.07523208
174,2.71858882412183,11,0.07501926
174,2.71858882412183,12,0.07496965
174,2.71858882412183,13,0.07491166
174,2.71858882412183,14,0.0751913
174,2.71858882412183,15,0.0750302
175,2.72835474715415,0,0.07502391
175,2.72835474715415,1,0.07510557
175,2.72835474715415,2,0.07514249
175,2.72835474715415,3,0.07514057
175,2.72835474715415,4,0.07504649
175,2.72835474715415,5,0.07496701
175,2.72835474715415,6,0.07542016
175,2.72835474715415,7,0.07524084
175,2.72835474715415,8,0.0752507
175,2.72835474715415,9,0.07526784
175,2.72835474715415,10,0.07570294
175,2.72835474715415,11,0.07532759
175,2.72835474715415,12,0.07529199
175,2.72835474715415,13,0.07519256
175,2.72835474715415,14,0.07530432
175,2.72835474715415,15,0.0750809
176,2.73751029999695,0,0.07503225
176,2.73751029999695,1,0.07514019
176,2.73751029999695,2,0.07531409
176,2.73751029999695,3,0.07521512
176,2.73751029999695,4,0.07495949
176,2.73751029999695,5,0.07503234
176,2.73751029999695,6,0.07498981
176,2.73751029999695,7,0.07480406
176,2.73751029999695,8,0.07504408
176,2.73751029999695,9,0.07499363
176,2.73751029999695,10,0.07486539
176,2.73751029999695,11,0.07518935
176,2.73751029999695,12,0.07520077
176,2.73751029999695,13,0.07516247
176,2.73751029999695,14,0.07514381
176,2.73751029999695,15,0.07513415
177,2.74788659321879,0,0.07532117
177,2.74788659321879,1,0.07532945
177,2.74788659321879,2,0.07501099
177,2.74788659321879,3,0.0747524
177,2.74788659321879,4,0.07516245
177,2.74788659321879,5,0.07521658
177,2.74788659321879,6,0.07507666
177,2.74788659321879,7,0.07506715
177,2.74788659321879,8,0.07515896
177,2.74788659321879,9,0.07482894
177,2.74788659321879,10,0.07505108
177,2.74788659321879,11,0.07518378
177,2.74788659321879,12,0.07513874
177,2.74788659321879,13,0.07503148
177,2.74788659321879,14,0.07498794
177,2.74788659321879,15,0.07505344
178,2.75826288644063,0,0.07492221
178,2.75826288644063,1,0.07480802
178,2.75826288644063,2,0.07509534
178,2.75826288644063,3,0.07513397
178,2.75826288644063,4,0.07480533
178,2.75826288644063,5,0.07505774
178,2.75826288644063,6,0.07484457
178,2.75826288644063,7,0.07501882
178,2.75826288644063,8,0.07477567
178,2.75826288644063,9,0.07483015
178,2.75826288644063,10,0.0750392
178,2.75826288644063,11,0.07487278
178,2.75826288644063,12,0.07525574
178,2.75826288644063,13,0.07512688
178,2.75826288644063,14,0.07503646
178,2.75826288644063,15,0.07512695
179,2.76802880947295,0,0.07470654
179,2.76802880947295,1,0.07475257
179,2.76802880947295,2,0.07491223
179,2.76802880947295,3,0.07509195
179,2.76802880947295,4,0.07473767
179,2.76802880947295,5,0.07472304
179,2.76802880947295,6,0.07475244
179,2.76802880947295,7,0.07511342
179,2.76802880947295,8,0.07492104
179,2.76802880947295,9,0.07501761
179,2.76802880947295,10,0.07474152
179,2.76802880947295,11,0.07487974
179,2.76802880947295,12,0.07519824
179,2.76802880947295,13,0.07506381
179,2.76802880947295,14,0.07513893
179,2.76802880947295,15,0.07492709
180,2.77779473250526,0,0.074866
180,2.77779473250526,1,0.07488611
180,2.77779473250526,2,0.07483351
180,2.77779473250526,3,0.07472084
180,2.77779473250526,4,0.07506754
180,2.77779473250526,5,0.07503983
180,2.77779473250526,6,0.07482174
180,2.77779473250526,7,0.07508717
180,2.77779473250526,8,0.07492168
180,2.77779473250526,9,0.07503107
180,2.77779473250526,10,0.07521753
180,2.77779473250526,11,0.07526567
180,2.77779473250526,12,0.07506932
180,2.77779473250526,13,0.07516234
180,2.77779473250526,14,0.07483146
180,2.77779473250526,15,0.07502779
181,2.78756065553758,0,0.07497036
181,2.78756065553758,1,0.07525972
181,2.78756065553758,2,0.07488041
181,2.78756065553758,3,0.07486681
181,2.78756065553758,4,0.07496156
181,2.78756065553758,5,0.07505976
181,2.78756065553758,6,0.07523531
181,2.78756065553758,7,0.07513631
181,2.78756065553758,8,0.07473442
181,2.78756065553758,9,0.07493187
181,2.78756065553758,10,0.0750614
181,2.78756065553758,11,0.07497925
181,2.78756065553758,12,0.07502899
181,2.78756065553758,13,0.07484952
181,2.78756065553758,14,0.07511263
181,2.78756065553758,15,0.07508682
182,2.79793694875942,0,0.07503646
182,2.79793694875942,1,0.07520109
182,2.79793694875942,2,0.0751395
182,2.79793694875942,3,0.07530956
182,2.79793694875942,4,0.0752485
182,2.79793694875942,5,0.07530886
182,2.79793694875942,6,0.07509393
182,2.79793694875942,7,0.07506202
182,2.79793694875942,8,0.07520797
182,2.79793694875942,9,0.07532006
182,2.79793694875942,10,0.07507539
182,2.79793694875942,11,0.07525534
182,2.79793694875942,12,0.07528769
182,2.79793694875942,13,0.07520439
182,2.79793694875942,14,0.07492013
182,2.79793694875942,15,0.07525609
183,2.80770287179174,0,0.07531407
183,2.80770287179174,1,0.07519356
183,2.80770287179174,2,0.07503373
183,2.80770287179174,3,0.07503947
183,2.80770287179174,4,0.07506739
183,2.80770287179174,5,0.07512975
183,2.80770287179174,6,0.07482195
183,2.80770287179174,7,0.07498608
183,2.80770287179174,8,0.07502943
183,2.80770287179174,9,0.07498983
183,2.80770287179174,10,0.075151
183,2.80770287179174,11,0.07477652
183,2.80770287179174,12,0.07506824
183,2.80770287179174,13,0.07500018
183,2.80770287179174,14,0.07507049
183,2.80770287179174,15,0.07510836
184,2.81807916501358,0,0.07509476
184,2.81807916501358,1,0.07513888
184,2.81807916501358,2,0.07516466
184,2.81807916501358,3,0.0751353
184,2.81807916501358,4,0.0750306
184,2.81807916501358,5,0.07504058
184,2.81807916501358,6,0.07480573
184,2.81807916501358,7,0.07494486
184,2.81807916501358,8,0.07498639
184,2.81807916501358,9,0.07502615
184,2.81807916501358,10,0.07510937
184,2.81807916501358,11,0.07498629
184,2.81807916501358,12,0.0749642
184,2.81807916501358,13,0.0754876
184,2.81807916501358,14,0.07500524
184,2.81807916501358,15,0.07513777
185,2.82845545823542,0,0.07526818
185,2.82845545823542,1,0.07536262
185,2.82845545823542,2,0.07530802
185,2.82845545823542,3,0.07528531
185,2.82845545823542,4,0.07494572
185,2.82845545823542,5,0.07524522
185,2.82845545823542,6,0.07531582
185,2.82845545823542,7,0.07526624
185,2.82845545823542,8,0.07507302
185,2.82845545823542,9,0.07503033
185,2.82845545823542,10,0.07526119
185,2.82845545823542,11,0.07509564
185,2.82845545823542,12,0.07513791
185,2.82845545823542,13,0.07500266
185,2.82845545823542,14,0.07517707
185,2.82845545823542,15,0.07531307
186,2.8370006408887,0,0.07549825
186,2.8370006408887,1,0.07515738
186,2.8370006408887,2,0.0752747
186,2.8370006408887,3,0.07487535
186,2.8370006408887,4,0.07517105
186,2.8370006408887,5,0.07518297
186,2.8370006408887,6,0.07499854
186,2.8370006408887,7,0.07501986
186,2.8370006408887,8,0.07526688
186,2.8370006408887,9,0.0755908
186,2.8370006408887,10,0.0750608
186,2.8370006408887,11,0.07519434
186,2.8370006408887,12,0.07521054
186,2.8370006408887,13,0.07514037
186,2.8370006408887,14,0.07496103
186,2.8370006408887,15,0.07504466
187,2.84798730430006,0,0.07531606
187,2.84798730430006,1,0.07564081
187,2.84798730430006,2,0.07545729
187,2.84798730430006,3,0.0756617
187,2.84798730430006,4,0.07544617
187,2.84798730430006,5,0.0752662
187,2.84798730430006,6,0.07495213
187,2.84798730430006,7,0.07498702
187,2.84798730430006,8,0.07520629
187,2.84798730430006,9,0.07509978
187,2.84798730430006,10,0.07508994
187,2.84798730430006,11,0.07527883
187,2.84798730430006,12,0.07519627
187,2.84798730430006,13,0.07515385
187,2.84798730430006,14,0.07497771
187,2.84798730430006,15,0.0750611
188,2.85775322733238,0,0.07528959
188,2.85775322733238,1,0.07553087
188,2.85775322733238,2,0.07573634
188,2.85775322733238,3,0.07556446
188,2.85775322733238,4,0.07536759
188,2.85775322733238,5,0.07540006
188,2.85775322733238,6,0.07517991
188,2.85775322733238,7,0.07517935
188,2.85775322733238,8,0.0754227
188,2.85775322733238,9,0.07522267
188,2.85775322733238,10,0.07539944
188,2.85775322733238,11,0.07526327
188,2.85775322733238,12,0.07506718
188,2.85775322733238,13,0.07525084
188,2.85775322733238,14,0.0755307
188,2.85775322733238,15,0.07555214
189,2.8675191503647,0,0.07559504
189,2.8675191503647,1,0.07558423
189,2.8675191503647,2,0.07546302
189,2.8675191503647,3,0.07562932
189,2.8675191503647,4,0.07525104
189,2.8675191503647,5,0.07562025
189,2.8675191503647,6,0.0755271
189,2.8675191503647,7,0.07552955
189,2.8675191503647,8,0.07550038
189,2.8675191503647,9,0.07516313
189,2.8675191503647,10,0.07534239
189,2.8675191503647,11,0.07538969
189,2.8675191503647,12,0.07547257
189,2.8675191503647,13,0.07551195
189,2.8675191503647,14,0.07539571
189,2.8675191503647,15,0.07537465
190,2.87789544358654,0,0.07553665
190,2.87789544358654,1,0.07579309
190,2.87789544358654,2,0.07567995
190,2.87789544358654,3,0.07573801
190,2.87789544358654,4,0.07538845
190,2.87789544358654,5,0.07547984
190,2.87789544358654,6,0.07537392
190,2.87789544358654,7,0.07530963
190,2.87789544358654,8,0.07551574
190,2.87789544358654,9,0.07556795
190,2.87789544358654,10,0.07566034
190,2.87789544358654,11,0.07561216
190,2.87789544358654,12,0.07577378
190,2.87789544358654,13,0.07546706
190,2.87789544358654,14,0.07556061
190,2.87789544358654,15,0.07558475
191,2.88827173680837,0,0.07538304
191,2.88827173680837,1,0.07542884
191,2.88827173680837,2,0.07554648
191,2.88827173680837,3,0.07525697
191,2.88827173680837,4,0.07533776
191,2.88827173680837,5,0.07568643
191,2.88827173680837,6,0.07542225
191,2.88827173680837,7,0.07558893
191,2.88827173680837,8,0.07520887
191,2.88827173680837,9,0.07537174
191,2.88827173680837,10,0.07520558
191,2.88827173680837,11,0.07549924
191,2.88827173680837,12,0.0752926
191,2.88827173680837,13,0.07546069
191,2.88827173680837,14,0.07540589
191,2.88827173680837,15,0.07555732
192,2.89803765984069,0,0.07547119
192,2.89803765984069,1,0.07542559
192,2.89803765984069,2,0.07530793
192,2.89803765984069,3,0.0753763
192,2.89803765984069,4,0.07567812
192,2.89803765984069,5,0.0759096
192,2.89803765984069,6,0.07555356
192,2.89803765984069,7,0.07563001
192,2.89803765984069,8,0.07553916
192,2.89803765984069,9,0.0753408
192,2.89803765984069,10,0.0753951
192,2.89803765984069,11,0.07554606
192,2.89803765984069,12,0.07588613
192,2.89803765984069,13,0.07553161
192,2.89803765984069,14,0.07573035
192,2.89803765984069,15,0.07552515
193,2.90780358287301,0,0.07578685
193,2.90780358287301,1,0.07575224
193,2.90780358287301,2,0.07543251
193,2.90780358287301,3,0.07547021
193,2.90780358287301,4,0.07553014
193,2.90780358287301,5,0.07543892
193,2.90780358287301,6,0.07526921
193,2.90780358287301,7,0.07548757
193,2.90780358287301,8,0.07531771
193,2.90780358287301,9,0.0756777
193,2.90780358287301,10,0.07563788
193,2.90780358287301,11,0.07584897
193,2.90780358287301,12,0.07570895
193,2.90780358287301,13,0.07576389
193,2.90780358287301,14,0.07558528
193,2.90780358287301,15,0.07571205
194,2.91756950590533,0,0.07550774
194,2.91756950590533,1,0.07565554
194,2.91756950590533,2,0.07568083
194,2.91756950590533,3,0.07563227
194,2.91756950590533,4,0.07551187
194,2.91756950590533,5,0.07539033
194,2.91756950590533,6,0.07523023
194,2.91756950590533,7,0.07547377
194,2.91756950590533,8,0.07561271
194,2.91756950590533,9,0.0754758
194,2.91756950590533,10,0.07542169
194,2.91756950590533,11,0.07520656
194,2.91756950590533,12,0.07545619
194,2.91756950590533,13,0.07547697
194,2.91756950590533,14,0.07553133
194,2.91756950590533,15,0.0755389
195,2.92794579912717,0,0.07534001
195,2.92794579912717,1,0.07553753
195,2.92794579912717,2,0.07523292
195,2.92794579912717,3,0.07528944
195,2.92794579912717,4,0.07541075
195,2.92794579912717,5,0.07553767
195,2.92794579912717,6,0.07515597
195,2.92794579912717,7,0.07537483
195,2.92794579912717,8,0.07541732
195,2.92794579912717,9,0.07510673
195,2.92794579912717,10,0.07539967
195,2.92794579912717,11,0.07540704
195,2.92794579912717,12,0.0755688
195,2.92794579912717,13,0.07558005
195,2.92794579912717,14,0.07550348
195,2.92794579912717,15,0.07543408
196,2.93771172215949,0,0.07541931
196,2.93771172215949,1,0.07531752
196,2.93771172215949,2,0.07519584
196,2.93771172215949,3,0.07564358
196,2.93771172215949,4,0.07545828
196,2.93771172215949,5,0.07550288
196,2.93771172215949,6,0.0756049
196,2.93771172215949,7,0.07569317
196,2.93771172215949,8,0.07547861
196,2.93771172215949,9,0.07565017
196,2.93771172215949,10,0.07560346
196,2.93771172215949,11,0.07547651
196,2.93771172215949,12,0.07554022
196,2.93771172215949,13,0.07535905
196,2.93771172215949,14,0.07537852
196,2.93771172215949,15,0.07540989
197,2.94808801538133,0,0.0753092
197,2.94808801538133,1,0.07537333
197,2.94808801538133,2,0.07530006
197,2.94808801538133,3,0.07540238
197,2.94808801538133,4,0.07531067
197,2.94808801538133,5,0.07497016
197,2.94808801538133,6,0.07507761
197,2.94808801538133,7,0.07515431
197,2.94808801538133,8,0.0754159
197,2.94808801538133,9,0.07514323
197,2.94808801538133,10,0.07521471
197,2.94808801538133,11,0.07496678
197,2.94808801538133,12,0.07527726
197,2.94808801538133,13,0.07504632
197,2.94808801538133,14,0.07514928
197,2.94808801538133,15,0.07527579
198,2.95846430860317,0,0.0751465
198,2.95846430860317,1,0.07524676
198,2.95846430860317,2,0.07522323
198,2.95846430860317,3,0.0751847
198,2.95846430860317,4,0.07507476
198,2.95846430860317,5,0.07530979
198,2.95846430860317,6,0.07537971
198,2.95846430860317,7,0.07545453
198,2.95846430860317,8,0.07527087
198,2.95846430860317,9,0.07557683
198,2.95846430860317,10,0.07545236
198,2.95846430860317,11,0.07554449
198,2.95846430860317,12,0.07533742
198,2.95846430860317,13,0.07537494
198,2.95846430860317,14,0.07541899
198,2.95846430860317,15,0.0754073
199,2.96761986144597,0,0.07549895
199,2.96761986144597,1,0.0753454
199,2.96761986144597,2,0.07571791
199,2.96761986144597,3,0.07544617
199,2.96761986144597,4,0.07558347
199,2.96761986144597,5,0.07544397
199,2.96761986144597,6,0.0754172
199,2.96761986144597,7,0.07515509
199,2.96761986144597,8,0.07551254
199,2.96761986144597,9,0.07538032
199,2.96761986144597,10,0.0754836
199,2.96761986144597,11,0.07566927
199,2.96761986144597,12,0.07533786
199,2.96761986144597,13,0.07548974
199,2.96761986144597,14,0.0753832
199,2.96761986144597,15,0.07563408
200,2.97860652485733,0,0.0753049
200,2.97860652485733,1,0.07489318
200,2.97860652485733,2,0.07533169
200,2.97860652485733,3,0.07538598
200,2.97860652485733,4,0.07542562
200,2.97860652485733,5,0.07552224
200,2.97860652485733,6,0.07542758
200,2.97860652485733,7,0.07521547
200,2.97860652485733,8,0.07542533
200,2.97860652485733,9,0.07557022
200,2.97860652485733,10,0.07540297
200,2.97860652485733,11,0.07516652
200,2.97860652485733,12,0.07513496
200,2.97860652485733,13,0.07522489
200,2.97860652485733,14,0.07524185
200,2.97860652485733,15,0.07518315
