position,voltage_mean,voltage_std,n_samples
-0.00610370189519944,0.012370205625,0.0002505518388719376,16
0.985137485885189,0.012050991875,0.00021421514623792235,16
1.9434186834315,0.01185336375,0.0001533623519183815,16
2.93038727988525,0.011996425625,0.00016101003272190657,16
3.917355876339,0.0858762425,0.0005665456488393057,16
4.90981780449843,0.24784860625,0.0005966608138934026,16
