position,voltage_mean,voltage_std,n_samples
0.0,0.73607191875,0.0002058540023255172,16
0.493484298226875,0.73584459375,0.00016907143633960455,16
0.991775261696219,0.73585191875,0.00016808573414611708,16
1.4905240028077,0.73737598125,0.0004965999700699135,16
1.9899594103824,0.7417500125,0.00027632800454125886,16
2.48344370860927,0.742108325,0.0001536696680382789,16
2.98196356089969,0.74177674375,0.000115196283407662,16
