position,voltage_mean,voltage_std,n_samples
-0.00671407208471938,0.01606256625,0.00024062212021328698,16
0.98147526474807,0.01578042,0.00019947394782903312,16
1.9708853419599,0.015990600625,0.00021683625836874977,16
2.96334727011933,0.01567447375,0.0001351591803150546,16
3.95641956846828,0.1059697875,0.000685759882242867,16
