position,voltage_mean,voltage_std,n_samples
0.00122074037903989,5.93755925,6.802894604517122e-05,16
0.999176000244148,5.9375453125,6.266250748053519e-05,16
1.9983520004883,5.93756275,7.142872321415014e-05,16
2.99752800073244,5.93765125,8.085132961180878e-05,16
3.97106845301675,5.9375526875,0.00010562771816036018,16
