position,voltage_mean,voltage_std,n_samples
0.0,0.761307775,0.0001539290563051669,16
0.496459852900784,0.7614032312499999,0.00010259819515194748,16
0.995437482833339,0.7617174,0.00017489178439823817,16
1.47724845118564,0.7667486,0.0002625303863365046,16
1.95928830835902,0.7698340875,0.00018972455321792926,16
2.45597705008087,0.7700092625,0.00022528029728263775,16
2.95243690298166,0.7699063875000001,0.00018613511851274203,16
