position,voltage_mean,voltage_std,n_samples
0.0,0.75844244375,0.00017108101870439793,16
0.498977629932554,0.75849199375,0.00016940026737268166,16
0.97643971068453,0.7581652562500001,0.00017783817773734355,16
1.4722128971221,0.76114761875,0.0002818525395014865,16
1.97119052705466,0.7651327875,0.00022991900985729063,16
2.47108371227149,0.7653625562499999,0.0001789326862564116,16
2.966628009888,0.76510760625,0.00017951737544299277,16
