position,voltage_mean,voltage_std,n_samples
0.992461928159429,0.01638333125,0.00014835363636742267,16
1.4844203009125,0.01624399625,0.00020058551396084814,16
1.97637867366558,0.0199605125,0.00023432250413425964,16
2.46772667622913,0.02310853375,0.00016496702207846752,16
2.96090578936125,0.02451125125,0.00020787916333398515,16
3.45347453230384,0.02502,0.00019702892633443445,16
3.94726401562548,0.025104428125,0.00023841779063281832,16
4.44044312875759,0.025510235,0.00018246992098014386,16
4.92324594866787,0.02563383125,0.00019711284971669796,16
