position,voltage_mean,voltage_std,n_samples
-0.00671407208471938,0.016003585625,0.00017612383945567783,16
0.985137485885189,0.016066950625,0.00018382605828842497,16
1.97759941404462,0.16015064375,0.0009217428742393076,16
2.94320505386517,0.33765901875,0.0012228488348007033,16
