position,voltage_mean,voltage_std,n_samples
-0.00671407208471938,0.0151768675,0.00020543374642144373,16
0.98391674550615,0.015029207499999999,0.00035970024540407257,16
1.9769890438551,0.01971039375,0.0002740505685059556,16
2.97067171239357,0.033234879375,0.00025625727137168074,16
3.95336771752068,0.032753910625,0.000197079901006823,16
4.93545335245827,0.03269395625,0.00013792024338702972,16
5.92547379985962,0.0313733775,0.00016972810991038018,16
