position,voltage_mean,voltage_std,n_samples
-0.00610370189519944,0.013673700625,0.0002084285423852968,16
0.985747856074709,0.013419474375,0.0001924090379883683,16
1.97820978423414,0.013831378125,0.0002089457874730534,16
2.94747764519181,0.013920146875,0.0002168388019566249,16
3.93688772240364,0.033010374999999995,0.00023143452856585502,16
4.92568742942595,0.03391205,0.00016226771440277336,16
5.91753898739586,0.033599796875,0.00017701926158326635,16
