position,voltage_mean,voltage_std,n_samples
0.0,-4.100273612903226,0.0008892895924210281,31
0.98269600512711,-4.098883354838709,0.000982222908423248,31
1.97882015442366,-4.099892322580645,0.0007771246998826077,31
2.97738578447829,-4.0997506774193555,0.0009282188766872208,31
3.97473067415387,-4.099548451612903,0.0009543844778335807,31
4.95620593890194,-4.098558580645162,0.000890991827709278,31
5.95477156895657,-4.0799117741935484,0.0011614826095285536,31
6.93685720389416,-4.076175935483871,0.000981469173114082,31
7.93664357432783,-4.061380032258064,0.0007977157098855633,31
