pos_index,position,sample_index,voltage
0,0.987578966643269,0,0.07416108
0,0.987578966643269,1,0.07411301
0,0.987578966643269,2,0.0740706
0,0.987578966643269,3,0.07409183
0,0.987578966643269,4,0.07413097
0,0.987578966643269,5,0.07410561
0,0.987578966643269,6,0.07409389
0,0.987578966643269,7,0.0738695
0,0.987578966643269,8,0.0739472
0,0.987578966643269,9,0.07419526
0,0.987578966643269,10,0.07389094
0,0.987578966643269,11,0.07412975
1,0.985747856074709,0,0.07384842
1,0.985747856074709,1,0.07389786
1,0.985747856074709,2,0.07387003
1,0.985747856074709,3,0.07382882
1,0.985747856074709,4,0.07382866
1,0.985747856074709,5,0.07391038
1,0.985747856074709,6,0.07421448
1,0.985747856074709,7,0.0738527
1,0.985747856074709,8,0.07408079
1,0.985747856074709,9,0.07370315
1,0.985747856074709,10,0.07394651
1,0.985747856074709,11,0.07373817
1,0.985747856074709,12,0.07397414
1,0.985747856074709,13,0.0738827
1,0.985747856074709,14,0.07392189
1,0.985747856074709,15,0.07426821
2,0.995513779107028,0,0.07391888
2,0.995513779107028,1,0.07382179
2,0.995513779107028,2,0.07372544
2,0.995513779107028,3,0.07417519
2,0.995513779107028,4,0.07400747
2,0.995513779107028,5,0.07363924
2,0.995513779107028,6,0.07429821
2,0.995513779107028,7,0.07450555
2,0.995513779107028,8,0.07437507
2,0.995513779107028,9,0.07422817
2,0.995513779107028,10,0.07418902
2,0.995513779107028,11,0.074169
2,0.995513779107028,12,0.07396833
2,0.995513779107028,13,0.07381197
2,0.995513779107028,14,0.07414286
2,0.995513779107028,15,0.07394836
3,1.00589007232887,0,0.07363643
3,1.00589007232887,1,0.07410033
3,1.00589007232887,2,0.07387029
3,1.00589007232887,3,0.07386807
3,1.00589007232887,4,0.0738996
3,1.00589007232887,5,0.07406294
3,1.00589007232887,6,0.07401138
3,1.00589007232887,7,0.07398475
3,1.00589007232887,8,0.07430365
3,1.00589007232887,9,0.07395095
3,1.00589007232887,10,0.07388164
3,1.00589007232887,11,0.07428537
3,1.00589007232887,12,0.07378238
3,1.00589007232887,13,0.07401264
3,1.00589007232887,14,0.07410615
3,1.00589007232887,15,0.07390621
4,1.01626636555071,0,0.07404191
4,1.01626636555071,1,0.07410229
4,1.01626636555071,2,0.07395317
4,1.01626636555071,3,0.07412568
4,1.01626636555071,4,0.07419721
4,1.01626636555071,5,0.07388978
4,1.01626636555071,6,0.0742755
4,1.01626636555071,7,0.07410118
4,1.01626636555071,8,0.07451119
4,1.01626636555071,9,0.07414608
4,1.01626636555071,10,0.0738649
4,1.01626636555071,11,0.07424048
4,1.01626636555071,12,0.07413192
4,1.01626636555071,13,0.07399463
4,1.01626636555071,14,0.07422108
4,1.01626636555071,15,0.07396257
5,1.02542191839351,0,0.0740726
5,1.02542191839351,1,0.07419711
5,1.02542191839351,2,0.07406294
5,1.02542191839351,3,0.07412035
5,1.02542191839351,4,0.07405776
5,1.02542191839351,5,0.07418405
5,1.02542191839351,6,0.0739904
5,1.02542191839351,7,0.07428146
5,1.02542191839351,8,0.07429541
5,1.02542191839351,9,0.07400969
5,1.02542191839351,10,0.07421807
5,1.02542191839351,11,0.07427835
5,1.02542191839351,12,0.0744141
5,1.02542191839351,13,0.07431252
5,1.02542191839351,14,0.07445905
5,1.02542191839351,15,0.07411259
6,1.03579821161534,0,0.07462709
6,1.03579821161534,1,0.07447675
6,1.03579821161534,2,0.0745844
6,1.03579821161534,3,0.07461245
6,1.03579821161534,4,0.07443967
6,1.03579821161534,5,0.07469808
6,1.03579821161534,6,0.07441083
6,1.03579821161534,7,0.07454938
6,1.03579821161534,8,0.074632
6,1.03579821161534,9,0.07490256
6,1.03579821161534,10,0.07470221
6,1.03579821161534,11,0.0747069
6,1.03579821161534,12,0.07449757
6,1.03579821161534,13,0.07452619
6,1.03579821161534,14,0.07460797
6,1.03579821161534,15,0.07463734
7,1.04617450483718,0,0.07450132
7,1.04617450483718,1,0.0747219
7,1.04617450483718,2,0.07453202
7,1.04617450483718,3,0.07454733
7,1.04617450483718,4,0.07451384
7,1.04617450483718,5,0.07456338
7,1.04617450483718,6,0.07433286
7,1.04617450483718,7,0.07439652
7,1.04617450483718,8,0.0745573
7,1.04617450483718,9,0.07459403
7,1.04617450483718,10,0.0747283
7,1.04617450483718,11,0.07443973
7,1.04617450483718,12,0.0745898
7,1.04617450483718,13,0.07447517
7,1.04617450483718,14,0.0745806
7,1.04617450483718,15,0.07436609
8,1.05533005767998,0,0.07458235
8,1.05533005767998,1,0.07444739
8,1.05533005767998,2,0.07469138
8,1.05533005767998,3,0.07468963
8,1.05533005767998,4,0.0746571
8,1.05533005767998,5,0.07436186
8,1.05533005767998,6,0.0744319
8,1.05533005767998,7,0.07467991
8,1.05533005767998,8,0.07440048
8,1.05533005767998,9,0.07444876
8,1.05533005767998,10,0.07446196
8,1.05533005767998,11,0.07479322
8,1.05533005767998,12,0.07467542
8,1.05533005767998,13,0.07462212
8,1.05533005767998,14,0.07461906
8,1.05533005767998,15,0.07458007
9,1.06570635090182,0,0.07421163
9,1.06570635090182,1,0.07445996
9,1.06570635090182,2,0.0743317
9,1.06570635090182,3,0.07445404
9,1.06570635090182,4,0.07467885
9,1.06570635090182,5,0.07448948
9,1.06570635090182,6,0.07463005
9,1.06570635090182,7,0.0744843
9,1.06570635090182,8,0.07486168
9,1.06570635090182,9,0.07486464
9,1.06570635090182,10,0.07505533
9,1.06570635090182,11,0.07484762
9,1.06570635090182,12,0.07485142
9,1.06570635090182,13,0.07460448
9,1.06570635090182,14,0.07491503
9,1.06570635090182,15,0.07495195
10,1.07608264412366,0,0.07470886
10,1.07608264412366,1,0.07460279
10,1.07608264412366,2,0.0747825
10,1.07608264412366,3,0.07486854
10,1.07608264412366,4,0.07480448
10,1.07608264412366,5,0.07493617
10,1.07608264412366,6,0.07478197
10,1.07608264412366,7,0.07482877
10,1.07608264412366,8,0.074659
10,1.07608264412366,9,0.07486787
10,1.07608264412366,10,0.07487689
10,1.07608264412366,11,0.0748451
10,1.07608264412366,12,0.07466158
10,1.07608264412366,13,0.07457802
10,1.07608264412366,14,0.07444606
10,1.07608264412366,15,0.07472692
11,1.08523819696646,0,0.07424021
11,1.08523819696646,1,0.07449535
11,1.08523819696646,2,0.07425759
11,1.08523819696646,3,0.0742915
11,1.08523819696646,4,0.07476608
11,1.08523819696646,5,0.07453427
11,1.08523819696646,6,0.07435293
11,1.08523819696646,7,0.07410282
11,1.08523819696646,8,0.07407504
11,1.08523819696646,9,0.07437011
11,1.08523819696646,10,0.07433577
11,1.08523819696646,11,0.07421855
11,1.08523819696646,12,0.07428627
11,1.08523819696646,13,0.07406294
11,1.08523819696646,14,0.07442911
11,1.08523819696646,15,0.07452329
12,1.09622486037782,0,0.07421628
12,1.09622486037782,1,0.07421042
12,1.09622486037782,2,0.07422108
12,1.09622486037782,3,0.0744131
12,1.09622486037782,4,0.0742287
12,1.09622486037782,5,0.07416224
12,1.09622486037782,6,0.07407793
12,1.09622486037782,7,0.07460638
12,1.09622486037782,8,0.07439203
12,1.09622486037782,9,0.07470786
12,1.09622486037782,10,0.07436778
12,1.09622486037782,11,0.07449006
12,1.09622486037782,12,0.07445028
12,1.09622486037782,13,0.07450132
12,1.09622486037782,14,0.07439731
12,1.09622486037782,15,0.07437824
13,1.10599078341014,0,0.07454062
13,1.10599078341014,1,0.07455033
13,1.10599078341014,2,0.07428336
13,1.10599078341014,3,0.07463507
13,1.10599078341014,4,0.07443549
13,1.10599078341014,5,0.07435885
13,1.10599078341014,6,0.07460506
13,1.10599078341014,7,0.07428896
13,1.10599078341014,8,0.07430276
13,1.10599078341014,9,0.0745273
13,1.10599078341014,10,0.07444791
13,1.10599078341014,11,0.074485
13,1.10599078341014,12,0.07440328
13,1.10599078341014,13,0.07450967
13,1.10599078341014,14,0.07454242
13,1.10599078341014,15,0.0746944
14,1.11514633625294,0,0.07457241
14,1.11514633625294,1,0.07460786
14,1.11514633625294,2,0.07446176
14,1.11514633625294,3,0.07444997
14,1.11514633625294,4,0.07464539
14,1.11514633625294,5,0.07447322
14,1.11514633625294,6,0.07429478
14,1.11514633625294,7,0.07439931
14,1.11514633625294,8,0.07446741
14,1.11514633625294,9,0.07465921
14,1.11514633625294,10,0.07436334
14,1.11514633625294,11,0.07434554
14,1.11514633625294,12,0.07418817
14,1.11514633625294,13,0.07457263
14,1.11514633625294,14,0.07454548
14,1.11514633625294,15,0.0746441
15,1.1261329996643,0,0.07432389
15,1.1261329996643,1,0.07425325
15,1.1261329996643,2,0.07434417
15,1.1261329996643,3,0.07420941
15,1.1261329996643,4,0.07443603
15,1.1261329996643,5,0.07430445
15,1.1261329996643,6,0.07440005
15,1.1261329996643,7,0.07423683
15,1.1261329996643,8,0.07436784
15,1.1261329996643,9,0.07426752
15,1.1261329996643,10,0.07429272
15,1.1261329996643,11,0.07431965
15,1.1261329996643,12,0.07433444
15,1.1261329996643,13,0.07439926
15,1.1261329996643,14,0.07439213
15,1.1261329996643,15,0.07417408
16,1.13589892269662,0,0.07447553
16,1.13589892269662,1,0.07446434
16,1.13589892269662,2,0.07456439
16,1.13589892269662,3,0.0746516
16,1.13589892269662,4,0.07432278
16,1.13589892269662,5,0.07418665
16,1.13589892269662,6,0.07443682
16,1.13589892269662,7,0.07429631
16,1.13589892269662,8,0.07469497
16,1.13589892269662,9,0.07456893
16,1.13589892269662,10,0.07439165
16,1.13589892269662,11,0.07450096
16,1.13589892269662,12,0.07447433
16,1.13589892269662,13,0.07426551
16,1.13589892269662,14,0.07414708
16,1.13589892269662,15,0.07432557
17,1.14627521591845,0,0.07452456
17,1.14627521591845,1,0.07439129
17,1.14627521591845,2,0.07430566
17,1.14627521591845,3,0.07421111
17,1.14627521591845,4,0.07443555
17,1.14627521591845,5,0.07434459
17,1.14627521591845,6,0.07409711
17,1.14627521591845,7,0.07454131
17,1.14627521591845,8,0.07453096
17,1.14627521591845,9,0.07423123
17,1.14627521591845,10,0.07444395
17,1.14627521591845,11,0.07429044
17,1.14627521591845,12,0.07429647
17,1.14627521591845,13,0.07436276
17,1.14627521591845,14,0.07419721
17,1.14627521591845,15,0.07433001
18,1.15665150914029,0,0.07443271
18,1.15665150914029,1,0.07473971
18,1.15665150914029,2,0.07425024
18,1.15665150914029,3,0.07432066
18,1.15665150914029,4,0.07451981
18,1.15665150914029,5,0.07418342
18,1.15665150914029,6,0.07453829
18,1.15665150914029,7,0.07436577
18,1.15665150914029,8,0.07445213
18,1.15665150914029,9,0.07461743
18,1.15665150914029,10,0.07446809
18,1.15665150914029,11,0.07427534
18,1.15665150914029,12,0.07416298
18,1.15665150914029,13,0.07436873
18,1.15665150914029,14,0.07466021
18,1.15665150914029,15,0.07466824
19,1.16641743217261,0,0.07455821
19,1.16641743217261,1,0.07451864
19,1.16641743217261,2,0.07484663
19,1.16641743217261,3,0.07464864
19,1.16641743217261,4,0.0745841
19,1.16641743217261,5,0.07465371
19,1.16641743217261,6,0.07459403
19,1.16641743217261,7,0.07467284
19,1.16641743217261,8,0.07480843
19,1.16641743217261,9,0.07451357
19,1.16641743217261,10,0.07461172
19,1.16641743217261,11,0.07452942
19,1.16641743217261,12,0.07482365
19,1.16641743217261,13,0.07468398
19,1.16641743217261,14,0.07465683
19,1.16641743217261,15,0.07462894
20,1.17679372539445,0,0.07488403
20,1.17679372539445,1,0.07474415
20,1.17679372539445,2,0.07462297
20,1.17679372539445,3,0.07462995
20,1.17679372539445,4,0.0744767
20,1.17679372539445,5,0.0745441
20,1.17679372539445,6,0.07472703
20,1.17679372539445,7,0.07469011
20,1.17679372539445,8,0.07435811
20,1.17679372539445,9,0.07453766
20,1.17679372539445,10,0.07452171
20,1.17679372539445,11,0.07438822
20,1.17679372539445,12,0.07450444
20,1.17679372539445,13,0.07494014
20,1.17679372539445,14,0.07480225
20,1.17679372539445,15,0.07463153
21,1.18594927823725,0,0.07468118
21,1.18594927823725,1,0.07460987
21,1.18594927823725,2,0.07447729
21,1.18594927823725,3,0.07450211
21,1.18594927823725,4,0.07437307
21,1.18594927823725,5,0.07446307
21,1.18594927823725,6,0.07440708
21,1.18594927823725,7,0.07458768
21,1.18594927823725,8,0.07410593
21,1.18594927823725,9,0.07436271
21,1.18594927823725,10,0.07466771
21,1.18594927823725,11,0.07431892
21,1.18594927823725,12,0.07416695
21,1.18594927823725,13,0.0744383
21,1.18594927823725,14,0.07438927
21,1.18594927823725,15,0.0745131
22,1.19632557145909,0,0.07433756
22,1.19632557145909,1,0.07438272
22,1.19632557145909,2,0.07452276
22,1.19632557145909,3,0.07451522
22,1.19632557145909,4,0.07450919
22,1.19632557145909,5,0.07456851
22,1.19632557145909,6,0.0744243
22,1.19632557145909,7,0.07449144
22,1.19632557145909,8,0.07466423
22,1.19632557145909,9,0.07458314
22,1.19632557145909,10,0.07448267
22,1.19632557145909,11,0.07449488
22,1.19632557145909,12,0.07440618
22,1.19632557145909,13,0.07461002
22,1.19632557145909,14,0.07447115
22,1.19632557145909,15,0.07431284
23,1.20670186468093,0,0.07431184
23,1.20670186468093,1,0.07433059
23,1.20670186468093,2,0.07437866
23,1.20670186468093,3,0.07436313
23,1.20670186468093,4,0.07448927
23,1.20670186468093,5,0.07449112
23,1.20670186468093,6,0.07434237
23,1.20670186468093,7,0.07424966
23,1.20670186468093,8,0.074182
23,1.20670186468093,9,0.07450274
23,1.20670186468093,10,0.07456935
23,1.20670186468093,11,0.074442
23,1.20670186468093,12,0.07487801
23,1.20670186468093,13,0.07447908
23,1.20670186468093,14,0.07466174
23,1.20670186468093,15,0.07477568
24,1.21646778771325,0,0.07456238
24,1.21646778771325,1,0.07491492
24,1.21646778771325,2,0.07468124
24,1.21646778771325,3,0.07477241
24,1.21646778771325,4,0.07462308
24,1.21646778771325,5,0.07430941
24,1.21646778771325,6,0.07448331
24,1.21646778771325,7,0.0743906
24,1.21646778771325,8,0.07420788
24,1.21646778771325,9,0.07438891
24,1.21646778771325,10,0.07434105
24,1.21646778771325,11,0.07415685
24,1.21646778771325,12,0.07454817
24,1.21646778771325,13,0.07449499
24,1.21646778771325,14,0.07462271
24,1.21646778771325,15,0.07442806
25,1.22684408093509,0,0.07443809
25,1.22684408093509,1,0.07440708
25,1.22684408093509,2,0.07460871
25,1.22684408093509,3,0.07449128
25,1.22684408093509,4,0.07461452
25,1.22684408093509,5,0.07486301
25,1.22684408093509,6,0.07465804
25,1.22684408093509,7,0.07467162
25,1.22684408093509,8,0.0745355
25,1.22684408093509,9,0.07459418
25,1.22684408093509,10,0.07444849
25,1.22684408093509,11,0.07463681
25,1.22684408093509,12,0.0744262
25,1.22684408093509,13,0.07457764
25,1.22684408093509,14,0.07459069
25,1.22684408093509,15,0.07454136
26,1.23661000396741,0,0.07449851
26,1.23661000396741,1,0.07401518
26,1.23661000396741,2,0.07423118
26,1.23661000396741,3,0.07434697
26,1.23661000396741,4,0.0745516
26,1.23661000396741,5,0.07412568
26,1.23661000396741,6,0.07445615
26,1.23661000396741,7,0.07433344
26,1.23661000396741,8,0.07421628
26,1.23661000396741,9,0.07425875
26,1.23661000396741,10,0.07418263
26,1.23661000396741,11,0.07429177
26,1.23661000396741,12,0.07446551
26,1.23661000396741,13,0.0744393
26,1.23661000396741,14,0.07427882
26,1.23661000396741,15,0.07455504
27,1.24576555681021,0,0.07441896
27,1.24576555681021,1,0.07415051
27,1.24576555681021,2,0.07437755
27,1.24576555681021,3,0.07444438
27,1.24576555681021,4,0.07461478
27,1.24576555681021,5,0.07450238
27,1.24576555681021,6,0.07437222
27,1.24576555681021,7,0.07472735
27,1.24576555681021,8,0.07441299
27,1.24576555681021,9,0.07483865
27,1.24576555681021,10,0.07467669
27,1.24576555681021,11,0.07458445
27,1.24576555681021,12,0.07472529
27,1.24576555681021,13,0.07459957
27,1.24576555681021,14,0.07454537
27,1.24576555681021,15,0.07462952
28,1.25736259041108,0,0.07450507
28,1.25736259041108,1,0.07429044
28,1.25736259041108,2,0.07451558
28,1.25736259041108,3,0.07440444
28,1.25736259041108,4,0.07456433
28,1.25736259041108,5,0.07462926
28,1.25736259041108,6,0.0743738
28,1.25736259041108,7,0.07439483
28,1.25736259041108,8,0.07430132
28,1.25736259041108,9,0.07420847
28,1.25736259041108,10,0.07429171
28,1.25736259041108,11,0.07427951
28,1.25736259041108,12,0.07412939
28,1.25736259041108,13,0.074138
28,1.25736259041108,14,0.07425939
28,1.25736259041108,15,0.07440925
29,1.26651814325388,0,0.07443983
29,1.26651814325388,1,0.07431379
29,1.26651814325388,2,0.07413609
29,1.26651814325388,3,0.07441511
29,1.26651814325388,4,0.07421147
29,1.26651814325388,5,0.07422764
29,1.26651814325388,6,0.07404524
29,1.26651814325388,7,0.07428553
29,1.26651814325388,8,0.07401899
29,1.26651814325388,9,0.07413995
29,1.26651814325388,10,0.07434026
29,1.26651814325388,11,0.07427137
29,1.26651814325388,12,0.07446349
29,1.26651814325388,13,0.07398803
29,1.26651814325388,14,0.07423773
29,1.26651814325388,15,0.07439461
30,1.27689443647572,0,0.07421131
30,1.27689443647572,1,0.07408211
30,1.27689443647572,2,0.07434575
30,1.27689443647572,3,0.07414491
30,1.27689443647572,4,0.07421005
30,1.27689443647572,5,0.07439292
30,1.27689443647572,6,0.07431585
30,1.27689443647572,7,0.07432198
30,1.27689443647572,8,0.07433239
30,1.27689443647572,9,0.0741643
30,1.27689443647572,10,0.07425225
30,1.27689443647572,11,0.07437776
30,1.27689443647572,12,0.07448119
30,1.27689443647572,13,0.07427619
30,1.27689443647572,14,0.07422209
30,1.27689443647572,15,0.07413805
31,1.28666035950804,0,0.07357083
31,1.28666035950804,1,0.0738958
31,1.28666035950804,2,0.07395813
31,1.28666035950804,3,0.07394186
31,1.28666035950804,4,0.07400377
31,1.28666035950804,5,0.07408348
31,1.28666035950804,6,0.07409035
31,1.28666035950804,7,0.07441363
31,1.28666035950804,8,0.0741531
31,1.28666035950804,9,0.07439102
31,1.28666035950804,10,0.07380901
31,1.28666035950804,11,0.0741269
31,1.28666035950804,12,0.07421126
31,1.28666035950804,13,0.07427629
31,1.28666035950804,14,0.07430703
31,1.28666035950804,15,0.07423704
32,1.29642628254036,0,0.07440899
32,1.29642628254036,1,0.0746076
32,1.29642628254036,2,0.07443941
32,1.29642628254036,3,0.07462873
32,1.29642628254036,4,0.07476834
32,1.29642628254036,5,0.07446651
32,1.29642628254036,6,0.07453037
32,1.29642628254036,7,0.07449413
32,1.29642628254036,8,0.07418595
32,1.29642628254036,9,0.07450887
32,1.29642628254036,10,0.07438378
32,1.29642628254036,11,0.0745899
32,1.29642628254036,12,0.07442076
32,1.29642628254036,13,0.07429134
32,1.29642628254036,14,0.07431142
32,1.29642628254036,15,0.07431538
33,1.30741294595172,0,0.07435013
33,1.30741294595172,1,0.07450433
33,1.30741294595172,2,0.07407857
33,1.30741294595172,3,0.07434047
33,1.30741294595172,4,0.07425458
33,1.30741294595172,5,0.07446434
33,1.30741294595172,6,0.07445821
33,1.30741294595172,7,0.07421987
33,1.30741294595172,8,0.07435198
33,1.30741294595172,9,0.0745692
33,1.30741294595172,10,0.07449207
33,1.30741294595172,11,0.07475635
33,1.30741294595172,12,0.07467421
33,1.30741294595172,13,0.074428
33,1.30741294595172,14,0.07453544
33,1.30741294595172,15,0.07451769
34,1.31717886898404,0,0.07443809
34,1.31717886898404,1,0.07453147
34,1.31717886898404,2,0.0744036
34,1.31717886898404,3,0.0746571
34,1.31717886898404,4,0.0744487
34,1.31717886898404,5,0.0744784
34,1.31717886898404,6,0.07440983
34,1.31717886898404,7,0.07436503
34,1.31717886898404,8,0.07443212
34,1.31717886898404,9,0.07433397
34,1.31717886898404,10,0.07472724
34,1.31717886898404,11,0.07434464
34,1.31717886898404,12,0.07429852
34,1.31717886898404,13,0.07420239
34,1.31717886898404,14,0.0742382
34,1.31717886898404,15,0.07417825
35,1.32694479201636,0,0.07392416
35,1.32694479201636,1,0.07429351
35,1.32694479201636,2,0.07424248
35,1.32694479201636,3,0.07406092
35,1.32694479201636,4,0.07424834
35,1.32694479201636,5,0.07434596
35,1.32694479201636,6,0.07406589
35,1.32694479201636,7,0.07442694
35,1.32694479201636,8,0.07421237
35,1.32694479201636,9,0.07425262
35,1.32694479201636,10,0.07407677
35,1.32694479201636,11,0.07416853
35,1.32694479201636,12,0.07411903
35,1.32694479201636,13,0.0741419
35,1.32694479201636,14,0.07427011
35,1.32694479201636,15,0.07405786
36,1.33671071504868,0,0.0742708
36,1.33671071504868,1,0.07417967
36,1.33671071504868,2,0.07398687
36,1.33671071504868,3,0.07408474
36,1.33671071504868,4,0.07396162
36,1.33671071504868,5,0.07375867
36,1.33671071504868,6,0.07384292
36,1.33671071504868,7,0.07373157
36,1.33671071504868,8,0.07416811
36,1.33671071504868,9,0.07409336
36,1.33671071504868,10,0.07410699
36,1.33671071504868,11,0.07414951
36,1.33671071504868,12,0.07375476
36,1.33671071504868,13,0.07392189
36,1.33671071504868,14,0.07436535
36,1.33671071504868,15,0.07423318
37,1.34708700827052,0,0.07405533
37,1.34708700827052,1,0.07407778
37,1.34708700827052,2,0.07411391
37,1.34708700827052,3,0.07414977
37,1.34708700827052,4,0.07402749
37,1.34708700827052,5,0.07428163
37,1.34708700827052,6,0.07405712
37,1.34708700827052,7,0.07417212
37,1.34708700827052,8,0.07393119
37,1.34708700827052,9,0.07417244
37,1.34708700827052,10,0.07412823
37,1.34708700827052,11,0.0743064
37,1.34708700827052,12,0.07408179
37,1.34708700827052,13,0.07430302
37,1.34708700827052,14,0.07431549
37,1.34708700827052,15,0.07424074
38,1.35746330149236,0,0.07439873
38,1.35746330149236,1,0.07424945
38,1.35746330149236,2,0.07433128
38,1.35746330149236,3,0.07420424
38,1.35746330149236,4,0.07439102
38,1.35746330149236,5,0.07452683
38,1.35746330149236,6,0.07423017
38,1.35746330149236,7,0.07442964
38,1.35746330149236,8,0.07416669
38,1.35746330149236,9,0.07447369
38,1.35746330149236,10,0.07484045
38,1.35746330149236,11,0.07449879
38,1.35746330149236,12,0.07444917
38,1.35746330149236,13,0.07441891
38,1.35746330149236,14,0.07460285
38,1.35746330149236,15,0.07467775
39,1.36783959471419,0,0.07421839
39,1.36783959471419,1,0.07440719
39,1.36783959471419,2,0.07426287
39,1.36783959471419,3,0.07415695
39,1.36783959471419,4,0.07424829
39,1.36783959471419,5,0.07406663
39,1.36783959471419,6,0.07438605
39,1.36783959471419,7,0.07412098
39,1.36783959471419,8,0.07427766
39,1.36783959471419,9,0.07416985
39,1.36783959471419,10,0.07433128
39,1.36783959471419,11,0.07432795
39,1.36783959471419,12,0.07430075
39,1.36783959471419,13,0.07448452
39,1.36783959471419,14,0.07453856
39,1.36783959471419,15,0.07451563
40,1.37699514755699,0,0.07471684
40,1.37699514755699,1,0.07436852
40,1.37699514755699,2,0.07431115
40,1.37699514755699,3,0.07457675
40,1.37699514755699,4,0.07447205
40,1.37699514755699,5,0.0747611
40,1.37699514755699,6,0.07445984
40,1.37699514755699,7,0.07455446
40,1.37699514755699,8,0.07462587
40,1.37699514755699,9,0.07426831
40,1.37699514755699,10,0.07453338
40,1.37699514755699,11,0.07453713
40,1.37699514755699,12,0.07460264
40,1.37699514755699,13,0.0747432
40,1.37699514755699,14,0.07470685
40,1.37699514755699,15,0.07461505
41,1.38737144077883,0,0.07425648
41,1.38737144077883,1,0.07420223
41,1.38737144077883,2,0.07423387
41,1.38737144077883,3,0.07437565
41,1.38737144077883,4,0.07431754
41,1.38737144077883,5,0.07440317
41,1.38737144077883,6,0.07423656
41,1.38737144077883,7,0.07415283
41,1.38737144077883,8,0.07431469
41,1.38737144077883,9,0.07423593
41,1.38737144077883,10,0.07424702
41,1.38737144077883,11,0.07430936
41,1.38737144077883,12,0.07414518
41,1.38737144077883,13,0.07444168
41,1.38737144077883,14,0.07451256
41,1.38737144077883,15,0.07431933
42,1.39713736381115,0,0.07426752
42,1.39713736381115,1,0.07425363
42,1.39713736381115,2,0.07443597
42,1.39713736381115,3,0.07443751
42,1.39713736381115,4,0.07408676
42,1.39713736381115,5,0.07432842
42,1.39713736381115,6,0.07447618
42,1.39713736381115,7,0.07436323
42,1.39713736381115,8,0.07454759
42,1.39713736381115,9,0.07459254
42,1.39713736381115,10,0.07443345
42,1.39713736381115,11,0.07447992
42,1.39713736381115,12,0.07434343
42,1.39713736381115,13,0.0746422
42,1.39713736381115,14,0.07458752
42,1.39713736381115,15,0.0743888
43,1.40690328684347,0,0.07445653
43,1.40690328684347,1,0.07439218
43,1.40690328684347,2,0.0746535
43,1.40690328684347,3,0.07440782
43,1.40690328684347,4,0.07437771
43,1.40690328684347,5,0.07465292
43,1.40690328684347,6,0.07441891
43,1.40690328684347,7,0.07434206
43,1.40690328684347,8,0.07423858
43,1.40690328684347,9,0.07427766
43,1.40690328684347,10,0.07410239
43,1.40690328684347,11,0.07420672
43,1.40690328684347,12,0.07418802
43,1.40690328684347,13,0.07393267
43,1.40690328684347,14,0.07442461
43,1.40690328684347,15,0.07415432
44,1.41727958006531,0,0.07420503
44,1.41727958006531,1,0.07414328
44,1.41727958006531,2,0.07435996
44,1.41727958006531,3,0.0745189
44,1.41727958006531,4,0.07437924
44,1.41727958006531,5,0.07473733
44,1.41727958006531,6,0.07438447
44,1.41727958006531,7,0.07437596
44,1.41727958006531,8,0.07436715
44,1.41727958006531,9,0.07437248
44,1.41727958006531,10,0.0742195
44,1.41727958006531,11,0.07455039
44,1.41727958006531,12,0.07468631
44,1.41727958006531,13,0.07458673
44,1.41727958006531,14,0.07411903
44,1.41727958006531,15,0.07437882
45,1.42704550309763,0,0.07447934
45,1.42704550309763,1,0.07421692
45,1.42704550309763,2,0.07420804
45,1.42704550309763,3,0.07434422
45,1.42704550309763,4,0.07453148
45,1.42704550309763,5,0.07450317
45,1.42704550309763,6,0.07444099
45,1.42704550309763,7,0.07437771
45,1.42704550309763,8,0.07419071
45,1.42704550309763,9,0.07421227
45,1.42704550309763,10,0.0742605
45,1.42704550309763,11,0.07431569
45,1.42704550309763,12,0.07446397
45,1.42704550309763,13,0.07449714
45,1.42704550309763,14,0.07445954
45,1.42704550309763,15,0.07462862
46,1.43742179631947,0,0.07429177
46,1.43742179631947,1,0.07429599
46,1.43742179631947,2,0.07430365
46,1.43742179631947,3,0.0745282
46,1.43742179631947,4,0.07416858
46,1.43742179631947,5,0.0740454
46,1.43742179631947,6,0.07407323
46,1.43742179631947,7,0.07428437
46,1.43742179631947,8,0.074428
46,1.43742179631947,9,0.07451199
46,1.43742179631947,10,0.07423889
46,1.43742179631947,11,0.07414782
46,1.43742179631947,12,0.07445203
46,1.43742179631947,13,0.0744215
46,1.43742179631947,14,0.0743196
46,1.43742179631947,15,0.0743477
47,1.44718771935179,0,0.07398623
47,1.44718771935179,1,0.07417624
47,1.44718771935179,2,0.07412669
47,1.44718771935179,3,0.07438061
47,1.44718771935179,4,0.07420297
47,1.44718771935179,5,0.07424407
47,1.44718771935179,6,0.07436276
47,1.44718771935179,7,0.07421369
47,1.44718771935179,8,0.07443503
47,1.44718771935179,9,0.07418796
47,1.44718771935179,10,0.07458282
47,1.44718771935179,11,0.07428923
47,1.44718771935179,12,0.07424032
47,1.44718771935179,13,0.07456577
47,1.44718771935179,14,0.07426799
47,1.44718771935179,15,0.07443682
48,1.45695364238411,0,0.07454389
48,1.45695364238411,1,0.07431194
48,1.45695364238411,2,0.07439181
48,1.45695364238411,3,0.07443212
48,1.45695364238411,4,0.07447258
48,1.45695364238411,5,0.07405268
48,1.45695364238411,6,0.07401217
48,1.45695364238411,7,0.07429161
48,1.45695364238411,8,0.07402125
48,1.45695364238411,9,0.07426208
48,1.45695364238411,10,0.07410086
48,1.45695364238411,11,0.07422056
48,1.45695364238411,12,0.07432847
48,1.45695364238411,13,0.07439746
48,1.45695364238411,14,0.07451632
48,1.45695364238411,15,0.07435071
49,1.46671956541642,0,0.07417825
49,1.46671956541642,1,0.07425156
49,1.46671956541642,2,0.07421897
49,1.46671956541642,3,0.07440122
49,1.46671956541642,4,0.0742671
49,1.46671956541642,5,0.07404049
49,1.46671956541642,6,0.07409965
49,1.46671956541642,7,0.07393637
49,1.46671956541642,8,0.07404107
49,1.46671956541642,9,0.07413378
49,1.46671956541642,10,0.07404714
49,1.46671956541642,11,0.07408279
49,1.46671956541642,12,0.07436133
49,1.46671956541642,13,0.07405739
49,1.46671956541642,14,0.07408047
49,1.46671956541642,15,0.0742963
50,1.47709585863826,0,0.07412421
50,1.47709585863826,1,0.07407773
50,1.47709585863826,2,0.07411127
50,1.47709585863826,3,0.07397963
50,1.47709585863826,4,0.0742259
50,1.47709585863826,5,0.07402236
50,1.47709585863826,6,0.07454923
50,1.47709585863826,7,0.07433867
50,1.47709585863826,8,0.07443497
50,1.47709585863826,9,0.07433133
50,1.47709585863826,10,0.07454453
50,1.47709585863826,11,0.07453977
50,1.47709585863826,12,0.07441241
50,1.47709585863826,13,0.07441241
50,1.47709585863826,14,0.0744952
50,1.47709585863826,15,0.07459477
51,1.48686178167058,0,0.07462651
51,1.48686178167058,1,0.0743456
51,1.48686178167058,2,0.07437908
51,1.48686178167058,3,0.07480664
51,1.48686178167058,4,0.07459249
51,1.48686178167058,5,0.0742765
51,1.48686178167058,6,0.07416578
51,1.48686178167058,7,0.07423197
51,1.48686178167058,8,0.07427407
51,1.48686178167058,9,0.07428706
51,1.48686178167058,10,0.07439499
51,1.48686178167058,11,0.07446925
51,1.48686178167058,12,0.07443486
51,1.48686178167058,13,0.07446149
51,1.48686178167058,14,0.07466882
51,1.48686178167058,15,0.07458393
52,1.4966277047029,0,0.07432234
52,1.4966277047029,1,0.07421269
52,1.4966277047029,2,0.07441421
52,1.4966277047029,3,0.07447121
52,1.4966277047029,4,0.07412812
52,1.4966277047029,5,0.07441759
52,1.4966277047029,6,0.07448404
52,1.4966277047029,7,0.07414602
52,1.4966277047029,8,0.07417513
52,1.4966277047029,9,0.07420593
52,1.4966277047029,10,0.07432927
52,1.4966277047029,11,0.07416198
52,1.4966277047029,12,0.07422093
52,1.4966277047029,13,0.07415553
52,1.4966277047029,14,0.07438532
52,1.4966277047029,15,0.0741989
53,1.50700399792474,0,0.074458
53,1.50700399792474,1,0.07418966
53,1.50700399792474,2,0.07420767
53,1.50700399792474,3,0.07412828
53,1.50700399792474,4,0.0741231
53,1.50700399792474,5,0.07407477
53,1.50700399792474,6,0.07422214
53,1.50700399792474,7,0.07419013
53,1.50700399792474,8,0.07406203
53,1.50700399792474,9,0.07431136
53,1.50700399792474,10,0.07411206
53,1.50700399792474,11,0.07435901
53,1.50700399792474,12,0.07463792
53,1.50700399792474,13,0.07422626
53,1.50700399792474,14,0.07438812
53,1.50700399792474,15,0.07453439
54,1.51738029114658,0,0.07429852
54,1.51738029114658,1,0.07420646
54,1.51738029114658,2,0.07441051
54,1.51738029114658,3,0.07443793
54,1.51738029114658,4,0.07424359
54,1.51738029114658,5,0.07449123
54,1.51738029114658,6,0.07448504
54,1.51738029114658,7,0.07404709
54,1.51738029114658,8,0.07426678
54,1.51738029114658,9,0.07448346
54,1.51738029114658,10,0.07424866
54,1.51738029114658,11,0.07428046
54,1.51738029114658,12,0.07421622
54,1.51738029114658,13,0.07433434
54,1.51738029114658,14,0.07461964
54,1.51738029114658,15,0.07419991
55,1.52653584398938,0,0.07438342
55,1.52653584398938,1,0.07443952
55,1.52653584398938,2,0.07463934
55,1.52653584398938,3,0.07448854
55,1.52653584398938,4,0.07477436
55,1.52653584398938,5,0.07454796
55,1.52653584398938,6,0.07454415
55,1.52653584398938,7,0.07444168
55,1.52653584398938,8,0.07469196
55,1.52653584398938,9,0.07446361
55,1.52653584398938,10,0.07445954
55,1.52653584398938,11,0.07436577
55,1.52653584398938,12,0.07450823
55,1.52653584398938,13,0.07419758
55,1.52653584398938,14,0.07441299
55,1.52653584398938,15,0.07488498
56,1.53691213721122,0,0.07429652
56,1.53691213721122,1,0.07449186
56,1.53691213721122,2,0.07445732
56,1.53691213721122,3,0.07418733
56,1.53691213721122,4,0.07441622
56,1.53691213721122,5,0.07433867
56,1.53691213721122,6,0.07431252
56,1.53691213721122,7,0.07443006
56,1.53691213721122,8,0.07431342
56,1.53691213721122,9,0.07419948
56,1.53691213721122,10,0.07430893
56,1.53691213721122,11,0.07442086
56,1.53691213721122,12,0.0745337
56,1.53691213721122,13,0.07438558
56,1.53691213721122,14,0.07453254
56,1.53691213721122,15,0.07437649
57,1.54667806024354,0,0.07394017
57,1.54667806024354,1,0.07402933
57,1.54667806024354,2,0.07404577
57,1.54667806024354,3,0.0737133
57,1.54667806024354,4,0.07381651
57,1.54667806024354,5,0.07407149
57,1.54667806024354,6,0.07385401
57,1.54667806024354,7,0.07382502
57,1.54667806024354,8,0.07372148
57,1.54667806024354,9,0.07380431
57,1.54667806024354,10,0.07367806
57,1.54667806024354,11,0.07376295
57,1.54667806024354,12,0.07356814
57,1.54667806024354,13,0.07362228
57,1.54667806024354,14,0.0737172
57,1.54667806024354,15,0.07354373
58,1.55644398327586,0,0.07395607
58,1.55644398327586,1,0.07390399
58,1.55644398327586,2,0.07393917
58,1.55644398327586,3,0.07380325
58,1.55644398327586,4,0.07420904
58,1.55644398327586,5,0.07407381
58,1.55644398327586,6,0.07412151
58,1.55644398327586,7,0.07420546
58,1.55644398327586,8,0.07426224
58,1.55644398327586,9,0.07432494
58,1.55644398327586,10,0.07433867
58,1.55644398327586,11,0.07421316
58,1.55644398327586,12,0.07390098
58,1.55644398327586,13,0.07364436
58,1.55644398327586,14,0.07351589
58,1.55644398327586,15,0.07388011
59,1.5668202764977,0,0.07445917
59,1.5668202764977,1,0.07446344
59,1.5668202764977,2,0.0742746
59,1.5668202764977,3,0.07408058
59,1.5668202764977,4,0.07412431
59,1.5668202764977,5,0.07419018
59,1.5668202764977,6,0.07422727
59,1.5668202764977,7,0.07450444
59,1.5668202764977,8,0.07422341
59,1.5668202764977,9,0.07393225
59,1.5668202764977,10,0.07427386
59,1.5668202764977,11,0.0741147
59,1.5668202764977,12,0.0739351
59,1.5668202764977,13,0.07363226
59,1.5668202764977,14,0.07390605
59,1.5668202764977,15,0.07414243
60,1.57719656971954,0,0.07449107
60,1.57719656971954,1,0.07424834
60,1.57719656971954,2,0.0740277
60,1.57719656971954,3,0.07410826
60,1.57719656971954,4,0.07409843
60,1.57719656971954,5,0.07427359
60,1.57719656971954,6,0.07416499
60,1.57719656971954,7,0.07390637
60,1.57719656971954,8,0.07393183
60,1.57719656971954,9,0.07389802
60,1.57719656971954,10,0.07374626
60,1.57719656971954,11,0.07391138
60,1.57719656971954,12,0.07378054
60,1.57719656971954,13,0.07341933
60,1.57719656971954,14,0.07373717
60,1.57719656971954,15,0.07390034
61,1.58635212256233,0,0.07420493
61,1.58635212256233,1,0.07422198
61,1.58635212256233,2,0.07376792
61,1.58635212256233,3,0.07381382
61,1.58635212256233,4,0.07386526
61,1.58635212256233,5,0.07434686
61,1.58635212256233,6,0.0741924
61,1.58635212256233,7,0.07421638
61,1.58635212256233,8,0.07400858
61,1.58635212256233,9,0.07433308
61,1.58635212256233,10,0.07395554
61,1.58635212256233,11,0.07406653
61,1.58635212256233,12,0.07424744
61,1.58635212256233,13,0.0739398
61,1.58635212256233,14,0.07435964
61,1.58635212256233,15,0.07390193
62,1.59733878597369,0,0.07451246
62,1.59733878597369,1,0.07482845
62,1.59733878597369,2,0.07438674
62,1.59733878597369,3,0.07437507
62,1.59733878597369,4,0.07428817
62,1.59733878597369,5,0.0745806
62,1.59733878597369,6,0.07447654
62,1.59733878597369,7,0.07458773
62,1.59733878597369,8,0.07446413
62,1.59733878597369,9,0.07437391
62,1.59733878597369,10,0.07454976
62,1.59733878597369,11,0.07435784
62,1.59733878597369,12,0.07435542
62,1.59733878597369,13,0.07447153
62,1.59733878597369,14,0.07465789
62,1.59733878597369,15,0.07474489
63,1.60710470900601,0,0.07499924
63,1.60710470900601,1,0.07503282
63,1.60710470900601,2,0.07481746
63,1.60710470900601,3,0.0748948
63,1.60710470900601,4,0.07480511
63,1.60710470900601,5,0.07492887
63,1.60710470900601,6,0.07475863
63,1.60710470900601,7,0.07485022
63,1.60710470900601,8,0.07525348
63,1.60710470900601,9,0.07506067
63,1.60710470900601,10,0.07456148
63,1.60710470900601,11,0.07499226
63,1.60710470900601,12,0.07493373
63,1.60710470900601,13,0.07505967
63,1.60710470900601,14,0.07498799
63,1.60710470900601,15,0.07487874
64,1.61748100222785,0,0.07517186
64,1.61748100222785,1,0.07501561
64,1.61748100222785,2,0.07498223
64,1.61748100222785,3,0.07510826
64,1.61748100222785,4,0.07505142
64,1.61748100222785,5,0.07501578
64,1.61748100222785,6,0.07546566
64,1.61748100222785,7,0.07528481
64,1.61748100222785,8,0.07527375
64,1.61748100222785,9,0.07501988
64,1.61748100222785,10,0.07499205
64,1.61748100222785,11,0.0752007
64,1.61748100222785,12,0.0753766
64,1.61748100222785,13,0.07527323
64,1.61748100222785,14,0.07520667
64,1.61748100222785,15,0.07496543
65,1.62724692526017,0,0.07512078
65,1.62724692526017,1,0.07502607
65,1.62724692526017,2,0.07521839
65,1.62724692526017,3,0.07540962
65,1.62724692526017,4,0.07535341
65,1.62724692526017,5,0.07558208
65,1.62724692526017,6,0.07540118
65,1.62724692526017,7,0.07546338
65,1.62724692526017,8,0.07533809
65,1.62724692526017,9,0.07557791
65,1.62724692526017,10,0.07526688
65,1.62724692526017,11,0.0753083
65,1.62724692526017,12,0.07553475
65,1.62724692526017,13,0.0756085
65,1.62724692526017,14,0.07537328
65,1.62724692526017,15,0.07544575
66,1.63640247810297,0,0.07594467
66,1.63640247810297,1,0.07601599
66,1.63640247810297,2,0.07578062
66,1.63640247810297,3,0.07546764
66,1.63640247810297,4,0.07591456
66,1.63640247810297,5,0.07527333
66,1.63640247810297,6,0.07583099
66,1.63640247810297,7,0.07552588
66,1.63640247810297,8,0.07573105
66,1.63640247810297,9,0.07577362
66,1.63640247810297,10,0.07563539
66,1.63640247810297,11,0.07568494
66,1.63640247810297,12,0.07575271
66,1.63640247810297,13,0.07600082
66,1.63640247810297,14,0.07592639
66,1.63640247810297,15,0.07530694
67,1.64738914151433,0,0.07572672
67,1.64738914151433,1,0.07617424
67,1.64738914151433,2,0.07600204
67,1.64738914151433,3,0.07629473
67,1.64738914151433,4,0.07601169
67,1.64738914151433,5,0.07614912
67,1.64738914151433,6,0.07596464
67,1.64738914151433,7,0.07603204
67,1.64738914151433,8,0.07619903
67,1.64738914151433,9,0.07603947
67,1.64738914151433,10,0.07592633
67,1.64738914151433,11,0.07577817
67,1.64738914151433,12,0.07581916
67,1.64738914151433,13,0.07576068
67,1.64738914151433,14,0.07574864
67,1.64738914151433,15,0.07586557
68,1.65715506454665,0,0.07600188
68,1.65715506454665,1,0.07614
68,1.65715506454665,2,0.07608106
68,1.65715506454665,3,0.07629555
68,1.65715506454665,4,0.07606094
68,1.65715506454665,5,0.07647918
68,1.65715506454665,6,0.0760146
68,1.65715506454665,7,0.0757459
68,1.65715506454665,8,0.0762635
68,1.65715506454665,9,0.07591969
68,1.65715506454665,10,0.07604894
68,1.65715506454665,11,0.075835
68,1.65715506454665,12,0.07553575
68,1.65715506454665,13,0.07590274
68,1.65715506454665,14,0.07605274
68,1.65715506454665,15,0.07588773
69,1.66692098757897,0,0.07624766
69,1.66692098757897,1,0.07608551
69,1.66692098757897,2,0.07624615
69,1.66692098757897,3,0.07619602
69,1.66692098757897,4,0.07602743
69,1.66692098757897,5,0.07635755
69,1.66692098757897,6,0.0761696
69,1.66692098757897,7,0.07635606
69,1.66692098757897,8,0.07621884
69,1.66692098757897,9,0.07634079
69,1.66692098757897,10,0.07624292
69,1.66692098757897,11,0.07609861
69,1.66692098757897,12,0.0759508
69,1.66692098757897,13,0.07619631
69,1.66692098757897,14,0.07621638
69,1.66692098757897,15,0.07604203
70,1.67668691061129,0,0.07665989
70,1.67668691061129,1,0.07676287
70,1.67668691061129,2,0.07638544
70,1.67668691061129,3,0.07654379
70,1.67668691061129,4,0.07661182
70,1.67668691061129,5,0.07649239
70,1.67668691061129,6,0.07648513
70,1.67668691061129,7,0.07649312
70,1.67668691061129,8,0.07630187
70,1.67668691061129,9,0.076538
70,1.67668691061129,10,0.07641902
70,1.67668691061129,11,0.07672697
70,1.67668691061129,12,0.07649657
70,1.67668691061129,13,0.07623316
70,1.67668691061129,14,0.07632356
70,1.67668691061129,15,0.07630425
71,1.6864528336436,0,0.07679153
71,1.6864528336436,1,0.07669166
71,1.6864528336436,2,0.0766944
71,1.6864528336436,3,0.07699142
71,1.6864528336436,4,0.07666174
71,1.6864528336436,5,0.07701318
71,1.6864528336436,6,0.07674987
71,1.6864528336436,7,0.07683502
71,1.6864528336436,8,0.07694102
71,1.6864528336436,9,0.07680765
71,1.6864528336436,10,0.07680196
71,1.6864528336436,11,0.07677849
71,1.6864528336436,12,0.0769815
71,1.6864528336436,13,0.07650276
71,1.6864528336436,14,0.07689217
71,1.6864528336436,15,0.07685548
72,1.69743949705496,0,0.07698624
72,1.69743949705496,1,0.07704345
72,1.69743949705496,2,0.07686903
72,1.69743949705496,3,0.07711621
72,1.69743949705496,4,0.07692162
72,1.69743949705496,5,0.07707099
72,1.69743949705496,6,0.0770208
72,1.69743949705496,7,0.07703613
72,1.69743949705496,8,0.07717621
72,1.69743949705496,9,0.07707489
72,1.69743949705496,10,0.07707233
72,1.69743949705496,11,0.07693243
72,1.69743949705496,12,0.07740894
72,1.69743949705496,13,0.07705443
72,1.69743949705496,14,0.0770013
72,1.69743949705496,15,0.07717197
73,1.70720542008728,0,0.07715575
73,1.70720542008728,1,0.0770478
73,1.70720542008728,2,0.07692724
73,1.70720542008728,3,0.07728449
73,1.70720542008728,4,0.07717827
73,1.70720542008728,5,0.07704255
73,1.70720542008728,6,0.07717471
73,1.70720542008728,7,0.07701735
73,1.70720542008728,8,0.07692396
73,1.70720542008728,9,0.07730239
73,1.70720542008728,10,0.07758642
73,1.70720542008728,11,0.07730584
73,1.70720542008728,12,0.07694832
73,1.70720542008728,13,0.07731137
73,1.70720542008728,14,0.0770794
73,1.70720542008728,15,0.07684896
74,1.71636097293008,0,0.07727758
74,1.71636097293008,1,0.07756657
74,1.71636097293008,2,0.07777984
74,1.71636097293008,3,0.07738597
74,1.71636097293008,4,0.0772856
74,1.71636097293008,5,0.07767502
74,1.71636097293008,6,0.07768946
74,1.71636097293008,7,0.07775297
74,1.71636097293008,8,0.07746247
74,1.71636097293008,9,0.07774115
74,1.71636097293008,10,0.07733869
74,1.71636097293008,11,0.07771578
74,1.71636097293008,12,0.07758453
74,1.71636097293008,13,0.07748533
74,1.71636097293008,14,0.07747512
74,1.71636097293008,15,0.07722048
75,1.72734763634144,0,0.07752453
75,1.72734763634144,1,0.07774617
75,1.72734763634144,2,0.07778447
75,1.72734763634144,3,0.07766253
75,1.72734763634144,4,0.07765556
75,1.72734763634144,5,0.07768255
75,1.72734763634144,6,0.07743704
75,1.72734763634144,7,0.07765188
75,1.72734763634144,8,0.07757192
75,1.72734763634144,9,0.07777388
75,1.72734763634144,10,0.07767045
75,1.72734763634144,11,0.07761502
75,1.72734763634144,12,0.07766069
75,1.72734763634144,13,0.07775554
75,1.72734763634144,14,0.07750953
75,1.72734763634144,15,0.07739796
76,1.73650318918424,0,0.0778506
76,1.73650318918424,1,0.07792248
76,1.73650318918424,2,0.07761107
76,1.73650318918424,3,0.07770262
76,1.73650318918424,4,0.07794907
76,1.73650318918424,5,0.07793012
76,1.73650318918424,6,0.07785953
76,1.73650318918424,7,0.0780491
76,1.73650318918424,8,0.07755425
76,1.73650318918424,9,0.07800968
76,1.73650318918424,10,0.07794572
76,1.73650318918424,11,0.07773808
76,1.73650318918424,12,0.0778685
76,1.73650318918424,13,0.07786304
76,1.73650318918424,14,0.07765165
76,1.73650318918424,15,0.07799702
77,1.74687948240608,0,0.07804297
77,1.74687948240608,1,0.07822463
77,1.74687948240608,2,0.0779692
77,1.74687948240608,3,0.07786175
77,1.74687948240608,4,0.07745807
77,1.74687948240608,5,0.07753429
77,1.74687948240608,6,0.07760644
77,1.74687948240608,7,0.07764892
77,1.74687948240608,8,0.07765255
77,1.74687948240608,9,0.07782312
77,1.74687948240608,10,0.07771762
77,1.74687948240608,11,0.07752035
77,1.74687948240608,12,0.07760839
77,1.74687948240608,13,0.07748467
77,1.74687948240608,14,0.07752012
77,1.74687948240608,15,0.07734349
78,1.75725577562792,0,0.07759172
78,1.75725577562792,1,0.07757906
78,1.75725577562792,2,0.07747798
78,1.75725577562792,3,0.07790502
78,1.75725577562792,4,0.07793396
78,1.75725577562792,5,0.0778225
78,1.75725577562792,6,0.0779309
78,1.75725577562792,7,0.07785579
78,1.75725577562792,8,0.0777944
78,1.75725577562792,9,0.0776327
78,1.75725577562792,10,0.07751962
78,1.75725577562792,11,0.07779668
78,1.75725577562792,12,0.07759774
78,1.75725577562792,13,0.07750267
78,1.75725577562792,14,0.07792069
78,1.75725577562792,15,0.0777659
79,1.76702169866024,0,0.07772102
79,1.76702169866024,1,0.07775576
79,1.76702169866024,2,0.07814249
79,1.76702169866024,3,0.07798314
79,1.76702169866024,4,0.07803868
79,1.76702169866024,5,0.07803082
79,1.76702169866024,6,0.0779915
79,1.76702169866024,7,0.078251
79,1.76702169866024,8,0.07805602
79,1.76702169866024,9,0.07817885
79,1.76702169866024,10,0.07805435
79,1.76702169866024,11,0.07766838
79,1.76702169866024,12,0.07792827
79,1.76702169866024,13,0.0780699
79,1.76702169866024,14,0.07799468
79,1.76702169866024,15,0.0779682
80,1.77739799188208,0,0.07790525
80,1.77739799188208,1,0.0780312
80,1.77739799188208,2,0.07796323
80,1.77739799188208,3,0.07798849
80,1.77739799188208,4,0.07784614
80,1.77739799188208,5,0.07792287
80,1.77739799188208,6,0.07770485
80,1.77739799188208,7,0.07792443
80,1.77739799188208,8,0.07771294
80,1.77739799188208,9,0.0778506
80,1.77739799188208,10,0.0780277
80,1.77739799188208,11,0.0779329
80,1.77739799188208,12,0.07790206
80,1.77739799188208,13,0.07807118
80,1.77739799188208,14,0.07764586
80,1.77739799188208,15,0.07755146
81,1.78655354472488,0,0.07790574
81,1.78655354472488,1,0.07793686
81,1.78655354472488,2,0.07776456
81,1.78655354472488,3,0.07792688
81,1.78655354472488,4,0.07793351
81,1.78655354472488,5,0.0775702
81,1.78655354472488,6,0.07773507
81,1.78655354472488,7,0.07780416
81,1.78655354472488,8,0.0776652
81,1.78655354472488,9,0.0778225
81,1.78655354472488,10,0.07817266
81,1.78655354472488,11,0.07777661
81,1.78655354472488,12,0.07773624
81,1.78655354472488,13,0.07819168
81,1.78655354472488,14,0.07796061
81,1.78655354472488,15,0.07781598
82,1.79692983794671,0,0.07785942
82,1.79692983794671,1,0.07794734
82,1.79692983794671,2,0.07773546
82,1.79692983794671,3,0.07782613
82,1.79692983794671,4,0.07795025
82,1.79692983794671,5,0.07801481
82,1.79692983794671,6,0.07793798
82,1.79692983794671,7,0.07821286
82,1.79692983794671,8,0.07807085
82,1.79692983794671,9,0.07788227
82,1.79692983794671,10,0.07793469
82,1.79692983794671,11,0.07799273
82,1.79692983794671,12,0.07772498
82,1.79692983794671,13,0.07789738
82,1.79692983794671,14,0.0777392
82,1.79692983794671,15,0.07801504
83,1.80669576097903,0,0.07808646
83,1.80669576097903,1,0.07800645
83,1.80669576097903,2,0.0780825
83,1.80669576097903,3,0.07765467
83,1.80669576097903,4,0.07821476
83,1.80669576097903,5,0.07811211
83,1.80669576097903,6,0.07822736
83,1.80669576097903,7,0.07822151
83,1.80669576097903,8,0.07794572
83,1.80669576097903,9,0.07847276
83,1.80669576097903,10,0.07810403
83,1.80669576097903,11,0.0782175
83,1.80669576097903,12,0.0780026
83,1.80669576097903,13,0.07811172
83,1.80669576097903,14,0.07809956
83,1.80669576097903,15,0.07817685
84,1.81707205420087,0,0.07819859
84,1.81707205420087,1,0.07829689
84,1.81707205420087,2,0.0783173
84,1.81707205420087,3,0.07831278
84,1.81707205420087,4,0.07840261
84,1.81707205420087,5,0.07852015
84,1.81707205420087,6,0.07833035
84,1.81707205420087,7,0.07821515
84,1.81707205420087,8,0.07829689
84,1.81707205420087,9,0.07813269
84,1.81707205420087,10,0.07830688
84,1.81707205420087,11,0.07813074
84,1.81707205420087,12,0.07804325
84,1.81707205420087,13,0.07810709
84,1.81707205420087,14,0.07831251
84,1.81707205420087,15,0.07819714
85,1.82744834742271,0,0.07806009
85,1.82744834742271,1,0.07834027
85,1.82744834742271,2,0.07830425
85,1.82744834742271,3,0.07828172
85,1.82744834742271,4,0.07837652
85,1.82744834742271,5,0.07807637
85,1.82744834742271,6,0.07842458
85,1.82744834742271,7,0.07834217
85,1.82744834742271,8,0.07848407
85,1.82744834742271,9,0.0782088
85,1.82744834742271,10,0.0782669
85,1.82744834742271,11,0.07843573
85,1.82744834742271,12,0.07832399
85,1.82744834742271,13,0.07865262
85,1.82744834742271,14,0.07823578
85,1.82744834742271,15,0.07850672
86,1.83721427045503,0,0.07831184
86,1.83721427045503,1,0.07827821
86,1.83721427045503,2,0.07851078
86,1.83721427045503,3,0.07830504
86,1.83721427045503,4,0.07845341
86,1.83721427045503,5,0.07852032
86,1.83721427045503,6,0.07844532
86,1.83721427045503,7,0.07831848
86,1.83721427045503,8,0.07827503
86,1.83721427045503,9,0.07811395
86,1.83721427045503,10,0.07855974
86,1.83721427045503,11,0.07838449
86,1.83721427045503,12,0.07845759
86,1.83721427045503,13,0.07845648
86,1.83721427045503,14,0.07851195
86,1.83721427045503,15,0.0784523
87,1.84698019348735,0,0.07842453
87,1.84698019348735,1,0.07829773
87,1.84698019348735,2,0.0786771
87,1.84698019348735,3,0.0786276
87,1.84698019348735,4,0.07842274
87,1.84698019348735,5,0.07815549
87,1.84698019348735,6,0.07837357
87,1.84698019348735,7,0.0781193
87,1.84698019348735,8,0.07854809
87,1.84698019348735,9,0.07839838
87,1.84698019348735,10,0.07837061
87,1.84698019348735,11,0.07830247
87,1.84698019348735,12,0.07838282
87,1.84698019348735,13,0.07836827
87,1.84698019348735,14,0.07803293
87,1.84698019348735,15,0.07840919
88,1.85735648670919,0,0.07829516
88,1.85735648670919,1,0.07837512
88,1.85735648670919,2,0.07849935
88,1.85735648670919,3,0.07859743
88,1.85735648670919,4,0.07829244
88,1.85735648670919,5,0.07875852
88,1.85735648670919,6,0.07873192
88,1.85735648670919,7,0.07850627
88,1.85735648670919,8,0.07867337
88,1.85735648670919,9,0.07868798
88,1.85735648670919,10,0.07882286
88,1.85735648670919,11,0.07868865
88,1.85735648670919,12,0.07873103
88,1.85735648670919,13,0.0786915
88,1.85735648670919,14,0.07857329
88,1.85735648670919,15,0.07848118
89,1.86651203955199,0,0.07891787
89,1.86651203955199,1,0.07873805
89,1.86651203955199,2,0.07866445
89,1.86651203955199,3,0.07882866
89,1.86651203955199,4,0.07863379
89,1.86651203955199,5,0.07886545
89,1.86651203955199,6,0.0786916
89,1.86651203955199,7,0.07885916
89,1.86651203955199,8,0.07869328
89,1.86651203955199,9,0.07840473
89,1.86651203955199,10,0.0785216
89,1.86651203955199,11,0.07864309
89,1.86651203955199,12,0.07846144
89,1.86651203955199,13,0.07834496
89,1.86651203955199,14,0.07849456
89,1.86651203955199,15,0.07870638
90,1.87749870296335,0,0.07897274
90,1.87749870296335,1,0.07897564
90,1.87749870296335,2,0.07918457
90,1.87749870296335,3,0.07895204
90,1.87749870296335,4,0.07916053
90,1.87749870296335,5,0.07869344
90,1.87749870296335,6,0.07881851
90,1.87749870296335,7,0.07879532
90,1.87749870296335,8,0.07897498
90,1.87749870296335,9,0.07900012
90,1.87749870296335,10,0.07901552
90,1.87749870296335,11,0.07882314
90,1.87749870296335,12,0.07883089
90,1.87749870296335,13,0.07911615
90,1.87749870296335,14,0.07904578
90,1.87749870296335,15,0.07919667
91,1.88665425580615,0,0.07886847
91,1.88665425580615,1,0.07890215
91,1.88665425580615,2,0.07881388
91,1.88665425580615,3,0.07891737
91,1.88665425580615,4,0.07884327
91,1.88665425580615,5,0.07919338
91,1.88665425580615,6,0.07904305
91,1.88665425580615,7,0.07887912
91,1.88665425580615,8,0.07907199
91,1.88665425580615,9,0.07896394
91,1.88665425580615,10,0.07872233
91,1.88665425580615,11,0.07882175
91,1.88665425580615,12,0.07897854
91,1.88665425580615,13,0.07901311
91,1.88665425580615,14,0.07893422
91,1.88665425580615,15,0.07884617
92,1.89642017883847,0,0.07898891
92,1.89642017883847,1,0.07887929
92,1.89642017883847,2,0.07887349
92,1.89642017883847,3,0.07903061
92,1.89642017883847,4,0.07904411
92,1.89642017883847,5,0.07911921
92,1.89642017883847,6,0.07928772
92,1.89642017883847,7,0.07928041
92,1.89642017883847,8,0.07907924
92,1.89642017883847,9,0.07906697
92,1.89642017883847,10,0.07880251
92,1.89642017883847,11,0.07888693
92,1.89642017883847,12,0.07870253
92,1.89642017883847,13,0.07888548
92,1.89642017883847,14,0.07869027
92,1.89642017883847,15,0.0787662
93,1.90740684224982,0,0.07911514
93,1.90740684224982,1,0.07906101
93,1.90740684224982,2,0.07898562
93,1.90740684224982,3,0.07898713
93,1.90740684224982,4,0.07899872
93,1.90740684224982,5,0.07913427
93,1.90740684224982,6,0.07919555
93,1.90740684224982,7,0.07912363
93,1.90740684224982,8,0.07941808
93,1.90740684224982,9,0.0793176
93,1.90740684224982,10,0.07920352
93,1.90740684224982,11,0.07903775
93,1.90740684224982,12,0.07920157
93,1.90740684224982,13,0.07897162
93,1.90740684224982,14,0.07916912
93,1.90740684224982,15,0.0788876
94,1.91717276528214,0,0.07908995
94,1.91717276528214,1,0.07900435
94,1.91717276528214,2,0.07902387
94,1.91717276528214,3,0.07886524
94,1.91717276528214,4,0.0791534
94,1.91717276528214,5,0.07933997
94,1.91717276528214,6,0.07930254
94,1.91717276528214,7,0.07931264
94,1.91717276528214,8,0.07944635
94,1.91717276528214,9,0.07935993
94,1.91717276528214,10,0.07920146
94,1.91717276528214,11,0.07927084
94,1.91717276528214,12,0.07925732
94,1.91717276528214,13,0.07912189
94,1.91717276528214,14,0.0793089
94,1.91717276528214,15,0.07944262
95,1.92693868831446,0,0.07968172
95,1.92693868831446,1,0.0796352
95,1.92693868831446,2,0.07947099
95,1.92693868831446,3,0.07935306
95,1.92693868831446,4,0.07931275
95,1.92693868831446,5,0.07916606
95,1.92693868831446,6,0.07911114
95,1.92693868831446,7,0.07916209
95,1.92693868831446,8,0.07932012
95,1.92693868831446,9,0.07922019
95,1.92693868831446,10,0.07926671
95,1.92693868831446,11,0.07930177
95,1.92693868831446,12,0.07901561
95,1.92693868831446,13,0.07889044
95,1.92693868831446,14,0.07893248
95,1.92693868831446,15,0.07906736
96,1.9373149815363,0,0.0790707
96,1.9373149815363,1,0.07933696
96,1.9373149815363,2,0.07924639
96,1.9373149815363,3,0.07902031
96,1.9373149815363,4,0.07929641
96,1.9373149815363,5,0.07895807
96,1.9373149815363,6,0.07934604
96,1.9373149815363,7,0.07914475
96,1.9373149815363,8,0.07920703
96,1.9373149815363,9,0.07913556
96,1.9373149815363,10,0.07909625
96,1.9373149815363,11,0.0792096
96,1.9373149815363,12,0.07903391
96,1.9373149815363,13,0.07928951
96,1.9373149815363,14,0.07917715
96,1.9373149815363,15,0.07928459
97,1.94708090456862,0,0.07937554
97,1.94708090456862,1,0.07942238
97,1.94708090456862,2,0.07950517
97,1.94708090456862,3,0.07935284
97,1.94708090456862,4,0.07937865
97,1.94708090456862,5,0.07958345
97,1.94708090456862,6,0.07941195
97,1.94708090456862,7,0.07922705
97,1.94708090456862,8,0.0792652
97,1.94708090456862,9,0.0791772
97,1.94708090456862,10,0.07907439
97,1.94708090456862,11,0.0791699
97,1.94708090456862,12,0.07943571
97,1.94708090456862,13,0.07945579
97,1.94708090456862,14,0.07936499
97,1.94708090456862,15,0.07947646
98,1.95684682760094,0,0.07902883
98,1.95684682760094,1,0.07904053
98,1.95684682760094,2,0.07934745
98,1.95684682760094,3,0.07955291
98,1.95684682760094,4,0.07930624
98,1.95684682760094,5,0.07942712
98,1.95684682760094,6,0.07916014
98,1.95684682760094,7,0.07927478
98,1.95684682760094,8,0.07919271
98,1.95684682760094,9,0.07909174
98,1.95684682760094,10,0.07927985
98,1.95684682760094,11,0.07936121
98,1.95684682760094,12,0.07929324
98,1.95684682760094,13,0.07901596
98,1.95684682760094,14,0.07930116
98,1.95684682760094,15,0.07924434
99,1.96661275063326,0,0.07920402
99,1.96661275063326,1,0.07930518
99,1.96661275063326,2,0.07934854
99,1.96661275063326,3,0.07925499
99,1.96661275063326,4,0.07939193
99,1.96661275063326,5,0.07927762
99,1.96661275063326,6,0.07922438
99,1.96661275063326,7,0.0793984
99,1.96661275063326,8,0.07926457
99,1.96661275063326,9,0.07952831
99,1.96661275063326,10,0.07957315
99,1.96661275063326,11,0.07947339
99,1.96661275063326,12,0.07934398
99,1.96661275063326,13,0.07949135
99,1.96661275063326,14,0.07917743
99,1.96661275063326,15,0.07982986
100,1.97637867366558,0,0.07969201
100,1.97637867366558,1,0.0799247
100,1.97637867366558,2,0.07956478
100,1.97637867366558,3,0.07941011
100,1.97637867366558,4,0.07951912
100,1.97637867366558,5,0.07950239
100,1.97637867366558,6,0.07950093
100,1.97637867366558,7,0.07956284
100,1.97637867366558,8,0.0796874
100,1.97637867366558,9,0.07967323
100,1.97637867366558,10,0.07930841
100,1.97637867366558,11,0.07951449
100,1.97637867366558,12,0.07996418
100,1.97637867366558,13,0.07980844
100,1.97637867366558,14,0.07973233
100,1.97637867366558,15,0.07965589
101,1.98675496688742,0,0.07970228
101,1.98675496688742,1,0.079838
101,1.98675496688742,2,0.07952346
101,1.98675496688742,3,0.07964143
101,1.98675496688742,4,0.07980437
101,1.98675496688742,5,0.07968226
101,1.98675496688742,6,0.07977621
101,1.98675496688742,7,0.07973333
101,1.98675496688742,8,0.07970211
101,1.98675496688742,9,0.07964686
101,1.98675496688742,10,0.0794643
101,1.98675496688742,11,0.07941842
101,1.98675496688742,12,0.07947936
101,1.98675496688742,13,0.0795175
101,1.98675496688742,14,0.07938261
101,1.98675496688742,15,0.079272
102,1.99591051973022,0,0.07959265
102,1.99591051973022,1,0.07947758
102,1.99591051973022,2,0.07973133
102,1.99591051973022,3,0.07937575
102,1.99591051973022,4,0.07950227
102,1.99591051973022,5,0.07961731
102,1.99591051973022,6,0.07969041
102,1.99591051973022,7,0.07945263
102,1.99591051973022,8,0.07942588
102,1.99591051973022,9,0.07950284
102,1.99591051973022,10,0.07950266
102,1.99591051973022,11,0.0793277
102,1.99591051973022,12,0.07974655
102,1.99591051973022,13,0.07940492
102,1.99591051973022,14,0.07955168
102,1.99591051973022,15,0.07944345
103,2.00689718314158,0,0.07956383
103,2.00689718314158,1,0.07941701
103,2.00689718314158,2,0.07960504
103,2.00689718314158,3,0.07939655
103,2.00689718314158,4,0.07956495
103,2.00689718314158,5,0.07962567
103,2.00689718314158,6,0.07939516
103,2.00689718314158,7,0.07921635
103,2.00689718314158,8,0.07943046
103,2.00689718314158,9,0.07925064
103,2.00689718314158,10,0.07932067
103,2.00689718314158,11,0.07958391
103,2.00689718314158,12,0.07951454
103,2.00689718314158,13,0.0795068
103,2.00689718314158,14,0.07963515
103,2.00689718314158,15,0.07917537
104,2.01605273598437,0,0.07951437
104,2.01605273598437,1,0.07974888
104,2.01605273598437,2,0.07969291
104,2.01605273598437,3,0.07962383
104,2.01605273598437,4,0.07962299
104,2.01605273598437,5,0.07980654
104,2.01605273598437,6,0.07979324
104,2.01605273598437,7,0.07955474
104,2.01605273598437,8,0.07970016
104,2.01605273598437,9,0.07974627
104,2.01605273598437,10,0.07966236
104,2.01605273598437,11,0.07959884
104,2.01605273598437,12,0.07954666
104,2.01605273598437,13,0.07964094
104,2.01605273598437,14,0.07957861
104,2.01605273598437,15,0.07959578
105,2.02581865901669,0,0.07996222
105,2.02581865901669,1,0.07979105
105,2.02581865901669,2,0.07951454
105,2.02581865901669,3,0.07974008
105,2.02581865901669,4,0.07975201
105,2.02581865901669,5,0.07948549
105,2.02581865901669,6,0.07966721
105,2.02581865901669,7,0.07968315
105,2.02581865901669,8,0.07975347
105,2.02581865901669,9,0.07986353
105,2.02581865901669,10,0.07969454
105,2.02581865901669,11,0.07962812
105,2.02581865901669,12,0.0796574
105,2.02581865901669,13,0.07949452
105,2.02581865901669,14,0.07957917
105,2.02581865901669,15,0.07981251
106,2.03680532242805,0,0.07967619
106,2.03680532242805,1,0.07981976
106,2.03680532242805,2,0.08003291
106,2.03680532242805,3,0.08012158
106,2.03680532242805,4,0.08003595
106,2.03680532242805,5,0.07991454
106,2.03680532242805,6,0.08017045
106,2.03680532242805,7,0.07999641
106,2.03680532242805,8,0.07994817
106,2.03680532242805,9,0.07987764
106,2.03680532242805,10,0.08002841
106,2.03680532242805,11,0.07978174
106,2.03680532242805,12,0.07972826
106,2.03680532242805,13,0.07985082
106,2.03680532242805,14,0.07967613
106,2.03680532242805,15,0.07965617
107,2.04596087527085,0,0.07984503
107,2.04596087527085,1,0.08003096
107,2.04596087527085,2,0.07981692
107,2.04596087527085,3,0.07988205
107,2.04596087527085,4,0.07983353
107,2.04596087527085,5,0.07971529
107,2.04596087527085,6,0.07980371
107,2.04596087527085,7,0.07973947
107,2.04596087527085,8,0.07987686
107,2.04596087527085,9,0.07985059
107,2.04596087527085,10,0.07997493
107,2.04596087527085,11,0.08011647
107,2.04596087527085,12,0.08010162
107,2.04596087527085,13,0.08002546
107,2.04596087527085,14,0.07991064
107,2.04596087527085,15,0.07985991
108,2.05572679830317,0,0.07992498
108,2.05572679830317,1,0.07970501
108,2.05572679830317,2,0.07970273
108,2.05572679830317,3,0.07975671
108,2.05572679830317,4,0.07975106
108,2.05572679830317,5,0.07962517
108,2.05572679830317,6,0.07983554
108,2.05572679830317,7,0.07962337
108,2.05572679830317,8,0.07972826
108,2.05572679830317,9,0.07975017
108,2.05572679830317,10,0.07983554
108,2.05572679830317,11,0.07978977
108,2.05572679830317,12,0.07960856
108,2.05572679830317,13,0.07979267
108,2.05572679830317,14,0.07974403
108,2.05572679830317,15,0.07979405
109,2.06671346171453,0,0.08013919
109,2.06671346171453,1,0.08035962
109,2.06671346171453,2,0.08023545
109,2.06671346171453,3,0.08012565
109,2.06671346171453,4,0.07978134
109,2.06671346171453,5,0.07963122
109,2.06671346171453,6,0.07995319
109,2.06671346171453,7,0.07963002
109,2.06671346171453,8,0.07984239
109,2.06671346171453,9,0.07995107
109,2.06671346171453,10,0.07983827
109,2.06671346171453,11,0.07993757
109,2.06671346171453,12,0.07995147
109,2.06671346171453,13,0.07974532
109,2.06671346171453,14,0.07965505
109,2.06671346171453,15,0.07995348
110,2.07586901455733,0,0.07998821
110,2.07586901455733,1,0.08024597
110,2.07586901455733,2,0.07983069
110,2.07586901455733,3,0.08016869
110,2.07586901455733,4,0.08000137
110,2.07586901455733,5,0.0802171
110,2.07586901455733,6,0.08004854
110,2.07586901455733,7,0.07962807
110,2.07586901455733,8,0.07973907
110,2.07586901455733,9,0.08013775
110,2.07586901455733,10,0.08011834
110,2.07586901455733,11,0.08042574
110,2.07586901455733,12,0.08023003
110,2.07586901455733,13,0.08025062
110,2.07586901455733,14,0.07989939
110,2.07586901455733,15,0.0799616
111,2.08624530777917,0,0.08024777
111,2.08624530777917,1,0.08014131
111,2.08624530777917,2,0.08006193
111,2.08624530777917,3,0.08007041
111,2.08624530777917,4,0.08016898
111,2.08624530777917,5,0.08037226
111,2.08624530777917,6,0.08005533
111,2.08624530777917,7,0.08009832
111,2.08624530777917,8,0.08027169
111,2.08624530777917,9,0.08011974
111,2.08624530777917,10,0.08019797
111,2.08624530777917,11,0.08038837
111,2.08624530777917,12,0.08042574
111,2.08624530777917,13,0.08000303
111,2.08624530777917,14,0.08000863
111,2.08624530777917,15,0.08012115
112,2.09601123081149,0,0.08017417
112,2.09601123081149,1,0.08007613
112,2.09601123081149,2,0.08039939
112,2.09601123081149,3,0.0802429
112,2.09601123081149,4,0.08022062
112,2.09601123081149,5,0.08029194
112,2.09601123081149,6,0.0800356
112,2.09601123081149,7,0.0801044
112,2.09601123081149,8,0.08031623
112,2.09601123081149,9,0.07988147
112,2.09601123081149,10,0.07985567
112,2.09601123081149,11,0.07989573
112,2.09601123081149,12,0.0801018
112,2.09601123081149,13,0.08007985
112,2.09601123081149,14,0.07996974
112,2.09601123081149,15,0.08002608
113,2.10577715384381,0,0.0800147
113,2.10577715384381,1,0.08015782
113,2.10577715384381,2,0.08033263
113,2.10577715384381,3,0.08012722
113,2.10577715384381,4,0.08007157
113,2.10577715384381,5,0.07998838
113,2.10577715384381,6,0.07981034
113,2.10577715384381,7,0.07986037
113,2.10577715384381,8,0.07972224
113,2.10577715384381,9,0.07964385
113,2.10577715384381,10,0.07977888
113,2.10577715384381,11,0.08015754
113,2.10577715384381,12,0.08006872
113,2.10577715384381,13,0.08020867
113,2.10577715384381,14,0.07984675
113,2.10577715384381,15,0.08018664
114,2.11554307687613,0,0.08003615
114,2.11554307687613,1,0.08005975
114,2.11554307687613,2,0.07967585
114,2.11554307687613,3,0.08009014
114,2.11554307687613,4,0.08008981
114,2.11554307687613,5,0.08010543
114,2.11554307687613,6,0.08005221
114,2.11554307687613,7,0.08032862
114,2.11554307687613,8,0.08033027
114,2.11554307687613,9,0.08010056
114,2.11554307687613,10,0.08013113
114,2.11554307687613,11,0.08011255
114,2.11554307687613,12,0.08029455
114,2.11554307687613,13,0.08027089
114,2.11554307687613,14,0.08028724
114,2.11554307687613,15,0.08034752
115,2.12591937009796,0,0.08024514
115,2.12591937009796,1,0.08042024
115,2.12591937009796,2,0.08015025
115,2.12591937009796,3,0.0803129
115,2.12591937009796,4,0.08024709
115,2.12591937009796,5,0.08025429
115,2.12591937009796,6,0.0803203
115,2.12591937009796,7,0.08033412
115,2.12591937009796,8,0.08027408
115,2.12591937009796,9,0.08009577
115,2.12591937009796,10,0.08050621
115,2.12591937009796,11,0.08032101
115,2.12591937009796,12,0.0803977
115,2.12591937009796,13,0.08008261
115,2.12591937009796,14,0.08022234
115,2.12591937009796,15,0.08029578
116,2.13568529313028,0,0.08018334
116,2.13568529313028,1,0.08013127
116,2.13568529313028,2,0.08023623
116,2.13568529313028,3,0.08035213
116,2.13568529313028,4,0.08023811
116,2.13568529313028,5,0.08046557
116,2.13568529313028,6,0.08042362
116,2.13568529313028,7,0.08025429
116,2.13568529313028,8,0.08031746
116,2.13568529313028,9,0.0801867
116,2.13568529313028,10,0.08042853
116,2.13568529313028,11,0.0804748
116,2.13568529313028,12,0.08049872
116,2.13568529313028,13,0.08059323
116,2.13568529313028,14,0.08037696
116,2.13568529313028,15,0.08008745
117,2.1454512161626,0,0.08050261
117,2.1454512161626,1,0.08047644
117,2.1454512161626,2,0.08047085
117,2.1454512161626,3,0.08050626
117,2.1454512161626,4,0.08060451
117,2.1454512161626,5,0.0805212
117,2.1454512161626,6,0.08069626
117,2.1454512161626,7,0.08035844
117,2.1454512161626,8,0.0803599
117,2.1454512161626,9,0.08041679
117,2.1454512161626,10,0.08067912
117,2.1454512161626,11,0.08033182
117,2.1454512161626,12,0.08035689
117,2.1454512161626,13,0.08026043
117,2.1454512161626,14,0.08043348
117,2.1454512161626,15,0.07990671
118,2.15643787957396,0,0.08047297
118,2.15643787957396,1,0.08025446
118,2.15643787957396,2,0.08030742
118,2.15643787957396,3,0.08028115
118,2.15643787957396,4,0.08043801
118,2.15643787957396,5,0.08018051
118,2.15643787957396,6,0.08010259
118,2.15643787957396,7,0.0803073
118,2.15643787957396,8,0.08031574
118,2.15643787957396,9,0.08004174
118,2.15643787957396,10,0.08031847
118,2.15643787957396,11,0.08034379
118,2.15643787957396,12,0.08021337
118,2.15643787957396,13,0.08028439
118,2.15643787957396,14,0.08025908
118,2.15643787957396,15,0.08043859
119,2.16620380260628,0,0.08024839
119,2.16620380260628,1,0.08026249
119,2.16620380260628,2,0.0802165
119,2.16620380260628,3,0.08024253
119,2.16620380260628,4,0.07991746
119,2.16620380260628,5,0.08032554
119,2.16620380260628,6,0.08026275
119,2.16620380260628,7,0.08053674
119,2.16620380260628,8,0.0801682
119,2.16620380260628,9,0.08033151
119,2.16620380260628,10,0.08036245
119,2.16620380260628,11,0.08037105
119,2.16620380260628,12,0.08059513
119,2.16620380260628,13,0.08028985
119,2.16620380260628,14,0.08053892
119,2.16620380260628,15,0.08010535
120,2.1759697256386,0,0.08069082
120,2.1759697256386,1,0.08043271
120,2.1759697256386,2,0.08062627
120,2.1759697256386,3,0.08040329
120,2.1759697256386,4,0.08058053
120,2.1759697256386,5,0.08041281
120,2.1759697256386,6,0.08070387
120,2.1759697256386,7,0.08048324
120,2.1759697256386,8,0.08029556
120,2.1759697256386,9,0.08059395
120,2.1759697256386,10,0.08058779
120,2.1759697256386,11,0.08056017
120,2.1759697256386,12,0.08071686
120,2.1759697256386,13,0.08094981
120,2.1759697256386,14,0.08097869
120,2.1759697256386,15,0.08090118
121,2.18573564867092,0,0.08047303
121,2.18573564867092,1,0.08067152
121,2.18573564867092,2,0.08059871
121,2.18573564867092,3,0.08063567
121,2.18573564867092,4,0.08066556
121,2.18573564867092,5,0.08066435
121,2.18573564867092,6,0.08070157
121,2.18573564867092,7,0.08072973
121,2.18573564867092,8,0.08074241
121,2.18573564867092,9,0.08067828
121,2.18573564867092,10,0.08078209
121,2.18573564867092,11,0.08081705
121,2.18573564867092,12,0.08081432
121,2.18573564867092,13,0.08064654
121,2.18573564867092,14,0.080774
121,2.18573564867092,15,0.08071751
122,2.19611194189276,0,0.08100069
122,2.19611194189276,1,0.08081355
122,2.19611194189276,2,0.08102409
122,2.19611194189276,3,0.08088269
122,2.19611194189276,4,0.08106767
122,2.19611194189276,5,0.08070232
122,2.19611194189276,6,0.08084443
122,2.19611194189276,7,0.08070882
122,2.19611194189276,8,0.08067049
122,2.19611194189276,9,0.08064411
122,2.19611194189276,10,0.08049138
122,2.19611194189276,11,0.08048997
122,2.19611194189276,12,0.08064955
122,2.19611194189276,13,0.08078126
122,2.19611194189276,14,0.08083056
122,2.19611194189276,15,0.08097313
123,2.20587786492508,0,0.08054429
123,2.20587786492508,1,0.08074195
123,2.20587786492508,2,0.08066957
123,2.20587786492508,3,0.08068904
123,2.20587786492508,4,0.08062263
123,2.20587786492508,5,0.08069891
123,2.20587786492508,6,0.08073592
123,2.20587786492508,7,0.0805245
123,2.20587786492508,8,0.08042443
123,2.20587786492508,9,0.08059057
123,2.20587786492508,10,0.08040773
123,2.20587786492508,11,0.08047202
123,2.20587786492508,12,0.08088223
123,2.20587786492508,13,0.08068179
123,2.20587786492508,14,0.08056387
123,2.20587786492508,15,0.08023232
124,2.21625415814692,0,0.08071261
124,2.21625415814692,1,0.08061962
124,2.21625415814692,2,0.08085011
124,2.21625415814692,3,0.0808691
124,2.21625415814692,4,0.08068698
124,2.21625415814692,5,0.08036954
124,2.21625415814692,6,0.08052009
124,2.21625415814692,7,0.08047326
124,2.21625415814692,8,0.08058065
124,2.21625415814692,9,0.08070842
124,2.21625415814692,10,0.08043712
124,2.21625415814692,11,0.08052811
124,2.21625415814692,12,0.08037952
124,2.21625415814692,13,0.08058237
124,2.21625415814692,14,0.08046245
124,2.21625415814692,15,0.08068374
125,2.22663045136876,0,0.08054635
125,2.22663045136876,1,0.08044042
125,2.22663045136876,2,0.08057027
125,2.22663045136876,3,0.0804003
125,2.22663045136876,4,0.08064115
125,2.22663045136876,5,0.08054408
125,2.22663045136876,6,0.08081521
125,2.22663045136876,7,0.08078539
125,2.22663045136876,8,0.08081656
125,2.22663045136876,9,0.08052593
125,2.22663045136876,10,0.0803511
125,2.22663045136876,11,0.08049376
125,2.22663045136876,12,0.08014231
125,2.22663045136876,13,0.08032839
125,2.22663045136876,14,0.08042107
125,2.22663045136876,15,0.08081254
126,2.23578600421155,0,0.08029526
126,2.23578600421155,1,0.08075313
126,2.23578600421155,2,0.0807191
126,2.23578600421155,3,0.08071327
126,2.23578600421155,4,0.08028245
126,2.23578600421155,5,0.08016525
126,2.23578600421155,6,0.08025581
126,2.23578600421155,7,0.08018179
126,2.23578600421155,8,0.08029409
126,2.23578600421155,9,0.08046135
126,2.23578600421155,10,0.08056553
126,2.23578600421155,11,0.08055209
126,2.23578600421155,12,0.08011237
126,2.23578600421155,13,0.08037668
126,2.23578600421155,14,0.08057769
126,2.23578600421155,15,0.08058555
127,2.24616229743339,0,0.08084343
127,2.24616229743339,1,0.08045562
127,2.24616229743339,2,0.08048525
127,2.24616229743339,3,0.08035431
127,2.24616229743339,4,0.08028718
127,2.24616229743339,5,0.0804108
127,2.24616229743339,6,0.0800463
127,2.24616229743339,7,0.08041582
127,2.24616229743339,8,0.08032236
127,2.24616229743339,9,0.0805904
127,2.24616229743339,10,0.08069707
127,2.24616229743339,11,0.08047391
127,2.24616229743339,12,0.08047314
127,2.24616229743339,13,0.08040601
127,2.24616229743339,14,0.08042585
127,2.24616229743339,15,0.08047148
128,2.25653859065523,0,0.08054701
128,2.25653859065523,1,0.08020689
128,2.25653859065523,2,0.08072603
128,2.25653859065523,3,0.08057904
128,2.25653859065523,4,0.08049299
128,2.25653859065523,5,0.08056425
128,2.25653859065523,6,0.08036948
128,2.25653859065523,7,0.08035737
128,2.25653859065523,8,0.0803706
128,2.25653859065523,9,0.08026734
128,2.25653859065523,10,0.08030424
128,2.25653859065523,11,0.08038958
128,2.25653859065523,12,0.08060875
128,2.25653859065523,13,0.08042698
128,2.25653859065523,14,0.08048713
128,2.25653859065523,15,0.08060522
129,2.26508377330851,0,0.0807295
129,2.26508377330851,1,0.08078527
129,2.26508377330851,2,0.08053625
129,2.26508377330851,3,0.08046393
129,2.26508377330851,4,0.08061188
129,2.26508377330851,5,0.0805372
129,2.26508377330851,6,0.08083044
129,2.26508377330851,7,0.08028729
129,2.26508377330851,8,0.08047426
129,2.26508377330851,9,0.08057351
129,2.26508377330851,10,0.08050661
129,2.26508377330851,11,0.08071654
129,2.26508377330851,12,0.08081929
129,2.26508377330851,13,0.08073787
129,2.26508377330851,14,0.08070794
129,2.26508377330851,15,0.08079956
130,2.27607043671987,0,0.08054635
130,2.27607043671987,1,0.08050844
130,2.27607043671987,2,0.08023651
130,2.27607043671987,3,0.08033825
130,2.27607043671987,4,0.08032867
130,2.27607043671987,5,0.08032331
130,2.27607043671987,6,0.08046589
130,2.27607043671987,7,0.0800235
130,2.27607043671987,8,0.08028965
130,2.27607043671987,9,0.08028557
130,2.27607043671987,10,0.0802606
130,2.27607043671987,11,0.08014389
130,2.27607043671987,12,0.0801625
130,2.27607043671987,13,0.08020907
130,2.27607043671987,14,0.08042037
130,2.27607043671987,15,0.07993194
131,2.28644672994171,0,0.08057357
131,2.28644672994171,1,0.08040908
131,2.28644672994171,2,0.0803373
131,2.28644672994171,3,0.08062039
131,2.28644672994171,4,0.08060502
131,2.28644672994171,5,0.0806103
131,2.28644672994171,6,0.08055159
131,2.28644672994171,7,0.08070653
131,2.28644672994171,8,0.08032274
131,2.28644672994171,9,0.08055186
131,2.28644672994171,10,0.08070806
131,2.28644672994171,11,0.0805231
131,2.28644672994171,12,0.08088848
131,2.28644672994171,13,0.08073357
131,2.28644672994171,14,0.08084739
131,2.28644672994171,15,0.08050799
132,2.29621265297403,0,0.08054853
132,2.29621265297403,1,0.08050626
132,2.29621265297403,2,0.0805153
132,2.29621265297403,3,0.08052396
132,2.29621265297403,4,0.08046813
132,2.29621265297403,5,0.08056284
132,2.29621265297403,6,0.08032437
132,2.29621265297403,7,0.08025056
132,2.29621265297403,8,0.08053264
132,2.29621265297403,9,0.08059582
132,2.29621265297403,10,0.08052871
132,2.29621265297403,11,0.08042909
132,2.29621265297403,12,0.08088234
132,2.29621265297403,13,0.08100732
132,2.29621265297403,14,0.08071637
132,2.29621265297403,15,0.08062931
133,2.30658894619587,0,0.08074547
133,2.30658894619587,1,0.08074685
133,2.30658894619587,2,0.08078132
133,2.30658894619587,3,0.08056158
133,2.30658894619587,4,0.08053218
133,2.30658894619587,5,0.08078138
133,2.30658894619587,6,0.08064903
133,2.30658894619587,7,0.08082207
133,2.30658894619587,8,0.08058325
133,2.30658894619587,9,0.08080942
133,2.30658894619587,10,0.08109446
133,2.30658894619587,11,0.08106211
133,2.30658894619587,12,0.08077242
133,2.30658894619587,13,0.08059771
133,2.30658894619587,14,0.08073535
133,2.30658894619587,15,0.08093192
134,2.31574449903867,0,0.0807812
134,2.31574449903867,1,0.08064666
134,2.31574449903867,2,0.08066189
134,2.31574449903867,3,0.08085943
134,2.31574449903867,4,0.08068337
134,2.31574449903867,5,0.0808785
134,2.31574449903867,6,0.08089963
134,2.31574449903867,7,0.08082631
134,2.31574449903867,8,0.08073799
134,2.31574449903867,9,0.08086
134,2.31574449903867,10,0.08067281
134,2.31574449903867,11,0.08065829
134,2.31574449903867,12,0.08065858
134,2.31574449903867,13,0.08062776
134,2.31574449903867,14,0.08018934
134,2.31574449903867,15,0.08051713
135,2.32612079226051,0,0.08085364
135,2.32612079226051,1,0.08088133
135,2.32612079226051,2,0.08065641
135,2.32612079226051,3,0.08086694
135,2.32612079226051,4,0.08085198
135,2.32612079226051,5,0.08086864
135,2.32612079226051,6,0.08059665
135,2.32612079226051,7,0.08099002
135,2.32612079226051,8,0.08085441
135,2.32612079226051,9,0.08062759
135,2.32612079226051,10,0.08084302
135,2.32612079226051,11,0.08083268
135,2.32612079226051,12,0.08099499
135,2.32612079226051,13,0.08085955
135,2.32612079226051,14,0.0810258
135,2.32612079226051,15,0.08079036
136,2.33649708548235,0,0.0809409
136,2.33649708548235,1,0.08124672
136,2.33649708548235,2,0.08119926
136,2.33649708548235,3,0.08087827
136,2.33649708548235,4,0.08084632
136,2.33649708548235,5,0.08090861
136,2.33649708548235,6,0.08085637
136,2.33649708548235,7,0.08061328
136,2.33649708548235,8,0.08078422
136,2.33649708548235,9,0.08073874
136,2.33649708548235,10,0.08101959
136,2.33649708548235,11,0.08083841
136,2.33649708548235,12,0.08076787
136,2.33649708548235,13,0.08077802
136,2.33649708548235,14,0.08063508
136,2.33649708548235,15,0.08073108
137,2.34626300851466,0,0.0808958
137,2.34626300851466,1,0.08049588
137,2.34626300851466,2,0.08065374
137,2.34626300851466,3,0.08078562
137,2.34626300851466,4,0.0805395
137,2.34626300851466,5,0.08053625
137,2.34626300851466,6,0.08097958
137,2.34626300851466,7,0.08107338
137,2.34626300851466,8,0.08067299
137,2.34626300851466,9,0.08077372
137,2.34626300851466,10,0.08081605
137,2.34626300851466,11,0.08062882
137,2.34626300851466,12,0.08065993
137,2.34626300851466,13,0.08072454
137,2.34626300851466,14,0.08071218
137,2.34626300851466,15,0.08092195
138,2.35602893154698,0,0.08099251
138,2.35602893154698,1,0.08097474
138,2.35602893154698,2,0.08093436
138,2.35602893154698,3,0.08067375
138,2.35602893154698,4,0.0808102
138,2.35602893154698,5,0.08057132
138,2.35602893154698,6,0.08089915
138,2.35602893154698,7,0.08084857
138,2.35602893154698,8,0.08082329
138,2.35602893154698,9,0.08078086
138,2.35602893154698,10,0.08075729
138,2.35602893154698,11,0.08088025
138,2.35602893154698,12,0.08093746
138,2.35602893154698,13,0.08090376
138,2.35602893154698,14,0.08101583
138,2.35602893154698,15,0.08077343
139,2.36518448438978,0,0.08078854
139,2.36518448438978,1,0.08092857
139,2.36518448438978,2,0.08089031
139,2.36518448438978,3,0.08065009
139,2.36518448438978,4,0.08070553
139,2.36518448438978,5,0.08083846
139,2.36518448438978,6,0.08085086
139,2.36518448438978,7,0.08073096
139,2.36518448438978,8,0.08063656
139,2.36518448438978,9,0.08081705
139,2.36518448438978,10,0.0806829
139,2.36518448438978,11,0.08080483
139,2.36518448438978,12,0.08094492
139,2.36518448438978,13,0.08122794
139,2.36518448438978,14,0.08113012
139,2.36518448438978,15,0.08086746
140,2.37678151799066,0,0.0807215
140,2.37678151799066,1,0.08060298
140,2.37678151799066,2,0.08099917
140,2.37678151799066,3,0.08093718
140,2.37678151799066,4,0.08075559
140,2.37678151799066,5,0.08065816
140,2.37678151799066,6,0.08079425
140,2.37678151799066,7,0.08080848
140,2.37678151799066,8,0.08059157
140,2.37678151799066,9,0.08099641
140,2.37678151799066,10,0.08115043
140,2.37678151799066,11,0.08095798
140,2.37678151799066,12,0.08128788
140,2.37678151799066,13,0.08110509
140,2.37678151799066,14,0.0811071
140,2.37678151799066,15,0.08106306
141,2.38593707083346,0,0.08144574
141,2.38593707083346,1,0.08126319
141,2.38593707083346,2,0.08117421
141,2.38593707083346,3,0.08117522
141,2.38593707083346,4,0.08096346
141,2.38593707083346,5,0.08095908
141,2.38593707083346,6,0.08062735
141,2.38593707083346,7,0.08095632
141,2.38593707083346,8,0.08100803
141,2.38593707083346,9,0.08089817
141,2.38593707083346,10,0.08109015
141,2.38593707083346,11,0.08092911
141,2.38593707083346,12,0.08091882
141,2.38593707083346,13,0.08069033
141,2.38593707083346,14,0.08072165
141,2.38593707083346,15,0.08121277
142,2.39570299386578,0,0.08114452
142,2.39570299386578,1,0.08095259
142,2.39570299386578,2,0.08100444
142,2.39570299386578,3,0.08100909
142,2.39570299386578,4,0.0809425
142,2.39570299386578,5,0.08096368
142,2.39570299386578,6,0.08076999
142,2.39570299386578,7,0.08070387
142,2.39570299386578,8,0.080983
142,2.39570299386578,9,0.08066656
142,2.39570299386578,10,0.08098789
142,2.39570299386578,11,0.08103441
142,2.39570299386578,12,0.0812668
142,2.39570299386578,13,0.08099274
142,2.39570299386578,14,0.08103088
142,2.39570299386578,15,0.08135145
143,2.40607928708762,0,0.08097012
143,2.40607928708762,1,0.08083233
143,2.40607928708762,2,0.08093695
143,2.40607928708762,3,0.0811763
143,2.40607928708762,4,0.08086293
143,2.40607928708762,5,0.08089963
143,2.40607928708762,6,0.08074625
143,2.40607928708762,7,0.08091345
143,2.40607928708762,8,0.0807962
143,2.40607928708762,9,0.08097307
143,2.40607928708762,10,0.08101872
143,2.40607928708762,11,0.0810493
143,2.40607928708762,12,0.08103223
143,2.40607928708762,13,0.08122759
143,2.40607928708762,14,0.08118579
143,2.40607928708762,15,0.08141339
144,2.41645558030946,0,0.08124702
144,2.41645558030946,1,0.08113396
144,2.41645558030946,2,0.0812313
144,2.41645558030946,3,0.08054145
144,2.41645558030946,4,0.08079253
144,2.41645558030946,5,0.08070682
144,2.41645558030946,6,0.08101778
144,2.41645558030946,7,0.0809321
144,2.41645558030946,8,0.08103513
144,2.41645558030946,9,0.08105638
144,2.41645558030946,10,0.08061689
144,2.41645558030946,11,0.08110929
144,2.41645558030946,12,0.08121343
144,2.41645558030946,13,0.08108141
144,2.41645558030946,14,0.08093241
144,2.41645558030946,15,0.08098678
145,2.42622150334178,0,0.08113214
145,2.42622150334178,1,0.08081096
145,2.42622150334178,2,0.08095696
145,2.42622150334178,3,0.0810653
145,2.42622150334178,4,0.08100986
145,2.42622150334178,5,0.0811888
145,2.42622150334178,6,0.08079454
145,2.42622150334178,7,0.08086769
145,2.42622150334178,8,0.08104014
145,2.42622150334178,9,0.08099988
145,2.42622150334178,10,0.08107811
145,2.42622150334178,11,0.08105201
145,2.42622150334178,12,0.08104198
145,2.42622150334178,13,0.08102001
145,2.42622150334178,14,0.08115155
145,2.42622150334178,15,0.08103843
146,2.43659779656362,0,0.08113727
146,2.43659779656362,1,0.08116394
146,2.43659779656362,2,0.08110544
146,2.43659779656362,3,0.0812401
146,2.43659779656362,4,0.08097975
146,2.43659779656362,5,0.08122889
146,2.43659779656362,6,0.08131337
146,2.43659779656362,7,0.08107071
146,2.43659779656362,8,0.0812286
146,2.43659779656362,9,0.08128215
146,2.43659779656362,10,0.08089545
146,2.43659779656362,11,0.08088251
146,2.43659779656362,12,0.08091386
146,2.43659779656362,13,0.08080286
146,2.43659779656362,14,0.08086327
146,2.43659779656362,15,0.08081727
147,2.44575334940642,0,0.08094911
147,2.44575334940642,1,0.081
147,2.44575334940642,2,0.08104763
147,2.44575334940642,3,0.08136952
147,2.44575334940642,4,0.08110183
147,2.44575334940642,5,0.08153471
147,2.44575334940642,6,0.08103772
147,2.44575334940642,7,0.08125817
147,2.44575334940642,8,0.08115333
147,2.44575334940642,9,0.08108182
147,2.44575334940642,10,0.08110231
147,2.44575334940642,11,0.08082602
147,2.44575334940642,12,0.0807295
147,2.44575334940642,13,0.08083345
147,2.44575334940642,14,0.08059654
147,2.44575334940642,15,0.08070634
148,2.45674001281777,0,0.08098801
148,2.45674001281777,1,0.08105236
148,2.45674001281777,2,0.08117811
148,2.45674001281777,3,0.0810669
148,2.45674001281777,4,0.08098153
148,2.45674001281777,5,0.08109151
148,2.45674001281777,6,0.0809598
148,2.45674001281777,7,0.08093034
148,2.45674001281777,8,0.08091623
148,2.45674001281777,9,0.08097875
148,2.45674001281777,10,0.08104157
148,2.45674001281777,11,0.08096209
148,2.45674001281777,12,0.08087182
148,2.45674001281777,13,0.08111235
148,2.45674001281777,14,0.08084384
148,2.45674001281777,15,0.08107959
149,2.46589556566057,0,0.08104393
149,2.46589556566057,1,0.08083759
149,2.46589556566057,2,0.08114069
149,2.46589556566057,3,0.08089344
149,2.46589556566057,4,0.08091139
149,2.46589556566057,5,0.0810068
149,2.46589556566057,6,0.08094715
149,2.46589556566057,7,0.08096003
149,2.46589556566057,8,0.08116318
149,2.46589556566057,9,0.08125145
149,2.46589556566057,10,0.08111295
149,2.46589556566057,11,0.08109082
149,2.46589556566057,12,0.08106954
149,2.46589556566057,13,0.08123127
149,2.46589556566057,14,0.08115084
149,2.46589556566057,15,0.08108112
150,2.47688222907193,0,0.08121713
150,2.47688222907193,1,0.08111441
150,2.47688222907193,2,0.08112221
150,2.47688222907193,3,0.0809846
150,2.47688222907193,4,0.08128197
150,2.47688222907193,5,0.08105136
150,2.47688222907193,6,0.08132837
150,2.47688222907193,7,0.08123451
150,2.47688222907193,8,0.08125582
150,2.47688222907193,9,0.08140063
150,2.47688222907193,10,0.08128233
150,2.47688222907193,11,0.0812551
150,2.47688222907193,12,0.08121526
150,2.47688222907193,13,0.0813191
150,2.47688222907193,14,0.08134207
150,2.47688222907193,15,0.08117764
151,2.48664815210425,0,0.08133422
151,2.48664815210425,1,0.08116471
151,2.48664815210425,2,0.08117882
151,2.48664815210425,3,0.08111358
151,2.48664815210425,4,0.08116018
151,2.48664815210425,5,0.08118739
151,2.48664815210425,6,0.08113148
151,2.48664815210425,7,0.08099392
151,2.48664815210425,8,0.08131538
151,2.48664815210425,9,0.08105844
151,2.48664815210425,10,0.0812436
151,2.48664815210425,11,0.08119465
151,2.48664815210425,12,0.08127347
151,2.48664815210425,13,0.0811016
151,2.48664815210425,14,0.08154056
151,2.48664815210425,15,0.08152001
152,2.49580370494705,0,0.08115126
152,2.49580370494705,1,0.08113466
152,2.49580370494705,2,0.08153276
152,2.49580370494705,3,0.08121024
152,2.49580370494705,4,0.08142035
152,2.49580370494705,5,0.08146334
152,2.49580370494705,6,0.08161134
152,2.49580370494705,7,0.08128073
152,2.49580370494705,8,0.08133905
152,2.49580370494705,9,0.08097012
152,2.49580370494705,10,0.08113839
152,2.49580370494705,11,0.0813311
152,2.49580370494705,12,0.08096321
152,2.49580370494705,13,0.08130393
152,2.49580370494705,14,0.08122895
152,2.49580370494705,15,0.0810856
153,2.50740073854793,0,0.08139957
153,2.50740073854793,1,0.08148034
153,2.50740073854793,2,0.08154521
153,2.50740073854793,3,0.08187217
153,2.50740073854793,4,0.08161801
153,2.50740073854793,5,0.08166501
153,2.50740073854793,6,0.08139431
153,2.50740073854793,7,0.08134832
153,2.50740073854793,8,0.08121119
153,2.50740073854793,9,0.08159611
153,2.50740073854793,10,0.08140866
153,2.50740073854793,11,0.08132306
153,2.50740073854793,12,0.08107003
153,2.50740073854793,13,0.08115131
153,2.50740073854793,14,0.08112717
153,2.50740073854793,15,0.08105952
154,2.51655629139073,0,0.08120663
154,2.51655629139073,1,0.08099025
154,2.51655629139073,2,0.08138652
154,2.51655629139073,3,0.08118496
154,2.51655629139073,4,0.08154622
154,2.51655629139073,5,0.08131609
154,2.51655629139073,6,0.08141333
154,2.51655629139073,7,0.08133144
154,2.51655629139073,8,0.08113933
154,2.51655629139073,9,0.08119328
154,2.51655629139073,10,0.08125003
154,2.51655629139073,11,0.08105379
154,2.51655629139073,12,0.0810993
154,2.51655629139073,13,0.08099647
154,2.51655629139073,14,0.08127257
154,2.51655629139073,15,0.08116118
155,2.52693258461257,0,0.08166189
155,2.52693258461257,1,0.08139034
155,2.52693258461257,2,0.08113012
155,2.52693258461257,3,0.08131644
155,2.52693258461257,4,0.08142933
155,2.52693258461257,5,0.08164641
155,2.52693258461257,6,0.08122223
155,2.52693258461257,7,0.08144585
155,2.52693258461257,8,0.08118301
155,2.52693258461257,9,0.08128203
155,2.52693258461257,10,0.08112174
155,2.52693258461257,11,0.08102461
155,2.52693258461257,12,0.08119453
155,2.52693258461257,13,0.08103992
155,2.52693258461257,14,0.0811855
155,2.52693258461257,15,0.0811395
156,2.53730887783441,0,0.08140948
156,2.53730887783441,1,0.08135429
156,2.53730887783441,2,0.08123964
156,2.53730887783441,3,0.08136656
156,2.53730887783441,4,0.08134856
156,2.53730887783441,5,0.08145715
156,2.53730887783441,6,0.08130416
156,2.53730887783441,7,0.08104783
156,2.53730887783441,8,0.08142543
156,2.53730887783441,9,0.08137774
156,2.53730887783441,10,0.08120001
156,2.53730887783441,11,0.08142862
156,2.53730887783441,12,0.08134962
156,2.53730887783441,13,0.08139916
156,2.53730887783441,14,0.08138824
156,2.53730887783441,15,0.08138316
157,2.54707480086673,0,0.08153448
157,2.54707480086673,1,0.08135595
157,2.54707480086673,2,0.08129277
157,2.54707480086673,3,0.08109417
157,2.54707480086673,4,0.08142667
157,2.54707480086673,5,0.08114896
157,2.54707480086673,6,0.08162676
157,2.54707480086673,7,0.08140401
157,2.54707480086673,8,0.08142248
157,2.54707480086673,9,0.08126043
157,2.54707480086673,10,0.08111241
157,2.54707480086673,11,0.08144379
157,2.54707480086673,12,0.08146127
157,2.54707480086673,13,0.08155909
157,2.54707480086673,14,0.08149204
157,2.54707480086673,15,0.08108319
158,2.55684072389904,0,0.08126538
158,2.55684072389904,1,0.08125375
158,2.55684072389904,2,0.0812352
158,2.55684072389904,3,0.08137106
158,2.55684072389904,4,0.08117168
158,2.55684072389904,5,0.08126078
158,2.55684072389904,6,0.08127104
158,2.55684072389904,7,0.08156175
158,2.55684072389904,8,0.08120729
158,2.55684072389904,9,0.0813838
158,2.55684072389904,10,0.08119104
158,2.55684072389904,11,0.08128675
158,2.55684072389904,12,0.08123964
158,2.55684072389904,13,0.08140536
158,2.55684072389904,14,0.08117925
158,2.55684072389904,15,0.08117989
159,2.56721701712088,0,0.08136398
159,2.56721701712088,1,0.08138298
159,2.56721701712088,2,0.08157397
159,2.56721701712088,3,0.08150978
159,2.56721701712088,4,0.08136191
159,2.56721701712088,5,0.08166654
159,2.56721701712088,6,0.08137241
159,2.56721701712088,7,0.08144031
159,2.56721701712088,8,0.08144178
159,2.56721701712088,9,0.08139208
159,2.56721701712088,10,0.08161134
159,2.56721701712088,11,0.08130587
159,2.56721701712088,12,0.08161139
159,2.56721701712088,13,0.08124725
159,2.56721701712088,14,0.08119967
159,2.56721701712088,15,0.08140328
160,2.57637256996368,0,0.0815131
160,2.57637256996368,1,0.08155072
160,2.57637256996368,2,0.08133416
160,2.57637256996368,3,0.08123186
160,2.57637256996368,4,0.08149598
160,2.57637256996368,5,0.0813632
160,2.57637256996368,6,0.08139527
160,2.57637256996368,7,0.08151688
160,2.57637256996368,8,0.0817626
160,2.57637256996368,9,0.0814513
160,2.57637256996368,10,0.08129892
160,2.57637256996368,11,0.08146989
160,2.57637256996368,12,0.08132796
160,2.57637256996368,13,0.08116879
160,2.57637256996368,14,0.0811904
160,2.57637256996368,15,0.08131202
161,2.58674886318552,0,0.08141451
161,2.58674886318552,1,0.08115467
161,2.58674886318552,2,0.08146056
161,2.58674886318552,3,0.08138517
161,2.58674886318552,4,0.08125316
161,2.58674886318552,5,0.08123456
161,2.58674886318552,6,0.08140317
161,2.58674886318552,7,0.08134568
161,2.58674886318552,8,0.0815627
161,2.58674886318552,9,0.08109853
161,2.58674886318552,10,0.08109351
161,2.58674886318552,11,0.0808902
161,2.58674886318552,12,0.08102214
161,2.58674886318552,13,0.08101855
161,2.58674886318552,14,0.08125935
161,2.58674886318552,15,0.08126467
162,2.59651478621784,0,0.08103736
162,2.59651478621784,1,0.08119801
162,2.59651478621784,2,0.08123922
162,2.59651478621784,3,0.08143989
162,2.59651478621784,4,0.08150785
162,2.59651478621784,5,0.08147568
162,2.59651478621784,6,0.08149202
162,2.59651478621784,7,0.08150265
162,2.59651478621784,8,0.08143045
162,2.59651478621784,9,0.08139409
162,2.59651478621784,10,0.0814866
162,2.59651478621784,11,0.08162197
162,2.59651478621784,12,0.08126833
162,2.59651478621784,13,0.081569
162,2.59651478621784,14,0.08148104
162,2.59651478621784,15,0.08161689
163,2.6075014496292,0,0.08169571
163,2.6075014496292,1,0.08148164
163,2.6075014496292,2,0.08151983
163,2.6075014496292,3,0.08147231
163,2.6075014496292,4,0.08144757
163,2.6075014496292,5,0.08147809
163,2.6075014496292,6,0.08144232
163,2.6075014496292,7,0.08153572
163,2.6075014496292,8,0.08142348
163,2.6075014496292,9,0.08149503
163,2.6075014496292,10,0.08140954
163,2.6075014496292,11,0.0816519
163,2.6075014496292,12,0.08170333
163,2.6075014496292,13,0.08153506
163,2.6075014496292,14,0.08146287
163,2.6075014496292,15,0.08116873
164,2.616657002472,0,0.08156594
164,2.616657002472,1,0.08138356
164,2.616657002472,2,0.08155543
164,2.616657002472,3,0.08131414
164,2.616657002472,4,0.08126483
164,2.616657002472,5,0.08136503
164,2.616657002472,6,0.08137625
164,2.616657002472,7,0.08150496
164,2.616657002472,8,0.08105391
164,2.616657002472,9,0.08141505
164,2.616657002472,10,0.08132057
164,2.616657002472,11,0.0814749
164,2.616657002472,12,0.08137407
164,2.616657002472,13,0.08108991
164,2.616657002472,14,0.08140513
164,2.616657002472,15,0.0815412
165,2.62703329569384,0,0.08122937
165,2.62703329569384,1,0.08120185
165,2.62703329569384,2,0.08104742
165,2.62703329569384,3,0.0813021
165,2.62703329569384,4,0.08109789
165,2.62703329569384,5,0.08114465
165,2.62703329569384,6,0.08120845
165,2.62703329569384,7,0.08129785
165,2.62703329569384,8,0.08119637
165,2.62703329569384,9,0.08127841
165,2.62703329569384,10,0.08101282
165,2.62703329569384,11,0.08110166
165,2.62703329569384,12,0.08119193
165,2.62703329569384,13,0.081227
165,2.62703329569384,14,0.08113059
165,2.62703329569384,15,0.08103412
166,2.63679921872616,0,0.08110249
166,2.63679921872616,1,0.08139586
166,2.63679921872616,2,0.08122817
166,2.63679921872616,3,0.08140329
166,2.63679921872616,4,0.08118431
166,2.63679921872616,5,0.08115061
166,2.63679921872616,6,0.08109753
166,2.63679921872616,7,0.08102302
166,2.63679921872616,8,0.08134809
166,2.63679921872616,9,0.08133439
166,2.63679921872616,10,0.08140843
166,2.63679921872616,11,0.08108525
166,2.63679921872616,12,0.08115061
166,2.63679921872616,13,0.08119117
166,2.63679921872616,14,0.08141841
166,2.63679921872616,15,0.08143564
167,2.64656514175848,0,0.08106672
167,2.64656514175848,1,0.08108
167,2.64656514175848,2,0.08121561
167,2.64656514175848,3,0.08104115
167,2.64656514175848,4,0.08110733
167,2.64656514175848,5,0.0811917
167,2.64656514175848,6,0.08104069
167,2.64656514175848,7,0.08122565
167,2.64656514175848,8,0.08112488
167,2.64656514175848,9,0.08135127
167,2.64656514175848,10,0.0812401
167,2.64656514175848,11,0.08098317
167,2.64656514175848,12,0.08127224
167,2.64656514175848,13,0.08133061
167,2.64656514175848,14,0.08129472
167,2.64656514175848,15,0.08104358
168,2.65694143498032,0,0.08129785
168,2.65694143498032,1,0.08123993
168,2.65694143498032,2,0.08140146
168,2.65694143498032,3,0.08153271
168,2.65694143498032,4,0.08155178
168,2.65694143498032,5,0.08159091
168,2.65694143498032,6,0.08144768
168,2.65694143498032,7,0.08190199
168,2.65694143498032,8,0.08133315
168,2.65694143498032,9,0.08149876
168,2.65694143498032,10,0.08113437
168,2.65694143498032,11,0.08131018
168,2.65694143498032,12,0.08142749
168,2.65694143498032,13,0.08162326
168,2.65694143498032,14,0.08121059
168,2.65694143498032,15,0.08121572
169,2.66670735801263,0,0.08141427
169,2.66670735801263,1,0.08159623
169,2.66670735801263,2,0.08133841
169,2.66670735801263,3,0.08130984
169,2.66670735801263,4,0.08137938
169,2.66670735801263,5,0.08122901
169,2.66670735801263,6,0.08116283
169,2.66670735801263,7,0.08131526
169,2.66670735801263,8,0.08146546
169,2.66670735801263,9,0.08122571
169,2.66670735801263,10,0.08124595
169,2.66670735801263,11,0.08144485
169,2.66670735801263,12,0.08136025
169,2.66670735801263,13,0.08112858
169,2.66670735801263,14,0.08163626
169,2.66670735801263,15,0.08135027
170,2.67647328104495,0,0.08124483
170,2.67647328104495,1,0.08120675
170,2.67647328104495,2,0.08113584
170,2.67647328104495,3,0.08114028
170,2.67647328104495,4,0.08159227
170,2.67647328104495,5,0.08139627
170,2.67647328104495,6,0.08110461
170,2.67647328104495,7,0.0816852
170,2.67647328104495,8,0.08125871
170,2.67647328104495,9,0.08162481
170,2.67647328104495,10,0.08134745
170,2.67647328104495,11,0.0813236
170,2.67647328104495,12,0.08106136
170,2.67647328104495,13,0.08118203
170,2.67647328104495,14,0.08125751
170,2.67647328104495,15,0.08133905
171,2.68684957426679,0,0.08147461
171,2.68684957426679,1,0.08166023
171,2.68684957426679,2,0.08125551
171,2.68684957426679,3,0.08169045
171,2.68684957426679,4,0.08124471
171,2.68684957426679,5,0.08135458
171,2.68684957426679,6,0.08119784
171,2.68684957426679,7,0.08112428
171,2.68684957426679,8,0.08110237
171,2.68684957426679,9,0.08101482
171,2.68684957426679,10,0.08123775
171,2.68684957426679,11,0.0811943
171,2.68684957426679,12,0.08141527
171,2.68684957426679,13,0.08145978
171,2.68684957426679,14,0.08116041
171,2.68684957426679,15,0.08125243
172,2.69722586748863,0,0.08146557
172,2.69722586748863,1,0.0813847
172,2.69722586748863,2,0.08145016
172,2.69722586748863,3,0.08124606
172,2.69722586748863,4,0.08132596
172,2.69722586748863,5,0.0815823
172,2.69722586748863,6,0.08145282
172,2.69722586748863,7,0.0813534
172,2.69722586748863,8,0.08114146
172,2.69722586748863,9,0.0814063
172,2.69722586748863,10,0.08139017
172,2.69722586748863,11,0.08114706
172,2.69722586748863,12,0.08136621
172,2.69722586748863,13,0.08106099
172,2.69722586748863,14,0.08140884
172,2.69722586748863,15,0.0811849
173,2.70638142033143,0,0.081501
173,2.70638142033143,1,0.08167516
173,2.70638142033143,2,0.08163182
173,2.70638142033143,3,0.08148843
173,2.70638142033143,4,0.08134892
173,2.70638142033143,5,0.08147366
173,2.70638142033143,6,0.08145206
173,2.70638142033143,7,0.08147556
173,2.70638142033143,8,0.08134379
173,2.70638142033143,9,0.0814383
173,2.70638142033143,10,0.0816532
173,2.70638142033143,11,0.08163826
173,2.70638142033143,12,0.08159847
173,2.70638142033143,13,0.08167829
173,2.70638142033143,14,0.08136278
173,2.70638142033143,15,0.08148098
174,2.71736808374279,0,0.08151028
174,2.71736808374279,1,0.08147762
174,2.71736808374279,2,0.08153269
174,2.71736808374279,3,0.08131768
174,2.71736808374279,4,0.08133888
174,2.71736808374279,5,0.0813926
174,2.71736808374279,6,0.08141132
174,2.71736808374279,7,0.08172439
174,2.71736808374279,8,0.08172381
174,2.71736808374279,9,0.08176874
174,2.71736808374279,10,0.08142066
174,2.71736808374279,11,0.08141113
174,2.71736808374279,12,0.08154108
174,2.71736808374279,13,0.08176679
174,2.71736808374279,14,0.08178367
174,2.71736808374279,15,0.08144554
175,2.72591326639607,0,0.08166519
175,2.72591326639607,1,0.08148671
175,2.72591326639607,2,0.08158028
175,2.72591326639607,3,0.08174718
175,2.72591326639607,4,0.0816676
175,2.72591326639607,5,0.08173651
175,2.72591326639607,6,0.08164008
175,2.72591326639607,7,0.08157391
175,2.72591326639607,8,0.0818648
175,2.72591326639607,9,0.08174099
175,2.72591326639607,10,0.08159156
175,2.72591326639607,11,0.08175031
175,2.72591326639607,12,0.08185907
175,2.72591326639607,13,0.08186993
175,2.72591326639607,14,0.08166169
175,2.72591326639607,15,0.08179607
176,2.73628955961791,0,0.08143888
176,2.73628955961791,1,0.08164281
176,2.73628955961791,2,0.08168136
176,2.73628955961791,3,0.08173797
176,2.73628955961791,4,0.08157227
176,2.73628955961791,5,0.08167924
176,2.73628955961791,6,0.08182872
176,2.73628955961791,7,0.08169618
176,2.73628955961791,8,0.08163183
176,2.73628955961791,9,0.08128073
176,2.73628955961791,10,0.08163153
176,2.73628955961791,11,0.08164506
176,2.73628955961791,12,0.08151912
176,2.73628955961791,13,0.0817633
176,2.73628955961791,14,0.08147354
176,2.73628955961791,15,0.08153494
177,2.74666585283975,0,0.08135317
177,2.74666585283975,1,0.08161312
177,2.74666585283975,2,0.08156157
177,2.74666585283975,3,0.08163106
177,2.74666585283975,4,0.08142366
177,2.74666585283975,5,0.08142094
177,2.74666585283975,6,0.08145759
177,2.74666585283975,7,0.08129347
177,2.74666585283975,8,0.08132785
177,2.74666585283975,9,0.08145413
177,2.74666585283975,10,0.08143682
177,2.74666585283975,11,0.08133812
177,2.74666585283975,12,0.08137666
177,2.74666585283975,13,0.08143859
177,2.74666585283975,14,0.08130517
177,2.74666585283975,15,0.0814504
178,2.75643177587207,0,0.0814857
178,2.75643177587207,1,0.08176266
178,2.75643177587207,2,0.08140779
178,2.75643177587207,3,0.08143523
178,2.75643177587207,4,0.08145707
178,2.75643177587207,5,0.08126283
178,2.75643177587207,6,0.08131403
178,2.75643177587207,7,0.08140553
178,2.75643177587207,8,0.08151381
178,2.75643177587207,9,0.08146374
178,2.75643177587207,10,0.08142549
178,2.75643177587207,11,0.08170906
178,2.75643177587207,12,0.08126048
178,2.75643177587207,13,0.08139521
178,2.75643177587207,14,0.08142425
178,2.75643177587207,15,0.08145978
179,2.76619769890439,0,0.08124584
179,2.76619769890439,1,0.08154546
179,2.76619769890439,2,0.08154605
179,2.76619769890439,3,0.08149575
179,2.76619769890439,4,0.08126803
179,2.76619769890439,5,0.08167698
179,2.76619769890439,6,0.08122358
179,2.76619769890439,7,0.08103495
179,2.76619769890439,8,0.08156766
179,2.76619769890439,9,0.08140346
179,2.76619769890439,10,0.08148871
179,2.76619769890439,11,0.08129432
179,2.76619769890439,12,0.08111648
179,2.76619769890439,13,0.08128467
179,2.76619769890439,14,0.0813299
179,2.76619769890439,15,0.08169086
180,2.77657399212622,0,0.08141924
180,2.77657399212622,1,0.081519
180,2.77657399212622,2,0.08167061
180,2.77657399212622,3,0.08164309
180,2.77657399212622,4,0.08161069
180,2.77657399212622,5,0.08166795
180,2.77657399212622,6,0.08177795
180,2.77657399212622,7,0.08173881
180,2.77657399212622,8,0.08154334
180,2.77657399212622,9,0.08146859
180,2.77657399212622,10,0.08152609
180,2.77657399212622,11,0.08146799
180,2.77657399212622,12,0.08153004
180,2.77657399212622,13,0.08154467
180,2.77657399212622,14,0.0818671
180,2.77657399212622,15,0.08149055
181,2.78695028534806,0,0.08162971
181,2.78695028534806,1,0.08164052
181,2.78695028534806,2,0.0820899
181,2.78695028534806,3,0.08186492
181,2.78695028534806,4,0.08150962
181,2.78695028534806,5,0.08176154
181,2.78695028534806,6,0.08165025
181,2.78695028534806,7,0.08150873
181,2.78695028534806,8,0.08157302
181,2.78695028534806,9,0.0814964
181,2.78695028534806,10,0.08157197
181,2.78695028534806,11,0.08145365
181,2.78695028534806,12,0.08150271
181,2.78695028534806,13,0.08175522
181,2.78695028534806,14,0.08184519
181,2.78695028534806,15,0.08162438
182,2.79671620838038,0,0.08109764
182,2.79671620838038,1,0.08129974
182,2.79671620838038,2,0.08134259
182,2.79671620838038,3,0.08156842
182,2.79671620838038,4,0.08163112
182,2.79671620838038,5,0.08158632
182,2.79671620838038,6,0.08142414
182,2.79671620838038,7,0.08155567
182,2.79671620838038,8,0.08171047
182,2.79671620838038,9,0.08170958
182,2.79671620838038,10,0.0815471
182,2.79671620838038,11,0.08159788
182,2.79671620838038,12,0.08167098
182,2.79671620838038,13,0.08159534
182,2.79671620838038,14,0.08152402
182,2.79671620838038,15,0.08194502
183,2.8064821314127,0,0.08159836
183,2.8064821314127,1,0.08130576
183,2.8064821314127,2,0.08160277
183,2.8064821314127,3,0.08150997
183,2.8064821314127,4,0.08151935
183,2.8064821314127,5,0.08156104
183,2.8064821314127,6,0.08165326
183,2.8064821314127,7,0.08158194
183,2.8064821314127,8,0.08138706
183,2.8064821314127,9,0.08161234
183,2.8064821314127,10,0.08162716
183,2.8064821314127,11,0.08152969
183,2.8064821314127,12,0.08154829
183,2.8064821314127,13,0.08148754
183,2.8064821314127,14,0.08169016
183,2.8064821314127,15,0.08132837
184,2.81746879482406,0,0.08152758
184,2.81746879482406,1,0.08148405
184,2.81746879482406,2,0.08178603
184,2.81746879482406,3,0.08167233
184,2.81746879482406,4,0.0818207
184,2.81746879482406,5,0.08162427
184,2.81746879482406,6,0.08146262
184,2.81746879482406,7,0.0813873
184,2.81746879482406,8,0.08181662
184,2.81746879482406,9,0.08151221
184,2.81746879482406,10,0.0814964
184,2.81746879482406,11,0.0813811
184,2.81746879482406,12,0.08160296
184,2.81746879482406,13,0.08143481
184,2.81746879482406,14,0.0817201
184,2.81746879482406,15,0.08145442
185,2.82662434766686,0,0.08157214
185,2.82662434766686,1,0.08128822
185,2.82662434766686,2,0.08149511
185,2.82662434766686,3,0.08151209
185,2.82662434766686,4,0.08158236
185,2.82662434766686,5,0.08135081
185,2.82662434766686,6,0.08127181
185,2.82662434766686,7,0.08108296
185,2.82662434766686,8,0.08139219
185,2.82662434766686,9,0.08169546
185,2.82662434766686,10,0.08146422
185,2.82662434766686,11,0.08142078
185,2.82662434766686,12,0.08164429
185,2.82662434766686,13,0.08147484
185,2.82662434766686,14,0.08135282
185,2.82662434766686,15,0.08154026
186,2.83577990050966,0,0.08189254
186,2.83577990050966,1,0.08168962
186,2.83577990050966,2,0.08160508
186,2.83577990050966,3,0.08144008
186,2.83577990050966,4,0.08158772
186,2.83577990050966,5,0.08158991
186,2.83577990050966,6,0.08139343
186,2.83577990050966,7,0.08158848
186,2.83577990050966,8,0.08148706
186,2.83577990050966,9,0.0816091
186,2.83577990050966,10,0.08153383
186,2.83577990050966,11,0.08155786
186,2.83577990050966,12,0.08160721
186,2.83577990050966,13,0.08165172
186,2.83577990050966,14,0.08151145
186,2.83577990050966,15,0.08162876
187,2.84737693411054,0,0.0813429
187,2.84737693411054,1,0.08150825
187,2.84737693411054,2,0.0815405
187,2.84737693411054,3,0.08170716
187,2.84737693411054,4,0.08172434
187,2.84737693411054,5,0.08168202
187,2.84737693411054,6,0.08148264
187,2.84737693411054,7,0.0815301
187,2.84737693411054,8,0.08171761
187,2.84737693411054,9,0.08150554
187,2.84737693411054,10,0.08187962
187,2.84737693411054,11,0.08144568
187,2.84737693411054,12,0.08198819
187,2.84737693411054,13,0.08181042
187,2.84737693411054,14,0.08149345
187,2.84737693411054,15,0.08200873
188,2.85653248695334,0,0.0817505
188,2.85653248695334,1,0.08133911
188,2.85653248695334,2,0.0816646
188,2.85653248695334,3,0.08153884
188,2.85653248695334,4,0.08159688
188,2.85653248695334,5,0.08160537
188,2.85653248695334,6,0.08161228
188,2.85653248695334,7,0.08158353
188,2.85653248695334,8,0.08175492
188,2.85653248695334,9,0.08164115
188,2.85653248695334,10,0.08161211
188,2.85653248695334,11,0.08160844
188,2.85653248695334,12,0.08159121
188,2.85653248695334,13,0.08162987
188,2.85653248695334,14,0.08150885
188,2.85653248695334,15,0.08138322
189,2.86629840998566,0,0.08152219
189,2.86629840998566,1,0.08142306
189,2.86629840998566,2,0.08175227
189,2.86629840998566,3,0.08111135
189,2.86629840998566,4,0.08149852
189,2.86629840998566,5,0.08149976
189,2.86629840998566,6,0.08154397
189,2.86629840998566,7,0.08132294
189,2.86629840998566,8,0.08137471
189,2.86629840998566,9,0.08134006
189,2.86629840998566,10,0.08115557
189,2.86629840998566,11,0.0812038
189,2.86629840998566,12,0.08131053
189,2.86629840998566,13,0.08116342
189,2.86629840998566,14,0.08121478
189,2.86629840998566,15,0.08121254
190,2.8766747032075,0,0.08165833
190,2.8766747032075,1,0.08149285
190,2.8766747032075,2,0.08181413
190,2.8766747032075,3,0.08150655
190,2.8766747032075,4,0.08148801
190,2.8766747032075,5,0.08147397
190,2.8766747032075,6,0.08158973
190,2.8766747032075,7,0.08155432
190,2.8766747032075,8,0.08119264
190,2.8766747032075,9,0.08132157
190,2.8766747032075,10,0.08142448
190,2.8766747032075,11,0.08177352
190,2.8766747032075,12,0.08117332
190,2.8766747032075,13,0.08134896
190,2.8766747032075,14,0.08139928
190,2.8766747032075,15,0.08118413
191,2.88705099642933,0,0.08123964
191,2.88705099642933,1,0.08120268
191,2.88705099642933,2,0.08123095
191,2.88705099642933,3,0.08144301
191,2.88705099642933,4,0.08148926
191,2.88705099642933,5,0.08148701
191,2.88705099642933,6,0.08177122
191,2.88705099642933,7,0.08150236
191,2.88705099642933,8,0.0816699
191,2.88705099642933,9,0.08154403
191,2.88705099642933,10,0.08147638
191,2.88705099642933,11,0.08151659
191,2.88705099642933,12,0.08142962
191,2.88705099642933,13,0.08141014
191,2.88705099642933,14,0.0815621
191,2.88705099642933,15,0.08136705
192,2.89681691946165,0,0.08126095
192,2.89681691946165,1,0.08142827
192,2.89681691946165,2,0.0813544
192,2.89681691946165,3,0.08153612
192,2.89681691946165,4,0.08108465
192,2.89681691946165,5,0.08141728
192,2.89681691946165,6,0.08133392
192,2.89681691946165,7,0.08121508
192,2.89681691946165,8,0.08115315
192,2.89681691946165,9,0.08109695
192,2.89681691946165,10,0.0810624
192,2.89681691946165,11,0.08152266
192,2.89681691946165,12,0.08136957
192,2.89681691946165,13,0.08130482
192,2.89681691946165,14,0.08118722
192,2.89681691946165,15,0.08114665
193,2.90658284249397,0,0.08127689
193,2.90658284249397,1,0.08122458
193,2.90658284249397,2,0.08162711
193,2.90658284249397,3,0.08132017
193,2.90658284249397,4,0.08126184
193,2.90658284249397,5,0.08136261
193,2.90658284249397,6,0.08142
193,2.90658284249397,7,0.08124512
193,2.90658284249397,8,0.08129413
193,2.90658284249397,9,0.08136025
193,2.90658284249397,10,0.08133894
193,2.90658284249397,11,0.08131945
193,2.90658284249397,12,0.08111636
193,2.90658284249397,13,0.08131821
193,2.90658284249397,14,0.08125699
193,2.90658284249397,15,0.08116496
194,2.91634876552629,0,0.08145371
194,2.91634876552629,1,0.08121785
194,2.91634876552629,2,0.08156783
194,2.91634876552629,3,0.08134974
194,2.91634876552629,4,0.08134525
194,2.91634876552629,5,0.08144426
194,2.91634876552629,6,0.08132748
194,2.91634876552629,7,0.08138606
194,2.91634876552629,8,0.08134933
194,2.91634876552629,9,0.08123326
194,2.91634876552629,10,0.0811986
194,2.91634876552629,11,0.08140812
194,2.91634876552629,12,0.08127482
194,2.91634876552629,13,0.08115333
194,2.91634876552629,14,0.08110231
194,2.91634876552629,15,0.08113443
195,2.92672505874813,0,0.08149102
195,2.92672505874813,1,0.08131397
195,2.92672505874813,2,0.08117463
195,2.92672505874813,3,0.08130547
195,2.92672505874813,4,0.08123451
195,2.92672505874813,5,0.08128397
195,2.92672505874813,6,0.08148069
195,2.92672505874813,7,0.08143387
195,2.92672505874813,8,0.08110131
195,2.92672505874813,9,0.08086947
195,2.92672505874813,10,0.0809294
195,2.92672505874813,11,0.08110449
195,2.92672505874813,12,0.08112009
195,2.92672505874813,13,0.08108579
195,2.92672505874813,14,0.08116236
195,2.92672505874813,15,0.08124696
196,2.93710135196997,0,0.08099575
196,2.93710135196997,1,0.08077206
196,2.93710135196997,2,0.0810039
196,2.93710135196997,3,0.08115267
196,2.93710135196997,4,0.08116744
196,2.93710135196997,5,0.08106819
196,2.93710135196997,6,0.08101889
196,2.93710135196997,7,0.08121354
196,2.93710135196997,8,0.08115551
196,2.93710135196997,9,0.08123752
196,2.93710135196997,10,0.08136957
196,2.93710135196997,11,0.08151848
196,2.93710135196997,12,0.08103134
196,2.93710135196997,13,0.08124956
196,2.93710135196997,14,0.08124495
196,2.93710135196997,15,0.08132796
197,2.94686727500229,0,0.08139893
197,2.94686727500229,1,0.08114401
197,2.94686727500229,2,0.08161476
197,2.94686727500229,3,0.08130683
197,2.94686727500229,4,0.08112841
197,2.94686727500229,5,0.08142667
197,2.94686727500229,6,0.08138411
197,2.94686727500229,7,0.08138724
197,2.94686727500229,8,0.08125929
197,2.94686727500229,9,0.08133883
197,2.94686727500229,10,0.08125003
197,2.94686727500229,11,0.08122648
197,2.94686727500229,12,0.08113632
197,2.94686727500229,13,0.08148961
197,2.94686727500229,14,0.08129874
197,2.94686727500229,15,0.08148339
198,2.95724356822413,0,0.08116755
198,2.95724356822413,1,0.08136971
198,2.95724356822413,2,0.08144869
198,2.95724356822413,3,0.08115368
198,2.95724356822413,4,0.08130264
198,2.95724356822413,5,0.08132034
198,2.95724356822413,6,0.0813805
198,2.95724356822413,7,0.08164322
198,2.95724356822413,8,0.08144485
198,2.95724356822413,9,0.08161919
198,2.95724356822413,10,0.08150395
198,2.95724356822413,11,0.0814295
198,2.95724356822413,12,0.08154681
198,2.95724356822413,13,0.08140289
198,2.95724356822413,14,0.08149882
198,2.95724356822413,15,0.08161607
199,2.96700949125645,0,0.08171431
199,2.96700949125645,1,0.08173656
199,2.96700949125645,2,0.08167115
199,2.96700949125645,3,0.08145212
199,2.96700949125645,4,0.08154853
199,2.96700949125645,5,0.08173969
199,2.96700949125645,6,0.08170739
199,2.96700949125645,7,0.08165928
199,2.96700949125645,8,0.08182488
199,2.96700949125645,9,0.08178745
199,2.96700949125645,10,0.0819099
199,2.96700949125645,11,0.08214262
199,2.96700949125645,12,0.08171005
199,2.96700949125645,13,0.0818521
199,2.96700949125645,14,0.08166453
199,2.96700949125645,15,0.08161866
200,2.97738578447829,0,0.08156239
200,2.97738578447829,1,0.081534
200,2.97738578447829,2,0.08141775
200,2.97738578447829,3,0.08151622
200,2.97738578447829,4,0.08119743
200,2.97738578447829,5,0.08121395
200,2.97738578447829,6,0.08131939
200,2.97738578447829,7,0.08170603
200,2.97738578447829,8,0.08151084
200,2.97738578447829,9,0.08155283
200,2.97738578447829,10,0.0814041
200,2.97738578447829,11,0.08139303
200,2.97738578447829,12,0.08161813
200,2.97738578447829,13,0.08138216
200,2.97738578447829,14,0.08143977
200,2.97738578447829,15,0.08131196
