position,voltage_mean,voltage_std,n_samples
0.992461928159429,0.01514379,0.00021085723143871553,16
1.98370311593982,0.015191280625000001,0.00021565687090459093,16
2.97738578447829,0.01580842,0.0003111579997364685,16
3.97106845301675,0.021066225,0.00018656105016187072,16
4.95254371776482,0.020451609375,0.00022158150426165846,16
5.93279824213385,0.0198564875,0.00018672963106788933,16
6.92403942991424,0.0198509625,0.00019878663770799595,16
7.91467024750511,0.019652505624999997,0.00016072572437108334,16
