position,voltage_mean,voltage_std,n_samples
0.993072298348949,0.016143525,0.00018565966959062472,16
1.48625141148106,0.016320815625,0.000135945367472045,16
1.97943052461318,0.0159297475,0.0002130097033147783,16
2.46894741660817,0.0163502675,0.0002737193659457619,16
2.95846430860317,0.017327195,0.00028657456928782077,16
3.45103305154576,0.01988581125,0.00020282462575076432,16
3.9448225348674,0.021825980000000002,0.0002483737217631926,16
4.43861201818903,0.022687865,0.00024664702108985633,16
4.93240150151067,0.023185141875000002,0.00017555122511744059,16
