pos_index,position,sample_index,voltage
0,-0.0128177739799188,0,0.07747418
0,-0.0128177739799188,1,0.07733138
0,-0.0128177739799188,2,0.07701785
0,-0.0128177739799188,3,0.07741329
0,-0.0128177739799188,4,0.07760588
0,-0.0128177739799188,5,0.07715011
0,-0.0128177739799188,6,0.07717364
0,-0.0128177739799188,7,0.07693248
0,-0.0128177739799188,8,0.07736032
0,-0.0128177739799188,9,0.07736846
0,-0.0128177739799188,10,0.07730584
0,-0.0128177739799188,11,0.07739371
1,-0.0122074037903989,0,0.07737571
1,-0.0122074037903989,1,0.077012
1,-0.0122074037903989,2,0.07698757
1,-0.0122074037903989,3,0.07724395
1,-0.0122074037903989,4,0.07718557
1,-0.0122074037903989,5,0.07729781
1,-0.0122074037903989,6,0.07695858
1,-0.0122074037903989,7,0.07696449
1,-0.0122074037903989,8,0.07694095
1,-0.0122074037903989,9,0.07721552
1,-0.0122074037903989,10,0.07732486
1,-0.0122074037903989,11,0.07726229
1,-0.0122074037903989,12,0.07704009
1,-0.0122074037903989,13,0.07697257
1,-0.0122074037903989,14,0.07678896
1,-0.0122074037903989,15,0.07673571
2,-0.00488296151615955,0,0.07706212
2,-0.00488296151615955,1,0.07711425
2,-0.00488296151615955,2,0.07698774
2,-0.00488296151615955,3,0.07737761
2,-0.00488296151615955,4,0.07728314
2,-0.00488296151615955,5,0.07707506
2,-0.00488296151615955,6,0.07687349
2,-0.00488296151615955,7,0.07717642
2,-0.00488296151615955,8,0.07708604
2,-0.00488296151615955,9,0.07714353
2,-0.00488296151615955,10,0.07720738
2,-0.00488296151615955,11,0.07726798
2,-0.00488296151615955,12,0.07712429
2,-0.00488296151615955,13,0.07698762
2,-0.00488296151615955,14,0.07687666
2,-0.00488296151615955,15,0.07702393
3,0.00427259132663961,0,0.0771511
3,0.00427259132663961,1,0.07687009
3,0.00427259132663961,2,0.07713929
3,0.00427259132663961,3,0.07721128
3,0.00427259132663961,4,0.07712273
3,0.00427259132663961,5,0.0767516
3,0.00427259132663961,6,0.07689662
3,0.00427259132663961,7,0.07694792
3,0.00427259132663961,8,0.07698026
3,0.00427259132663961,9,0.07671653
3,0.00427259132663961,10,0.07681478
3,0.00427259132663961,11,0.07673922
3,0.00427259132663961,12,0.07700146
3,0.00427259132663961,13,0.07685308
3,0.00427259132663961,14,0.07709747
3,0.00427259132663961,15,0.07682703
4,0.0152592547379986,0,0.0771423
4,0.0152592547379986,1,0.07704188
4,0.0152592547379986,2,0.07711776
4,0.0152592547379986,3,0.07720342
4,0.0152592547379986,4,0.07733472
4,0.0152592547379986,5,0.07692557
4,0.0152592547379986,6,0.07688855
4,0.0152592547379986,7,0.07712692
4,0.0152592547379986,8,0.07713037
4,0.0152592547379986,9,0.07701093
4,0.0152592547379986,10,0.0768654
4,0.0152592547379986,11,0.07691949
4,0.0152592547379986,12,0.07691313
4,0.0152592547379986,13,0.07685895
4,0.0152592547379986,14,0.07689467
4,0.0152592547379986,15,0.07692383
5,0.0244148075807978,0,0.0772376
5,0.0244148075807978,1,0.07712808
5,0.0244148075807978,2,0.07716204
5,0.0244148075807978,3,0.07710869
5,0.0244148075807978,4,0.07727511
5,0.0244148075807978,5,0.07695769
5,0.0244148075807978,6,0.0769757
5,0.0244148075807978,7,0.0767875
5,0.0244148075807978,8,0.07713405
5,0.0244148075807978,9,0.07721467
5,0.0244148075807978,10,0.07725265
5,0.0244148075807978,11,0.07734058
5,0.0244148075807978,12,0.07703486
5,0.0244148075807978,13,0.07703787
5,0.0244148075807978,14,0.07681546
5,0.0244148075807978,15,0.07690232
6,0.0347911008026368,0,0.07708292
6,0.0347911008026368,1,0.07688051
6,0.0347911008026368,2,0.07696851
6,0.0347911008026368,3,0.07724345
6,0.0347911008026368,4,0.07710952
6,0.0347911008026368,5,0.0770227
6,0.0347911008026368,6,0.07716783
6,0.0347911008026368,7,0.07703162
6,0.0347911008026368,8,0.07713712
6,0.0347911008026368,9,0.07716806
6,0.0347911008026368,10,0.07693414
6,0.0347911008026368,11,0.07698736
6,0.0347911008026368,12,0.0768823
6,0.0347911008026368,13,0.0769554
6,0.0347911008026368,14,0.07698552
6,0.0347911008026368,15,0.0771685
7,0.0445570238349559,0,0.07730178
7,0.0445570238349559,1,0.07720236
7,0.0445570238349559,2,0.0772929
7,0.0445570238349559,3,0.07732893
7,0.0445570238349559,4,0.07737041
7,0.0445570238349559,5,0.07721831
7,0.0445570238349559,6,0.07744724
7,0.0445570238349559,7,0.07712206
7,0.0445570238349559,8,0.07711002
7,0.0445570238349559,9,0.07711799
7,0.0445570238349559,10,0.07729006
7,0.0445570238349559,11,0.07713757
7,0.0445570238349559,12,0.07730183
7,0.0445570238349559,13,0.07725052
7,0.0445570238349559,14,0.07708878
7,0.0445570238349559,15,0.07692841
8,0.054322946867275,0,0.07705593
8,0.054322946867275,1,0.07734794
8,0.054322946867275,2,0.07686518
8,0.054322946867275,3,0.07723754
8,0.054322946867275,4,0.07702694
8,0.054322946867275,5,0.07702382
8,0.054322946867275,6,0.07690037
8,0.054322946867275,7,0.07732648
8,0.054322946867275,8,0.0773011
8,0.054322946867275,9,0.07717665
8,0.054322946867275,10,0.07700732
8,0.054322946867275,11,0.07735742
8,0.054322946867275,12,0.07716706
8,0.054322946867275,13,0.0773645
8,0.054322946867275,14,0.07721636
8,0.054322946867275,15,0.07720431
9,0.0640888698995941,0,0.07723296
9,0.0640888698995941,1,0.07712663
9,0.0640888698995941,2,0.07727076
9,0.0640888698995941,3,0.07723977
9,0.0640888698995941,4,0.07704177
9,0.0640888698995941,5,0.07702588
9,0.0640888698995941,6,0.0770265
9,0.0640888698995941,7,0.07709318
9,0.0640888698995941,8,0.07701668
9,0.0640888698995941,9,0.07721663
9,0.0640888698995941,10,0.07708994
9,0.0640888698995941,11,0.0772149
9,0.0640888698995941,12,0.07705777
9,0.0640888698995941,13,0.07708894
9,0.0640888698995941,14,0.07726637
9,0.0640888698995941,15,0.077089
10,0.0750755333109531,0,0.07675907
10,0.0750755333109531,1,0.07691485
10,0.0750755333109531,2,0.07692233
10,0.0750755333109531,3,0.07701584
10,0.0750755333109531,4,0.07701294
10,0.0750755333109531,5,0.07714063
10,0.0750755333109531,6,0.07695763
10,0.0750755333109531,7,0.07689556
10,0.0750755333109531,8,0.07632533
10,0.0750755333109531,9,0.07644867
10,0.0750755333109531,10,0.07685214
10,0.0750755333109531,11,0.07698066
10,0.0750755333109531,12,0.07664137
10,0.0750755333109531,13,0.07703084
10,0.0750755333109531,14,0.07695378
10,0.0750755333109531,15,0.07679477
11,0.0848414563432722,0,0.07753362
11,0.0848414563432722,1,0.07728019
11,0.0848414563432722,2,0.07749263
11,0.0848414563432722,3,0.07707918
11,0.0848414563432722,4,0.07718992
11,0.0848414563432722,5,0.07734799
11,0.0848414563432722,6,0.07719103
11,0.0848414563432722,7,0.0770968
11,0.0848414563432722,8,0.07731219
11,0.0848414563432722,9,0.07727913
11,0.0848414563432722,10,0.07732887
11,0.0848414563432722,11,0.07719834
11,0.0848414563432722,12,0.07707182
11,0.0848414563432722,13,0.07729474
11,0.0848414563432722,14,0.07724863
11,0.0848414563432722,15,0.07747658
12,0.0952177495651112,0,0.07719544
12,0.0952177495651112,1,0.0772948
12,0.0952177495651112,2,0.07722422
12,0.0952177495651112,3,0.07737064
12,0.0952177495651112,4,0.07748934
12,0.0952177495651112,5,0.07741752
12,0.0952177495651112,6,0.07763895
12,0.0952177495651112,7,0.07756379
12,0.0952177495651112,8,0.07751951
12,0.0952177495651112,9,0.07745204
12,0.0952177495651112,10,0.07729263
12,0.0952177495651112,11,0.07723698
12,0.0952177495651112,12,0.07736221
12,0.0952177495651112,13,0.07752737
12,0.0952177495651112,14,0.07761692
12,0.0952177495651112,15,0.07723475
13,0.10559404278695,0,0.07728694
13,0.10559404278695,1,0.0770227
13,0.10559404278695,2,0.07756273
13,0.10559404278695,3,0.07752336
13,0.10559404278695,4,0.07720765
13,0.10559404278695,5,0.0773582
13,0.10559404278695,6,0.07730468
13,0.10559404278695,7,0.07762879
13,0.10559404278695,8,0.07726285
13,0.10559404278695,9,0.07732586
13,0.10559404278695,10,0.07707071
13,0.10559404278695,11,0.07723296
13,0.10559404278695,12,0.07746225
13,0.10559404278695,13,0.07717051
13,0.10559404278695,14,0.07750997
13,0.10559404278695,15,0.07763097
14,0.11413922544023,0,0.07716912
14,0.11413922544023,1,0.07740654
14,0.11413922544023,2,0.07725649
14,0.11413922544023,3,0.0774719
14,0.11413922544023,4,0.07723994
14,0.11413922544023,5,0.07729575
14,0.11413922544023,6,0.07734415
14,0.11413922544023,7,0.07747713
14,0.11413922544023,8,0.07753228
14,0.11413922544023,9,0.07741302
14,0.11413922544023,10,0.0773388
14,0.11413922544023,11,0.07762026
14,0.11413922544023,12,0.07750312
14,0.11413922544023,13,0.07774455
14,0.11413922544023,14,0.07773513
14,0.11413922544023,15,0.07762395
15,0.125125888851588,0,0.07751572
15,0.125125888851588,1,0.07759277
15,0.125125888851588,2,0.07741747
15,0.125125888851588,3,0.07774215
15,0.125125888851588,4,0.07745243
15,0.125125888851588,5,0.0774574
15,0.125125888851588,6,0.0773646
15,0.125125888851588,7,0.07723431
15,0.125125888851588,8,0.07732302
15,0.125125888851588,9,0.07729681
15,0.125125888851588,10,0.07729837
15,0.125125888851588,11,0.07742271
15,0.125125888851588,12,0.07741323
15,0.125125888851588,13,0.07735234
15,0.125125888851588,14,0.07740419
15,0.125125888851588,15,0.07740331
16,0.134281441694388,0,0.07729006
16,0.134281441694388,1,0.07711482
16,0.134281441694388,2,0.07735787
16,0.134281441694388,3,0.07734922
16,0.134281441694388,4,0.0776666
16,0.134281441694388,5,0.07784174
16,0.134281441694388,6,0.07747763
16,0.134281441694388,7,0.07756222
16,0.134281441694388,8,0.07742522
16,0.134281441694388,9,0.07757538
16,0.134281441694388,10,0.07743453
16,0.134281441694388,11,0.07741848
16,0.134281441694388,12,0.07711715
16,0.134281441694388,13,0.07709529
16,0.134281441694388,14,0.07747123
16,0.134281441694388,15,0.07733779
17,0.145268105105747,0,0.07730434
17,0.145268105105747,1,0.0772332
17,0.145268105105747,2,0.07715044
17,0.145268105105747,3,0.07716338
17,0.145268105105747,4,0.07747077
17,0.145268105105747,5,0.07744094
17,0.145268105105747,6,0.07715724
17,0.145268105105747,7,0.07717197
17,0.145268105105747,8,0.07721708
17,0.145268105105747,9,0.07689847
17,0.145268105105747,10,0.07719332
17,0.145268105105747,11,0.07713322
17,0.145268105105747,12,0.07725181
17,0.145268105105747,13,0.07723207
17,0.145268105105747,14,0.07718847
17,0.145268105105747,15,0.07717798
18,0.154423657948546,0,0.0769942
18,0.154423657948546,1,0.07739194
18,0.154423657948546,2,0.07733584
18,0.154423657948546,3,0.07710394
18,0.154423657948546,4,0.07739238
18,0.154423657948546,5,0.07721055
18,0.154423657948546,6,0.07728588
18,0.154423657948546,7,0.07706201
18,0.154423657948546,8,0.07693215
18,0.154423657948546,9,0.0770857
18,0.154423657948546,10,0.07717955
18,0.154423657948546,11,0.07718502
18,0.154423657948546,12,0.0771912
18,0.154423657948546,13,0.07677686
18,0.154423657948546,14,0.07727908
18,0.154423657948546,15,0.07713823
19,0.164799951170385,0,0.07732603
19,0.164799951170385,1,0.07712323
19,0.164799951170385,2,0.07721836
19,0.164799951170385,3,0.07719477
19,0.164799951170385,4,0.07724997
19,0.164799951170385,5,0.07706993
19,0.164799951170385,6,0.07713014
19,0.164799951170385,7,0.07701278
19,0.164799951170385,8,0.07710121
19,0.164799951170385,9,0.07705788
19,0.164799951170385,10,0.07696381
19,0.164799951170385,11,0.07714537
19,0.164799951170385,12,0.07684238
19,0.164799951170385,13,0.07713433
19,0.164799951170385,14,0.07706369
19,0.164799951170385,15,0.0770871
20,0.174565874202704,0,0.07712574
20,0.174565874202704,1,0.07742221
20,0.174565874202704,2,0.0773078
20,0.174565874202704,3,0.07718345
20,0.174565874202704,4,0.07709937
20,0.174565874202704,5,0.07726246
20,0.174565874202704,6,0.0772014
20,0.174565874202704,7,0.07705487
20,0.174565874202704,8,0.07714849
20,0.174565874202704,9,0.07714075
20,0.174565874202704,10,0.07713216
20,0.174565874202704,11,0.07723664
20,0.174565874202704,12,0.07710294
20,0.174565874202704,13,0.07713192
20,0.174565874202704,14,0.07699956
20,0.174565874202704,15,0.07692752
21,0.184331797235023,0,0.07712435
21,0.184331797235023,1,0.07701216
21,0.184331797235023,2,0.07702504
21,0.184331797235023,3,0.07690867
21,0.184331797235023,4,0.07699894
21,0.184331797235023,5,0.07671095
21,0.184331797235023,6,0.07694849
21,0.184331797235023,7,0.07695501
21,0.184331797235023,8,0.07717118
21,0.184331797235023,9,0.07723749
21,0.184331797235023,10,0.07731304
21,0.184331797235023,11,0.07714029
21,0.184331797235023,12,0.07718735
21,0.184331797235023,13,0.07716187
21,0.184331797235023,14,0.07694569
21,0.184331797235023,15,0.07725989
22,0.194097720267342,0,0.07714186
22,0.194097720267342,1,0.07703659
22,0.194097720267342,2,0.07710516
22,0.194097720267342,3,0.07694602
22,0.194097720267342,4,0.07686212
22,0.194097720267342,5,0.07740353
22,0.194097720267342,6,0.07695044
22,0.194097720267342,7,0.07691877
22,0.194097720267342,8,0.07728984
22,0.194097720267342,9,0.07720575
22,0.194097720267342,10,0.07708298
22,0.194097720267342,11,0.07678429
22,0.194097720267342,12,0.07712931
22,0.194097720267342,13,0.07693566
22,0.194097720267342,14,0.07695769
22,0.194097720267342,15,0.07715724
23,0.204474013489181,0,0.07697944
23,0.204474013489181,1,0.0769225
23,0.204474013489181,2,0.07696506
23,0.204474013489181,3,0.07700665
23,0.204474013489181,4,0.076864
23,0.204474013489181,5,0.07689429
23,0.204474013489181,6,0.07667973
23,0.204474013489181,7,0.07678875
23,0.204474013489181,8,0.07692885
23,0.204474013489181,9,0.07685409
23,0.204474013489181,10,0.07722594
23,0.204474013489181,11,0.07713003
23,0.204474013489181,12,0.07696047
23,0.204474013489181,13,0.07750183
23,0.204474013489181,14,0.07705572
23,0.204474013489181,15,0.07701354
24,0.2142399365215,0,0.07721641
24,0.2142399365215,1,0.07738641
24,0.2142399365215,2,0.07686462
24,0.2142399365215,3,0.07706703
24,0.2142399365215,4,0.07756802
24,0.2142399365215,5,0.07730462
24,0.2142399365215,6,0.07722053
24,0.2142399365215,7,0.07745511
24,0.2142399365215,8,0.07763527
24,0.2142399365215,9,0.07737571
24,0.2142399365215,10,0.07713628
24,0.2142399365215,11,0.07710066
24,0.2142399365215,12,0.07705716
24,0.2142399365215,13,0.07721847
24,0.2142399365215,14,0.07709754
24,0.2142399365215,15,0.07688314
25,0.225226599932859,0,0.07726151
25,0.225226599932859,1,0.07709268
25,0.225226599932859,2,0.07715747
25,0.225226599932859,3,0.07689819
25,0.225226599932859,4,0.07721808
25,0.225226599932859,5,0.07713912
25,0.225226599932859,6,0.07709914
25,0.225226599932859,7,0.07716376
25,0.225226599932859,8,0.07682236
25,0.225226599932859,9,0.07714637
25,0.225226599932859,10,0.0771011
25,0.225226599932859,11,0.07701584
25,0.225226599932859,12,0.0768944
25,0.225226599932859,13,0.07656498
25,0.225226599932859,14,0.0768402
25,0.225226599932859,15,0.07665882
26,0.234992522965178,0,0.07692212
26,0.234992522965178,1,0.07693739
26,0.234992522965178,2,0.07691637
26,0.234992522965178,3,0.07713177
26,0.234992522965178,4,0.07724763
26,0.234992522965178,5,0.07714141
26,0.234992522965178,6,0.07688431
26,0.234992522965178,7,0.07708303
26,0.234992522965178,8,0.07736322
26,0.234992522965178,9,0.07708883
26,0.234992522965178,10,0.07711988
26,0.234992522965178,11,0.07724039
26,0.234992522965178,12,0.07716957
26,0.234992522965178,13,0.07712708
26,0.234992522965178,14,0.0772517
26,0.234992522965178,15,0.07719137
27,0.244148075807978,0,0.07688019
27,0.244148075807978,1,0.07716734
27,0.244148075807978,2,0.07727356
27,0.244148075807978,3,0.07730579
27,0.244148075807978,4,0.07723848
27,0.244148075807978,5,0.07737086
27,0.244148075807978,6,0.07760811
27,0.244148075807978,7,0.07753167
27,0.244148075807978,8,0.07720146
27,0.244148075807978,9,0.07728656
27,0.244148075807978,10,0.07709385
27,0.244148075807978,11,0.07712998
27,0.244148075807978,12,0.07727864
27,0.244148075807978,13,0.0770479
27,0.244148075807978,14,0.0770696
27,0.244148075807978,15,0.07719763
28,0.255745109408856,0,0.07694453
28,0.255745109408856,1,0.07679013
28,0.255745109408856,2,0.07701082
28,0.255745109408856,3,0.07720309
28,0.255745109408856,4,0.07699655
28,0.255745109408856,5,0.07728772
28,0.255745109408856,6,0.07705582
28,0.255745109408856,7,0.07721668
28,0.255745109408856,8,0.07724039
28,0.255745109408856,9,0.07716505
28,0.255745109408856,10,0.07711364
28,0.255745109408856,11,0.07712758
28,0.255745109408856,12,0.07688944
28,0.255745109408856,13,0.07695869
28,0.255745109408856,14,0.07706362
28,0.255745109408856,15,0.07703882
29,0.264900662251656,0,0.07704495
29,0.264900662251656,1,0.0767579
29,0.264900662251656,2,0.07654659
29,0.264900662251656,3,0.07709306
29,0.264900662251656,4,0.07707785
29,0.264900662251656,5,0.07689953
29,0.264900662251656,6,0.07731292
29,0.264900662251656,7,0.07678796
29,0.264900662251656,8,0.0771398
29,0.264900662251656,9,0.07724863
29,0.264900662251656,10,0.07713918
29,0.264900662251656,11,0.07683709
29,0.264900662251656,12,0.07678685
29,0.264900662251656,13,0.07683909
29,0.264900662251656,14,0.07701362
29,0.264900662251656,15,0.07708748
30,0.275276955473495,0,0.07711298
30,0.275276955473495,1,0.07732424
30,0.275276955473495,2,0.07701657
30,0.275276955473495,3,0.07710405
30,0.275276955473495,4,0.07731538
30,0.275276955473495,5,0.07699515
30,0.275276955473495,6,0.07719193
30,0.275276955473495,7,0.07696404
30,0.275276955473495,8,0.07699081
30,0.275276955473495,9,0.07701769
30,0.275276955473495,10,0.07703648
30,0.275276955473495,11,0.07697754
30,0.275276955473495,12,0.07730801
30,0.275276955473495,13,0.07708704
30,0.275276955473495,14,0.07736617
30,0.275276955473495,15,0.07712144
31,0.284432508316294,0,0.07710344
31,0.284432508316294,1,0.07708604
31,0.284432508316294,2,0.07728978
31,0.284432508316294,3,0.07696276
31,0.284432508316294,4,0.07680201
31,0.284432508316294,5,0.07699566
31,0.284432508316294,6,0.07684845
31,0.284432508316294,7,0.077075
31,0.284432508316294,8,0.07725549
31,0.284432508316294,9,0.07678177
31,0.284432508316294,10,0.07699487
31,0.284432508316294,11,0.07671068
31,0.284432508316294,12,0.07682526
31,0.284432508316294,13,0.0770459
31,0.284432508316294,14,0.07695015
31,0.284432508316294,15,0.07692484
32,0.294808801538133,0,0.07705013
32,0.294808801538133,1,0.07702778
32,0.294808801538133,2,0.07723475
32,0.294808801538133,3,0.07719304
32,0.294808801538133,4,0.07691269
32,0.294808801538133,5,0.07707801
32,0.294808801538133,6,0.07684516
32,0.294808801538133,7,0.0768663
32,0.294808801538133,8,0.07685976
32,0.294808801538133,9,0.0769859
32,0.294808801538133,10,0.07674475
32,0.294808801538133,11,0.07708024
32,0.294808801538133,12,0.07677636
32,0.294808801538133,13,0.07699471
32,0.294808801538133,14,0.07695769
32,0.294808801538133,15,0.07685331
33,0.304574724570452,0,0.07699873
33,0.304574724570452,1,0.07656068
33,0.304574724570452,2,0.07685854
33,0.304574724570452,3,0.07692847
33,0.304574724570452,4,0.07688811
33,0.304574724570452,5,0.07712915
33,0.304574724570452,6,0.07677451
33,0.304574724570452,7,0.07683413
33,0.304574724570452,8,0.07678355
33,0.304574724570452,9,0.07707712
33,0.304574724570452,10,0.07684729
33,0.304574724570452,11,0.07662726
33,0.304574724570452,12,0.0768019
33,0.304574724570452,13,0.07682498
33,0.304574724570452,14,0.07700714
33,0.304574724570452,15,0.07695819
34,0.315561387981811,0,0.07678489
34,0.315561387981811,1,0.07689652
34,0.315561387981811,2,0.07689345
34,0.315561387981811,3,0.07699845
34,0.315561387981811,4,0.0770813
34,0.315561387981811,5,0.07706787
34,0.315561387981811,6,0.07672166
34,0.315561387981811,7,0.07680111
34,0.315561387981811,8,0.07680212
34,0.315561387981811,9,0.0767231
34,0.315561387981811,10,0.07644743
34,0.315561387981811,11,0.07670878
34,0.315561387981811,12,0.07674017
34,0.315561387981811,13,0.07675858
34,0.315561387981811,14,0.07695445
34,0.315561387981811,15,0.07691944
35,0.32471694082461,0,0.07692674
35,0.32471694082461,1,0.07702488
35,0.32471694082461,2,0.07699297
35,0.32471694082461,3,0.0770479
35,0.32471694082461,4,0.0767753
35,0.32471694082461,5,0.07676108
35,0.32471694082461,6,0.07674993
35,0.32471694082461,7,0.07673778
35,0.32471694082461,8,0.07665927
35,0.32471694082461,9,0.07664666
35,0.32471694082461,10,0.07667287
35,0.32471694082461,11,0.07683591
35,0.32471694082461,12,0.0769956
35,0.32471694082461,13,0.07671063
35,0.32471694082461,14,0.07690533
35,0.32471694082461,15,0.0768778
36,0.335093234046449,0,0.07659943
36,0.335093234046449,1,0.07643
36,0.335093234046449,2,0.07683825
36,0.335093234046449,3,0.0766364
36,0.335093234046449,4,0.07684685
36,0.335093234046449,5,0.07699677
36,0.335093234046449,6,0.07690454
36,0.335093234046449,7,0.07690989
36,0.335093234046449,8,0.07706708
36,0.335093234046449,9,0.07698602
36,0.335093234046449,10,0.07691124
36,0.335093234046449,11,0.07720363
36,0.335093234046449,12,0.07689334
36,0.335093234046449,13,0.0767356
36,0.335093234046449,14,0.07669479
36,0.335093234046449,15,0.07677279
37,0.343638416699728,0,0.07655996
37,0.343638416699728,1,0.07662916
37,0.343638416699728,2,0.07648642
37,0.343638416699728,3,0.07622507
37,0.343638416699728,4,0.07677725
37,0.343638416699728,5,0.07653888
37,0.343638416699728,6,0.07646863
37,0.343638416699728,7,0.07673598
37,0.343638416699728,8,0.07660323
37,0.343638416699728,9,0.0762612
37,0.343638416699728,10,0.0767205
37,0.343638416699728,11,0.07658271
37,0.343638416699728,12,0.07647371
37,0.343638416699728,13,0.07639559
37,0.343638416699728,14,0.07637557
37,0.343638416699728,15,0.07638438
38,0.355235450300607,0,0.07645201
38,0.355235450300607,1,0.07640529
38,0.355235450300607,2,0.07647878
38,0.355235450300607,3,0.0766373
38,0.355235450300607,4,0.07670598
38,0.355235450300607,5,0.07670164
38,0.355235450300607,6,0.07626193
38,0.355235450300607,7,0.07621018
38,0.355235450300607,8,0.07665602
38,0.355235450300607,9,0.0766475
38,0.355235450300607,10,0.07649077
38,0.355235450300607,11,0.07657567
38,0.355235450300607,12,0.07633732
38,0.355235450300607,13,0.07654122
38,0.355235450300607,14,0.07642987
38,0.355235450300607,15,0.07662998
39,0.364391003143406,0,0.0763716
39,0.364391003143406,1,0.07671825
39,0.364391003143406,2,0.07671513
39,0.364391003143406,3,0.07654724
39,0.364391003143406,4,0.07671665
39,0.364391003143406,5,0.07642458
39,0.364391003143406,6,0.07675172
39,0.364391003143406,7,0.0765109
39,0.364391003143406,8,0.07678009
39,0.364391003143406,9,0.07690717
39,0.364391003143406,10,0.07687528
39,0.364391003143406,11,0.07661989
39,0.364391003143406,12,0.07669199
39,0.364391003143406,13,0.07664471
39,0.364391003143406,14,0.0766509
39,0.364391003143406,15,0.07674274
40,0.374156926175726,0,0.0768625
40,0.374156926175726,1,0.07653314
40,0.374156926175726,2,0.07686909
40,0.374156926175726,3,0.07698836
40,0.374156926175726,4,0.07673794
40,0.374156926175726,5,0.07664048
40,0.374156926175726,6,0.07692301
40,0.374156926175726,7,0.07689635
40,0.374156926175726,8,0.07690064
40,0.374156926175726,9,0.07654887
40,0.374156926175726,10,0.0765027
40,0.374156926175726,11,0.07665898
40,0.374156926175726,12,0.07663567
40,0.374156926175726,13,0.07636636
40,0.374156926175726,14,0.07665309
40,0.374156926175726,15,0.07658828
41,0.385143589587085,0,0.07674441
41,0.385143589587085,1,0.07716332
41,0.385143589587085,2,0.07702929
41,0.385143589587085,3,0.07666752
41,0.385143589587085,4,0.07680323
41,0.385143589587085,5,0.07711136
41,0.385143589587085,6,0.07708409
41,0.385143589587085,7,0.07669172
41,0.385143589587085,8,0.07695083
41,0.385143589587085,9,0.07682331
41,0.385143589587085,10,0.0769173
41,0.385143589587085,11,0.07672082
41,0.385143589587085,12,0.07692033
41,0.385143589587085,13,0.07685933
41,0.385143589587085,14,0.07660831
41,0.385143589587085,15,0.07666345
42,0.394909512619404,0,0.07699666
42,0.394909512619404,1,0.07715903
42,0.394909512619404,2,0.07702398
42,0.394909512619404,3,0.07719745
42,0.394909512619404,4,0.07705303
42,0.394909512619404,5,0.0767604
42,0.394909512619404,6,0.07686184
42,0.394909512619404,7,0.07686055
42,0.394909512619404,8,0.07690617
42,0.394909512619404,9,0.0768223
42,0.394909512619404,10,0.07688749
42,0.394909512619404,11,0.07692111
42,0.394909512619404,12,0.07700268
42,0.394909512619404,13,0.07705292
42,0.394909512619404,14,0.07690522
42,0.394909512619404,15,0.07678522
43,0.404675435651723,0,0.07687923
43,0.404675435651723,1,0.07713298
43,0.404675435651723,2,0.07672316
43,0.404675435651723,3,0.07719021
43,0.404675435651723,4,0.07686212
43,0.404675435651723,5,0.07720046
43,0.404675435651723,6,0.07692412
43,0.404675435651723,7,0.07692122
43,0.404675435651723,8,0.07683803
43,0.404675435651723,9,0.07703831
43,0.404675435651723,10,0.07723865
43,0.404675435651723,11,0.07698367
43,0.404675435651723,12,0.07700157
43,0.404675435651723,13,0.07687099
43,0.404675435651723,14,0.07663562
43,0.404675435651723,15,0.07685542
44,0.415662099063082,0,0.07688548
44,0.415662099063082,1,0.07698869
44,0.415662099063082,2,0.07697112
44,0.415662099063082,3,0.07683212
44,0.415662099063082,4,0.07698874
44,0.415662099063082,5,0.07689016
44,0.415662099063082,6,0.07686524
44,0.415662099063082,7,0.07721055
44,0.415662099063082,8,0.07713918
44,0.415662099063082,9,0.07735401
44,0.415662099063082,10,0.07744044
44,0.415662099063082,11,0.07719995
44,0.415662099063082,12,0.07701579
44,0.415662099063082,13,0.07697158
44,0.415662099063082,14,0.07706212
44,0.415662099063082,15,0.07724831
45,0.424817651905881,0,0.07719281
45,0.424817651905881,1,0.07752258
45,0.424817651905881,2,0.07719566
45,0.424817651905881,3,0.07727262
45,0.424817651905881,4,0.07758185
45,0.424817651905881,5,0.07716823
45,0.424817651905881,6,0.07717352
45,0.424817651905881,7,0.07750652
45,0.424817651905881,8,0.07734983
45,0.424817651905881,9,0.07750183
45,0.424817651905881,10,0.07753216
45,0.424817651905881,11,0.07729647
45,0.424817651905881,12,0.07738123
45,0.424817651905881,13,0.0775833
45,0.424817651905881,14,0.07716895
45,0.424817651905881,15,0.07740024
46,0.43519394512772,0,0.0776042
46,0.43519394512772,1,0.07718011
46,0.43519394512772,2,0.07745416
46,0.43519394512772,3,0.07732107
46,0.43519394512772,4,0.07734292
46,0.43519394512772,5,0.0775107
46,0.43519394512772,6,0.07740124
46,0.43519394512772,7,0.07759216
46,0.43519394512772,8,0.07756166
46,0.43519394512772,9,0.07734141
46,0.43519394512772,10,0.07726798
46,0.43519394512772,11,0.07739294
46,0.43519394512772,12,0.07720085
46,0.43519394512772,13,0.07746152
46,0.43519394512772,14,0.07742856
46,0.43519394512772,15,0.07737816
47,0.445570238349559,0,0.07784977
47,0.445570238349559,1,0.07790787
47,0.445570238349559,2,0.07769956
47,0.445570238349559,3,0.07764006
47,0.445570238349559,4,0.07751238
47,0.445570238349559,5,0.07795426
47,0.445570238349559,6,0.07782328
47,0.445570238349559,7,0.0778525
47,0.445570238349559,8,0.07794897
47,0.445570238349559,9,0.07806527
47,0.445570238349559,10,0.07774985
47,0.445570238349559,11,0.07779902
47,0.445570238349559,12,0.07786901
47,0.445570238349559,13,0.07781263
47,0.445570238349559,14,0.07790408
47,0.445570238349559,15,0.07792626
48,0.454115421002838,0,0.07784268
48,0.454115421002838,1,0.07778843
48,0.454115421002838,2,0.07759356
48,0.454115421002838,3,0.07753568
48,0.454115421002838,4,0.07782317
48,0.454115421002838,5,0.07773557
48,0.454115421002838,6,0.07775292
48,0.454115421002838,7,0.07746721
48,0.454115421002838,8,0.07782941
48,0.454115421002838,9,0.07797277
48,0.454115421002838,10,0.07791104
48,0.454115421002838,11,0.07767893
48,0.454115421002838,12,0.07787792
48,0.454115421002838,13,0.07821587
48,0.454115421002838,14,0.07792309
48,0.454115421002838,15,0.0779227
49,0.464491714224677,0,0.07834417
49,0.464491714224677,1,0.07823846
49,0.464491714224677,2,0.07813676
49,0.464491714224677,3,0.07810297
49,0.464491714224677,4,0.07802273
49,0.464491714224677,5,0.07797801
49,0.464491714224677,6,0.07814919
49,0.464491714224677,7,0.07789889
49,0.464491714224677,8,0.07813013
49,0.464491714224677,9,0.07792833
49,0.464491714224677,10,0.0779615
49,0.464491714224677,11,0.0781358
49,0.464491714224677,12,0.07801838
49,0.464491714224677,13,0.07788974
49,0.464491714224677,14,0.07815092
49,0.464491714224677,15,0.07808139
50,0.474868007446516,0,0.07813162
50,0.474868007446516,1,0.07820462
50,0.474868007446516,2,0.07826539
50,0.474868007446516,3,0.07823288
50,0.474868007446516,4,0.07793418
50,0.474868007446516,5,0.07812878
50,0.474868007446516,6,0.07813603
50,0.474868007446516,7,0.07796541
50,0.474868007446516,8,0.078095
50,0.474868007446516,9,0.0780055
50,0.474868007446516,10,0.07804436
50,0.474868007446516,11,0.07796457
50,0.474868007446516,12,0.07804553
50,0.474868007446516,13,0.07815722
50,0.474868007446516,14,0.07838555
50,0.474868007446516,15,0.07836085
51,0.485244300668355,0,0.07819831
51,0.485244300668355,1,0.07843245
51,0.485244300668355,2,0.07829349
51,0.485244300668355,3,0.0786368
51,0.485244300668355,4,0.07830437
51,0.485244300668355,5,0.07840355
51,0.485244300668355,6,0.07807168
51,0.485244300668355,7,0.07810581
51,0.485244300668355,8,0.07803845
51,0.485244300668355,9,0.07856376
51,0.485244300668355,10,0.07829276
51,0.485244300668355,11,0.07852919
51,0.485244300668355,12,0.07842196
51,0.485244300668355,13,0.07843824
51,0.485244300668355,14,0.07874531
51,0.485244300668355,15,0.07858249
52,0.494399853511154,0,0.07841594
52,0.494399853511154,1,0.07857434
52,0.494399853511154,2,0.07869072
52,0.494399853511154,3,0.07838573
52,0.494399853511154,4,0.0784243
52,0.494399853511154,5,0.07828134
52,0.494399853511154,6,0.07864984
52,0.494399853511154,7,0.07847521
52,0.494399853511154,8,0.07847599
52,0.494399853511154,9,0.07830091
52,0.494399853511154,10,0.07824326
52,0.494399853511154,11,0.07817936
52,0.494399853511154,12,0.07824046
52,0.494399853511154,13,0.07822374
52,0.494399853511154,14,0.07845001
52,0.494399853511154,15,0.07819675
53,0.504776146732994,0,0.07845413
53,0.504776146732994,1,0.07865358
53,0.504776146732994,2,0.07832656
53,0.504776146732994,3,0.07834435
53,0.504776146732994,4,0.07862777
53,0.504776146732994,5,0.07881857
53,0.504776146732994,6,0.07842213
53,0.504776146732994,7,0.07844292
53,0.504776146732994,8,0.07865475
53,0.504776146732994,9,0.07851809
53,0.504776146732994,10,0.07867333
53,0.504776146732994,11,0.07876983
53,0.504776146732994,12,0.07861689
53,0.504776146732994,13,0.07878634
53,0.504776146732994,14,0.07865275
53,0.504776146732994,15,0.07850688
54,0.515152439954833,0,0.07828825
54,0.515152439954833,1,0.0787772
54,0.515152439954833,2,0.07862865
54,0.515152439954833,3,0.07863753
54,0.515152439954833,4,0.07850838
54,0.515152439954833,5,0.07843635
54,0.515152439954833,6,0.07839224
54,0.515152439954833,7,0.07856827
54,0.515152439954833,8,0.07850219
54,0.515152439954833,9,0.07862459
54,0.515152439954833,10,0.07856341
54,0.515152439954833,11,0.07873946
54,0.515152439954833,12,0.0785284
54,0.515152439954833,13,0.07847058
54,0.515152439954833,14,0.07829221
54,0.515152439954833,15,0.07852517
55,0.524307992797632,0,0.078876
55,0.524307992797632,1,0.07860769
55,0.524307992797632,2,0.07894073
55,0.524307992797632,3,0.07859319
55,0.524307992797632,4,0.07835494
55,0.524307992797632,5,0.07872785
55,0.524307992797632,6,0.07871821
55,0.524307992797632,7,0.07848201
55,0.524307992797632,8,0.07852261
55,0.524307992797632,9,0.07819497
55,0.524307992797632,10,0.07827716
55,0.524307992797632,11,0.07835549
55,0.524307992797632,12,0.07813776
55,0.524307992797632,13,0.0784853
55,0.524307992797632,14,0.07859726
55,0.524307992797632,15,0.07858913
56,0.535294656208991,0,0.07886597
56,0.535294656208991,1,0.07869718
56,0.535294656208991,2,0.07864606
56,0.535294656208991,3,0.07849579
56,0.535294656208991,4,0.07860039
56,0.535294656208991,5,0.07875931
56,0.535294656208991,6,0.0787622
56,0.535294656208991,7,0.0785976
56,0.535294656208991,8,0.0784814
56,0.535294656208991,9,0.07858884
56,0.535294656208991,10,0.07853209
56,0.535294656208991,11,0.07843205
56,0.535294656208991,12,0.07820065
56,0.535294656208991,13,0.0783226
56,0.535294656208991,14,0.07853967
56,0.535294656208991,15,0.07826584
57,0.54506057924131,0,0.07865693
57,0.54506057924131,1,0.07884668
57,0.54506057924131,2,0.07865258
57,0.54506057924131,3,0.07858382
57,0.54506057924131,4,0.07851914
57,0.54506057924131,5,0.07832834
57,0.54506057924131,6,0.07845051
57,0.54506057924131,7,0.07849601
57,0.54506057924131,8,0.07842781
57,0.54506057924131,9,0.07812354
57,0.54506057924131,10,0.07845084
57,0.54506057924131,11,0.07858662
57,0.54506057924131,12,0.07838801
57,0.54506057924131,13,0.07838879
57,0.54506057924131,14,0.07846807
57,0.54506057924131,15,0.07849908
58,0.554826502273629,0,0.07873493
58,0.554826502273629,1,0.0787361
58,0.554826502273629,2,0.07878857
58,0.554826502273629,3,0.07898161
58,0.554826502273629,4,0.07861917
58,0.554826502273629,5,0.07867142
58,0.554826502273629,6,0.07873192
58,0.554826502273629,7,0.07894799
58,0.554826502273629,8,0.07866552
58,0.554826502273629,9,0.07875735
58,0.554826502273629,10,0.07872713
58,0.554826502273629,11,0.07862247
58,0.554826502273629,12,0.07885247
58,0.554826502273629,13,0.07870688
58,0.554826502273629,14,0.0789757
58,0.554826502273629,15,0.07899762
59,0.565202795495468,0,0.0792948
59,0.565202795495468,1,0.07913628
59,0.565202795495468,2,0.0790449
59,0.565202795495468,3,0.07900414
59,0.565202795495468,4,0.07895669
59,0.565202795495468,5,0.07884929
59,0.565202795495468,6,0.07902522
59,0.565202795495468,7,0.0790299
59,0.565202795495468,8,0.07859944
59,0.565202795495468,9,0.07871632
59,0.565202795495468,10,0.07873872
59,0.565202795495468,11,0.07894375
59,0.565202795495468,12,0.07886173
59,0.565202795495468,13,0.07891598
59,0.565202795495468,14,0.07890701
59,0.565202795495468,15,0.07889629
60,0.574968718527787,0,0.07880971
60,0.574968718527787,1,0.0790048
60,0.574968718527787,2,0.07892975
60,0.574968718527787,3,0.07864968
60,0.574968718527787,4,0.07892373
60,0.574968718527787,5,0.07912792
60,0.574968718527787,6,0.07856549
60,0.574968718527787,7,0.07875679
60,0.574968718527787,8,0.07898484
60,0.574968718527787,9,0.0790865
60,0.574968718527787,10,0.07904015
60,0.574968718527787,11,0.07901578
60,0.574968718527787,12,0.07897586
60,0.574968718527787,13,0.07902036
60,0.574968718527787,14,0.07887042
60,0.574968718527787,15,0.07923486
61,0.584734641560106,0,0.07935175
61,0.584734641560106,1,0.07927802
61,0.584734641560106,2,0.07925209
61,0.584734641560106,3,0.07934415
61,0.584734641560106,4,0.07939947
61,0.584734641560106,5,0.0790604
61,0.584734641560106,6,0.07943164
61,0.584734641560106,7,0.07931404
61,0.584734641560106,8,0.07934951
61,0.584734641560106,9,0.07928409
61,0.584734641560106,10,0.07927942
61,0.584734641560106,11,0.07940637
61,0.584734641560106,12,0.07938403
61,0.584734641560106,13,0.07929353
61,0.584734641560106,14,0.07934126
61,0.584734641560106,15,0.07910462
62,0.595110934781945,0,0.07915541
62,0.595110934781945,1,0.0791117
62,0.595110934781945,2,0.07942673
62,0.595110934781945,3,0.07916053
62,0.595110934781945,4,0.07921094
62,0.595110934781945,5,0.07949911
62,0.595110934781945,6,0.07944497
62,0.595110934781945,7,0.07919561
62,0.595110934781945,8,0.07939065
62,0.595110934781945,9,0.0792609
62,0.595110934781945,10,0.0792817
62,0.595110934781945,11,0.07939021
62,0.595110934781945,12,0.07927512
62,0.595110934781945,13,0.07933316
62,0.595110934781945,14,0.07937075
62,0.595110934781945,15,0.07902716
63,0.604876857814264,0,0.07938335
63,0.604876857814264,1,0.07965941
63,0.604876857814264,2,0.07943074
63,0.604876857814264,3,0.07936712
63,0.604876857814264,4,0.07904322
63,0.604876857814264,5,0.07940365
63,0.604876857814264,6,0.07951416
63,0.604876857814264,7,0.07939812
63,0.604876857814264,8,0.07937124
63,0.604876857814264,9,0.0794302
63,0.604876857814264,10,0.07942516
63,0.604876857814264,11,0.07923174
63,0.604876857814264,12,0.07920464
63,0.604876857814264,13,0.07923782
63,0.604876857814264,14,0.07941162
63,0.604876857814264,15,0.07907233
64,0.615253151036104,0,0.07931008
64,0.615253151036104,1,0.07946983
64,0.615253151036104,2,0.0793699
64,0.615253151036104,3,0.07969761
64,0.615253151036104,4,0.07947425
64,0.615253151036104,5,0.07961018
64,0.615253151036104,6,0.07972565
64,0.615253151036104,7,0.0795615
64,0.615253151036104,8,0.07958832
64,0.615253151036104,9,0.07957355
64,0.615253151036104,10,0.07931125
64,0.615253151036104,11,0.07941965
64,0.615253151036104,12,0.07972358
64,0.615253151036104,13,0.0795934
64,0.615253151036104,14,0.0794661
64,0.615253151036104,15,0.07939935
65,0.624408703878903,0,0.08023244
65,0.624408703878903,1,0.07994249
65,0.624408703878903,2,0.07998611
65,0.624408703878903,3,0.08010692
65,0.624408703878903,4,0.07971917
65,0.624408703878903,5,0.07974572
65,0.624408703878903,6,0.07986125
65,0.624408703878903,7,0.07985228
65,0.624408703878903,8,0.07994952
65,0.624408703878903,9,0.08017701
65,0.624408703878903,10,0.07975381
65,0.624408703878903,11,0.07982903
65,0.624408703878903,12,0.0799096
65,0.624408703878903,13,0.0801966
65,0.624408703878903,14,0.07991706
65,0.624408703878903,15,0.07988836
66,0.634784997100742,0,0.0796094
66,0.634784997100742,1,0.07992861
66,0.634784997100742,2,0.07992655
66,0.634784997100742,3,0.07994238
66,0.634784997100742,4,0.08017664
66,0.634784997100742,5,0.08030659
66,0.634784997100742,6,0.08036197
66,0.634784997100742,7,0.08018816
66,0.634784997100742,8,0.08018722
66,0.634784997100742,9,0.07999067
66,0.634784997100742,10,0.08015309
66,0.634784997100742,11,0.08011708
66,0.634784997100742,12,0.08012722
66,0.634784997100742,13,0.08033516
66,0.634784997100742,14,0.08028898
66,0.634784997100742,15,0.08047383
67,0.645161290322581,0,0.08009906
67,0.645161290322581,1,0.08016676
67,0.645161290322581,2,0.08024643
67,0.645161290322581,3,0.08019771
67,0.645161290322581,4,0.08009493
67,0.645161290322581,5,0.08002663
67,0.645161290322581,6,0.08000077
67,0.645161290322581,7,0.08034786
67,0.645161290322581,8,0.08023969
67,0.645161290322581,9,0.07987195
67,0.645161290322581,10,0.07995873
67,0.645161290322581,11,0.07987843
67,0.645161290322581,12,0.07990436
67,0.645161290322581,13,0.08026432
67,0.645161290322581,14,0.07992867
67,0.645161290322581,15,0.07985005
68,0.6549272133549,0,0.08021884
68,0.6549272133549,1,0.07996799
68,0.6549272133549,2,0.0799905
68,0.6549272133549,3,0.08017746
68,0.6549272133549,4,0.08009505
68,0.6549272133549,5,0.08043294
68,0.6549272133549,6,0.08026066
68,0.6549272133549,7,0.08040501
68,0.6549272133549,8,0.08049023
68,0.6549272133549,9,0.08026261
68,0.6549272133549,10,0.0802534
68,0.6549272133549,11,0.08034456
68,0.6549272133549,12,0.08030358
68,0.6549272133549,13,0.0802263
68,0.6549272133549,14,0.07991517
68,0.6549272133549,15,0.08023462
69,0.664082766197699,0,0.08041063
69,0.664082766197699,1,0.08008868
69,0.664082766197699,2,0.08030203
69,0.664082766197699,3,0.08014294
69,0.664082766197699,4,0.08014689
69,0.664082766197699,5,0.08015633
69,0.664082766197699,6,0.07995454
69,0.664082766197699,7,0.07995706
69,0.664082766197699,8,0.08017233
69,0.664082766197699,9,0.08007627
69,0.664082766197699,10,0.08011696
69,0.664082766197699,11,0.08036965
69,0.664082766197699,12,0.08015567
69,0.664082766197699,13,0.08034083
69,0.664082766197699,14,0.08004186
69,0.664082766197699,15,0.07992136
70,0.675069429609058,0,0.08012628
70,0.675069429609058,1,0.08026756
70,0.675069429609058,2,0.08002947
70,0.675069429609058,3,0.08014211
70,0.675069429609058,4,0.08024938
70,0.675069429609058,5,0.08035712
70,0.675069429609058,6,0.08025429
70,0.675069429609058,7,0.08017959
70,0.675069429609058,8,0.08030275
70,0.675069429609058,9,0.08056341
70,0.675069429609058,10,0.08064523
70,0.675069429609058,11,0.08026981
70,0.675069429609058,12,0.08018231
70,0.675069429609058,13,0.08054781
70,0.675069429609058,14,0.08007013
70,0.675069429609058,15,0.08019911
71,0.684835352641377,0,0.07968321
71,0.684835352641377,1,0.07987118
71,0.684835352641377,2,0.08001287
71,0.684835352641377,3,0.07985991
71,0.684835352641377,4,0.0800761
71,0.684835352641377,5,0.08005373
71,0.684835352641377,6,0.07969341
71,0.684835352641377,7,0.07996033
71,0.684835352641377,8,0.07987738
71,0.684835352641377,9,0.08009026
71,0.684835352641377,10,0.0799817
71,0.684835352641377,11,0.08006947
71,0.684835352641377,12,0.08013365
71,0.684835352641377,13,0.08009081
71,0.684835352641377,14,0.07981683
71,0.684835352641377,15,0.07990402
72,0.695211645863216,0,0.07976881
72,0.695211645863216,1,0.07974366
72,0.695211645863216,2,0.08003283
72,0.695211645863216,3,0.07975464
72,0.695211645863216,4,0.07991505
72,0.695211645863216,5,0.07995337
72,0.695211645863216,6,0.07995219
72,0.695211645863216,7,0.0798259
72,0.695211645863216,8,0.07982317
72,0.695211645863216,9,0.07968829
72,0.695211645863216,10,0.07978994
72,0.695211645863216,11,0.08009588
72,0.695211645863216,12,0.0798655
72,0.695211645863216,13,0.0799634
72,0.695211645863216,14,0.07997183
72,0.695211645863216,15,0.07996768
73,0.705587939085055,0,0.08002886
73,0.705587939085055,1,0.07990046
73,0.705587939085055,2,0.0803661
73,0.705587939085055,3,0.08000544
73,0.705587939085055,4,0.07988021
73,0.705587939085055,5,0.08023227
73,0.705587939085055,6,0.08014853
73,0.705587939085055,7,0.08020445
73,0.705587939085055,8,0.08020835
73,0.705587939085055,9,0.08002374
73,0.705587939085055,10,0.07965026
73,0.705587939085055,11,0.07979412
73,0.705587939085055,12,0.07996796
73,0.705587939085055,13,0.07977254
73,0.705587939085055,14,0.08005407
73,0.705587939085055,15,0.080128
74,0.714743491927854,0,0.07975682
74,0.714743491927854,1,0.07952888
74,0.714743491927854,2,0.07940745
74,0.714743491927854,3,0.07994803
74,0.714743491927854,4,0.07992689
74,0.714743491927854,5,0.07962918
74,0.714743491927854,6,0.07988406
74,0.714743491927854,7,0.07969319
74,0.714743491927854,8,0.07965132
74,0.714743491927854,9,0.07949074
74,0.714743491927854,10,0.07966498
74,0.714743491927854,11,0.07971762
74,0.714743491927854,12,0.07977506
74,0.714743491927854,13,0.07970675
74,0.714743491927854,14,0.07962612
74,0.714743491927854,15,0.07958838
75,0.725119785149693,0,0.07977093
75,0.725119785149693,1,0.07976301
75,0.725119785149693,2,0.07964978
75,0.725119785149693,3,0.07979111
75,0.725119785149693,4,0.08008541
75,0.725119785149693,5,0.07970535
75,0.725119785149693,6,0.07984988
75,0.725119785149693,7,0.0795605
75,0.725119785149693,8,0.08001436
75,0.725119785149693,9,0.07987319
75,0.725119785149693,10,0.07968066
75,0.725119785149693,11,0.07974873
75,0.725119785149693,12,0.07963515
75,0.725119785149693,13,0.07972754
75,0.725119785149693,14,0.07982145
75,0.725119785149693,15,0.07993241
76,0.734275337992492,0,0.0797111
76,0.734275337992492,1,0.07999982
76,0.734275337992492,2,0.07970239
76,0.734275337992492,3,0.0798331
76,0.734275337992492,4,0.07975928
76,0.734275337992492,5,0.07948021
76,0.734275337992492,6,0.07970987
76,0.734275337992492,7,0.07988895
76,0.734275337992492,8,0.0799111
76,0.734275337992492,9,0.07969259
76,0.734275337992492,10,0.0796835
76,0.734275337992492,11,0.07969282
76,0.734275337992492,12,0.07993028
76,0.734275337992492,13,0.079821
76,0.734275337992492,14,0.0799223
76,0.734275337992492,15,0.07982691
77,0.744651631214332,0,0.0797649
77,0.744651631214332,1,0.07972465
77,0.744651631214332,2,0.07992638
77,0.744651631214332,3,0.07992794
77,0.744651631214332,4,0.07985813
77,0.744651631214332,5,0.08010019
77,0.744651631214332,6,0.0797286
77,0.744651631214332,7,0.07959211
77,0.744651631214332,8,0.07972872
77,0.744651631214332,9,0.07960377
77,0.744651631214332,10,0.07964625
77,0.744651631214332,11,0.07988512
77,0.744651631214332,12,0.07964648
77,0.744651631214332,13,0.07985629
77,0.744651631214332,14,0.07971008
77,0.744651631214332,15,0.0798423
78,0.754417554246651,0,0.07975364
78,0.754417554246651,1,0.07979183
78,0.754417554246651,2,0.07982831
78,0.754417554246651,3,0.07978197
78,0.754417554246651,4,0.07972766
78,0.754417554246651,5,0.07964931
78,0.754417554246651,6,0.07975676
78,0.754417554246651,7,0.0798152
78,0.754417554246651,8,0.07981185
78,0.754417554246651,9,0.07985182
78,0.754417554246651,10,0.07989521
78,0.754417554246651,11,0.08001341
78,0.754417554246651,12,0.07991774
78,0.754417554246651,13,0.07982908
78,0.754417554246651,14,0.07978097
78,0.754417554246651,15,0.07983889
79,0.76479384746849,0,0.07956082
79,0.76479384746849,1,0.07957906
79,0.76479384746849,2,0.07958608
79,0.76479384746849,3,0.07996877
79,0.76479384746849,4,0.0798694
79,0.76479384746849,5,0.07982171
79,0.76479384746849,6,0.07960114
79,0.76479384746849,7,0.0798756
79,0.76479384746849,8,0.07983671
79,0.76479384746849,9,0.07948454
79,0.76479384746849,10,0.07974678
79,0.76479384746849,11,0.07969531
79,0.76479384746849,12,0.07949469
79,0.76479384746849,13,0.07948684
79,0.76479384746849,14,0.07937755
79,0.76479384746849,15,0.07946052
80,0.773949400311289,0,0.07969872
80,0.773949400311289,1,0.07983299
80,0.773949400311289,2,0.07946604
80,0.773949400311289,3,0.07954009
80,0.773949400311289,4,0.07956891
80,0.773949400311289,5,0.079547
80,0.773949400311289,6,0.07951996
80,0.773949400311289,7,0.07959679
80,0.773949400311289,8,0.07933611
80,0.773949400311289,9,0.07953484
80,0.773949400311289,10,0.07953317
80,0.773949400311289,11,0.07950585
80,0.773949400311289,12,0.07953579
80,0.773949400311289,13,0.07953473
80,0.773949400311289,14,0.07948773
80,0.773949400311289,15,0.07950061
81,0.784936063722648,0,0.0794986
81,0.784936063722648,1,0.07957806
81,0.784936063722648,2,0.07946074
81,0.784936063722648,3,0.07925677
81,0.784936063722648,4,0.07945673
81,0.784936063722648,5,0.07939356
81,0.784936063722648,6,0.07941787
81,0.784936063722648,7,0.07929414
81,0.784936063722648,8,0.07952385
81,0.784936063722648,9,0.07947279
81,0.784936063722648,10,0.0795712
81,0.784936063722648,11,0.07976791
81,0.784936063722648,12,0.07978097
81,0.784936063722648,13,0.07958703
81,0.784936063722648,14,0.07969347
81,0.784936063722648,15,0.07966081
82,0.794091616565447,0,0.07951204
82,0.794091616565447,1,0.07940744
82,0.794091616565447,2,0.07953105
82,0.794091616565447,3,0.07948755
82,0.794091616565447,4,0.07978905
82,0.794091616565447,5,0.07946854
82,0.794091616565447,6,0.07923213
82,0.794091616565447,7,0.07940528
82,0.794091616565447,8,0.07946347
82,0.794091616565447,9,0.07957705
82,0.794091616565447,10,0.07960438
82,0.794091616565447,11,0.07948159
82,0.794091616565447,12,0.07954121
82,0.794091616565447,13,0.07958513
82,0.794091616565447,14,0.07950664
82,0.794091616565447,15,0.07990046
83,0.804467909787286,0,0.079639
83,0.804467909787286,1,0.0798109
83,0.804467909787286,2,0.07960092
83,0.804467909787286,3,0.07953986
83,0.804467909787286,4,0.07943347
83,0.804467909787286,5,0.07956401
83,0.804467909787286,6,0.07947233
83,0.804467909787286,7,0.07952481
83,0.804467909787286,8,0.07953869
83,0.804467909787286,9,0.07948761
83,0.804467909787286,10,0.07961803
83,0.804467909787286,11,0.07956974
83,0.804467909787286,12,0.07969666
83,0.804467909787286,13,0.07961932
83,0.804467909787286,14,0.07971713
83,0.804467909787286,15,0.07952185
84,0.814233832819605,0,0.07993246
84,0.814233832819605,1,0.07970899
84,0.814233832819605,2,0.07956216
84,0.814233832819605,3,0.07995692
84,0.814233832819605,4,0.07967854
84,0.814233832819605,5,0.07978297
84,0.814233832819605,6,0.07955764
84,0.814233832819605,7,0.07970776
84,0.814233832819605,8,0.07951359
84,0.814233832819605,9,0.0796293
84,0.814233832819605,10,0.07947557
84,0.814233832819605,11,0.07937159
84,0.814233832819605,12,0.07939745
84,0.814233832819605,13,0.07940554
84,0.814233832819605,14,0.07970841
84,0.814233832819605,15,0.07962612
85,0.824610126041444,0,0.07973213
85,0.824610126041444,1,0.07939623
85,0.824610126041444,2,0.07934951
85,0.824610126041444,3,0.07909898
85,0.824610126041444,4,0.07935189
85,0.824610126041444,5,0.07934136
85,0.824610126041444,6,0.0792933
85,0.824610126041444,7,0.07956011
85,0.824610126041444,8,0.07894582
85,0.824610126041444,9,0.07914338
85,0.824610126041444,10,0.07937727
85,0.824610126041444,11,0.07945404
85,0.824610126041444,12,0.07950791
85,0.824610126041444,13,0.07918586
85,0.824610126041444,14,0.07943029
85,0.824610126041444,15,0.07933896
86,0.834376049073763,0,0.07919299
86,0.834376049073763,1,0.079243
86,0.834376049073763,2,0.07926615
86,0.834376049073763,3,0.07934929
86,0.834376049073763,4,0.07916071
86,0.834376049073763,5,0.07952954
86,0.834376049073763,6,0.07923386
86,0.834376049073763,7,0.0794298
86,0.834376049073763,8,0.07930066
86,0.834376049073763,9,0.07921189
86,0.834376049073763,10,0.07927211
86,0.834376049073763,11,0.07952531
86,0.834376049073763,12,0.07947195
86,0.834376049073763,13,0.07956027
86,0.834376049073763,14,0.07955173
86,0.834376049073763,15,0.07951539
87,0.844752342295602,0,0.07937203
87,0.844752342295602,1,0.07945494
87,0.844752342295602,2,0.07917977
87,0.844752342295602,3,0.07949788
87,0.844752342295602,4,0.07940973
87,0.844752342295602,5,0.07968851
87,0.844752342295602,6,0.07959841
87,0.844752342295602,7,0.07954533
87,0.844752342295602,8,0.0796104
87,0.844752342295602,9,0.07936812
87,0.844752342295602,10,0.07964074
87,0.844752342295602,11,0.07967033
87,0.844752342295602,12,0.07943777
87,0.844752342295602,13,0.07963333
87,0.844752342295602,14,0.07933907
87,0.844752342295602,15,0.07920943
88,0.854518265327921,0,0.07947557
88,0.854518265327921,1,0.07939924
88,0.854518265327921,2,0.07930383
88,0.854518265327921,3,0.07973764
88,0.854518265327921,4,0.07968177
88,0.854518265327921,5,0.07960811
88,0.854518265327921,6,0.07951399
88,0.854518265327921,7,0.07959706
88,0.854518265327921,8,0.07976803
88,0.854518265327921,9,0.07964682
88,0.854518265327921,10,0.07962763
88,0.854518265327921,11,0.07945316
88,0.854518265327921,12,0.07954031
88,0.854518265327921,13,0.07944792
88,0.854518265327921,14,0.0793828
88,0.854518265327921,15,0.07964931
89,0.86428418836024,0,0.07902627
89,0.86428418836024,1,0.07930551
89,0.86428418836024,2,0.0793393
89,0.86428418836024,3,0.07915557
89,0.86428418836024,4,0.07933439
89,0.86428418836024,5,0.07929101
89,0.86428418836024,6,0.07944736
89,0.86428418836024,7,0.07929844
89,0.86428418836024,8,0.07921714
89,0.86428418836024,9,0.07952526
89,0.86428418836024,10,0.07941987
89,0.86428418836024,11,0.07928499
89,0.86428418836024,12,0.07937945
89,0.86428418836024,13,0.07940932
89,0.86428418836024,14,0.07933517
89,0.86428418836024,15,0.07949678
90,0.87466048158208,0,0.07935972
90,0.87466048158208,1,0.07960016
90,0.87466048158208,2,0.07981876
90,0.87466048158208,3,0.07953719
90,0.87466048158208,4,0.07966521
90,0.87466048158208,5,0.07967658
90,0.87466048158208,6,0.07936121
90,0.87466048158208,7,0.07970234
90,0.87466048158208,8,0.07941842
90,0.87466048158208,9,0.07927512
90,0.87466048158208,10,0.07920348
90,0.87466048158208,11,0.07943761
90,0.87466048158208,12,0.079333
90,0.87466048158208,13,0.07911509
90,0.87466048158208,14,0.07953607
90,0.87466048158208,15,0.07938469
91,0.883816034424879,0,0.07946872
91,0.883816034424879,1,0.07954605
91,0.883816034424879,2,0.07950012
91,0.883816034424879,3,0.07933707
91,0.883816034424879,4,0.07934627
91,0.883816034424879,5,0.07950121
91,0.883816034424879,6,0.07916048
91,0.883816034424879,7,0.07933835
91,0.883816034424879,8,0.07921702
91,0.883816034424879,9,0.0792231
91,0.883816034424879,10,0.07902678
91,0.883816034424879,11,0.07946376
91,0.883816034424879,12,0.07953768
91,0.883816034424879,13,0.07945004
91,0.883816034424879,14,0.07941245
91,0.883816034424879,15,0.07974182
92,0.893581957457198,0,0.07973936
92,0.893581957457198,1,0.07946008
92,0.893581957457198,2,0.07952426
92,0.893581957457198,3,0.0791916
92,0.893581957457198,4,0.07961536
92,0.893581957457198,5,0.07945538
92,0.893581957457198,6,0.07950195
92,0.893581957457198,7,0.07954316
92,0.893581957457198,8,0.07932112
92,0.893581957457198,9,0.07968851
92,0.893581957457198,10,0.07946499
92,0.893581957457198,11,0.0796129
92,0.893581957457198,12,0.07959428
92,0.893581957457198,13,0.07952709
92,0.893581957457198,14,0.07958408
92,0.893581957457198,15,0.07936261
93,0.903347880489517,0,0.07965456
93,0.903347880489517,1,0.07980789
93,0.903347880489517,2,0.07951494
93,0.903347880489517,3,0.07962523
93,0.903347880489517,4,0.07966738
93,0.903347880489517,5,0.07977311
93,0.903347880489517,6,0.07984927
93,0.903347880489517,7,0.07976826
93,0.903347880489517,8,0.08000584
93,0.903347880489517,9,0.07995844
93,0.903347880489517,10,0.07962907
93,0.903347880489517,11,0.0794647
93,0.903347880489517,12,0.07970385
93,0.903347880489517,13,0.07995164
93,0.903347880489517,14,0.07972777
93,0.903347880489517,15,0.07995293
94,0.914334543900876,0,0.07982814
94,0.914334543900876,1,0.08000338
94,0.914334543900876,2,0.07985145
94,0.914334543900876,3,0.07981487
94,0.914334543900876,4,0.07990697
94,0.914334543900876,5,0.07984758
94,0.914334543900876,6,0.07975387
94,0.914334543900876,7,0.07978002
94,0.914334543900876,8,0.08007669
94,0.914334543900876,9,0.08014509
94,0.914334543900876,10,0.07996813
94,0.914334543900876,11,0.08020155
94,0.914334543900876,12,0.08004788
94,0.914334543900876,13,0.07967033
94,0.914334543900876,14,0.07974076
94,0.914334543900876,15,0.07994166
95,0.923490096743675,0,0.08007213
95,0.923490096743675,1,0.08017948
95,0.923490096743675,2,0.08003572
95,0.923490096743675,3,0.08022753
95,0.923490096743675,4,0.08029613
95,0.923490096743675,5,0.08041817
95,0.923490096743675,6,0.0803929
95,0.923490096743675,7,0.08031012
95,0.923490096743675,8,0.08047497
95,0.923490096743675,9,0.08043265
95,0.923490096743675,10,0.08016594
95,0.923490096743675,11,0.08046075
95,0.923490096743675,12,0.08050076
95,0.923490096743675,13,0.08043411
95,0.923490096743675,14,0.08023656
95,0.923490096743675,15,0.08035093
96,0.933866389965514,0,0.08006065
96,0.933866389965514,1,0.08012393
96,0.933866389965514,2,0.08029483
96,0.933866389965514,3,0.08028457
96,0.933866389965514,4,0.08035233
96,0.933866389965514,5,0.08037028
96,0.933866389965514,6,0.08012699
96,0.933866389965514,7,0.080584
96,0.933866389965514,8,0.08043801
96,0.933866389965514,9,0.08086792
96,0.933866389965514,10,0.08053537
96,0.933866389965514,11,0.0805487
96,0.933866389965514,12,0.08019777
96,0.933866389965514,13,0.08078946
96,0.933866389965514,14,0.08073573
96,0.933866389965514,15,0.08069518
97,0.944242683187353,0,0.08042566
97,0.944242683187353,1,0.08067783
97,0.944242683187353,2,0.08048146
97,0.944242683187353,3,0.08044975
97,0.944242683187353,4,0.08048926
97,0.944242683187353,5,0.08058535
97,0.944242683187353,6,0.08077163
97,0.944242683187353,7,0.08059648
97,0.944242683187353,8,0.08063974
97,0.944242683187353,9,0.08064912
97,0.944242683187353,10,0.08071772
97,0.944242683187353,11,0.0807113
97,0.944242683187353,12,0.080584
97,0.944242683187353,13,0.08059375
97,0.944242683187353,14,0.08026177
97,0.944242683187353,15,0.08047444
98,0.954618976409192,0,0.08061194
98,0.954618976409192,1,0.08031067
98,0.954618976409192,2,0.08010197
98,0.954618976409192,3,0.08031061
98,0.954618976409192,4,0.08051134
98,0.954618976409192,5,0.08061778
98,0.954618976409192,6,0.08065491
98,0.954618976409192,7,0.08032612
98,0.954618976409192,8,0.0804422
98,0.954618976409192,9,0.08028569
98,0.954618976409192,10,0.08036587
98,0.954618976409192,11,0.0801822
98,0.954618976409192,12,0.08034986
98,0.954618976409192,13,0.08051576
98,0.954618976409192,14,0.08063295
98,0.954618976409192,15,0.08029962
99,0.964384899441511,0,0.08007174
99,0.964384899441511,1,0.08016453
99,0.964384899441511,2,0.08025888
99,0.964384899441511,3,0.08016921
99,0.964384899441511,4,0.08058005
99,0.964384899441511,5,0.08019006
99,0.964384899441511,6,0.08004257
99,0.964384899441511,7,0.08062805
99,0.964384899441511,8,0.08025334
99,0.964384899441511,9,0.08011372
99,0.964384899441511,10,0.08029906
99,0.964384899441511,11,0.08041014
99,0.964384899441511,12,0.08029065
99,0.964384899441511,13,0.08018839
99,0.964384899441511,14,0.0801894
99,0.964384899441511,15,0.08012511
100,0.97415082247383,0,0.08058183
100,0.97415082247383,1,0.08039331
100,0.97415082247383,2,0.08058991
100,0.97415082247383,3,0.08053844
100,0.97415082247383,4,0.08020792
100,0.97415082247383,5,0.08063241
100,0.97415082247383,6,0.08069618
100,0.97415082247383,7,0.08059303
100,0.97415082247383,8,0.08048246
100,0.97415082247383,9,0.08053654
100,0.97415082247383,10,0.08047495
100,0.97415082247383,11,0.08039698
100,0.97415082247383,12,0.08048826
100,0.97415082247383,13,0.08062593
100,0.97415082247383,14,0.08027801
100,0.97415082247383,15,0.08020015
101,0.984527115695669,0,0.08052108
101,0.984527115695669,1,0.0805036
101,0.984527115695669,2,0.08047968
101,0.984527115695669,3,0.08059783
101,0.984527115695669,4,0.08051937
101,0.984527115695669,5,0.08061666
101,0.984527115695669,6,0.080417
101,0.984527115695669,7,0.08067299
101,0.984527115695669,8,0.08044007
101,0.984527115695669,9,0.08032288
101,0.984527115695669,10,0.08047031
101,0.984527115695669,11,0.0803802
101,0.984527115695669,12,0.08026562
101,0.984527115695669,13,0.0802655
101,0.984527115695669,14,0.08058406
101,0.984527115695669,15,0.08031663
102,0.993682668538469,0,0.08063387
102,0.993682668538469,1,0.08068686
102,0.993682668538469,2,0.08034206
102,0.993682668538469,3,0.08063874
102,0.993682668538469,4,0.08061093
102,0.993682668538469,5,0.08059771
102,0.993682668538469,6,0.08066914
102,0.993682668538469,7,0.08058713
102,0.993682668538469,8,0.08072534
102,0.993682668538469,9,0.08044739
102,0.993682668538469,10,0.0805951
102,0.993682668538469,11,0.08064589
102,0.993682668538469,12,0.08055177
102,0.993682668538469,13,0.08048424
102,0.993682668538469,14,0.08060574
102,0.993682668538469,15,0.0805163
103,1.00527970213935,0,0.08024236
103,1.00527970213935,1,0.0805089
103,1.00527970213935,2,0.08048358
103,1.00527970213935,3,0.08038204
103,1.00527970213935,4,0.08054965
103,1.00527970213935,5,0.08035494
103,1.00527970213935,6,0.08033475
103,1.00527970213935,7,0.0805317
103,1.00527970213935,8,0.08047237
103,1.00527970213935,9,0.08032985
103,1.00527970213935,10,0.08058183
103,1.00527970213935,11,0.08029914
103,1.00527970213935,12,0.08016206
103,1.00527970213935,13,0.08038092
103,1.00527970213935,14,0.08044261
103,1.00527970213935,15,0.08047148
104,1.01443525498215,0,0.08029165
104,1.01443525498215,1,0.08019051
104,1.01443525498215,2,0.0802175
104,1.01443525498215,3,0.08018733
104,1.01443525498215,4,0.0802442
104,1.01443525498215,5,0.08013904
104,1.01443525498215,6,0.08007647
104,1.01443525498215,7,0.08012789
104,1.01443525498215,8,0.08041596
104,1.01443525498215,9,0.08036776
104,1.01443525498215,10,0.08040903
104,1.01443525498215,11,0.08029661
104,1.01443525498215,12,0.08009889
104,1.01443525498215,13,0.08001493
104,1.01443525498215,14,0.08024259
104,1.01443525498215,15,0.0800966
105,1.02420117801447,0,0.08004269
105,1.02420117801447,1,0.08000974
105,1.02420117801447,2,0.08007368
105,1.02420117801447,3,0.08000685
105,1.02420117801447,4,0.08013503
105,1.02420117801447,5,0.0801779
105,1.02420117801447,6,0.08039586
105,1.02420117801447,7,0.08048588
105,1.02420117801447,8,0.08029678
105,1.02420117801447,9,0.08046256
105,1.02420117801447,10,0.08036492
105,1.02420117801447,11,0.08026657
105,1.02420117801447,12,0.08005161
105,1.02420117801447,13,0.08036202
105,1.02420117801447,14,0.08022793
105,1.02420117801447,15,0.08006913
106,1.0345774712363,0,0.08030398
106,1.0345774712363,1,0.08011702
106,1.0345774712363,2,0.08047297
106,1.0345774712363,3,0.08039474
106,1.0345774712363,4,0.08025687
106,1.0345774712363,5,0.08042319
106,1.0345774712363,6,0.08018036
106,1.0345774712363,7,0.08031035
106,1.0345774712363,8,0.0802382
106,1.0345774712363,9,0.08028362
106,1.0345774712363,10,0.08013359
106,1.0345774712363,11,0.08037513
106,1.0345774712363,12,0.08012823
106,1.0345774712363,13,0.08025824
106,1.0345774712363,14,0.08036604
106,1.0345774712363,15,0.08033002
107,1.04495376445814,0,0.08062498
107,1.04495376445814,1,0.08054036
107,1.04495376445814,2,0.08068136
107,1.04495376445814,3,0.08037891
107,1.04495376445814,4,0.08052963
107,1.04495376445814,5,0.08012255
107,1.04495376445814,6,0.08047114
107,1.04495376445814,7,0.0803449
107,1.04495376445814,8,0.08045541
107,1.04495376445814,9,0.08027448
107,1.04495376445814,10,0.08015539
107,1.04495376445814,11,0.08022576
107,1.04495376445814,12,0.08009459
107,1.04495376445814,13,0.0801506
107,1.04495376445814,14,0.08030398
107,1.04495376445814,15,0.07993206
108,1.05349894711142,0,0.07997874
108,1.05349894711142,1,0.08002201
108,1.05349894711142,2,0.08018125
108,1.05349894711142,3,0.08059955
108,1.05349894711142,4,0.08035577
108,1.05349894711142,5,0.07996988
108,1.05349894711142,6,0.08040813
108,1.05349894711142,7,0.08044315
108,1.05349894711142,8,0.08051946
108,1.05349894711142,9,0.08035454
108,1.05349894711142,10,0.08030877
108,1.05349894711142,11,0.08047698
108,1.05349894711142,12,0.08049723
108,1.05349894711142,13,0.08028988
108,1.05349894711142,14,0.07994261
108,1.05349894711142,15,0.08000277
109,1.06448561052278,0,0.08000323
109,1.06448561052278,1,0.08008613
109,1.06448561052278,2,0.08012198
109,1.06448561052278,3,0.08020181
109,1.06448561052278,4,0.08022558
109,1.06448561052278,5,0.08021455
109,1.06448561052278,6,0.08004232
109,1.06448561052278,7,0.0800724
109,1.06448561052278,8,0.08006322
109,1.06448561052278,9,0.08017138
109,1.06448561052278,10,0.07991935
109,1.06448561052278,11,0.07997902
109,1.06448561052278,12,0.07998861
109,1.06448561052278,13,0.0798626
109,1.06448561052278,14,0.07980677
109,1.06448561052278,15,0.07991015
110,1.07364116336558,0,0.08004688
110,1.07364116336558,1,0.07986794
110,1.07364116336558,2,0.07992437
110,1.07364116336558,3,0.08005018
110,1.07364116336558,4,0.0799517
110,1.07364116336558,5,0.08000053
110,1.07364116336558,6,0.0800529
110,1.07364116336558,7,0.08003833
110,1.07364116336558,8,0.07997149
110,1.07364116336558,9,0.07975754
110,1.07364116336558,10,0.0800418
110,1.07364116336558,11,0.07985495
110,1.07364116336558,12,0.07994295
110,1.07364116336558,13,0.07998895
110,1.07364116336558,14,0.07989633
110,1.07364116336558,15,0.08008631
111,1.08462782677694,0,0.0800496
111,1.08462782677694,1,0.08006399
111,1.08462782677694,2,0.07993937
111,1.08462782677694,3,0.07993742
111,1.08462782677694,4,0.07977572
111,1.08462782677694,5,0.08015427
111,1.08462782677694,6,0.08003455
111,1.08462782677694,7,0.08022363
111,1.08462782677694,8,0.08011802
111,1.08462782677694,9,0.07995454
111,1.08462782677694,10,0.08017227
111,1.08462782677694,11,0.07995632
111,1.08462782677694,12,0.0800088
111,1.08462782677694,13,0.08000449
111,1.08462782677694,14,0.07996825
111,1.08462782677694,15,0.08043765
112,1.09439374980926,0,0.08029713
112,1.09439374980926,1,0.08029372
112,1.09439374980926,2,0.08032394
112,1.09439374980926,3,0.08015142
112,1.09439374980926,4,0.0801875
112,1.09439374980926,5,0.08025397
112,1.09439374980926,6,0.08029354
112,1.09439374980926,7,0.0805313
112,1.09439374980926,8,0.0807714
112,1.09439374980926,9,0.08038344
112,1.09439374980926,10,0.08046881
112,1.09439374980926,11,0.08048753
112,1.09439374980926,12,0.08031964
112,1.09439374980926,13,0.08053164
112,1.09439374980926,14,0.0805095
112,1.09439374980926,15,0.08052527
113,1.10354930265206,0,0.08023651
113,1.10354930265206,1,0.08039603
113,1.10354930265206,2,0.08065675
113,1.10354930265206,3,0.08041716
113,1.10354930265206,4,0.0801793
113,1.10354930265206,5,0.08046362
113,1.10354930265206,6,0.08040936
113,1.10354930265206,7,0.08049345
113,1.10354930265206,8,0.08054033
113,1.10354930265206,9,0.08054664
113,1.10354930265206,10,0.08036733
113,1.10354930265206,11,0.08059169
113,1.10354930265206,12,0.08079766
113,1.10354930265206,13,0.08041468
113,1.10354930265206,14,0.08053052
113,1.10354930265206,15,0.08056961
114,1.11453596606342,0,0.080538
114,1.11453596606342,1,0.08056754
114,1.11453596606342,2,0.08045112
114,1.11453596606342,3,0.08034714
114,1.11453596606342,4,0.08076449
114,1.11453596606342,5,0.08028698
114,1.11453596606342,6,0.08023545
114,1.11453596606342,7,0.08036899
114,1.11453596606342,8,0.08030605
114,1.11453596606342,9,0.08041502
114,1.11453596606342,10,0.08033971
114,1.11453596606342,11,0.08020557
114,1.11453596606342,12,0.08043629
114,1.11453596606342,13,0.08052166
114,1.11453596606342,14,0.08044071
114,1.11453596606342,15,0.08027983
115,1.12491225928526,0,0.08066283
115,1.12491225928526,1,0.08039875
115,1.12491225928526,2,0.08061116
115,1.12491225928526,3,0.08065113
115,1.12491225928526,4,0.08038405
115,1.12491225928526,5,0.080615
115,1.12491225928526,6,0.08066077
115,1.12491225928526,7,0.080309
115,1.12491225928526,8,0.08045029
115,1.12491225928526,9,0.0802456
115,1.12491225928526,10,0.08047632
115,1.12491225928526,11,0.08030304
115,1.12491225928526,12,0.0801428
115,1.12491225928526,13,0.08023077
115,1.12491225928526,14,0.0801483
115,1.12491225928526,15,0.08038244
116,1.13467818231758,0,0.08047102
116,1.13467818231758,1,0.08028675
116,1.13467818231758,2,0.08048542
116,1.13467818231758,3,0.08060256
116,1.13467818231758,4,0.08062533
116,1.13467818231758,5,0.08033599
116,1.13467818231758,6,0.08065102
116,1.13467818231758,7,0.08020339
116,1.13467818231758,8,0.08026868
116,1.13467818231758,9,0.08017712
116,1.13467818231758,10,0.08033894
116,1.13467818231758,11,0.08043317
116,1.13467818231758,12,0.0804188
116,1.13467818231758,13,0.08045229
116,1.13467818231758,14,0.08034573
116,1.13467818231758,15,0.08035623
117,1.14505447553941,0,0.08065876
117,1.14505447553941,1,0.08029596
117,1.14505447553941,2,0.0803714
117,1.14505447553941,3,0.08039273
117,1.14505447553941,4,0.08014919
117,1.14505447553941,5,0.08060763
117,1.14505447553941,6,0.08026857
117,1.14505447553941,7,0.08041415
117,1.14505447553941,8,0.08043159
117,1.14505447553941,9,0.08035979
117,1.14505447553941,10,0.08010494
117,1.14505447553941,11,0.08022051
117,1.14505447553941,12,0.08022782
117,1.14505447553941,13,0.08046288
117,1.14505447553941,14,0.08027677
117,1.14505447553941,15,0.08034986
118,1.15482039857173,0,0.08052401
118,1.15482039857173,1,0.08015103
118,1.15482039857173,2,0.08028197
118,1.15482039857173,3,0.08011501
118,1.15482039857173,4,0.08032119
118,1.15482039857173,5,0.08026851
118,1.15482039857173,6,0.08030186
118,1.15482039857173,7,0.08035423
118,1.15482039857173,8,0.08017282
118,1.15482039857173,9,0.08039391
118,1.15482039857173,10,0.08024761
118,1.15482039857173,11,0.08013574
118,1.15482039857173,12,0.08008123
118,1.15482039857173,13,0.08041255
118,1.15482039857173,14,0.08034267
118,1.15482039857173,15,0.08042453
119,1.16519669179357,0,0.08016977
119,1.16519669179357,1,0.08043394
119,1.16519669179357,2,0.08023579
119,1.16519669179357,3,0.08049279
119,1.16519669179357,4,0.0805966
119,1.16519669179357,5,0.08076739
119,1.16519669179357,6,0.08052734
119,1.16519669179357,7,0.08046222
119,1.16519669179357,8,0.08039196
119,1.16519669179357,9,0.08028835
119,1.16519669179357,10,0.08050856
119,1.16519669179357,11,0.08025575
119,1.16519669179357,12,0.08045949
119,1.16519669179357,13,0.08032718
119,1.16519669179357,14,0.08034992
119,1.16519669179357,15,0.08054469
120,1.17496261482589,0,0.0803808
120,1.17496261482589,1,0.08020769
120,1.17496261482589,2,0.08023874
120,1.17496261482589,3,0.08053749
120,1.17496261482589,4,0.08067493
120,1.17496261482589,5,0.08053247
120,1.17496261482589,6,0.08036509
120,1.17496261482589,7,0.0806232
120,1.17496261482589,8,0.08053589
120,1.17496261482589,9,0.08048739
120,1.17496261482589,10,0.08032956
120,1.17496261482589,11,0.0804151
120,1.17496261482589,12,0.0806581
120,1.17496261482589,13,0.08064912
120,1.17496261482589,14,0.08058779
120,1.17496261482589,15,0.08071867
121,1.18472853785821,0,0.0808629
121,1.18472853785821,1,0.08075256
121,1.18472853785821,2,0.0807404
121,1.18472853785821,3,0.0808406
121,1.18472853785821,4,0.08090228
121,1.18472853785821,5,0.08054724
121,1.18472853785821,6,0.08052055
121,1.18472853785821,7,0.08060224
121,1.18472853785821,8,0.08064924
121,1.18472853785821,9,0.08065125
121,1.18472853785821,10,0.08051653
121,1.18472853785821,11,0.08096611
121,1.18472853785821,12,0.08077157
121,1.18472853785821,13,0.08078651
121,1.18472853785821,14,0.08047862
121,1.18472853785821,15,0.08078875
122,1.19510483108005,0,0.08089089
122,1.19510483108005,1,0.08093092
122,1.19510483108005,2,0.08091013
122,1.19510483108005,3,0.08064571
122,1.19510483108005,4,0.08055785
122,1.19510483108005,5,0.08056878
122,1.19510483108005,6,0.0808479
122,1.19510483108005,7,0.08099893
122,1.19510483108005,8,0.08113862
122,1.19510483108005,9,0.08087289
122,1.19510483108005,10,0.08088883
122,1.19510483108005,11,0.08086938
122,1.19510483108005,12,0.08082849
122,1.19510483108005,13,0.08079512
122,1.19510483108005,14,0.080953
122,1.19510483108005,15,0.08077528
123,1.20548112430189,0,0.0809563
123,1.20548112430189,1,0.08106022
123,1.20548112430189,2,0.08104167
123,1.20548112430189,3,0.08103518
123,1.20548112430189,4,0.08081049
123,1.20548112430189,5,0.08064265
123,1.20548112430189,6,0.08078101
123,1.20548112430189,7,0.08092324
123,1.20548112430189,8,0.08088103
123,1.20548112430189,9,0.08076893
123,1.20548112430189,10,0.08073337
123,1.20548112430189,11,0.08086479
123,1.20548112430189,12,0.08077404
123,1.20548112430189,13,0.08100706
123,1.20548112430189,14,0.08061199
123,1.20548112430189,15,0.08065997
124,1.21524704733421,0,0.0811143
124,1.21524704733421,1,0.08133758
124,1.21524704733421,2,0.08115219
124,1.21524704733421,3,0.0813325
124,1.21524704733421,4,0.08083227
124,1.21524704733421,5,0.08069813
124,1.21524704733421,6,0.08090199
124,1.21524704733421,7,0.08079667
124,1.21524704733421,8,0.08106954
124,1.21524704733421,9,0.08102071
124,1.21524704733421,10,0.08135659
124,1.21524704733421,11,0.08120415
124,1.21524704733421,12,0.08100614
124,1.21524704733421,13,0.0812492
124,1.21524704733421,14,0.0811379
124,1.21524704733421,15,0.08114877
125,1.22562334055605,0,0.08099975
125,1.22562334055605,1,0.08117452
125,1.22562334055605,2,0.08111577
125,1.22562334055605,3,0.08118366
125,1.22562334055605,4,0.08093789
125,1.22562334055605,5,0.08095194
125,1.22562334055605,6,0.08115568
125,1.22562334055605,7,0.08109851
125,1.22562334055605,8,0.08083434
125,1.22562334055605,9,0.08095424
125,1.22562334055605,10,0.08113851
125,1.22562334055605,11,0.08104144
125,1.22562334055605,12,0.08106582
125,1.22562334055605,13,0.08117421
125,1.22562334055605,14,0.08120219
125,1.22562334055605,15,0.08087595
126,1.23477889339885,0,0.08088541
126,1.23477889339885,1,0.08109362
126,1.23477889339885,2,0.08115144
126,1.23477889339885,3,0.08100708
126,1.23477889339885,4,0.08128739
126,1.23477889339885,5,0.0810167
126,1.23477889339885,6,0.08125499
126,1.23477889339885,7,0.08110885
126,1.23477889339885,8,0.08115078
126,1.23477889339885,9,0.08120497
126,1.23477889339885,10,0.08106281
126,1.23477889339885,11,0.08112084
126,1.23477889339885,12,0.08093906
126,1.23477889339885,13,0.08108666
126,1.23477889339885,14,0.08110903
126,1.23477889339885,15,0.081275
127,1.24515518662069,0,0.08104271
127,1.24515518662069,1,0.0809916
127,1.24515518662069,2,0.08101039
127,1.24515518662069,3,0.08127942
127,1.24515518662069,4,0.08106541
127,1.24515518662069,5,0.08078003
127,1.24515518662069,6,0.0811016
127,1.24515518662069,7,0.08118691
127,1.24515518662069,8,0.08100017
127,1.24515518662069,9,0.08080481
127,1.24515518662069,10,0.08120555
127,1.24515518662069,11,0.08119015
127,1.24515518662069,12,0.08123887
127,1.24515518662069,13,0.08104935
127,1.24515518662069,14,0.08117676
127,1.24515518662069,15,0.08141858
128,1.25553147984252,0,0.08082978
128,1.25553147984252,1,0.08123019
128,1.25553147984252,2,0.08110685
128,1.25553147984252,3,0.08111081
128,1.25553147984252,4,0.0812133
128,1.25553147984252,5,0.0812502
128,1.25553147984252,6,0.08123326
128,1.25553147984252,7,0.08127931
128,1.25553147984252,8,0.08138924
128,1.25553147984252,9,0.08142211
128,1.25553147984252,10,0.08101445
128,1.25553147984252,11,0.08112059
128,1.25553147984252,12,0.08109151
128,1.25553147984252,13,0.0810333
128,1.25553147984252,14,0.08112982
128,1.25553147984252,15,0.08135971
129,1.26468703268532,0,0.08100507
129,1.26468703268532,1,0.08120185
129,1.26468703268532,2,0.08136249
129,1.26468703268532,3,0.0811059
129,1.26468703268532,4,0.08117215
129,1.26468703268532,5,0.08133031
129,1.26468703268532,6,0.08140051
129,1.26468703268532,7,0.08137482
129,1.26468703268532,8,0.08117587
129,1.26468703268532,9,0.08124796
129,1.26468703268532,10,0.08120091
129,1.26468703268532,11,0.08133161
129,1.26468703268532,12,0.0813805
129,1.26468703268532,13,0.08105627
129,1.26468703268532,14,0.08105217
129,1.26468703268532,15,0.08098383
130,1.27506332590716,0,0.0809001
130,1.27506332590716,1,0.08084857
130,1.27506332590716,2,0.08105773
130,1.27506332590716,3,0.0811558
130,1.27506332590716,4,0.08107126
130,1.27506332590716,5,0.08084378
130,1.27506332590716,6,0.08091782
130,1.27506332590716,7,0.08110142
130,1.27506332590716,8,0.08116182
130,1.27506332590716,9,0.08119577
130,1.27506332590716,10,0.08129602
130,1.27506332590716,11,0.08124446
130,1.27506332590716,12,0.08126236
130,1.27506332590716,13,0.08111895
130,1.27506332590716,14,0.08098047
130,1.27506332590716,15,0.08115215
131,1.28604998931852,0,0.08087658
131,1.28604998931852,1,0.08100814
131,1.28604998931852,2,0.08087667
131,1.28604998931852,3,0.08083268
131,1.28604998931852,4,0.08102478
131,1.28604998931852,5,0.08106547
131,1.28604998931852,6,0.08089992
131,1.28604998931852,7,0.08119322
131,1.28604998931852,8,0.0810542
131,1.28604998931852,9,0.08116885
131,1.28604998931852,10,0.0810595
131,1.28604998931852,11,0.08091521
131,1.28604998931852,12,0.08102432
131,1.28604998931852,13,0.08102855
131,1.28604998931852,14,0.08097649
131,1.28604998931852,15,0.0811199
132,1.29581591235084,0,0.08077705
132,1.29581591235084,1,0.08062438
132,1.29581591235084,2,0.0809768
132,1.29581591235084,3,0.08094816
132,1.29581591235084,4,0.08075032
132,1.29581591235084,5,0.08042786
132,1.29581591235084,6,0.08065715
132,1.29581591235084,7,0.08097345
132,1.29581591235084,8,0.0809187
132,1.29581591235084,9,0.08121511
132,1.29581591235084,10,0.08106837
132,1.29581591235084,11,0.08092926
132,1.29581591235084,12,0.08090688
132,1.29581591235084,13,0.08090973
132,1.29581591235084,14,0.08087087
132,1.29581591235084,15,0.08091392
133,1.30497146519364,0,0.08100023
133,1.30497146519364,1,0.08095636
133,1.30497146519364,2,0.08094839
133,1.30497146519364,3,0.08067175
133,1.30497146519364,4,0.08070876
133,1.30497146519364,5,0.08108867
133,1.30497146519364,6,0.08114003
133,1.30497146519364,7,0.08085883
133,1.30497146519364,8,0.08097597
133,1.30497146519364,9,0.08089182
133,1.30497146519364,10,0.0809596
133,1.30497146519364,11,0.08079164
133,1.30497146519364,12,0.08065497
133,1.30497146519364,13,0.08091492
133,1.30497146519364,14,0.08099805
133,1.30497146519364,15,0.08109239
134,1.31534775841548,0,0.08101529
134,1.31534775841548,1,0.08107657
134,1.31534775841548,2,0.08103654
134,1.31534775841548,3,0.08098919
134,1.31534775841548,4,0.0809354
134,1.31534775841548,5,0.08110479
134,1.31534775841548,6,0.08089887
134,1.31534775841548,7,0.08079838
134,1.31534775841548,8,0.08094893
134,1.31534775841548,9,0.08101646
134,1.31534775841548,10,0.08104245
134,1.31534775841548,11,0.08097862
134,1.31534775841548,12,0.08101942
134,1.31534775841548,13,0.08102036
134,1.31534775841548,14,0.08076265
134,1.31534775841548,15,0.08058678
135,1.32572405163732,0,0.08119181
135,1.32572405163732,1,0.08100814
135,1.32572405163732,2,0.08092955
135,1.32572405163732,3,0.08074536
135,1.32572405163732,4,0.08084518
135,1.32572405163732,5,0.08079655
135,1.32572405163732,6,0.08068715
135,1.32572405163732,7,0.08094202
135,1.32572405163732,8,0.08108684
135,1.32572405163732,9,0.08064032
135,1.32572405163732,10,0.08083328
135,1.32572405163732,11,0.08085883
135,1.32572405163732,12,0.08091945
135,1.32572405163732,13,0.08068933
135,1.32572405163732,14,0.08071927
135,1.32572405163732,15,0.08099449
136,1.33487960448012,0,0.08056493
136,1.33487960448012,1,0.0806581
136,1.33487960448012,2,0.08069824
136,1.33487960448012,3,0.08075061
136,1.33487960448012,4,0.0807453
136,1.33487960448012,5,0.08089344
136,1.33487960448012,6,0.08076609
136,1.33487960448012,7,0.08095714
136,1.33487960448012,8,0.08053981
136,1.33487960448012,9,0.08082293
136,1.33487960448012,10,0.08066189
136,1.33487960448012,11,0.08092324
136,1.33487960448012,12,0.08082912
136,1.33487960448012,13,0.0807447
136,1.33487960448012,14,0.08040725
136,1.33487960448012,15,0.08077534
137,1.34586626789148,0,0.08028858
137,1.34586626789148,1,0.08057764
137,1.34586626789148,2,0.08062621
137,1.34586626789148,3,0.08060775
137,1.34586626789148,4,0.0803073
137,1.34586626789148,5,0.08065084
137,1.34586626789148,6,0.08047621
137,1.34586626789148,7,0.08016697
137,1.34586626789148,8,0.0805274
137,1.34586626789148,9,0.08065805
137,1.34586626789148,10,0.08036816
137,1.34586626789148,11,0.08037826
137,1.34586626789148,12,0.08045547
137,1.34586626789148,13,0.08044091
137,1.34586626789148,14,0.0806483
137,1.34586626789148,15,0.08063691
138,1.35624256111332,0,0.08074826
138,1.35624256111332,1,0.08044951
138,1.35624256111332,2,0.08048246
138,1.35624256111332,3,0.08036959
138,1.35624256111332,4,0.08023367
138,1.35624256111332,5,0.08049084
138,1.35624256111332,6,0.08046222
138,1.35624256111332,7,0.08049233
138,1.35624256111332,8,0.08039191
138,1.35624256111332,9,0.08042112
138,1.35624256111332,10,0.08053371
138,1.35624256111332,11,0.08022412
138,1.35624256111332,12,0.0801269
138,1.35624256111332,13,0.08072127
138,1.35624256111332,14,0.08046935
138,1.35624256111332,15,0.08029042
139,1.36600848414563,0,0.08033989
139,1.36600848414563,1,0.08051363
139,1.36600848414563,2,0.08049628
139,1.36600848414563,3,0.08041009
139,1.36600848414563,4,0.080506
139,1.36600848414563,5,0.08059553
139,1.36600848414563,6,0.0806329
139,1.36600848414563,7,0.08059499
139,1.36600848414563,8,0.08044644
139,1.36600848414563,9,0.08043784
139,1.36600848414563,10,0.08072239
139,1.36600848414563,11,0.08048163
139,1.36600848414563,12,0.08043747
139,1.36600848414563,13,0.0803632
139,1.36600848414563,14,0.08023746
139,1.36600848414563,15,0.08007888
140,1.37638477736747,0,0.08054724
140,1.37638477736747,1,0.08061016
140,1.37638477736747,2,0.0803802
140,1.37638477736747,3,0.08053371
140,1.37638477736747,4,0.08043541
140,1.37638477736747,5,0.08043778
140,1.37638477736747,6,0.08076911
140,1.37638477736747,7,0.0808929
140,1.37638477736747,8,0.0806241
140,1.37638477736747,9,0.08049445
140,1.37638477736747,10,0.08051105
140,1.37638477736747,11,0.08043504
140,1.37638477736747,12,0.08048123
140,1.37638477736747,13,0.08042248
140,1.37638477736747,14,0.08073638
140,1.37638477736747,15,0.08049984
141,1.38615070039979,0,0.08087891
141,1.38615070039979,1,0.0805101
141,1.38615070039979,2,0.08047042
141,1.38615070039979,3,0.08058277
141,1.38615070039979,4,0.08060089
141,1.38615070039979,5,0.08067493
141,1.38615070039979,6,0.08101445
141,1.38615070039979,7,0.08094816
141,1.38615070039979,8,0.0809247
141,1.38615070039979,9,0.08085648
141,1.38615070039979,10,0.08066707
141,1.38615070039979,11,0.08093718
141,1.38615070039979,12,0.08070693
141,1.38615070039979,13,0.08073521
141,1.38615070039979,14,0.08064678
141,1.38615070039979,15,0.08074201
142,1.39530625324259,0,0.08066963
142,1.39530625324259,1,0.08073613
142,1.39530625324259,2,0.08075405
142,1.39530625324259,3,0.08117103
142,1.39530625324259,4,0.0811591
142,1.39530625324259,5,0.08115844
142,1.39530625324259,6,0.08080687
142,1.39530625324259,7,0.08088452
142,1.39530625324259,8,0.08092289
142,1.39530625324259,9,0.08068603
142,1.39530625324259,10,0.08078232
142,1.39530625324259,11,0.08073722
142,1.39530625324259,12,0.08088487
142,1.39530625324259,13,0.08055533
142,1.39530625324259,14,0.08089485
142,1.39530625324259,15,0.08049551
143,1.40568254646443,0,0.08076549
143,1.40568254646443,1,0.08078244
143,1.40568254646443,2,0.08098222
143,1.40568254646443,3,0.08078674
143,1.40568254646443,4,0.08079661
143,1.40568254646443,5,0.08073137
143,1.40568254646443,6,0.08066725
143,1.40568254646443,7,0.08056629
143,1.40568254646443,8,0.08067299
143,1.40568254646443,9,0.08061985
143,1.40568254646443,10,0.08072812
143,1.40568254646443,11,0.08084182
143,1.40568254646443,12,0.08049969
143,1.40568254646443,13,0.08059541
143,1.40568254646443,14,0.08040475
143,1.40568254646443,15,0.08088587
144,1.41544846949675,0,0.08049732
144,1.41544846949675,1,0.08048906
144,1.41544846949675,2,0.08072612
144,1.41544846949675,3,0.08047751
144,1.41544846949675,4,0.08070803
144,1.41544846949675,5,0.08047337
144,1.41544846949675,6,0.08050454
144,1.41544846949675,7,0.08084644
144,1.41544846949675,8,0.08073272
144,1.41544846949675,9,0.08043842
144,1.41544846949675,10,0.08062091
144,1.41544846949675,11,0.0801561
144,1.41544846949675,12,0.08060557
144,1.41544846949675,13,0.08035628
144,1.41544846949675,14,0.08017623
144,1.41544846949675,15,0.08049439
145,1.42582476271859,0,0.08024158
145,1.42582476271859,1,0.0801982
145,1.42582476271859,2,0.08048519
145,1.42582476271859,3,0.080677
145,1.42582476271859,4,0.08032996
145,1.42582476271859,5,0.08051128
145,1.42582476271859,6,0.08034737
145,1.42582476271859,7,0.08043529
145,1.42582476271859,8,0.08052172
145,1.42582476271859,9,0.08022068
145,1.42582476271859,10,0.08029076
145,1.42582476271859,11,0.08032428
145,1.42582476271859,12,0.08022145
145,1.42582476271859,13,0.08040246
145,1.42582476271859,14,0.0802263
145,1.42582476271859,15,0.08046494
146,1.43620105594043,0,0.080451
146,1.43620105594043,1,0.08057486
146,1.43620105594043,2,0.08072506
146,1.43620105594043,3,0.08057781
146,1.43620105594043,4,0.08058466
146,1.43620105594043,5,0.08078451
146,1.43620105594043,6,0.08032566
146,1.43620105594043,7,0.08028127
146,1.43620105594043,8,0.08058065
146,1.43620105594043,9,0.08081137
146,1.43620105594043,10,0.08054658
146,1.43620105594043,11,0.0803599
146,1.43620105594043,12,0.08028661
146,1.43620105594043,13,0.08040217
146,1.43620105594043,14,0.0802774
146,1.43620105594043,15,0.08024348
147,1.44596697897275,0,0.08042075
147,1.44596697897275,1,0.08053087
147,1.44596697897275,2,0.0803256
147,1.44596697897275,3,0.08041074
147,1.44596697897275,4,0.08039118
147,1.44596697897275,5,0.08042224
147,1.44596697897275,6,0.08014251
147,1.44596697897275,7,0.07997455
147,1.44596697897275,8,0.08062002
147,1.44596697897275,9,0.08020055
147,1.44596697897275,10,0.08035941
147,1.44596697897275,11,0.08011879
147,1.44596697897275,12,0.08031184
147,1.44596697897275,13,0.08034657
147,1.44596697897275,14,0.08018114
147,1.44596697897275,15,0.08032098
148,1.45573290200507,0,0.08002178
148,1.45573290200507,1,0.08019152
148,1.45573290200507,2,0.08035918
148,1.45573290200507,3,0.08025993
148,1.45573290200507,4,0.08025481
148,1.45573290200507,5,0.08012063
148,1.45573290200507,6,0.08023332
148,1.45573290200507,7,0.0802093
148,1.45573290200507,8,0.08032684
148,1.45573290200507,9,0.08047171
148,1.45573290200507,10,0.08027218
148,1.45573290200507,11,0.08045726
148,1.45573290200507,12,0.08066341
148,1.45573290200507,13,0.08043217
148,1.45573290200507,14,0.08055863
148,1.45573290200507,15,0.08019114
149,1.46488845484787,0,0.08039887
149,1.46488845484787,1,0.08045252
149,1.46488845484787,2,0.08055189
149,1.46488845484787,3,0.08049941
149,1.46488845484787,4,0.08055266
149,1.46488845484787,5,0.08054208
149,1.46488845484787,6,0.08046723
149,1.46488845484787,7,0.08064563
149,1.46488845484787,8,0.08039787
149,1.46488845484787,9,0.08036297
149,1.46488845484787,10,0.08050325
149,1.46488845484787,11,0.0804484
149,1.46488845484787,12,0.07998884
149,1.46488845484787,13,0.08027814
149,1.46488845484787,14,0.08016124
149,1.46488845484787,15,0.08033776
150,1.47648548844874,0,0.08007592
150,1.47648548844874,1,0.08013204
150,1.47648548844874,2,0.08011123
150,1.47648548844874,3,0.08039268
150,1.47648548844874,4,0.08033787
150,1.47648548844874,5,0.08013047
150,1.47648548844874,6,0.08027192
150,1.47648548844874,7,0.08021956
150,1.47648548844874,8,0.08024625
150,1.47648548844874,9,0.0800878
150,1.47648548844874,10,0.08038298
150,1.47648548844874,11,0.08025569
150,1.47648548844874,12,0.0802201
150,1.47648548844874,13,0.07999067
150,1.47648548844874,14,0.08020769
150,1.47648548844874,15,0.08021844
151,1.48564104129154,0,0.08007883
151,1.48564104129154,1,0.07997578
151,1.48564104129154,2,0.08018053
151,1.48564104129154,3,0.08018538
151,1.48564104129154,4,0.08024348
151,1.48564104129154,5,0.08016253
151,1.48564104129154,6,0.08044243
151,1.48564104129154,7,0.08040535
151,1.48564104129154,8,0.08039632
151,1.48564104129154,9,0.08027783
151,1.48564104129154,10,0.08014908
151,1.48564104129154,11,0.0801165
151,1.48564104129154,12,0.08019235
151,1.48564104129154,13,0.08016754
151,1.48564104129154,14,0.08018973
151,1.48564104129154,15,0.0800679
152,1.49540696432386,0,0.08009895
152,1.49540696432386,1,0.08056141
152,1.49540696432386,2,0.08032589
152,1.49540696432386,3,0.08014718
152,1.49540696432386,4,0.07988417
152,1.49540696432386,5,0.08000237
152,1.49540696432386,6,0.08037607
152,1.49540696432386,7,0.08018644
152,1.49540696432386,8,0.08018687
152,1.49540696432386,9,0.08020038
152,1.49540696432386,10,0.08021154
152,1.49540696432386,11,0.0800816
152,1.49540696432386,12,0.08006589
152,1.49540696432386,13,0.08011888
152,1.49540696432386,14,0.08016017
152,1.49540696432386,15,0.0798955
153,1.5057832575457,0,0.08013586
153,1.5057832575457,1,0.08012187
153,1.5057832575457,2,0.08000343
153,1.5057832575457,3,0.07988919
153,1.5057832575457,4,0.08023516
153,1.5057832575457,5,0.08014099
153,1.5057832575457,6,0.08010124
153,1.5057832575457,7,0.08028982
153,1.5057832575457,8,0.08016413
153,1.5057832575457,9,0.08008975
153,1.5057832575457,10,0.08046552
153,1.5057832575457,11,0.0806284
153,1.5057832575457,12,0.08029483
153,1.5057832575457,13,0.08047839
153,1.5057832575457,14,0.08026814
153,1.5057832575457,15,0.08003979
154,1.51554918057802,0,0.08017322
154,1.51554918057802,1,0.0801836
154,1.51554918057802,2,0.08053147
154,1.51554918057802,3,0.08025274
154,1.51554918057802,4,0.08045531
154,1.51554918057802,5,0.08042087
154,1.51554918057802,6,0.08033527
154,1.51554918057802,7,0.08054503
154,1.51554918057802,8,0.08034255
154,1.51554918057802,9,0.08036286
154,1.51554918057802,10,0.08030476
154,1.51554918057802,11,0.08038445
154,1.51554918057802,12,0.08030269
154,1.51554918057802,13,0.08030665
154,1.51554918057802,14,0.08033977
154,1.51554918057802,15,0.08030871
155,1.52531510361034,0,0.08030995
155,1.52531510361034,1,0.08042909
155,1.52531510361034,2,0.08016614
155,1.52531510361034,3,0.08028284
155,1.52531510361034,4,0.08014245
155,1.52531510361034,5,0.08031037
155,1.52531510361034,6,0.08011004
155,1.52531510361034,7,0.08042129
155,1.52531510361034,8,0.08031239
155,1.52531510361034,9,0.08039408
155,1.52531510361034,10,0.08022352
155,1.52531510361034,11,0.08048642
155,1.52531510361034,12,0.0803932
155,1.52531510361034,13,0.08033387
155,1.52531510361034,14,0.08035617
155,1.52531510361034,15,0.08025842
156,1.5363017670217,0,0.0805676
156,1.5363017670217,1,0.08062404
156,1.5363017670217,2,0.0802914
156,1.5363017670217,3,0.08061171
156,1.5363017670217,4,0.08025056
156,1.5363017670217,5,0.08032678
156,1.5363017670217,6,0.08046462
156,1.5363017670217,7,0.08037395
156,1.5363017670217,8,0.08035588
156,1.5363017670217,9,0.08081969
156,1.5363017670217,10,0.08084914
156,1.5363017670217,11,0.08076976
156,1.5363017670217,12,0.08072695
156,1.5363017670217,13,0.08051659
156,1.5363017670217,14,0.08071626
156,1.5363017670217,15,0.08054185
157,1.5454573198645,0,0.08043317
157,1.5454573198645,1,0.08024631
157,1.5454573198645,2,0.08045648
157,1.5454573198645,3,0.08031345
157,1.5454573198645,4,0.0805553
157,1.5454573198645,5,0.08068974
157,1.5454573198645,6,0.08069596
157,1.5454573198645,7,0.0801812
157,1.5454573198645,8,0.08035605
157,1.5454573198645,9,0.08044031
157,1.5454573198645,10,0.08035512
157,1.5454573198645,11,0.0804736
157,1.5454573198645,12,0.08030198
157,1.5454573198645,13,0.08030482
157,1.5454573198645,14,0.08043139
157,1.5454573198645,15,0.08047727
158,1.55583361308634,0,0.0806107
158,1.55583361308634,1,0.08042643
158,1.55583361308634,2,0.08022234
158,1.55583361308634,3,0.08016637
158,1.55583361308634,4,0.08042698
158,1.55583361308634,5,0.08065119
158,1.55583361308634,6,0.08027063
158,1.55583361308634,7,0.08025368
158,1.55583361308634,8,0.08014188
158,1.55583361308634,9,0.0803275
158,1.55583361308634,10,0.08047779
158,1.55583361308634,11,0.08055624
158,1.55583361308634,12,0.08046534
158,1.55583361308634,13,0.08020267
158,1.55583361308634,14,0.08050655
158,1.55583361308634,15,0.08060993
159,1.56559953611866,0,0.08055567
159,1.56559953611866,1,0.08055189
159,1.56559953611866,2,0.08047879
159,1.56559953611866,3,0.08063491
159,1.56559953611866,4,0.08060072
159,1.56559953611866,5,0.08074221
159,1.56559953611866,6,0.08050867
159,1.56559953611866,7,0.08036114
159,1.56559953611866,8,0.08068543
159,1.56559953611866,9,0.08060608
159,1.56559953611866,10,0.08051762
159,1.56559953611866,11,0.08057792
159,1.56559953611866,12,0.08035299
159,1.56559953611866,13,0.08033045
159,1.56559953611866,14,0.08057982
159,1.56559953611866,15,0.08040621
160,1.57536545915098,0,0.08072919
160,1.57536545915098,1,0.08063625
160,1.57536545915098,2,0.08068147
160,1.57536545915098,3,0.08047768
160,1.57536545915098,4,0.0805526
160,1.57536545915098,5,0.08011871
160,1.57536545915098,6,0.0802616
160,1.57536545915098,7,0.07999062
160,1.57536545915098,8,0.08039001
160,1.57536545915098,9,0.08030381
160,1.57536545915098,10,0.08055613
160,1.57536545915098,11,0.08050259
160,1.57536545915098,12,0.08045943
160,1.57536545915098,13,0.0801982
160,1.57536545915098,14,0.08032672
160,1.57536545915098,15,0.08037172
161,1.58635212256233,0,0.08030906
161,1.58635212256233,1,0.08022834
161,1.58635212256233,2,0.08045737
161,1.58635212256233,3,0.08031296
161,1.58635212256233,4,0.08044191
161,1.58635212256233,5,0.08044048
161,1.58635212256233,6,0.08033309
161,1.58635212256233,7,0.07999965
161,1.58635212256233,8,0.08004593
161,1.58635212256233,9,0.08009924
161,1.58635212256233,10,0.08007398
161,1.58635212256233,11,0.07988646
161,1.58635212256233,12,0.08002038
161,1.58635212256233,13,0.0800917
161,1.58635212256233,14,0.08024631
161,1.58635212256233,15,0.08032776
162,1.59550767540513,0,0.08039231
162,1.59550767540513,1,0.08037601
162,1.59550767540513,2,0.0804781
162,1.59550767540513,3,0.08024471
162,1.59550767540513,4,0.08032689
162,1.59550767540513,5,0.08052041
162,1.59550767540513,6,0.08051097
162,1.59550767540513,7,0.08053555
162,1.59550767540513,8,0.08010916
162,1.59550767540513,9,0.08029974
162,1.59550767540513,10,0.08012264
162,1.59550767540513,11,0.080339
162,1.59550767540513,12,0.0803759
162,1.59550767540513,13,0.08013786
162,1.59550767540513,14,0.08011974
162,1.59550767540513,15,0.08025646
163,1.60649433881649,0,0.08031224
163,1.60649433881649,1,0.08031379
163,1.60649433881649,2,0.08025309
163,1.60649433881649,3,0.08017701
163,1.60649433881649,4,0.08010119
163,1.60649433881649,5,0.08009181
163,1.60649433881649,6,0.08033842
163,1.60649433881649,7,0.08018922
163,1.60649433881649,8,0.08037418
163,1.60649433881649,9,0.08026556
163,1.60649433881649,10,0.08033848
163,1.60649433881649,11,0.08034926
163,1.60649433881649,12,0.08034791
163,1.60649433881649,13,0.08051446
163,1.60649433881649,14,0.08034118
163,1.60649433881649,15,0.08051062
164,1.61564989165929,0,0.08034775
164,1.61564989165929,1,0.08040624
164,1.61564989165929,2,0.08029914
164,1.61564989165929,3,0.08028552
164,1.61564989165929,4,0.08032494
164,1.61564989165929,5,0.08030074
164,1.61564989165929,6,0.08034296
164,1.61564989165929,7,0.08017009
164,1.61564989165929,8,0.08027164
164,1.61564989165929,9,0.08021667
164,1.61564989165929,10,0.08024535
164,1.61564989165929,11,0.08061142
164,1.61564989165929,12,0.08042703
164,1.61564989165929,13,0.08012657
164,1.61564989165929,14,0.08052561
164,1.61564989165929,15,0.08018994
165,1.62602618488113,0,0.08009588
165,1.62602618488113,1,0.08030705
165,1.62602618488113,2,0.08005685
165,1.62602618488113,3,0.08027637
165,1.62602618488113,4,0.08010102
165,1.62602618488113,5,0.08007469
165,1.62602618488113,6,0.08043695
165,1.62602618488113,7,0.0804484
165,1.62602618488113,8,0.08049763
165,1.62602618488113,9,0.08037501
165,1.62602618488113,10,0.08000351
165,1.62602618488113,11,0.08052561
165,1.62602618488113,12,0.08023456
165,1.62602618488113,13,0.08003595
165,1.62602618488113,14,0.07998393
165,1.62602618488113,15,0.08020445
166,1.63579210791345,0,0.08026894
166,1.63579210791345,1,0.08017328
166,1.63579210791345,2,0.08058891
166,1.63579210791345,3,0.08034195
166,1.63579210791345,4,0.0801099
166,1.63579210791345,5,0.0802165
166,1.63579210791345,6,0.08024242
166,1.63579210791345,7,0.08017557
166,1.63579210791345,8,0.08022369
166,1.63579210791345,9,0.08029768
166,1.63579210791345,10,0.08028374
166,1.63579210791345,11,0.08025443
166,1.63579210791345,12,0.08023043
166,1.63579210791345,13,0.08002886
166,1.63579210791345,14,0.08019152
166,1.63579210791345,15,0.08040601
167,1.64555803094577,0,0.08037955
167,1.64555803094577,1,0.08039833
167,1.64555803094577,2,0.0804334
167,1.64555803094577,3,0.08024052
167,1.64555803094577,4,0.08015126
167,1.64555803094577,5,0.08028764
167,1.64555803094577,6,0.07997516
167,1.64555803094577,7,0.08018818
167,1.64555803094577,8,0.0801793
167,1.64555803094577,9,0.08003767
167,1.64555803094577,10,0.08069541
167,1.64555803094577,11,0.08050936
167,1.64555803094577,12,0.08035216
167,1.64555803094577,13,0.08046557
167,1.64555803094577,14,0.08049534
167,1.64555803094577,15,0.08041705
168,1.65532395397809,0,0.0805627
168,1.65532395397809,1,0.08036888
168,1.65532395397809,2,0.08030516
168,1.65532395397809,3,0.0803396
168,1.65532395397809,4,0.08050566
168,1.65532395397809,5,0.08028893
168,1.65532395397809,6,0.08019252
168,1.65532395397809,7,0.08026556
168,1.65532395397809,8,0.08020066
168,1.65532395397809,9,0.0802312
168,1.65532395397809,10,0.08020913
168,1.65532395397809,11,0.08020847
168,1.65532395397809,12,0.08025085
168,1.65532395397809,13,0.08055823
168,1.65532395397809,14,0.08042201
168,1.65532395397809,15,0.080435
169,1.66631061738945,0,0.08046428
169,1.66631061738945,1,0.08025687
169,1.66631061738945,2,0.08043942
169,1.66631061738945,3,0.08039951
169,1.66631061738945,4,0.08038411
169,1.66631061738945,5,0.08038577
169,1.66631061738945,6,0.08015946
169,1.66631061738945,7,0.08010638
169,1.66631061738945,8,0.08035683
169,1.66631061738945,9,0.08026891
169,1.66631061738945,10,0.08015427
169,1.66631061738945,11,0.08030708
169,1.66631061738945,12,0.08020835
169,1.66631061738945,13,0.08031107
169,1.66631061738945,14,0.08045631
169,1.66631061738945,15,0.08035431
170,1.67546617023225,0,0.08086592
170,1.67546617023225,1,0.08074418
170,1.67546617023225,2,0.08065759
170,1.67546617023225,3,0.08092536
170,1.67546617023225,4,0.08047644
170,1.67546617023225,5,0.08060261
170,1.67546617023225,6,0.08069205
170,1.67546617023225,7,0.08012209
170,1.67546617023225,8,0.08021951
170,1.67546617023225,9,0.08040193
170,1.67546617023225,10,0.08044403
170,1.67546617023225,11,0.08046428
170,1.67546617023225,12,0.08035342
170,1.67546617023225,13,0.08061205
170,1.67546617023225,14,0.08042107
170,1.67546617023225,15,0.08036601
171,1.68584246345408,0,0.08008797
171,1.68584246345408,1,0.08030682
171,1.68584246345408,2,0.08028921
171,1.68584246345408,3,0.08036314
171,1.68584246345408,4,0.0800728
171,1.68584246345408,5,0.08028663
171,1.68584246345408,6,0.07989862
171,1.68584246345408,7,0.08009186
171,1.68584246345408,8,0.08025937
171,1.68584246345408,9,0.08019619
171,1.68584246345408,10,0.08029217
171,1.68584246345408,11,0.08021154
171,1.68584246345408,12,0.08027101
171,1.68584246345408,13,0.08023947
171,1.68584246345408,14,0.08005479
171,1.68584246345408,15,0.08025853
172,1.6956083864864,0,0.08042135
172,1.6956083864864,1,0.08035233
172,1.6956083864864,2,0.08032265
172,1.6956083864864,3,0.0803642
172,1.6956083864864,4,0.08055828
172,1.6956083864864,5,0.08059398
172,1.6956083864864,6,0.08058134
172,1.6956083864864,7,0.08034525
172,1.6956083864864,8,0.08082754
172,1.6956083864864,9,0.0806232
172,1.6956083864864,10,0.08040702
172,1.6956083864864,11,0.0802538
172,1.6956083864864,12,0.08046256
172,1.6956083864864,13,0.08028498
172,1.6956083864864,14,0.08035428
172,1.6956083864864,15,0.08023883
173,1.70537430951872,0,0.0808047
173,1.70537430951872,1,0.08067074
173,1.70537430951872,2,0.08068024
173,1.70537430951872,3,0.08038989
173,1.70537430951872,4,0.08062788
173,1.70537430951872,5,0.08042411
173,1.70537430951872,6,0.08065196
173,1.70537430951872,7,0.08049941
173,1.70537430951872,8,0.08058962
173,1.70537430951872,9,0.08035913
173,1.70537430951872,10,0.08059794
173,1.70537430951872,11,0.08049209
173,1.70537430951872,12,0.08070645
173,1.70537430951872,13,0.08037601
173,1.70537430951872,14,0.08058076
173,1.70537430951872,15,0.08057196
174,1.71514023255104,0,0.08035099
174,1.71514023255104,1,0.08039285
174,1.71514023255104,2,0.08017726
174,1.71514023255104,3,0.08011272
174,1.71514023255104,4,0.08033605
174,1.71514023255104,5,0.08006523
174,1.71514023255104,6,0.08031586
174,1.71514023255104,7,0.08037407
174,1.71514023255104,8,0.08041261
174,1.71514023255104,9,0.08044421
174,1.71514023255104,10,0.08023717
174,1.71514023255104,11,0.08017683
174,1.71514023255104,12,0.08016057
174,1.71514023255104,13,0.08053572
174,1.71514023255104,14,0.08030465
174,1.71514023255104,15,0.08043365
175,1.72551652577288,0,0.08035594
175,1.72551652577288,1,0.08027648
175,1.72551652577288,2,0.08021609
175,1.72551652577288,3,0.08087566
175,1.72551652577288,4,0.08046483
175,1.72551652577288,5,0.08015829
175,1.72551652577288,6,0.08044639
175,1.72551652577288,7,0.08037559
175,1.72551652577288,8,0.08067858
175,1.72551652577288,9,0.08045837
175,1.72551652577288,10,0.08054945
175,1.72551652577288,11,0.08029644
175,1.72551652577288,12,0.08016631
175,1.72551652577288,13,0.08009823
175,1.72551652577288,14,0.08021939
175,1.72551652577288,15,0.08034319
176,1.73589281899472,0,0.08036684
176,1.73589281899472,1,0.08067181
176,1.73589281899472,2,0.08028787
176,1.73589281899472,3,0.08025876
176,1.73589281899472,4,0.08004309
176,1.73589281899472,5,0.08012889
176,1.73589281899472,6,0.08015499
176,1.73589281899472,7,0.08025922
176,1.73589281899472,8,0.08038428
176,1.73589281899472,9,0.08038717
176,1.73589281899472,10,0.0803028
176,1.73589281899472,11,0.08010308
176,1.73589281899472,12,0.0799827
176,1.73589281899472,13,0.07997014
176,1.73589281899472,14,0.08003377
176,1.73589281899472,15,0.08022553
177,1.74626911221656,0,0.0800775
177,1.74626911221656,1,0.08023857
177,1.74626911221656,2,0.08012834
177,1.74626911221656,3,0.08015398
177,1.74626911221656,4,0.08010632
177,1.74626911221656,5,0.08010197
177,1.74626911221656,6,0.08045012
177,1.74626911221656,7,0.08010692
177,1.74626911221656,8,0.08027577
177,1.74626911221656,9,0.08016743
177,1.74626911221656,10,0.08024253
177,1.74626911221656,11,0.0801153
177,1.74626911221656,12,0.08048877
177,1.74626911221656,13,0.0799915
177,1.74626911221656,14,0.07998448
177,1.74626911221656,15,0.07988422
178,1.75542466505936,0,0.08000426
178,1.75542466505936,1,0.07987035
178,1.75542466505936,2,0.08014283
178,1.75542466505936,3,0.08029619
178,1.75542466505936,4,0.08038735
178,1.75542466505936,5,0.08036225
178,1.75542466505936,6,0.08050001
178,1.75542466505936,7,0.08050047
178,1.75542466505936,8,0.08036013
178,1.75542466505936,9,0.0803531
178,1.75542466505936,10,0.08009924
178,1.75542466505936,11,0.08028021
178,1.75542466505936,12,0.08044521
178,1.75542466505936,13,0.08062627
178,1.75542466505936,14,0.08031207
178,1.75542466505936,15,0.0803981
179,1.7658009582812,0,0.08024672
179,1.7658009582812,1,0.08028084
179,1.7658009582812,2,0.08025368
179,1.7658009582812,3,0.08036899
179,1.7658009582812,4,0.08040914
179,1.7658009582812,5,0.08041186
179,1.7658009582812,6,0.08066241
179,1.7658009582812,7,0.08041763
179,1.7658009582812,8,0.08042892
179,1.7658009582812,9,0.08022463
179,1.7658009582812,10,0.0801613
179,1.7658009582812,11,0.08015326
179,1.7658009582812,12,0.08037519
179,1.7658009582812,13,0.08037857
179,1.7658009582812,14,0.08035853
179,1.7658009582812,15,0.08032942
180,1.77556688131352,0,0.08028096
180,1.77556688131352,1,0.08036604
180,1.77556688131352,2,0.08021443
180,1.77556688131352,3,0.08028793
180,1.77556688131352,4,0.08034129
180,1.77556688131352,5,0.08018521
180,1.77556688131352,6,0.08030499
180,1.77556688131352,7,0.08028858
180,1.77556688131352,8,0.08042608
180,1.77556688131352,9,0.08035164
180,1.77556688131352,10,0.08046457
180,1.77556688131352,11,0.08031012
180,1.77556688131352,12,0.08032494
180,1.77556688131352,13,0.08024729
180,1.77556688131352,14,0.08016474
180,1.77556688131352,15,0.08021337
181,1.78533280434584,0,0.08046723
181,1.78533280434584,1,0.08055886
181,1.78533280434584,2,0.08055177
181,1.78533280434584,3,0.08061589
181,1.78533280434584,4,0.0807462
181,1.78533280434584,5,0.08067775
181,1.78533280434584,6,0.08083067
181,1.78533280434584,7,0.08047745
181,1.78533280434584,8,0.08004455
181,1.78533280434584,9,0.08057285
181,1.78533280434584,10,0.0805973
181,1.78533280434584,11,0.08074966
181,1.78533280434584,12,0.0806241
181,1.78533280434584,13,0.08044951
181,1.78533280434584,14,0.08044455
181,1.78533280434584,15,0.08059381
182,1.79570909756767,0,0.08042124
182,1.79570909756767,1,0.08086308
182,1.79570909756767,2,0.08061411
182,1.79570909756767,3,0.08045347
182,1.79570909756767,4,0.0804707
182,1.79570909756767,5,0.08074376
182,1.79570909756767,6,0.08046339
182,1.79570909756767,7,0.0804814
182,1.79570909756767,8,0.08053884
182,1.79570909756767,9,0.08057729
182,1.79570909756767,10,0.0804592
182,1.79570909756767,11,0.08058538
182,1.79570909756767,12,0.08054362
182,1.79570909756767,13,0.08052585
182,1.79570909756767,14,0.08054061
182,1.79570909756767,15,0.08072973
183,1.80547502059999,0,0.08065303
183,1.80547502059999,1,0.08027571
183,1.80547502059999,2,0.08031084
183,1.80547502059999,3,0.08015019
183,1.80547502059999,4,0.08001693
183,1.80547502059999,5,0.08043211
183,1.80547502059999,6,0.08024944
183,1.80547502059999,7,0.08073994
183,1.80547502059999,8,0.08041315
183,1.80547502059999,9,0.08023617
183,1.80547502059999,10,0.08039067
183,1.80547502059999,11,0.08035044
183,1.80547502059999,12,0.08033392
183,1.80547502059999,13,0.08044834
183,1.80547502059999,14,0.07992979
183,1.80547502059999,15,0.08018521
184,1.81646168401135,0,0.08006027
184,1.81646168401135,1,0.08054033
184,1.81646168401135,2,0.08054858
184,1.81646168401135,3,0.08026183
184,1.81646168401135,4,0.08048499
184,1.81646168401135,5,0.08055779
184,1.81646168401135,6,0.08020078
184,1.81646168401135,7,0.08023184
184,1.81646168401135,8,0.08036096
184,1.81646168401135,9,0.08027353
184,1.81646168401135,10,0.08035887
184,1.81646168401135,11,0.08034909
184,1.81646168401135,12,0.08017623
184,1.81646168401135,13,0.08019435
184,1.81646168401135,14,0.08026619
184,1.81646168401135,15,0.07989125
185,1.82561723685415,0,0.0805274
185,1.82561723685415,1,0.08022346
185,1.82561723685415,2,0.08021326
185,1.82561723685415,3,0.08041958
185,1.82561723685415,4,0.08004776
185,1.82561723685415,5,0.08012763
185,1.82561723685415,6,0.08034094
185,1.82561723685415,7,0.08030605
185,1.82561723685415,8,0.08018988
185,1.82561723685415,9,0.08010064
185,1.82561723685415,10,0.08038098
185,1.82561723685415,11,0.08013399
185,1.82561723685415,12,0.08047549
185,1.82561723685415,13,0.08040607
185,1.82561723685415,14,0.08047251
185,1.82561723685415,15,0.08053821
186,1.83599353007599,0,0.08051693
186,1.83599353007599,1,0.08026461
186,1.83599353007599,2,0.08009557
186,1.83599353007599,3,0.08023491
186,1.83599353007599,4,0.08052734
186,1.83599353007599,5,0.08012444
186,1.83599353007599,6,0.08024047
186,1.83599353007599,7,0.08039402
186,1.83599353007599,8,0.08000194
186,1.83599353007599,9,0.08033983
186,1.83599353007599,10,0.0806815
186,1.83599353007599,11,0.08025397
186,1.83599353007599,12,0.08042721
186,1.83599353007599,13,0.0802146
186,1.83599353007599,14,0.08063473
186,1.83599353007599,15,0.08037902
187,1.84575945310831,0,0.0804664
187,1.84575945310831,1,0.08068869
187,1.84575945310831,2,0.08059169
187,1.84575945310831,3,0.08058016
187,1.84575945310831,4,0.08047154
187,1.84575945310831,5,0.08052447
187,1.84575945310831,6,0.08070608
187,1.84575945310831,7,0.08088875
187,1.84575945310831,8,0.08065526
187,1.84575945310831,9,0.0804746
187,1.84575945310831,10,0.08057167
187,1.84575945310831,11,0.0807375
187,1.84575945310831,12,0.08114069
187,1.84575945310831,13,0.08082748
187,1.84575945310831,14,0.0805719
187,1.84575945310831,15,0.08071176
188,1.85552537614063,0,0.08102934
188,1.85552537614063,1,0.08113986
188,1.85552537614063,2,0.08102644
188,1.85552537614063,3,0.08070232
188,1.85552537614063,4,0.08100898
188,1.85552537614063,5,0.08097101
188,1.85552537614063,6,0.08098099
188,1.85552537614063,7,0.08105142
188,1.85552537614063,8,0.08100241
188,1.85552537614063,9,0.08104338
188,1.85552537614063,10,0.08110095
188,1.85552537614063,11,0.08086657
188,1.85552537614063,12,0.08071998
188,1.85552537614063,13,0.08085659
188,1.85552537614063,14,0.08084165
188,1.85552537614063,15,0.08082318
189,1.86529129917295,0,0.08096711
189,1.86529129917295,1,0.08073444
189,1.86529129917295,2,0.08070894
189,1.86529129917295,3,0.08088886
189,1.86529129917295,4,0.08067121
189,1.86529129917295,5,0.08065491
189,1.86529129917295,6,0.08091409
189,1.86529129917295,7,0.08060651
189,1.86529129917295,8,0.08084837
189,1.86529129917295,9,0.08056967
189,1.86529129917295,10,0.0807636
189,1.86529129917295,11,0.08041694
189,1.86529129917295,12,0.08077335
189,1.86529129917295,13,0.08096629
189,1.86529129917295,14,0.08067244
189,1.86529129917295,15,0.08083434
190,1.87627796258431,0,0.08112038
190,1.87627796258431,1,0.08118189
190,1.87627796258431,2,0.08102527
190,1.87627796258431,3,0.08125375
190,1.87627796258431,4,0.08101755
190,1.87627796258431,5,0.08073739
190,1.87627796258431,6,0.08120228
190,1.87627796258431,7,0.08104935
190,1.87627796258431,8,0.08084556
190,1.87627796258431,9,0.08102751
190,1.87627796258431,10,0.08101718
190,1.87627796258431,11,0.0811878
190,1.87627796258431,12,0.08112657
190,1.87627796258431,13,0.08117042
190,1.87627796258431,14,0.08103659
190,1.87627796258431,15,0.08106004
191,1.88604388561663,0,0.08055673
191,1.88604388561663,1,0.08062652
191,1.88604388561663,2,0.08089609
191,1.88604388561663,3,0.0811016
191,1.88604388561663,4,0.08101115
191,1.88604388561663,5,0.08114971
191,1.88604388561663,6,0.08108024
191,1.88604388561663,7,0.08109782
191,1.88604388561663,8,0.08102656
191,1.88604388561663,9,0.08105495
191,1.88604388561663,10,0.08117309
191,1.88604388561663,11,0.08098483
191,1.88604388561663,12,0.08093487
191,1.88604388561663,13,0.08100519
191,1.88604388561663,14,0.08114593
191,1.88604388561663,15,0.08113277
192,1.89519943845943,0,0.08088297
192,1.89519943845943,1,0.08123443
192,1.89519943845943,2,0.08090641
192,1.89519943845943,3,0.08103046
192,1.89519943845943,4,0.0809337
192,1.89519943845943,5,0.08091486
192,1.89519943845943,6,0.08105968
192,1.89519943845943,7,0.08107144
192,1.89519943845943,8,0.08111855
192,1.89519943845943,9,0.08120627
192,1.89519943845943,10,0.08130115
192,1.89519943845943,11,0.08141403
192,1.89519943845943,12,0.08119044
192,1.89519943845943,13,0.08128709
192,1.89519943845943,14,0.0809877
192,1.89519943845943,15,0.081147
193,1.90618610187078,0,0.08105661
193,1.90618610187078,1,0.08119304
193,1.90618610187078,2,0.08115502
193,1.90618610187078,3,0.08092909
193,1.90618610187078,4,0.08105331
193,1.90618610187078,5,0.08094225
193,1.90618610187078,6,0.08094274
193,1.90618610187078,7,0.08067138
193,1.90618610187078,8,0.08084796
193,1.90618610187078,9,0.08079626
193,1.90618610187078,10,0.08099072
193,1.90618610187078,11,0.08124223
193,1.90618610187078,12,0.08086597
193,1.90618610187078,13,0.08065692
193,1.90618610187078,14,0.08103736
193,1.90618610187078,15,0.08091687
194,1.91534165471358,0,0.08063347
194,1.91534165471358,1,0.08073438
194,1.91534165471358,2,0.08073013
194,1.91534165471358,3,0.08071318
194,1.91534165471358,4,0.08102091
194,1.91534165471358,5,0.08085582
194,1.91534165471358,6,0.08071672
194,1.91534165471358,7,0.08066968
194,1.91534165471358,8,0.08100046
194,1.91534165471358,9,0.08081673
194,1.91534165471358,10,0.08067929
194,1.91534165471358,11,0.08087951
194,1.91534165471358,12,0.08064884
194,1.91534165471358,13,0.08075723
194,1.91534165471358,14,0.08070456
194,1.91534165471358,15,0.08064494
195,1.92632831812494,0,0.08074412
195,1.92632831812494,1,0.08123691
195,1.92632831812494,2,0.08109753
195,1.92632831812494,3,0.08084762
195,1.92632831812494,4,0.08078904
195,1.92632831812494,5,0.08063579
195,1.92632831812494,6,0.08079612
195,1.92632831812494,7,0.08081981
195,1.92632831812494,8,0.08092105
195,1.92632831812494,9,0.08089431
195,1.92632831812494,10,0.08107103
195,1.92632831812494,11,0.08070823
195,1.92632831812494,12,0.08059429
195,1.92632831812494,13,0.080693
195,1.92632831812494,14,0.08053778
195,1.92632831812494,15,0.0808315
196,1.93548387096774,0,0.08106782
196,1.93548387096774,1,0.08082052
196,1.93548387096774,2,0.08083013
196,1.93548387096774,3,0.08080811
196,1.93548387096774,4,0.08074476
196,1.93548387096774,5,0.08064193
196,1.93548387096774,6,0.0807542
196,1.93548387096774,7,0.08061747
196,1.93548387096774,8,0.08059877
196,1.93548387096774,9,0.08063177
196,1.93548387096774,10,0.08038589
196,1.93548387096774,11,0.08064207
196,1.93548387096774,12,0.08047337
196,1.93548387096774,13,0.08066584
196,1.93548387096774,14,0.08070415
196,1.93548387096774,15,0.08040713
197,1.94586016418958,0,0.0808459
197,1.94586016418958,1,0.08077931
197,1.94586016418958,2,0.08086196
197,1.94586016418958,3,0.08090239
197,1.94586016418958,4,0.08062387
197,1.94586016418958,5,0.08070888
197,1.94586016418958,6,0.08075864
197,1.94586016418958,7,0.08088347
197,1.94586016418958,8,0.08062457
197,1.94586016418958,9,0.0809177
197,1.94586016418958,10,0.081083
197,1.94586016418958,11,0.08069269
197,1.94586016418958,12,0.08100118
197,1.94586016418958,13,0.08095298
197,1.94586016418958,14,0.08084154
197,1.94586016418958,15,0.08074201
198,1.95501571703238,0,0.08025954
198,1.95501571703238,1,0.08029188
198,1.95501571703238,2,0.08036515
198,1.95501571703238,3,0.08079342
198,1.95501571703238,4,0.08050242
198,1.95501571703238,5,0.08078832
198,1.95501571703238,6,0.08041103
198,1.95501571703238,7,0.08086864
198,1.95501571703238,8,0.08063006
198,1.95501571703238,9,0.08044177
198,1.95501571703238,10,0.08081249
198,1.95501571703238,11,0.08040612
198,1.95501571703238,12,0.08081266
198,1.95501571703238,13,0.08041415
198,1.95501571703238,14,0.08057629
198,1.95501571703238,15,0.08060639
199,1.9647816400647,0,0.08044031
199,1.9647816400647,1,0.08087222
199,1.9647816400647,2,0.08060138
199,1.9647816400647,3,0.08088876
199,1.9647816400647,4,0.08072517
199,1.9647816400647,5,0.08048464
199,1.9647816400647,6,0.08062859
199,1.9647816400647,7,0.08044148
199,1.9647816400647,8,0.08048341
199,1.9647816400647,9,0.080663
199,1.9647816400647,10,0.08087348
199,1.9647816400647,11,0.0807903
199,1.9647816400647,12,0.08083569
199,1.9647816400647,13,0.0807509
199,1.9647816400647,14,0.08077524
199,1.9647816400647,15,0.08058389
200,1.97576830347606,0,0.080615
200,1.97576830347606,1,0.08089685
200,1.97576830347606,2,0.08120509
200,1.97576830347606,3,0.08098966
200,1.97576830347606,4,0.08083959
200,1.97576830347606,5,0.08107674
200,1.97576830347606,6,0.08085173
200,1.97576830347606,7,0.08081372
200,1.97576830347606,8,0.08086202
200,1.97576830347606,9,0.08095685
200,1.97576830347606,10,0.08121071
200,1.97576830347606,11,0.08091976
200,1.97576830347606,12,0.0808596
200,1.97576830347606,13,0.08079058
200,1.97576830347606,14,0.08112061
200,1.97576830347606,15,0.08086798
