position,voltage_mean,voltage_std,n_samples
0.0,5.9365714375000005,6.727273663048441e-05,16
0.997344889675588,5.93657875,6.416141753415707e-05,16
1.99591051973022,5.936642812499999,5.2518114434372264e-05,16
2.99569689016388,5.936624125,6.862021841270566e-05,16
3.99609363078707,5.936651875000001,8.175181572907982e-05,16
