pos_index,position,sample_index,voltage
0,1.99041718802454,0,0.06101555
0,1.99041718802454,1,0.06121205
0,1.99041718802454,2,0.06129339
0,1.99041718802454,3,0.061141
0,1.99041718802454,4,0.0611894
0,1.99041718802454,5,0.06130949
0,1.99041718802454,6,0.06119027
0,1.99041718802454,7,0.0614081
0,1.99041718802454,8,0.06128645
0,1.99041718802454,9,0.06112281
0,1.99041718802454,10,0.06127436
0,1.99041718802454,11,0.06100826
1,1.99041718802454,0,0.06102266
1,1.99041718802454,1,0.06108751
1,1.99041718802454,2,0.06119411
1,1.99041718802454,3,0.06100246
1,1.99041718802454,4,0.06096715
1,1.99041718802454,5,0.06109999
1,1.99041718802454,6,0.06101045
1,1.99041718802454,7,0.06078768
1,1.99041718802454,8,0.06111469
1,1.99041718802454,9,0.0608191
1,1.99041718802454,10,0.06109279
1,1.99041718802454,11,0.06082875
1,1.99041718802454,12,0.06098928
1,1.99041718802454,13,0.06103257
1,1.99041718802454,14,0.0609271
1,1.99041718802454,15,0.06091039
2,2.00079348124638,0,0.06125769
2,2.00079348124638,1,0.06116588
2,2.00079348124638,2,0.06101978
2,2.00079348124638,3,0.06115929
2,2.00079348124638,4,0.06090694
2,2.00079348124638,5,0.06088325
2,2.00079348124638,6,0.06092849
2,2.00079348124638,7,0.06127371
2,2.00079348124638,8,0.06141784
2,2.00079348124638,9,0.06129779
2,2.00079348124638,10,0.06124421
2,2.00079348124638,11,0.06110749
2,2.00079348124638,12,0.06119315
2,2.00079348124638,13,0.06122928
2,2.00079348124638,14,0.06113284
2,2.00079348124638,15,0.06108747
3,2.01116977446822,0,0.06101865
3,2.01116977446822,1,0.06111731
3,2.01116977446822,2,0.06095817
3,2.01116977446822,3,0.06090904
3,2.01116977446822,4,0.06073336
3,2.01116977446822,5,0.06114406
3,2.01116977446822,6,0.06100351
3,2.01116977446822,7,0.06123107
3,2.01116977446822,8,0.06132371
3,2.01116977446822,9,0.06121846
3,2.01116977446822,10,0.06088512
3,2.01116977446822,11,0.0608599
3,2.01116977446822,12,0.06110693
3,2.01116977446822,13,0.0610224
3,2.01116977446822,14,0.06083983
3,2.01116977446822,15,0.0609902
4,2.02032532731101,0,0.0610972
4,2.02032532731101,1,0.06123757
4,2.02032532731101,2,0.06144606
4,2.02032532731101,3,0.06097479
4,2.02032532731101,4,0.06125341
4,2.02032532731101,5,0.0611788
4,2.02032532731101,6,0.06104976
4,2.02032532731101,7,0.06111513
4,2.02032532731101,8,0.06073366
4,2.02032532731101,9,0.060757
4,2.02032532731101,10,0.06092562
4,2.02032532731101,11,0.06095219
4,2.02032532731101,12,0.06084738
4,2.02032532731101,13,0.06091977
4,2.02032532731101,14,0.06103868
4,2.02032532731101,15,0.06086496
5,2.03009125034333,0,0.06092418
5,2.03009125034333,1,0.06098828
5,2.03009125034333,2,0.06117766
5,2.03009125034333,3,0.06102528
5,2.03009125034333,4,0.06110295
5,2.03009125034333,5,0.06091283
5,2.03009125034333,6,0.06113525
5,2.03009125034333,7,0.06075369
5,2.03009125034333,8,0.06096546
5,2.03009125034333,9,0.06106639
5,2.03009125034333,10,0.06075853
5,2.03009125034333,11,0.0612672
5,2.03009125034333,12,0.06098745
5,2.03009125034333,13,0.06086492
5,2.03009125034333,14,0.06109746
5,2.03009125034333,15,0.06090489
6,2.03985717337565,0,0.06110208
6,2.03985717337565,1,0.06099731
6,2.03985717337565,2,0.06104767
6,2.03985717337565,3,0.06109156
6,2.03985717337565,4,0.06107437
6,2.03985717337565,5,0.06105465
6,2.03985717337565,6,0.06090912
6,2.03985717337565,7,0.06093291
6,2.03985717337565,8,0.06138148
6,2.03985717337565,9,0.06103597
6,2.03985717337565,10,0.06081866
6,2.03985717337565,11,0.06107747
6,2.03985717337565,12,0.0610718
6,2.03985717337565,13,0.0608116
6,2.03985717337565,14,0.06114554
6,2.03985717337565,15,0.06135683
7,2.05023346659749,0,0.06114572
7,2.05023346659749,1,0.06097981
7,2.05023346659749,2,0.06103842
7,2.05023346659749,3,0.0610204
7,2.05023346659749,4,0.06129958
7,2.05023346659749,5,0.0609953
7,2.05023346659749,6,0.06112503
7,2.05023346659749,7,0.06120917
7,2.05023346659749,8,0.06137472
7,2.05023346659749,9,0.0609974
7,2.05023346659749,10,0.06124504
7,2.05023346659749,11,0.06137127
7,2.05023346659749,12,0.06130381
7,2.05023346659749,13,0.06127148
7,2.05023346659749,14,0.06113403
7,2.05023346659749,15,0.06087173
8,2.05938901944029,0,0.06089468
8,2.05938901944029,1,0.06110963
8,2.05938901944029,2,0.06126214
8,2.05938901944029,3,0.06109999
8,2.05938901944029,4,0.06103732
8,2.05938901944029,5,0.06118163
8,2.05938901944029,6,0.0609648
8,2.05938901944029,7,0.06092492
8,2.05938901944029,8,0.06113494
8,2.05938901944029,9,0.06105473
8,2.05938901944029,10,0.06111914
8,2.05938901944029,11,0.06108035
8,2.05938901944029,12,0.0609377
8,2.05938901944029,13,0.06078262
8,2.05938901944029,14,0.06082495
8,2.05938901944029,15,0.06081312
9,2.06976531266213,0,0.06128845
9,2.06976531266213,1,0.06107245
9,2.06976531266213,2,0.06090017
9,2.06976531266213,3,0.06080767
9,2.06976531266213,4,0.06089298
9,2.06976531266213,5,0.06082875
9,2.06976531266213,6,0.06102834
9,2.06976531266213,7,0.061104
9,2.06976531266213,8,0.06087203
9,2.06976531266213,9,0.06085388
9,2.06976531266213,10,0.06094503
9,2.06976531266213,11,0.06088176
9,2.06976531266213,12,0.0609594
9,2.06976531266213,13,0.06068356
9,2.06976531266213,14,0.0607145
9,2.06976531266213,15,0.06079693
10,2.08014160588397,0,0.06088264
10,2.08014160588397,1,0.0607807
10,2.08014160588397,2,0.06094953
10,2.08014160588397,3,0.06061183
10,2.08014160588397,4,0.06088312
10,2.08014160588397,5,0.0606772
10,2.08014160588397,6,0.06088587
10,2.08014160588397,7,0.06083956
10,2.08014160588397,8,0.06078978
10,2.08014160588397,9,0.06049044
10,2.08014160588397,10,0.06065783
10,2.08014160588397,11,0.06064133
10,2.08014160588397,12,0.06089385
10,2.08014160588397,13,0.0607882
10,2.08014160588397,14,0.06095485
10,2.08014160588397,15,0.06093426
11,2.08929715872677,0,0.06092592
11,2.08929715872677,1,0.06114856
11,2.08929715872677,2,0.06081465
11,2.08929715872677,3,0.06114515
11,2.08929715872677,4,0.06105775
11,2.08929715872677,5,0.06124469
11,2.08929715872677,6,0.06125826
11,2.08929715872677,7,0.06107451
11,2.08929715872677,8,0.06125991
11,2.08929715872677,9,0.06107952
11,2.08929715872677,10,0.06109636
11,2.08929715872677,11,0.061212
11,2.08929715872677,12,0.06085676
11,2.08929715872677,13,0.06077088
11,2.08929715872677,14,0.06098147
11,2.08929715872677,15,0.06092653
12,2.10089419232765,0,0.06108424
12,2.10089419232765,1,0.06085244
12,2.10089419232765,2,0.06118181
12,2.10089419232765,3,0.06115471
12,2.10089419232765,4,0.06103833
12,2.10089419232765,5,0.06101201
12,2.10089419232765,6,0.06133274
12,2.10089419232765,7,0.06100791
12,2.10089419232765,8,0.06101206
12,2.10089419232765,9,0.06101913
12,2.10089419232765,10,0.06082172
12,2.10089419232765,11,0.06100194
12,2.10089419232765,12,0.06116915
12,2.10089419232765,13,0.06107494
12,2.10089419232765,14,0.06128208
12,2.10089419232765,15,0.06116562
13,2.11004974517045,0,0.06117583
13,2.11004974517045,1,0.06127711
13,2.11004974517045,2,0.06117504
13,2.11004974517045,3,0.06077834
13,2.11004974517045,4,0.06061653
13,2.11004974517045,5,0.06109401
13,2.11004974517045,6,0.06096249
13,2.11004974517045,7,0.06096973
13,2.11004974517045,8,0.0611232
13,2.11004974517045,9,0.06090698
13,2.11004974517045,10,0.0608054
13,2.11004974517045,11,0.06118852
13,2.11004974517045,12,0.0609905
13,2.11004974517045,13,0.06092601
13,2.11004974517045,14,0.06114476
13,2.11004974517045,15,0.06126834
14,2.11920529801325,0,0.06116182
14,2.11920529801325,1,0.06108764
14,2.11920529801325,2,0.06091374
14,2.11920529801325,3,0.06086727
14,2.11920529801325,4,0.06100695
14,2.11920529801325,5,0.06097846
14,2.11920529801325,6,0.06082141
14,2.11920529801325,7,0.06084982
14,2.11920529801325,8,0.06078026
14,2.11920529801325,9,0.06089738
14,2.11920529801325,10,0.06090227
14,2.11920529801325,11,0.0608239
14,2.11920529801325,12,0.06080767
14,2.11920529801325,13,0.06073807
14,2.11920529801325,14,0.0608301
14,2.11920529801325,15,0.06082202
15,2.13080233161412,0,0.06078542
15,2.13080233161412,1,0.06100905
15,2.13080233161412,2,0.06079785
15,2.13080233161412,3,0.06085449
15,2.13080233161412,4,0.06094949
15,2.13080233161412,5,0.06090245
15,2.13080233161412,6,0.06107939
15,2.13080233161412,7,0.06068675
15,2.13080233161412,8,0.0608568
15,2.13080233161412,9,0.06099918
15,2.13080233161412,10,0.06104841
15,2.13080233161412,11,0.06077446
15,2.13080233161412,12,0.06077655
15,2.13080233161412,13,0.06092897
15,2.13080233161412,14,0.06077106
15,2.13080233161412,15,0.06113878
16,2.14056825464644,0,0.06098684
16,2.14056825464644,1,0.06101546
16,2.14056825464644,2,0.06104767
16,2.14056825464644,3,0.06108419
16,2.14056825464644,4,0.06086257
16,2.14056825464644,5,0.06078555
16,2.14056825464644,6,0.06055462
16,2.14056825464644,7,0.06076084
16,2.14056825464644,8,0.06067016
16,2.14056825464644,9,0.06082189
16,2.14056825464644,10,0.06083747
16,2.14056825464644,11,0.0607917
16,2.14056825464644,12,0.06080579
16,2.14056825464644,13,0.0608839
16,2.14056825464644,14,0.06086383
16,2.14056825464644,15,0.06100246
17,2.15033417767876,0,0.0609322
17,2.15033417767876,1,0.06064285
17,2.15033417767876,2,0.06057268
17,2.15033417767876,3,0.06086627
17,2.15033417767876,4,0.06096607
17,2.15033417767876,5,0.06076708
17,2.15033417767876,6,0.06061824
17,2.15033417767876,7,0.06075871
17,2.15033417767876,8,0.06108402
17,2.15033417767876,9,0.0610402
17,2.15033417767876,10,0.06075749
17,2.15033417767876,11,0.06087456
17,2.15033417767876,12,0.06084978
17,2.15033417767876,13,0.06082456
17,2.15033417767876,14,0.06096315
17,2.15033417767876,15,0.06097021
18,2.16010010071108,0,0.06077612
18,2.16010010071108,1,0.060948
18,2.16010010071108,2,0.06065354
18,2.16010010071108,3,0.06094521
18,2.16010010071108,4,0.06089075
18,2.16010010071108,5,0.0607159
18,2.16010010071108,6,0.06094207
18,2.16010010071108,7,0.06080588
18,2.16010010071108,8,0.06101655
18,2.16010010071108,9,0.0609076
18,2.16010010071108,10,0.06074933
18,2.16010010071108,11,0.0608935
18,2.16010010071108,12,0.06092265
18,2.16010010071108,13,0.06096515
18,2.16010010071108,14,0.06090533
18,2.16010010071108,15,0.0608297
19,2.1698660237434,0,0.0608222
19,2.1698660237434,1,0.06072507
19,2.1698660237434,2,0.06083084
19,2.1698660237434,3,0.06102096
19,2.1698660237434,4,0.06079457
19,2.1698660237434,5,0.06108231
19,2.1698660237434,6,0.06105845
19,2.1698660237434,7,0.06079362
19,2.1698660237434,8,0.06090305
19,2.1698660237434,9,0.06095538
19,2.1698660237434,10,0.0608764
19,2.1698660237434,11,0.06051683
19,2.1698660237434,12,0.06059267
19,2.1698660237434,13,0.06082202
19,2.1698660237434,14,0.06062718
19,2.1698660237434,15,0.06078074
20,2.18024231696524,0,0.06082595
20,2.18024231696524,1,0.06106486
20,2.18024231696524,2,0.06079942
20,2.18024231696524,3,0.06060218
20,2.18024231696524,4,0.06071228
20,2.18024231696524,5,0.06087146
20,2.18024231696524,6,0.06085881
20,2.18024231696524,7,0.06086492
20,2.18024231696524,8,0.06059913
20,2.18024231696524,9,0.06082298
20,2.18024231696524,10,0.06048913
20,2.18024231696524,11,0.06086182
20,2.18024231696524,12,0.06100146
20,2.18024231696524,13,0.06066114
20,2.18024231696524,14,0.06056195
20,2.18024231696524,15,0.0606264
21,2.19000823999756,0,0.06040617
21,2.19000823999756,1,0.06078629
21,2.19000823999756,2,0.06079641
21,2.19000823999756,3,0.06067453
21,2.19000823999756,4,0.06073069
21,2.19000823999756,5,0.06077132
21,2.19000823999756,6,0.0605712
21,2.19000823999756,7,0.06045434
21,2.19000823999756,8,0.06048869
21,2.19000823999756,9,0.06056033
21,2.19000823999756,10,0.06055178
21,2.19000823999756,11,0.06050562
21,2.19000823999756,12,0.06049178
21,2.19000823999756,13,0.0606065
21,2.19000823999756,14,0.06055344
21,2.19000823999756,15,0.0606028
22,2.19977416302988,0,0.06048253
22,2.19977416302988,1,0.06046586
22,2.19977416302988,2,0.06064416
22,2.19977416302988,3,0.06030397
22,2.19977416302988,4,0.06049641
22,2.19977416302988,5,0.06002035
22,2.19977416302988,6,0.06031375
22,2.19977416302988,7,0.06059019
22,2.19977416302988,8,0.06057203
22,2.19977416302988,9,0.06056893
22,2.19977416302988,10,0.06067156
22,2.19977416302988,11,0.0607135
22,2.19977416302988,12,0.06037807
22,2.19977416302988,13,0.06053171
22,2.19977416302988,14,0.06048838
22,2.19977416302988,15,0.06039451
23,2.21015045625172,0,0.06081722
23,2.21015045625172,1,0.06082429
23,2.21015045625172,2,0.06064691
23,2.21015045625172,3,0.06038183
23,2.21015045625172,4,0.06042428
23,2.21015045625172,5,0.06069456
23,2.21015045625172,6,0.06047346
23,2.21015045625172,7,0.06036092
23,2.21015045625172,8,0.06046264
23,2.21015045625172,9,0.06063461
23,2.21015045625172,10,0.06049667
23,2.21015045625172,11,0.06066886
23,2.21015045625172,12,0.06069203
23,2.21015045625172,13,0.0606641
23,2.21015045625172,14,0.06046927
23,2.21015045625172,15,0.06031977
24,2.22052674947356,0,0.06037047
24,2.22052674947356,1,0.06058639
24,2.22052674947356,2,0.06072236
24,2.22052674947356,3,0.06052084
24,2.22052674947356,4,0.06081718
24,2.22052674947356,5,0.06074933
24,2.22052674947356,6,0.06063587
24,2.22052674947356,7,0.06063513
24,2.22052674947356,8,0.06055275
24,2.22052674947356,9,0.06063142
24,2.22052674947356,10,0.06054904
24,2.22052674947356,11,0.06070923
24,2.22052674947356,12,0.06040342
24,2.22052674947356,13,0.06060716
24,2.22052674947356,14,0.06053581
24,2.22052674947356,15,0.0604019
25,2.23029267250588,0,0.06075059
25,2.23029267250588,1,0.06076041
25,2.23029267250588,2,0.0606209
25,2.23029267250588,3,0.06059913
25,2.23029267250588,4,0.06054863
25,2.23029267250588,5,0.06076146
25,2.23029267250588,6,0.06069614
25,2.23029267250588,7,0.06061344
25,2.23029267250588,8,0.06085964
25,2.23029267250588,9,0.0605019
25,2.23029267250588,10,0.06064591
25,2.23029267250588,11,0.06052351
25,2.23029267250588,12,0.06041428
25,2.23029267250588,13,0.06072712
25,2.23029267250588,14,0.06083878
25,2.23029267250588,15,0.06068269
26,2.24005859553819,0,0.06055663
26,2.24005859553819,1,0.06082586
26,2.24005859553819,2,0.06074474
26,2.24005859553819,3,0.06076927
26,2.24005859553819,4,0.06064944
26,2.24005859553819,5,0.06076966
26,2.24005859553819,6,0.06077773
26,2.24005859553819,7,0.06035206
26,2.24005859553819,8,0.06086998
26,2.24005859553819,9,0.0606165
26,2.24005859553819,10,0.06076573
26,2.24005859553819,11,0.06059381
26,2.24005859553819,12,0.0606309
26,2.24005859553819,13,0.06070316
26,2.24005859553819,14,0.06085994
26,2.24005859553819,15,0.06081495
27,2.25043488876003,0,0.06074465
27,2.25043488876003,1,0.06057692
27,2.25043488876003,2,0.06076464
27,2.25043488876003,3,0.06078751
27,2.25043488876003,4,0.06060532
27,2.25043488876003,5,0.06030795
27,2.25043488876003,6,0.06013227
27,2.25043488876003,7,0.06066336
27,2.25043488876003,8,0.06074737
27,2.25043488876003,9,0.0606432
27,2.25043488876003,10,0.0606199
27,2.25043488876003,11,0.06045801
27,2.25043488876003,12,0.06079479
27,2.25043488876003,13,0.06078755
27,2.25043488876003,14,0.06075496
27,2.25043488876003,15,0.06054179
28,2.26020081179235,0,0.06076887
28,2.26020081179235,1,0.06061676
28,2.26020081179235,2,0.06046398
28,2.26020081179235,3,0.06027592
28,2.26020081179235,4,0.06049174
28,2.26020081179235,5,0.06055755
28,2.26020081179235,6,0.06068186
28,2.26020081179235,7,0.06063081
28,2.26020081179235,8,0.06067309
28,2.26020081179235,9,0.06061301
28,2.26020081179235,10,0.06066345
28,2.26020081179235,11,0.06068548
28,2.26020081179235,12,0.06079318
28,2.26020081179235,13,0.06071751
28,2.26020081179235,14,0.06059699
28,2.26020081179235,15,0.06069979
29,2.26996673482467,0,0.06050985
29,2.26996673482467,1,0.06036206
29,2.26996673482467,2,0.06060476
29,2.26996673482467,3,0.06082355
29,2.26996673482467,4,0.06049396
29,2.26996673482467,5,0.06059289
29,2.26996673482467,6,0.0607433
29,2.26996673482467,7,0.06038578
29,2.26996673482467,8,0.0605407
29,2.26996673482467,9,0.06044452
29,2.26996673482467,10,0.06034952
29,2.26996673482467,11,0.06037981
29,2.26996673482467,12,0.06032932
29,2.26996673482467,13,0.06043803
29,2.26996673482467,14,0.06041053
29,2.26996673482467,15,0.06043628
30,2.28095339823603,0,0.06041734
30,2.28095339823603,1,0.06062274
30,2.28095339823603,2,0.06053699
30,2.28095339823603,3,0.0607605
30,2.28095339823603,4,0.06080671
30,2.28095339823603,5,0.06059612
30,2.28095339823603,6,0.06046293
30,2.28095339823603,7,0.06071813
30,2.28095339823603,8,0.06080583
30,2.28095339823603,9,0.06054659
30,2.28095339823603,10,0.06050636
30,2.28095339823603,11,0.06077079
30,2.28095339823603,12,0.06059328
30,2.28095339823603,13,0.0605568
30,2.28095339823603,14,0.06056466
30,2.28095339823603,15,0.06040491
31,2.29071932126835,0,0.06039024
31,2.29071932126835,1,0.06042441
31,2.29071932126835,2,0.06062007
31,2.29071932126835,3,0.06045666
31,2.29071932126835,4,0.06069966
31,2.29071932126835,5,0.06040896
31,2.29071932126835,6,0.06068091
31,2.29071932126835,7,0.06048751
31,2.29071932126835,8,0.06056579
31,2.29071932126835,9,0.06051745
31,2.29071932126835,10,0.06027561
31,2.29071932126835,11,0.06044658
31,2.29071932126835,12,0.06045753
31,2.29071932126835,13,0.06054201
31,2.29071932126835,14,0.06050858
31,2.29071932126835,15,0.06056893
32,2.29987487411115,0,0.06081749
32,2.29987487411115,1,0.06079968
32,2.29987487411115,2,0.06069474
32,2.29987487411115,3,0.06067793
32,2.29987487411115,4,0.06102035
32,2.29987487411115,5,0.06064216
32,2.29987487411115,6,0.06043837
32,2.29987487411115,7,0.06046081
32,2.29987487411115,8,0.06061082
32,2.29987487411115,9,0.06047149
32,2.29987487411115,10,0.06081849
32,2.29987487411115,11,0.06052255
32,2.29987487411115,12,0.06079379
32,2.29987487411115,13,0.06052468
32,2.29987487411115,14,0.06073248
32,2.29987487411115,15,0.06066833
33,2.31025116733299,0,0.06071154
33,2.31025116733299,1,0.06074614
33,2.31025116733299,2,0.0608253
33,2.31025116733299,3,0.06068012
33,2.31025116733299,4,0.06087783
33,2.31025116733299,5,0.06065394
33,2.31025116733299,6,0.06078869
33,2.31025116733299,7,0.0605722
33,2.31025116733299,8,0.06049248
33,2.31025116733299,9,0.06067532
33,2.31025116733299,10,0.06023468
33,2.31025116733299,11,0.06032911
33,2.31025116733299,12,0.06050915
33,2.31025116733299,13,0.060779
33,2.31025116733299,14,0.06081993
33,2.31025116733299,15,0.06049597
34,2.32062746055483,0,0.06077311
34,2.32062746055483,1,0.06085191
34,2.32062746055483,2,0.06083197
34,2.32062746055483,3,0.06071899
34,2.32062746055483,4,0.06075229
34,2.32062746055483,5,0.06073213
34,2.32062746055483,6,0.06076708
34,2.32062746055483,7,0.06073641
34,2.32062746055483,8,0.06089119
34,2.32062746055483,9,0.06100246
34,2.32062746055483,10,0.06112381
34,2.32062746055483,11,0.06093714
34,2.32062746055483,12,0.06098657
34,2.32062746055483,13,0.06080671
34,2.32062746055483,14,0.06078437
34,2.32062746055483,15,0.06065503
35,2.32978301339763,0,0.06089738
35,2.32978301339763,1,0.06099565
35,2.32978301339763,2,0.06090271
35,2.32978301339763,3,0.06072546
35,2.32978301339763,4,0.06067549
35,2.32978301339763,5,0.06095935
35,2.32978301339763,6,0.0607012
35,2.32978301339763,7,0.06066419
35,2.32978301339763,8,0.06064621
35,2.32978301339763,9,0.06085999
35,2.32978301339763,10,0.06064508
35,2.32978301339763,11,0.06067684
35,2.32978301339763,12,0.06061575
35,2.32978301339763,13,0.06067252
35,2.32978301339763,14,0.06095987
35,2.32978301339763,15,0.0608719
36,2.34015930661946,0,0.06105487
36,2.34015930661946,1,0.06129657
36,2.34015930661946,2,0.06119106
36,2.34015930661946,3,0.06094111
36,2.34015930661946,4,0.06073458
36,2.34015930661946,5,0.06075709
36,2.34015930661946,6,0.06121824
36,2.34015930661946,7,0.06077686
36,2.34015930661946,8,0.06055614
36,2.34015930661946,9,0.06109165
36,2.34015930661946,10,0.06124769
36,2.34015930661946,11,0.0611582
36,2.34015930661946,12,0.06109964
36,2.34015930661946,13,0.0608229
36,2.34015930661946,14,0.06089791
36,2.34015930661946,15,0.06123404
37,2.34992522965178,0,0.06139715
37,2.34992522965178,1,0.06160355
37,2.34992522965178,2,0.06149677
37,2.34992522965178,3,0.06197363
37,2.34992522965178,4,0.06161537
37,2.34992522965178,5,0.0616639
37,2.34992522965178,6,0.06131952
37,2.34992522965178,7,0.06167909
37,2.34992522965178,8,0.06130743
37,2.34992522965178,9,0.0610488
37,2.34992522965178,10,0.06125459
37,2.34992522965178,11,0.06117098
37,2.34992522965178,12,0.06164505
37,2.34992522965178,13,0.06100748
37,2.34992522965178,14,0.06138694
37,2.34992522965178,15,0.06157942
38,2.36030152287362,0,0.06204183
38,2.36030152287362,1,0.06187964
38,2.36030152287362,2,0.06168698
38,2.36030152287362,3,0.06181763
38,2.36030152287362,4,0.06162467
38,2.36030152287362,5,0.06180825
38,2.36030152287362,6,0.06157567
38,2.36030152287362,7,0.06152509
38,2.36030152287362,8,0.06181841
38,2.36030152287362,9,0.06211511
38,2.36030152287362,10,0.06214792
38,2.36030152287362,11,0.06184447
38,2.36030152287362,12,0.06179415
38,2.36030152287362,13,0.06190232
38,2.36030152287362,14,0.06199126
38,2.36030152287362,15,0.06178744
39,2.37006744590594,0,0.06231042
39,2.37006744590594,1,0.06224605
39,2.37006744590594,2,0.06205728
39,2.37006744590594,3,0.06203603
39,2.37006744590594,4,0.06215332
39,2.37006744590594,5,0.06195255
39,2.37006744590594,6,0.06196862
39,2.37006744590594,7,0.06234921
39,2.37006744590594,8,0.06229331
39,2.37006744590594,9,0.06241567
39,2.37006744590594,10,0.06196067
39,2.37006744590594,11,0.06186144
39,2.37006744590594,12,0.06214063
39,2.37006744590594,13,0.06208032
39,2.37006744590594,14,0.06216079
39,2.37006744590594,15,0.06246585
40,2.37983336893826,0,0.06282803
40,2.37983336893826,1,0.06256119
40,2.37983336893826,2,0.06288254
40,2.37983336893826,3,0.06273674
40,2.37983336893826,4,0.06239779
40,2.37983336893826,5,0.06256015
40,2.37983336893826,6,0.06275202
40,2.37983336893826,7,0.06280084
40,2.37983336893826,8,0.06266767
40,2.37983336893826,9,0.06286529
40,2.37983336893826,10,0.06281079
40,2.37983336893826,11,0.06286535
40,2.37983336893826,12,0.06301954
40,2.37983336893826,13,0.06320047
40,2.37983336893826,14,0.06282205
40,2.37983336893826,15,0.06257494
41,2.3902096621601,0,0.06293624
41,2.3902096621601,1,0.06290644
41,2.3902096621601,2,0.06264082
41,2.3902096621601,3,0.06280727
41,2.3902096621601,4,0.06286608
41,2.3902096621601,5,0.06303474
41,2.3902096621601,6,0.06301434
41,2.3902096621601,7,0.06260198
41,2.3902096621601,8,0.062897
41,2.3902096621601,9,0.06308059
41,2.3902096621601,10,0.06301265
41,2.3902096621601,11,0.06281909
41,2.3902096621601,12,0.06300411
41,2.3902096621601,13,0.06283842
41,2.3902096621601,14,0.0628038
41,2.3902096621601,15,0.06273579
42,2.40058595538194,0,0.06320745
42,2.40058595538194,1,0.06330591
42,2.40058595538194,2,0.06341542
42,2.40058595538194,3,0.06333195
42,2.40058595538194,4,0.06330184
42,2.40058595538194,5,0.06322821
42,2.40058595538194,6,0.06320841
42,2.40058595538194,7,0.0635574
42,2.40058595538194,8,0.06351364
42,2.40058595538194,9,0.06297159
42,2.40058595538194,10,0.06326078
42,2.40058595538194,11,0.06343126
42,2.40058595538194,12,0.0631225
42,2.40058595538194,13,0.0631917
42,2.40058595538194,14,0.06326953
42,2.40058595538194,15,0.0633605
43,2.40974150822474,0,0.06339554
43,2.40974150822474,1,0.06338422
43,2.40974150822474,2,0.06335995
43,2.40974150822474,3,0.06329978
43,2.40974150822474,4,0.06352008
43,2.40974150822474,5,0.0633168
43,2.40974150822474,6,0.06326155
43,2.40974150822474,7,0.06329267
43,2.40974150822474,8,0.06342418
43,2.40974150822474,9,0.06373052
43,2.40974150822474,10,0.06378135
43,2.40974150822474,11,0.06347437
43,2.40974150822474,12,0.06340088
43,2.40974150822474,13,0.06310905
43,2.40974150822474,14,0.06337807
43,2.40974150822474,15,0.06316429
44,2.4207281716361,0,0.06357346
44,2.4207281716361,1,0.06339258
44,2.4207281716361,2,0.06357765
44,2.4207281716361,3,0.06353637
44,2.4207281716361,4,0.06389676
44,2.4207281716361,5,0.06353719
44,2.4207281716361,6,0.0634017
44,2.4207281716361,7,0.06362277
44,2.4207281716361,8,0.06365867
44,2.4207281716361,9,0.06340257
44,2.4207281716361,10,0.0636438
44,2.4207281716361,11,0.06341757
44,2.4207281716361,12,0.06342387
44,2.4207281716361,13,0.06360224
44,2.4207281716361,14,0.06339723
44,2.4207281716361,15,0.06354038
45,2.4298837244789,0,0.0641313
45,2.4298837244789,1,0.06423111
45,2.4298837244789,2,0.0640141
45,2.4298837244789,3,0.06403714
45,2.4298837244789,4,0.0639395
45,2.4298837244789,5,0.06387783
45,2.4298837244789,6,0.06409689
45,2.4298837244789,7,0.06396323
45,2.4298837244789,8,0.06393705
45,2.4298837244789,9,0.06357451
45,2.4298837244789,10,0.06355457
45,2.4298837244789,11,0.06377396
45,2.4298837244789,12,0.0636609
45,2.4298837244789,13,0.06399932
45,2.4298837244789,14,0.06394945
45,2.4298837244789,15,0.06384964
46,2.44087038789026,0,0.06395292
46,2.44087038789026,1,0.06395306
46,2.44087038789026,2,0.0639459
46,2.44087038789026,3,0.06402326
46,2.44087038789026,4,0.06408308
46,2.44087038789026,5,0.06410465
46,2.44087038789026,6,0.06408171
46,2.44087038789026,7,0.06427951
46,2.44087038789026,8,0.06410967
46,2.44087038789026,9,0.0640464
46,2.44087038789026,10,0.06404863
46,2.44087038789026,11,0.06423745
46,2.44087038789026,12,0.06428189
46,2.44087038789026,13,0.06417482
46,2.44087038789026,14,0.06407268
46,2.44087038789026,15,0.06400666
47,2.45002594073305,0,0.06443485
47,2.45002594073305,1,0.06416661
47,2.45002594073305,2,0.06443494
47,2.45002594073305,3,0.06407249
47,2.45002594073305,4,0.06428403
47,2.45002594073305,5,0.06430944
47,2.45002594073305,6,0.06405036
47,2.45002594073305,7,0.06394169
47,2.45002594073305,8,0.06442367
47,2.45002594073305,9,0.06419224
47,2.45002594073305,10,0.06414813
47,2.45002594073305,11,0.06407952
47,2.45002594073305,12,0.06446601
47,2.45002594073305,13,0.0644166
47,2.45002594073305,14,0.06441761
47,2.45002594073305,15,0.06443823
48,2.45979186376537,0,0.06429598
48,2.45979186376537,1,0.06418595
48,2.45979186376537,2,0.06418084
48,2.45979186376537,3,0.06434552
48,2.45979186376537,4,0.06427942
48,2.45979186376537,5,0.06426912
48,2.45979186376537,6,0.06435592
48,2.45979186376537,7,0.06444703
48,2.45979186376537,8,0.06484115
48,2.45979186376537,9,0.0643213
48,2.45979186376537,10,0.06443544
48,2.45979186376537,11,0.06459041
48,2.45979186376537,12,0.06431277
48,2.45979186376537,13,0.0642484
48,2.45979186376537,14,0.0643775
48,2.45979186376537,15,0.06445588
49,2.47016815698721,0,0.06482307
49,2.47016815698721,1,0.06488091
49,2.47016815698721,2,0.06467681
49,2.47016815698721,3,0.06450757
49,2.47016815698721,4,0.06487818
49,2.47016815698721,5,0.06466059
49,2.47016815698721,6,0.06468891
49,2.47016815698721,7,0.064805
49,2.47016815698721,8,0.06496276
49,2.47016815698721,9,0.06479391
49,2.47016815698721,10,0.06481149
49,2.47016815698721,11,0.06469475
49,2.47016815698721,12,0.06467896
49,2.47016815698721,13,0.06470601
49,2.47016815698721,14,0.0649509
49,2.47016815698721,15,0.06484109
50,2.48054445020905,0,0.06519411
50,2.48054445020905,1,0.06515418
50,2.48054445020905,2,0.06532253
50,2.48054445020905,3,0.06538625
50,2.48054445020905,4,0.06510939
50,2.48054445020905,5,0.06486541
50,2.48054445020905,6,0.06498083
50,2.48054445020905,7,0.06491519
50,2.48054445020905,8,0.06518748
50,2.48054445020905,9,0.0650431
50,2.48054445020905,10,0.06526217
50,2.48054445020905,11,0.06493923
50,2.48054445020905,12,0.06483474
50,2.48054445020905,13,0.06506555
50,2.48054445020905,14,0.06503535
50,2.48054445020905,15,0.06502828
51,2.49031037324137,0,0.06524976
51,2.49031037324137,1,0.06538949
51,2.49031037324137,2,0.06520884
51,2.49031037324137,3,0.06505528
51,2.49031037324137,4,0.06509515
51,2.49031037324137,5,0.06547485
51,2.49031037324137,6,0.06489447
51,2.49031037324137,7,0.0649369
51,2.49031037324137,8,0.06514939
51,2.49031037324137,9,0.06481289
51,2.49031037324137,10,0.06479283
51,2.49031037324137,11,0.06520877
51,2.49031037324137,12,0.06499658
51,2.49031037324137,13,0.0650266
51,2.49031037324137,14,0.06517376
51,2.49031037324137,15,0.06538767
52,2.50129703665273,0,0.06532045
52,2.50129703665273,1,0.06533009
52,2.50129703665273,2,0.0654586
52,2.50129703665273,3,0.06558961
52,2.50129703665273,4,0.06563155
52,2.50129703665273,5,0.06548174
52,2.50129703665273,6,0.06509711
52,2.50129703665273,7,0.0654706
52,2.50129703665273,8,0.06542079
52,2.50129703665273,9,0.06517488
52,2.50129703665273,10,0.06547429
52,2.50129703665273,11,0.06558319
52,2.50129703665273,12,0.06540448
52,2.50129703665273,13,0.06536545
52,2.50129703665273,14,0.06516764
52,2.50129703665273,15,0.06519625
53,2.51045258949553,0,0.06566206
53,2.51045258949553,1,0.06539825
53,2.51045258949553,2,0.06525143
53,2.51045258949553,3,0.06541367
53,2.51045258949553,4,0.06534883
53,2.51045258949553,5,0.06555504
53,2.51045258949553,6,0.06571147
53,2.51045258949553,7,0.06554373
53,2.51045258949553,8,0.06533693
53,2.51045258949553,9,0.06538887
53,2.51045258949553,10,0.06529984
53,2.51045258949553,11,0.06518557
53,2.51045258949553,12,0.06541162
53,2.51045258949553,13,0.06535007
53,2.51045258949553,14,0.06550171
53,2.51045258949553,15,0.06541827
54,2.52143925290689,0,0.06557904
54,2.52143925290689,1,0.06555792
54,2.52143925290689,2,0.06533625
54,2.52143925290689,3,0.06555978
54,2.52143925290689,4,0.06514437
54,2.52143925290689,5,0.06543251
54,2.52143925290689,6,0.06526964
54,2.52143925290689,7,0.06554008
54,2.52143925290689,8,0.06540556
54,2.52143925290689,9,0.06541616
54,2.52143925290689,10,0.06550516
54,2.52143925290689,11,0.06542891
54,2.52143925290689,12,0.06534729
54,2.52143925290689,13,0.0652681
54,2.52143925290689,14,0.06548593
54,2.52143925290689,15,0.0653504
55,2.53059480574969,0,0.06570058
55,2.53059480574969,1,0.06566291
55,2.53059480574969,2,0.06554683
55,2.53059480574969,3,0.06543848
55,2.53059480574969,4,0.06568035
55,2.53059480574969,5,0.06563774
55,2.53059480574969,6,0.06587178
55,2.53059480574969,7,0.06566922
55,2.53059480574969,8,0.0657129
55,2.53059480574969,9,0.06554382
55,2.53059480574969,10,0.06563639
55,2.53059480574969,11,0.06568834
55,2.53059480574969,12,0.06579802
55,2.53059480574969,13,0.06548732
55,2.53059480574969,14,0.06572303
55,2.53059480574969,15,0.06556987
56,2.54036072878201,0,0.06557348
56,2.54036072878201,1,0.06562549
56,2.54036072878201,2,0.06562831
56,2.54036072878201,3,0.06550509
56,2.54036072878201,4,0.06556581
56,2.54036072878201,5,0.06553999
56,2.54036072878201,6,0.06559027
56,2.54036072878201,7,0.06555653
56,2.54036072878201,8,0.06551822
56,2.54036072878201,9,0.06555203
56,2.54036072878201,10,0.06587602
56,2.54036072878201,11,0.06596377
56,2.54036072878201,12,0.06575736
56,2.54036072878201,13,0.06548871
56,2.54036072878201,14,0.06521859
56,2.54036072878201,15,0.06567074
57,2.55134739219336,0,0.06582068
57,2.55134739219336,1,0.06570468
57,2.55134739219336,2,0.06566027
57,2.55134739219336,3,0.06571682
57,2.55134739219336,4,0.06599125
57,2.55134739219336,5,0.06602962
57,2.55134739219336,6,0.06569493
57,2.55134739219336,7,0.06582575
57,2.55134739219336,8,0.06576156
57,2.55134739219336,9,0.06575654
57,2.55134739219336,10,0.06573012
57,2.55134739219336,11,0.06553818
57,2.55134739219336,12,0.06572247
57,2.55134739219336,13,0.06569757
57,2.55134739219336,14,0.06596047
57,2.55134739219336,15,0.06581261
58,2.56111331522568,0,0.06580175
58,2.56111331522568,1,0.06579395
58,2.56111331522568,2,0.06576336
58,2.56111331522568,3,0.06581595
58,2.56111331522568,4,0.06576467
58,2.56111331522568,5,0.06565627
58,2.56111331522568,6,0.06573834
58,2.56111331522568,7,0.06564542
58,2.56111331522568,8,0.06561466
58,2.56111331522568,9,0.06550501
58,2.56111331522568,10,0.0657283
58,2.56111331522568,11,0.06572695
58,2.56111331522568,12,0.06604932
58,2.56111331522568,13,0.06589418
58,2.56111331522568,14,0.06616101
58,2.56111331522568,15,0.06597695
59,2.570879238258,0,0.06530267
59,2.570879238258,1,0.0655774
59,2.570879238258,2,0.06553798
59,2.570879238258,3,0.0656242
59,2.570879238258,4,0.06579071
59,2.570879238258,5,0.0657346
59,2.570879238258,6,0.06538519
59,2.570879238258,7,0.06539218
59,2.570879238258,8,0.06539012
59,2.570879238258,9,0.06537033
59,2.570879238258,10,0.06553383
59,2.570879238258,11,0.0655107
59,2.570879238258,12,0.0655919
59,2.570879238258,13,0.06535775
59,2.570879238258,14,0.0654816
59,2.570879238258,15,0.06545942
60,2.58064516129032,0,0.06575267
60,2.58064516129032,1,0.06565308
60,2.58064516129032,2,0.0653851
60,2.58064516129032,3,0.06569164
60,2.58064516129032,4,0.06581795
60,2.58064516129032,5,0.06588634
60,2.58064516129032,6,0.0657854
60,2.58064516129032,7,0.06577361
60,2.58064516129032,8,0.06581006
60,2.58064516129032,9,0.06559846
60,2.58064516129032,10,0.06572844
60,2.58064516129032,11,0.06527877
60,2.58064516129032,12,0.06570312
60,2.58064516129032,13,0.065672
60,2.58064516129032,14,0.06546596
60,2.58064516129032,15,0.0657973
61,2.59041108432264,0,0.06555089
61,2.59041108432264,1,0.06544533
61,2.59041108432264,2,0.06567997
61,2.59041108432264,3,0.06596373
61,2.59041108432264,4,0.06562512
61,2.59041108432264,5,0.06565364
61,2.59041108432264,6,0.06564911
61,2.59041108432264,7,0.06567328
61,2.59041108432264,8,0.06579138
61,2.59041108432264,9,0.06566458
61,2.59041108432264,10,0.06569294
61,2.59041108432264,11,0.06594197
61,2.59041108432264,12,0.06591053
61,2.59041108432264,13,0.0657239
61,2.59041108432264,14,0.06594039
61,2.59041108432264,15,0.06581426
62,2.60078737754448,0,0.06578387
62,2.60078737754448,1,0.06527471
62,2.60078737754448,2,0.06576553
62,2.60078737754448,3,0.06550907
62,2.60078737754448,4,0.06577341
62,2.60078737754448,5,0.06573308
62,2.60078737754448,6,0.06561179
62,2.60078737754448,7,0.06568542
62,2.60078737754448,8,0.06562607
62,2.60078737754448,9,0.06564642
62,2.60078737754448,10,0.06577246
62,2.60078737754448,11,0.06567152
62,2.60078737754448,12,0.06578579
62,2.60078737754448,13,0.06584286
62,2.60078737754448,14,0.06599808
62,2.60078737754448,15,0.0656601
63,2.61116367076632,0,0.06627466
63,2.61116367076632,1,0.06601696
63,2.61116367076632,2,0.06562492
63,2.61116367076632,3,0.06584839
63,2.61116367076632,4,0.06559008
63,2.61116367076632,5,0.06587364
63,2.61116367076632,6,0.06566019
63,2.61116367076632,7,0.06581585
63,2.61116367076632,8,0.06557822
63,2.61116367076632,9,0.065544
63,2.61116367076632,10,0.06575692
63,2.61116367076632,11,0.06585532
63,2.61116367076632,12,0.06588387
63,2.61116367076632,13,0.06572519
63,2.61116367076632,14,0.06583223
63,2.61116367076632,15,0.06546105
64,2.62092959379864,0,0.0659771
64,2.62092959379864,1,0.06604555
64,2.62092959379864,2,0.06591129
64,2.62092959379864,3,0.06601031
64,2.62092959379864,4,0.06590565
64,2.62092959379864,5,0.06562462
64,2.62092959379864,6,0.06586149
64,2.62092959379864,7,0.06576658
64,2.62092959379864,8,0.06576543
64,2.62092959379864,9,0.06587014
64,2.62092959379864,10,0.06566425
64,2.62092959379864,11,0.0655442
64,2.62092959379864,12,0.06566507
64,2.62092959379864,13,0.06581653
64,2.62092959379864,14,0.06575253
64,2.62092959379864,15,0.06574153
65,2.63130588702048,0,0.06574119
65,2.63130588702048,1,0.06596152
65,2.63130588702048,2,0.06572261
65,2.63130588702048,3,0.06562813
65,2.63130588702048,4,0.06552675
65,2.63130588702048,5,0.06579158
65,2.63130588702048,6,0.06568035
65,2.63130588702048,7,0.06554788
65,2.63130588702048,8,0.06594698
65,2.63130588702048,9,0.06572681
65,2.63130588702048,10,0.06581231
65,2.63130588702048,11,0.06583156
65,2.63130588702048,12,0.06589022
65,2.63130588702048,13,0.06553693
65,2.63130588702048,14,0.06596807
65,2.63130588702048,15,0.06597943
66,2.64046143986328,0,0.06598284
66,2.64046143986328,1,0.06611937
66,2.64046143986328,2,0.06589294
66,2.64046143986328,3,0.06612296
66,2.64046143986328,4,0.06586833
66,2.64046143986328,5,0.06610705
66,2.64046143986328,6,0.06598318
66,2.64046143986328,7,0.06616588
66,2.64046143986328,8,0.06596024
66,2.64046143986328,9,0.06593771
66,2.64046143986328,10,0.06619953
66,2.64046143986328,11,0.06638218
66,2.64046143986328,12,0.06619292
66,2.64046143986328,13,0.0659999
66,2.64046143986328,14,0.0658194
66,2.64046143986328,15,0.0661957
67,2.65083773308512,0,0.06592812
67,2.65083773308512,1,0.0660422
67,2.65083773308512,2,0.06617004
67,2.65083773308512,3,0.0661101
67,2.65083773308512,4,0.06613921
67,2.65083773308512,5,0.06588725
67,2.65083773308512,6,0.06594484
67,2.65083773308512,7,0.0660852
67,2.65083773308512,8,0.0661967
67,2.65083773308512,9,0.06633655
67,2.65083773308512,10,0.06612597
67,2.65083773308512,11,0.06629669
67,2.65083773308512,12,0.06613152
67,2.65083773308512,13,0.06624125
67,2.65083773308512,14,0.06624804
67,2.65083773308512,15,0.06623264
68,2.65999328592792,0,0.06598733
68,2.65999328592792,1,0.06584481
68,2.65999328592792,2,0.06583244
68,2.65999328592792,3,0.06604359
68,2.65999328592792,4,0.06600855
68,2.65999328592792,5,0.06616516
68,2.65999328592792,6,0.06600463
68,2.65999328592792,7,0.06569642
68,2.65999328592792,8,0.06618481
68,2.65999328592792,9,0.06600181
68,2.65999328592792,10,0.06616946
68,2.65999328592792,11,0.0659261
68,2.65999328592792,12,0.06608812
68,2.65999328592792,13,0.06621496
68,2.65999328592792,14,0.06599646
68,2.65999328592792,15,0.06623269
69,2.66975920896023,0,0.06624503
69,2.66975920896023,1,0.06603871
69,2.66975920896023,2,0.06603943
69,2.66975920896023,3,0.06590498
69,2.66975920896023,4,0.06608898
69,2.66975920896023,5,0.0659489
69,2.66975920896023,6,0.06597123
69,2.66975920896023,7,0.06588715
69,2.66975920896023,8,0.06611876
69,2.66975920896023,9,0.06594796
69,2.66975920896023,10,0.06627169
69,2.66975920896023,11,0.06616139
69,2.66975920896023,12,0.06622954
69,2.66975920896023,13,0.06615986
69,2.66975920896023,14,0.06596763
69,2.66975920896023,15,0.06579272
70,2.68013550218207,0,0.06636336
70,2.68013550218207,1,0.06619135
70,2.68013550218207,2,0.06585002
70,2.68013550218207,3,0.06602585
70,2.68013550218207,4,0.06599627
70,2.68013550218207,5,0.06601462
70,2.68013550218207,6,0.06583817
70,2.68013550218207,7,0.06597347
70,2.68013550218207,8,0.0660432
70,2.68013550218207,9,0.06626251
70,2.68013550218207,10,0.06573509
70,2.68013550218207,11,0.06587415
70,2.68013550218207,12,0.06595679
70,2.68013550218207,13,0.06599354
70,2.68013550218207,14,0.06571046
70,2.68013550218207,15,0.0659044
71,2.69051179540391,0,0.06619474
71,2.69051179540391,1,0.06597748
71,2.69051179540391,2,0.06608139
71,2.69051179540391,3,0.06594847
71,2.69051179540391,4,0.06600659
71,2.69051179540391,5,0.06603856
71,2.69051179540391,6,0.06615508
71,2.69051179540391,7,0.06614686
71,2.69051179540391,8,0.06599531
71,2.69051179540391,9,0.06598446
71,2.69051179540391,10,0.06612802
71,2.69051179540391,11,0.06608521
71,2.69051179540391,12,0.06614996
71,2.69051179540391,13,0.06604405
71,2.69051179540391,14,0.06626686
71,2.69051179540391,15,0.06619471
72,2.70149845881527,0,0.06604172
72,2.70149845881527,1,0.06611015
72,2.70149845881527,2,0.06612593
72,2.70149845881527,3,0.06605872
72,2.70149845881527,4,0.06622013
72,2.70149845881527,5,0.06605575
72,2.70149845881527,6,0.06626758
72,2.70149845881527,7,0.06634558
72,2.70149845881527,8,0.06609491
72,2.70149845881527,9,0.0658862
72,2.70149845881527,10,0.06575101
72,2.70149845881527,11,0.06597695
72,2.70149845881527,12,0.06602819
72,2.70149845881527,13,0.06574833
72,2.70149845881527,14,0.06602566
72,2.70149845881527,15,0.06602412
73,2.71004364146855,0,0.0660128
73,2.71004364146855,1,0.06605811
73,2.71004364146855,2,0.06619179
73,2.71004364146855,3,0.06617487
73,2.71004364146855,4,0.06624445
73,2.71004364146855,5,0.06601443
73,2.71004364146855,6,0.0659002
73,2.71004364146855,7,0.06598169
73,2.71004364146855,8,0.06604057
73,2.71004364146855,9,0.06617936
73,2.71004364146855,10,0.06624153
73,2.71004364146855,11,0.06613342
73,2.71004364146855,12,0.06622863
73,2.71004364146855,13,0.06625644
73,2.71004364146855,14,0.06615942
73,2.71004364146855,15,0.06615995
74,2.72103030487991,0,0.06567366
74,2.72103030487991,1,0.06614313
74,2.72103030487991,2,0.06593014
74,2.72103030487991,3,0.06584047
74,2.72103030487991,4,0.06604668
74,2.72103030487991,5,0.06591808
74,2.72103030487991,6,0.06605128
74,2.72103030487991,7,0.06622711
74,2.72103030487991,8,0.06589175
74,2.72103030487991,9,0.06592932
74,2.72103030487991,10,0.06616583
74,2.72103030487991,11,0.0658485
74,2.72103030487991,12,0.0657153
74,2.72103030487991,13,0.06592687
74,2.72103030487991,14,0.06598247
74,2.72103030487991,15,0.06606275
75,2.73079622791223,0,0.06598766
75,2.73079622791223,1,0.06631767
75,2.73079622791223,2,0.06589317
75,2.73079622791223,3,0.06614958
75,2.73079622791223,4,0.06603453
75,2.73079622791223,5,0.06616159
75,2.73079622791223,6,0.06617423
75,2.73079622791223,7,0.06612799
75,2.73079622791223,8,0.06565385
75,2.73079622791223,9,0.06626689
75,2.73079622791223,10,0.0662965
75,2.73079622791223,11,0.0662173
75,2.73079622791223,12,0.06612546
75,2.73079622791223,13,0.06618892
75,2.73079622791223,14,0.06624646
75,2.73079622791223,15,0.06615034
76,2.74056215094455,0,0.06609702
76,2.74056215094455,1,0.0660757
76,2.74056215094455,2,0.06621815
76,2.74056215094455,3,0.0661265
76,2.74056215094455,4,0.06621716
76,2.74056215094455,5,0.06618457
76,2.74056215094455,6,0.06611087
76,2.74056215094455,7,0.06586613
76,2.74056215094455,8,0.06637549
76,2.74056215094455,9,0.06598906
76,2.74056215094455,10,0.06601276
76,2.74056215094455,11,0.06622127
76,2.74056215094455,12,0.06608205
76,2.74056215094455,13,0.0659481
76,2.74056215094455,14,0.06603035
76,2.74056215094455,15,0.06612392
77,2.75093844416639,0,0.06621821
77,2.75093844416639,1,0.06632221
77,2.75093844416639,2,0.06602503
77,2.75093844416639,3,0.06623641
77,2.75093844416639,4,0.06597553
77,2.75093844416639,5,0.06615093
77,2.75093844416639,6,0.06636049
77,2.75093844416639,7,0.06585176
77,2.75093844416639,8,0.06614744
77,2.75093844416639,9,0.0659783
77,2.75093844416639,10,0.06576704
77,2.75093844416639,11,0.06607965
77,2.75093844416639,12,0.06584892
77,2.75093844416639,13,0.06572255
77,2.75093844416639,14,0.06584762
77,2.75093844416639,15,0.0658418
78,2.76070436719871,0,0.06575822
78,2.76070436719871,1,0.06605931
78,2.76070436719871,2,0.06593069
78,2.76070436719871,3,0.06592224
78,2.76070436719871,4,0.06622261
78,2.76070436719871,5,0.06625549
78,2.76070436719871,6,0.06623007
78,2.76070436719871,7,0.06623923
78,2.76070436719871,8,0.06591865
78,2.76070436719871,9,0.0662282
78,2.76070436719871,10,0.06612382
78,2.76070436719871,11,0.0659079
78,2.76070436719871,12,0.06606594
78,2.76070436719871,13,0.06571988
78,2.76070436719871,14,0.06596836
78,2.76070436719871,15,0.06573644
79,2.7698599200415,0,0.06633062
79,2.7698599200415,1,0.06619723
79,2.7698599200415,2,0.06612138
79,2.7698599200415,3,0.06618251
79,2.7698599200415,4,0.06613563
79,2.7698599200415,5,0.06629691
79,2.7698599200415,6,0.06611098
79,2.7698599200415,7,0.06603345
79,2.7698599200415,8,0.06631725
79,2.7698599200415,9,0.0662714
79,2.7698599200415,10,0.06630616
79,2.7698599200415,11,0.0662107
79,2.7698599200415,12,0.06659433
79,2.7698599200415,13,0.06620841
79,2.7698599200415,14,0.06633043
79,2.7698599200415,15,0.06626605
80,2.78145695364238,0,0.06637502
80,2.78145695364238,1,0.06638377
80,2.78145695364238,2,0.06634882
80,2.78145695364238,3,0.0663039
80,2.78145695364238,4,0.06635777
80,2.78145695364238,5,0.06606331
80,2.78145695364238,6,0.06632436
80,2.78145695364238,7,0.06648576
80,2.78145695364238,8,0.06623622
80,2.78145695364238,9,0.06618309
80,2.78145695364238,10,0.0660127
80,2.78145695364238,11,0.06623418
80,2.78145695364238,12,0.06612951
80,2.78145695364238,13,0.06631633
80,2.78145695364238,14,0.06623508
80,2.78145695364238,15,0.06614376
81,2.79061250648518,0,0.06617443
81,2.79061250648518,1,0.06601438
81,2.79061250648518,2,0.06623226
81,2.79061250648518,3,0.06609448
81,2.79061250648518,4,0.06647008
81,2.79061250648518,5,0.06625888
81,2.79061250648518,6,0.0662595
81,2.79061250648518,7,0.06644168
81,2.79061250648518,8,0.06645646
81,2.79061250648518,9,0.06634319
81,2.79061250648518,10,0.06610245
81,2.79061250648518,11,0.06623326
81,2.79061250648518,12,0.06629153
81,2.79061250648518,13,0.06605141
81,2.79061250648518,14,0.06595829
81,2.79061250648518,15,0.0659213
82,2.80098879970702,0,0.0663462
82,2.80098879970702,1,0.06627522
82,2.80098879970702,2,0.06660571
82,2.80098879970702,3,0.06660609
82,2.80098879970702,4,0.066356
82,2.80098879970702,5,0.06659342
82,2.80098879970702,6,0.06653125
82,2.80098879970702,7,0.06648151
82,2.80098879970702,8,0.06623791
82,2.80098879970702,9,0.06656337
82,2.80098879970702,10,0.06635543
82,2.80098879970702,11,0.06641784
82,2.80098879970702,12,0.06649335
82,2.80098879970702,13,0.06624527
82,2.80098879970702,14,0.06659553
82,2.80098879970702,15,0.0662856
83,2.81075472273934,0,0.06602575
83,2.81075472273934,1,0.06604359
83,2.81075472273934,2,0.0661587
83,2.81075472273934,3,0.06630567
83,2.81075472273934,4,0.06657221
83,2.81075472273934,5,0.06646602
83,2.81075472273934,6,0.06641631
83,2.81075472273934,7,0.06654377
83,2.81075472273934,8,0.06643566
83,2.81075472273934,9,0.06676825
83,2.81075472273934,10,0.06645282
83,2.81075472273934,11,0.06636593
83,2.81075472273934,12,0.06641325
83,2.81075472273934,13,0.0664772
83,2.81075472273934,14,0.06622691
83,2.81075472273934,15,0.0660366
84,2.82052064577166,0,0.06662043
84,2.82052064577166,1,0.06655037
84,2.82052064577166,2,0.06662297
84,2.82052064577166,3,0.06657245
84,2.82052064577166,4,0.06629354
84,2.82052064577166,5,0.06651127
84,2.82052064577166,6,0.06627876
84,2.82052064577166,7,0.06632985
84,2.82052064577166,8,0.06669699
84,2.82052064577166,9,0.06664581
84,2.82052064577166,10,0.06652594
84,2.82052064577166,11,0.06656829
84,2.82052064577166,12,0.06657445
84,2.82052064577166,13,0.06653053
84,2.82052064577166,14,0.06655343
84,2.82052064577166,15,0.066567
85,2.83028656880398,0,0.06636795
85,2.83028656880398,1,0.06668007
85,2.83028656880398,2,0.06667085
85,2.83028656880398,3,0.0666492
85,2.83028656880398,4,0.06641807
85,2.83028656880398,5,0.06647361
85,2.83028656880398,6,0.06649742
85,2.83028656880398,7,0.06663682
85,2.83028656880398,8,0.06670593
85,2.83028656880398,9,0.06665149
85,2.83028656880398,10,0.06687196
85,2.83028656880398,11,0.06680816
85,2.83028656880398,12,0.06681466
85,2.83028656880398,13,0.0669449
85,2.83028656880398,14,0.06684357
85,2.83028656880398,15,0.0667262
86,2.84066286202582,0,0.06695636
86,2.84066286202582,1,0.06684123
86,2.84066286202582,2,0.06687765
86,2.84066286202582,3,0.06700301
86,2.84066286202582,4,0.06713855
86,2.84066286202582,5,0.06710294
86,2.84066286202582,6,0.06700306
86,2.84066286202582,7,0.06709071
86,2.84066286202582,8,0.06714103
86,2.84066286202582,9,0.06708612
86,2.84066286202582,10,0.06721272
86,2.84066286202582,11,0.06701495
86,2.84066286202582,12,0.0670444
86,2.84066286202582,13,0.06694437
86,2.84066286202582,14,0.06689265
86,2.84066286202582,15,0.0667825
87,2.85103915524766,0,0.0668549
87,2.85103915524766,1,0.06708115
87,2.85103915524766,2,0.06734152
87,2.85103915524766,3,0.06715059
87,2.85103915524766,4,0.0671904
87,2.85103915524766,5,0.06707422
87,2.85103915524766,6,0.06700826
87,2.85103915524766,7,0.06697715
87,2.85103915524766,8,0.06681132
87,2.85103915524766,9,0.0667335
87,2.85103915524766,10,0.06694188
87,2.85103915524766,11,0.06707546
87,2.85103915524766,12,0.06714438
87,2.85103915524766,13,0.06697012
87,2.85103915524766,14,0.06696114
87,2.85103915524766,15,0.06652585
88,2.86080507827998,0,0.06683048
88,2.86080507827998,1,0.06676615
88,2.86080507827998,2,0.06685758
88,2.86080507827998,3,0.06696492
88,2.86080507827998,4,0.06663878
88,2.86080507827998,5,0.06670856
88,2.86080507827998,6,0.06677141
88,2.86080507827998,7,0.06706327
88,2.86080507827998,8,0.06679521
88,2.86080507827998,9,0.06710677
88,2.86080507827998,10,0.06696487
88,2.86080507827998,11,0.06688114
88,2.86080507827998,12,0.06698097
88,2.86080507827998,13,0.06684414
88,2.86080507827998,14,0.06692807
88,2.86080507827998,15,0.06704645
89,2.8705710013123,0,0.0671557
89,2.8705710013123,1,0.06690661
89,2.8705710013123,2,0.06703388
89,2.8705710013123,3,0.06684993
89,2.8705710013123,4,0.0670476
89,2.8705710013123,5,0.06719662
89,2.8705710013123,6,0.06674579
89,2.8705710013123,7,0.06677714
89,2.8705710013123,8,0.06709329
89,2.8705710013123,9,0.0669859
89,2.8705710013123,10,0.06711886
89,2.8705710013123,11,0.06692797
89,2.8705710013123,12,0.06699446
89,2.8705710013123,13,0.06678173
89,2.8705710013123,14,0.06689925
89,2.8705710013123,15,0.06676959
90,2.88094729453414,0,0.06679731
90,2.88094729453414,1,0.06681648
90,2.88094729453414,2,0.06670875
90,2.88094729453414,3,0.06699498
90,2.88094729453414,4,0.06688008
90,2.88094729453414,5,0.06713678
90,2.88094729453414,6,0.06681848
90,2.88094729453414,7,0.06676514
90,2.88094729453414,8,0.0667757
90,2.88094729453414,9,0.06675
90,2.88094729453414,10,0.06682847
90,2.88094729453414,11,0.06684424
90,2.88094729453414,12,0.06660681
90,2.88094729453414,13,0.06672223
90,2.88094729453414,14,0.06657393
90,2.88094729453414,15,0.06673633
91,2.89132358775597,0,0.06642634
91,2.89132358775597,1,0.06687679
91,2.89132358775597,2,0.06694919
91,2.89132358775597,3,0.06676629
91,2.89132358775597,4,0.06664892
91,2.89132358775597,5,0.06670388
91,2.89132358775597,6,0.06665092
91,2.89132358775597,7,0.06686183
91,2.89132358775597,8,0.06698241
91,2.89132358775597,9,0.0670281
91,2.89132358775597,10,0.06666607
91,2.89132358775597,11,0.0669727
91,2.89132358775597,12,0.06695306
91,2.89132358775597,13,0.06679033
91,2.89132358775597,14,0.06688147
91,2.89132358775597,15,0.06686274
92,2.90047914059877,0,0.06711379
92,2.90047914059877,1,0.06731728
92,2.90047914059877,2,0.06721392
92,2.90047914059877,3,0.0670162
92,2.90047914059877,4,0.06704339
92,2.90047914059877,5,0.0672261
92,2.90047914059877,6,0.06686164
92,2.90047914059877,7,0.06717037
92,2.90047914059877,8,0.0668572
92,2.90047914059877,9,0.06676672
92,2.90047914059877,10,0.06676213
92,2.90047914059877,11,0.06712397
92,2.90047914059877,12,0.06666641
92,2.90047914059877,13,0.06674211
92,2.90047914059877,14,0.06671277
92,2.90047914059877,15,0.06654932
93,2.91146580401013,0,0.0670032
93,2.91146580401013,1,0.06686068
93,2.91146580401013,2,0.0669015
93,2.91146580401013,3,0.06653078
93,2.91146580401013,4,0.06673169
93,2.91146580401013,5,0.06680214
93,2.91146580401013,6,0.06668007
93,2.91146580401013,7,0.06709324
93,2.91146580401013,8,0.06680338
93,2.91146580401013,9,0.06684955
93,2.91146580401013,10,0.06679066
93,2.91146580401013,11,0.06659113
93,2.91146580401013,12,0.06669064
93,2.91146580401013,13,0.06678938
93,2.91146580401013,14,0.06677146
93,2.91146580401013,15,0.06667726
94,2.92062135685293,0,0.06687937
94,2.92062135685293,1,0.06682111
94,2.92062135685293,2,0.06693342
94,2.92062135685293,3,0.06693538
94,2.92062135685293,4,0.06699239
94,2.92062135685293,5,0.06708373
94,2.92062135685293,6,0.06698795
94,2.92062135685293,7,0.06695885
94,2.92062135685293,8,0.06686384
94,2.92062135685293,9,0.06711766
94,2.92062135685293,10,0.06692969
94,2.92062135685293,11,0.06697424
94,2.92062135685293,12,0.066882
94,2.92062135685293,13,0.06686121
94,2.92062135685293,14,0.06681905
94,2.92062135685293,15,0.06681117
95,2.93038727988525,0,0.066696
95,2.93038727988525,1,0.06668255
95,2.93038727988525,2,0.06672475
95,2.93038727988525,3,0.06675306
95,2.93038727988525,4,0.06670531
95,2.93038727988525,5,0.06686144
95,2.93038727988525,6,0.06672806
95,2.93038727988525,7,0.06685743
95,2.93038727988525,8,0.06671941
95,2.93038727988525,9,0.06679028
95,2.93038727988525,10,0.06673858
95,2.93038727988525,11,0.06675296
95,2.93038727988525,12,0.06691985
95,2.93038727988525,13,0.06696755
95,2.93038727988525,14,0.06697084
95,2.93038727988525,15,0.06695823
96,2.94076357310709,0,0.06671382
96,2.94076357310709,1,0.06639078
96,2.94076357310709,2,0.0668332
96,2.94076357310709,3,0.06667492
96,2.94076357310709,4,0.06676137
96,2.94076357310709,5,0.06676242
96,2.94076357310709,6,0.06677098
96,2.94076357310709,7,0.06701037
96,2.94076357310709,8,0.06691574
96,2.94076357310709,9,0.06671984
96,2.94076357310709,10,0.06707254
96,2.94076357310709,11,0.06656241
96,2.94076357310709,12,0.06675085
96,2.94076357310709,13,0.06664336
96,2.94076357310709,14,0.06691287
96,2.94076357310709,15,0.06663463
97,2.95113986632893,0,0.06659606
97,2.95113986632893,1,0.06673026
97,2.95113986632893,2,0.06628962
97,2.95113986632893,3,0.06668829
97,2.95113986632893,4,0.06664988
97,2.95113986632893,5,0.06698145
97,2.95113986632893,6,0.06681637
97,2.95113986632893,7,0.06691784
97,2.95113986632893,8,0.06690092
97,2.95113986632893,9,0.06678082
97,2.95113986632893,10,0.0668538
97,2.95113986632893,11,0.06660867
97,2.95113986632893,12,0.06694996
97,2.95113986632893,13,0.06679076
97,2.95113986632893,14,0.0668106
97,2.95113986632893,15,0.06673824
98,2.96090578936125,0,0.06693891
98,2.96090578936125,1,0.06709496
98,2.96090578936125,2,0.06701644
98,2.96090578936125,3,0.06665408
98,2.96090578936125,4,0.06674158
98,2.96090578936125,5,0.06664203
98,2.96090578936125,6,0.06648399
98,2.96090578936125,7,0.06668968
98,2.96090578936125,8,0.06666937
98,2.96090578936125,9,0.06659319
98,2.96090578936125,10,0.06666364
98,2.96090578936125,11,0.06679292
98,2.96090578936125,12,0.06690422
98,2.96090578936125,13,0.06645253
98,2.96090578936125,14,0.06672304
98,2.96090578936125,15,0.06665775
99,2.97067171239357,0,0.06665813
99,2.97067171239357,1,0.06666058
99,2.97067171239357,2,0.06692458
99,2.97067171239357,3,0.06690288
99,2.97067171239357,4,0.06699526
99,2.97067171239357,5,0.06664504
99,2.97067171239357,6,0.06668002
99,2.97067171239357,7,0.06686083
99,2.97067171239357,8,0.06638391
99,2.97067171239357,9,0.06660208
99,2.97067171239357,10,0.06665035
99,2.97067171239357,11,0.06672189
99,2.97067171239357,12,0.06672854
99,2.97067171239357,13,0.06678393
99,2.97067171239357,14,0.06662698
99,2.97067171239357,15,0.06668323
100,2.98043763542589,0,0.06668528
100,2.98043763542589,1,0.06659965
100,2.98043763542589,2,0.06652824
100,2.98043763542589,3,0.06667161
100,2.98043763542589,4,0.06675668
100,2.98043763542589,5,0.06673174
100,2.98043763542589,6,0.06709486
100,2.98043763542589,7,0.06694389
100,2.98043763542589,8,0.0669503
100,2.98043763542589,9,0.0668895
100,2.98043763542589,10,0.06640384
100,2.98043763542589,11,0.06669537
100,2.98043763542589,12,0.06668806
100,2.98043763542589,13,0.06662799
100,2.98043763542589,14,0.06654654
100,2.98043763542589,15,0.06680562
101,2.99081392864772,0,0.06676404
101,2.99081392864772,1,0.06660356
101,2.99081392864772,2,0.06654989
101,2.99081392864772,3,0.06663726
101,2.99081392864772,4,0.06652589
101,2.99081392864772,5,0.06660203
101,2.99081392864772,6,0.06665608
101,2.99081392864772,7,0.06676462
101,2.99081392864772,8,0.0666558
101,2.99081392864772,9,0.06673183
101,2.99081392864772,10,0.06706093
101,2.99081392864772,11,0.0665962
101,2.99081392864772,12,0.06644427
101,2.99081392864772,13,0.06650353
101,2.99081392864772,14,0.06674555
101,2.99081392864772,15,0.0666426
102,3.00119022186956,0,0.06632479
102,3.00119022186956,1,0.06664055
102,3.00119022186956,2,0.06657398
102,3.00119022186956,3,0.06647567
102,3.00119022186956,4,0.06659979
102,3.00119022186956,5,0.06652752
102,3.00119022186956,6,0.06661579
102,3.00119022186956,7,0.06680691
102,3.00119022186956,8,0.06669241
102,3.00119022186956,9,0.06661178
102,3.00119022186956,10,0.06672376
102,3.00119022186956,11,0.06680214
102,3.00119022186956,12,0.0664911
102,3.00119022186956,13,0.06670837
102,3.00119022186956,14,0.06682666
102,3.00119022186956,15,0.06681088
103,3.01095614490188,0,0.06669895
103,3.01095614490188,1,0.06664136
103,3.01095614490188,2,0.06692515
103,3.01095614490188,3,0.06673761
103,3.01095614490188,4,0.06691746
103,3.01095614490188,5,0.06659567
103,3.01095614490188,6,0.06663577
103,3.01095614490188,7,0.06661598
103,3.01095614490188,8,0.06659386
103,3.01095614490188,9,0.06667463
103,3.01095614490188,10,0.06663587
103,3.01095614490188,11,0.06649531
103,3.01095614490188,12,0.0664879
103,3.01095614490188,13,0.06678225
103,3.01095614490188,14,0.0663894
103,3.01095614490188,15,0.06659878
104,3.0207220679342,0,0.06670215
104,3.0207220679342,1,0.06651706
104,3.0207220679342,2,0.06672309
104,3.0207220679342,3,0.06656112
104,3.0207220679342,4,0.06687655
104,3.0207220679342,5,0.06691249
104,3.0207220679342,6,0.06659998
104,3.0207220679342,7,0.06677704
104,3.0207220679342,8,0.06669541
104,3.0207220679342,9,0.06691488
104,3.0207220679342,10,0.06653364
104,3.0207220679342,11,0.06668872
104,3.0207220679342,12,0.06660838
104,3.0207220679342,13,0.06669594
104,3.0207220679342,14,0.06689069
104,3.0207220679342,15,0.06693289
105,3.03109836115604,0,0.06657144
105,3.03109836115604,1,0.06672495
105,3.03109836115604,2,0.06665561
105,3.03109836115604,3,0.0670336
105,3.03109836115604,4,0.06699938
105,3.03109836115604,5,0.06681332
105,3.03109836115604,6,0.06675114
105,3.03109836115604,7,0.06691469
105,3.03109836115604,8,0.06694293
105,3.03109836115604,9,0.066658
105,3.03109836115604,10,0.06648982
105,3.03109836115604,11,0.06635322
105,3.03109836115604,12,0.06667439
105,3.03109836115604,13,0.0667434
105,3.03109836115604,14,0.06664542
105,3.03109836115604,15,0.06686723
106,3.04147465437788,0,0.06644231
106,3.04147465437788,1,0.06700487
106,3.04147465437788,2,0.06684338
106,3.04147465437788,3,0.06673446
106,3.04147465437788,4,0.06686016
106,3.04147465437788,5,0.06663482
106,3.04147465437788,6,0.06657656
106,3.04147465437788,7,0.06681413
106,3.04147465437788,8,0.06684759
106,3.04147465437788,9,0.06664939
106,3.04147465437788,10,0.06655224
106,3.04147465437788,11,0.06647361
106,3.04147465437788,12,0.06673963
106,3.04147465437788,13,0.06674823
106,3.04147465437788,14,0.06673614
106,3.04147465437788,15,0.06678201
107,3.05063020722068,0,0.06658606
107,3.05063020722068,1,0.0666924
107,3.05063020722068,2,0.06677977
107,3.05063020722068,3,0.06688315
107,3.05063020722068,4,0.06687707
107,3.05063020722068,5,0.06699125
107,3.05063020722068,6,0.06685624
107,3.05063020722068,7,0.06682656
107,3.05063020722068,8,0.06656991
107,3.05063020722068,9,0.06664045
107,3.05063020722068,10,0.06669551
107,3.05063020722068,11,0.06691803
107,3.05063020722068,12,0.06663673
107,3.05063020722068,13,0.06669614
107,3.05063020722068,14,0.06684157
107,3.05063020722068,15,0.06677934
108,3.06100650044252,0,0.06641077
108,3.06100650044252,1,0.06667066
108,3.06100650044252,2,0.06639285
108,3.06100650044252,3,0.06649522
108,3.06100650044252,4,0.06672437
108,3.06100650044252,5,0.06647222
108,3.06100650044252,6,0.06673963
108,3.06100650044252,7,0.06656872
108,3.06100650044252,8,0.06660509
108,3.06100650044252,9,0.06680453
108,3.06100650044252,10,0.06679105
108,3.06100650044252,11,0.06663678
108,3.06100650044252,12,0.06659777
108,3.06100650044252,13,0.06665804
108,3.06100650044252,14,0.06658716
108,3.06100650044252,15,0.06665011
109,3.07077242347484,0,0.06656136
109,3.07077242347484,1,0.06667931
109,3.07077242347484,2,0.06647696
109,3.07077242347484,3,0.06675903
109,3.07077242347484,4,0.06641191
109,3.07077242347484,5,0.06621773
109,3.07077242347484,6,0.06655859
109,3.07077242347484,7,0.06672796
109,3.07077242347484,8,0.0667542
109,3.07077242347484,9,0.0666818
109,3.07077242347484,10,0.06696004
109,3.07077242347484,11,0.06685323
109,3.07077242347484,12,0.06673852
109,3.07077242347484,13,0.06668634
109,3.07077242347484,14,0.06680768
109,3.07077242347484,15,0.06684109
110,3.08053834650716,0,0.06650076
110,3.08053834650716,1,0.06653149
110,3.08053834650716,2,0.06675955
110,3.08053834650716,3,0.06674895
110,3.08053834650716,4,0.06660055
110,3.08053834650716,5,0.0665971
110,3.08053834650716,6,0.06648632
110,3.08053834650716,7,0.06639414
110,3.08053834650716,8,0.06650688
110,3.08053834650716,9,0.06684773
110,3.08053834650716,10,0.06677031
110,3.08053834650716,11,0.06653249
110,3.08053834650716,12,0.06628498
110,3.08053834650716,13,0.06651834
110,3.08053834650716,14,0.06659362
110,3.08053834650716,15,0.06688066
111,3.09152500991852,0,0.06676825
111,3.09152500991852,1,0.06675262
111,3.09152500991852,2,0.06657507
111,3.09152500991852,3,0.06644938
111,3.09152500991852,4,0.06688166
111,3.09152500991852,5,0.06681729
111,3.09152500991852,6,0.06654549
111,3.09152500991852,7,0.06648862
111,3.09152500991852,8,0.0666654
111,3.09152500991852,9,0.06645913
111,3.09152500991852,10,0.06679535
111,3.09152500991852,11,0.06657933
111,3.09152500991852,12,0.06655563
111,3.09152500991852,13,0.06663716
111,3.09152500991852,14,0.06650611
111,3.09152500991852,15,0.0667413
112,3.10129093295083,0,0.06654564
112,3.10129093295083,1,0.0667715
112,3.10129093295083,2,0.0671276
112,3.10129093295083,3,0.06692716
112,3.10129093295083,4,0.06686532
112,3.10129093295083,5,0.06674569
112,3.10129093295083,6,0.06651586
112,3.10129093295083,7,0.06651816
112,3.10129093295083,8,0.06676993
112,3.10129093295083,9,0.06661985
112,3.10129093295083,10,0.06676089
112,3.10129093295083,11,0.06690336
112,3.10129093295083,12,0.06674058
112,3.10129093295083,13,0.06643681
112,3.10129093295083,14,0.06667314
112,3.10129093295083,15,0.06657813
113,3.11044648579363,0,0.06694528
113,3.11044648579363,1,0.0667576
113,3.11044648579363,2,0.06678981
113,3.11044648579363,3,0.06699015
113,3.11044648579363,4,0.06673858
113,3.11044648579363,5,0.06670904
113,3.11044648579363,6,0.06688033
113,3.11044648579363,7,0.06679521
113,3.11044648579363,8,0.06687359
113,3.11044648579363,9,0.06706088
113,3.11044648579363,10,0.06709573
113,3.11044648579363,11,0.06713142
113,3.11044648579363,12,0.06677403
113,3.11044648579363,13,0.06686436
113,3.11044648579363,14,0.06661861
113,3.11044648579363,15,0.06666899
114,3.12082277901547,0,0.06684993
114,3.12082277901547,1,0.06669193
114,3.12082277901547,2,0.0667671
114,3.12082277901547,3,0.0668149
114,3.12082277901547,4,0.06711298
114,3.12082277901547,5,0.06702905
114,3.12082277901547,6,0.0670237
114,3.12082277901547,7,0.06698633
114,3.12082277901547,8,0.06686503
114,3.12082277901547,9,0.06707264
114,3.12082277901547,10,0.06691894
114,3.12082277901547,11,0.06703942
114,3.12082277901547,12,0.06705133
114,3.12082277901547,13,0.06691588
114,3.12082277901547,14,0.06644393
114,3.12082277901547,15,0.06690274
115,3.13058870204779,0,0.06686331
115,3.13058870204779,1,0.06683741
115,3.13058870204779,2,0.06670718
115,3.13058870204779,3,0.06691803
115,3.13058870204779,4,0.06695287
115,3.13058870204779,5,0.06693132
115,3.13058870204779,6,0.06703049
115,3.13058870204779,7,0.06689309
115,3.13058870204779,8,0.06711656
115,3.13058870204779,9,0.06680878
115,3.13058870204779,10,0.06684821
115,3.13058870204779,11,0.06688171
115,3.13058870204779,12,0.06654545
115,3.13058870204779,13,0.06651701
115,3.13058870204779,14,0.0666774
115,3.13058870204779,15,0.06667062
116,3.14035462508011,0,0.06699961
116,3.14035462508011,1,0.06703962
116,3.14035462508011,2,0.06701548
116,3.14035462508011,3,0.06698174
116,3.14035462508011,4,0.06691908
116,3.14035462508011,5,0.06687737
116,3.14035462508011,6,0.06670144
116,3.14035462508011,7,0.06700803
116,3.14035462508011,8,0.06670431
116,3.14035462508011,9,0.06721033
116,3.14035462508011,10,0.06665207
116,3.14035462508011,11,0.06690872
116,3.14035462508011,12,0.06676185
116,3.14035462508011,13,0.06678034
116,3.14035462508011,14,0.06672437
116,3.14035462508011,15,0.06690876
117,3.15073091830195,0,0.066725
117,3.15073091830195,1,0.06687784
117,3.15073091830195,2,0.06700076
117,3.15073091830195,3,0.06687784
117,3.15073091830195,4,0.06659854
117,3.15073091830195,5,0.06641373
117,3.15073091830195,6,0.0666007
117,3.15073091830195,7,0.06667372
117,3.15073091830195,8,0.06667525
117,3.15073091830195,9,0.06683645
117,3.15073091830195,10,0.06677905
117,3.15073091830195,11,0.06656002
117,3.15073091830195,12,0.06679879
117,3.15073091830195,13,0.06677389
117,3.15073091830195,14,0.06675927
117,3.15073091830195,15,0.06683798
118,3.16049684133427,0,0.06680888
118,3.16049684133427,1,0.06695005
118,3.16049684133427,2,0.06654
118,3.16049684133427,3,0.06674101
118,3.16049684133427,4,0.06669733
118,3.16049684133427,5,0.06666148
118,3.16049684133427,6,0.06660356
118,3.16049684133427,7,0.06674665
118,3.16049684133427,8,0.06682087
118,3.16049684133427,9,0.06642467
118,3.16049684133427,10,0.06665542
118,3.16049684133427,11,0.06672543
118,3.16049684133427,12,0.06646291
118,3.16049684133427,13,0.06681556
118,3.16049684133427,14,0.06660088
118,3.16049684133427,15,0.06681375
119,3.17087313455611,0,0.06685556
119,3.17087313455611,1,0.06688491
119,3.17087313455611,2,0.0672413
119,3.17087313455611,3,0.06676386
119,3.17087313455611,4,0.0667261
119,3.17087313455611,5,0.06700707
119,3.17087313455611,6,0.06688219
119,3.17087313455611,7,0.06669169
119,3.17087313455611,8,0.06666249
119,3.17087313455611,9,0.06684926
119,3.17087313455611,10,0.06698237
119,3.17087313455611,11,0.06666168
119,3.17087313455611,12,0.06706715
119,3.17087313455611,13,0.06707666
119,3.17087313455611,14,0.06686895
119,3.17087313455611,15,0.06701821
120,3.17941831720939,0,0.06672098
120,3.17941831720939,1,0.06713644
120,3.17941831720939,2,0.06722471
120,3.17941831720939,3,0.06721535
120,3.17941831720939,4,0.06697032
120,3.17941831720939,5,0.06720106
120,3.17941831720939,6,0.06714093
120,3.17941831720939,7,0.06688085
120,3.17941831720939,8,0.0671223
120,3.17941831720939,9,0.06697749
120,3.17941831720939,10,0.06696478
120,3.17941831720939,11,0.06691469
120,3.17941831720939,12,0.06716637
120,3.17941831720939,13,0.06708674
120,3.17941831720939,14,0.06717611
120,3.17941831720939,15,0.06707723
121,3.19040498062075,0,0.0670671
121,3.19040498062075,1,0.06685781
121,3.19040498062075,2,0.06694637
121,3.19040498062075,3,0.06706385
121,3.19040498062075,4,0.06700224
121,3.19040498062075,5,0.06708167
121,3.19040498062075,6,0.06711217
121,3.19040498062075,7,0.06716125
121,3.19040498062075,8,0.06706141
121,3.19040498062075,9,0.06700727
121,3.19040498062075,10,0.06722601
121,3.19040498062075,11,0.06736618
121,3.19040498062075,12,0.06715685
121,3.19040498062075,13,0.06723336
121,3.19040498062075,14,0.06745239
121,3.19040498062075,15,0.06709104
122,3.20017090365307,0,0.06685189
122,3.20017090365307,1,0.06730314
122,3.20017090365307,2,0.06713376
122,3.20017090365307,3,0.0671233
122,3.20017090365307,4,0.06677523
122,3.20017090365307,5,0.06702255
122,3.20017090365307,6,0.06684071
122,3.20017090365307,7,0.06705219
122,3.20017090365307,8,0.06741484
122,3.20017090365307,9,0.06711173
122,3.20017090365307,10,0.0671569
122,3.20017090365307,11,0.06708507
122,3.20017090365307,12,0.06718213
122,3.20017090365307,13,0.0673116
122,3.20017090365307,14,0.06709711
122,3.20017090365307,15,0.06707685
123,3.20993682668538,0,0.06689853
123,3.20993682668538,1,0.06733177
123,3.20993682668538,2,0.06688
123,3.20993682668538,3,0.06725
123,3.20993682668538,4,0.06729129
123,3.20993682668538,5,0.06742281
123,3.20993682668538,6,0.06729975
123,3.20993682668538,7,0.06716014
123,3.20993682668538,8,0.06723112
123,3.20993682668538,9,0.06694059
123,3.20993682668538,10,0.06689983
123,3.20993682668538,11,0.06688242
123,3.20993682668538,12,0.06712779
123,3.20993682668538,13,0.06731103
123,3.20993682668538,14,0.06734142
123,3.20993682668538,15,0.06709363
124,3.22092349009674,0,0.06712607
124,3.22092349009674,1,0.06730496
124,3.22092349009674,2,0.06745207
124,3.22092349009674,3,0.06736054
124,3.22092349009674,4,0.06697911
124,3.22092349009674,5,0.06712177
124,3.22092349009674,6,0.06718954
124,3.22092349009674,7,0.0670673
124,3.22092349009674,8,0.06717511
124,3.22092349009674,9,0.06692357
124,3.22092349009674,10,0.06719355
124,3.22092349009674,11,0.06707087
124,3.22092349009674,12,0.06695517
124,3.22092349009674,13,0.06692883
124,3.22092349009674,14,0.06686059
124,3.22092349009674,15,0.06688291
125,3.23007904293954,0,0.06706643
125,3.23007904293954,1,0.06685213
125,3.23007904293954,2,0.06707273
125,3.23007904293954,3,0.06703421
125,3.23007904293954,4,0.06738726
125,3.23007904293954,5,0.06709524
125,3.23007904293954,6,0.06705343
125,3.23007904293954,7,0.0673171
125,3.23007904293954,8,0.06724919
125,3.23007904293954,9,0.06715236
125,3.23007904293954,10,0.0672218
125,3.23007904293954,11,0.0669187
125,3.23007904293954,12,0.0670983
125,3.23007904293954,13,0.06687201
125,3.23007904293954,14,0.06702174
125,3.23007904293954,15,0.06701916
126,3.23923459578234,0,0.06713764
126,3.23923459578234,1,0.06712455
126,3.23923459578234,2,0.06694183
126,3.23923459578234,3,0.06707575
126,3.23923459578234,4,0.06697978
126,3.23923459578234,5,0.06699775
126,3.23923459578234,6,0.06697381
126,3.23923459578234,7,0.06721096
126,3.23923459578234,8,0.0671602
126,3.23923459578234,9,0.06709176
126,3.23923459578234,10,0.0667499
126,3.23923459578234,11,0.06671444
126,3.23923459578234,12,0.06681184
126,3.23923459578234,13,0.06669982
126,3.23923459578234,14,0.06702733
126,3.23923459578234,15,0.06704607
127,3.2502212591937,0,0.06676108
127,3.2502212591937,1,0.06693213
127,3.2502212591937,2,0.06678359
127,3.2502212591937,3,0.06681977
127,3.2502212591937,4,0.06707924
127,3.2502212591937,5,0.06671835
127,3.2502212591937,6,0.06676553
127,3.2502212591937,7,0.06684424
127,3.2502212591937,8,0.06652566
127,3.2502212591937,9,0.06662693
127,3.2502212591937,10,0.06682111
127,3.2502212591937,11,0.06679344
127,3.2502212591937,12,0.06674325
127,3.2502212591937,13,0.06695603
127,3.2502212591937,14,0.06687497
127,3.2502212591937,15,0.06679353
128,3.25998718222602,0,0.06678823
128,3.25998718222602,1,0.06670048
128,3.25998718222602,2,0.0667888
128,3.25998718222602,3,0.0671007
128,3.25998718222602,4,0.06696248
128,3.25998718222602,5,0.06699312
128,3.25998718222602,6,0.06671429
128,3.25998718222602,7,0.06692119
128,3.25998718222602,8,0.06714792
128,3.25998718222602,9,0.06697118
128,3.25998718222602,10,0.06697385
128,3.25998718222602,11,0.06666785
128,3.25998718222602,12,0.0666893
128,3.25998718222602,13,0.06661163
128,3.25998718222602,14,0.06675874
128,3.25998718222602,15,0.0667261
129,3.26975310525834,0,0.06662851
129,3.26975310525834,1,0.06663176
129,3.26975310525834,2,0.06677361
129,3.26975310525834,3,0.06644374
129,3.26975310525834,4,0.0666298
129,3.26975310525834,5,0.0663334
129,3.26975310525834,6,0.06655525
129,3.26975310525834,7,0.06672199
129,3.26975310525834,8,0.0665996
129,3.26975310525834,9,0.06660485
129,3.26975310525834,10,0.06656943
129,3.26975310525834,11,0.06660418
129,3.26975310525834,12,0.06672835
129,3.26975310525834,13,0.06647949
129,3.26975310525834,14,0.06673647
129,3.26975310525834,15,0.06672825
130,3.28012939848018,0,0.06691636
130,3.28012939848018,1,0.06686746
130,3.28012939848018,2,0.06680548
130,3.28012939848018,3,0.06691799
130,3.28012939848018,4,0.06680744
130,3.28012939848018,5,0.06663544
130,3.28012939848018,6,0.06666449
130,3.28012939848018,7,0.06670512
130,3.28012939848018,8,0.06667874
130,3.28012939848018,9,0.06676175
130,3.28012939848018,10,0.06655046
130,3.28012939848018,11,0.06651396
130,3.28012939848018,12,0.0666796
130,3.28012939848018,13,0.06669088
130,3.28012939848018,14,0.06662688
130,3.28012939848018,15,0.06650478
131,3.2898953215125,0,0.06707536
131,3.2898953215125,1,0.06687598
131,3.2898953215125,2,0.06663075
131,3.2898953215125,3,0.0667684
131,3.2898953215125,4,0.06670388
131,3.2898953215125,5,0.06688309
131,3.2898953215125,6,0.06716918
131,3.2898953215125,7,0.0669222
131,3.2898953215125,8,0.06704975
131,3.2898953215125,9,0.06693891
131,3.2898953215125,10,0.06707479
131,3.2898953215125,11,0.0668474
131,3.2898953215125,12,0.06689318
131,3.2898953215125,13,0.06690589
131,3.2898953215125,14,0.06708956
131,3.2898953215125,15,0.06689748
132,3.30027161473434,0,0.06674799
132,3.30027161473434,1,0.06670015
132,3.30027161473434,2,0.06653952
132,3.30027161473434,3,0.06646788
132,3.30027161473434,4,0.06689972
132,3.30027161473434,5,0.06639174
132,3.30027161473434,6,0.06666335
132,3.30027161473434,7,0.06673623
132,3.30027161473434,8,0.06678068
132,3.30027161473434,9,0.06694738
132,3.30027161473434,10,0.06657331
132,3.30027161473434,11,0.06657106
132,3.30027161473434,12,0.06673795
132,3.30027161473434,13,0.06660137
132,3.30027161473434,14,0.06658999
132,3.30027161473434,15,0.06664389
133,3.31003753776666,0,0.06684056
133,3.31003753776666,1,0.06693266
133,3.31003753776666,2,0.06694078
133,3.31003753776666,3,0.06678044
133,3.31003753776666,4,0.06707054
133,3.31003753776666,5,0.06669212
133,3.31003753776666,6,0.06688917
133,3.31003753776666,7,0.06668839
133,3.31003753776666,8,0.06644293
133,3.31003753776666,9,0.0666969
133,3.31003753776666,10,0.06667916
133,3.31003753776666,11,0.06697615
133,3.31003753776666,12,0.0665658
133,3.31003753776666,13,0.06690217
133,3.31003753776666,14,0.0665292
133,3.31003753776666,15,0.06689084
134,3.31980346079897,0,0.0667564
134,3.31980346079897,1,0.06676739
134,3.31980346079897,2,0.06689065
134,3.31980346079897,3,0.06688195
134,3.31980346079897,4,0.06664265
134,3.31980346079897,5,0.06648838
134,3.31980346079897,6,0.06663997
134,3.31980346079897,7,0.06672534
134,3.31980346079897,8,0.06683066
134,3.31980346079897,9,0.06648976
134,3.31980346079897,10,0.0662779
134,3.31980346079897,11,0.06634687
134,3.31980346079897,12,0.06662153
134,3.31980346079897,13,0.06628765
134,3.31980346079897,14,0.06671033
134,3.31980346079897,15,0.06656571
135,3.32956938383129,0,0.0666428
135,3.32956938383129,1,0.06603441
135,3.32956938383129,2,0.06648126
135,3.32956938383129,3,0.06646319
135,3.32956938383129,4,0.06654492
135,3.32956938383129,5,0.06663305
135,3.32956938383129,6,0.06655061
135,3.32956938383129,7,0.06651682
135,3.32956938383129,8,0.0666145
135,3.32956938383129,9,0.06666426
135,3.32956938383129,10,0.06641946
135,3.32956938383129,11,0.06679516
135,3.32956938383129,12,0.06661188
135,3.32956938383129,13,0.06658817
135,3.32956938383129,14,0.06650224
135,3.32956938383129,15,0.06672553
136,3.33994567705313,0,0.0667457
136,3.33994567705313,1,0.06656657
136,3.33994567705313,2,0.06654606
136,3.33994567705313,3,0.06679602
136,3.33994567705313,4,0.06691226
136,3.33994567705313,5,0.06672051
136,3.33994567705313,6,0.0664652
136,3.33994567705313,7,0.0666393
136,3.33994567705313,8,0.06647514
136,3.33994567705313,9,0.06662693
136,3.33994567705313,10,0.06671921
136,3.33994567705313,11,0.06674837
136,3.33994567705313,12,0.06690255
136,3.33994567705313,13,0.06651854
136,3.33994567705313,14,0.06651275
136,3.33994567705313,15,0.0666102
137,3.35032197027497,0,0.06695397
137,3.35032197027497,1,0.06658277
137,3.35032197027497,2,0.06678656
137,3.35032197027497,3,0.0667617
137,3.35032197027497,4,0.06673102
137,3.35032197027497,5,0.066397
137,3.35032197027497,6,0.06656509
137,3.35032197027497,7,0.06661689
137,3.35032197027497,8,0.06653512
137,3.35032197027497,9,0.06678651
137,3.35032197027497,10,0.06661924
137,3.35032197027497,11,0.06662617
137,3.35032197027497,12,0.06671109
137,3.35032197027497,13,0.06671114
137,3.35032197027497,14,0.06665417
137,3.35032197027497,15,0.06677466
138,3.36069826349681,0,0.06706318
138,3.36069826349681,1,0.06673279
138,3.36069826349681,2,0.06659634
138,3.36069826349681,3,0.06656954
138,3.36069826349681,4,0.06657966
138,3.36069826349681,5,0.06663888
138,3.36069826349681,6,0.06662253
138,3.36069826349681,7,0.06650908
138,3.36069826349681,8,0.06682245
138,3.36069826349681,9,0.06677045
138,3.36069826349681,10,0.06687139
138,3.36069826349681,11,0.06686838
138,3.36069826349681,12,0.06677844
138,3.36069826349681,13,0.06684691
138,3.36069826349681,14,0.06679196
138,3.36069826349681,15,0.06683698
139,3.36985381633961,0,0.06692028
139,3.36985381633961,1,0.06699522
139,3.36985381633961,2,0.06715833
139,3.36985381633961,3,0.06697509
139,3.36985381633961,4,0.06666459
139,3.36985381633961,5,0.06671219
139,3.36985381633961,6,0.06648546
139,3.36985381633961,7,0.06661154
139,3.36985381633961,8,0.06669002
139,3.36985381633961,9,0.06681599
139,3.36985381633961,10,0.06687
139,3.36985381633961,11,0.06666555
139,3.36985381633961,12,0.06673303
139,3.36985381633961,13,0.06707837
139,3.36985381633961,14,0.06673977
139,3.36985381633961,15,0.06667004
140,3.38023010956145,0,0.06674216
140,3.38023010956145,1,0.06677662
140,3.38023010956145,2,0.06672366
140,3.38023010956145,3,0.06661054
140,3.38023010956145,4,0.06681447
140,3.38023010956145,5,0.06688572
140,3.38023010956145,6,0.06661139
140,3.38023010956145,7,0.06636474
140,3.38023010956145,8,0.0663408
140,3.38023010956145,9,0.06639121
140,3.38023010956145,10,0.06683286
140,3.38023010956145,11,0.06666024
140,3.38023010956145,12,0.0666969
140,3.38023010956145,13,0.06638443
140,3.38023010956145,14,0.06673294
140,3.38023010956145,15,0.06671291
141,3.38938566240425,0,0.0667218
141,3.38938566240425,1,0.06677346
141,3.38938566240425,2,0.06655161
141,3.38938566240425,3,0.06653541
141,3.38938566240425,4,0.06671932
141,3.38938566240425,5,0.06662688
141,3.38938566240425,6,0.06648298
141,3.38938566240425,7,0.06710652
141,3.38938566240425,8,0.06675941
141,3.38938566240425,9,0.06648967
141,3.38938566240425,10,0.06662492
141,3.38938566240425,11,0.06674761
141,3.38938566240425,12,0.06664567
141,3.38938566240425,13,0.06645483
141,3.38938566240425,14,0.0665376
141,3.38938566240425,15,0.06673432
142,3.39976195562609,0,0.06647237
142,3.39976195562609,1,0.06674111
142,3.39976195562609,2,0.0668061
142,3.39976195562609,3,0.06699426
142,3.39976195562609,4,0.06678288
142,3.39976195562609,5,0.06663983
142,3.39976195562609,6,0.06636775
142,3.39976195562609,7,0.06681834
142,3.39976195562609,8,0.06647676
142,3.39976195562609,9,0.06684238
142,3.39976195562609,10,0.06672031
142,3.39976195562609,11,0.06655204
142,3.39976195562609,12,0.06677991
142,3.39976195562609,13,0.06664954
142,3.39976195562609,14,0.06665226
142,3.39976195562609,15,0.06654297
143,3.41013824884793,0,0.06661776
143,3.41013824884793,1,0.06674512
143,3.41013824884793,2,0.06655458
143,3.41013824884793,3,0.06647977
143,3.41013824884793,4,0.06664208
143,3.41013824884793,5,0.06689065
143,3.41013824884793,6,0.06666435
143,3.41013824884793,7,0.06673049
143,3.41013824884793,8,0.06651863
143,3.41013824884793,9,0.06654464
143,3.41013824884793,10,0.06641053
143,3.41013824884793,11,0.06647494
143,3.41013824884793,12,0.06677332
143,3.41013824884793,13,0.06675793
143,3.41013824884793,14,0.06663573
143,3.41013824884793,15,0.06627523
144,3.41990417188025,0,0.06644531
144,3.41990417188025,1,0.0664413
144,3.41990417188025,2,0.06645202
144,3.41990417188025,3,0.06647151
144,3.41990417188025,4,0.06644466
144,3.41990417188025,5,0.06655008
144,3.41990417188025,6,0.06670904
144,3.41990417188025,7,0.06671635
144,3.41990417188025,8,0.06626658
144,3.41990417188025,9,0.06654248
144,3.41990417188025,10,0.06631647
144,3.41990417188025,11,0.06641234
144,3.41990417188025,12,0.06656256
144,3.41990417188025,13,0.06635059
144,3.41990417188025,14,0.06646186
144,3.41990417188025,15,0.06661699
145,3.43028046510208,0,0.06625143
145,3.43028046510208,1,0.06656165
145,3.43028046510208,2,0.06635686
145,3.43028046510208,3,0.06665202
145,3.43028046510208,4,0.06643968
145,3.43028046510208,5,0.06649809
145,3.43028046510208,6,0.06662086
145,3.43028046510208,7,0.06650224
145,3.43028046510208,8,0.06669796
145,3.43028046510208,9,0.06651606
145,3.43028046510208,10,0.0664717
145,3.43028046510208,11,0.06658951
145,3.43028046510208,12,0.06642333
145,3.43028046510208,13,0.06670503
145,3.43028046510208,14,0.06683903
145,3.43028046510208,15,0.06661139
146,3.4400463881344,0,0.0668474
146,3.4400463881344,1,0.06651434
146,3.4400463881344,2,0.06625988
146,3.4400463881344,3,0.06632168
146,3.4400463881344,4,0.06656179
146,3.4400463881344,5,0.06641325
146,3.4400463881344,6,0.06645489
146,3.4400463881344,7,0.06652786
146,3.4400463881344,8,0.06653436
146,3.4400463881344,9,0.06641263
146,3.4400463881344,10,0.06669021
146,3.4400463881344,11,0.06644642
146,3.4400463881344,12,0.0662292
146,3.4400463881344,13,0.06628226
146,3.4400463881344,14,0.0663148
146,3.4400463881344,15,0.06640962
147,3.44981231116672,0,0.06673838
147,3.44981231116672,1,0.06658975
147,3.44981231116672,2,0.06660605
147,3.44981231116672,3,0.06654344
147,3.44981231116672,4,0.06646472
147,3.44981231116672,5,0.06662784
147,3.44981231116672,6,0.06670798
147,3.44981231116672,7,0.06645489
147,3.44981231116672,8,0.06666684
147,3.44981231116672,9,0.06673509
147,3.44981231116672,10,0.06635781
147,3.44981231116672,11,0.06662684
147,3.44981231116672,12,0.06648824
147,3.44981231116672,13,0.06627809
147,3.44981231116672,14,0.06662163
147,3.44981231116672,15,0.06665231
148,3.46018860438856,0,0.06687555
148,3.46018860438856,1,0.06664097
148,3.46018860438856,2,0.06685375
148,3.46018860438856,3,0.06682278
148,3.46018860438856,4,0.06690714
148,3.46018860438856,5,0.06667004
148,3.46018860438856,6,0.06687253
148,3.46018860438856,7,0.06664877
148,3.46018860438856,8,0.06666531
148,3.46018860438856,9,0.06682551
148,3.46018860438856,10,0.06682833
148,3.46018860438856,11,0.06642892
148,3.46018860438856,12,0.06659061
148,3.46018860438856,13,0.06662167
148,3.46018860438856,14,0.06659052
148,3.46018860438856,15,0.06676022
149,3.4705648976104,0,0.0668115
149,3.4705648976104,1,0.06677385
149,3.4705648976104,2,0.06707173
149,3.4705648976104,3,0.06650607
149,3.4705648976104,4,0.06695832
149,3.4705648976104,5,0.06682259
149,3.4705648976104,6,0.06665002
149,3.4705648976104,7,0.06709056
149,3.4705648976104,8,0.06659066
149,3.4705648976104,9,0.06673049
149,3.4705648976104,10,0.06666522
149,3.4705648976104,11,0.06672166
149,3.4705648976104,12,0.06672314
149,3.4705648976104,13,0.06667559
149,3.4705648976104,14,0.06689552
149,3.4705648976104,15,0.06685342
150,3.4797204504532,0,0.06684448
150,3.4797204504532,1,0.06666172
150,3.4797204504532,2,0.06688602
150,3.4797204504532,3,0.06669044
150,3.4797204504532,4,0.06656404
150,3.4797204504532,5,0.06660819
150,3.4797204504532,6,0.06661197
150,3.4797204504532,7,0.06660882
150,3.4797204504532,8,0.0667757
150,3.4797204504532,9,0.06680204
150,3.4797204504532,10,0.0667349
150,3.4797204504532,11,0.06680869
150,3.4797204504532,12,0.06661684
150,3.4797204504532,13,0.06673183
150,3.4797204504532,14,0.0665843
150,3.4797204504532,15,0.06674755
151,3.48948637348552,0,0.06630138
151,3.48948637348552,1,0.06678225
151,3.48948637348552,2,0.06681217
151,3.48948637348552,3,0.06682436
151,3.48948637348552,4,0.06692381
151,3.48948637348552,5,0.06700898
151,3.48948637348552,6,0.06674001
151,3.48948637348552,7,0.06651228
151,3.48948637348552,8,0.06672983
151,3.48948637348552,9,0.06673504
151,3.48948637348552,10,0.06661255
151,3.48948637348552,11,0.06668773
151,3.48948637348552,12,0.06677876
151,3.48948637348552,13,0.06682666
151,3.48948637348552,14,0.06695937
151,3.48948637348552,15,0.06672748
152,3.49986266670736,0,0.06675267
152,3.49986266670736,1,0.06643218
152,3.49986266670736,2,0.0668928
152,3.49986266670736,3,0.06664782
152,3.49986266670736,4,0.06685093
152,3.49986266670736,5,0.06687961
152,3.49986266670736,6,0.06683984
152,3.49986266670736,7,0.0667879
152,3.49986266670736,8,0.0667998
152,3.49986266670736,9,0.06692258
152,3.49986266670736,10,0.06661493
152,3.49986266670736,11,0.06667467
152,3.49986266670736,12,0.06674875
152,3.49986266670736,13,0.06671019
152,3.49986266670736,14,0.06667931
152,3.49986266670736,15,0.06662922
153,3.5102389599292,0,0.06703708
153,3.5102389599292,1,0.06683062
153,3.5102389599292,2,0.06663252
153,3.5102389599292,3,0.06694513
153,3.5102389599292,4,0.06672911
153,3.5102389599292,5,0.06674784
153,3.5102389599292,6,0.0665669
153,3.5102389599292,7,0.06662789
153,3.5102389599292,8,0.06650444
153,3.5102389599292,9,0.0664533
153,3.5102389599292,10,0.06658956
153,3.5102389599292,11,0.06656146
153,3.5102389599292,12,0.06650511
153,3.5102389599292,13,0.06638869
153,3.5102389599292,14,0.06680352
153,3.5102389599292,15,0.06644212
154,3.519394512772,0,0.06685179
154,3.519394512772,1,0.06669135
154,3.519394512772,2,0.06656413
154,3.519394512772,3,0.06651782
154,3.519394512772,4,0.06668098
154,3.519394512772,5,0.06649316
154,3.519394512772,6,0.0665313
154,3.519394512772,7,0.06630663
154,3.519394512772,8,0.06680912
154,3.519394512772,9,0.06637473
154,3.519394512772,10,0.06689801
154,3.519394512772,11,0.06706743
154,3.519394512772,12,0.06674063
154,3.519394512772,13,0.06685122
154,3.519394512772,14,0.06683746
154,3.519394512772,15,0.06684496
155,3.52977080599384,0,0.06689682
155,3.52977080599384,1,0.06674163
155,3.52977080599384,2,0.06680471
155,3.52977080599384,3,0.0667335
155,3.52977080599384,4,0.06652016
155,3.52977080599384,5,0.06669389
155,3.52977080599384,6,0.06665642
155,3.52977080599384,7,0.06684319
155,3.52977080599384,8,0.0668157
155,3.52977080599384,9,0.0668148
155,3.52977080599384,10,0.06679941
155,3.52977080599384,11,0.06664963
155,3.52977080599384,12,0.06672668
155,3.52977080599384,13,0.06692339
155,3.52977080599384,14,0.06684773
155,3.52977080599384,15,0.06704583
156,3.54014709921567,0,0.06684372
156,3.54014709921567,1,0.06708511
156,3.54014709921567,2,0.06698614
156,3.54014709921567,3,0.06707536
156,3.54014709921567,4,0.06699379
156,3.54014709921567,5,0.06693916
156,3.54014709921567,6,0.06685514
156,3.54014709921567,7,0.06672629
156,3.54014709921567,8,0.06680204
156,3.54014709921567,9,0.0670248
156,3.54014709921567,10,0.06676639
156,3.54014709921567,11,0.06671946
156,3.54014709921567,12,0.06664509
156,3.54014709921567,13,0.0671558
156,3.54014709921567,14,0.06691177
156,3.54014709921567,15,0.06679521
157,3.54991302224799,0,0.06663052
157,3.54991302224799,1,0.06690408
157,3.54991302224799,2,0.06694002
157,3.54991302224799,3,0.06699512
157,3.54991302224799,4,0.06679664
157,3.54991302224799,5,0.06714763
157,3.54991302224799,6,0.06704478
157,3.54991302224799,7,0.06682675
157,3.54991302224799,8,0.06710399
157,3.54991302224799,9,0.06716412
157,3.54991302224799,10,0.06686494
157,3.54991302224799,11,0.06672668
157,3.54991302224799,12,0.06693438
157,3.54991302224799,13,0.06701715
157,3.54991302224799,14,0.06678928
157,3.54991302224799,15,0.06676649
158,3.56028931546983,0,0.06693887
158,3.56028931546983,1,0.0671385
158,3.56028931546983,2,0.06701127
158,3.56028931546983,3,0.06694031
158,3.56028931546983,4,0.06712253
158,3.56028931546983,5,0.06710457
158,3.56028931546983,6,0.06710906
158,3.56028931546983,7,0.06690398
158,3.56028931546983,8,0.06678751
158,3.56028931546983,9,0.06716497
158,3.56028931546983,10,0.06697281
158,3.56028931546983,11,0.06689156
158,3.56028931546983,12,0.06699383
158,3.56028931546983,13,0.06696917
158,3.56028931546983,14,0.06679946
158,3.56028931546983,15,0.06720192
159,3.57066560869167,0,0.06678335
159,3.57066560869167,1,0.06682278
159,3.57066560869167,2,0.06683019
159,3.57066560869167,3,0.06707206
159,3.57066560869167,4,0.06710662
159,3.57066560869167,5,0.06722964
159,3.57066560869167,6,0.06721392
159,3.57066560869167,7,0.0669805
159,3.57066560869167,8,0.06725468
159,3.57066560869167,9,0.06707063
159,3.57066560869167,10,0.06716163
159,3.57066560869167,11,0.06708239
159,3.57066560869167,12,0.06711752
159,3.57066560869167,13,0.06741875
159,3.57066560869167,14,0.06715254
159,3.57066560869167,15,0.06710447
160,3.58043153172399,0,0.06719513
160,3.58043153172399,1,0.06693385
160,3.58043153172399,2,0.06689983
160,3.58043153172399,3,0.06686914
160,3.58043153172399,4,0.06701376
160,3.58043153172399,5,0.0669783
160,3.58043153172399,6,0.06675807
160,3.58043153172399,7,0.06688625
160,3.58043153172399,8,0.06691435
160,3.58043153172399,9,0.06691612
160,3.58043153172399,10,0.06707049
160,3.58043153172399,11,0.06686088
160,3.58043153172399,12,0.06675635
160,3.58043153172399,13,0.06684161
160,3.58043153172399,14,0.06673437
160,3.58043153172399,15,0.06676037
161,3.59080782494583,0,0.06705543
161,3.59080782494583,1,0.06700425
161,3.59080782494583,2,0.06655873
161,3.59080782494583,3,0.06692424
161,3.59080782494583,4,0.06690542
161,3.59080782494583,5,0.06676261
161,3.59080782494583,6,0.06668007
161,3.59080782494583,7,0.06672657
161,3.59080782494583,8,0.06686035
161,3.59080782494583,9,0.06701218
161,3.59080782494583,10,0.06688315
161,3.59080782494583,11,0.06708039
161,3.59080782494583,12,0.06686322
161,3.59080782494583,13,0.06667692
161,3.59080782494583,14,0.06660614
161,3.59080782494583,15,0.06694279
162,3.60118411816767,0,0.06681132
162,3.60118411816767,1,0.06699455
162,3.60118411816767,2,0.06658463
162,3.60118411816767,3,0.06683329
162,3.60118411816767,4,0.06700277
162,3.60118411816767,5,0.06674909
162,3.60118411816767,6,0.06692214
162,3.60118411816767,7,0.06681012
162,3.60118411816767,8,0.0668234
162,3.60118411816767,9,0.06688186
162,3.60118411816767,10,0.0666732
162,3.60118411816767,11,0.06693815
162,3.60118411816767,12,0.06677833
162,3.60118411816767,13,0.06685815
162,3.60118411816767,14,0.0666179
162,3.60118411816767,15,0.06687564
163,3.61095004119999,0,0.0667922
163,3.61095004119999,1,0.06691096
163,3.61095004119999,2,0.0670973
163,3.61095004119999,3,0.06693916
163,3.61095004119999,4,0.06660973
163,3.61095004119999,5,0.06688678
163,3.61095004119999,6,0.06696276
163,3.61095004119999,7,0.06681648
163,3.61095004119999,8,0.066882
163,3.61095004119999,9,0.06672495
163,3.61095004119999,10,0.06667425
163,3.61095004119999,11,0.06664007
163,3.61095004119999,12,0.06697462
163,3.61095004119999,13,0.06704167
163,3.61095004119999,14,0.06669891
163,3.61095004119999,15,0.06673408
164,3.62193670461135,0,0.06648026
164,3.62193670461135,1,0.06645904
164,3.62193670461135,2,0.06664375
164,3.62193670461135,3,0.06651595
164,3.62193670461135,4,0.06652179
164,3.62193670461135,5,0.06682073
164,3.62193670461135,6,0.06672066
164,3.62193670461135,7,0.06631958
164,3.62193670461135,8,0.06665718
164,3.62193670461135,9,0.0667434
164,3.62193670461135,10,0.06639609
164,3.62193670461135,11,0.06683755
164,3.62193670461135,12,0.06672333
164,3.62193670461135,13,0.06658564
164,3.62193670461135,14,0.06682345
164,3.62193670461135,15,0.06671964
165,3.63048188726463,0,0.06668261
165,3.63048188726463,1,0.0664609
165,3.63048188726463,2,0.06648279
165,3.63048188726463,3,0.06656346
165,3.63048188726463,4,0.06648518
165,3.63048188726463,5,0.06630591
165,3.63048188726463,6,0.06652571
165,3.63048188726463,7,0.06660055
165,3.63048188726463,8,0.06677461
165,3.63048188726463,9,0.06649364
165,3.63048188726463,10,0.06681308
165,3.63048188726463,11,0.06671205
165,3.63048188726463,12,0.06666908
165,3.63048188726463,13,0.06660175
165,3.63048188726463,14,0.06688056
165,3.63048188726463,15,0.06656174
166,3.64085818048646,0,0.06679109
166,3.64085818048646,1,0.06662851
166,3.64085818048646,2,0.06635968
166,3.64085818048646,3,0.0667368
166,3.64085818048646,4,0.06654545
166,3.64085818048646,5,0.06639787
166,3.64085818048646,6,0.06612583
166,3.64085818048646,7,0.06620717
166,3.64085818048646,8,0.06632383
166,3.64085818048646,9,0.06646118
166,3.64085818048646,10,0.06650822
166,3.64085818048646,11,0.06635366
166,3.64085818048646,12,0.06642147
166,3.64085818048646,13,0.0663634
166,3.64085818048646,14,0.06632918
166,3.64085818048646,15,0.06647012
167,3.6512344737083,0,0.0664112
167,3.6512344737083,1,0.06651605
167,3.6512344737083,2,0.06657168
167,3.6512344737083,3,0.06673136
167,3.6512344737083,4,0.06645277
167,3.6512344737083,5,0.0665227
167,3.6512344737083,6,0.0664621
167,3.6512344737083,7,0.06651357
167,3.6512344737083,8,0.06630591
167,3.6512344737083,9,0.06649942
167,3.6512344737083,10,0.06647179
167,3.6512344737083,11,0.0662975
167,3.6512344737083,12,0.06658344
167,3.6512344737083,13,0.06677528
167,3.6512344737083,14,0.06660476
167,3.6512344737083,15,0.06671797
168,3.66161076693014,0,0.06638109
168,3.66161076693014,1,0.06675974
168,3.66161076693014,2,0.06667912
168,3.66161076693014,3,0.06659759
168,3.66161076693014,4,0.0664914
168,3.66161076693014,5,0.06635236
168,3.66161076693014,6,0.06651978
168,3.66161076693014,7,0.06668729
168,3.66161076693014,8,0.0664414
168,3.66161076693014,9,0.06660642
168,3.66161076693014,10,0.06641617
168,3.66161076693014,11,0.06661374
168,3.66161076693014,12,0.06684166
168,3.66161076693014,13,0.06644331
168,3.66161076693014,14,0.06642114
168,3.66161076693014,15,0.06636637
169,3.67137668996246,0,0.06662
169,3.67137668996246,1,0.06676348
169,3.67137668996246,2,0.06628675
169,3.67137668996246,3,0.06662024
169,3.67137668996246,4,0.06642663
169,3.67137668996246,5,0.06652843
169,3.67137668996246,6,0.0665367
169,3.67137668996246,7,0.06668762
169,3.67137668996246,8,0.06687211
169,3.67137668996246,9,0.06650095
169,3.67137668996246,10,0.06645627
169,3.67137668996246,11,0.06648742
169,3.67137668996246,12,0.06637521
169,3.67137668996246,13,0.06664805
169,3.67137668996246,14,0.0665778
169,3.67137668996246,15,0.0665009
170,3.68114261299478,0,0.06628173
170,3.68114261299478,1,0.06622151
170,3.68114261299478,2,0.06649392
170,3.68114261299478,3,0.06646926
170,3.68114261299478,4,0.06643701
170,3.68114261299478,5,0.06649555
170,3.68114261299478,6,0.06648059
170,3.68114261299478,7,0.06674086
170,3.68114261299478,8,0.06645024
170,3.68114261299478,9,0.06664982
170,3.68114261299478,10,0.0664197
170,3.68114261299478,11,0.06672433
170,3.68114261299478,12,0.0663017
170,3.68114261299478,13,0.06662512
170,3.68114261299478,14,0.06650898
170,3.68114261299478,15,0.06639929
171,3.69212927640614,0,0.06637578
171,3.69212927640614,1,0.06641483
171,3.69212927640614,2,0.06632435
171,3.69212927640614,3,0.06629296
171,3.69212927640614,4,0.06649613
171,3.69212927640614,5,0.06640823
171,3.69212927640614,6,0.06634672
171,3.69212927640614,7,0.06661489
171,3.69212927640614,8,0.06619751
171,3.69212927640614,9,0.06623188
171,3.69212927640614,10,0.06625439
171,3.69212927640614,11,0.06628345
171,3.69212927640614,12,0.06626663
171,3.69212927640614,13,0.06606772
171,3.69212927640614,14,0.06607449
171,3.69212927640614,15,0.06618433
172,3.70128482924894,0,0.06607451
172,3.70128482924894,1,0.06635121
172,3.70128482924894,2,0.06633837
172,3.70128482924894,3,0.06631647
172,3.70128482924894,4,0.06633683
172,3.70128482924894,5,0.06607168
172,3.70128482924894,6,0.06619938
172,3.70128482924894,7,0.06638844
172,3.70128482924894,8,0.06645101
172,3.70128482924894,9,0.06653063
172,3.70128482924894,10,0.06672519
172,3.70128482924894,11,0.06635891
172,3.70128482924894,12,0.06671473
172,3.70128482924894,13,0.06643911
172,3.70128482924894,14,0.06631805
172,3.70128482924894,15,0.06633062
173,3.71105075228126,0,0.06636646
173,3.71105075228126,1,0.06662015
173,3.71105075228126,2,0.06635767
173,3.71105075228126,3,0.06639213
173,3.71105075228126,4,0.06644121
173,3.71105075228126,5,0.06638578
173,3.71105075228126,6,0.0666753
173,3.71105075228126,7,0.06642448
173,3.71105075228126,8,0.06626118
173,3.71105075228126,9,0.0659489
173,3.71105075228126,10,0.06648537
173,3.71105075228126,11,0.0664048
173,3.71105075228126,12,0.06661957
173,3.71105075228126,13,0.06616545
173,3.71105075228126,14,0.06619336
173,3.71105075228126,15,0.06636842
174,3.72203741569262,0,0.06638061
174,3.72203741569262,1,0.06659893
174,3.72203741569262,2,0.06637349
174,3.72203741569262,3,0.06616708
174,3.72203741569262,4,0.06626457
174,3.72203741569262,5,0.06615981
174,3.72203741569262,6,0.06630257
174,3.72203741569262,7,0.06618624
174,3.72203741569262,8,0.06616148
174,3.72203741569262,9,0.06629272
174,3.72203741569262,10,0.06642477
174,3.72203741569262,11,0.06656279
174,3.72203741569262,12,0.06642854
174,3.72203741569262,13,0.06649889
174,3.72203741569262,14,0.06609171
174,3.72203741569262,15,0.06611799
175,3.73119296853542,0,0.06634711
175,3.73119296853542,1,0.06606691
175,3.73119296853542,2,0.06640848
175,3.73119296853542,3,0.0662131
175,3.73119296853542,4,0.06638659
175,3.73119296853542,5,0.06648289
175,3.73119296853542,6,0.06633215
175,3.73119296853542,7,0.06634897
175,3.73119296853542,8,0.06638812
175,3.73119296853542,9,0.06659099
175,3.73119296853542,10,0.066158
175,3.73119296853542,11,0.06630949
175,3.73119296853542,12,0.06629544
175,3.73119296853542,13,0.06618122
175,3.73119296853542,14,0.06643844
175,3.73119296853542,15,0.0661471
176,3.74156926175726,0,0.0665399
176,3.74156926175726,1,0.0662563
176,3.74156926175726,2,0.0664838
176,3.74156926175726,3,0.06624928
176,3.74156926175726,4,0.06647088
176,3.74156926175726,5,0.06635299
176,3.74156926175726,6,0.06655826
176,3.74156926175726,7,0.06637168
176,3.74156926175726,8,0.06637654
176,3.74156926175726,9,0.06643681
176,3.74156926175726,10,0.06628311
176,3.74156926175726,11,0.06641726
176,3.74156926175726,12,0.06629825
176,3.74156926175726,13,0.06610294
176,3.74156926175726,14,0.06624684
176,3.74156926175726,15,0.06630524
177,3.7519455549791,0,0.06640249
177,3.7519455549791,1,0.06615393
177,3.7519455549791,2,0.06636512
177,3.7519455549791,3,0.06608868
177,3.7519455549791,4,0.06655209
177,3.7519455549791,5,0.06641316
177,3.7519455549791,6,0.06640809
177,3.7519455549791,7,0.06619207
177,3.7519455549791,8,0.06627484
177,3.7519455549791,9,0.06645306
177,3.7519455549791,10,0.06613906
177,3.7519455549791,11,0.06615517
177,3.7519455549791,12,0.06633826
177,3.7519455549791,13,0.06617492
177,3.7519455549791,14,0.06612488
177,3.7519455549791,15,0.06645354
178,3.76171147801141,0,0.06632967
178,3.76171147801141,1,0.06644899
178,3.76171147801141,2,0.06636436
178,3.76171147801141,3,0.06637373
178,3.76171147801141,4,0.06623709
178,3.76171147801141,5,0.0665563
178,3.76171147801141,6,0.06660943
178,3.76171147801141,7,0.06643987
178,3.76171147801141,8,0.06644116
178,3.76171147801141,9,0.0664978
178,3.76171147801141,10,0.06646152
178,3.76171147801141,11,0.06644805
178,3.76171147801141,12,0.06663735
178,3.76171147801141,13,0.06636049
178,3.76171147801141,14,0.06647734
178,3.76171147801141,15,0.06651133
179,3.77208777123325,0,0.06643251
179,3.77208777123325,1,0.06674971
179,3.77208777123325,2,0.0666642
179,3.77208777123325,3,0.06650076
179,3.77208777123325,4,0.06654267
179,3.77208777123325,5,0.06661408
179,3.77208777123325,6,0.06683468
179,3.77208777123325,7,0.06655543
179,3.77208777123325,8,0.0664414
179,3.77208777123325,9,0.06669532
179,3.77208777123325,10,0.06656571
179,3.77208777123325,11,0.06682938
179,3.77208777123325,12,0.06639839
179,3.77208777123325,13,0.06667128
179,3.77208777123325,14,0.06653235
179,3.77208777123325,15,0.06630166
180,3.78124332407605,0,0.06649942
180,3.78124332407605,1,0.06637334
180,3.78124332407605,2,0.06627055
180,3.78124332407605,3,0.06607598
180,3.78124332407605,4,0.06616081
180,3.78124332407605,5,0.0662554
180,3.78124332407605,6,0.06619791
180,3.78124332407605,7,0.06650931
180,3.78124332407605,8,0.06637258
180,3.78124332407605,9,0.06611097
180,3.78124332407605,10,0.06637669
180,3.78124332407605,11,0.06665718
180,3.78124332407605,12,0.06640603
180,3.78124332407605,13,0.06658951
180,3.78124332407605,14,0.06663821
180,3.78124332407605,15,0.06644513
181,3.79100924710837,0,0.066409
181,3.79100924710837,1,0.06644915
181,3.79100924710837,2,0.06605371
181,3.79100924710837,3,0.06625421
181,3.79100924710837,4,0.06636402
181,3.79100924710837,5,0.06624985
181,3.79100924710837,6,0.06607039
181,3.79100924710837,7,0.06627355
181,3.79100924710837,8,0.06631514
181,3.79100924710837,9,0.06607565
181,3.79100924710837,10,0.06614399
181,3.79100924710837,11,0.06628837
181,3.79100924710837,12,0.06651318
181,3.79100924710837,13,0.06620192
181,3.79100924710837,14,0.06617868
181,3.79100924710837,15,0.06646816
182,3.80138554033021,0,0.06641631
182,3.80138554033021,1,0.06606863
182,3.80138554033021,2,0.06616125
182,3.80138554033021,3,0.0661579
182,3.80138554033021,4,0.06655639
182,3.80138554033021,5,0.06618362
182,3.80138554033021,6,0.06620783
182,3.80138554033021,7,0.06636097
182,3.80138554033021,8,0.06650224
182,3.80138554033021,9,0.06641889
182,3.80138554033021,10,0.06653703
182,3.80138554033021,11,0.06638578
182,3.80138554033021,12,0.06623652
182,3.80138554033021,13,0.06625229
182,3.80138554033021,14,0.06650458
182,3.80138554033021,15,0.06620014
183,3.81176183355205,0,0.06648465
183,3.81176183355205,1,0.06646129
183,3.81176183355205,2,0.06657746
183,3.81176183355205,3,0.06645536
183,3.81176183355205,4,0.06634261
183,3.81176183355205,5,0.06624197
183,3.81176183355205,6,0.06665169
183,3.81176183355205,7,0.06660772
183,3.81176183355205,8,0.06657245
183,3.81176183355205,9,0.06642731
183,3.81176183355205,10,0.06618351
183,3.81176183355205,11,0.06650148
183,3.81176183355205,12,0.06637674
183,3.81176183355205,13,0.06640838
183,3.81176183355205,14,0.06642721
183,3.81176183355205,15,0.06660265
184,3.82152775658437,0,0.06661111
184,3.82152775658437,1,0.06638873
184,3.82152775658437,2,0.0664023
184,3.82152775658437,3,0.06649197
184,3.82152775658437,4,0.06628736
184,3.82152775658437,5,0.06641794
184,3.82152775658437,6,0.06642052
184,3.82152775658437,7,0.06613319
184,3.82152775658437,8,0.06635734
184,3.82152775658437,9,0.06635509
184,3.82152775658437,10,0.06607206
184,3.82152775658437,11,0.06655896
184,3.82152775658437,12,0.06658664
184,3.82152775658437,13,0.06647008
184,3.82152775658437,14,0.06659663
184,3.82152775658437,15,0.06661928
185,3.83190404980621,0,0.06665082
185,3.83190404980621,1,0.0665551
185,3.83190404980621,2,0.06666043
185,3.83190404980621,3,0.06648121
185,3.83190404980621,4,0.06673843
185,3.83190404980621,5,0.06636856
185,3.83190404980621,6,0.06625377
185,3.83190404980621,7,0.06633157
185,3.83190404980621,8,0.06666923
185,3.83190404980621,9,0.0664762
185,3.83190404980621,10,0.0663496
185,3.83190404980621,11,0.06651863
185,3.83190404980621,12,0.06632068
185,3.83190404980621,13,0.06639691
185,3.83190404980621,14,0.06632918
185,3.83190404980621,15,0.06634472
186,3.84105960264901,0,0.06647041
186,3.84105960264901,1,0.06647739
186,3.84105960264901,2,0.06621879
186,3.84105960264901,3,0.0661263
186,3.84105960264901,4,0.06637287
186,3.84105960264901,5,0.06627495
186,3.84105960264901,6,0.06624822
186,3.84105960264901,7,0.06636909
186,3.84105960264901,8,0.06638802
186,3.84105960264901,9,0.06632383
186,3.84105960264901,10,0.0663074
186,3.84105960264901,11,0.06630816
186,3.84105960264901,12,0.06632259
186,3.84105960264901,13,0.06654387
186,3.84105960264901,14,0.06644212
186,3.84105960264901,15,0.06661943
187,3.85143589587085,0,0.06646004
187,3.85143589587085,1,0.06647213
187,3.85143589587085,2,0.06614079
187,3.85143589587085,3,0.0663992
187,3.85143589587085,4,0.0666167
187,3.85143589587085,5,0.06641096
187,3.85143589587085,6,0.0664013
187,3.85143589587085,7,0.06621721
187,3.85143589587085,8,0.06637296
187,3.85143589587085,9,0.06641607
187,3.85143589587085,10,0.06634816
187,3.85143589587085,11,0.06676672
187,3.85143589587085,12,0.06646525
187,3.85143589587085,13,0.06637564
187,3.85143589587085,14,0.06649713
187,3.85143589587085,15,0.06659663
188,3.86120181890316,0,0.06616253
188,3.86120181890316,1,0.06654922
188,3.86120181890316,2,0.06614897
188,3.86120181890316,3,0.06621845
188,3.86120181890316,4,0.0661439
188,3.86120181890316,5,0.06649426
188,3.86120181890316,6,0.06655777
188,3.86120181890316,7,0.06637932
188,3.86120181890316,8,0.0662986
188,3.86120181890316,9,0.06662368
188,3.86120181890316,10,0.06656528
188,3.86120181890316,11,0.06646506
188,3.86120181890316,12,0.0660606
188,3.86120181890316,13,0.06648241
188,3.86120181890316,14,0.06626901
188,3.86120181890316,15,0.06651954
189,3.87096774193548,0,0.06649962
189,3.87096774193548,1,0.06652489
189,3.87096774193548,2,0.06626251
189,3.87096774193548,3,0.06651486
189,3.87096774193548,4,0.06665403
189,3.87096774193548,5,0.06657083
189,3.87096774193548,6,0.0664544
189,3.87096774193548,7,0.0662866
189,3.87096774193548,8,0.06631356
189,3.87096774193548,9,0.06612945
189,3.87096774193548,10,0.06617516
189,3.87096774193548,11,0.06644135
189,3.87096774193548,12,0.06650588
189,3.87096774193548,13,0.0661892
189,3.87096774193548,14,0.06603374
189,3.87096774193548,15,0.06626265
190,3.88134403515732,0,0.06628603
190,3.88134403515732,1,0.06623446
190,3.88134403515732,2,0.06654143
190,3.88134403515732,3,0.06646033
190,3.88134403515732,4,0.06633692
190,3.88134403515732,5,0.0666156
190,3.88134403515732,6,0.06648795
190,3.88134403515732,7,0.06635547
190,3.88134403515732,8,0.06629582
190,3.88134403515732,9,0.06622695
190,3.88134403515732,10,0.06619149
190,3.88134403515732,11,0.06623939
190,3.88134403515732,12,0.0662467
190,3.88134403515732,13,0.0662044
190,3.88134403515732,14,0.06619523
190,3.88134403515732,15,0.06618768
191,3.89110995818964,0,0.06629296
191,3.89110995818964,1,0.06649737
191,3.89110995818964,2,0.06630658
191,3.89110995818964,3,0.06665398
191,3.89110995818964,4,0.06633884
191,3.89110995818964,5,0.06648504
191,3.89110995818964,6,0.06617821
191,3.89110995818964,7,0.06637373
191,3.89110995818964,8,0.06665551
191,3.89110995818964,9,0.06682651
191,3.89110995818964,10,0.06683129
191,3.89110995818964,11,0.06677428
191,3.89110995818964,12,0.06646138
191,3.89110995818964,13,0.0662325
191,3.89110995818964,14,0.0667217
191,3.89110995818964,15,0.06639519
192,3.90148625141148,0,0.06664127
192,3.90148625141148,1,0.06642883
192,3.90148625141148,2,0.06652054
192,3.90148625141148,3,0.06628527
192,3.90148625141148,4,0.06644757
192,3.90148625141148,5,0.06623232
192,3.90148625141148,6,0.066396
192,3.90148625141148,7,0.06649694
192,3.90148625141148,8,0.06667601
192,3.90148625141148,9,0.06628058
192,3.90148625141148,10,0.06631686
192,3.90148625141148,11,0.06643715
192,3.90148625141148,12,0.06642162
192,3.90148625141148,13,0.06649134
192,3.90148625141148,14,0.06646788
192,3.90148625141148,15,0.06622356
193,3.9112521744438,0,0.06615942
193,3.9112521744438,1,0.06606996
193,3.9112521744438,2,0.06624202
193,3.9112521744438,3,0.06632072
193,3.9112521744438,4,0.06661308
193,3.9112521744438,5,0.06638912
193,3.9112521744438,6,0.0665345
193,3.9112521744438,7,0.06646448
193,3.9112521744438,8,0.06665475
193,3.9112521744438,9,0.06651223
193,3.9112521744438,10,0.06649536
193,3.9112521744438,11,0.06621759
193,3.9112521744438,12,0.06630176
193,3.9112521744438,13,0.06592109
193,3.9112521744438,14,0.0660887
193,3.9112521744438,15,0.06606795
194,3.92101809747612,0,0.06633167
194,3.92101809747612,1,0.06628551
194,3.92101809747612,2,0.06634907
194,3.92101809747612,3,0.06642548
194,3.92101809747612,4,0.06649789
194,3.92101809747612,5,0.06638195
194,3.92101809747612,6,0.06637296
194,3.92101809747612,7,0.06611307
194,3.92101809747612,8,0.06613419
194,3.92101809747612,9,0.06589303
194,3.92101809747612,10,0.06608559
194,3.92101809747612,11,0.06621056
194,3.92101809747612,12,0.06621759
194,3.92101809747612,13,0.06573834
194,3.92101809747612,14,0.06596927
194,3.92101809747612,15,0.06624613
195,3.93078402050844,0,0.06641115
195,3.93078402050844,1,0.06625257
195,3.93078402050844,2,0.06640407
195,3.93078402050844,3,0.06613066
195,3.93078402050844,4,0.06582181
195,3.93078402050844,5,0.06607243
195,3.93078402050844,6,0.06611933
195,3.93078402050844,7,0.06613257
195,3.93078402050844,8,0.06615751
195,3.93078402050844,9,0.06625314
195,3.93078402050844,10,0.06638195
195,3.93078402050844,11,0.06645053
195,3.93078402050844,12,0.06626069
195,3.93078402050844,13,0.06613314
195,3.93078402050844,14,0.06625525
195,3.93078402050844,15,0.0660907
196,3.94116031373028,0,0.0660561
196,3.94116031373028,1,0.06603005
196,3.94116031373028,2,0.06599092
196,3.94116031373028,3,0.06607702
196,3.94116031373028,4,0.06601088
196,3.94116031373028,5,0.06601165
196,3.94116031373028,6,0.0660982
196,3.94116031373028,7,0.06590804
196,3.94116031373028,8,0.06595903
196,3.94116031373028,9,0.06586512
196,3.94116031373028,10,0.06584113
196,3.94116031373028,11,0.06594045
196,3.94116031373028,12,0.06586407
196,3.94116031373028,13,0.06582885
196,3.94116031373028,14,0.06585553
196,3.94116031373028,15,0.06598072
197,3.95153660695212,0,0.06609199
197,3.95153660695212,1,0.06587406
197,3.95153660695212,2,0.06608664
197,3.95153660695212,3,0.0658711
197,3.95153660695212,4,0.0659178
197,3.95153660695212,5,0.06609131
197,3.95153660695212,6,0.06599412
197,3.95153660695212,7,0.06601018
197,3.95153660695212,8,0.06603903
197,3.95153660695212,9,0.06596353
197,3.95153660695212,10,0.06601906
197,3.95153660695212,11,0.06578679
197,3.95153660695212,12,0.0657674
197,3.95153660695212,13,0.06570559
197,3.95153660695212,14,0.06578512
197,3.95153660695212,15,0.06583153
198,3.96069215979492,0,0.06606972
198,3.96069215979492,1,0.06613835
198,3.96069215979492,2,0.06609873
198,3.96069215979492,3,0.06636187
198,3.96069215979492,4,0.06636694
198,3.96069215979492,5,0.06617725
198,3.96069215979492,6,0.06618518
198,3.96069215979492,7,0.0664727
198,3.96069215979492,8,0.06620908
198,3.96069215979492,9,0.06625707
198,3.96069215979492,10,0.06612386
198,3.96069215979492,11,0.06628995
198,3.96069215979492,12,0.06618337
198,3.96069215979492,13,0.06629755
198,3.96069215979492,14,0.06651514
198,3.96069215979492,15,0.06602393
199,3.97106845301675,0,0.06640039
199,3.97106845301675,1,0.06607178
199,3.97106845301675,2,0.06603757
199,3.97106845301675,3,0.06605052
199,3.97106845301675,4,0.065964
199,3.97106845301675,5,0.06613486
199,3.97106845301675,6,0.06596071
199,3.97106845301675,7,0.06599766
199,3.97106845301675,8,0.06602858
199,3.97106845301675,9,0.06625611
199,3.97106845301675,10,0.06598255
199,3.97106845301675,11,0.0662488
199,3.97106845301675,12,0.06596424
199,3.97106845301675,13,0.06560571
199,3.97106845301675,14,0.06586685
199,3.97106845301675,15,0.06585154
200,3.98205511642811,0,0.06607173
200,3.98205511642811,1,0.06609815
200,3.98205511642811,2,0.06611479
200,3.98205511642811,3,0.06642841
200,3.98205511642811,4,0.06615067
200,3.98205511642811,5,0.06621171
200,3.98205511642811,6,0.06612071
200,3.98205511642811,7,0.06616727
200,3.98205511642811,8,0.06598336
200,3.98205511642811,9,0.06591474
200,3.98205511642811,10,0.06594431
200,3.98205511642811,11,0.06580516
200,3.98205511642811,12,0.0661285
200,3.98205511642811,13,0.06617807
200,3.98205511642811,14,0.06587166
200,3.98205511642811,15,0.06602561
