position,voltage_mean,voltage_std,n_samples
0.0,5.8423536875,9.145676488784838e-05,16
0.997955259865108,5.842317875,0.00010703847147168183,16
1.99652088991974,5.8423821875,6.581718881685074e-05,16
2.99447614978484,5.8423833125,7.772283991061857e-05,16
3.95886104922636,5.8423195625,5.939167529001318e-05,16
4.9519333475753,5.8422074375,7.606327033301364e-05,16
