position,voltage_mean,voltage_std,n_samples
0.0,-4.096473419354839,0.0008649227738860132,31
0.998565630054628,-4.095478612903226,0.0008718955500265421,31
1.99652088991974,-4.096275322580645,0.0010415607515491627,31
2.95175023651845,-4.095379258064517,0.0008102962806498122,31
3.9509262367626,-4.096957612903226,0.0007516584964712015,31
4.95010223700674,-4.096045387096774,0.0009059082299680173,31
5.94805749687185,-4.081348064516129,0.0009432425862326363,31
6.94845423749504,-4.07537329032258,0.0007287805189115849,31
7.94701986754967,-4.064384806451613,0.0007380235339964615,31
