position,voltage_mean,voltage_std,n_samples
0.000610370189519944,1.254879,2.1100947846008263e-05,16
0.997955259865108,1.2549461875,2.456933747070439e-05,16
1.9983520004883,1.254982,2.1977260975825684e-05,16
2.99813837092196,1.2549946875,2.3164408987727332e-05,16
3.98937955870235,1.2550523125000002,1.7159977964738637e-05,16
4.98916592913602,1.2551320625,1.6727480197265612e-05,16
