pos_index,position,sample_index,voltage
0,0.988189336832789,0,0.07494032
0,0.988189336832789,1,0.07486337
0,0.988189336832789,2,0.07488819
0,0.988189336832789,3,0.07462661
0,0.988189336832789,4,0.07468937
0,0.988189336832789,5,0.07459265
0,0.988189336832789,6,0.07465804
0,0.988189336832789,7,0.07478413
0,0.988189336832789,8,0.07477567
0,0.988189336832789,9,0.07486659
0,0.988189336832789,10,0.07486722
0,0.988189336832789,11,0.0747368
1,0.986358226264229,0,0.07477562
1,0.986358226264229,1,0.07469945
1,0.986358226264229,2,0.0749678
1,0.986358226264229,3,0.07507354
1,0.986358226264229,4,0.07486727
1,0.986358226264229,5,0.07485513
1,0.986358226264229,6,0.07480974
1,0.986358226264229,7,0.07486627
1,0.986358226264229,8,0.07497134
1,0.986358226264229,9,0.07491154
1,0.986358226264229,10,0.07472575
1,0.986358226264229,11,0.07470189
1,0.986358226264229,12,0.0747397
1,0.986358226264229,13,0.07486959
1,0.986358226264229,14,0.07490837
1,0.986358226264229,15,0.07487705
2,0.996734519486068,0,0.07532049
2,0.996734519486068,1,0.07484498
2,0.996734519486068,2,0.07475746
2,0.996734519486068,3,0.07472228
2,0.996734519486068,4,0.07493272
2,0.996734519486068,5,0.07505268
2,0.996734519486068,6,0.07477885
2,0.996734519486068,7,0.07490616
2,0.996734519486068,8,0.07520609
2,0.996734519486068,9,0.07499786
2,0.996734519486068,10,0.0747584
2,0.996734519486068,11,0.07494508
2,0.996734519486068,12,0.07491582
2,0.996734519486068,13,0.07515078
2,0.996734519486068,14,0.07491857
2,0.996734519486068,15,0.07470278
3,1.00711081270791,0,0.07492632
3,1.00711081270791,1,0.07492676
3,1.00711081270791,2,0.07482164
3,1.00711081270791,3,0.07484789
3,1.00711081270791,4,0.07502855
3,1.00711081270791,5,0.07485697
3,1.00711081270791,6,0.07471309
3,1.00711081270791,7,0.07480837
3,1.00711081270791,8,0.07491122
3,1.00711081270791,9,0.07514797
3,1.00711081270791,10,0.07519568
3,1.00711081270791,11,0.07489458
3,1.00711081270791,12,0.07483103
3,1.00711081270791,13,0.07457443
3,1.00711081270791,14,0.07475016
3,1.00711081270791,15,0.07506367
4,1.01687673574023,0,0.07506134
4,1.01687673574023,1,0.07506409
4,1.01687673574023,2,0.07510356
4,1.01687673574023,3,0.07503002
4,1.01687673574023,4,0.07499077
4,1.01687673574023,5,0.07500092
4,1.01687673574023,6,0.07527693
4,1.01687673574023,7,0.07504213
4,1.01687673574023,8,0.07493658
4,1.01687673574023,9,0.07502437
4,1.01687673574023,10,0.07488248
4,1.01687673574023,11,0.07525077
4,1.01687673574023,12,0.07481794
4,1.01687673574023,13,0.07480527
4,1.01687673574023,14,0.07511897
4,1.01687673574023,15,0.0751175
5,1.02725302896207,0,0.07535189
5,1.02725302896207,1,0.0753477
5,1.02725302896207,2,0.07527651
5,1.02725302896207,3,0.07531859
5,1.02725302896207,4,0.07534452
5,1.02725302896207,5,0.07520968
5,1.02725302896207,6,0.07507101
5,1.02725302896207,7,0.07522848
5,1.02725302896207,8,0.07517876
5,1.02725302896207,9,0.07508454
5,1.02725302896207,10,0.07512077
5,1.02725302896207,11,0.07518865
5,1.02725302896207,12,0.07489907
5,1.02725302896207,13,0.07497271
5,1.02725302896207,14,0.07513931
5,1.02725302896207,15,0.07513212
6,1.03701895199438,0,0.07542175
6,1.03701895199438,1,0.0751641
6,1.03701895199438,2,0.07520678
6,1.03701895199438,3,0.07512458
6,1.03701895199438,4,0.0747612
6,1.03701895199438,5,0.07493219
6,1.03701895199438,6,0.07495167
6,1.03701895199438,7,0.07496087
6,1.03701895199438,8,0.07515316
6,1.03701895199438,9,0.07539714
6,1.03701895199438,10,0.07529124
6,1.03701895199438,11,0.07526904
6,1.03701895199438,12,0.07513256
6,1.03701895199438,13,0.07470278
6,1.03701895199438,14,0.07481699
6,1.03701895199438,15,0.07514444
7,1.04739524521622,0,0.075215
7,1.04739524521622,1,0.07495739
7,1.04739524521622,2,0.07515807
7,1.04739524521622,3,0.07528289
7,1.04739524521622,4,0.07529487
7,1.04739524521622,5,0.07507318
7,1.04739524521622,6,0.07540412
7,1.04739524521622,7,0.07500149
7,1.04739524521622,8,0.07507044
7,1.04739524521622,9,0.07491814
7,1.04739524521622,10,0.07496574
7,1.04739524521622,11,0.07502896
7,1.04739524521622,12,0.07494255
7,1.04739524521622,13,0.07496669
7,1.04739524521622,14,0.07499897
7,1.04739524521622,15,0.07518063
8,1.05655079805902,0,0.07516873
8,1.05655079805902,1,0.0751905
8,1.05655079805902,2,0.07509515
8,1.05655079805902,3,0.07503192
8,1.05655079805902,4,0.07497609
8,1.05655079805902,5,0.07517619
8,1.05655079805902,6,0.07506362
8,1.05655079805902,7,0.07513224
8,1.05655079805902,8,0.07527601
8,1.05655079805902,9,0.07510291
8,1.05655079805902,10,0.07505918
8,1.05655079805902,11,0.07519124
8,1.05655079805902,12,0.07497445
8,1.05655079805902,13,0.07497429
8,1.05655079805902,14,0.07513012
8,1.05655079805902,15,0.07507931
9,1.06692709128086,0,0.07502516
9,1.06692709128086,1,0.07496081
9,1.06692709128086,2,0.07484742
9,1.06692709128086,3,0.07511264
9,1.06692709128086,4,0.07467246
9,1.06692709128086,5,0.07505675
9,1.06692709128086,6,0.07478318
9,1.06692709128086,7,0.07500171
9,1.06692709128086,8,0.07486293
9,1.06692709128086,9,0.074792
9,1.06692709128086,10,0.07512849
9,1.06692709128086,11,0.07503261
9,1.06692709128086,12,0.07494757
9,1.06692709128086,13,0.07519997
9,1.06692709128086,14,0.07529467
9,1.06692709128086,15,0.07502664
10,1.07669301431318,0,0.07516134
10,1.07669301431318,1,0.07478376
10,1.07669301431318,2,0.07498877
10,1.07669301431318,3,0.07501126
10,1.07669301431318,4,0.07484286
10,1.07669301431318,5,0.07493506
10,1.07669301431318,6,0.07506029
10,1.07669301431318,7,0.07482935
10,1.07669301431318,8,0.07466006
10,1.07669301431318,9,0.07482444
10,1.07669301431318,10,0.07479205
10,1.07669301431318,11,0.07479279
10,1.07669301431318,12,0.07466765
10,1.07669301431318,13,0.07480574
10,1.07669301431318,14,0.07472274
10,1.07669301431318,15,0.07473775
11,1.0864589373455,0,0.07473417
11,1.0864589373455,1,0.07495639
11,1.0864589373455,2,0.07461499
11,1.0864589373455,3,0.07477151
11,1.0864589373455,4,0.07486586
11,1.0864589373455,5,0.07493869
11,1.0864589373455,6,0.074747
11,1.0864589373455,7,0.07476105
11,1.0864589373455,8,0.07459317
11,1.0864589373455,9,0.0749892
11,1.0864589373455,10,0.07473923
11,1.0864589373455,11,0.0748734
11,1.0864589373455,12,0.07489125
11,1.0864589373455,13,0.07480949
11,1.0864589373455,14,0.07477315
11,1.0864589373455,15,0.07490647
12,1.09683523056734,0,0.07471087
12,1.09683523056734,1,0.07465693
12,1.09683523056734,2,0.07463405
12,1.09683523056734,3,0.07453296
12,1.09683523056734,4,0.074763
12,1.09683523056734,5,0.07475603
12,1.09683523056734,6,0.0746057
12,1.09683523056734,7,0.07470246
12,1.09683523056734,8,0.07458641
12,1.09683523056734,9,0.07470886
12,1.09683523056734,10,0.07474299
12,1.09683523056734,11,0.07479544
12,1.09683523056734,12,0.07489697
12,1.09683523056734,13,0.0751475
12,1.09683523056734,14,0.07467246
12,1.09683523056734,15,0.07499051
13,1.10721152378918,0,0.07467066
13,1.10721152378918,1,0.07499859
13,1.10721152378918,2,0.07453882
13,1.10721152378918,3,0.07478339
13,1.10721152378918,4,0.07492459
13,1.10721152378918,5,0.07446935
13,1.10721152378918,6,0.07435673
13,1.10721152378918,7,0.07453665
13,1.10721152378918,8,0.0744468
13,1.10721152378918,9,0.07447358
13,1.10721152378918,10,0.07472793
13,1.10721152378918,11,0.07447849
13,1.10721152378918,12,0.07483637
13,1.10721152378918,13,0.0748866
13,1.10721152378918,14,0.07465012
13,1.10721152378918,15,0.07446095
14,1.11636707663198,0,0.07468957
14,1.11636707663198,1,0.07481202
14,1.11636707663198,2,0.07480747
14,1.11636707663198,3,0.07483437
14,1.11636707663198,4,0.07510571
14,1.11636707663198,5,0.07454706
14,1.11636707663198,6,0.07485354
14,1.11636707663198,7,0.07463548
14,1.11636707663198,8,0.07507313
14,1.11636707663198,9,0.0751299
14,1.11636707663198,10,0.07477736
14,1.11636707663198,11,0.07483738
14,1.11636707663198,12,0.07460828
14,1.11636707663198,13,0.07488138
14,1.11636707663198,14,0.07496416
14,1.11636707663198,15,0.0747986
15,1.12735374004334,0,0.074504
15,1.12735374004334,1,0.07492343
15,1.12735374004334,2,0.07460638
15,1.12735374004334,3,0.07457468
15,1.12735374004334,4,0.07466823
15,1.12735374004334,5,0.07464204
15,1.12735374004334,6,0.07479148
15,1.12735374004334,7,0.07452852
15,1.12735374004334,8,0.07483284
15,1.12735374004334,9,0.07477087
15,1.12735374004334,10,0.07482064
15,1.12735374004334,11,0.07481103
15,1.12735374004334,12,0.07470013
15,1.12735374004334,13,0.074733
15,1.12735374004334,14,0.07451906
15,1.12735374004334,15,0.07467093
16,1.13711966307566,0,0.07468957
16,1.13711966307566,1,0.07464901
16,1.13711966307566,2,0.074605
16,1.13711966307566,3,0.07451943
16,1.13711966307566,4,0.07437897
16,1.13711966307566,5,0.07432314
16,1.13711966307566,6,0.07474441
16,1.13711966307566,7,0.07470971
16,1.13711966307566,8,0.07483733
16,1.13711966307566,9,0.07486822
16,1.13711966307566,10,0.07467061
16,1.13711966307566,11,0.07485913
16,1.13711966307566,12,0.07501571
16,1.13711966307566,13,0.07496483
16,1.13711966307566,14,0.07453025
16,1.13711966307566,15,0.07457986
17,1.14810632648701,0,0.07458969
17,1.14810632648701,1,0.07451056
17,1.14810632648701,2,0.07447749
17,1.14810632648701,3,0.07466269
17,1.14810632648701,4,0.07445008
17,1.14810632648701,5,0.07426995
17,1.14810632648701,6,0.07445646
17,1.14810632648701,7,0.07473347
17,1.14810632648701,8,0.07454548
17,1.14810632648701,9,0.07463671
17,1.14810632648701,10,0.07448927
17,1.14810632648701,11,0.0744795
17,1.14810632648701,12,0.07446275
17,1.14810632648701,13,0.07451262
17,1.14810632648701,14,0.07446908
17,1.14810632648701,15,0.07481873
18,1.15726187932981,0,0.07483923
18,1.15726187932981,1,0.0747153
18,1.15726187932981,2,0.07455973
18,1.15726187932981,3,0.07485317
18,1.15726187932981,4,0.07496589
18,1.15726187932981,5,0.07458879
18,1.15726187932981,6,0.07497043
18,1.15726187932981,7,0.07486263
18,1.15726187932981,8,0.07465249
18,1.15726187932981,9,0.0742972
18,1.15726187932981,10,0.07475127
18,1.15726187932981,11,0.07444067
18,1.15726187932981,12,0.07452476
18,1.15726187932981,13,0.07447268
18,1.15726187932981,14,0.07461414
18,1.15726187932981,15,0.0746067
19,1.16763817255165,0,0.07457554
19,1.16763817255165,1,0.07462043
19,1.16763817255165,2,0.07451996
19,1.16763817255165,3,0.07453205
19,1.16763817255165,4,0.07431199
19,1.16763817255165,5,0.07465561
19,1.16763817255165,6,0.07463981
19,1.16763817255165,7,0.07458024
19,1.16763817255165,8,0.07458398
19,1.16763817255165,9,0.0748182
19,1.16763817255165,10,0.07451405
19,1.16763817255165,11,0.0746319
19,1.16763817255165,12,0.07481804
19,1.16763817255165,13,0.07488544
19,1.16763817255165,14,0.07463183
19,1.16763817255165,15,0.07485084
20,1.17801446577349,0,0.07490309
20,1.17801446577349,1,0.07471228
20,1.17801446577349,2,0.07459645
20,1.17801446577349,3,0.07466692
20,1.17801446577349,4,0.07487758
20,1.17801446577349,5,0.07468255
20,1.17801446577349,6,0.07486722
20,1.17801446577349,7,0.07488475
20,1.17801446577349,8,0.07470848
20,1.17801446577349,9,0.07485005
20,1.17801446577349,10,0.07461066
20,1.17801446577349,11,0.07466565
20,1.17801446577349,12,0.07494936
20,1.17801446577349,13,0.07491191
20,1.17801446577349,14,0.07514951
20,1.17801446577349,15,0.07480536
21,1.18778038880581,0,0.07488999
21,1.18778038880581,1,0.07482913
21,1.18778038880581,2,0.07490927
21,1.18778038880581,3,0.07479818
21,1.18778038880581,4,0.07493045
21,1.18778038880581,5,0.07496215
21,1.18778038880581,6,0.07485565
21,1.18778038880581,7,0.07506537
21,1.18778038880581,8,0.07463744
21,1.18778038880581,9,0.07481763
21,1.18778038880581,10,0.07471763
21,1.18778038880581,11,0.07480114
21,1.18778038880581,12,0.07484055
21,1.18778038880581,13,0.07487446
21,1.18778038880581,14,0.07502891
21,1.18778038880581,15,0.07499875
22,1.19815668202765,0,0.07503974
22,1.19815668202765,1,0.07474752
22,1.19815668202765,2,0.07494012
22,1.19815668202765,3,0.07473992
22,1.19815668202765,4,0.07499004
22,1.19815668202765,5,0.07470685
22,1.19815668202765,6,0.07493088
22,1.19815668202765,7,0.07465297
22,1.19815668202765,8,0.07478292
22,1.19815668202765,9,0.07474768
22,1.19815668202765,10,0.07472459
22,1.19815668202765,11,0.07493637
22,1.19815668202765,12,0.07501603
22,1.19815668202765,13,0.07509689
22,1.19815668202765,14,0.07485326
22,1.19815668202765,15,0.07496784
23,1.20792260505997,0,0.07506868
23,1.20792260505997,1,0.07515109
23,1.20792260505997,2,0.07472999
23,1.20792260505997,3,0.07515548
23,1.20792260505997,4,0.07511418
23,1.20792260505997,5,0.07499907
23,1.20792260505997,6,0.07506081
23,1.20792260505997,7,0.07498243
23,1.20792260505997,8,0.07500927
23,1.20792260505997,9,0.07501058
23,1.20792260505997,10,0.07495881
23,1.20792260505997,11,0.07480282
23,1.20792260505997,12,0.07476992
23,1.20792260505997,13,0.07487001
23,1.20792260505997,14,0.07483372
23,1.20792260505997,15,0.07464716
24,1.21768852809229,0,0.07490346
24,1.21768852809229,1,0.07490531
24,1.21768852809229,2,0.0749697
24,1.21768852809229,3,0.07511021
24,1.21768852809229,4,0.07491217
24,1.21768852809229,5,0.07472866
24,1.21768852809229,6,0.07440628
24,1.21768852809229,7,0.07464916
24,1.21768852809229,8,0.07470596
24,1.21768852809229,9,0.07446878
24,1.21768852809229,10,0.0747086
24,1.21768852809229,11,0.07485317
24,1.21768852809229,12,0.07520713
24,1.21768852809229,13,0.0750791
24,1.21768852809229,14,0.07491513
24,1.21768852809229,15,0.07490668
25,1.22867519150365,0,0.07493457
25,1.22867519150365,1,0.07470892
25,1.22867519150365,2,0.07480562
25,1.22867519150365,3,0.07492533
25,1.22867519150365,4,0.07454605
25,1.22867519150365,5,0.07434227
25,1.22867519150365,6,0.07475841
25,1.22867519150365,7,0.07497434
25,1.22867519150365,8,0.07483003
25,1.22867519150365,9,0.07478307
25,1.22867519150365,10,0.07467251
25,1.22867519150365,11,0.07458641
25,1.22867519150365,12,0.07477356
25,1.22867519150365,13,0.0746592
25,1.22867519150365,14,0.07498147
25,1.22867519150365,15,0.07496753
26,1.23844111453597,0,0.07494963
26,1.23844111453597,1,0.07503144
26,1.23844111453597,2,0.07471213
26,1.23844111453597,3,0.07509795
26,1.23844111453597,4,0.07478783
26,1.23844111453597,5,0.07480003
26,1.23844111453597,6,0.07495692
26,1.23844111453597,7,0.07494741
26,1.23844111453597,8,0.07496056
26,1.23844111453597,9,0.07505912
26,1.23844111453597,10,0.07511137
26,1.23844111453597,11,0.07501983
26,1.23844111453597,12,0.07506108
26,1.23844111453597,13,0.07500952
26,1.23844111453597,14,0.07503388
26,1.23844111453597,15,0.0750156
27,1.24759666737877,0,0.07487357
27,1.24759666737877,1,0.07506356
27,1.24759666737877,2,0.07502721
27,1.24759666737877,3,0.07492353
27,1.24759666737877,4,0.07498723
27,1.24759666737877,5,0.07491159
27,1.24759666737877,6,0.07490134
27,1.24759666737877,7,0.074618
27,1.24759666737877,8,0.07481319
27,1.24759666737877,9,0.07480673
27,1.24759666737877,10,0.07500304
27,1.24759666737877,11,0.07472575
27,1.24759666737877,12,0.07486695
27,1.24759666737877,13,0.07472555
27,1.24759666737877,14,0.07474049
27,1.24759666737877,15,0.0746673
28,1.25858333079012,0,0.0745564
28,1.25858333079012,1,0.07469929
28,1.25858333079012,2,0.07491962
28,1.25858333079012,3,0.07464531
28,1.25858333079012,4,0.07478175
28,1.25858333079012,5,0.07464536
28,1.25858333079012,6,0.07488815
28,1.25858333079012,7,0.07471768
28,1.25858333079012,8,0.07473079
28,1.25858333079012,9,0.07474393
28,1.25858333079012,10,0.07471968
28,1.25858333079012,11,0.07488554
28,1.25858333079012,12,0.0749042
28,1.25858333079012,13,0.07503287
28,1.25858333079012,14,0.0748565
28,1.25858333079012,15,0.07477557
29,1.26773888363292,0,0.07490937
29,1.26773888363292,1,0.07493325
29,1.26773888363292,2,0.07462233
29,1.26773888363292,3,0.07466961
29,1.26773888363292,4,0.07488693
29,1.26773888363292,5,0.07488102
29,1.26773888363292,6,0.07477722
29,1.26773888363292,7,0.07481355
29,1.26773888363292,8,0.07514211
29,1.26773888363292,9,0.0748424
29,1.26773888363292,10,0.07492173
29,1.26773888363292,11,0.07514263
29,1.26773888363292,12,0.07506277
29,1.26773888363292,13,0.07474963
29,1.26773888363292,14,0.07465302
29,1.26773888363292,15,0.07475407
30,1.27811517685476,0,0.07489421
30,1.27811517685476,1,0.07464637
30,1.27811517685476,2,0.07462423
30,1.27811517685476,3,0.07462507
30,1.27811517685476,4,0.07458118
30,1.27811517685476,5,0.07469929
30,1.27811517685476,6,0.07477003
30,1.27811517685476,7,0.07484905
30,1.27811517685476,8,0.07500271
30,1.27811517685476,9,0.0746965
30,1.27811517685476,10,0.07461504
30,1.27811517685476,11,0.07498945
30,1.27811517685476,12,0.07476348
30,1.27811517685476,13,0.07460041
30,1.27811517685476,14,0.07467125
30,1.27811517685476,15,0.07469707
31,1.2884914700766,0,0.07422742
31,1.2884914700766,1,0.07482876
31,1.2884914700766,2,0.07454521
31,1.2884914700766,3,0.07479284
31,1.2884914700766,4,0.07456618
31,1.2884914700766,5,0.07447553
31,1.2884914700766,6,0.07475355
31,1.2884914700766,7,0.07442261
31,1.2884914700766,8,0.07440549
31,1.2884914700766,9,0.07422399
31,1.2884914700766,10,0.074489
31,1.2884914700766,11,0.0746031
31,1.2884914700766,12,0.07488734
31,1.2884914700766,13,0.07479881
31,1.2884914700766,14,0.07481551
31,1.2884914700766,15,0.07477722
32,1.2976470229194,0,0.07503827
32,1.2976470229194,1,0.07514729
32,1.2976470229194,2,0.07542788
32,1.2976470229194,3,0.07481615
32,1.2976470229194,4,0.0751963
32,1.2976470229194,5,0.07520982
32,1.2976470229194,6,0.07512183
32,1.2976470229194,7,0.07514475
32,1.2976470229194,8,0.07513671
32,1.2976470229194,9,0.075283
32,1.2976470229194,10,0.07522511
32,1.2976470229194,11,0.07545578
32,1.2976470229194,12,0.07550252
32,1.2976470229194,13,0.07557558
32,1.2976470229194,14,0.07543026
32,1.2976470229194,15,0.07528078
33,1.30802331614124,0,0.07522625
33,1.30802331614124,1,0.07520914
33,1.30802331614124,2,0.07501983
33,1.30802331614124,3,0.07546555
33,1.30802331614124,4,0.07504913
33,1.30802331614124,5,0.07499322
33,1.30802331614124,6,0.07495459
33,1.30802331614124,7,0.0752579
33,1.30802331614124,8,0.07498048
33,1.30802331614124,9,0.07473992
33,1.30802331614124,10,0.07505654
33,1.30802331614124,11,0.0753609
33,1.30802331614124,12,0.07497271
33,1.30802331614124,13,0.07529467
33,1.30802331614124,14,0.07535892
33,1.30802331614124,15,0.07535038
34,1.31778923917356,0,0.07546306
34,1.31778923917356,1,0.07518215
34,1.31778923917356,2,0.07538848
34,1.31778923917356,3,0.07525647
34,1.31778923917356,4,0.07536408
34,1.31778923917356,5,0.07533402
34,1.31778923917356,6,0.075171
34,1.31778923917356,7,0.07482132
34,1.31778923917356,8,0.07500203
34,1.31778923917356,9,0.07533681
34,1.31778923917356,10,0.07552387
34,1.31778923917356,11,0.07522563
34,1.31778923917356,12,0.075285
34,1.31778923917356,13,0.07519642
34,1.31778923917356,14,0.07534015
34,1.31778923917356,15,0.07526249
35,1.3281655323954,0,0.07528891
35,1.3281655323954,1,0.07542253
35,1.3281655323954,2,0.07542145
35,1.3281655323954,3,0.07542609
35,1.3281655323954,4,0.07544833
35,1.3281655323954,5,0.07536096
35,1.3281655323954,6,0.0754514
35,1.3281655323954,7,0.07530358
35,1.3281655323954,8,0.07517767
35,1.3281655323954,9,0.07502004
35,1.3281655323954,10,0.07509489
35,1.3281655323954,11,0.07528764
35,1.3281655323954,12,0.07532746
35,1.3281655323954,13,0.07536451
35,1.3281655323954,14,0.07528579
35,1.3281655323954,15,0.07505802
36,1.33793145542772,0,0.07519409
36,1.33793145542772,1,0.07551742
36,1.33793145542772,2,0.07551964
36,1.33793145542772,3,0.07524079
36,1.33793145542772,4,0.07524616
36,1.33793145542772,5,0.07569127
36,1.33793145542772,6,0.07546973
36,1.33793145542772,7,0.07533725
36,1.33793145542772,8,0.07535821
36,1.33793145542772,9,0.07547304
36,1.33793145542772,10,0.07537358
36,1.33793145542772,11,0.07541842
36,1.33793145542772,12,0.07539777
36,1.33793145542772,13,0.07526366
36,1.33793145542772,14,0.07549719
36,1.33793145542772,15,0.07526805
37,1.34830774864956,0,0.07586452
37,1.34830774864956,1,0.07586864
37,1.34830774864956,2,0.07586891
37,1.34830774864956,3,0.07566078
37,1.34830774864956,4,0.07585516
37,1.34830774864956,5,0.07590783
37,1.34830774864956,6,0.0758266
37,1.34830774864956,7,0.0755919
37,1.34830774864956,8,0.07584471
37,1.34830774864956,9,0.07575651
37,1.34830774864956,10,0.07616002
37,1.34830774864956,11,0.07603573
37,1.34830774864956,12,0.07594006
37,1.34830774864956,13,0.07558488
37,1.34830774864956,14,0.07580625
37,1.34830774864956,15,0.07618601
38,1.3586840418714,0,0.07597218
38,1.3586840418714,1,0.07585838
38,1.3586840418714,2,0.07595178
38,1.3586840418714,3,0.07593572
38,1.3586840418714,4,0.07594798
38,1.3586840418714,5,0.07574368
38,1.3586840418714,6,0.07594834
38,1.3586840418714,7,0.07619916
38,1.3586840418714,8,0.07581572
38,1.3586840418714,9,0.07598889
38,1.3586840418714,10,0.07592756
38,1.3586840418714,11,0.07586802
38,1.3586840418714,12,0.07551102
38,1.3586840418714,13,0.07601075
38,1.3586840418714,14,0.07605459
38,1.3586840418714,15,0.07598449
39,1.36844996490371,0,0.0760902
39,1.36844996490371,1,0.0761807
39,1.36844996490371,2,0.07630354
39,1.36844996490371,3,0.0760662
39,1.36844996490371,4,0.07596426
39,1.36844996490371,5,0.07603039
39,1.36844996490371,6,0.07613064
39,1.36844996490371,7,0.07596849
39,1.36844996490371,8,0.07607493
39,1.36844996490371,9,0.07610336
39,1.36844996490371,10,0.07597429
39,1.36844996490371,11,0.07606891
39,1.36844996490371,12,0.07620317
39,1.36844996490371,13,0.07604756
39,1.36844996490371,14,0.07580045
39,1.36844996490371,15,0.07600036
40,1.37821588793603,0,0.07563479
40,1.37821588793603,1,0.07600082
40,1.37821588793603,2,0.076064
40,1.37821588793603,3,0.07619504
40,1.37821588793603,4,0.07596695
40,1.37821588793603,5,0.07629111
40,1.37821588793603,6,0.07633802
40,1.37821588793603,7,0.07614437
40,1.37821588793603,8,0.07635261
40,1.37821588793603,9,0.07627561
40,1.37821588793603,10,0.07620676
40,1.37821588793603,11,0.07605385
40,1.37821588793603,12,0.07615852
40,1.37821588793603,13,0.07603831
40,1.37821588793603,14,0.07629776
40,1.37821588793603,15,0.07602708
41,1.38920255134739,0,0.0761151
41,1.38920255134739,1,0.07605469
41,1.38920255134739,2,0.07561135
41,1.38920255134739,3,0.07598333
41,1.38920255134739,4,0.07612299
41,1.38920255134739,5,0.07589145
41,1.38920255134739,6,0.07579448
41,1.38920255134739,7,0.07616873
41,1.38920255134739,8,0.07613276
41,1.38920255134739,9,0.07615137
41,1.38920255134739,10,0.0762019
41,1.38920255134739,11,0.0763167
41,1.38920255134739,12,0.07611977
41,1.38920255134739,13,0.07623541
41,1.38920255134739,14,0.0763936
41,1.38920255134739,15,0.0759696
42,1.39835810419019,0,0.07630007
42,1.39835810419019,1,0.07623725
42,1.39835810419019,2,0.0766827
42,1.39835810419019,3,0.07661334
42,1.39835810419019,4,0.07662031
42,1.39835810419019,5,0.07658328
42,1.39835810419019,6,0.0765534
42,1.39835810419019,7,0.07645973
42,1.39835810419019,8,0.07631927
42,1.39835810419019,9,0.07649183
42,1.39835810419019,10,0.07650148
42,1.39835810419019,11,0.07663392
42,1.39835810419019,12,0.07659961
42,1.39835810419019,13,0.07647362
42,1.39835810419019,14,0.0765738
42,1.39835810419019,15,0.07669988
43,1.40873439741203,0,0.07677175
43,1.40873439741203,1,0.07674659
43,1.40873439741203,2,0.0764727
43,1.40873439741203,3,0.07644133
43,1.40873439741203,4,0.07626429
43,1.40873439741203,5,0.07658619
43,1.40873439741203,6,0.07623994
43,1.40873439741203,7,0.07613024
43,1.40873439741203,8,0.07645895
43,1.40873439741203,9,0.0763166
43,1.40873439741203,10,0.07646491
43,1.40873439741203,11,0.07622632
43,1.40873439741203,12,0.07622176
43,1.40873439741203,13,0.07655039
43,1.40873439741203,14,0.07629896
43,1.40873439741203,15,0.07618769
44,1.41850032044435,0,0.07656142
44,1.41850032044435,1,0.07662392
44,1.41850032044435,2,0.07644015
44,1.41850032044435,3,0.07677859
44,1.41850032044435,4,0.07662175
44,1.41850032044435,5,0.07668693
44,1.41850032044435,6,0.07667746
44,1.41850032044435,7,0.07634486
44,1.41850032044435,8,0.07616007
44,1.41850032044435,9,0.07637502
44,1.41850032044435,10,0.0763846
44,1.41850032044435,11,0.07664383
44,1.41850032044435,12,0.07635535
44,1.41850032044435,13,0.0762794
44,1.41850032044435,14,0.07641847
44,1.41850032044435,15,0.07629646
45,1.42826624347667,0,0.07663694
45,1.42826624347667,1,0.07646312
45,1.42826624347667,2,0.07630644
45,1.42826624347667,3,0.07634977
45,1.42826624347667,4,0.07654168
45,1.42826624347667,5,0.07634635
45,1.42826624347667,6,0.07666379
45,1.42826624347667,7,0.07635988
45,1.42826624347667,8,0.07651843
45,1.42826624347667,9,0.07647913
45,1.42826624347667,10,0.07658974
45,1.42826624347667,11,0.07671314
45,1.42826624347667,12,0.07664685
45,1.42826624347667,13,0.07674848
45,1.42826624347667,14,0.07656896
45,1.42826624347667,15,0.07638055
46,1.43803216650899,0,0.07664901
46,1.43803216650899,1,0.0766255
46,1.43803216650899,2,0.07682248
46,1.43803216650899,3,0.0768275
46,1.43803216650899,4,0.07668249
46,1.43803216650899,5,0.0768914
46,1.43803216650899,6,0.07642116
46,1.43803216650899,7,0.07642336
46,1.43803216650899,8,0.07651325
46,1.43803216650899,9,0.07630617
46,1.43803216650899,10,0.07611575
46,1.43803216650899,11,0.07648816
46,1.43803216650899,12,0.07682008
46,1.43803216650899,13,0.07664345
46,1.43803216650899,14,0.07637239
46,1.43803216650899,15,0.07624083
47,1.44840845973083,0,0.07675508
47,1.44840845973083,1,0.07678095
47,1.44840845973083,2,0.07704027
47,1.44840845973083,3,0.07670611
47,1.44840845973083,4,0.07687396
47,1.44840845973083,5,0.07696054
47,1.44840845973083,6,0.07673505
47,1.44840845973083,7,0.07683783
47,1.44840845973083,8,0.07700431
47,1.44840845973083,9,0.07673516
47,1.44840845973083,10,0.07676639
47,1.44840845973083,11,0.07683343
47,1.44840845973083,12,0.07663278
47,1.44840845973083,13,0.07698084
47,1.44840845973083,14,0.07698495
47,1.44840845973083,15,0.07685799
48,1.45756401257363,0,0.0768716
48,1.45756401257363,1,0.07665788
48,1.45756401257363,2,0.07694425
48,1.45756401257363,3,0.07703637
48,1.45756401257363,4,0.07674086
48,1.45756401257363,5,0.07672051
48,1.45756401257363,6,0.07655082
48,1.45756401257363,7,0.07679243
48,1.45756401257363,8,0.07707796
48,1.45756401257363,9,0.07695385
48,1.45756401257363,10,0.07675345
48,1.45756401257363,11,0.07691861
48,1.45756401257363,12,0.07671241
48,1.45756401257363,13,0.0768317
48,1.45756401257363,14,0.07675212
48,1.45756401257363,15,0.07666759
49,1.46794030579546,0,0.077041
49,1.46794030579546,1,0.07708622
49,1.46794030579546,2,0.07729815
49,1.46794030579546,3,0.07701189
49,1.46794030579546,4,0.07717554
49,1.46794030579546,5,0.07682153
49,1.46794030579546,6,0.076996
49,1.46794030579546,7,0.07685427
49,1.46794030579546,8,0.07688175
49,1.46794030579546,9,0.07694677
49,1.46794030579546,10,0.07711031
49,1.46794030579546,11,0.0769074
49,1.46794030579546,12,0.07687299
49,1.46794030579546,13,0.07707803
49,1.46794030579546,14,0.07687741
49,1.46794030579546,15,0.07695306
50,1.4783165990173,0,0.07716434
50,1.4783165990173,1,0.07700799
50,1.4783165990173,2,0.07702879
50,1.4783165990173,3,0.07700276
50,1.4783165990173,4,0.07721547
50,1.4783165990173,5,0.07708003
50,1.4783165990173,6,0.07682277
50,1.4783165990173,7,0.07701786
50,1.4783165990173,8,0.07726169
50,1.4783165990173,9,0.0770458
50,1.4783165990173,10,0.07707819
50,1.4783165990173,11,0.07718987
50,1.4783165990173,12,0.07691319
50,1.4783165990173,13,0.07718626
50,1.4783165990173,14,0.07694303
50,1.4783165990173,15,0.07686396
51,1.48808252204962,0,0.07717482
51,1.48808252204962,1,0.07704474
51,1.48808252204962,2,0.07699991
51,1.48808252204962,3,0.07707206
51,1.48808252204962,4,0.07725584
51,1.48808252204962,5,0.07696088
51,1.48808252204962,6,0.07681607
51,1.48808252204962,7,0.07703292
51,1.48808252204962,8,0.07726041
51,1.48808252204962,9,0.0772429
51,1.48808252204962,10,0.07701195
51,1.48808252204962,11,0.07713545
51,1.48808252204962,12,0.07698916
51,1.48808252204962,13,0.07733518
51,1.48808252204962,14,0.07705894
51,1.48808252204962,15,0.07712764
52,1.49784844508194,0,0.07750139
52,1.49784844508194,1,0.07718519
52,1.49784844508194,2,0.07699991
52,1.49784844508194,3,0.07699857
52,1.49784844508194,4,0.07730301
52,1.49784844508194,5,0.07709341
52,1.49784844508194,6,0.07699796
52,1.49784844508194,7,0.07709837
52,1.49784844508194,8,0.07731443
52,1.49784844508194,9,0.07703693
52,1.49784844508194,10,0.07712324
52,1.49784844508194,11,0.07704947
52,1.49784844508194,12,0.07696795
52,1.49784844508194,13,0.07721452
52,1.49784844508194,14,0.07658049
52,1.49784844508194,15,0.07694525
53,1.50761436811426,0,0.07675106
53,1.50761436811426,1,0.07682383
53,1.50761436811426,2,0.07689659
53,1.50761436811426,3,0.07678992
53,1.50761436811426,4,0.07709253
53,1.50761436811426,5,0.07696304
53,1.50761436811426,6,0.07730211
53,1.50761436811426,7,0.07717375
53,1.50761436811426,8,0.07722913
53,1.50761436811426,9,0.07707151
53,1.50761436811426,10,0.07697693
53,1.50761436811426,11,0.07689068
53,1.50761436811426,12,0.076901
53,1.50761436811426,13,0.07711917
53,1.50761436811426,14,0.0770908
53,1.50761436811426,15,0.07733417
54,1.51860103152562,0,0.07739635
54,1.51860103152562,1,0.07706648
54,1.51860103152562,2,0.07698898
54,1.51860103152562,3,0.07711726
54,1.51860103152562,4,0.07703921
54,1.51860103152562,5,0.07722322
54,1.51860103152562,6,0.07716835
54,1.51860103152562,7,0.07703548
54,1.51860103152562,8,0.07713857
54,1.51860103152562,9,0.07714801
54,1.51860103152562,10,0.07712335
54,1.51860103152562,11,0.07701775
54,1.51860103152562,12,0.07715308
54,1.51860103152562,13,0.07726024
54,1.51860103152562,14,0.07734393
54,1.51860103152562,15,0.07742395
55,1.52775658436842,0,0.07735888
55,1.52775658436842,1,0.07770045
55,1.52775658436842,2,0.0774869
55,1.52775658436842,3,0.07758626
55,1.52775658436842,4,0.07750379
55,1.52775658436842,5,0.07716767
55,1.52775658436842,6,0.07741118
55,1.52775658436842,7,0.0772758
55,1.52775658436842,8,0.07735045
55,1.52775658436842,9,0.07713947
55,1.52775658436842,10,0.07741753
55,1.52775658436842,11,0.07718686
55,1.52775658436842,12,0.07713958
55,1.52775658436842,13,0.07735827
55,1.52775658436842,14,0.07750853
55,1.52775658436842,15,0.07744742
56,1.53813287759026,0,0.07756206
56,1.53813287759026,1,0.07747585
56,1.53813287759026,2,0.07751416
56,1.53813287759026,3,0.0773446
56,1.53813287759026,4,0.07735179
56,1.53813287759026,5,0.0775465
56,1.53813287759026,6,0.07787525
56,1.53813287759026,7,0.07740125
56,1.53813287759026,8,0.07773853
56,1.53813287759026,9,0.0774589
56,1.53813287759026,10,0.07751478
56,1.53813287759026,11,0.07747307
56,1.53813287759026,12,0.07759791
56,1.53813287759026,13,0.07733936
56,1.53813287759026,14,0.07766873
56,1.53813287759026,15,0.07758286
57,1.54789880062258,0,0.07721759
57,1.54789880062258,1,0.07717109
57,1.54789880062258,2,0.07724909
57,1.54789880062258,3,0.07727507
57,1.54789880062258,4,0.07746342
57,1.54789880062258,5,0.07721653
57,1.54789880062258,6,0.07735553
57,1.54789880062258,7,0.07754956
57,1.54789880062258,8,0.07744285
57,1.54789880062258,9,0.07726799
57,1.54789880062258,10,0.0768833
57,1.54789880062258,11,0.07688889
57,1.54789880062258,12,0.07714438
57,1.54789880062258,13,0.07738179
57,1.54789880062258,14,0.07756245
57,1.54789880062258,15,0.0774148
58,1.55827509384442,0,0.07720292
58,1.55827509384442,1,0.07722925
58,1.55827509384442,2,0.07787107
58,1.55827509384442,3,0.0775276
58,1.55827509384442,4,0.07766788
58,1.55827509384442,5,0.0774879
58,1.55827509384442,6,0.07734153
58,1.55827509384442,7,0.07759233
58,1.55827509384442,8,0.07751416
58,1.55827509384442,9,0.07736423
58,1.55827509384442,10,0.07739712
58,1.55827509384442,11,0.07745288
58,1.55827509384442,12,0.07759389
58,1.55827509384442,13,0.07738787
58,1.55827509384442,14,0.07765228
58,1.55827509384442,15,0.07772822
59,1.56804101687674,0,0.07741558
59,1.56804101687674,1,0.07707445
59,1.56804101687674,2,0.07723961
59,1.56804101687674,3,0.0771635
59,1.56804101687674,4,0.07727991
59,1.56804101687674,5,0.07690439
59,1.56804101687674,6,0.07724029
59,1.56804101687674,7,0.07735715
59,1.56804101687674,8,0.07723766
59,1.56804101687674,9,0.0773935
59,1.56804101687674,10,0.07756145
59,1.56804101687674,11,0.07757255
59,1.56804101687674,12,0.0774162
59,1.56804101687674,13,0.07761899
59,1.56804101687674,14,0.07797115
59,1.56804101687674,15,0.07756145
60,1.57841731009857,0,0.07751879
60,1.57841731009857,1,0.07744586
60,1.57841731009857,2,0.07767687
60,1.57841731009857,3,0.07763733
60,1.57841731009857,4,0.07770156
60,1.57841731009857,5,0.07770948
60,1.57841731009857,6,0.07750145
60,1.57841731009857,7,0.07745266
60,1.57841731009857,8,0.07763845
60,1.57841731009857,9,0.07772025
60,1.57841731009857,10,0.07759228
60,1.57841731009857,11,0.07768205
60,1.57841731009857,12,0.07744452
60,1.57841731009857,13,0.07739523
60,1.57841731009857,14,0.07744028
60,1.57841731009857,15,0.07759757
61,1.58757286294137,0,0.07721847
61,1.58757286294137,1,0.0770783
61,1.58757286294137,2,0.07754003
61,1.58757286294137,3,0.07763232
61,1.58757286294137,4,0.07760828
61,1.58757286294137,5,0.07746939
61,1.58757286294137,6,0.077056
61,1.58757286294137,7,0.07744291
61,1.58757286294137,8,0.07731091
61,1.58757286294137,9,0.07755928
61,1.58757286294137,10,0.07784815
61,1.58757286294137,11,0.07762495
61,1.58757286294137,12,0.07753083
61,1.58757286294137,13,0.07760366
61,1.58757286294137,14,0.07763845
61,1.58757286294137,15,0.07763956
62,1.59855952635273,0,0.07726119
62,1.59855952635273,1,0.07763995
62,1.59855952635273,2,0.07761386
62,1.59855952635273,3,0.07735085
62,1.59855952635273,4,0.0774976
62,1.59855952635273,5,0.07716936
62,1.59855952635273,6,0.07756384
62,1.59855952635273,7,0.07768551
62,1.59855952635273,8,0.07750775
62,1.59855952635273,9,0.07754076
62,1.59855952635273,10,0.07760706
62,1.59855952635273,11,0.0776535
62,1.59855952635273,12,0.07757054
62,1.59855952635273,13,0.07734822
62,1.59855952635273,14,0.07747039
62,1.59855952635273,15,0.07751076
63,1.60832544938505,0,0.07752068
63,1.60832544938505,1,0.07743259
63,1.60832544938505,2,0.07773329
63,1.60832544938505,3,0.07769789
63,1.60832544938505,4,0.07769382
63,1.60832544938505,5,0.07759947
63,1.60832544938505,6,0.07762367
63,1.60832544938505,7,0.07814617
63,1.60832544938505,8,0.07793196
63,1.60832544938505,9,0.07777226
63,1.60832544938505,10,0.07798353
63,1.60832544938505,11,0.07774238
63,1.60832544938505,12,0.0775247
63,1.60832544938505,13,0.07752548
63,1.60832544938505,14,0.07755431
63,1.60832544938505,15,0.07747318
64,1.61809137241737,0,0.07770117
64,1.61809137241737,1,0.07763705
64,1.61809137241737,2,0.07774594
64,1.61809137241737,3,0.07735933
64,1.61809137241737,4,0.07756757
64,1.61809137241737,5,0.0778728
64,1.61809137241737,6,0.07769565
64,1.61809137241737,7,0.0778245
64,1.61809137241737,8,0.07778894
64,1.61809137241737,9,0.07777003
64,1.61809137241737,10,0.07759423
64,1.61809137241737,11,0.07778977
64,1.61809137241737,12,0.07772783
64,1.61809137241737,13,0.07775024
64,1.61809137241737,14,0.07761659
64,1.61809137241737,15,0.07763539
65,1.62846766563921,0,0.07752532
65,1.62846766563921,1,0.0774918
65,1.62846766563921,2,0.07747987
65,1.62846766563921,3,0.07755247
65,1.62846766563921,4,0.0777639
65,1.62846766563921,5,0.07761146
65,1.62846766563921,6,0.07732224
65,1.62846766563921,7,0.07733451
65,1.62846766563921,8,0.07747602
65,1.62846766563921,9,0.07766343
65,1.62846766563921,10,0.07735904
65,1.62846766563921,11,0.07723805
65,1.62846766563921,12,0.07775921
65,1.62846766563921,13,0.07798933
65,1.62846766563921,14,0.07747803
65,1.62846766563921,15,0.07756278
66,1.63823358867153,0,0.0776283
66,1.63823358867153,1,0.0776569
66,1.63823358867153,2,0.07771695
66,1.63823358867153,3,0.07764135
66,1.63823358867153,4,0.07760008
66,1.63823358867153,5,0.07790324
66,1.63823358867153,6,0.07785886
66,1.63823358867153,7,0.07782947
66,1.63823358867153,8,0.07793207
66,1.63823358867153,9,0.07769644
66,1.63823358867153,10,0.07756106
66,1.63823358867153,11,0.07775871
66,1.63823358867153,12,0.07758575
66,1.63823358867153,13,0.07755408
66,1.63823358867153,14,0.07783204
66,1.63823358867153,15,0.0778036
67,1.64922025208289,0,0.07763126
67,1.64922025208289,1,0.07770396
67,1.64922025208289,2,0.07798844
67,1.64922025208289,3,0.07796942
67,1.64922025208289,4,0.07804414
67,1.64922025208289,5,0.07780444
67,1.64922025208289,6,0.07818822
67,1.64922025208289,7,0.07788751
67,1.64922025208289,8,0.07815488
67,1.64922025208289,9,0.0781057
67,1.64922025208289,10,0.07802245
67,1.64922025208289,11,0.07806042
67,1.64922025208289,12,0.07802925
67,1.64922025208289,13,0.07796362
67,1.64922025208289,14,0.07794907
67,1.64922025208289,15,0.07787765
68,1.65837580492569,0,0.07803784
68,1.65837580492569,1,0.07789833
68,1.65837580492569,2,0.0778171
68,1.65837580492569,3,0.07791127
68,1.65837580492569,4,0.0783527
68,1.65837580492569,5,0.07834479
68,1.65837580492569,6,0.07806739
68,1.65837580492569,7,0.07826065
68,1.65837580492569,8,0.07865681
68,1.65837580492569,9,0.07842296
68,1.65837580492569,10,0.07819948
68,1.65837580492569,11,0.07802022
68,1.65837580492569,12,0.07792164
68,1.65837580492569,13,0.07778096
68,1.65837580492569,14,0.0779261
68,1.65837580492569,15,0.07796223
69,1.66814172795801,0,0.07811941
69,1.66814172795801,1,0.077943
69,1.66814172795801,2,0.07813308
69,1.66814172795801,3,0.07813402
69,1.66814172795801,4,0.07827426
69,1.66814172795801,5,0.07794372
69,1.66814172795801,6,0.07779775
69,1.66814172795801,7,0.07799357
69,1.66814172795801,8,0.07804888
69,1.66814172795801,9,0.07802301
69,1.66814172795801,10,0.07773563
69,1.66814172795801,11,0.07795727
69,1.66814172795801,12,0.07767937
69,1.66814172795801,13,0.0776569
69,1.66814172795801,14,0.077988
69,1.66814172795801,15,0.07792638
70,1.67851802117985,0,0.0778055
70,1.67851802117985,1,0.07795849
70,1.67851802117985,2,0.07795638
70,1.67851802117985,3,0.07766014
70,1.67851802117985,4,0.07802039
70,1.67851802117985,5,0.07774165
70,1.67851802117985,6,0.0779397
70,1.67851802117985,7,0.07797467
70,1.67851802117985,8,0.07811344
70,1.67851802117985,9,0.07822295
70,1.67851802117985,10,0.07776713
70,1.67851802117985,11,0.07809767
70,1.67851802117985,12,0.07790748
70,1.67851802117985,13,0.07783967
70,1.67851802117985,14,0.07774238
70,1.67851802117985,15,0.07792024
71,1.68889431440168,0,0.07807576
71,1.68889431440168,1,0.07791668
71,1.68889431440168,2,0.07806315
71,1.68889431440168,3,0.07810821
71,1.68889431440168,4,0.07771082
71,1.68889431440168,5,0.07823004
71,1.68889431440168,6,0.07792515
71,1.68889431440168,7,0.07776156
71,1.68889431440168,8,0.07792544
71,1.68889431440168,9,0.07804983
71,1.68889431440168,10,0.07778749
71,1.68889431440168,11,0.07786454
71,1.68889431440168,12,0.07796139
71,1.68889431440168,13,0.07771283
71,1.68889431440168,14,0.07757204
71,1.68889431440168,15,0.07794701
72,1.698660237434,0,0.07814852
72,1.698660237434,1,0.07827207
72,1.698660237434,2,0.07808875
72,1.698660237434,3,0.07837601
72,1.698660237434,4,0.07814918
72,1.698660237434,5,0.07841883
72,1.698660237434,6,0.07833257
72,1.698660237434,7,0.07820857
72,1.698660237434,8,0.0782437
72,1.698660237434,9,0.07809772
72,1.698660237434,10,0.07788997
72,1.698660237434,11,0.07825579
72,1.698660237434,12,0.07805462
72,1.698660237434,13,0.07803957
72,1.698660237434,14,0.07789811
72,1.698660237434,15,0.07796758
73,1.70842616046632,0,0.07811251
73,1.70842616046632,1,0.07793397
73,1.70842616046632,2,0.07799564
73,1.70842616046632,3,0.07801509
73,1.70842616046632,4,0.07814712
73,1.70842616046632,5,0.07822653
73,1.70842616046632,6,0.07818744
73,1.70842616046632,7,0.07786627
73,1.70842616046632,8,0.07791428
73,1.70842616046632,9,0.07810536
73,1.70842616046632,10,0.07785172
73,1.70842616046632,11,0.07813319
73,1.70842616046632,12,0.07811116
73,1.70842616046632,13,0.07820857
73,1.70842616046632,14,0.07791238
73,1.70842616046632,15,0.07818571
74,1.71758171330912,0,0.07810486
74,1.71758171330912,1,0.07795598
74,1.71758171330912,2,0.0782181
74,1.71758171330912,3,0.07796223
74,1.71758171330912,4,0.07817623
74,1.71758171330912,5,0.07790481
74,1.71758171330912,6,0.07803879
74,1.71758171330912,7,0.07782891
74,1.71758171330912,8,0.07821136
74,1.71758171330912,9,0.07772414
74,1.71758171330912,10,0.07794779
74,1.71758171330912,11,0.0777557
74,1.71758171330912,12,0.07775231
74,1.71758171330912,13,0.07793508
74,1.71758171330912,14,0.07794562
74,1.71758171330912,15,0.0778123
75,1.72856837672048,0,0.07805083
75,1.72856837672048,1,0.07834144
75,1.72856837672048,2,0.07830832
75,1.72856837672048,3,0.07836107
75,1.72856837672048,4,0.07790609
75,1.72856837672048,5,0.07807754
75,1.72856837672048,6,0.07806025
75,1.72856837672048,7,0.07801994
75,1.72856837672048,8,0.07780494
75,1.72856837672048,9,0.07793837
75,1.72856837672048,10,0.07817573
75,1.72856837672048,11,0.07820746
75,1.72856837672048,12,0.07802797
75,1.72856837672048,13,0.07793162
75,1.72856837672048,14,0.07790636
75,1.72856837672048,15,0.07785908
76,1.73772392956328,0,0.07797512
76,1.73772392956328,1,0.07826544
76,1.73772392956328,2,0.07819691
76,1.73772392956328,3,0.07813709
76,1.73772392956328,4,0.07791623
76,1.73772392956328,5,0.07802463
76,1.73772392956328,6,0.07794651
76,1.73772392956328,7,0.07824571
76,1.73772392956328,8,0.07776178
76,1.73772392956328,9,0.07806527
76,1.73772392956328,10,0.07792487
76,1.73772392956328,11,0.07804994
76,1.73772392956328,12,0.07784888
76,1.73772392956328,13,0.07800422
76,1.73772392956328,14,0.0782418
76,1.73772392956328,15,0.07825998
77,1.74810022278512,0,0.07840021
77,1.74810022278512,1,0.07808106
77,1.74810022278512,2,0.07821448
77,1.74810022278512,3,0.078099
77,1.74810022278512,4,0.07812727
77,1.74810022278512,5,0.07809148
77,1.74810022278512,6,0.07788378
77,1.74810022278512,7,0.07792521
77,1.74810022278512,8,0.07823338
77,1.74810022278512,9,0.07803316
77,1.74810022278512,10,0.07782117
77,1.74810022278512,11,0.07828636
77,1.74810022278512,12,0.07785814
77,1.74810022278512,13,0.07773212
77,1.74810022278512,14,0.07787056
77,1.74810022278512,15,0.078068
78,1.75786614581744,0,0.0780108
78,1.75786614581744,1,0.07801744
78,1.75786614581744,2,0.07828987
78,1.75786614581744,3,0.0778607
78,1.75786614581744,4,0.07808764
78,1.75786614581744,5,0.07805144
78,1.75786614581744,6,0.07828362
78,1.75786614581744,7,0.07799357
78,1.75786614581744,8,0.07807107
78,1.75786614581744,9,0.07780064
78,1.75786614581744,10,0.07828078
78,1.75786614581744,11,0.07801024
78,1.75786614581744,12,0.07785814
78,1.75786614581744,13,0.07783348
78,1.75786614581744,14,0.07810776
78,1.75786614581744,15,0.07771277
79,1.76824243903928,0,0.07838923
79,1.76824243903928,1,0.07803728
79,1.76824243903928,2,0.07830587
79,1.76824243903928,3,0.07821738
79,1.76824243903928,4,0.07848095
79,1.76824243903928,5,0.07851847
79,1.76824243903928,6,0.07825324
79,1.76824243903928,7,0.07824158
79,1.76824243903928,8,0.07824928
79,1.76824243903928,9,0.07820372
79,1.76824243903928,10,0.07848854
79,1.76824243903928,11,0.07816692
79,1.76824243903928,12,0.07832728
79,1.76824243903928,13,0.07818699
79,1.76824243903928,14,0.07809789
79,1.76824243903928,15,0.0783614
80,1.77861873226112,0,0.07797835
80,1.77861873226112,1,0.07802106
80,1.77861873226112,2,0.07816642
80,1.77861873226112,3,0.07829171
80,1.77861873226112,4,0.07811997
80,1.77861873226112,5,0.07832265
80,1.77861873226112,6,0.07807408
80,1.77861873226112,7,0.07817975
80,1.77861873226112,8,0.07814635
80,1.77861873226112,9,0.07797728
80,1.77861873226112,10,0.07828457
80,1.77861873226112,11,0.07822496
80,1.77861873226112,12,0.07836943
80,1.77861873226112,13,0.07822496
80,1.77861873226112,14,0.0782834
80,1.77861873226112,15,0.07828273
81,1.78838465529344,0,0.07834094
81,1.78838465529344,1,0.07809226
81,1.78838465529344,2,0.07823305
81,1.78838465529344,3,0.07804743
81,1.78838465529344,4,0.0780757
81,1.78838465529344,5,0.07801826
81,1.78838465529344,6,0.07811345
81,1.78838465529344,7,0.07822781
81,1.78838465529344,8,0.07813519
81,1.78838465529344,9,0.07825558
81,1.78838465529344,10,0.07814936
81,1.78838465529344,11,0.07819436
81,1.78838465529344,12,0.07808691
81,1.78838465529344,13,0.07807402
81,1.78838465529344,14,0.07799625
81,1.78838465529344,15,0.0781353
82,1.79815057832575,0,0.07828195
82,1.79815057832575,1,0.07841543
82,1.79815057832575,2,0.07833631
82,1.79815057832575,3,0.07826538
82,1.79815057832575,4,0.07805763
82,1.79815057832575,5,0.07793307
82,1.79815057832575,6,0.07810709
82,1.79815057832575,7,0.07827012
82,1.79815057832575,8,0.07821069
82,1.79815057832575,9,0.07804091
82,1.79815057832575,10,0.07795481
82,1.79815057832575,11,0.07829098
82,1.79815057832575,12,0.07815092
82,1.79815057832575,13,0.07835566
82,1.79815057832575,14,0.07807391
82,1.79815057832575,15,0.07828435
83,1.80791650135807,0,0.07825792
83,1.80791650135807,1,0.07820924
83,1.80791650135807,2,0.07844587
83,1.80791650135807,3,0.07810877
83,1.80791650135807,4,0.07829734
83,1.80791650135807,5,0.07823043
83,1.80791650135807,6,0.07839241
83,1.80791650135807,7,0.07825078
83,1.80791650135807,8,0.07828183
83,1.80791650135807,9,0.0783691
83,1.80791650135807,10,0.07848223
83,1.80791650135807,11,0.07861002
83,1.80791650135807,12,0.07850844
83,1.80791650135807,13,0.07858399
83,1.80791650135807,14,0.07834166
83,1.80791650135807,15,0.0782437
84,1.81829279457991,0,0.07854071
84,1.81829279457991,1,0.07831429
84,1.81829279457991,2,0.07839429
84,1.81829279457991,3,0.07835276
84,1.81829279457991,4,0.07834713
84,1.81829279457991,5,0.07827838
84,1.81829279457991,6,0.07812778
84,1.81829279457991,7,0.07823729
84,1.81829279457991,8,0.07853665
84,1.81829279457991,9,0.0783696
84,1.81829279457991,10,0.07843751
84,1.81829279457991,11,0.07847738
84,1.81829279457991,12,0.07856436
84,1.81829279457991,13,0.07868859
84,1.81829279457991,14,0.07864972
84,1.81829279457991,15,0.07842574
85,1.82866908780175,0,0.07827487
85,1.82866908780175,1,0.07851111
85,1.82866908780175,2,0.07845089
85,1.82866908780175,3,0.07841476
85,1.82866908780175,4,0.07856102
85,1.82866908780175,5,0.0781803
85,1.82866908780175,6,0.07825708
85,1.82866908780175,7,0.07815482
85,1.82866908780175,8,0.07820395
85,1.82866908780175,9,0.07836709
85,1.82866908780175,10,0.07836179
85,1.82866908780175,11,0.07830815
85,1.82866908780175,12,0.07849595
85,1.82866908780175,13,0.07836565
85,1.82866908780175,14,0.07843032
85,1.82866908780175,15,0.07835861
86,1.83843501083407,0,0.07876252
86,1.83843501083407,1,0.07822474
86,1.83843501083407,2,0.07835243
86,1.83843501083407,3,0.0784345
86,1.83843501083407,4,0.0785318
86,1.83843501083407,5,0.07862854
86,1.83843501083407,6,0.07870097
86,1.83843501083407,7,0.07857428
86,1.83843501083407,8,0.07848413
86,1.83843501083407,9,0.0783027
86,1.83843501083407,10,0.07871207
86,1.83843501083407,11,0.07861098
86,1.83843501083407,12,0.07849941
86,1.83843501083407,13,0.0785841
86,1.83843501083407,14,0.0788364
86,1.83843501083407,15,0.07863423
87,1.84820093386639,0,0.07837991
87,1.84820093386639,1,0.07867694
87,1.84820093386639,2,0.07848296
87,1.84820093386639,3,0.0784452
87,1.84820093386639,4,0.07833888
87,1.84820093386639,5,0.07832951
87,1.84820093386639,6,0.07830977
87,1.84820093386639,7,0.07818019
87,1.84820093386639,8,0.07846952
87,1.84820093386639,9,0.07851646
87,1.84820093386639,10,0.07864717
87,1.84820093386639,11,0.07857729
87,1.84820093386639,12,0.07843534
87,1.84820093386639,13,0.07871112
87,1.84820093386639,14,0.07889796
87,1.84820093386639,15,0.07851563
88,1.85857722708823,0,0.07847303
88,1.85857722708823,1,0.07828657
88,1.85857722708823,2,0.07844398
88,1.85857722708823,3,0.07838627
88,1.85857722708823,4,0.07863557
88,1.85857722708823,5,0.07846829
88,1.85857722708823,6,0.07883178
88,1.85857722708823,7,0.07876939
88,1.85857722708823,8,0.07845195
88,1.85857722708823,9,0.07857708
88,1.85857722708823,10,0.07833609
88,1.85857722708823,11,0.07859782
88,1.85857722708823,12,0.07856625
88,1.85857722708823,13,0.07835633
88,1.85857722708823,14,0.07848301
88,1.85857722708823,15,0.07840161
89,1.86773277993103,0,0.07846556
89,1.86773277993103,1,0.07880417
89,1.86773277993103,2,0.07861683
89,1.86773277993103,3,0.07885575
89,1.86773277993103,4,0.07883462
89,1.86773277993103,5,0.07906891
89,1.86773277993103,6,0.07891508
89,1.86773277993103,7,0.07889233
89,1.86773277993103,8,0.07839932
89,1.86773277993103,9,0.07865559
89,1.86773277993103,10,0.07856838
89,1.86773277993103,11,0.07852984
89,1.86773277993103,12,0.07887042
89,1.86773277993103,13,0.07877345
89,1.86773277993103,14,0.07874653
89,1.86773277993103,15,0.07865413
90,1.87871944334239,0,0.07847119
90,1.87871944334239,1,0.07817634
90,1.87871944334239,2,0.07845575
90,1.87871944334239,3,0.07829411
90,1.87871944334239,4,0.07834283
90,1.87871944334239,5,0.07843518
90,1.87871944334239,6,0.07833793
90,1.87871944334239,7,0.07825775
90,1.87871944334239,8,0.07814986
90,1.87871944334239,9,0.07837813
90,1.87871944334239,10,0.07833409
90,1.87871944334239,11,0.07788529
90,1.87871944334239,12,0.07827442
90,1.87871944334239,13,0.07825273
90,1.87871944334239,14,0.07854094
90,1.87871944334239,15,0.07845441
91,1.88848536637471,0,0.07796647
91,1.88848536637471,1,0.07812387
91,1.88848536637471,2,0.07825117
91,1.88848536637471,3,0.07861086
91,1.88848536637471,4,0.07847398
91,1.88848536637471,5,0.07863088
91,1.88848536637471,6,0.07843667
91,1.88848536637471,7,0.07822407
91,1.88848536637471,8,0.0782975
91,1.88848536637471,9,0.07847208
91,1.88848536637471,10,0.0783929
91,1.88848536637471,11,0.07833804
91,1.88848536637471,12,0.07818482
91,1.88848536637471,13,0.07815192
91,1.88848536637471,14,0.07818203
91,1.88848536637471,15,0.07801437
92,1.89764091921751,0,0.07823299
92,1.89764091921751,1,0.07836887
92,1.89764091921751,2,0.07842162
92,1.89764091921751,3,0.07826042
92,1.89764091921751,4,0.07824286
92,1.89764091921751,5,0.07850314
92,1.89764091921751,6,0.07816842
92,1.89764091921751,7,0.07848161
92,1.89764091921751,8,0.07825597
92,1.89764091921751,9,0.07829238
92,1.89764091921751,10,0.07852109
92,1.89764091921751,11,0.07822362
92,1.89764091921751,12,0.0786679
92,1.89764091921751,13,0.07846918
92,1.89764091921751,14,0.07858294
92,1.89764091921751,15,0.07871825
93,1.90862758262886,0,0.07831167
93,1.90862758262886,1,0.07861158
93,1.90862758262886,2,0.07857144
93,1.90862758262886,3,0.07875171
93,1.90862758262886,4,0.07854328
93,1.90862758262886,5,0.07869818
93,1.90862758262886,6,0.07868184
93,1.90862758262886,7,0.07871201
93,1.90862758262886,8,0.07865039
93,1.90862758262886,9,0.07873314
93,1.90862758262886,10,0.07857044
93,1.90862758262886,11,0.07846333
93,1.90862758262886,12,0.07844611
93,1.90862758262886,13,0.07842447
93,1.90862758262886,14,0.07843171
93,1.90862758262886,15,0.07844955
94,1.91839350566118,0,0.07877976
94,1.91839350566118,1,0.07862675
94,1.91839350566118,2,0.07859102
94,1.91839350566118,3,0.07821331
94,1.91839350566118,4,0.07830475
94,1.91839350566118,5,0.07856826
94,1.91839350566118,6,0.07809716
94,1.91839350566118,7,0.07836498
94,1.91839350566118,8,0.07850108
94,1.91839350566118,9,0.07845591
94,1.91839350566118,10,0.07843584
94,1.91839350566118,11,0.07847655
94,1.91839350566118,12,0.07858053
94,1.91839350566118,13,0.07841075
94,1.91839350566118,14,0.07869076
94,1.91839350566118,15,0.07845151
95,1.9281594286935,0,0.07866071
95,1.9281594286935,1,0.0785008
95,1.9281594286935,2,0.07858539
95,1.9281594286935,3,0.07869863
95,1.9281594286935,4,0.07856007
95,1.9281594286935,5,0.07869115
95,1.9281594286935,6,0.0784965
95,1.9281594286935,7,0.0787274
95,1.9281594286935,8,0.07854769
95,1.9281594286935,9,0.07853593
95,1.9281594286935,10,0.07831518
95,1.9281594286935,11,0.07862587
95,1.9281594286935,12,0.07840467
95,1.9281594286935,13,0.07833893
95,1.9281594286935,14,0.07819379
95,1.9281594286935,15,0.07849049
96,1.93853572191534,0,0.07878349
96,1.93853572191534,1,0.07874764
96,1.93853572191534,2,0.07886495
96,1.93853572191534,3,0.07895344
96,1.93853572191534,4,0.07880245
96,1.93853572191534,5,0.07865781
96,1.93853572191534,6,0.07840908
96,1.93853572191534,7,0.07901026
96,1.93853572191534,8,0.07874028
96,1.93853572191534,9,0.07860562
96,1.93853572191534,10,0.07837724
96,1.93853572191534,11,0.07853269
96,1.93853572191534,12,0.07876047
96,1.93853572191534,13,0.07863902
96,1.93853572191534,14,0.07868569
96,1.93853572191534,15,0.07887744
97,1.94769127475814,0,0.07874782
97,1.94769127475814,1,0.07883707
97,1.94769127475814,2,0.07872757
97,1.94769127475814,3,0.07870191
97,1.94769127475814,4,0.07884494
97,1.94769127475814,5,0.07851256
97,1.94769127475814,6,0.07875522
97,1.94769127475814,7,0.07880864
97,1.94769127475814,8,0.07877368
97,1.94769127475814,9,0.07869741
97,1.94769127475814,10,0.07869484
97,1.94769127475814,11,0.07879849
97,1.94769127475814,12,0.07853514
97,1.94769127475814,13,0.07857663
97,1.94769127475814,14,0.07882631
97,1.94769127475814,15,0.07866116
98,1.95745719779046,0,0.07925231
98,1.95745719779046,1,0.07901624
98,1.95745719779046,2,0.07890626
98,1.95745719779046,3,0.07888915
98,1.95745719779046,4,0.07896174
98,1.95745719779046,5,0.07915489
98,1.95745719779046,6,0.07906418
98,1.95745719779046,7,0.07868302
98,1.95745719779046,8,0.07900697
98,1.95745719779046,9,0.07857278
98,1.95745719779046,10,0.07868564
98,1.95745719779046,11,0.07882263
98,1.95745719779046,12,0.07882152
98,1.95745719779046,13,0.07887147
98,1.95745719779046,14,0.07865781
98,1.95745719779046,15,0.07892712
99,1.9678334910123,0,0.07873727
99,1.9678334910123,1,0.07880133
99,1.9678334910123,2,0.07901668
99,1.9678334910123,3,0.07890978
99,1.9678334910123,4,0.07882235
99,1.9678334910123,5,0.07905576
99,1.9678334910123,6,0.07892494
99,1.9678334910123,7,0.07912734
99,1.9678334910123,8,0.07876219
99,1.9678334910123,9,0.07859726
99,1.9678334910123,10,0.07887048
99,1.9678334910123,11,0.07905263
99,1.9678334910123,12,0.07887533
99,1.9678334910123,13,0.07871831
99,1.9678334910123,14,0.0787759
99,1.9678334910123,15,0.07878059
100,1.97759941404462,0,0.07875645
100,1.97759941404462,1,0.07868731
100,1.97759941404462,2,0.07865876
100,1.97759941404462,3,0.07862023
100,1.97759941404462,4,0.07885513
100,1.97759941404462,5,0.07847649
100,1.97759941404462,6,0.07895272
100,1.97759941404462,7,0.07898996
100,1.97759941404462,8,0.07871273
100,1.97759941404462,9,0.07885977
100,1.97759941404462,10,0.07876342
100,1.97759941404462,11,0.07892367
100,1.97759941404462,12,0.07902582
100,1.97759941404462,13,0.07874162
100,1.97759941404462,14,0.0786349
100,1.97759941404462,15,0.0788978
101,1.98797570726646,0,0.07879554
101,1.98797570726646,1,0.07894018
101,1.98797570726646,2,0.07900736
101,1.98797570726646,3,0.07869801
101,1.98797570726646,4,0.07890064
101,1.98797570726646,5,0.07892953
101,1.98797570726646,6,0.07873041
101,1.98797570726646,7,0.07901071
101,1.98797570726646,8,0.07873514
101,1.98797570726646,9,0.07877507
101,1.98797570726646,10,0.07911525
101,1.98797570726646,11,0.07913454
101,1.98797570726646,12,0.07905714
101,1.98797570726646,13,0.07906976
101,1.98797570726646,14,0.07907661
101,1.98797570726646,15,0.07891653
102,1.99713126010926,0,0.07899074
102,1.99713126010926,1,0.07897469
102,1.99713126010926,2,0.07889044
102,1.99713126010926,3,0.07912602
102,1.99713126010926,4,0.07901824
102,1.99713126010926,5,0.07902152
102,1.99713126010926,6,0.07899988
102,1.99713126010926,7,0.07899543
102,1.99713126010926,8,0.0789226
102,1.99713126010926,9,0.07931035
102,1.99713126010926,10,0.07936778
102,1.99713126010926,11,0.07887136
102,1.99713126010926,12,0.07896794
102,1.99713126010926,13,0.07888514
102,1.99713126010926,14,0.07918574
102,1.99713126010926,15,0.07904639
103,2.0075075533311,0,0.07911085
103,2.0075075533311,1,0.07907081
103,2.0075075533311,2,0.07912634
103,2.0075075533311,3,0.07899432
103,2.0075075533311,4,0.07898004
103,2.0075075533311,5,0.07878533
103,2.0075075533311,6,0.07901846
103,2.0075075533311,7,0.07911207
103,2.0075075533311,8,0.07893181
103,2.0075075533311,9,0.07908347
103,2.0075075533311,10,0.07899007
103,2.0075075533311,11,0.07902302
103,2.0075075533311,12,0.07913398
103,2.0075075533311,13,0.07938433
103,2.0075075533311,14,0.07942221
103,2.0075075533311,15,0.07918862
104,2.01788384655293,0,0.07906418
104,2.01788384655293,1,0.07880462
104,2.01788384655293,2,0.07898133
104,2.01788384655293,3,0.079197
104,2.01788384655293,4,0.07912986
104,2.01788384655293,5,0.07884706
104,2.01788384655293,6,0.07908028
104,2.01788384655293,7,0.07894742
104,2.01788384655293,8,0.07875577
104,2.01788384655293,9,0.07887086
104,2.01788384655293,10,0.07900006
104,2.01788384655293,11,0.0787022
104,2.01788384655293,12,0.07892165
104,2.01788384655293,13,0.07864661
104,2.01788384655293,14,0.07900172
104,2.01788384655293,15,0.07917435
105,2.02764976958525,0,0.07906763
105,2.02764976958525,1,0.07895078
105,2.02764976958525,2,0.07897915
105,2.02764976958525,3,0.07894708
105,2.02764976958525,4,0.07905181
105,2.02764976958525,5,0.07875147
105,2.02764976958525,6,0.0790944
105,2.02764976958525,7,0.07922259
105,2.02764976958525,8,0.07913952
105,2.02764976958525,9,0.07927115
105,2.02764976958525,10,0.07903313
105,2.02764976958525,11,0.07913426
105,2.02764976958525,12,0.07891195
105,2.02764976958525,13,0.07893772
105,2.02764976958525,14,0.07867622
105,2.02764976958525,15,0.07889228
106,2.03802606280709,0,0.0791855
106,2.03802606280709,1,0.07880334
106,2.03802606280709,2,0.07889768
106,2.03802606280709,3,0.07878076
106,2.03802606280709,4,0.07873743
106,2.03802606280709,5,0.07878851
106,2.03802606280709,6,0.07922889
106,2.03802606280709,7,0.07897218
106,2.03802606280709,8,0.07900384
106,2.03802606280709,9,0.07892394
106,2.03802606280709,10,0.07907584
106,2.03802606280709,11,0.07861321
106,2.03802606280709,12,0.07891546
106,2.03802606280709,13,0.07859492
106,2.03802606280709,14,0.07895472
106,2.03802606280709,15,0.07868786
107,2.04779198583941,0,0.07894184
107,2.04779198583941,1,0.0791603
107,2.04779198583941,2,0.0791026
107,2.04779198583941,3,0.07876314
107,2.04779198583941,4,0.07911089
107,2.04779198583941,5,0.07892099
107,2.04779198583941,6,0.07895166
107,2.04779198583941,7,0.07911201
107,2.04779198583941,8,0.07894212
107,2.04779198583941,9,0.07888146
107,2.04779198583941,10,0.07907604
107,2.04779198583941,11,0.07891458
107,2.04779198583941,12,0.07901115
107,2.04779198583941,13,0.07917079
107,2.04779198583941,14,0.07892596
107,2.04779198583941,15,0.0788905
108,2.05755790887173,0,0.07860284
108,2.05755790887173,1,0.07846969
108,2.05755790887173,2,0.07896631
108,2.05755790887173,3,0.07889374
108,2.05755790887173,4,0.07872573
108,2.05755790887173,5,0.07854646
108,2.05755790887173,6,0.0788756
108,2.05755790887173,7,0.07868363
108,2.05755790887173,8,0.07879264
108,2.05755790887173,9,0.07889986
108,2.05755790887173,10,0.07877011
108,2.05755790887173,11,0.07886685
108,2.05755790887173,12,0.07887509
108,2.05755790887173,13,0.07875834
108,2.05755790887173,14,0.07858773
108,2.05755790887173,15,0.07859202
109,2.06732383190405,0,0.07869194
109,2.06732383190405,1,0.0790441
109,2.06732383190405,2,0.07913855
109,2.06732383190405,3,0.07908085
109,2.06732383190405,4,0.07891207
109,2.06732383190405,5,0.07891563
109,2.06732383190405,6,0.07872784
109,2.06732383190405,7,0.07912502
109,2.06732383190405,8,0.07906213
109,2.06732383190405,9,0.07902916
109,2.06732383190405,10,0.07894641
109,2.06732383190405,11,0.07885865
109,2.06732383190405,12,0.07926697
109,2.06732383190405,13,0.07926492
109,2.06732383190405,14,0.07860551
109,2.06732383190405,15,0.07879636
110,2.07770012512589,0,0.07900725
110,2.07770012512589,1,0.07911898
110,2.07770012512589,2,0.07913738
110,2.07770012512589,3,0.07890771
110,2.07770012512589,4,0.07897441
110,2.07770012512589,5,0.07923519
110,2.07770012512589,6,0.07890671
110,2.07770012512589,7,0.07878572
110,2.07770012512589,8,0.07871999
110,2.07770012512589,9,0.0789458
110,2.07770012512589,10,0.0790194
110,2.07770012512589,11,0.07893821
110,2.07770012512589,12,0.07901967
110,2.07770012512589,13,0.07891056
110,2.07770012512589,14,0.07918556
110,2.07770012512589,15,0.07901728
111,2.08746604815821,0,0.07902961
111,2.08746604815821,1,0.07910053
111,2.08746604815821,2,0.07904094
111,2.08746604815821,3,0.07885553
111,2.08746604815821,4,0.07878449
111,2.08746604815821,5,0.07874691
111,2.08746604815821,6,0.07850955
111,2.08746604815821,7,0.07841098
111,2.08746604815821,8,0.07829795
111,2.08746604815821,9,0.07849249
111,2.08746604815821,10,0.07883423
111,2.08746604815821,11,0.07883774
111,2.08746604815821,12,0.07875828
111,2.08746604815821,13,0.07874469
111,2.08746604815821,14,0.07845446
111,2.08746604815821,15,0.07892305
112,2.09784234138005,0,0.07872177
112,2.09784234138005,1,0.07888223
112,2.09784234138005,2,0.07872528
112,2.09784234138005,3,0.07918016
112,2.09784234138005,4,0.0786422
112,2.09784234138005,5,0.07861494
112,2.09784234138005,6,0.0787617
112,2.09784234138005,7,0.07881025
112,2.09784234138005,8,0.07862486
112,2.09784234138005,9,0.07880016
112,2.09784234138005,10,0.07873069
112,2.09784234138005,11,0.0786882
112,2.09784234138005,12,0.07877446
112,2.09784234138005,13,0.07876353
112,2.09784234138005,14,0.07865676
112,2.09784234138005,15,0.07873615
113,2.10699789422285,0,0.0787332
113,2.10699789422285,1,0.07855611
113,2.10699789422285,2,0.07873113
113,2.10699789422285,3,0.07863323
113,2.10699789422285,4,0.07868949
113,2.10699789422285,5,0.07861654
113,2.10699789422285,6,0.07876671
113,2.10699789422285,7,0.07865865
113,2.10699789422285,8,0.07844515
113,2.10699789422285,9,0.07859051
113,2.10699789422285,10,0.07884905
113,2.10699789422285,11,0.07856347
113,2.10699789422285,12,0.07890215
113,2.10699789422285,13,0.07879709
113,2.10699789422285,14,0.07883189
113,2.10699789422285,15,0.07869741
114,2.11737418744469,0,0.07889462
114,2.11737418744469,1,0.07877953
114,2.11737418744469,2,0.07867838
114,2.11737418744469,3,0.07849924
114,2.11737418744469,4,0.07872667
114,2.11737418744469,5,0.07865101
114,2.11737418744469,6,0.07891581
114,2.11737418744469,7,0.07882336
114,2.11737418744469,8,0.07866561
114,2.11737418744469,9,0.07884656
114,2.11737418744469,10,0.07877892
114,2.11737418744469,11,0.07872411
114,2.11737418744469,12,0.0788992
114,2.11737418744469,13,0.07872009
114,2.11737418744469,14,0.07900105
114,2.11737418744469,15,0.0789661
115,2.12775048066652,0,0.07914457
115,2.12775048066652,1,0.07903457
115,2.12775048066652,2,0.07901087
115,2.12775048066652,3,0.0792247
115,2.12775048066652,4,0.07893983
115,2.12775048066652,5,0.07917368
115,2.12775048066652,6,0.07921428
115,2.12775048066652,7,0.07923519
115,2.12775048066652,8,0.07889333
115,2.12775048066652,9,0.07904935
115,2.12775048066652,10,0.07901583
115,2.12775048066652,11,0.07911246
115,2.12775048066652,12,0.0791481
115,2.12775048066652,13,0.07906385
115,2.12775048066652,14,0.07915283
115,2.12775048066652,15,0.0789279
116,2.13751640369884,0,0.07894771
116,2.13751640369884,1,0.07878098
116,2.13751640369884,2,0.07854635
116,2.13751640369884,3,0.07858589
116,2.13751640369884,4,0.07852082
116,2.13751640369884,5,0.07865563
116,2.13751640369884,6,0.07890632
116,2.13751640369884,7,0.07880373
116,2.13751640369884,8,0.0789361
116,2.13751640369884,9,0.07883947
116,2.13751640369884,10,0.07889914
116,2.13751640369884,11,0.07895845
116,2.13751640369884,12,0.07887053
116,2.13751640369884,13,0.0788615
116,2.13751640369884,14,0.07879877
116,2.13751640369884,15,0.07889321
117,2.14728232673116,0,0.07897027
117,2.14728232673116,1,0.0789269
117,2.14728232673116,2,0.07880764
117,2.14728232673116,3,0.07883813
117,2.14728232673116,4,0.0791971
117,2.14728232673116,5,0.07901829
117,2.14728232673116,6,0.07896515
117,2.14728232673116,7,0.07906495
117,2.14728232673116,8,0.07892438
117,2.14728232673116,9,0.07888386
117,2.14728232673116,10,0.07920224
117,2.14728232673116,11,0.07903486
117,2.14728232673116,12,0.07889969
117,2.14728232673116,13,0.0790504
117,2.14728232673116,14,0.07945052
117,2.14728232673116,15,0.07929312
118,2.157658619953,0,0.07926418
118,2.157658619953,1,0.07935172
118,2.157658619953,2,0.0792833
118,2.157658619953,3,0.07923691
118,2.157658619953,4,0.0790281
118,2.157658619953,5,0.07936059
118,2.157658619953,6,0.07927522
118,2.157658619953,7,0.07931251
118,2.157658619953,8,0.07932395
118,2.157658619953,9,0.07932942
118,2.157658619953,10,0.07913672
118,2.157658619953,11,0.07913035
118,2.157658619953,12,0.0790929
118,2.157658619953,13,0.07903976
118,2.157658619953,14,0.07925119
118,2.157658619953,15,0.07934608
119,2.16742454298532,0,0.07910873
119,2.16742454298532,1,0.079308
119,2.16742454298532,2,0.0790218
119,2.16742454298532,3,0.07897931
119,2.16742454298532,4,0.07893304
119,2.16742454298532,5,0.07884772
119,2.16742454298532,6,0.07902163
119,2.16742454298532,7,0.07916912
119,2.16742454298532,8,0.07918317
119,2.16742454298532,9,0.07891703
119,2.16742454298532,10,0.07928269
119,2.16742454298532,11,0.0792688
119,2.16742454298532,12,0.07911223
119,2.16742454298532,13,0.07914575
119,2.16742454298532,14,0.07894675
119,2.16742454298532,15,0.07919489
120,2.17780083620716,0,0.07899632
120,2.17780083620716,1,0.07910946
120,2.17780083620716,2,0.07897797
120,2.17780083620716,3,0.07896197
120,2.17780083620716,4,0.07907538
120,2.17780083620716,5,0.07942622
120,2.17780083620716,6,0.07904009
120,2.17780083620716,7,0.07922241
120,2.17780083620716,8,0.07893298
120,2.17780083620716,9,0.07889914
120,2.17780083620716,10,0.07885776
120,2.17780083620716,11,0.07914424
120,2.17780083620716,12,0.07883892
120,2.17780083620716,13,0.07920686
120,2.17780083620716,14,0.07928096
120,2.17780083620716,15,0.07907493
121,2.18695638904996,0,0.07896286
121,2.18695638904996,1,0.07928067
121,2.18695638904996,2,0.07925002
121,2.18695638904996,3,0.0790145
121,2.18695638904996,4,0.07923424
121,2.18695638904996,5,0.07927869
121,2.18695638904996,6,0.07931491
121,2.18695638904996,7,0.07922192
121,2.18695638904996,8,0.07931983
121,2.18695638904996,9,0.07943279
121,2.18695638904996,10,0.07913838
121,2.18695638904996,11,0.07920261
121,2.18695638904996,12,0.079079
121,2.18695638904996,13,0.07947974
121,2.18695638904996,14,0.07970841
121,2.18695638904996,15,0.07942961
122,2.19794305246132,0,0.07907951
122,2.19794305246132,1,0.07906245
122,2.19794305246132,2,0.079367
122,2.19794305246132,3,0.07920224
122,2.19794305246132,4,0.07909328
122,2.19794305246132,5,0.07948811
122,2.19794305246132,6,0.07917813
122,2.19794305246132,7,0.07938312
122,2.19794305246132,8,0.07915349
122,2.19794305246132,9,0.07920893
122,2.19794305246132,10,0.07908977
122,2.19794305246132,11,0.07897496
122,2.19794305246132,12,0.078968
122,2.19794305246132,13,0.07886161
122,2.19794305246132,14,0.07905302
122,2.19794305246132,15,0.07909942
123,2.20770897549364,0,0.07910265
123,2.20770897549364,1,0.07913225
123,2.20770897549364,2,0.07885876
123,2.20770897549364,3,0.07897017
123,2.20770897549364,4,0.07915545
123,2.20770897549364,5,0.07917123
123,2.20770897549364,6,0.07898807
123,2.20770897549364,7,0.07927891
123,2.20770897549364,8,0.07919347
123,2.20770897549364,9,0.07898913
123,2.20770897549364,10,0.07911374
123,2.20770897549364,11,0.07915032
123,2.20770897549364,12,0.07883523
123,2.20770897549364,13,0.07878176
123,2.20770897549364,14,0.07923591
123,2.20770897549364,15,0.07896776
124,2.21808526871548,0,0.07961701
124,2.21808526871548,1,0.07931671
124,2.21808526871548,2,0.07957404
124,2.21808526871548,3,0.0792053
124,2.21808526871548,4,0.07925393
124,2.21808526871548,5,0.07918205
124,2.21808526871548,6,0.07906195
124,2.21808526871548,7,0.07883184
124,2.21808526871548,8,0.07903446
124,2.21808526871548,9,0.07905732
124,2.21808526871548,10,0.07898227
124,2.21808526871548,11,0.07886785
124,2.21808526871548,12,0.07920881
124,2.21808526871548,13,0.07916281
124,2.21808526871548,14,0.07918356
124,2.21808526871548,15,0.07921004
125,2.2278511917478,0,0.07916844
125,2.2278511917478,1,0.07908279
125,2.2278511917478,2,0.07927047
125,2.2278511917478,3,0.07919631
125,2.2278511917478,4,0.07943609
125,2.2278511917478,5,0.07954174
125,2.2278511917478,6,0.07958452
125,2.2278511917478,7,0.07943279
125,2.2278511917478,8,0.07938451
125,2.2278511917478,9,0.07916565
125,2.2278511917478,10,0.07950867
125,2.2278511917478,11,0.07931247
125,2.2278511917478,12,0.07940865
125,2.2278511917478,13,0.0792347
125,2.2278511917478,14,0.07927158
125,2.2278511917478,15,0.07933956
126,2.23700674459059,0,0.07929334
126,2.23700674459059,1,0.07944472
126,2.23700674459059,2,0.07948699
126,2.23700674459059,3,0.07967527
126,2.23700674459059,4,0.07935093
126,2.23700674459059,5,0.07929802
126,2.23700674459059,6,0.07934213
126,2.23700674459059,7,0.07918283
126,2.23700674459059,8,0.07921093
126,2.23700674459059,9,0.07883713
126,2.23700674459059,10,0.07925437
126,2.23700674459059,11,0.07925572
126,2.23700674459059,12,0.07940965
126,2.23700674459059,13,0.07950388
126,2.23700674459059,14,0.07930215
126,2.23700674459059,15,0.07952134
127,2.24799340800195,0,0.07901265
127,2.24799340800195,1,0.07942003
127,2.24799340800195,2,0.07940134
127,2.24799340800195,3,0.07947829
127,2.24799340800195,4,0.07934854
127,2.24799340800195,5,0.07944591
127,2.24799340800195,6,0.07924785
127,2.24799340800195,7,0.0791375
127,2.24799340800195,8,0.07927031
127,2.24799340800195,9,0.07919258
127,2.24799340800195,10,0.0792368
127,2.24799340800195,11,0.07934542
127,2.24799340800195,12,0.07951297
127,2.24799340800195,13,0.0794445
127,2.24799340800195,14,0.07929501
127,2.24799340800195,15,0.07925954
128,2.25775933103427,0,0.07935224
128,2.25775933103427,1,0.07924511
128,2.25775933103427,2,0.07911251
128,2.25775933103427,3,0.07903294
128,2.25775933103427,4,0.07933733
128,2.25775933103427,5,0.07924434
128,2.25775933103427,6,0.07922877
128,2.25775933103427,7,0.07927439
128,2.25775933103427,8,0.0793317
128,2.25775933103427,9,0.07932294
128,2.25775933103427,10,0.07916617
128,2.25775933103427,11,0.07936756
128,2.25775933103427,12,0.07938372
128,2.25775933103427,13,0.07932322
128,2.25775933103427,14,0.07937609
128,2.25775933103427,15,0.07938238
129,2.26691488387707,0,0.07965276
129,2.26691488387707,1,0.07978774
129,2.26691488387707,2,0.07945364
129,2.26691488387707,3,0.0797016
129,2.26691488387707,4,0.07949871
129,2.26691488387707,5,0.07965844
129,2.26691488387707,6,0.07953783
129,2.26691488387707,7,0.07932936
129,2.26691488387707,8,0.07945754
129,2.26691488387707,9,0.07945868
129,2.26691488387707,10,0.07946095
129,2.26691488387707,11,0.07956923
129,2.26691488387707,12,0.07939264
129,2.26691488387707,13,0.07943999
129,2.26691488387707,14,0.07947155
129,2.26691488387707,15,0.07954537
130,2.27729117709891,0,0.0795854
130,2.27729117709891,1,0.07938813
130,2.27729117709891,2,0.07904037
130,2.27729117709891,3,0.07936543
130,2.27729117709891,4,0.07929295
130,2.27729117709891,5,0.07931012
130,2.27729117709891,6,0.07935345
130,2.27729117709891,7,0.07911937
130,2.27729117709891,8,0.07945731
130,2.27729117709891,9,0.0795573
130,2.27729117709891,10,0.07935267
130,2.27729117709891,11,0.07935055
130,2.27729117709891,12,0.07955512
130,2.27729117709891,13,0.07964645
130,2.27729117709891,14,0.07962354
130,2.27729117709891,15,0.07961223
131,2.28766747032075,0,0.07926999
131,2.28766747032075,1,0.07933315
131,2.28766747032075,2,0.0793884
131,2.28766747032075,3,0.07911114
131,2.28766747032075,4,0.07951793
131,2.28766747032075,5,0.07936405
131,2.28766747032075,6,0.07929546
131,2.28766747032075,7,0.07918968
131,2.28766747032075,8,0.07925236
131,2.28766747032075,9,0.07954999
131,2.28766747032075,10,0.0793437
131,2.28766747032075,11,0.07926028
131,2.28766747032075,12,0.07936125
131,2.28766747032075,13,0.07925314
131,2.28766747032075,14,0.0792848
131,2.28766747032075,15,0.07919609
132,2.29743339335307,0,0.07917396
132,2.29743339335307,1,0.0793055
132,2.29743339335307,2,0.07910722
132,2.29743339335307,3,0.07938
132,2.29743339335307,4,0.07940012
132,2.29743339335307,5,0.07934163
132,2.29743339335307,6,0.07946585
132,2.29743339335307,7,0.07960949
132,2.29743339335307,8,0.07923246
132,2.29743339335307,9,0.07915607
132,2.29743339335307,10,0.07924239
132,2.29743339335307,11,0.07927755
132,2.29743339335307,12,0.07919034
132,2.29743339335307,13,0.07950539
132,2.29743339335307,14,0.07956082
132,2.29743339335307,15,0.07930829
133,2.30719931638539,0,0.079443
133,2.30719931638539,1,0.07964301
133,2.30719931638539,2,0.07947635
133,2.30719931638539,3,0.0793443
133,2.30719931638539,4,0.07932105
133,2.30719931638539,5,0.079401
133,2.30719931638539,6,0.07935522
133,2.30719931638539,7,0.07921288
133,2.30719931638539,8,0.07928938
133,2.30719931638539,9,0.07926151
133,2.30719931638539,10,0.07932027
133,2.30719931638539,11,0.07935891
133,2.30719931638539,12,0.0793283
133,2.30719931638539,13,0.07944968
133,2.30719931638539,14,0.07940532
133,2.30719931638539,15,0.07929991
134,2.31757560960723,0,0.07955122
134,2.31757560960723,1,0.07955357
134,2.31757560960723,2,0.07957359
134,2.31757560960723,3,0.07955211
134,2.31757560960723,4,0.0794217
134,2.31757560960723,5,0.07941355
134,2.31757560960723,6,0.07940196
134,2.31757560960723,7,0.07947328
134,2.31757560960723,8,0.07955541
134,2.31757560960723,9,0.07940814
134,2.31757560960723,10,0.07965058
134,2.31757560960723,11,0.07930238
134,2.31757560960723,12,0.07939829
134,2.31757560960723,13,0.07934375
134,2.31757560960723,14,0.07937704
134,2.31757560960723,15,0.07938729
135,2.32795190282907,0,0.07912043
135,2.32795190282907,1,0.07917842
135,2.32795190282907,2,0.07936867
135,2.32795190282907,3,0.07911084
135,2.32795190282907,4,0.07916482
135,2.32795190282907,5,0.07934949
135,2.32795190282907,6,0.07912981
135,2.32795190282907,7,0.07928336
135,2.32795190282907,8,0.07911246
135,2.32795190282907,9,0.07925119
135,2.32795190282907,10,0.07928838
135,2.32795190282907,11,0.07931152
135,2.32795190282907,12,0.07915568
135,2.32795190282907,13,0.07923447
135,2.32795190282907,14,0.0790576
135,2.32795190282907,15,0.0791655
136,2.33649708548235,0,0.07941696
136,2.33649708548235,1,0.07936683
136,2.33649708548235,2,0.07928448
136,2.33649708548235,3,0.07914647
136,2.33649708548235,4,0.07910331
136,2.33649708548235,5,0.07948899
136,2.33649708548235,6,0.07918088
136,2.33649708548235,7,0.07932038
136,2.33649708548235,8,0.07946239
136,2.33649708548235,9,0.07937242
136,2.33649708548235,10,0.07943391
136,2.33649708548235,11,0.07930249
136,2.33649708548235,12,0.07934252
136,2.33649708548235,13,0.07925748
136,2.33649708548235,14,0.07919843
136,2.33649708548235,15,0.07935356
137,2.34809411908322,0,0.07959957
137,2.34809411908322,1,0.07938221
137,2.34809411908322,2,0.07954047
137,2.34809411908322,3,0.07943185
137,2.34809411908322,4,0.07928637
137,2.34809411908322,5,0.07922281
137,2.34809411908322,6,0.07950712
137,2.34809411908322,7,0.07943747
137,2.34809411908322,8,0.07966843
137,2.34809411908322,9,0.07989051
137,2.34809411908322,10,0.07934944
137,2.34809411908322,11,0.0797656
137,2.34809411908322,12,0.07973985
137,2.34809411908322,13,0.07930689
137,2.34809411908322,14,0.07932279
137,2.34809411908322,15,0.07909457
138,2.35786004211554,0,0.07923941
138,2.35786004211554,1,0.07960904
138,2.35786004211554,2,0.07902202
138,2.35786004211554,3,0.07910515
138,2.35786004211554,4,0.07950729
138,2.35786004211554,5,0.0793535
138,2.35786004211554,6,0.07929222
138,2.35786004211554,7,0.07921466
138,2.35786004211554,8,0.07914548
138,2.35786004211554,9,0.07923524
138,2.35786004211554,10,0.07911319
138,2.35786004211554,11,0.07919966
138,2.35786004211554,12,0.07924896
138,2.35786004211554,13,0.07929865
138,2.35786004211554,14,0.07915584
138,2.35786004211554,15,0.07901957
139,2.36701559495834,0,0.07948784
139,2.36701559495834,1,0.07951615
139,2.36701559495834,2,0.07925782
139,2.36701559495834,3,0.07912115
139,2.36701559495834,4,0.0792087
139,2.36701559495834,5,0.07944757
139,2.36701559495834,6,0.07926367
139,2.36701559495834,7,0.07926698
139,2.36701559495834,8,0.07904773
139,2.36701559495834,9,0.07883786
139,2.36701559495834,10,0.07924394
139,2.36701559495834,11,0.07933722
139,2.36701559495834,12,0.07921477
139,2.36701559495834,13,0.0791501
139,2.36701559495834,14,0.07944177
139,2.36701559495834,15,0.07931837
140,2.3780022583697,0,0.07926653
140,2.3780022583697,1,0.07911307
140,2.3780022583697,2,0.07913996
140,2.3780022583697,3,0.07918701
140,2.3780022583697,4,0.07919705
140,2.3780022583697,5,0.07909121
140,2.3780022583697,6,0.07909741
140,2.3780022583697,7,0.07916069
140,2.3780022583697,8,0.07874719
140,2.3780022583697,9,0.07909055
140,2.3780022583697,10,0.07946608
140,2.3780022583697,11,0.07935216
140,2.3780022583697,12,0.07940463
140,2.3780022583697,13,0.07933154
140,2.3780022583697,14,0.07945164
140,2.3780022583697,15,0.07947288
141,2.3871578112125,0,0.07923848
141,2.3871578112125,1,0.07960766
141,2.3871578112125,2,0.0794853
141,2.3871578112125,3,0.07969039
141,2.3871578112125,4,0.07938683
141,2.3871578112125,5,0.07922375
141,2.3871578112125,6,0.07947423
141,2.3871578112125,7,0.0794658
141,2.3871578112125,8,0.07941082
141,2.3871578112125,9,0.07946453
141,2.3871578112125,10,0.07950572
141,2.3871578112125,11,0.07964958
141,2.3871578112125,12,0.07951576
141,2.3871578112125,13,0.07963336
141,2.3871578112125,14,0.07924511
141,2.3871578112125,15,0.0796745
142,2.39753410443434,0,0.07966753
142,2.39753410443434,1,0.07934731
142,2.39753410443434,2,0.07956639
142,2.39753410443434,3,0.0792914
142,2.39753410443434,4,0.07924516
142,2.39753410443434,5,0.07951409
142,2.39753410443434,6,0.07947768
142,2.39753410443434,7,0.07945058
142,2.39753410443434,8,0.0793617
142,2.39753410443434,9,0.0792503
142,2.39753410443434,10,0.07924683
142,2.39753410443434,11,0.0793305
142,2.39753410443434,12,0.07913493
142,2.39753410443434,13,0.0795351
142,2.39753410443434,14,0.07946741
142,2.39753410443434,15,0.07925191
143,2.40791039765618,0,0.079216
143,2.40791039765618,1,0.07935551
143,2.40791039765618,2,0.07928754
143,2.40791039765618,3,0.07923932
143,2.40791039765618,4,0.07940412
143,2.40791039765618,5,0.07935618
143,2.40791039765618,6,0.07915668
143,2.40791039765618,7,0.07904053
143,2.40791039765618,8,0.07920507
143,2.40791039765618,9,0.0789298
143,2.40791039765618,10,0.07923897
143,2.40791039765618,11,0.07901052
143,2.40791039765618,12,0.07900965
143,2.40791039765618,13,0.07927596
143,2.40791039765618,14,0.0793864
143,2.40791039765618,15,0.07926892
144,2.4176763206885,0,0.07935786
144,2.4176763206885,1,0.079463
144,2.4176763206885,2,0.07917813
144,2.4176763206885,3,0.07930884
144,2.4176763206885,4,0.07914262
144,2.4176763206885,5,0.07936248
144,2.4176763206885,6,0.07941338
144,2.4176763206885,7,0.0791947
144,2.4176763206885,8,0.07937843
144,2.4176763206885,9,0.07924026
144,2.4176763206885,10,0.07945549
144,2.4176763206885,11,0.07918227
144,2.4176763206885,12,0.07933968
144,2.4176763206885,13,0.07960614
144,2.4176763206885,14,0.07938947
144,2.4176763206885,15,0.07954626
145,2.42805261391034,0,0.07916866
145,2.42805261391034,1,0.07921588
145,2.42805261391034,2,0.07939259
145,2.42805261391034,3,0.07952407
145,2.42805261391034,4,0.07963965
145,2.42805261391034,5,0.07947038
145,2.42805261391034,6,0.07959722
145,2.42805261391034,7,0.07961763
145,2.42805261391034,8,0.07942164
145,2.42805261391034,9,0.0792218
145,2.42805261391034,10,0.07946942
145,2.42805261391034,11,0.07973563
145,2.42805261391034,12,0.07938623
145,2.42805261391034,13,0.07913337
145,2.42805261391034,14,0.07937329
145,2.42805261391034,15,0.0792422
146,2.43781853694266,0,0.07943191
146,2.43781853694266,1,0.0791719
146,2.43781853694266,2,0.07921617
146,2.43781853694266,3,0.07908553
146,2.43781853694266,4,0.07921328
146,2.43781853694266,5,0.07904321
146,2.43781853694266,6,0.07918572
146,2.43781853694266,7,0.07912417
146,2.43781853694266,8,0.07925882
146,2.43781853694266,9,0.07924746
146,2.43781853694266,10,0.07944357
146,2.43781853694266,11,0.07937972
146,2.43781853694266,12,0.07941929
146,2.43781853694266,13,0.07924534
146,2.43781853694266,14,0.07922202
146,2.43781853694266,15,0.0793975
147,2.44697408978546,0,0.07950184
147,2.44697408978546,1,0.0789269
147,2.44697408978546,2,0.07896504
147,2.44697408978546,3,0.07908179
147,2.44697408978546,4,0.07889126
147,2.44697408978546,5,0.07918813
147,2.44697408978546,6,0.07920625
147,2.44697408978546,7,0.07926054
147,2.44697408978546,8,0.07955562
147,2.44697408978546,9,0.07925142
147,2.44697408978546,10,0.07908627
147,2.44697408978546,11,0.07922598
147,2.44697408978546,12,0.07923875
147,2.44697408978546,13,0.07928091
147,2.44697408978546,14,0.07907962
147,2.44697408978546,15,0.07945616
148,2.45796075319681,0,0.07899348
148,2.45796075319681,1,0.07904855
148,2.45796075319681,2,0.07933595
148,2.45796075319681,3,0.07934905
148,2.45796075319681,4,0.07924127
148,2.45796075319681,5,0.07923524
148,2.45796075319681,6,0.07919158
148,2.45796075319681,7,0.07911231
148,2.45796075319681,8,0.07920826
148,2.45796075319681,9,0.07937369
148,2.45796075319681,10,0.07950233
148,2.45796075319681,11,0.07919069
148,2.45796075319681,12,0.07919476
148,2.45796075319681,13,0.07919158
148,2.45796075319681,14,0.07940698
148,2.45796075319681,15,0.0792824
149,2.46772667622913,0,0.07912757
149,2.46772667622913,1,0.07928526
149,2.46772667622913,2,0.07929351
149,2.46772667622913,3,0.0790411
149,2.46772667622913,4,0.07926117
149,2.46772667622913,5,0.07956662
149,2.46772667622913,6,0.07937972
149,2.46772667622913,7,0.07910199
149,2.46772667622913,8,0.07912786
149,2.46772667622913,9,0.07936343
149,2.46772667622913,10,0.07950205
149,2.46772667622913,11,0.07948125
149,2.46772667622913,12,0.07934826
149,2.46772667622913,13,0.07933805
149,2.46772667622913,14,0.07940793
149,2.46772667622913,15,0.07929736
150,2.47810296945097,0,0.0795975
150,2.47810296945097,1,0.07930593
150,2.47810296945097,2,0.07910527
150,2.47810296945097,3,0.0792179
150,2.47810296945097,4,0.07931486
150,2.47810296945097,5,0.07898778
150,2.47810296945097,6,0.07922315
150,2.47810296945097,7,0.07935841
150,2.47810296945097,8,0.07943887
150,2.47810296945097,9,0.0794779
150,2.47810296945097,10,0.07933561
150,2.47810296945097,11,0.07922243
150,2.47810296945097,12,0.07928643
150,2.47810296945097,13,0.07927818
150,2.47810296945097,14,0.07958732
150,2.47810296945097,15,0.07933928
151,2.48725852229377,0,0.07933538
151,2.48725852229377,1,0.07937646
151,2.48725852229377,2,0.07947004
151,2.48725852229377,3,0.07942035
151,2.48725852229377,4,0.0794993
151,2.48725852229377,5,0.07920714
151,2.48725852229377,6,0.0793841
151,2.48725852229377,7,0.07924973
151,2.48725852229377,8,0.07957029
151,2.48725852229377,9,0.07942273
151,2.48725852229377,10,0.07945872
151,2.48725852229377,11,0.07921433
151,2.48725852229377,12,0.07920124
151,2.48725852229377,13,0.07951988
151,2.48725852229377,14,0.07929664
151,2.48725852229377,15,0.07935511
152,2.49824518570513,0,0.07979158
152,2.49824518570513,1,0.07927361
152,2.49824518570513,2,0.07919782
152,2.49824518570513,3,0.07944014
152,2.49824518570513,4,0.07937498
152,2.49824518570513,5,0.07942035
152,2.49824518570513,6,0.07936922
152,2.49824518570513,7,0.07942789
152,2.49824518570513,8,0.07934809
152,2.49824518570513,9,0.07946953
152,2.49824518570513,10,0.07944222
152,2.49824518570513,11,0.07956321
152,2.49824518570513,12,0.07954296
152,2.49824518570513,13,0.07977297
152,2.49824518570513,14,0.07945677
152,2.49824518570513,15,0.07939973
153,2.50801110873745,0,0.0792062
153,2.50801110873745,1,0.07911163
153,2.50801110873745,2,0.07948203
153,2.50801110873745,3,0.07926785
153,2.50801110873745,4,0.07922135
153,2.50801110873745,5,0.07931341
153,2.50801110873745,6,0.07917061
153,2.50801110873745,7,0.07905465
153,2.50801110873745,8,0.07940033
153,2.50801110873745,9,0.07921395
153,2.50801110873745,10,0.07952301
153,2.50801110873745,11,0.07929094
153,2.50801110873745,12,0.07946575
153,2.50801110873745,13,0.07914168
153,2.50801110873745,14,0.0793975
153,2.50801110873745,15,0.07944968
154,2.51777703176977,0,0.07943457
154,2.51777703176977,1,0.07946
154,2.51777703176977,2,0.07983875
154,2.51777703176977,3,0.07943597
154,2.51777703176977,4,0.07943892
154,2.51777703176977,5,0.07927193
154,2.51777703176977,6,0.07948536
154,2.51777703176977,7,0.07951776
154,2.51777703176977,8,0.07977848
154,2.51777703176977,9,0.07946112
154,2.51777703176977,10,0.07954257
154,2.51777703176977,11,0.07980397
154,2.51777703176977,12,0.07949642
154,2.51777703176977,13,0.07952229
154,2.51777703176977,14,0.07965001
154,2.51777703176977,15,0.07961792
155,2.52815332499161,0,0.07950383
155,2.52815332499161,1,0.07949184
155,2.52815332499161,2,0.07941427
155,2.52815332499161,3,0.07953549
155,2.52815332499161,4,0.07944895
155,2.52815332499161,5,0.07923758
155,2.52815332499161,6,0.07959705
155,2.52815332499161,7,0.07984724
155,2.52815332499161,8,0.07959464
155,2.52815332499161,9,0.07940736
155,2.52815332499161,10,0.07954916
155,2.52815332499161,11,0.07968522
155,2.52815332499161,12,0.07958991
155,2.52815332499161,13,0.07977403
155,2.52815332499161,14,0.07970567
155,2.52815332499161,15,0.07978662
156,2.53852961821345,0,0.07959839
156,2.53852961821345,1,0.07942978
156,2.53852961821345,2,0.07962994
156,2.53852961821345,3,0.07944936
156,2.53852961821345,4,0.07952195
156,2.53852961821345,5,0.07959851
156,2.53852961821345,6,0.07927505
156,2.53852961821345,7,0.07956978
156,2.53852961821345,8,0.07962718
156,2.53852961821345,9,0.07946073
156,2.53852961821345,10,0.07961657
156,2.53852961821345,11,0.07958262
156,2.53852961821345,12,0.07933203
156,2.53852961821345,13,0.07940162
156,2.53852961821345,14,0.07947858
156,2.53852961821345,15,0.07946446
157,2.54829554124577,0,0.07942461
157,2.54829554124577,1,0.07919393
157,2.54829554124577,2,0.07929306
157,2.54829554124577,3,0.0791743
157,2.54829554124577,4,0.07914156
157,2.54829554124577,5,0.07922589
157,2.54829554124577,6,0.07927299
157,2.54829554124577,7,0.07943675
157,2.54829554124577,8,0.07926329
157,2.54829554124577,9,0.07909133
157,2.54829554124577,10,0.07916822
157,2.54829554124577,11,0.07907036
157,2.54829554124577,12,0.07923229
157,2.54829554124577,13,0.0789608
157,2.54829554124577,14,0.07902883
157,2.54829554124577,15,0.07953283
158,2.55806146427808,0,0.07905526
158,2.55806146427808,1,0.07931448
158,2.55806146427808,2,0.07930845
158,2.55806146427808,3,0.07939238
158,2.55806146427808,4,0.07888085
158,2.55806146427808,5,0.0794358
158,2.55806146427808,6,0.07934313
158,2.55806146427808,7,0.07918388
158,2.55806146427808,8,0.07926819
158,2.55806146427808,9,0.07903206
158,2.55806146427808,10,0.0793796
158,2.55806146427808,11,0.07932228
158,2.55806146427808,12,0.07926731
158,2.55806146427808,13,0.07971755
158,2.55806146427808,14,0.07953651
158,2.55806146427808,15,0.07937513
159,2.56843775749992,0,0.07927138
159,2.56843775749992,1,0.07932741
159,2.56843775749992,2,0.07917854
159,2.56843775749992,3,0.07935528
159,2.56843775749992,4,0.07935434
159,2.56843775749992,5,0.07942158
159,2.56843775749992,6,0.07939115
159,2.56843775749992,7,0.07957743
159,2.56843775749992,8,0.0792983
159,2.56843775749992,9,0.07938869
159,2.56843775749992,10,0.07935746
159,2.56843775749992,11,0.0794595
159,2.56843775749992,12,0.07945637
159,2.56843775749992,13,0.07919313
159,2.56843775749992,14,0.07930338
159,2.56843775749992,15,0.07944059
160,2.57759331034272,0,0.07923272
160,2.57759331034272,1,0.07902402
160,2.57759331034272,2,0.07905184
160,2.57759331034272,3,0.07936716
160,2.57759331034272,4,0.07928035
160,2.57759331034272,5,0.07887114
160,2.57759331034272,6,0.0790606
160,2.57759331034272,7,0.07908247
160,2.57759331034272,8,0.07915697
160,2.57759331034272,9,0.07870275
160,2.57759331034272,10,0.07911196
160,2.57759331034272,11,0.07924907
160,2.57759331034272,12,0.07923815
160,2.57759331034272,13,0.07930599
160,2.57759331034272,14,0.07920073
160,2.57759331034272,15,0.07909969
161,2.58857997375408,0,0.07941306
161,2.58857997375408,1,0.07940931
161,2.58857997375408,2,0.07946591
161,2.58857997375408,3,0.07951409
161,2.58857997375408,4,0.07961127
161,2.58857997375408,5,0.0793099
161,2.58857997375408,6,0.07955819
161,2.58857997375408,7,0.07929668
161,2.58857997375408,8,0.07948983
161,2.58857997375408,9,0.0796706
161,2.58857997375408,10,0.07964539
161,2.58857997375408,11,0.07959205
161,2.58857997375408,12,0.07950623
161,2.58857997375408,13,0.07922477
161,2.58857997375408,14,0.07943948
161,2.58857997375408,15,0.07941205
162,2.5983458967864,0,0.07938405
162,2.5983458967864,1,0.07930071
162,2.5983458967864,2,0.07931972
162,2.5983458967864,3,0.07940023
162,2.5983458967864,4,0.07912606
162,2.5983458967864,5,0.07949674
162,2.5983458967864,6,0.07963765
162,2.5983458967864,7,0.079429
162,2.5983458967864,8,0.07927031
162,2.5983458967864,9,0.07936744
162,2.5983458967864,10,0.07933655
162,2.5983458967864,11,0.07934347
162,2.5983458967864,12,0.07946078
162,2.5983458967864,13,0.07931179
162,2.5983458967864,14,0.07917832
162,2.5983458967864,15,0.07922024
163,2.60872219000824,0,0.07969291
163,2.60872219000824,1,0.0796856
163,2.60872219000824,2,0.07947545
163,2.60872219000824,3,0.07927935
163,2.60872219000824,4,0.07938585
163,2.60872219000824,5,0.07948337
163,2.60872219000824,6,0.0792934
163,2.60872219000824,7,0.07961173
163,2.60872219000824,8,0.07941049
163,2.60872219000824,9,0.0792817
163,2.60872219000824,10,0.07946847
163,2.60872219000824,11,0.07962397
163,2.60872219000824,12,0.07931826
163,2.60872219000824,13,0.07962778
163,2.60872219000824,14,0.07940971
163,2.60872219000824,15,0.07943752
164,2.61848811304056,0,0.07926848
164,2.61848811304056,1,0.07952747
164,2.61848811304056,2,0.07962053
164,2.61848811304056,3,0.07945398
164,2.61848811304056,4,0.07918388
164,2.61848811304056,5,0.07936773
164,2.61848811304056,6,0.07937559
164,2.61848811304056,7,0.07939856
164,2.61848811304056,8,0.07940319
164,2.61848811304056,9,0.07942566
164,2.61848811304056,10,0.07957318
164,2.61848811304056,11,0.07981206
164,2.61848811304056,12,0.07961132
164,2.61848811304056,13,0.07973953
164,2.61848811304056,14,0.07972675
164,2.61848811304056,15,0.07944644
165,2.6288644062624,0,0.07945353
165,2.6288644062624,1,0.07931669
165,2.6288644062624,2,0.07938729
165,2.6288644062624,3,0.07935026
165,2.6288644062624,4,0.07953393
165,2.6288644062624,5,0.07954013
165,2.6288644062624,6,0.07941111
165,2.6288644062624,7,0.07941255
165,2.6288644062624,8,0.07948231
165,2.6288644062624,9,0.07953276
165,2.6288644062624,10,0.07928615
165,2.6288644062624,11,0.07924973
165,2.6288644062624,12,0.07928904
165,2.6288644062624,13,0.07950959
165,2.6288644062624,14,0.07944355
165,2.6288644062624,15,0.07950405
166,2.6380199591052,0,0.0791927
166,2.6380199591052,1,0.0792635
166,2.6380199591052,2,0.07952128
166,2.6380199591052,3,0.07946724
166,2.6380199591052,4,0.07939141
166,2.6380199591052,5,0.07937992
166,2.6380199591052,6,0.0792663
166,2.6380199591052,7,0.07954832
166,2.6380199591052,8,0.07951538
166,2.6380199591052,9,0.07945521
166,2.6380199591052,10,0.07963674
166,2.6380199591052,11,0.07931063
166,2.6380199591052,12,0.0795389
166,2.6380199591052,13,0.07954225
166,2.6380199591052,14,0.07966736
166,2.6380199591052,15,0.07919247
167,2.64778588213752,0,0.07918406
167,2.64778588213752,1,0.07952768
167,2.64778588213752,2,0.0794958
167,2.64778588213752,3,0.0794939
167,2.64778588213752,4,0.07957095
167,2.64778588213752,5,0.07960904
167,2.64778588213752,6,0.07975774
167,2.64778588213752,7,0.07967846
167,2.64778588213752,8,0.07958093
167,2.64778588213752,9,0.07951299
167,2.64778588213752,10,0.07965147
167,2.64778588213752,11,0.07965565
167,2.64778588213752,12,0.07953978
167,2.64778588213752,13,0.07940374
167,2.64778588213752,14,0.07933817
167,2.64778588213752,15,0.07944272
168,2.65816217535936,0,0.07931571
168,2.65816217535936,1,0.07949614
168,2.65816217535936,2,0.07946531
168,2.65816217535936,3,0.07943881
168,2.65816217535936,4,0.07910994
168,2.65816217535936,5,0.07946178
168,2.65816217535936,6,0.07932792
168,2.65816217535936,7,0.07947678
168,2.65816217535936,8,0.0793956
168,2.65816217535936,9,0.07960749
168,2.65816217535936,10,0.07966753
168,2.65816217535936,11,0.07949296
168,2.65816217535936,12,0.07948174
168,2.65816217535936,13,0.07937972
168,2.65816217535936,14,0.07933208
168,2.65816217535936,15,0.07938668
169,2.66853846858119,0,0.07967372
169,2.66853846858119,1,0.07955306
169,2.66853846858119,2,0.07915897
169,2.66853846858119,3,0.07948051
169,2.66853846858119,4,0.07926852
169,2.66853846858119,5,0.0793094
169,2.66853846858119,6,0.07953712
169,2.66853846858119,7,0.07924767
169,2.66853846858119,8,0.07912088
169,2.66853846858119,9,0.07938596
169,2.66853846858119,10,0.07947733
169,2.66853846858119,11,0.079491
169,2.66853846858119,12,0.07947338
169,2.66853846858119,13,0.07917263
169,2.66853846858119,14,0.07936382
169,2.66853846858119,15,0.07944917
170,2.67769402142399,0,0.07932088
170,2.67769402142399,1,0.07937286
170,2.67769402142399,2,0.0792542
170,2.67769402142399,3,0.07943965
170,2.67769402142399,4,0.07921578
170,2.67769402142399,5,0.07990935
170,2.67769402142399,6,0.07940753
170,2.67769402142399,7,0.07969652
170,2.67769402142399,8,0.07965282
170,2.67769402142399,9,0.07971866
170,2.67769402142399,10,0.07963029
170,2.67769402142399,11,0.07985716
170,2.67769402142399,12,0.07985298
170,2.67769402142399,13,0.07959136
170,2.67769402142399,14,0.07960086
170,2.67769402142399,15,0.07933928
171,2.68807031464583,0,0.07974593
171,2.68807031464583,1,0.07968917
171,2.68807031464583,2,0.07938372
171,2.68807031464583,3,0.07919794
171,2.68807031464583,4,0.07938273
171,2.68807031464583,5,0.07897986
171,2.68807031464583,6,0.07920356
171,2.68807031464583,7,0.07924867
171,2.68807031464583,8,0.0794324
171,2.68807031464583,9,0.07945487
171,2.68807031464583,10,0.07951736
171,2.68807031464583,11,0.07941696
171,2.68807031464583,12,0.07932245
171,2.68807031464583,13,0.07953428
171,2.68807031464583,14,0.0793917
171,2.68807031464583,15,0.07950809
172,2.69844660786767,0,0.07950512
172,2.69844660786767,1,0.07952736
172,2.69844660786767,2,0.07941143
172,2.69844660786767,3,0.07968029
172,2.69844660786767,4,0.07957882
172,2.69844660786767,5,0.07973187
172,2.69844660786767,6,0.07939738
172,2.69844660786767,7,0.0795883
172,2.69844660786767,8,0.07932951
172,2.69844660786767,9,0.07940107
172,2.69844660786767,10,0.07939456
172,2.69844660786767,11,0.07945817
172,2.69844660786767,12,0.07942588
172,2.69844660786767,13,0.07953572
172,2.69844660786767,14,0.07961304
172,2.69844660786767,15,0.07939035
173,2.70821253089999,0,0.07945247
173,2.70821253089999,1,0.07956539
173,2.70821253089999,2,0.07928047
173,2.70821253089999,3,0.07943859
173,2.70821253089999,4,0.07945822
173,2.70821253089999,5,0.07930211
173,2.70821253089999,6,0.07942075
173,2.70821253089999,7,0.07927861
173,2.70821253089999,8,0.0796982
173,2.70821253089999,9,0.0792823
173,2.70821253089999,10,0.07935879
173,2.70821253089999,11,0.07959376
173,2.70821253089999,12,0.07930364
173,2.70821253089999,13,0.07953835
173,2.70821253089999,14,0.07930599
173,2.70821253089999,15,0.0793084
174,2.71858882412183,0,0.07937937
174,2.71858882412183,1,0.07967797
174,2.71858882412183,2,0.07952502
174,2.71858882412183,3,0.07947189
174,2.71858882412183,4,0.07942744
174,2.71858882412183,5,0.07925912
174,2.71858882412183,6,0.07923793
174,2.71858882412183,7,0.07939962
174,2.71858882412183,8,0.07934798
174,2.71858882412183,9,0.07948828
174,2.71858882412183,10,0.07935188
174,2.71858882412183,11,0.07953683
174,2.71858882412183,12,0.07951159
174,2.71858882412183,13,0.07921644
174,2.71858882412183,14,0.07943965
174,2.71858882412183,15,0.07948398
175,2.72774437696463,0,0.07914804
175,2.72774437696463,1,0.07916974
175,2.72774437696463,2,0.07940217
175,2.72774437696463,3,0.07949249
175,2.72774437696463,4,0.07912406
175,2.72774437696463,5,0.07913186
175,2.72774437696463,6,0.07934805
175,2.72774437696463,7,0.07913482
175,2.72774437696463,8,0.07933951
175,2.72774437696463,9,0.07933065
175,2.72774437696463,10,0.07923535
175,2.72774437696463,11,0.07907248
175,2.72774437696463,12,0.07911691
175,2.72774437696463,13,0.0792382
175,2.72774437696463,14,0.07945471
175,2.72774437696463,15,0.07939666
176,2.73812067018647,0,0.07947305
176,2.73812067018647,1,0.07981715
176,2.73812067018647,2,0.07963837
176,2.73812067018647,3,0.07947294
176,2.73812067018647,4,0.07945254
176,2.73812067018647,5,0.07942794
176,2.73812067018647,6,0.07939878
176,2.73812067018647,7,0.07947885
176,2.73812067018647,8,0.07941518
176,2.73812067018647,9,0.07976818
176,2.73812067018647,10,0.0796053
176,2.73812067018647,11,0.0792609
176,2.73812067018647,12,0.07949072
176,2.73812067018647,13,0.07961959
176,2.73812067018647,14,0.07933616
176,2.73812067018647,15,0.07960708
177,2.74849696340831,0,0.0790868
177,2.74849696340831,1,0.07919097
177,2.74849696340831,2,0.07937496
177,2.74849696340831,3,0.07952702
177,2.74849696340831,4,0.07952674
177,2.74849696340831,5,0.07953969
177,2.74849696340831,6,0.07936388
177,2.74849696340831,7,0.07933884
177,2.74849696340831,8,0.07931018
177,2.74849696340831,9,0.07935227
177,2.74849696340831,10,0.07917809
177,2.74849696340831,11,0.07906116
177,2.74849696340831,12,0.07953957
177,2.74849696340831,13,0.07914799
177,2.74849696340831,14,0.07904042
177,2.74849696340831,15,0.07906295
178,2.75826288644063,0,0.07919571
178,2.75826288644063,1,0.07933427
178,2.75826288644063,2,0.07888169
178,2.75826288644063,3,0.079308
178,2.75826288644063,4,0.07927064
178,2.75826288644063,5,0.07916689
178,2.75826288644063,6,0.0791448
178,2.75826288644063,7,0.07915556
178,2.75826288644063,8,0.07922856
178,2.75826288644063,9,0.07906479
178,2.75826288644063,10,0.07937263
178,2.75826288644063,11,0.07955859
178,2.75826288644063,12,0.07954923
178,2.75826288644063,13,0.07961904
178,2.75826288644063,14,0.07971582
178,2.75826288644063,15,0.07955753
179,2.76802880947295,0,0.07944779
179,2.76802880947295,1,0.07917993
179,2.76802880947295,2,0.07943732
179,2.76802880947295,3,0.07950895
179,2.76802880947295,4,0.07932942
179,2.76802880947295,5,0.07937547
179,2.76802880947295,6,0.07945499
179,2.76802880947295,7,0.07919459
179,2.76802880947295,8,0.07920441
179,2.76802880947295,9,0.07914375
179,2.76802880947295,10,0.07927723
179,2.76802880947295,11,0.07953393
179,2.76802880947295,12,0.07976718
179,2.76802880947295,13,0.07958317
179,2.76802880947295,14,0.07940385
179,2.76802880947295,15,0.07926931
180,2.77779473250526,0,0.07908118
180,2.77779473250526,1,0.07964416
180,2.77779473250526,2,0.07958563
180,2.77779473250526,3,0.07954982
180,2.77779473250526,4,0.0794246
180,2.77779473250526,5,0.07934887
180,2.77779473250526,6,0.07946798
180,2.77779473250526,7,0.07972457
180,2.77779473250526,8,0.07948549
180,2.77779473250526,9,0.07933822
180,2.77779473250526,10,0.079482
180,2.77779473250526,11,0.0794416
180,2.77779473250526,12,0.07931107
180,2.77779473250526,13,0.07947394
180,2.77779473250526,14,0.0794595
180,2.77779473250526,15,0.07982495
181,2.78756065553758,0,0.0795828
181,2.78756065553758,1,0.07930946
181,2.78756065553758,2,0.07937547
181,2.78756065553758,3,0.0793757
181,2.78756065553758,4,0.07923848
181,2.78756065553758,5,0.07925159
181,2.78756065553758,6,0.07951314
181,2.78756065553758,7,0.0795733
181,2.78756065553758,8,0.07938485
181,2.78756065553758,9,0.0794812
181,2.78756065553758,10,0.07940295
181,2.78756065553758,11,0.07947845
181,2.78756065553758,12,0.07968526
181,2.78756065553758,13,0.07994035
181,2.78756065553758,14,0.07933617
181,2.78756065553758,15,0.07957195
182,2.79793694875942,0,0.07953405
182,2.79793694875942,1,0.07974257
182,2.79793694875942,2,0.07953109
182,2.79793694875942,3,0.07953428
182,2.79793694875942,4,0.07951943
182,2.79793694875942,5,0.07945181
182,2.79793694875942,6,0.0793075
182,2.79793694875942,7,0.0793952
182,2.79793694875942,8,0.07978112
182,2.79793694875942,9,0.07964026
182,2.79793694875942,10,0.07943245
182,2.79793694875942,11,0.07954314
182,2.79793694875942,12,0.07944249
182,2.79793694875942,13,0.07953306
182,2.79793694875942,14,0.0791709
182,2.79793694875942,15,0.07931095
183,2.80770287179174,0,0.07945487
183,2.80770287179174,1,0.0793497
183,2.80770287179174,2,0.07918183
183,2.80770287179174,3,0.0791548
183,2.80770287179174,4,0.07917953
183,2.80770287179174,5,0.07926323
183,2.80770287179174,6,0.07930739
183,2.80770287179174,7,0.07924405
183,2.80770287179174,8,0.07976517
183,2.80770287179174,9,0.07955524
183,2.80770287179174,10,0.0796275
183,2.80770287179174,11,0.07957941
183,2.80770287179174,12,0.07976973
183,2.80770287179174,13,0.07950512
183,2.80770287179174,14,0.07937536
183,2.80770287179174,15,0.07942782
184,2.8186895352031,0,0.07976589
184,2.8186895352031,1,0.07978591
184,2.8186895352031,2,0.07948581
184,2.8186895352031,3,0.07976021
184,2.8186895352031,4,0.07978674
184,2.8186895352031,5,0.07976603
184,2.8186895352031,6,0.07974972
184,2.8186895352031,7,0.07975005
184,2.8186895352031,8,0.07988498
184,2.8186895352031,9,0.07969084
184,2.8186895352031,10,0.07963532
184,2.8186895352031,11,0.07972368
184,2.8186895352031,12,0.07955931
184,2.8186895352031,13,0.07968204
184,2.8186895352031,14,0.07995581
184,2.8186895352031,15,0.07960364
185,2.82845545823542,0,0.07942384
185,2.82845545823542,1,0.07956912
185,2.82845545823542,2,0.07941137
185,2.82845545823542,3,0.07944349
185,2.82845545823542,4,0.07976583
185,2.82845545823542,5,0.07979921
185,2.82845545823542,6,0.07953187
185,2.82845545823542,7,0.07915601
185,2.82845545823542,8,0.07942342
185,2.82845545823542,9,0.07922771
185,2.82845545823542,10,0.07931565
185,2.82845545823542,11,0.07948481
185,2.82845545823542,12,0.07941384
185,2.82845545823542,13,0.07967986
185,2.82845545823542,14,0.07966145
185,2.82845545823542,15,0.07962125
186,2.83761101107822,0,0.07972423
186,2.83761101107822,1,0.07972849
186,2.83761101107822,2,0.07979973
186,2.83761101107822,3,0.07995107
186,2.83761101107822,4,0.07950651
186,2.83761101107822,5,0.07984979
186,2.83761101107822,6,0.0796977
186,2.83761101107822,7,0.07986
186,2.83761101107822,8,0.07978725
186,2.83761101107822,9,0.07980686
186,2.83761101107822,10,0.07988928
186,2.83761101107822,11,0.07955429
186,2.83761101107822,12,0.07987962
186,2.83761101107822,13,0.07963742
186,2.83761101107822,14,0.0795467
186,2.83761101107822,15,0.07941524
187,2.84859767448958,0,0.07944059
187,2.84859767448958,1,0.07955423
187,2.84859767448958,2,0.0797869
187,2.84859767448958,3,0.07971095
187,2.84859767448958,4,0.0798173
187,2.84859767448958,5,0.07979029
187,2.84859767448958,6,0.07971358
187,2.84859767448958,7,0.07945633
187,2.84859767448958,8,0.07950299
187,2.84859767448958,9,0.07974862
187,2.84859767448958,10,0.07968009
187,2.84859767448958,11,0.07990218
187,2.84859767448958,12,0.07985745
187,2.84859767448958,13,0.07983351
187,2.84859767448958,14,0.07984713
187,2.84859767448958,15,0.07981931
188,2.8583635975219,0,0.07967717
188,2.8583635975219,1,0.07958345
188,2.8583635975219,2,0.07980508
188,2.8583635975219,3,0.07973489
188,2.8583635975219,4,0.07972319
188,2.8583635975219,5,0.07973684
188,2.8583635975219,6,0.07972623
188,2.8583635975219,7,0.07972336
188,2.8583635975219,8,0.079962
188,2.8583635975219,9,0.07976242
188,2.8583635975219,10,0.07956671
188,2.8583635975219,11,0.07979789
188,2.8583635975219,12,0.07975468
188,2.8583635975219,13,0.07969546
188,2.8583635975219,14,0.07966191
188,2.8583635975219,15,0.07961959
189,2.8675191503647,0,0.0799314
189,2.8675191503647,1,0.07987984
189,2.8675191503647,2,0.07982488
189,2.8675191503647,3,0.07987528
189,2.8675191503647,4,0.08004734
189,2.8675191503647,5,0.0800371
189,2.8675191503647,6,0.0796333
189,2.8675191503647,7,0.07976907
189,2.8675191503647,8,0.07960209
189,2.8675191503647,9,0.07969469
189,2.8675191503647,10,0.07952742
189,2.8675191503647,11,0.07929429
189,2.8675191503647,12,0.07934435
189,2.8675191503647,13,0.07957003
189,2.8675191503647,14,0.07964333
189,2.8675191503647,15,0.07977185
190,2.87789544358654,0,0.07976511
190,2.87789544358654,1,0.07964551
190,2.87789544358654,2,0.07933263
190,2.87789544358654,3,0.07937942
190,2.87789544358654,4,0.07961807
190,2.87789544358654,5,0.07955467
190,2.87789544358654,6,0.0796764
190,2.87789544358654,7,0.07938284
190,2.87789544358654,8,0.07954755
190,2.87789544358654,9,0.07949156
190,2.87789544358654,10,0.07945108
190,2.87789544358654,11,0.07979238
190,2.87789544358654,12,0.07962142
190,2.87789544358654,13,0.07947756
190,2.87789544358654,14,0.0794445
190,2.87789544358654,15,0.07974759
191,2.88766136661885,0,0.07961405
191,2.88766136661885,1,0.07982777
191,2.88766136661885,2,0.07941857
191,2.88766136661885,3,0.07942666
191,2.88766136661885,4,0.07960614
191,2.88766136661885,5,0.07999991
191,2.88766136661885,6,0.07969373
191,2.88766136661885,7,0.07957006
191,2.88766136661885,8,0.07966653
191,2.88766136661885,9,0.07965253
191,2.88766136661885,10,0.07950572
191,2.88766136661885,11,0.07971995
191,2.88766136661885,12,0.07941088
191,2.88766136661885,13,0.07955441
191,2.88766136661885,14,0.07986666
191,2.88766136661885,15,0.0794488
192,2.89803765984069,0,0.07981082
192,2.89803765984069,1,0.07939136
192,2.89803765984069,2,0.07957532
192,2.89803765984069,3,0.07949106
192,2.89803765984069,4,0.07954052
192,2.89803765984069,5,0.07944071
192,2.89803765984069,6,0.07945421
192,2.89803765984069,7,0.07963381
192,2.89803765984069,8,0.07951759
192,2.89803765984069,9,0.07927158
192,2.89803765984069,10,0.079401
192,2.89803765984069,11,0.07932194
192,2.89803765984069,12,0.07924628
192,2.89803765984069,13,0.07967467
192,2.89803765984069,14,0.07949869
192,2.89803765984069,15,0.07950142
193,2.90841395306253,0,0.07967717
193,2.90841395306253,1,0.07921088
193,2.90841395306253,2,0.07942516
193,2.90841395306253,3,0.07974335
193,2.90841395306253,4,0.07967579
193,2.90841395306253,5,0.07938194
193,2.90841395306253,6,0.07970194
193,2.90841395306253,7,0.0797026
193,2.90841395306253,8,0.07963246
193,2.90841395306253,9,0.07931385
193,2.90841395306253,10,0.07951993
193,2.90841395306253,11,0.07949797
193,2.90841395306253,12,0.07956582
193,2.90841395306253,13,0.07905409
193,2.90841395306253,14,0.07949574
193,2.90841395306253,15,0.07950862
194,2.91756950590533,0,0.07920574
194,2.91756950590533,1,0.07950577
194,2.91756950590533,2,0.07953978
194,2.91756950590533,3,0.07928932
194,2.91756950590533,4,0.0791467
194,2.91756950590533,5,0.07947595
194,2.91756950590533,6,0.0791119
194,2.91756950590533,7,0.07930773
194,2.91756950590533,8,0.07953791
194,2.91756950590533,9,0.07915986
194,2.91756950590533,10,0.07935078
194,2.91756950590533,11,0.07931067
194,2.91756950590533,12,0.07957353
194,2.91756950590533,13,0.07972012
194,2.91756950590533,14,0.0795553
194,2.91756950590533,15,0.07950098
195,2.92794579912717,0,0.07967065
195,2.92794579912717,1,0.07980598
195,2.92794579912717,2,0.07982008
195,2.92794579912717,3,0.07940497
195,2.92794579912717,4,0.0794896
195,2.92794579912717,5,0.07952742
195,2.92794579912717,6,0.07957737
195,2.92794579912717,7,0.0798173
195,2.92794579912717,8,0.07969207
195,2.92794579912717,9,0.07987841
195,2.92794579912717,10,0.07957915
195,2.92794579912717,11,0.0796314
195,2.92794579912717,12,0.07984646
195,2.92794579912717,13,0.07959696
195,2.92794579912717,14,0.07975852
195,2.92794579912717,15,0.07986464
196,2.93771172215949,0,0.07953344
196,2.93771172215949,1,0.07941863
196,2.93771172215949,2,0.0794822
196,2.93771172215949,3,0.07961752
196,2.93771172215949,4,0.07989909
196,2.93771172215949,5,0.07962085
196,2.93771172215949,6,0.07971938
196,2.93771172215949,7,0.07964218
196,2.93771172215949,8,0.07990173
196,2.93771172215949,9,0.07967246
196,2.93771172215949,10,0.07961038
196,2.93771172215949,11,0.07985687
196,2.93771172215949,12,0.07967834
196,2.93771172215949,13,0.07978754
196,2.93771172215949,14,0.07972568
196,2.93771172215949,15,0.07971448
197,2.94869838557085,0,0.07993121
197,2.94869838557085,1,0.08005109
197,2.94869838557085,2,0.07980514
197,2.94869838557085,3,0.07977994
197,2.94869838557085,4,0.07980056
197,2.94869838557085,5,0.07991153
197,2.94869838557085,6,0.07970355
197,2.94869838557085,7,0.07976767
197,2.94869838557085,8,0.07963587
197,2.94869838557085,9,0.07965916
197,2.94869838557085,10,0.07973578
197,2.94869838557085,11,0.07975892
197,2.94869838557085,12,0.07948237
197,2.94869838557085,13,0.07967969
197,2.94869838557085,14,0.07926535
197,2.94869838557085,15,0.0794886
198,2.95785393841365,0,0.07922287
198,2.95785393841365,1,0.07916605
198,2.95785393841365,2,0.07900378
198,2.95785393841365,3,0.07918294
198,2.95785393841365,4,0.07952384
198,2.95785393841365,5,0.07954641
198,2.95785393841365,6,0.07978017
198,2.95785393841365,7,0.07984813
198,2.95785393841365,8,0.07962409
198,2.95785393841365,9,0.07966392
198,2.95785393841365,10,0.07953376
198,2.95785393841365,11,0.07985432
198,2.95785393841365,12,0.07961021
198,2.95785393841365,13,0.07959086
198,2.95785393841365,14,0.0798924
198,2.95785393841365,15,0.07968554
199,2.96823023163549,0,0.07940297
199,2.96823023163549,1,0.07930694
199,2.96823023163549,2,0.07981022
199,2.96823023163549,3,0.07970845
199,2.96823023163549,4,0.07932813
199,2.96823023163549,5,0.07986273
199,2.96823023163549,6,0.07949943
199,2.96823023163549,7,0.07970607
199,2.96823023163549,8,0.07963286
199,2.96823023163549,9,0.07942124
199,2.96823023163549,10,0.07939878
199,2.96823023163549,11,0.07935456
199,2.96823023163549,12,0.07961479
199,2.96823023163549,13,0.07960436
199,2.96823023163549,14,0.07937564
199,2.96823023163549,15,0.07931247
200,2.97860652485733,0,0.07996914
200,2.97860652485733,1,0.07986296
200,2.97860652485733,2,0.07959905
200,2.97860652485733,3,0.07944077
200,2.97860652485733,4,0.07960536
200,2.97860652485733,5,0.07942554
200,2.97860652485733,6,0.07949072
200,2.97860652485733,7,0.07979092
200,2.97860652485733,8,0.07953906
200,2.97860652485733,9,0.0796914
200,2.97860652485733,10,0.07948036
200,2.97860652485733,11,0.07953143
200,2.97860652485733,12,0.07940391
200,2.97860652485733,13,0.07959165
200,2.97860652485733,14,0.07955433
200,2.97860652485733,15,0.0794194
