position,voltage_mean,voltage_std,n_samples
0.000610370189519944,1.2355597500000002,1.9923290390909827e-05,16
0.999786370433668,1.2358609999999999,1.688564479075743e-05,16
2.00018311105686,1.2355485625,1.7399600390519856e-05,16
2.98898281807916,1.235253125,2.461928867778061e-05,16
3.98876918851283,1.2349156875,2.4471204378807023e-05,16
4.98794518875698,1.2346508125,4.227915968595548e-05,16
