position,voltage_mean,voltage_std,n_samples
0.992461928159429,0.014674494375,0.00023237754933966713,16
1.98248237556078,0.0147190375,0.00014742195195678958,16
2.97555467390973,0.014537816249999998,0.0001944421255758057,16
3.96862697225868,0.014852488125,0.0005002566222852371,16
4.93911557359539,0.019174441875,0.00027699015061953764,16
5.9096041749321,0.020214143125,0.00024060184386551247,16
6.89901425214392,0.019627449374999998,0.0002344016742012723,16
7.89147618030336,0.02004693375,0.0002211495093221725,16
