position,voltage_mean,voltage_std,n_samples
0.0,-4.281233708333333,0.0007316703765565924,24
0.997955259865108,-4.281674333333333,0.0006758192353647315,24
1.99407940916166,-4.281918416666667,0.001017456342907166,24
2.99264503921628,-4.280425791666667,0.0008582057338408285,24
3.97900326548051,-4.279854583333333,0.0007575452085886725,24
4.97573778496658,-4.277000041666667,0.0008950512312695489,24
5.97430341502121,-4.263639583333333,0.0012364941338540764,24
6.96005127109592,-4.235722375,0.00115350620618537,24
7.95678579058199,-4.19217,0.000856258089986127,24
