pos_index,position,sample_index,voltage
0,-0.00915555284279916,0,0.06736527
0,-0.00915555284279916,1,0.06742483
0,-0.00915555284279916,2,0.06755716
0,-0.00915555284279916,3,0.06741096
0,-0.00915555284279916,4,0.06726821
0,-0.00915555284279916,5,0.06764792
0,-0.00915555284279916,6,0.06733774
0,-0.00915555284279916,7,0.06754827
0,-0.00915555284279916,8,0.06755496
0,-0.00915555284279916,9,0.06715111
0,-0.00915555284279916,10,0.06723025
0,-0.00915555284279916,11,0.0674511
1,-0.00915555284279916,0,0.06726792
1,-0.00915555284279916,1,0.06746152
1,-0.00915555284279916,2,0.06775048
1,-0.00915555284279916,3,0.06728493
1,-0.00915555284279916,4,0.06752433
1,-0.00915555284279916,5,0.06753474
1,-0.00915555284279916,6,0.06758277
1,-0.00915555284279916,7,0.06752428
1,-0.00915555284279916,8,0.06720713
1,-0.00915555284279916,9,0.06722605
1,-0.00915555284279916,10,0.06742626
1,-0.00915555284279916,11,0.06752136
1,-0.00915555284279916,12,0.06759611
1,-0.00915555284279916,13,0.06758908
1,-0.00915555284279916,14,0.06746286
1,-0.00915555284279916,15,0.06757469
2,0.00122074037903989,0,0.06753245
2,0.00122074037903989,1,0.06736126
2,0.00122074037903989,2,0.06771646
2,0.00122074037903989,3,0.06756375
2,0.00122074037903989,4,0.06749684
2,0.00122074037903989,5,0.06755523
2,0.00122074037903989,6,0.06740656
2,0.00122074037903989,7,0.0673462
2,0.00122074037903989,8,0.06734453
2,0.00122074037903989,9,0.06724914
2,0.00122074037903989,10,0.06729497
2,0.00122074037903989,11,0.06765652
2,0.00122074037903989,12,0.06741244
2,0.00122074037903989,13,0.06766164
2,0.00122074037903989,14,0.06768514
2,0.00122074037903989,15,0.06778804
3,0.0115970336008789,0,0.06758101
3,0.0115970336008789,1,0.06781834
3,0.0115970336008789,2,0.06757604
3,0.0115970336008789,3,0.06753527
3,0.0115970336008789,4,0.06744503
3,0.0115970336008789,5,0.06749474
3,0.0115970336008789,6,0.06777781
3,0.0115970336008789,7,0.06759601
3,0.0115970336008789,8,0.06771397
3,0.0115970336008789,9,0.06742597
3,0.0115970336008789,10,0.06773198
3,0.0115970336008789,11,0.06774604
3,0.0115970336008789,12,0.06743462
3,0.0115970336008789,13,0.0676894
3,0.0115970336008789,14,0.0675259
3,0.0115970336008789,15,0.06763371
4,0.021362956633198,0,0.06763186
4,0.021362956633198,1,0.06767965
4,0.021362956633198,2,0.06754951
4,0.021362956633198,3,0.06768931
4,0.021362956633198,4,0.06773762
4,0.021362956633198,5,0.0675118
4,0.021362956633198,6,0.06725014
4,0.021362956633198,7,0.06729396
4,0.021362956633198,8,0.06742874
4,0.021362956633198,9,0.06729784
4,0.021362956633198,10,0.06740399
4,0.021362956633198,11,0.06733043
4,0.021362956633198,12,0.06750166
4,0.021362956633198,13,0.06776109
4,0.021362956633198,14,0.06778383
4,0.021362956633198,15,0.06748605
5,0.0311288796655171,0,0.06716669
5,0.0311288796655171,1,0.06733736
5,0.0311288796655171,2,0.0673636
5,0.0311288796655171,3,0.06731863
5,0.0311288796655171,4,0.06750807
5,0.0311288796655171,5,0.06753153
5,0.0311288796655171,6,0.06759099
5,0.0311288796655171,7,0.06751386
5,0.0311288796655171,8,0.06767439
5,0.0311288796655171,9,0.0676071
5,0.0311288796655171,10,0.06755204
5,0.0311288796655171,11,0.06736957
5,0.0311288796655171,12,0.06756882
5,0.0311288796655171,13,0.06732689
5,0.0311288796655171,14,0.06751988
5,0.0311288796655171,15,0.06729641
6,0.0415051728873562,0,0.06749459
6,0.0415051728873562,1,0.06759109
6,0.0415051728873562,2,0.06736455
6,0.0415051728873562,3,0.06750215
6,0.0415051728873562,4,0.06748872
6,0.0415051728873562,5,0.0674675
6,0.0415051728873562,6,0.06740585
6,0.0415051728873562,7,0.0675844
6,0.0415051728873562,8,0.06716459
6,0.0415051728873562,9,0.06723953
6,0.0415051728873562,10,0.06728919
6,0.0415051728873562,11,0.06705739
6,0.0415051728873562,12,0.06725784
6,0.0415051728873562,13,0.06692582
6,0.0415051728873562,14,0.06732699
6,0.0415051728873562,15,0.06746659
7,0.0512710959196753,0,0.06728531
7,0.0512710959196753,1,0.06711622
7,0.0512710959196753,2,0.06733455
7,0.0512710959196753,3,0.06737297
7,0.0512710959196753,4,0.06724493
7,0.0512710959196753,5,0.06735261
7,0.0512710959196753,6,0.06717955
7,0.0512710959196753,7,0.06746262
7,0.0512710959196753,8,0.06743887
7,0.0512710959196753,9,0.06740647
7,0.0512710959196753,10,0.06758435
7,0.0512710959196753,11,0.06745221
7,0.0512710959196753,12,0.06729416
7,0.0512710959196753,13,0.06713348
7,0.0512710959196753,14,0.06726089
7,0.0512710959196753,15,0.06736183
8,0.0610370189519944,0,0.06748542
8,0.0610370189519944,1,0.06746253
8,0.0610370189519944,2,0.06751983
8,0.0610370189519944,3,0.06747309
8,0.0610370189519944,4,0.06745053
8,0.0610370189519944,5,0.06737489
8,0.0610370189519944,6,0.06729913
8,0.0610370189519944,7,0.06741846
8,0.0610370189519944,8,0.06747065
8,0.0610370189519944,9,0.06736603
8,0.0610370189519944,10,0.0674989
8,0.0610370189519944,11,0.06752179
8,0.0610370189519944,12,0.06754287
8,0.0610370189519944,13,0.06747673
8,0.0610370189519944,14,0.06738071
8,0.0610370189519944,15,0.06760763
9,0.0714133121738334,0,0.06764136
9,0.0714133121738334,1,0.06765126
9,0.0714133121738334,2,0.06735122
9,0.0714133121738334,3,0.06766589
9,0.0714133121738334,4,0.06784406
9,0.0714133121738334,5,0.06778034
9,0.0714133121738334,6,0.06747004
9,0.0714133121738334,7,0.0676762
9,0.0714133121738334,8,0.06770188
9,0.0714133121738334,9,0.06764174
9,0.0714133121738334,10,0.06774675
9,0.0714133121738334,11,0.06761092
9,0.0714133121738334,12,0.06749871
9,0.0714133121738334,13,0.06757613
9,0.0714133121738334,14,0.06787301
9,0.0714133121738334,15,0.06766718
10,0.0817896053956725,0,0.06733631
10,0.0817896053956725,1,0.06748609
10,0.0817896053956725,2,0.0674805
10,0.0817896053956725,3,0.06773752
10,0.0817896053956725,4,0.06732699
10,0.0817896053956725,5,0.06739562
10,0.0817896053956725,6,0.06762832
10,0.0817896053956725,7,0.06741636
10,0.0817896053956725,8,0.06744327
10,0.0817896053956725,9,0.06737611
10,0.0817896053956725,10,0.06762617
10,0.0817896053956725,11,0.0672553
10,0.0817896053956725,12,0.06759696
10,0.0817896053956725,13,0.06748567
10,0.0817896053956725,14,0.06748132
10,0.0817896053956725,15,0.067527
11,0.0909451582384716,0,0.0670973
11,0.0909451582384716,1,0.06770316
11,0.0909451582384716,2,0.06755199
11,0.0909451582384716,3,0.0677336
11,0.0909451582384716,4,0.06753589
11,0.0909451582384716,5,0.06743758
11,0.0909451582384716,6,0.06737149
11,0.0909451582384716,7,0.06735948
11,0.0909451582384716,8,0.06756504
11,0.0909451582384716,9,0.06750592
11,0.0909451582384716,10,0.06729416
11,0.0909451582384716,11,0.06761408
11,0.0909451582384716,12,0.0674285
11,0.0909451582384716,13,0.06734592
11,0.0909451582384716,14,0.06705156
11,0.0909451582384716,15,0.0672673
12,0.101931821649831,0,0.06757613
12,0.101931821649831,1,0.06748886
12,0.101931821649831,2,0.06761556
12,0.101931821649831,3,0.06758434
12,0.101931821649831,4,0.06763047
12,0.101931821649831,5,0.06780114
12,0.101931821649831,6,0.0674457
12,0.101931821649831,7,0.06770842
12,0.101931821649831,8,0.06765269
12,0.101931821649831,9,0.06716593
12,0.101931821649831,10,0.06735194
12,0.101931821649831,11,0.06758932
12,0.101931821649831,12,0.06741621
12,0.101931821649831,13,0.06726811
12,0.101931821649831,14,0.06750993
12,0.101931821649831,15,0.06750611
13,0.11108737449263,0,0.06745771
13,0.11108737449263,1,0.06761886
13,0.11108737449263,2,0.06744346
13,0.11108737449263,3,0.06786469
13,0.11108737449263,4,0.06774442
13,0.11108737449263,5,0.06766723
13,0.11108737449263,6,0.06769762
13,0.11108737449263,7,0.06750186
13,0.11108737449263,8,0.0674133
13,0.11108737449263,9,0.06731972
13,0.11108737449263,10,0.06771641
13,0.11108737449263,11,0.06747662
13,0.11108737449263,12,0.06788085
13,0.11108737449263,13,0.06776758
13,0.11108737449263,14,0.06752179
13,0.11108737449263,15,0.06777308
14,0.120853297524949,0,0.06719255
14,0.120853297524949,1,0.06715867
14,0.120853297524949,2,0.06739299
14,0.120853297524949,3,0.06709439
14,0.120853297524949,4,0.0675118
14,0.120853297524949,5,0.06728087
14,0.120853297524949,6,0.06760146
14,0.120853297524949,7,0.06731055
14,0.120853297524949,8,0.06742879
14,0.120853297524949,9,0.06737009
14,0.120853297524949,10,0.06732536
14,0.120853297524949,11,0.06732417
14,0.120853297524949,12,0.06740957
14,0.120853297524949,13,0.06745899
14,0.120853297524949,14,0.0675269
14,0.120853297524949,15,0.067553
15,0.131229590746788,0,0.06751806
15,0.131229590746788,1,0.06739141
15,0.131229590746788,2,0.06757833
15,0.131229590746788,3,0.06727184
15,0.131229590746788,4,0.06754912
15,0.131229590746788,5,0.067513
15,0.131229590746788,6,0.06753828
15,0.131229590746788,7,0.0674914
15,0.131229590746788,8,0.06727217
15,0.131229590746788,9,0.0671946
15,0.131229590746788,10,0.06751758
15,0.131229590746788,11,0.06748576
15,0.131229590746788,12,0.06741344
15,0.131229590746788,13,0.067577
15,0.131229590746788,14,0.06750578
15,0.131229590746788,15,0.06750076
16,0.140995513779107,0,0.06750377
16,0.140995513779107,1,0.06748848
16,0.140995513779107,2,0.0674599
16,0.140995513779107,3,0.06755286
16,0.140995513779107,4,0.06740288
16,0.140995513779107,5,0.06736647
16,0.140995513779107,6,0.06728408
16,0.140995513779107,7,0.067526
16,0.140995513779107,8,0.06754076
16,0.140995513779107,9,0.06716483
16,0.140995513779107,10,0.06739715
16,0.140995513779107,11,0.0673018
16,0.140995513779107,12,0.06738344
16,0.140995513779107,13,0.06719877
16,0.140995513779107,14,0.06714935
16,0.140995513779107,15,0.06736804
17,0.151371807000946,0,0.06761137
17,0.151371807000946,1,0.06734295
17,0.151371807000946,2,0.0674773
17,0.151371807000946,3,0.06744517
17,0.151371807000946,4,0.06732684
17,0.151371807000946,5,0.06739758
17,0.151371807000946,6,0.06738419
17,0.151371807000946,7,0.06745077
17,0.151371807000946,8,0.06751528
17,0.151371807000946,9,0.06739333
17,0.151371807000946,10,0.06691378
17,0.151371807000946,11,0.06747366
17,0.151371807000946,12,0.06758869
17,0.151371807000946,13,0.06760781
17,0.151371807000946,14,0.06716469
17,0.151371807000946,15,0.06711279
18,0.161137730033265,0,0.06729994
18,0.161137730033265,1,0.06708526
18,0.161137730033265,2,0.06693094
18,0.161137730033265,3,0.06706748
18,0.161137730033265,4,0.06728971
18,0.161137730033265,5,0.06738801
18,0.161137730033265,6,0.06707942
18,0.161137730033265,7,0.06723551
18,0.161137730033265,8,0.06701644
18,0.161137730033265,9,0.06702504
18,0.161137730033265,10,0.06708296
18,0.161137730033265,11,0.06730133
18,0.161137730033265,12,0.06709725
18,0.161137730033265,13,0.06744494
18,0.161137730033265,14,0.06722318
18,0.161137730033265,15,0.06724244
19,0.171514023255104,0,0.06714045
19,0.171514023255104,1,0.0673224
19,0.171514023255104,2,0.06740002
19,0.171514023255104,3,0.0672196
19,0.171514023255104,4,0.06746119
19,0.171514023255104,5,0.06727695
19,0.171514023255104,6,0.06727427
19,0.171514023255104,7,0.0673182
19,0.171514023255104,8,0.06782638
19,0.171514023255104,9,0.06758101
19,0.171514023255104,10,0.06725368
19,0.171514023255104,11,0.06732421
19,0.171514023255104,12,0.06757694
19,0.171514023255104,13,0.06741503
19,0.171514023255104,14,0.06755946
19,0.171514023255104,15,0.06727795
20,0.181279946287423,0,0.06725167
20,0.181279946287423,1,0.0673062
20,0.181279946287423,2,0.06722391
20,0.181279946287423,3,0.06722768
20,0.181279946287423,4,0.06703512
20,0.181279946287423,5,0.06717769
20,0.181279946287423,6,0.06735748
20,0.181279946287423,7,0.06732852
20,0.181279946287423,8,0.06763463
20,0.181279946287423,9,0.06763309
20,0.181279946287423,10,0.06749856
20,0.181279946287423,11,0.06753679
20,0.181279946287423,12,0.06735356
20,0.181279946287423,13,0.06762019
20,0.181279946287423,14,0.06742042
20,0.181279946287423,15,0.06755706
21,0.191045869319742,0,0.06752179
21,0.191045869319742,1,0.06733645
21,0.191045869319742,2,0.06759152
21,0.191045869319742,3,0.0675433
21,0.191045869319742,4,0.06720842
21,0.191045869319742,5,0.06740551
21,0.191045869319742,6,0.06729764
21,0.191045869319742,7,0.06753881
21,0.191045869319742,8,0.0676375
21,0.191045869319742,9,0.06779402
21,0.191045869319742,10,0.06764241
21,0.191045869319742,11,0.06761666
21,0.191045869319742,12,0.06734171
21,0.191045869319742,13,0.06730109
21,0.191045869319742,14,0.0672792
21,0.191045869319742,15,0.06747428
22,0.200811792352062,0,0.06765141
22,0.200811792352062,1,0.06754822
22,0.200811792352062,2,0.0675432
22,0.200811792352062,3,0.06791545
22,0.200811792352062,4,0.06748671
22,0.200811792352062,5,0.06752213
22,0.200811792352062,6,0.0676635
22,0.200811792352062,7,0.06769427
22,0.200811792352062,8,0.06729162
22,0.200811792352062,9,0.06723714
22,0.200811792352062,10,0.06737316
22,0.200811792352062,11,0.06694499
22,0.200811792352062,12,0.06737401
22,0.200811792352062,13,0.06731872
22,0.200811792352062,14,0.06743748
22,0.200811792352062,15,0.0676926
23,0.211798455763421,0,0.06725707
23,0.211798455763421,1,0.0670693
23,0.211798455763421,2,0.06744418
23,0.211798455763421,3,0.06742803
23,0.211798455763421,4,0.06761102
23,0.211798455763421,5,0.06719996
23,0.211798455763421,6,0.06699789
23,0.211798455763421,7,0.06746668
23,0.211798455763421,8,0.06742601
23,0.211798455763421,9,0.06746196
23,0.211798455763421,10,0.06757006
23,0.211798455763421,11,0.06744781
23,0.211798455763421,12,0.06766135
23,0.211798455763421,13,0.06738831
23,0.211798455763421,14,0.06712105
23,0.211798455763421,15,0.06741703
24,0.22095400860622,0,0.06752323
24,0.22095400860622,1,0.06741851
24,0.22095400860622,2,0.06741335
24,0.22095400860622,3,0.06757126
24,0.22095400860622,4,0.06761265
24,0.22095400860622,5,0.06746115
24,0.22095400860622,6,0.06734946
24,0.22095400860622,7,0.06729024
24,0.22095400860622,8,0.06734171
24,0.22095400860622,9,0.06718261
24,0.22095400860622,10,0.06733536
24,0.22095400860622,11,0.06736747
24,0.22095400860622,12,0.06727929
24,0.22095400860622,13,0.06728656
24,0.22095400860622,14,0.06745952
24,0.22095400860622,15,0.06732393
25,0.231940672017579,0,0.06726735
25,0.231940672017579,1,0.06747333
25,0.231940672017579,2,0.06739863
25,0.231940672017579,3,0.06717492
25,0.231940672017579,4,0.06720073
25,0.231940672017579,5,0.06740016
25,0.231940672017579,6,0.06739663
25,0.231940672017579,7,0.06756308
25,0.231940672017579,8,0.06749221
25,0.231940672017579,9,0.06765423
25,0.231940672017579,10,0.06730396
25,0.231940672017579,11,0.06738214
25,0.231940672017579,12,0.06726046
25,0.231940672017579,13,0.06737579
25,0.231940672017579,14,0.06734449
25,0.231940672017579,15,0.06701319
26,0.241096224860378,0,0.06726988
26,0.241096224860378,1,0.06740637
26,0.241096224860378,2,0.06722567
26,0.241096224860378,3,0.06713864
26,0.241096224860378,4,0.06706709
26,0.241096224860378,5,0.06721357
26,0.241096224860378,6,0.06737369
26,0.241096224860378,7,0.06737293
26,0.241096224860378,8,0.06748685
26,0.241096224860378,9,0.0674502
26,0.241096224860378,10,0.06740671
26,0.241096224860378,11,0.06758168
26,0.241096224860378,12,0.06740135
26,0.241096224860378,13,0.0672466
26,0.241096224860378,14,0.06738941
26,0.241096224860378,15,0.06710571
27,0.250862147892697,0,0.06728182
27,0.250862147892697,1,0.06725936
27,0.250862147892697,2,0.06720565
27,0.250862147892697,3,0.06720087
27,0.250862147892697,4,0.06746334
27,0.250862147892697,5,0.06751228
27,0.250862147892697,6,0.06720497
27,0.250862147892697,7,0.06746071
27,0.250862147892697,8,0.06727184
27,0.250862147892697,9,0.06724412
27,0.250862147892697,10,0.06722916
27,0.250862147892697,11,0.06751305
27,0.250862147892697,12,0.06768959
27,0.250862147892697,13,0.06766097
27,0.250862147892697,14,0.0673753
27,0.250862147892697,15,0.06757934
28,0.261238441114536,0,0.06745914
28,0.261238441114536,1,0.06755926
28,0.261238441114536,2,0.06784911
28,0.261238441114536,3,0.06732536
28,0.261238441114536,4,0.06741335
28,0.261238441114536,5,0.06740074
28,0.261238441114536,6,0.0678883
28,0.261238441114536,7,0.06756886
28,0.261238441114536,8,0.06747261
28,0.261238441114536,9,0.06776611
28,0.261238441114536,10,0.0676829
28,0.261238441114536,11,0.06751099
28,0.261238441114536,12,0.06764318
28,0.261238441114536,13,0.06753302
28,0.261238441114536,14,0.06722223
28,0.261238441114536,15,0.06755645
29,0.271614734336375,0,0.06731662
29,0.271614734336375,1,0.06731509
29,0.271614734336375,2,0.06712836
29,0.271614734336375,3,0.06735408
29,0.271614734336375,4,0.06713998
29,0.271614734336375,5,0.06736823
29,0.271614734336375,6,0.06732909
29,0.271614734336375,7,0.0672694
29,0.271614734336375,8,0.06715346
29,0.271614734336375,9,0.06718853
29,0.271614734336375,10,0.06717453
29,0.271614734336375,11,0.06731519
29,0.271614734336375,12,0.06748962
29,0.271614734336375,13,0.06730319
29,0.271614734336375,14,0.06711923
29,0.271614734336375,15,0.06720588
30,0.280770287179174,0,0.06718945
30,0.280770287179174,1,0.06730873
30,0.280770287179174,2,0.06718706
30,0.280770287179174,3,0.06753594
30,0.280770287179174,4,0.06765723
30,0.280770287179174,5,0.06744542
30,0.280770287179174,6,0.06752113
30,0.280770287179174,7,0.06755544
30,0.280770287179174,8,0.06726749
30,0.280770287179174,9,0.06737722
30,0.280770287179174,10,0.06763148
30,0.280770287179174,11,0.06762746
30,0.280770287179174,12,0.06760935
30,0.280770287179174,13,0.06772371
30,0.280770287179174,14,0.06756844
30,0.280770287179174,15,0.06756523
31,0.291756950590533,0,0.06709706
31,0.291756950590533,1,0.06727892
31,0.291756950590533,2,0.06729994
31,0.291756950590533,3,0.06716679
31,0.291756950590533,4,0.06760538
31,0.291756950590533,5,0.06722591
31,0.291756950590533,6,0.06749861
31,0.291756950590533,7,0.0675917
31,0.291756950590533,8,0.0673453
31,0.291756950590533,9,0.06737741
31,0.291756950590533,10,0.06760844
31,0.291756950590533,11,0.0677292
31,0.291756950590533,12,0.06739628
31,0.291756950590533,13,0.06735528
31,0.291756950590533,14,0.0675366
31,0.291756950590533,15,0.06745689
32,0.301522873622852,0,0.06756805
32,0.301522873622852,1,0.06727007
32,0.301522873622852,2,0.06725711
32,0.301522873622852,3,0.06731743
32,0.301522873622852,4,0.06760237
32,0.301522873622852,5,0.06755669
32,0.301522873622852,6,0.06723251
32,0.301522873622852,7,0.06742582
32,0.301522873622852,8,0.06744943
32,0.301522873622852,9,0.06732021
32,0.301522873622852,10,0.06780242
32,0.301522873622852,11,0.06762722
32,0.301522873622852,12,0.0676126
32,0.301522873622852,13,0.06777079
32,0.301522873622852,14,0.06761958
32,0.301522873622852,15,0.06759305
33,0.311288796655171,0,0.06740598
33,0.311288796655171,1,0.06754898
33,0.311288796655171,2,0.06742926
33,0.311288796655171,3,0.06737559
33,0.311288796655171,4,0.06739677
33,0.311288796655171,5,0.06732322
33,0.311288796655171,6,0.06747472
33,0.311288796655171,7,0.06772496
33,0.311288796655171,8,0.06769867
33,0.311288796655171,9,0.06748667
33,0.311288796655171,10,0.06756695
33,0.311288796655171,11,0.06763062
33,0.311288796655171,12,0.06785911
33,0.311288796655171,13,0.06772979
33,0.311288796655171,14,0.06777098
33,0.311288796655171,15,0.06783286
34,0.32105471968749,0,0.0678875
34,0.32105471968749,1,0.06770203
34,0.32105471968749,2,0.06748208
34,0.32105471968749,3,0.06741545
34,0.32105471968749,4,0.06740694
34,0.32105471968749,5,0.06740126
34,0.32105471968749,6,0.06728608
34,0.32105471968749,7,0.06751826
34,0.32105471968749,8,0.06738821
34,0.32105471968749,9,0.0675292
34,0.32105471968749,10,0.06754874
34,0.32105471968749,11,0.06761623
34,0.32105471968749,12,0.06779913
34,0.32105471968749,13,0.06772668
34,0.32105471968749,14,0.06758549
34,0.32105471968749,15,0.06747543
35,0.33082064271981,0,0.06774765
35,0.33082064271981,1,0.06756213
35,0.33082064271981,2,0.06763726
35,0.33082064271981,3,0.06760442
35,0.33082064271981,4,0.06758235
35,0.33082064271981,5,0.06733717
35,0.33082064271981,6,0.06731519
35,0.33082064271981,7,0.06747792
35,0.33082064271981,8,0.06757775
35,0.33082064271981,9,0.06743146
35,0.33082064271981,10,0.06746998
35,0.33082064271981,11,0.0673453
35,0.33082064271981,12,0.06748528
35,0.33082064271981,13,0.06759008
35,0.33082064271981,14,0.06773958
35,0.33082064271981,15,0.06786819
36,0.341807306131169,0,0.06748857
36,0.341807306131169,1,0.06762235
36,0.341807306131169,2,0.06760137
36,0.341807306131169,3,0.06740255
36,0.341807306131169,4,0.06776491
36,0.341807306131169,5,0.06780849
36,0.341807306131169,6,0.06785724
36,0.341807306131169,7,0.06775378
36,0.341807306131169,8,0.06763133
36,0.341807306131169,9,0.06781209
36,0.341807306131169,10,0.06770325
36,0.341807306131169,11,0.06757866
36,0.341807306131169,12,0.06754985
36,0.341807306131169,13,0.06769715
36,0.341807306131169,14,0.06749173
36,0.341807306131169,15,0.06764198
37,0.350962858973968,0,0.06801151
37,0.350962858973968,1,0.06758344
37,0.350962858973968,2,0.06777145
37,0.350962858973968,3,0.0677432
37,0.350962858973968,4,0.06777298
37,0.350962858973968,5,0.06781122
37,0.350962858973968,6,0.06736642
37,0.350962858973968,7,0.06761183
37,0.350962858973968,8,0.06748957
37,0.350962858973968,9,0.06799822
37,0.350962858973968,10,0.06798174
37,0.350962858973968,11,0.0679502
37,0.350962858973968,12,0.06785806
37,0.350962858973968,13,0.06769159
37,0.350962858973968,14,0.06783646
37,0.350962858973968,15,0.06752791
38,0.361949522385327,0,0.06765948
38,0.361949522385327,1,0.06748088
38,0.361949522385327,2,0.06729301
38,0.361949522385327,3,0.06727599
38,0.361949522385327,4,0.06750181
38,0.361949522385327,5,0.06758086
38,0.361949522385327,6,0.06769609
38,0.361949522385327,7,0.06754974
38,0.361949522385327,8,0.06767052
38,0.361949522385327,9,0.06777801
38,0.361949522385327,10,0.06777446
38,0.361949522385327,11,0.06767654
38,0.361949522385327,12,0.06765838
38,0.361949522385327,13,0.06756628
38,0.361949522385327,14,0.06744303
38,0.361949522385327,15,0.06791994
39,0.371715445417646,0,0.06787273
39,0.371715445417646,1,0.06757236
39,0.371715445417646,2,0.06761111
39,0.371715445417646,3,0.06772217
39,0.371715445417646,4,0.06782905
39,0.371715445417646,5,0.06751119
39,0.371715445417646,6,0.06757206
39,0.371715445417646,7,0.06756934
39,0.371715445417646,8,0.06765375
39,0.371715445417646,9,0.06752753
39,0.371715445417646,10,0.06772696
39,0.371715445417646,11,0.06779913
39,0.371715445417646,12,0.06778288
39,0.371715445417646,13,0.06761001
39,0.371715445417646,14,0.06768824
39,0.371715445417646,15,0.06757221
40,0.381481368449965,0,0.06769972
40,0.381481368449965,1,0.06781089
40,0.381481368449965,2,0.06769064
40,0.381481368449965,3,0.06736837
40,0.381481368449965,4,0.06739643
40,0.381481368449965,5,0.06734725
40,0.381481368449965,6,0.06737158
40,0.381481368449965,7,0.06757718
40,0.381481368449965,8,0.06768777
40,0.381481368449965,9,0.0676287
40,0.381481368449965,10,0.06731447
40,0.381481368449965,11,0.06720804
40,0.381481368449965,12,0.0675346
40,0.381481368449965,13,0.06755371
40,0.381481368449965,14,0.06747495
40,0.381481368449965,15,0.06761341
41,0.391857661671804,0,0.06751969
41,0.391857661671804,1,0.06752408
41,0.391857661671804,2,0.06784008
41,0.391857661671804,3,0.06744713
41,0.391857661671804,4,0.06758311
41,0.391857661671804,5,0.06763214
41,0.391857661671804,6,0.06741837
41,0.391857661671804,7,0.06763013
41,0.391857661671804,8,0.06756701
41,0.391857661671804,9,0.06767329
41,0.391857661671804,10,0.06769566
41,0.391857661671804,11,0.06752561
41,0.391857661671804,12,0.06779267
41,0.391857661671804,13,0.06769264
41,0.391857661671804,14,0.06773078
41,0.391857661671804,15,0.06761828
42,0.401623584704123,0,0.06757919
42,0.401623584704123,1,0.06753197
42,0.401623584704123,2,0.0677845
42,0.401623584704123,3,0.06784339
42,0.401623584704123,4,0.06790561
42,0.401623584704123,5,0.06792434
42,0.401623584704123,6,0.06790638
42,0.401623584704123,7,0.06790552
42,0.401623584704123,8,0.06786006
42,0.401623584704123,9,0.06795154
42,0.401623584704123,10,0.06769963
42,0.401623584704123,11,0.06776974
42,0.401623584704123,12,0.067687
42,0.401623584704123,13,0.06753679
42,0.401623584704123,14,0.06747299
42,0.401623584704123,15,0.06768452
43,0.411389507736442,0,0.06784787
43,0.411389507736442,1,0.06758406
43,0.411389507736442,2,0.06745416
43,0.411389507736442,3,0.06727112
43,0.411389507736442,4,0.06736819
43,0.411389507736442,5,0.06747252
43,0.411389507736442,6,0.06739337
43,0.411389507736442,7,0.0675822
43,0.411389507736442,8,0.06762903
43,0.411389507736442,9,0.06731252
43,0.411389507736442,10,0.06753804
43,0.411389507736442,11,0.06747046
43,0.411389507736442,12,0.06736886
43,0.411389507736442,13,0.06748571
43,0.411389507736442,14,0.06763764
43,0.411389507736442,15,0.06741536
44,0.421765800958281,0,0.06766707
44,0.421765800958281,1,0.06784911
44,0.421765800958281,2,0.06753216
44,0.421765800958281,3,0.06779612
44,0.421765800958281,4,0.06772758
44,0.421765800958281,5,0.06777882
44,0.421765800958281,6,0.06779487
44,0.421765800958281,7,0.067674
44,0.421765800958281,8,0.06788939
44,0.421765800958281,9,0.06769904
44,0.421765800958281,10,0.06787512
44,0.421765800958281,11,0.06770422
44,0.421765800958281,12,0.06789137
44,0.421765800958281,13,0.06758068
44,0.421765800958281,14,0.06754678
44,0.421765800958281,15,0.06753083
45,0.43092135380108,0,0.06773742
45,0.43092135380108,1,0.06758211
45,0.43092135380108,2,0.06756399
45,0.43092135380108,3,0.06763233
45,0.43092135380108,4,0.06766741
45,0.43092135380108,5,0.06758215
45,0.43092135380108,6,0.06750166
45,0.43092135380108,7,0.06746382
45,0.43092135380108,8,0.06764729
45,0.43092135380108,9,0.06737731
45,0.43092135380108,10,0.06747347
45,0.43092135380108,11,0.06766722
45,0.43092135380108,12,0.06749991
45,0.43092135380108,13,0.06747032
45,0.43092135380108,14,0.06755463
45,0.43092135380108,15,0.06751963
46,0.441297647022919,0,0.06756242
46,0.441297647022919,1,0.06714691
46,0.441297647022919,2,0.06737009
46,0.441297647022919,3,0.06774361
46,0.441297647022919,4,0.06767243
46,0.441297647022919,5,0.06773233
46,0.441297647022919,6,0.06757364
46,0.441297647022919,7,0.06758305
46,0.441297647022919,8,0.0677866
46,0.441297647022919,9,0.0673744
46,0.441297647022919,10,0.06810561
46,0.441297647022919,11,0.06768682
46,0.441297647022919,12,0.06784511
46,0.441297647022919,13,0.06777614
46,0.441297647022919,14,0.06764978
46,0.441297647022919,15,0.067856
47,0.451063570055238,0,0.06808387
47,0.451063570055238,1,0.06810343
47,0.451063570055238,2,0.06794419
47,0.451063570055238,3,0.0679144
47,0.451063570055238,4,0.06801741
47,0.451063570055238,5,0.06808504
47,0.451063570055238,6,0.06787196
47,0.451063570055238,7,0.06801376
47,0.451063570055238,8,0.06826834
47,0.451063570055238,9,0.06811111
47,0.451063570055238,10,0.06804048
47,0.451063570055238,11,0.06787984
47,0.451063570055238,12,0.06768993
47,0.451063570055238,13,0.06791922
47,0.451063570055238,14,0.06776912
47,0.451063570055238,15,0.06782608
48,0.461439863277078,0,0.06832012
48,0.461439863277078,1,0.06814925
48,0.461439863277078,2,0.06799254
48,0.461439863277078,3,0.06805214
48,0.461439863277078,4,0.06819873
48,0.461439863277078,5,0.06786532
48,0.461439863277078,6,0.06807063
48,0.461439863277078,7,0.06800731
48,0.461439863277078,8,0.06792128
48,0.461439863277078,9,0.06789485
48,0.461439863277078,10,0.06789509
48,0.461439863277078,11,0.06784376
48,0.461439863277078,12,0.06804889
48,0.461439863277078,13,0.06829564
48,0.461439863277078,14,0.06800053
48,0.461439863277078,15,0.06804287
49,0.471205786309397,0,0.06841958
49,0.471205786309397,1,0.06830477
49,0.471205786309397,2,0.06836007
49,0.471205786309397,3,0.06848486
49,0.471205786309397,4,0.06810872
49,0.471205786309397,5,0.06828967
49,0.471205786309397,6,0.06813701
49,0.471205786309397,7,0.06825192
49,0.471205786309397,8,0.06827566
49,0.471205786309397,9,0.06844351
49,0.471205786309397,10,0.06795986
49,0.471205786309397,11,0.06809381
49,0.471205786309397,12,0.06827185
49,0.471205786309397,13,0.06856079
49,0.471205786309397,14,0.06836489
49,0.471205786309397,15,0.06857558
50,0.481582079531236,0,0.06861781
50,0.481582079531236,1,0.06857675
50,0.481582079531236,2,0.06822945
50,0.481582079531236,3,0.06826568
50,0.481582079531236,4,0.06847982
50,0.481582079531236,5,0.06833879
50,0.481582079531236,6,0.06846415
50,0.481582079531236,7,0.06818786
50,0.481582079531236,8,0.06828254
50,0.481582079531236,9,0.0681871
50,0.481582079531236,10,0.06810886
50,0.481582079531236,11,0.06824325
50,0.481582079531236,12,0.0681373
50,0.481582079531236,13,0.0681558
50,0.481582079531236,14,0.06828956
50,0.481582079531236,15,0.06817493
51,0.491958372753075,0,0.06796211
51,0.491958372753075,1,0.06829172
51,0.491958372753075,2,0.06844031
51,0.491958372753075,3,0.06804162
51,0.491958372753075,4,0.06816852
51,0.491958372753075,5,0.06827218
51,0.491958372753075,6,0.06830252
51,0.491958372753075,7,0.06823107
51,0.491958372753075,8,0.06833674
51,0.491958372753075,9,0.06829693
51,0.491958372753075,10,0.0681545
51,0.491958372753075,11,0.0680975
51,0.491958372753075,12,0.06798992
51,0.491958372753075,13,0.06814118
51,0.491958372753075,14,0.06808845
51,0.491958372753075,15,0.06834371
52,0.501113925595874,0,0.06822271
52,0.501113925595874,1,0.06812656
52,0.501113925595874,2,0.06843696
52,0.501113925595874,3,0.06873814
52,0.501113925595874,4,0.0684934
52,0.501113925595874,5,0.06831084
52,0.501113925595874,6,0.06855869
52,0.501113925595874,7,0.06841265
52,0.501113925595874,8,0.06850363
52,0.501113925595874,9,0.06861418
52,0.501113925595874,10,0.06849999
52,0.501113925595874,11,0.06861528
52,0.501113925595874,12,0.06861901
52,0.501113925595874,13,0.06855171
52,0.501113925595874,14,0.06865966
52,0.501113925595874,15,0.06847218
53,0.511490218817713,0,0.06894609
53,0.511490218817713,1,0.0689911
53,0.511490218817713,2,0.06902442
53,0.511490218817713,3,0.06895994
53,0.511490218817713,4,0.06858055
53,0.511490218817713,5,0.0685074
53,0.511490218817713,6,0.06887373
53,0.511490218817713,7,0.06883162
53,0.511490218817713,8,0.06901287
53,0.511490218817713,9,0.06888071
53,0.511490218817713,10,0.0686319
53,0.511490218817713,11,0.06871946
53,0.511490218817713,12,0.06857308
53,0.511490218817713,13,0.06872037
53,0.511490218817713,14,0.06874269
53,0.511490218817713,15,0.06840838
54,0.521866512039552,0,0.06834602
54,0.521866512039552,1,0.06855465
54,0.521866512039552,2,0.0685062
54,0.521866512039552,3,0.06853154
54,0.521866512039552,4,0.06881136
54,0.521866512039552,5,0.06847475
54,0.521866512039552,6,0.06885596
54,0.521866512039552,7,0.0685042
54,0.521866512039552,8,0.06852517
54,0.521866512039552,9,0.06853149
54,0.521866512039552,10,0.06828494
54,0.521866512039552,11,0.06852867
54,0.521866512039552,12,0.0683587
54,0.521866512039552,13,0.06804397
54,0.521866512039552,14,0.06839294
54,0.521866512039552,15,0.06835329
55,0.531022064882351,0,0.0688232
55,0.531022064882351,1,0.0689059
55,0.531022064882351,2,0.06855462
55,0.531022064882351,3,0.06870101
55,0.531022064882351,4,0.06848929
55,0.531022064882351,5,0.06848527
55,0.531022064882351,6,0.068686
55,0.531022064882351,7,0.06875385
55,0.531022064882351,8,0.06862704
55,0.531022064882351,9,0.06880181
55,0.531022064882351,10,0.06834486
55,0.531022064882351,11,0.06835566
55,0.531022064882351,12,0.06841636
55,0.531022064882351,13,0.06853553
55,0.531022064882351,14,0.06799469
55,0.531022064882351,15,0.06832886
56,0.54078798791467,0,0.06841215
56,0.54078798791467,1,0.06850645
56,0.54078798791467,2,0.06854721
56,0.54078798791467,3,0.06851403
56,0.54078798791467,4,0.06846789
56,0.54078798791467,5,0.06860419
56,0.54078798791467,6,0.06846048
56,0.54078798791467,7,0.06853005
56,0.54078798791467,8,0.06873021
56,0.54078798791467,9,0.06823748
56,0.54078798791467,10,0.06839701
56,0.54078798791467,11,0.06846755
56,0.54078798791467,12,0.06866054
56,0.54078798791467,13,0.06860606
56,0.54078798791467,14,0.06860361
56,0.54078798791467,15,0.0683127
57,0.551774651326029,0,0.0684815
57,0.551774651326029,1,0.06872504
57,0.551774651326029,2,0.06880744
57,0.551774651326029,3,0.06889541
57,0.551774651326029,4,0.06837422
57,0.551774651326029,5,0.0689221
57,0.551774651326029,6,0.06878135
57,0.551774651326029,7,0.06886365
57,0.551774651326029,8,0.06863175
57,0.551774651326029,9,0.06894031
57,0.551774651326029,10,0.06845631
57,0.551774651326029,11,0.06857514
57,0.551774651326029,12,0.06871124
57,0.551774651326029,13,0.06887981
57,0.551774651326029,14,0.06883263
57,0.551774651326029,15,0.06880815
58,0.560319833979308,0,0.06859376
58,0.560319833979308,1,0.06888588
58,0.560319833979308,2,0.06866035
58,0.560319833979308,3,0.06845049
58,0.560319833979308,4,0.0687838
58,0.560319833979308,5,0.06878982
58,0.560319833979308,6,0.06828956
58,0.560319833979308,7,0.06873643
58,0.560319833979308,8,0.06898504
58,0.560319833979308,9,0.06890523
58,0.560319833979308,10,0.06931236
58,0.560319833979308,11,0.06881572
58,0.560319833979308,12,0.0687881
58,0.560319833979308,13,0.06857927
58,0.560319833979308,14,0.06866647
58,0.560319833979308,15,0.06884443
59,0.571916867580187,0,0.06904193
59,0.571916867580187,1,0.06904645
59,0.571916867580187,2,0.0688106
59,0.571916867580187,3,0.06878837
59,0.571916867580187,4,0.06864094
59,0.571916867580187,5,0.06892563
59,0.571916867580187,6,0.06883263
59,0.571916867580187,7,0.06904053
59,0.571916867580187,8,0.06875396
59,0.571916867580187,9,0.06903556
59,0.571916867580187,10,0.06904976
59,0.571916867580187,11,0.06887162
59,0.571916867580187,12,0.06893515
59,0.571916867580187,13,0.06882315
59,0.571916867580187,14,0.06880634
59,0.571916867580187,15,0.0688666
60,0.581072420422986,0,0.06897816
60,0.581072420422986,1,0.06902126
60,0.581072420422986,2,0.06896912
60,0.581072420422986,3,0.06857274
60,0.581072420422986,4,0.06882651
60,0.581072420422986,5,0.068793
60,0.581072420422986,6,0.06879816
60,0.581072420422986,7,0.06893711
60,0.581072420422986,8,0.06914672
60,0.581072420422986,9,0.06867712
60,0.581072420422986,10,0.06873949
60,0.581072420422986,11,0.06866703
60,0.581072420422986,12,0.06844523
60,0.581072420422986,13,0.06859984
60,0.581072420422986,14,0.06877251
60,0.581072420422986,15,0.06872515
61,0.591448713644826,0,0.06924307
61,0.591448713644826,1,0.06894875
61,0.591448713644826,2,0.06906613
61,0.591448713644826,3,0.06911745
61,0.591448713644826,4,0.06898809
61,0.591448713644826,5,0.0689915
61,0.591448713644826,6,0.06898212
61,0.591448713644826,7,0.06920201
61,0.591448713644826,8,0.06896736
61,0.591448713644826,9,0.0690328
61,0.591448713644826,10,0.06873704
61,0.591448713644826,11,0.06884252
61,0.591448713644826,12,0.06913326
61,0.591448713644826,13,0.06896415
61,0.591448713644826,14,0.06906357
61,0.591448713644826,15,0.06885386
62,0.601214636677145,0,0.06881543
62,0.601214636677145,1,0.0689329
62,0.601214636677145,2,0.06901625
62,0.601214636677145,3,0.06870316
62,0.601214636677145,4,0.06880377
62,0.601214636677145,5,0.06892607
62,0.601214636677145,6,0.06878049
62,0.601214636677145,7,0.06879077
62,0.601214636677145,8,0.06887025
62,0.601214636677145,9,0.06910427
62,0.601214636677145,10,0.06905714
62,0.601214636677145,11,0.06871837
62,0.601214636677145,12,0.06873332
62,0.601214636677145,13,0.06891317
62,0.601214636677145,14,0.06888376
62,0.601214636677145,15,0.06865986
63,0.610980559709464,0,0.06884602
63,0.610980559709464,1,0.06899772
63,0.610980559709464,2,0.06904369
63,0.610980559709464,3,0.068881
63,0.610980559709464,4,0.06885944
63,0.610980559709464,5,0.06920532
63,0.610980559709464,6,0.06921883
63,0.610980559709464,7,0.06901218
63,0.610980559709464,8,0.0689925
63,0.610980559709464,9,0.06892853
63,0.610980559709464,10,0.06886078
63,0.610980559709464,11,0.0689882
63,0.610980559709464,12,0.06941018
63,0.610980559709464,13,0.06893366
63,0.610980559709464,14,0.06885892
63,0.610980559709464,15,0.06869207
64,0.621356852931303,0,0.06853174
64,0.621356852931303,1,0.0684938
64,0.621356852931303,2,0.06852315
64,0.621356852931303,3,0.06865342
64,0.621356852931303,4,0.06850635
64,0.621356852931303,5,0.06840604
64,0.621356852931303,6,0.06880734
64,0.621356852931303,7,0.06854779
64,0.621356852931303,8,0.0686462
64,0.621356852931303,9,0.06884267
64,0.621356852931303,10,0.06860767
64,0.621356852931303,11,0.0687567
64,0.621356852931303,12,0.06893906
64,0.621356852931303,13,0.06904414
64,0.621356852931303,14,0.06893309
64,0.621356852931303,15,0.0689775
65,0.631733146153142,0,0.06898734
65,0.631733146153142,1,0.06888015
65,0.631733146153142,2,0.06868042
65,0.631733146153142,3,0.06892683
65,0.631733146153142,4,0.06903346
65,0.631733146153142,5,0.06886455
65,0.631733146153142,6,0.06874522
65,0.631733146153142,7,0.06871802
65,0.631733146153142,8,0.06896873
65,0.631733146153142,9,0.06881004
65,0.631733146153142,10,0.06875645
65,0.631733146153142,11,0.06857881
65,0.631733146153142,12,0.06878395
65,0.631733146153142,13,0.06878786
65,0.631733146153142,14,0.06857862
65,0.631733146153142,15,0.06869041
66,0.641499069185461,0,0.06913512
66,0.641499069185461,1,0.06886871
66,0.641499069185461,2,0.06869327
66,0.641499069185461,3,0.06898448
66,0.641499069185461,4,0.0687168
66,0.641499069185461,5,0.06908499
66,0.641499069185461,6,0.06897715
66,0.641499069185461,7,0.06877601
66,0.641499069185461,8,0.06904726
66,0.641499069185461,9,0.06867354
66,0.641499069185461,10,0.06877322
66,0.641499069185461,11,0.0688953
66,0.641499069185461,12,0.06912247
66,0.641499069185461,13,0.06904019
66,0.641499069185461,14,0.06899953
66,0.641499069185461,15,0.06888472
67,0.65126499221778,0,0.06913181
67,0.65126499221778,1,0.06904159
67,0.65126499221778,2,0.06883129
67,0.65126499221778,3,0.06890504
67,0.65126499221778,4,0.06868333
67,0.65126499221778,5,0.06889471
67,0.65126499221778,6,0.06876788
67,0.65126499221778,7,0.06913889
67,0.65126499221778,8,0.06906411
67,0.65126499221778,9,0.06885192
67,0.65126499221778,10,0.06882443
67,0.65126499221778,11,0.06882725
67,0.65126499221778,12,0.06890629
67,0.65126499221778,13,0.06882179
67,0.65126499221778,14,0.0687425
67,0.65126499221778,15,0.06891689
68,0.661641285439619,0,0.0688929
68,0.661641285439619,1,0.06870688
68,0.661641285439619,2,0.06886022
68,0.661641285439619,3,0.06905096
68,0.661641285439619,4,0.06899497
68,0.661641285439619,5,0.06880242
68,0.661641285439619,6,0.06880629
68,0.661641285439619,7,0.06900822
68,0.661641285439619,8,0.06889606
68,0.661641285439619,9,0.06904817
68,0.661641285439619,10,0.06875484
68,0.661641285439619,11,0.06892793
68,0.661641285439619,12,0.06888898
68,0.661641285439619,13,0.0691534
68,0.661641285439619,14,0.06887025
68,0.661641285439619,15,0.06869116
69,0.671407208471938,0,0.0687848
69,0.671407208471938,1,0.06862067
69,0.671407208471938,2,0.06850659
69,0.671407208471938,3,0.06859481
69,0.671407208471938,4,0.0687848
69,0.671407208471938,5,0.0686859
69,0.671407208471938,6,0.06867607
69,0.671407208471938,7,0.06860715
69,0.671407208471938,8,0.06880538
69,0.671407208471938,9,0.06874195
69,0.671407208471938,10,0.06889836
69,0.671407208471938,11,0.06866015
69,0.671407208471938,12,0.06859048
69,0.671407208471938,13,0.06874296
69,0.671407208471938,14,0.0689609
69,0.671407208471938,15,0.06880964
70,0.681783501693777,0,0.06880206
70,0.681783501693777,1,0.06894795
70,0.681783501693777,2,0.06867663
70,0.681783501693777,3,0.06895219
70,0.681783501693777,4,0.06892917
70,0.681783501693777,5,0.06877974
70,0.681783501693777,6,0.06902227
70,0.681783501693777,7,0.0688373
70,0.681783501693777,8,0.06887488
70,0.681783501693777,9,0.06905343
70,0.681783501693777,10,0.06884854
70,0.681783501693777,11,0.0689221
70,0.681783501693777,12,0.0690178
70,0.681783501693777,13,0.0690446
70,0.681783501693777,14,0.06901646
70,0.681783501693777,15,0.0690174
71,0.690939054536576,0,0.06879047
71,0.690939054536576,1,0.06905614
71,0.690939054536576,2,0.06910728
71,0.690939054536576,3,0.06923739
71,0.690939054536576,4,0.06909803
71,0.690939054536576,5,0.06911184
71,0.690939054536576,6,0.06937715
71,0.690939054536576,7,0.06927469
71,0.690939054536576,8,0.06905442
71,0.690939054536576,9,0.06905664
71,0.690939054536576,10,0.06885209
71,0.690939054536576,11,0.06926363
71,0.690939054536576,12,0.06920438
71,0.690939054536576,13,0.06904731
71,0.690939054536576,14,0.06892837
71,0.690939054536576,15,0.06914902
72,0.701925717947936,0,0.06889033
72,0.701925717947936,1,0.0688659
72,0.701925717947936,2,0.068921
72,0.701925717947936,3,0.06909061
72,0.701925717947936,4,0.0689612
72,0.701925717947936,5,0.06897108
72,0.701925717947936,6,0.06916954
72,0.701925717947936,7,0.06886996
72,0.701925717947936,8,0.0692511
72,0.701925717947936,9,0.06906974
72,0.701925717947936,10,0.06890771
72,0.701925717947936,11,0.06894971
72,0.701925717947936,12,0.06879684
72,0.701925717947936,13,0.06882049
72,0.701925717947936,14,0.06874014
72,0.701925717947936,15,0.06886991
73,0.711081270790734,0,0.06889128
73,0.711081270790734,1,0.06892281
73,0.711081270790734,2,0.069265
73,0.711081270790734,3,0.06910868
73,0.711081270790734,4,0.0690024
73,0.711081270790734,5,0.06884588
73,0.711081270790734,6,0.06903737
73,0.711081270790734,7,0.0685747
73,0.711081270790734,8,0.06899551
73,0.711081270790734,9,0.06942071
73,0.711081270790734,10,0.06927242
73,0.711081270790734,11,0.06895301
73,0.711081270790734,12,0.06894939
73,0.711081270790734,13,0.06891177
73,0.711081270790734,14,0.06898824
73,0.711081270790734,15,0.06903747
74,0.720236823633534,0,0.06913869
74,0.720236823633534,1,0.06887162
74,0.720236823633534,2,0.06908063
74,0.720236823633534,3,0.06924351
74,0.720236823633534,4,0.06915595
74,0.720236823633534,5,0.06911531
74,0.720236823633534,6,0.06900741
74,0.720236823633534,7,0.0688137
74,0.720236823633534,8,0.06899431
74,0.720236823633534,9,0.06888191
74,0.720236823633534,10,0.0687588
74,0.720236823633534,11,0.06902327
74,0.720236823633534,12,0.06914285
74,0.720236823633534,13,0.06930287
74,0.720236823633534,14,0.06923216
74,0.720236823633534,15,0.06895687
75,0.731223487044893,0,0.06909969
75,0.731223487044893,1,0.0690182
75,0.731223487044893,2,0.06931337
75,0.731223487044893,3,0.06921396
75,0.731223487044893,4,0.069406
75,0.731223487044893,5,0.06925119
75,0.731223487044893,6,0.06882536
75,0.731223487044893,7,0.06886558
75,0.731223487044893,8,0.06900134
75,0.731223487044893,9,0.06872769
75,0.731223487044893,10,0.06904927
75,0.731223487044893,11,0.06894012
75,0.731223487044893,12,0.06920522
75,0.731223487044893,13,0.06910662
75,0.731223487044893,14,0.06881682
75,0.731223487044893,15,0.06889921
76,0.740379039887692,0,0.06929124
76,0.740379039887692,1,0.0692941
76,0.740379039887692,2,0.06938879
76,0.740379039887692,3,0.06900014
76,0.740379039887692,4,0.06892095
76,0.740379039887692,5,0.06918792
76,0.740379039887692,6,0.06919423
76,0.740379039887692,7,0.06889505
76,0.740379039887692,8,0.0691838
76,0.740379039887692,9,0.06878661
76,0.740379039887692,10,0.06881797
76,0.740379039887692,11,0.06900391
76,0.740379039887692,12,0.06926534
76,0.740379039887692,13,0.06908243
76,0.740379039887692,14,0.06905277
76,0.740379039887692,15,0.06909773
77,0.750755333109531,0,0.06905955
77,0.750755333109531,1,0.06908926
77,0.750755333109531,2,0.06926057
77,0.750755333109531,3,0.06912699
77,0.750755333109531,4,0.06924728
77,0.750755333109531,5,0.06903987
77,0.750755333109531,6,0.06909122
77,0.750755333109531,7,0.06918656
77,0.750755333109531,8,0.06933574
77,0.750755333109531,9,0.06926349
77,0.750755333109531,10,0.0693104
77,0.750755333109531,11,0.06912249
77,0.750755333109531,12,0.06910733
77,0.750755333109531,13,0.06908951
77,0.750755333109531,14,0.06911054
77,0.750755333109531,15,0.06921435
78,0.76113162633137,0,0.0693887
78,0.76113162633137,1,0.06944264
78,0.76113162633137,2,0.06955997
78,0.76113162633137,3,0.06934845
78,0.76113162633137,4,0.06941178
78,0.76113162633137,5,0.06935663
78,0.76113162633137,6,0.06903456
78,0.76113162633137,7,0.06893285
78,0.76113162633137,8,0.06900506
78,0.76113162633137,9,0.06938708
78,0.76113162633137,10,0.06912369
78,0.76113162633137,11,0.06922892
78,0.76113162633137,12,0.06908469
78,0.76113162633137,13,0.06914716
78,0.76113162633137,14,0.06922124
78,0.76113162633137,15,0.06884725
79,0.770897549363689,0,0.06892557
79,0.770897549363689,1,0.06891391
79,0.770897549363689,2,0.06922038
79,0.770897549363689,3,0.06899963
79,0.770897549363689,4,0.069035
79,0.770897549363689,5,0.06890428
79,0.770897549363689,6,0.06927508
79,0.770897549363689,7,0.06940781
79,0.770897549363689,8,0.06927569
79,0.770897549363689,9,0.06930946
79,0.770897549363689,10,0.06948896
79,0.770897549363689,11,0.06920373
79,0.770897549363689,12,0.06939868
79,0.770897549363689,13,0.06905529
79,0.770897549363689,14,0.06915976
79,0.770897549363689,15,0.06917663
80,0.780663472396008,0,0.06918781
80,0.780663472396008,1,0.06940871
80,0.780663472396008,2,0.06949989
80,0.780663472396008,3,0.06951113
80,0.780663472396008,4,0.06949924
80,0.780663472396008,5,0.06932617
80,0.780663472396008,6,0.0690501
80,0.780663472396008,7,0.06895432
80,0.780663472396008,8,0.06913377
80,0.780663472396008,9,0.06938478
80,0.780663472396008,10,0.06917603
80,0.780663472396008,11,0.06959344
80,0.780663472396008,12,0.06940129
80,0.780663472396008,13,0.06951389
80,0.780663472396008,14,0.06941895
80,0.780663472396008,15,0.0693367
81,0.791039765617847,0,0.06943983
81,0.791039765617847,1,0.06947505
81,0.791039765617847,2,0.06946592
81,0.791039765617847,3,0.06919208
81,0.791039765617847,4,0.06921186
81,0.791039765617847,5,0.06945102
81,0.791039765617847,6,0.06920212
81,0.791039765617847,7,0.06926902
81,0.791039765617847,8,0.06924091
81,0.791039765617847,9,0.0690845
81,0.791039765617847,10,0.06917201
81,0.791039765617847,11,0.06924742
81,0.791039765617847,12,0.06935763
81,0.791039765617847,13,0.06905409
81,0.791039765617847,14,0.06891001
81,0.791039765617847,15,0.06910943
82,0.800195318460646,0,0.06931311
82,0.800195318460646,1,0.06918165
82,0.800195318460646,2,0.0694062
82,0.800195318460646,3,0.06937665
82,0.800195318460646,4,0.06926845
82,0.800195318460646,5,0.06942147
82,0.800195318460646,6,0.06927829
82,0.800195318460646,7,0.06918525
82,0.800195318460646,8,0.06931609
82,0.800195318460646,9,0.06905338
82,0.800195318460646,10,0.06925059
82,0.800195318460646,11,0.06909382
82,0.800195318460646,12,0.06925391
82,0.800195318460646,13,0.06905319
82,0.800195318460646,14,0.06950421
82,0.800195318460646,15,0.0694209
83,0.811181981872006,0,0.0695009
83,0.811181981872006,1,0.06951987
83,0.811181981872006,2,0.06948303
83,0.811181981872006,3,0.06958892
83,0.811181981872006,4,0.06962489
83,0.811181981872006,5,0.06941604
83,0.811181981872006,6,0.06940561
83,0.811181981872006,7,0.06979025
83,0.811181981872006,8,0.06965476
83,0.811181981872006,9,0.06946452
83,0.811181981872006,10,0.06935954
83,0.811181981872006,11,0.06958374
83,0.811181981872006,12,0.06972867
83,0.811181981872006,13,0.06971683
83,0.811181981872006,14,0.06990652
83,0.811181981872006,15,0.06972169
84,0.820947904904324,0,0.06929094
84,0.820947904904324,1,0.06963363
84,0.820947904904324,2,0.06952915
84,0.820947904904324,3,0.06929746
84,0.820947904904324,4,0.06927533
84,0.820947904904324,5,0.06948805
84,0.820947904904324,6,0.06956986
84,0.820947904904324,7,0.06962229
84,0.820947904904324,8,0.06954446
84,0.820947904904324,9,0.06934126
84,0.820947904904324,10,0.06946482
84,0.820947904904324,11,0.06928598
84,0.820947904904324,12,0.06923168
84,0.820947904904324,13,0.06975984
84,0.820947904904324,14,0.06942864
84,0.820947904904324,15,0.06962735
85,0.830713827936644,0,0.0699295
85,0.830713827936644,1,0.06977765
85,0.830713827936644,2,0.06959314
85,0.830713827936644,3,0.06951716
85,0.830713827936644,4,0.06962966
85,0.830713827936644,5,0.06984108
85,0.830713827936644,6,0.06975808
85,0.830713827936644,7,0.06958786
85,0.830713827936644,8,0.06942151
85,0.830713827936644,9,0.06954506
85,0.830713827936644,10,0.06961602
85,0.830713827936644,11,0.0696373
85,0.830713827936644,12,0.06965928
85,0.830713827936644,13,0.06938834
85,0.830713827936644,14,0.06962641
85,0.830713827936644,15,0.06966499
86,0.839869380779443,0,0.06956352
86,0.839869380779443,1,0.06970388
86,0.839869380779443,2,0.06965049
86,0.839869380779443,3,0.06989342
86,0.839869380779443,4,0.06954361
86,0.839869380779443,5,0.06982853
86,0.839869380779443,6,0.06965481
86,0.839869380779443,7,0.06973284
86,0.839869380779443,8,0.0699023
86,0.839869380779443,9,0.06971211
86,0.839869380779443,10,0.06975115
86,0.839869380779443,11,0.06981152
86,0.839869380779443,12,0.06962434
86,0.839869380779443,13,0.06979652
86,0.839869380779443,14,0.06984158
86,0.839869380779443,15,0.06983691
87,0.850856044190802,0,0.06982964
87,0.850856044190802,1,0.06975894
87,0.850856044190802,2,0.06983019
87,0.850856044190802,3,0.06976812
87,0.850856044190802,4,0.06997592
87,0.850856044190802,5,0.06968386
87,0.850856044190802,6,0.06969596
87,0.850856044190802,7,0.06979708
87,0.850856044190802,8,0.06984042
87,0.850856044190802,9,0.06985518
87,0.850856044190802,10,0.06992604
87,0.850856044190802,11,0.06984214
87,0.850856044190802,12,0.06976671
87,0.850856044190802,13,0.06968978
87,0.850856044190802,14,0.06959629
87,0.850856044190802,15,0.06940787
88,0.860621967223121,0,0.07005325
88,0.860621967223121,1,0.07016595
88,0.860621967223121,2,0.06995991
88,0.860621967223121,3,0.06972381
88,0.860621967223121,4,0.06982432
88,0.860621967223121,5,0.06984705
88,0.860621967223121,6,0.06973565
88,0.860621967223121,7,0.0698171
88,0.860621967223121,8,0.06997626
88,0.860621967223121,9,0.06993201
88,0.860621967223121,10,0.06975225
88,0.860621967223121,11,0.07014599
88,0.860621967223121,12,0.06977218
88,0.860621967223121,13,0.06988408
88,0.860621967223121,14,0.06986868
88,0.860621967223121,15,0.06984454
89,0.87038789025544,0,0.06992253
89,0.87038789025544,1,0.06994154
89,0.87038789025544,2,0.06973992
89,0.87038789025544,3,0.06996172
89,0.87038789025544,4,0.06969389
89,0.87038789025544,5,0.06975789
89,0.87038789025544,6,0.06974699
89,0.87038789025544,7,0.06983104
89,0.87038789025544,8,0.06999368
89,0.87038789025544,9,0.07000849
89,0.87038789025544,10,0.06982115
89,0.87038789025544,11,0.06956919
89,0.87038789025544,12,0.06964492
89,0.87038789025544,13,0.06960893
89,0.87038789025544,14,0.06952108
89,0.87038789025544,15,0.06967101
90,0.880764183477279,0,0.06989598
90,0.880764183477279,1,0.06984489
90,0.880764183477279,2,0.06975271
90,0.880764183477279,3,0.06951024
90,0.880764183477279,4,0.06959334
90,0.880764183477279,5,0.06992694
90,0.880764183477279,6,0.06985332
90,0.880764183477279,7,0.06992338
90,0.880764183477279,8,0.06995439
90,0.880764183477279,9,0.06982552
90,0.880764183477279,10,0.06985036
90,0.880764183477279,11,0.06979486
90,0.880764183477279,12,0.0697638
90,0.880764183477279,13,0.06979652
90,0.880764183477279,14,0.06960146
90,0.880764183477279,15,0.07001676
91,0.890530106509598,0,0.07012621
91,0.890530106509598,1,0.07015602
91,0.890530106509598,2,0.06995098
91,0.890530106509598,3,0.06969033
91,0.890530106509598,4,0.06957337
91,0.890530106509598,5,0.06986642
91,0.890530106509598,6,0.06989929
91,0.890530106509598,7,0.06986622
91,0.890530106509598,8,0.06969896
91,0.890530106509598,9,0.06992959
91,0.890530106509598,10,0.06981152
91,0.890530106509598,11,0.07004452
91,0.890530106509598,12,0.06990109
91,0.890530106509598,13,0.07009756
91,0.890530106509598,14,0.07006901
91,0.890530106509598,15,0.06979908
92,0.900296029541917,0,0.06986527
92,0.900296029541917,1,0.06983666
92,0.900296029541917,2,0.06998354
92,0.900296029541917,3,0.07012857
92,0.900296029541917,4,0.07007809
92,0.900296029541917,5,0.07029894
92,0.900296029541917,6,0.07043649
92,0.900296029541917,7,0.07021784
92,0.900296029541917,8,0.07022899
92,0.900296029541917,9,0.07022195
92,0.900296029541917,10,0.07027756
92,0.900296029541917,11,0.07017022
92,0.900296029541917,12,0.07007844
92,0.900296029541917,13,0.0703587
92,0.900296029541917,14,0.07033397
92,0.900296029541917,15,0.07013915
93,0.910672322763756,0,0.07042896
93,0.910672322763756,1,0.07026602
93,0.910672322763756,2,0.07004512
93,0.910672322763756,3,0.07014352
93,0.910672322763756,4,0.07045937
93,0.910672322763756,5,0.07012832
93,0.910672322763756,6,0.07012325
93,0.910672322763756,7,0.07015923
93,0.910672322763756,8,0.07028665
93,0.910672322763756,9,0.07005274
93,0.910672322763756,10,0.06997883
93,0.910672322763756,11,0.06996402
93,0.910672322763756,12,0.06997471
93,0.910672322763756,13,0.06983571
93,0.910672322763756,14,0.07005505
93,0.910672322763756,15,0.07025036
94,0.920438245796075,0,0.0702053
94,0.920438245796075,1,0.07008491
94,0.920438245796075,2,0.07027721
94,0.920438245796075,3,0.0700944
94,0.920438245796075,4,0.07040733
94,0.920438245796075,5,0.06997878
94,0.920438245796075,6,0.07018272
94,0.920438245796075,7,0.07013655
94,0.920438245796075,8,0.06997572
94,0.920438245796075,9,0.07008059
94,0.920438245796075,10,0.07006153
94,0.920438245796075,11,0.06986948
94,0.920438245796075,12,0.06990853
94,0.920438245796075,13,0.07010237
94,0.920438245796075,14,0.0700653
94,0.920438245796075,15,0.07009009
95,0.930204168828394,0,0.07012405
95,0.930204168828394,1,0.07017916
95,0.930204168828394,2,0.07025769
95,0.930204168828394,3,0.06993362
95,0.930204168828394,4,0.06995866
95,0.930204168828394,5,0.07012546
95,0.930204168828394,6,0.07009982
95,0.930204168828394,7,0.07004532
95,0.930204168828394,8,0.07014689
95,0.930204168828394,9,0.07018764
95,0.930204168828394,10,0.07002193
95,0.930204168828394,11,0.0696549
95,0.930204168828394,12,0.06982136
95,0.930204168828394,13,0.06970393
95,0.930204168828394,14,0.06964502
95,0.930204168828394,15,0.06952634
96,0.941190832239754,0,0.06970273
96,0.941190832239754,1,0.06980721
96,0.941190832239754,2,0.06983846
96,0.941190832239754,3,0.06964261
96,0.941190832239754,4,0.06970935
96,0.941190832239754,5,0.06949111
96,0.941190832239754,6,0.07007162
96,0.941190832239754,7,0.0699034
96,0.941190832239754,8,0.07014658
96,0.941190832239754,9,0.07012546
96,0.941190832239754,10,0.06999684
96,0.941190832239754,11,0.07017644
96,0.941190832239754,12,0.07017057
96,0.941190832239754,13,0.07000377
96,0.941190832239754,14,0.07023912
96,0.941190832239754,15,0.07035249
97,0.949736014893033,0,0.07019672
97,0.949736014893033,1,0.07027681
97,0.949736014893033,2,0.07036658
97,0.949736014893033,3,0.0701633
97,0.949736014893033,4,0.07019813
97,0.949736014893033,5,0.07029202
97,0.949736014893033,6,0.07034807
97,0.949736014893033,7,0.07040768
97,0.949736014893033,8,0.07025247
97,0.949736014893033,9,0.070247
97,0.949736014893033,10,0.07005706
97,0.949736014893033,11,0.07016666
97,0.949736014893033,12,0.0701637
97,0.949736014893033,13,0.07017197
97,0.949736014893033,14,0.07021107
97,0.949736014893033,15,0.07027189
98,0.960722678304392,0,0.07014267
98,0.960722678304392,1,0.07034686
98,0.960722678304392,2,0.07037596
98,0.960722678304392,3,0.0705212
98,0.960722678304392,4,0.07047261
98,0.960722678304392,5,0.07005646
98,0.960722678304392,6,0.07013474
98,0.960722678304392,7,0.07029703
98,0.960722678304392,8,0.07014423
98,0.960722678304392,9,0.07023782
98,0.960722678304392,10,0.07032042
98,0.960722678304392,11,0.07006785
98,0.960722678304392,12,0.07010313
98,0.960722678304392,13,0.07003473
98,0.960722678304392,14,0.07023209
98,0.960722678304392,15,0.07012937
99,0.969878231147191,0,0.07024269
99,0.969878231147191,1,0.07033542
99,0.969878231147191,2,0.07030465
99,0.969878231147191,3,0.07032644
99,0.969878231147191,4,0.07030531
99,0.969878231147191,5,0.07048868
99,0.969878231147191,6,0.07016666
99,0.969878231147191,7,0.07043067
99,0.969878231147191,8,0.07034215
99,0.969878231147191,9,0.07019576
99,0.969878231147191,10,0.0703573
99,0.969878231147191,11,0.07019873
99,0.969878231147191,12,0.07022467
99,0.969878231147191,13,0.07020766
99,0.969878231147191,14,0.07054207
99,0.969878231147191,15,0.07061107
100,0.98086489455855,0,0.07044035
100,0.98086489455855,1,0.07037582
100,0.98086489455855,2,0.0703291
100,0.98086489455855,3,0.07031575
100,0.98086489455855,4,0.07067379
100,0.98086489455855,5,0.07042891
100,0.98086489455855,6,0.07047693
100,0.98086489455855,7,0.07012711
100,0.98086489455855,8,0.0702621
100,0.98086489455855,9,0.0700813
100,0.98086489455855,10,0.06999388
100,0.98086489455855,11,0.07007919
100,0.98086489455855,12,0.0699847
100,0.98086489455855,13,0.07011974
100,0.98086489455855,14,0.07056485
100,0.98086489455855,15,0.07020856
101,0.990020447401349,0,0.07042535
101,0.990020447401349,1,0.07030727
101,0.990020447401349,2,0.07023662
101,0.990020447401349,3,0.07031384
101,0.990020447401349,4,0.07000382
101,0.990020447401349,5,0.07015025
101,0.990020447401349,6,0.07019953
101,0.990020447401349,7,0.07034114
101,0.990020447401349,8,0.07037536
101,0.990020447401349,9,0.07040357
101,0.990020447401349,10,0.07052867
101,0.990020447401349,11,0.07049565
101,0.990020447401349,12,0.07037391
101,0.990020447401349,13,0.07030089
101,0.990020447401349,14,0.07039067
101,0.990020447401349,15,0.0704537
102,0.999786370433668,0,0.07000212
102,0.999786370433668,1,0.07012144
102,0.999786370433668,2,0.07006419
102,0.999786370433668,3,0.07041451
102,0.999786370433668,4,0.07010815
102,0.999786370433668,5,0.07018743
102,0.999786370433668,6,0.07027229
102,0.999786370433668,7,0.07028559
102,0.999786370433668,8,0.07004663
102,0.999786370433668,9,0.07020761
102,0.999786370433668,10,0.07021393
102,0.999786370433668,11,0.07020751
102,0.999786370433668,12,0.07002987
102,0.999786370433668,13,0.07023335
102,0.999786370433668,14,0.07005244
102,0.999786370433668,15,0.07032614
103,1.01016266365551,0,0.0701213
103,1.01016266365551,1,0.07013138
103,1.01016266365551,2,0.07016054
103,1.01016266365551,3,0.07015226
103,1.01016266365551,4,0.07016239
103,1.01016266365551,5,0.07023741
103,1.01016266365551,6,0.07034224
103,1.01016266365551,7,0.07036734
103,1.01016266365551,8,0.07012425
103,1.01016266365551,9,0.07022763
103,1.01016266365551,10,0.07049078
103,1.01016266365551,11,0.07036749
103,1.01016266365551,12,0.07045766
103,1.01016266365551,13,0.07049274
103,1.01016266365551,14,0.07061689
103,1.01016266365551,15,0.07039207
104,1.02053895687735,0,0.07016767
104,1.02053895687735,1,0.07002083
104,1.02053895687735,2,0.07018327
104,1.02053895687735,3,0.07016767
104,1.02053895687735,4,0.07035664
104,1.02053895687735,5,0.0703292
104,1.02053895687735,6,0.070564
104,1.02053895687735,7,0.07049405
104,1.02053895687735,8,0.069957
104,1.02053895687735,9,0.06991846
104,1.02053895687735,10,0.07003142
104,1.02053895687735,11,0.07050975
104,1.02053895687735,12,0.07010323
104,1.02053895687735,13,0.06984379
104,1.02053895687735,14,0.0700129
104,1.02053895687735,15,0.07007597
105,1.03030487990967,0,0.07032117
105,1.03030487990967,1,0.07065372
105,1.03030487990967,2,0.0705097
105,1.03030487990967,3,0.07039273
105,1.03030487990967,4,0.07049374
105,1.03030487990967,5,0.07044978
105,1.03030487990967,6,0.07030185
105,1.03030487990967,7,0.07012526
105,1.03030487990967,8,0.07027681
105,1.03030487990967,9,0.07024243
105,1.03030487990967,10,0.07036302
105,1.03030487990967,11,0.07042424
105,1.03030487990967,12,0.07031514
105,1.03030487990967,13,0.07012546
105,1.03030487990967,14,0.0703011
105,1.03030487990967,15,0.06991736
106,1.04129154332102,0,0.07024048
106,1.04129154332102,1,0.07021794
106,1.04129154332102,2,0.07021052
106,1.04129154332102,3,0.07035976
106,1.04129154332102,4,0.07011618
106,1.04129154332102,5,0.06993442
106,1.04129154332102,6,0.07013188
106,1.04129154332102,7,0.07025478
106,1.04129154332102,8,0.07025192
106,1.04129154332102,9,0.07031776
106,1.04129154332102,10,0.07015195
106,1.04129154332102,11,0.07003569
106,1.04129154332102,12,0.07044306
106,1.04129154332102,13,0.07017223
106,1.04129154332102,14,0.07015858
106,1.04129154332102,15,0.06990857
107,1.05044709616382,0,0.07016957
107,1.05044709616382,1,0.07011849
107,1.05044709616382,2,0.07001501
107,1.05044709616382,3,0.06996333
107,1.05044709616382,4,0.07033964
107,1.05044709616382,5,0.07024078
107,1.05044709616382,6,0.07011251
107,1.05044709616382,7,0.07003092
107,1.05044709616382,8,0.07045415
107,1.05044709616382,9,0.07017173
107,1.05044709616382,10,0.07020214
107,1.05044709616382,11,0.07019044
107,1.05044709616382,12,0.07027666
107,1.05044709616382,13,0.07006489
107,1.05044709616382,14,0.07042911
107,1.05044709616382,15,0.0702457
108,1.06021301919614,0,0.07022648
108,1.06021301919614,1,0.06993593
108,1.06021301919614,2,0.06995941
108,1.06021301919614,3,0.07020976
108,1.06021301919614,4,0.07036638
108,1.06021301919614,5,0.07004888
108,1.06021301919614,6,0.07011462
108,1.06021301919614,7,0.070398
108,1.06021301919614,8,0.07041315
108,1.06021301919614,9,0.07016536
108,1.06021301919614,10,0.07025874
108,1.06021301919614,11,0.0701758
108,1.06021301919614,12,0.07020897
108,1.06021301919614,13,0.07021613
108,1.06021301919614,14,0.07015652
108,1.06021301919614,15,0.07039453
109,1.0711996826075,0,0.0703161
109,1.0711996826075,1,0.07051603
109,1.0711996826075,2,0.07011487
109,1.0711996826075,3,0.07031751
109,1.0711996826075,4,0.07037195
109,1.0711996826075,5,0.0699719
109,1.0711996826075,6,0.07030797
109,1.0711996826075,7,0.070152
109,1.0711996826075,8,0.07026853
109,1.0711996826075,9,0.07030696
109,1.0711996826075,10,0.07015447
109,1.0711996826075,11,0.06998982
109,1.0711996826075,12,0.07044657
109,1.0711996826075,13,0.07023907
109,1.0711996826075,14,0.07010253
109,1.0711996826075,15,0.07032834
110,1.0803552354503,0,0.0703711
110,1.0803552354503,1,0.07009459
110,1.0803552354503,2,0.07032077
110,1.0803552354503,3,0.07009264
110,1.0803552354503,4,0.07015868
110,1.0803552354503,5,0.07004246
110,1.0803552354503,6,0.07021895
110,1.0803552354503,7,0.07014097
110,1.0803552354503,8,0.07002214
110,1.0803552354503,9,0.0706756
110,1.0803552354503,10,0.07046339
110,1.0803552354503,11,0.07041526
110,1.0803552354503,12,0.07018367
110,1.0803552354503,13,0.07033964
110,1.0803552354503,14,0.07040974
110,1.0803552354503,15,0.07038409
111,1.09134189886166,0,0.07055677
111,1.09134189886166,1,0.07045646
111,1.09134189886166,2,0.07042058
111,1.09134189886166,3,0.07034235
111,1.09134189886166,4,0.07044883
111,1.09134189886166,5,0.07044552
111,1.09134189886166,6,0.0704135
111,1.09134189886166,7,0.07043333
111,1.09134189886166,8,0.07054674
111,1.09134189886166,9,0.07053068
111,1.09134189886166,10,0.07047718
111,1.09134189886166,11,0.07051948
111,1.09134189886166,12,0.07067465
111,1.09134189886166,13,0.07048838
111,1.09134189886166,14,0.07048822
111,1.09134189886166,15,0.07060911
112,1.10049745170446,0,0.07020164
112,1.10049745170446,1,0.07075123
112,1.10049745170446,2,0.07050809
112,1.10049745170446,3,0.07068072
112,1.10049745170446,4,0.07074365
112,1.10049745170446,5,0.07051657
112,1.10049745170446,6,0.07059923
112,1.10049745170446,7,0.07046881
112,1.10049745170446,8,0.0702358
112,1.10049745170446,9,0.07048541
112,1.10049745170446,10,0.07034289
112,1.10049745170446,11,0.07053971
112,1.10049745170446,12,0.07051688
112,1.10049745170446,13,0.07054523
112,1.10049745170446,14,0.07033928
112,1.10049745170446,15,0.07031018
113,1.11026337473678,0,0.0706345
113,1.11026337473678,1,0.07043353
113,1.11026337473678,2,0.07024464
113,1.11026337473678,3,0.07020796
113,1.11026337473678,4,0.07071345
113,1.11026337473678,5,0.07048281
113,1.11026337473678,6,0.07057323
113,1.11026337473678,7,0.07042981
113,1.11026337473678,8,0.07056003
113,1.11026337473678,9,0.07065246
113,1.11026337473678,10,0.07074189
113,1.11026337473678,11,0.07045244
113,1.11026337473678,12,0.07057428
113,1.11026337473678,13,0.07065438
113,1.11026337473678,14,0.07052977
113,1.11026337473678,15,0.07074957
114,1.12063966795862,0,0.07047051
114,1.12063966795862,1,0.07038224
114,1.12063966795862,2,0.07070968
114,1.12063966795862,3,0.07067274
114,1.12063966795862,4,0.07051101
114,1.12063966795862,5,0.07069603
114,1.12063966795862,6,0.0700976
114,1.12063966795862,7,0.07024781
114,1.12063966795862,8,0.07031299
114,1.12063966795862,9,0.07047347
114,1.12063966795862,10,0.07053012
114,1.12063966795862,11,0.07055607
114,1.12063966795862,12,0.07066381
114,1.12063966795862,13,0.07037682
114,1.12063966795862,14,0.07087829
114,1.12063966795862,15,0.07039423
115,1.13162633136998,0,0.07062256
115,1.13162633136998,1,0.07044512
115,1.13162633136998,2,0.07063355
115,1.13162633136998,3,0.07075585
115,1.13162633136998,4,0.07068398
115,1.13162633136998,5,0.07050128
115,1.13162633136998,6,0.07067013
115,1.13162633136998,7,0.07069241
115,1.13162633136998,8,0.07053544
115,1.13162633136998,9,0.07062331
115,1.13162633136998,10,0.07068012
115,1.13162633136998,11,0.07083995
115,1.13162633136998,12,0.07068228
115,1.13162633136998,13,0.07049701
115,1.13162633136998,14,0.07029202
115,1.13162633136998,15,0.0707169
116,1.14078188421278,0,0.07072021
116,1.14078188421278,1,0.07045932
116,1.14078188421278,2,0.07066998
116,1.14078188421278,3,0.0705919
116,1.14078188421278,4,0.07006565
116,1.14078188421278,5,0.07020936
116,1.14078188421278,6,0.07047658
116,1.14078188421278,7,0.07028634
116,1.14078188421278,8,0.0702479
116,1.14078188421278,9,0.07034646
116,1.14078188421278,10,0.07059907
116,1.14078188421278,11,0.07069844
116,1.14078188421278,12,0.07051412
116,1.14078188421278,13,0.07067028
116,1.14078188421278,14,0.07064123
116,1.14078188421278,15,0.07060108
117,1.15115817743461,0,0.0707178
117,1.15115817743461,1,0.07092927
117,1.15115817743461,2,0.07079509
117,1.15115817743461,3,0.07062798
117,1.15115817743461,4,0.07071339
117,1.15115817743461,5,0.07081049
117,1.15115817743461,6,0.07080196
117,1.15115817743461,7,0.07085966
117,1.15115817743461,8,0.07096294
117,1.15115817743461,9,0.07069623
117,1.15115817743461,10,0.07071976
117,1.15115817743461,11,0.07074239
117,1.15115817743461,12,0.07083678
117,1.15115817743461,13,0.07069512
117,1.15115817743461,14,0.07101864
117,1.15115817743461,15,0.07065132
118,1.16153447065645,0,0.07104754
118,1.16153447065645,1,0.07076663
118,1.16153447065645,2,0.07073186
118,1.16153447065645,3,0.07061639
118,1.16153447065645,4,0.07075729
118,1.16153447065645,5,0.0707869
118,1.16153447065645,6,0.07071951
118,1.16153447065645,7,0.07108136
118,1.16153447065645,8,0.0706894
118,1.16153447065645,9,0.07086478
118,1.16153447065645,10,0.07101157
118,1.16153447065645,11,0.07089475
118,1.16153447065645,12,0.07086474
118,1.16153447065645,13,0.07075328
118,1.16153447065645,14,0.07089721
118,1.16153447065645,15,0.07057755
119,1.17191076387829,0,0.07085304
119,1.17191076387829,1,0.07069352
119,1.17191076387829,2,0.07082057
119,1.17191076387829,3,0.07063842
119,1.17191076387829,4,0.07094759
119,1.17191076387829,5,0.07075746
119,1.17191076387829,6,0.0711162
119,1.17191076387829,7,0.07092229
119,1.17191076387829,8,0.07062913
119,1.17191076387829,9,0.07067475
119,1.17191076387829,10,0.07097865
119,1.17191076387829,11,0.07080572
119,1.17191076387829,12,0.07093836
119,1.17191076387829,13,0.07100037
119,1.17191076387829,14,0.07067806
119,1.17191076387829,15,0.07063425
120,1.18106631672109,0,0.07071259
120,1.18106631672109,1,0.07099847
120,1.18106631672109,2,0.0707995
120,1.18106631672109,3,0.07068729
120,1.18106631672109,4,0.07059943
120,1.18106631672109,5,0.07122861
120,1.18106631672109,6,0.0709518
120,1.18106631672109,7,0.07091156
120,1.18106631672109,8,0.07088064
120,1.18106631672109,9,0.07087291
120,1.18106631672109,10,0.07088305
120,1.18106631672109,11,0.07090804
120,1.18106631672109,12,0.07109642
120,1.18106631672109,13,0.07078034
120,1.18106631672109,14,0.07098211
120,1.18106631672109,15,0.07080181
121,1.19144260994293,0,0.07094166
121,1.19144260994293,1,0.07116075
121,1.19144260994293,2,0.07087377
121,1.19144260994293,3,0.07114275
121,1.19144260994293,4,0.07106561
121,1.19144260994293,5,0.07082585
121,1.19144260994293,6,0.07113887
121,1.19144260994293,7,0.07107158
121,1.19144260994293,8,0.07095205
121,1.19144260994293,9,0.07088958
121,1.19144260994293,10,0.07072092
121,1.19144260994293,11,0.07073091
121,1.19144260994293,12,0.07080898
121,1.19144260994293,13,0.07068007
121,1.19144260994293,14,0.07095647
121,1.19144260994293,15,0.07087914
122,1.20120853297525,0,0.07062417
122,1.20120853297525,1,0.07047648
122,1.20120853297525,2,0.07091466
122,1.20120853297525,3,0.07071936
122,1.20120853297525,4,0.07090212
122,1.20120853297525,5,0.07089926
122,1.20120853297525,6,0.07093459
122,1.20120853297525,7,0.0710766
122,1.20120853297525,8,0.07113421
122,1.20120853297525,9,0.07098266
122,1.20120853297525,10,0.07078716
122,1.20120853297525,11,0.07052541
122,1.20120853297525,12,0.07070646
122,1.20120853297525,13,0.07045946
122,1.20120853297525,14,0.07096566
122,1.20120853297525,15,0.07060525
123,1.21097445600757,0,0.07072237
123,1.21097445600757,1,0.07066291
123,1.21097445600757,2,0.07055537
123,1.21097445600757,3,0.07067735
123,1.21097445600757,4,0.0706349
123,1.21097445600757,5,0.07087081
123,1.21097445600757,6,0.0710052
123,1.21097445600757,7,0.07097769
123,1.21097445600757,8,0.07070616
123,1.21097445600757,9,0.07093429
123,1.21097445600757,10,0.07072126
123,1.21097445600757,11,0.070897
123,1.21097445600757,12,0.07077652
123,1.21097445600757,13,0.07037094
123,1.21097445600757,14,0.07068469
123,1.21097445600757,15,0.07065684
124,1.22196111941893,0,0.07051106
124,1.22196111941893,1,0.07063621
124,1.22196111941893,2,0.07057458
124,1.22196111941893,3,0.07035971
124,1.22196111941893,4,0.07060119
124,1.22196111941893,5,0.07081766
124,1.22196111941893,6,0.07069337
124,1.22196111941893,7,0.07075649
124,1.22196111941893,8,0.07095045
124,1.22196111941893,9,0.07099978
124,1.22196111941893,10,0.07090202
124,1.22196111941893,11,0.07080889
124,1.22196111941893,12,0.07077386
124,1.22196111941893,13,0.07100922
124,1.22196111941893,14,0.07073788
124,1.22196111941893,15,0.07080603
125,1.23172704245125,0,0.07101734
125,1.23172704245125,1,0.07105312
125,1.23172704245125,2,0.07085671
125,1.23172704245125,3,0.07079669
125,1.23172704245125,4,0.07091658
125,1.23172704245125,5,0.07072213
125,1.23172704245125,6,0.07089651
125,1.23172704245125,7,0.07102928
125,1.23172704245125,8,0.07100008
125,1.23172704245125,9,0.07116006
125,1.23172704245125,10,0.07104103
125,1.23172704245125,11,0.07078183
125,1.23172704245125,12,0.0706626
125,1.23172704245125,13,0.07079202
125,1.23172704245125,14,0.07064655
125,1.23172704245125,15,0.07071755
126,1.24088259529405,0,0.07093514
126,1.24088259529405,1,0.07104594
126,1.24088259529405,2,0.07103977
126,1.24088259529405,3,0.07087669
126,1.24088259529405,4,0.07094216
126,1.24088259529405,5,0.07068177
126,1.24088259529405,6,0.07087788
126,1.24088259529405,7,0.0711021
126,1.24088259529405,8,0.07057087
126,1.24088259529405,9,0.07093719
126,1.24088259529405,10,0.07102868
126,1.24088259529405,11,0.07096966
126,1.24088259529405,12,0.07127728
126,1.24088259529405,13,0.07126122
126,1.24088259529405,14,0.07085124
126,1.24088259529405,15,0.07063807
127,1.25125888851588,0,0.07076623
127,1.25125888851588,1,0.07074681
127,1.25125888851588,2,0.07102266
127,1.25125888851588,3,0.07111248
127,1.25125888851588,4,0.07106064
127,1.25125888851588,5,0.07097644
127,1.25125888851588,6,0.0711992
127,1.25125888851588,7,0.0708526
127,1.25125888851588,8,0.0705248
127,1.25125888851588,9,0.0707553
127,1.25125888851588,10,0.07074018
127,1.25125888851588,11,0.07077496
127,1.25125888851588,12,0.07095034
127,1.25125888851588,13,0.07102588
127,1.25125888851588,14,0.07105438
127,1.25125888851588,15,0.07127602
128,1.26224555192724,0,0.07094152
128,1.26224555192724,1,0.07100459
128,1.26224555192724,2,0.07129138
128,1.26224555192724,3,0.07119102
128,1.26224555192724,4,0.07125304
128,1.26224555192724,5,0.07125118
128,1.26224555192724,6,0.07121775
128,1.26224555192724,7,0.07092897
128,1.26224555192724,8,0.07109492
128,1.26224555192724,9,0.07102246
128,1.26224555192724,10,0.0709936
128,1.26224555192724,11,0.07087301
128,1.26224555192724,12,0.07092396
128,1.26224555192724,13,0.07088269
128,1.26224555192724,14,0.0710215
128,1.26224555192724,15,0.07108729
129,1.27140110477004,0,0.07110982
129,1.27140110477004,1,0.07078896
129,1.27140110477004,2,0.07097268
129,1.27140110477004,3,0.07082474
129,1.27140110477004,4,0.07108399
129,1.27140110477004,5,0.07134147
129,1.27140110477004,6,0.07111811
129,1.27140110477004,7,0.07130614
129,1.27140110477004,8,0.07094528
129,1.27140110477004,9,0.07108038
129,1.27140110477004,10,0.07123507
129,1.27140110477004,11,0.07128868
129,1.27140110477004,12,0.07114415
129,1.27140110477004,13,0.07115161
129,1.27140110477004,14,0.07119022
129,1.27140110477004,15,0.07126207
130,1.28116702780236,0,0.07092977
130,1.28116702780236,1,0.07115544
130,1.28116702780236,2,0.07108062
130,1.28116702780236,3,0.07102315
130,1.28116702780236,4,0.0710346
130,1.28116702780236,5,0.07093609
130,1.28116702780236,6,0.07102351
130,1.28116702780236,7,0.07082464
130,1.28116702780236,8,0.07081997
130,1.28116702780236,9,0.07118445
130,1.28116702780236,10,0.07102588
130,1.28116702780236,11,0.07114405
130,1.28116702780236,12,0.07109562
130,1.28116702780236,13,0.07093509
130,1.28116702780236,14,0.07119112
130,1.28116702780236,15,0.07094929
131,1.2915433210242,0,0.07115584
131,1.2915433210242,1,0.07133906
131,1.2915433210242,2,0.07116301
131,1.2915433210242,3,0.07104529
131,1.2915433210242,4,0.07095888
131,1.2915433210242,5,0.07127622
131,1.2915433210242,6,0.0709781
131,1.2915433210242,7,0.07091944
131,1.2915433210242,8,0.0708556
131,1.2915433210242,9,0.07098628
131,1.2915433210242,10,0.07108182
131,1.2915433210242,11,0.07114068
131,1.2915433210242,12,0.07111409
131,1.2915433210242,13,0.07120903
131,1.2915433210242,14,0.07139786
131,1.2915433210242,15,0.07120893
132,1.30191961424604,0,0.07139491
132,1.30191961424604,1,0.07132802
132,1.30191961424604,2,0.07111981
132,1.30191961424604,3,0.07143018
132,1.30191961424604,4,0.0711739
132,1.30191961424604,5,0.07092987
132,1.30191961424604,6,0.0710205
132,1.30191961424604,7,0.07112603
132,1.30191961424604,8,0.0710475
132,1.30191961424604,9,0.07101142
132,1.30191961424604,10,0.07106612
132,1.30191961424604,11,0.07093539
132,1.30191961424604,12,0.07101368
132,1.30191961424604,13,0.0711451
132,1.30191961424604,14,0.07123347
132,1.30191961424604,15,0.07107148
133,1.31046479689932,0,0.07106949
133,1.31046479689932,1,0.07086082
133,1.31046479689932,2,0.07091969
133,1.31046479689932,3,0.07116146
133,1.31046479689932,4,0.07124547
133,1.31046479689932,5,0.07120853
133,1.31046479689932,6,0.07109597
133,1.31046479689932,7,0.07103208
133,1.31046479689932,8,0.07098351
133,1.31046479689932,9,0.07142089
133,1.31046479689932,10,0.07097042
133,1.31046479689932,11,0.07087011
133,1.31046479689932,12,0.07096606
133,1.31046479689932,13,0.07116303
133,1.31046479689932,14,0.07062507
133,1.31046479689932,15,0.07094517
134,1.3220618305002,0,0.07108277
134,1.3220618305002,1,0.0709646
134,1.3220618305002,2,0.07069477
134,1.3220618305002,3,0.07113939
134,1.3220618305002,4,0.07079533
134,1.3220618305002,5,0.07084792
134,1.3220618305002,6,0.07106993
134,1.3220618305002,7,0.07096304
134,1.3220618305002,8,0.07121129
134,1.3220618305002,9,0.07074405
134,1.3220618305002,10,0.07094996
134,1.3220618305002,11,0.0707858
134,1.3220618305002,12,0.07062637
134,1.3220618305002,13,0.07091988
134,1.3220618305002,14,0.07094357
134,1.3220618305002,15,0.07086007
135,1.331217383343,0,0.07099868
135,1.331217383343,1,0.07085199
135,1.331217383343,2,0.07069437
135,1.331217383343,3,0.0709651
135,1.331217383343,4,0.07071544
135,1.331217383343,5,0.07072497
135,1.331217383343,6,0.07080021
135,1.331217383343,7,0.07080497
135,1.331217383343,8,0.07090302
135,1.331217383343,9,0.07068925
135,1.331217383343,10,0.07069342
135,1.331217383343,11,0.07095531
135,1.331217383343,12,0.07066411
135,1.331217383343,13,0.07088004
135,1.331217383343,14,0.07072644
135,1.331217383343,15,0.07053524
136,1.34098330637532,0,0.07086729
136,1.34098330637532,1,0.07090402
136,1.34098330637532,2,0.07104103
136,1.34098330637532,3,0.07082193
136,1.34098330637532,4,0.07076202
136,1.34098330637532,5,0.07072332
136,1.34098330637532,6,0.07081781
136,1.34098330637532,7,0.07096083
136,1.34098330637532,8,0.07073753
136,1.34098330637532,9,0.07101172
136,1.34098330637532,10,0.07089891
136,1.34098330637532,11,0.07092521
136,1.34098330637532,12,0.0709654
136,1.34098330637532,13,0.07092054
136,1.34098330637532,14,0.07077747
136,1.34098330637532,15,0.07062759
137,1.35196996978668,0,0.07072553
137,1.35196996978668,1,0.07092706
137,1.35196996978668,2,0.07084537
137,1.35196996978668,3,0.07094281
137,1.35196996978668,4,0.07090137
137,1.35196996978668,5,0.07095562
137,1.35196996978668,6,0.07080201
137,1.35196996978668,7,0.07068775
137,1.35196996978668,8,0.07090142
137,1.35196996978668,9,0.07102297
137,1.35196996978668,10,0.07091727
137,1.35196996978668,11,0.07094699
137,1.35196996978668,12,0.07093719
137,1.35196996978668,13,0.07108077
137,1.35196996978668,14,0.07072518
137,1.35196996978668,15,0.07102124
138,1.36234626300851,0,0.07109582
138,1.36234626300851,1,0.07112318
138,1.36234626300851,2,0.07107796
138,1.36234626300851,3,0.07116523
138,1.36234626300851,4,0.07109989
138,1.36234626300851,5,0.07100875
138,1.36234626300851,6,0.0710348
138,1.36234626300851,7,0.07098492
138,1.36234626300851,8,0.07121731
138,1.36234626300851,9,0.07103169
138,1.36234626300851,10,0.07101317
138,1.36234626300851,11,0.07107575
138,1.36234626300851,12,0.07105894
138,1.36234626300851,13,0.07097263
138,1.36234626300851,14,0.0709125
138,1.36234626300851,15,0.07084687
139,1.37211218604083,0,0.0711152
139,1.37211218604083,1,0.07072528
139,1.37211218604083,2,0.07104062
139,1.37211218604083,3,0.07076578
139,1.37211218604083,4,0.07120176
139,1.37211218604083,5,0.07111716
139,1.37211218604083,6,0.07114607
139,1.37211218604083,7,0.07093148
139,1.37211218604083,8,0.07138121
139,1.37211218604083,9,0.07143173
139,1.37211218604083,10,0.07117851
139,1.37211218604083,11,0.07114706
139,1.37211218604083,12,0.07115905
139,1.37211218604083,13,0.07123378
139,1.37211218604083,14,0.07086468
139,1.37211218604083,15,0.07110591
140,1.38248847926267,0,0.07086779
140,1.38248847926267,1,0.07082961
140,1.38248847926267,2,0.07118414
140,1.38248847926267,3,0.07076614
140,1.38248847926267,4,0.07099029
140,1.38248847926267,5,0.07092405
140,1.38248847926267,6,0.07077772
140,1.38248847926267,7,0.07092937
140,1.38248847926267,8,0.07091457
140,1.38248847926267,9,0.07084507
140,1.38248847926267,10,0.07075384
140,1.38248847926267,11,0.07079709
140,1.38248847926267,12,0.07081074
140,1.38248847926267,13,0.07071825
140,1.38248847926267,14,0.07100544
140,1.38248847926267,15,0.07097188
141,1.39225440229499,0,0.07121059
141,1.39225440229499,1,0.07110186
141,1.39225440229499,2,0.07076342
141,1.39225440229499,3,0.07083172
141,1.39225440229499,4,0.07113959
141,1.39225440229499,5,0.07104585
141,1.39225440229499,6,0.07112462
141,1.39225440229499,7,0.07110747
141,1.39225440229499,8,0.07097448
141,1.39225440229499,9,0.07104379
141,1.39225440229499,10,0.07097428
141,1.39225440229499,11,0.07066266
141,1.39225440229499,12,0.07072046
141,1.39225440229499,13,0.07077581
141,1.39225440229499,14,0.07098999
141,1.39225440229499,15,0.07083678
142,1.40202032532731,0,0.07113557
142,1.40202032532731,1,0.07117441
142,1.40202032532731,2,0.07116613
142,1.40202032532731,3,0.07131441
142,1.40202032532731,4,0.0711459
142,1.40202032532731,5,0.07127046
142,1.40202032532731,6,0.07099862
142,1.40202032532731,7,0.07113903
142,1.40202032532731,8,0.07108514
142,1.40202032532731,9,0.07092088
142,1.40202032532731,10,0.0706642
142,1.40202032532731,11,0.07114435
142,1.40202032532731,12,0.07083341
142,1.40202032532731,13,0.07071449
142,1.40202032532731,14,0.07078089
142,1.40202032532731,15,0.07084005
143,1.41300698873867,0,0.07087301
143,1.41300698873867,1,0.07102251
143,1.41300698873867,2,0.07101488
143,1.41300698873867,3,0.07080889
143,1.41300698873867,4,0.07099104
143,1.41300698873867,5,0.07096218
143,1.41300698873867,6,0.07104504
143,1.41300698873867,7,0.07120698
143,1.41300698873867,8,0.07104123
143,1.41300698873867,9,0.07093424
143,1.41300698873867,10,0.0709621
143,1.41300698873867,11,0.07091974
143,1.41300698873867,12,0.07084215
143,1.41300698873867,13,0.07114716
143,1.41300698873867,14,0.07092119
143,1.41300698873867,15,0.07118975
144,1.42216254158147,0,0.0711882
144,1.42216254158147,1,0.07109628
144,1.42216254158147,2,0.07064921
144,1.42216254158147,3,0.07091411
144,1.42216254158147,4,0.07095376
144,1.42216254158147,5,0.07095603
144,1.42216254158147,6,0.0708533
144,1.42216254158147,7,0.07098974
144,1.42216254158147,8,0.07098422
144,1.42216254158147,9,0.07107911
144,1.42216254158147,10,0.07075449
144,1.42216254158147,11,0.07104013
144,1.42216254158147,12,0.07090387
144,1.42216254158147,13,0.07097188
144,1.42216254158147,14,0.0710467
144,1.42216254158147,15,0.07079659
145,1.43253883480331,0,0.07113
145,1.43253883480331,1,0.0710067
145,1.43253883480331,2,0.07102226
145,1.43253883480331,3,0.0708412
145,1.43253883480331,4,0.07094247
145,1.43253883480331,5,0.07073989
145,1.43253883480331,6,0.0709234
145,1.43253883480331,7,0.07074916
145,1.43253883480331,8,0.0711453
145,1.43253883480331,9,0.07095427
145,1.43253883480331,10,0.07095747
145,1.43253883480331,11,0.07105824
145,1.43253883480331,12,0.0712842
145,1.43253883480331,13,0.07106716
145,1.43253883480331,14,0.07076457
145,1.43253883480331,15,0.07086946
146,1.44230475783563,0,0.07087964
146,1.44230475783563,1,0.07102241
146,1.44230475783563,2,0.07108749
146,1.44230475783563,3,0.07110154
146,1.44230475783563,4,0.07105653
146,1.44230475783563,5,0.07124783
146,1.44230475783563,6,0.07115393
146,1.44230475783563,7,0.07114343
146,1.44230475783563,8,0.07115112
146,1.44230475783563,9,0.07074118
146,1.44230475783563,10,0.07084326
146,1.44230475783563,11,0.07102788
146,1.44230475783563,12,0.07110963
146,1.44230475783563,13,0.07124552
146,1.44230475783563,14,0.07100579
146,1.44230475783563,15,0.07090117
147,1.45207068086795,0,0.07093529
147,1.45207068086795,1,0.07128567
147,1.45207068086795,2,0.07132033
147,1.45207068086795,3,0.0714088
147,1.45207068086795,4,0.07135767
147,1.45207068086795,5,0.07138999
147,1.45207068086795,6,0.0711844
147,1.45207068086795,7,0.07111519
147,1.45207068086795,8,0.07111213
147,1.45207068086795,9,0.07094011
147,1.45207068086795,10,0.07151303
147,1.45207068086795,11,0.07116909
147,1.45207068086795,12,0.07091617
147,1.45207068086795,13,0.07101257
147,1.45207068086795,14,0.07113015
147,1.45207068086795,15,0.07094227
148,1.46183660390027,0,0.07076267
148,1.46183660390027,1,0.0707273
148,1.46183660390027,2,0.07087999
148,1.46183660390027,3,0.07082976
148,1.46183660390027,4,0.07103702
148,1.46183660390027,5,0.07127915
148,1.46183660390027,6,0.07108844
148,1.46183660390027,7,0.07140173
148,1.46183660390027,8,0.07118811
148,1.46183660390027,9,0.07087738
148,1.46183660390027,10,0.07117727
148,1.46183660390027,11,0.07095196
148,1.46183660390027,12,0.07130041
148,1.46183660390027,13,0.0713241
148,1.46183660390027,14,0.07129022
148,1.46183660390027,15,0.07136399
149,1.4722128971221,0,0.07084898
149,1.4722128971221,1,0.07079488
149,1.4722128971221,2,0.07069488
149,1.4722128971221,3,0.07077958
149,1.4722128971221,4,0.07076954
149,1.4722128971221,5,0.07074958
149,1.4722128971221,6,0.07087643
149,1.4722128971221,7,0.07077687
149,1.4722128971221,8,0.07078385
149,1.4722128971221,9,0.07098126
149,1.4722128971221,10,0.07091029
149,1.4722128971221,11,0.07093403
149,1.4722128971221,12,0.0710074
149,1.4722128971221,13,0.07087226
149,1.4722128971221,14,0.0713659
149,1.4722128971221,15,0.07095441
150,1.48197882015442,0,0.07068931
150,1.48197882015442,1,0.07064464
150,1.48197882015442,2,0.07079349
150,1.48197882015442,3,0.07060901
150,1.48197882015442,4,0.07061292
150,1.48197882015442,5,0.07075253
150,1.48197882015442,6,0.07085309
150,1.48197882015442,7,0.07097007
150,1.48197882015442,8,0.07067269
150,1.48197882015442,9,0.07102397
150,1.48197882015442,10,0.07109778
150,1.48197882015442,11,0.07088632
150,1.48197882015442,12,0.07095145
150,1.48197882015442,13,0.07136716
150,1.48197882015442,14,0.0710074
150,1.48197882015442,15,0.07085083
151,1.49174474318674,0,0.07100555
151,1.49174474318674,1,0.07101633
151,1.49174474318674,2,0.07099812
151,1.49174474318674,3,0.07102767
151,1.49174474318674,4,0.07097603
151,1.49174474318674,5,0.07125399
151,1.49174474318674,6,0.07094337
151,1.49174474318674,7,0.07083669
151,1.49174474318674,8,0.07078555
151,1.49174474318674,9,0.0710629
151,1.49174474318674,10,0.07081596
151,1.49174474318674,11,0.07079569
151,1.49174474318674,12,0.07088908
151,1.49174474318674,13,0.07083141
151,1.49174474318674,14,0.07065759
151,1.49174474318674,15,0.07091146
152,1.50090029602954,0,0.07105618
152,1.50090029602954,1,0.0713105
152,1.50090029602954,2,0.07080813
152,1.50090029602954,3,0.07065693
152,1.50090029602954,4,0.07099842
152,1.50090029602954,5,0.07102913
152,1.50090029602954,6,0.07108293
152,1.50090029602954,7,0.07093093
152,1.50090029602954,8,0.07088015
152,1.50090029602954,9,0.07094623
152,1.50090029602954,10,0.07073833
152,1.50090029602954,11,0.07053961
152,1.50090029602954,12,0.07081671
152,1.50090029602954,13,0.0708135
152,1.50090029602954,14,0.07056912
152,1.50090029602954,15,0.0707975
153,1.5118869594409,0,0.07131547
153,1.5118869594409,1,0.07116979
153,1.5118869594409,2,0.07098858
153,1.5118869594409,3,0.07100189
153,1.5118869594409,4,0.07119137
153,1.5118869594409,5,0.07098241
153,1.5118869594409,6,0.07106385
153,1.5118869594409,7,0.07095025
153,1.5118869594409,8,0.07087266
153,1.5118869594409,9,0.0707149
153,1.5118869594409,10,0.07089881
153,1.5118869594409,11,0.07091677
153,1.5118869594409,12,0.07093634
153,1.5118869594409,13,0.07087237
153,1.5118869594409,14,0.07110406
153,1.5118869594409,15,0.0709269
154,1.52165288247322,0,0.07091215
154,1.52165288247322,1,0.07119925
154,1.52165288247322,2,0.07131456
154,1.52165288247322,3,0.07102742
154,1.52165288247322,4,0.07100745
154,1.52165288247322,5,0.07109021
154,1.52165288247322,6,0.0711166
154,1.52165288247322,7,0.07099018
154,1.52165288247322,8,0.07086158
154,1.52165288247322,9,0.07064043
154,1.52165288247322,10,0.0711853
154,1.52165288247322,11,0.07102606
154,1.52165288247322,12,0.07108223
154,1.52165288247322,13,0.07112964
154,1.52165288247322,14,0.07108659
154,1.52165288247322,15,0.07127599
155,1.53141880550554,0,0.07119414
155,1.53141880550554,1,0.07102752
155,1.53141880550554,2,0.071464
155,1.53141880550554,3,0.07121319
155,1.53141880550554,4,0.0710584
155,1.53141880550554,5,0.07079118
155,1.53141880550554,6,0.07069186
155,1.53141880550554,7,0.07132144
155,1.53141880550554,8,0.07080512
155,1.53141880550554,9,0.07088511
155,1.53141880550554,10,0.07088375
155,1.53141880550554,11,0.07124822
155,1.53141880550554,12,0.07122223
155,1.53141880550554,13,0.07103756
155,1.53141880550554,14,0.07118303
155,1.53141880550554,15,0.07100299
156,1.54179509872738,0,0.071379
156,1.54179509872738,1,0.07094769
156,1.54179509872738,2,0.07138523
156,1.54179509872738,3,0.07144534
156,1.54179509872738,4,0.07118234
156,1.54179509872738,5,0.071087
156,1.54179509872738,6,0.07143381
156,1.54179509872738,7,0.07149277
156,1.54179509872738,8,0.07162754
156,1.54179509872738,9,0.07147836
156,1.54179509872738,10,0.07153652
156,1.54179509872738,11,0.07120166
156,1.54179509872738,12,0.07134112
156,1.54179509872738,13,0.07105142
156,1.54179509872738,14,0.0710886
156,1.54179509872738,15,0.0712835
157,1.55095065157018,0,0.07124
157,1.55095065157018,1,0.0712676
157,1.55095065157018,2,0.07171758
157,1.55095065157018,3,0.07146797
157,1.55095065157018,4,0.07139879
157,1.55095065157018,5,0.07148694
157,1.55095065157018,6,0.0713521
157,1.55095065157018,7,0.07120277
157,1.55095065157018,8,0.07111288
157,1.55095065157018,9,0.071406
157,1.55095065157018,10,0.07156388
157,1.55095065157018,11,0.07122394
157,1.55095065157018,12,0.07101026
157,1.55095065157018,13,0.07102421
157,1.55095065157018,14,0.07110225
157,1.55095065157018,15,0.07100444
158,1.56193731498154,0,0.07108182
158,1.56193731498154,1,0.07100248
158,1.56193731498154,2,0.07109793
158,1.56193731498154,3,0.07096766
158,1.56193731498154,4,0.07119001
158,1.56193731498154,5,0.07109386
158,1.56193731498154,6,0.07138693
158,1.56193731498154,7,0.07118234
158,1.56193731498154,8,0.07127076
158,1.56193731498154,9,0.0714763
158,1.56193731498154,10,0.07086383
158,1.56193731498154,11,0.07112665
158,1.56193731498154,12,0.0710337
158,1.56193731498154,13,0.07109909
158,1.56193731498154,14,0.07112367
158,1.56193731498154,15,0.07116523
159,1.57231360820338,0,0.07104293
159,1.57231360820338,1,0.07092997
159,1.57231360820338,2,0.07107545
159,1.57231360820338,3,0.07102431
159,1.57231360820338,4,0.0712968
159,1.57231360820338,5,0.07105257
159,1.57231360820338,6,0.07106756
159,1.57231360820338,7,0.07080131
159,1.57231360820338,8,0.0711146
159,1.57231360820338,9,0.07095838
159,1.57231360820338,10,0.07118119
159,1.57231360820338,11,0.07121415
159,1.57231360820338,12,0.07122193
159,1.57231360820338,13,0.07144228
159,1.57231360820338,14,0.07131597
159,1.57231360820338,15,0.07101534
160,1.58146916104617,0,0.07159653
160,1.58146916104617,1,0.07100771
160,1.58146916104617,2,0.07113487
160,1.58146916104617,3,0.07098743
160,1.58146916104617,4,0.07101502
160,1.58146916104617,5,0.07122975
160,1.58146916104617,6,0.07133935
160,1.58146916104617,7,0.07148755
160,1.58146916104617,8,0.07129846
160,1.58146916104617,9,0.0712823
160,1.58146916104617,10,0.07135732
160,1.58146916104617,11,0.07116985
160,1.58146916104617,12,0.07103018
160,1.58146916104617,13,0.07111816
160,1.58146916104617,14,0.07118008
160,1.58146916104617,15,0.0709926
161,1.59184545426801,0,0.07140651
161,1.59184545426801,1,0.07124371
161,1.59184545426801,2,0.07112408
161,1.59184545426801,3,0.07128211
161,1.59184545426801,4,0.07137769
161,1.59184545426801,5,0.07111178
161,1.59184545426801,6,0.07106381
161,1.59184545426801,7,0.07153994
161,1.59184545426801,8,0.07105322
161,1.59184545426801,9,0.07109156
161,1.59184545426801,10,0.07129228
161,1.59184545426801,11,0.07116749
161,1.59184545426801,12,0.07100529
161,1.59184545426801,13,0.07114209
161,1.59184545426801,14,0.07129034
161,1.59184545426801,15,0.07095938
162,1.60161137730033,0,0.07111981
162,1.60161137730033,1,0.0713947
162,1.60161137730033,2,0.07135446
162,1.60161137730033,3,0.07140981
162,1.60161137730033,4,0.07110711
162,1.60161137730033,5,0.0714491
162,1.60161137730033,6,0.07144975
162,1.60161137730033,7,0.07139727
162,1.60161137730033,8,0.07095291
162,1.60161137730033,9,0.07127462
162,1.60161137730033,10,0.0712705
162,1.60161137730033,11,0.07124984
162,1.60161137730033,12,0.07114324
162,1.60161137730033,13,0.07134001
162,1.60161137730033,14,0.07126394
162,1.60161137730033,15,0.0711705
163,1.61198767052217,0,0.07139055
163,1.61198767052217,1,0.071147
163,1.61198767052217,2,0.07133899
163,1.61198767052217,3,0.07129835
163,1.61198767052217,4,0.07131176
163,1.61198767052217,5,0.07116988
163,1.61198767052217,6,0.07107379
163,1.61198767052217,7,0.07097735
163,1.61198767052217,8,0.07115895
163,1.61198767052217,9,0.07104328
163,1.61198767052217,10,0.07130288
163,1.61198767052217,11,0.07141297
163,1.61198767052217,12,0.07129293
163,1.61198767052217,13,0.07128266
163,1.61198767052217,14,0.07124822
163,1.61198767052217,15,0.07142898
164,1.62175359355449,0,0.07150957
164,1.62175359355449,1,0.07138749
164,1.62175359355449,2,0.07113282
164,1.62175359355449,3,0.07126644
164,1.62175359355449,4,0.07116985
164,1.62175359355449,5,0.07132746
164,1.62175359355449,6,0.0708962
164,1.62175359355449,7,0.07080261
164,1.62175359355449,8,0.07105272
164,1.62175359355449,9,0.07133188
164,1.62175359355449,10,0.07100951
164,1.62175359355449,11,0.0711035
164,1.62175359355449,12,0.07094458
164,1.62175359355449,13,0.07143415
164,1.62175359355449,14,0.07107936
164,1.62175359355449,15,0.07136822
165,1.63212988677633,0,0.07129248
165,1.63212988677633,1,0.07125108
165,1.63212988677633,2,0.07113036
165,1.63212988677633,3,0.07153647
165,1.63212988677633,4,0.07130432
165,1.63212988677633,5,0.07103571
165,1.63212988677633,6,0.07149146
165,1.63212988677633,7,0.07129434
165,1.63212988677633,8,0.07147576
165,1.63212988677633,9,0.07124963
165,1.63212988677633,10,0.07132419
165,1.63212988677633,11,0.07152507
165,1.63212988677633,12,0.07152326
165,1.63212988677633,13,0.07122073
165,1.63212988677633,14,0.07143013
165,1.63212988677633,15,0.07183293
166,1.64189580980865,0,0.07158765
166,1.64189580980865,1,0.07136399
166,1.64189580980865,2,0.07153397
166,1.64189580980865,3,0.07149146
166,1.64189580980865,4,0.07149578
166,1.64189580980865,5,0.07151895
166,1.64189580980865,6,0.07142767
166,1.64189580980865,7,0.0714352
166,1.64189580980865,8,0.07154825
166,1.64189580980865,9,0.07152201
166,1.64189580980865,10,0.07165687
166,1.64189580980865,11,0.07121395
166,1.64189580980865,12,0.07135186
166,1.64189580980865,13,0.07155008
166,1.64189580980865,14,0.07128616
166,1.64189580980865,15,0.07142406
167,1.65105136265145,0,0.07142267
167,1.65105136265145,1,0.07127884
167,1.65105136265145,2,0.07132947
167,1.65105136265145,3,0.07110977
167,1.65105136265145,4,0.07124487
167,1.65105136265145,5,0.07120427
167,1.65105136265145,6,0.07109006
167,1.65105136265145,7,0.07102963
167,1.65105136265145,8,0.07125545
167,1.65105136265145,9,0.07140404
167,1.65105136265145,10,0.07122318
167,1.65105136265145,11,0.07132882
167,1.65105136265145,12,0.07144238
167,1.65105136265145,13,0.07102994
167,1.65105136265145,14,0.07125214
167,1.65105136265145,15,0.07141246
168,1.66142765587329,0,0.0716698
168,1.66142765587329,1,0.07147571
168,1.66142765587329,2,0.07162461
168,1.66142765587329,3,0.07170487
168,1.66142765587329,4,0.07175938
168,1.66142765587329,5,0.07162891
168,1.66142765587329,6,0.07133503
168,1.66142765587329,7,0.07140087
168,1.66142765587329,8,0.07165346
168,1.66142765587329,9,0.0715866
168,1.66142765587329,10,0.07168997
168,1.66142765587329,11,0.07163127
168,1.66142765587329,12,0.07140676
168,1.66142765587329,13,0.07175094
168,1.66142765587329,14,0.0715593
168,1.66142765587329,15,0.07157752
169,1.67180394909513,0,0.07148137
169,1.67180394909513,1,0.07161671
169,1.67180394909513,2,0.07139676
169,1.67180394909513,3,0.07154319
169,1.67180394909513,4,0.0713773
169,1.67180394909513,5,0.07148724
169,1.67180394909513,6,0.07133237
169,1.67180394909513,7,0.071642
169,1.67180394909513,8,0.07138276
169,1.67180394909513,9,0.0715851
169,1.67180394909513,10,0.07150932
169,1.67180394909513,11,0.07149823
169,1.67180394909513,12,0.07137262
169,1.67180394909513,13,0.07110781
169,1.67180394909513,14,0.07112197
169,1.67180394909513,15,0.07117075
170,1.68156987212745,0,0.07171226
170,1.68156987212745,1,0.07169385
170,1.68156987212745,2,0.07155383
170,1.68156987212745,3,0.07171954
170,1.68156987212745,4,0.07167572
170,1.68156987212745,5,0.07125861
170,1.68156987212745,6,0.07107575
170,1.68156987212745,7,0.0712842
170,1.68156987212745,8,0.07141493
170,1.68156987212745,9,0.07130082
170,1.68156987212745,10,0.07164234
170,1.68156987212745,11,0.07133399
170,1.68156987212745,12,0.07174965
170,1.68156987212745,13,0.07127928
170,1.68156987212745,14,0.07133906
170,1.68156987212745,15,0.07126821
171,1.6925565355388,0,0.07117541
171,1.6925565355388,1,0.07135903
171,1.6925565355388,2,0.07149649
171,1.6925565355388,3,0.07136434
171,1.6925565355388,4,0.07154068
171,1.6925565355388,5,0.07178457
171,1.6925565355388,6,0.07155353
171,1.6925565355388,7,0.07148523
171,1.6925565355388,8,0.07129444
171,1.6925565355388,9,0.07145638
171,1.6925565355388,10,0.07153863
171,1.6925565355388,11,0.07142411
171,1.6925565355388,12,0.07167337
171,1.6925565355388,13,0.07154641
171,1.6925565355388,14,0.07166404
171,1.6925565355388,15,0.07145322
172,1.7017120883816,0,0.07135893
172,1.7017120883816,1,0.07139786
172,1.7017120883816,2,0.07145005
172,1.7017120883816,3,0.071407
172,1.7017120883816,4,0.07128185
172,1.7017120883816,5,0.07160553
172,1.7017120883816,6,0.07134929
172,1.7017120883816,7,0.07157397
172,1.7017120883816,8,0.0715166
172,1.7017120883816,9,0.07146119
172,1.7017120883816,10,0.07152944
172,1.7017120883816,11,0.07137022
172,1.7017120883816,12,0.07134181
172,1.7017120883816,13,0.07120772
172,1.7017120883816,14,0.07136256
172,1.7017120883816,15,0.07139786
173,1.71147801141392,0,0.07177798
173,1.71147801141392,1,0.07134433
173,1.71147801141392,2,0.0712819
173,1.71147801141392,3,0.07157345
173,1.71147801141392,4,0.07155608
173,1.71147801141392,5,0.07163078
173,1.71147801141392,6,0.07152724
173,1.71147801141392,7,0.07158961
173,1.71147801141392,8,0.07153621
173,1.71147801141392,9,0.07147666
173,1.71147801141392,10,0.07168362
173,1.71147801141392,11,0.07158349
173,1.71147801141392,12,0.07168315
173,1.71147801141392,13,0.07176188
173,1.71147801141392,14,0.07152172
173,1.71147801141392,15,0.07145523
174,1.72246467482528,0,0.07115158
174,1.72246467482528,1,0.07128144
174,1.72246467482528,2,0.07135782
174,1.72246467482528,3,0.07123412
174,1.72246467482528,4,0.07098391
174,1.72246467482528,5,0.07154625
174,1.72246467482528,6,0.07173951
174,1.72246467482528,7,0.07117362
174,1.72246467482528,8,0.07115018
174,1.72246467482528,9,0.0714762
174,1.72246467482528,10,0.07176177
174,1.72246467482528,11,0.07154584
174,1.72246467482528,12,0.07143199
174,1.72246467482528,13,0.07155158
174,1.72246467482528,14,0.07148186
174,1.72246467482528,15,0.07145955
175,1.73162022766808,0,0.07133473
175,1.73162022766808,1,0.07130077
175,1.73162022766808,2,0.07124145
175,1.73162022766808,3,0.07140167
175,1.73162022766808,4,0.0715578
175,1.73162022766808,5,0.07136801
175,1.73162022766808,6,0.07135843
175,1.73162022766808,7,0.07167102
175,1.73162022766808,8,0.07165986
175,1.73162022766808,9,0.07169579
175,1.73162022766808,10,0.07161565
175,1.73162022766808,11,0.07132705
175,1.73162022766808,12,0.07166152
175,1.73162022766808,13,0.07149471
175,1.73162022766808,14,0.07172937
175,1.73162022766808,15,0.07148804
176,1.74077578051088,0,0.07191854
176,1.74077578051088,1,0.07136253
176,1.74077578051088,2,0.07140123
176,1.74077578051088,3,0.07141467
176,1.74077578051088,4,0.07131011
176,1.74077578051088,5,0.07149719
176,1.74077578051088,6,0.07148001
176,1.74077578051088,7,0.07136554
176,1.74077578051088,8,0.07161179
176,1.74077578051088,9,0.07161485
176,1.74077578051088,10,0.07165464
176,1.74077578051088,11,0.07175843
176,1.74077578051088,12,0.07166287
176,1.74077578051088,13,0.07162198
176,1.74077578051088,14,0.07159823
176,1.74077578051088,15,0.07172325
177,1.75237281411176,0,0.07195318
177,1.75237281411176,1,0.07137941
177,1.75237281411176,2,0.0715165
177,1.75237281411176,3,0.07171653
177,1.75237281411176,4,0.07183424
177,1.75237281411176,5,0.07173339
177,1.75237281411176,6,0.07200985
177,1.75237281411176,7,0.07169494
177,1.75237281411176,8,0.07170006
177,1.75237281411176,9,0.07166465
177,1.75237281411176,10,0.07174106
177,1.75237281411176,11,0.0715427
177,1.75237281411176,12,0.07179312
177,1.75237281411176,13,0.07150531
177,1.75237281411176,14,0.07149225
177,1.75237281411176,15,0.07170699
178,1.76152836695456,0,0.0718732
178,1.76152836695456,1,0.07149903
178,1.76152836695456,2,0.07141604
178,1.76152836695456,3,0.07140013
178,1.76152836695456,4,0.0716093
178,1.76152836695456,5,0.07148819
178,1.76152836695456,6,0.07133865
178,1.76152836695456,7,0.07146035
178,1.76152836695456,8,0.07158671
178,1.76152836695456,9,0.07161642
178,1.76152836695456,10,0.07141127
178,1.76152836695456,11,0.07127131
178,1.76152836695456,12,0.07167639
178,1.76152836695456,13,0.07163379
178,1.76152836695456,14,0.07143175
178,1.76152836695456,15,0.07156557
179,1.77129428998688,0,0.07134657
179,1.77129428998688,1,0.07123764
179,1.77129428998688,2,0.07172605
179,1.77129428998688,3,0.07123332
179,1.77129428998688,4,0.07108092
179,1.77129428998688,5,0.07156192
179,1.77129428998688,6,0.07141577
179,1.77129428998688,7,0.07140448
179,1.77129428998688,8,0.07154576
179,1.77129428998688,9,0.07153662
179,1.77129428998688,10,0.07170418
179,1.77129428998688,11,0.07179968
179,1.77129428998688,12,0.071585
179,1.77129428998688,13,0.0715868
179,1.77129428998688,14,0.07169463
179,1.77129428998688,15,0.07145903
180,1.78167058320872,0,0.07177559
180,1.78167058320872,1,0.07186234
180,1.78167058320872,2,0.0715031
180,1.78167058320872,3,0.07149005
180,1.78167058320872,4,0.07161215
180,1.78167058320872,5,0.07154345
180,1.78167058320872,6,0.07140391
180,1.78167058320872,7,0.0715857
180,1.78167058320872,8,0.07170914
180,1.78167058320872,9,0.07177804
180,1.78167058320872,10,0.07176138
180,1.78167058320872,11,0.07150757
180,1.78167058320872,12,0.07139627
180,1.78167058320872,13,0.07132275
180,1.78167058320872,14,0.07135355
180,1.78167058320872,15,0.07121827
181,1.79204687643056,0,0.07157662
181,1.79204687643056,1,0.07142321
181,1.79204687643056,2,0.07149923
181,1.79204687643056,3,0.07139521
181,1.79204687643056,4,0.07149401
181,1.79204687643056,5,0.07169054
181,1.79204687643056,6,0.07178066
181,1.79204687643056,7,0.07155538
181,1.79204687643056,8,0.07185959
181,1.79204687643056,9,0.07172175
181,1.79204687643056,10,0.0716951
181,1.79204687643056,11,0.07189683
181,1.79204687643056,12,0.07181419
181,1.79204687643056,13,0.07141698
181,1.79204687643056,14,0.07188113
181,1.79204687643056,15,0.07184433
182,1.80120242927335,0,0.07149105
182,1.80120242927335,1,0.07175315
182,1.80120242927335,2,0.07163588
182,1.80120242927335,3,0.07173951
182,1.80120242927335,4,0.07188161
182,1.80120242927335,5,0.07183946
182,1.80120242927335,6,0.07183871
182,1.80120242927335,7,0.07155398
182,1.80120242927335,8,0.07173195
182,1.80120242927335,9,0.07200972
182,1.80120242927335,10,0.07157154
182,1.80120242927335,11,0.07163969
182,1.80120242927335,12,0.07168379
182,1.80120242927335,13,0.07149246
182,1.80120242927335,14,0.07159743
182,1.80120242927335,15,0.07168295
183,1.81157872249519,0,0.07171602
183,1.81157872249519,1,0.07188298
183,1.81157872249519,2,0.07170147
183,1.81157872249519,3,0.07191198
183,1.81157872249519,4,0.07147316
183,1.81157872249519,5,0.0715865
183,1.81157872249519,6,0.07170503
183,1.81157872249519,7,0.07170312
183,1.81157872249519,8,0.07184809
183,1.81157872249519,9,0.07141398
183,1.81157872249519,10,0.07166272
183,1.81157872249519,11,0.07181056
183,1.81157872249519,12,0.07168362
183,1.81157872249519,13,0.07169954
183,1.81157872249519,14,0.07151946
183,1.81157872249519,15,0.07180243
184,1.82195501571703,0,0.07163091
184,1.82195501571703,1,0.07177623
184,1.82195501571703,2,0.07158791
184,1.82195501571703,3,0.07189335
184,1.82195501571703,4,0.0719179
184,1.82195501571703,5,0.07160677
184,1.82195501571703,6,0.07171813
184,1.82195501571703,7,0.07164687
184,1.82195501571703,8,0.07158349
184,1.82195501571703,9,0.07179867
184,1.82195501571703,10,0.07175722
184,1.82195501571703,11,0.07189848
184,1.82195501571703,12,0.07174031
184,1.82195501571703,13,0.07180163
184,1.82195501571703,14,0.07185151
184,1.82195501571703,15,0.07163779
185,1.83172093874935,0,0.07151284
185,1.83172093874935,1,0.07161529
185,1.83172093874935,2,0.07161264
185,1.83172093874935,3,0.07158142
185,1.83172093874935,4,0.0715709
185,1.83172093874935,5,0.07157119
185,1.83172093874935,6,0.07135723
185,1.83172093874935,7,0.07147975
185,1.83172093874935,8,0.07137725
185,1.83172093874935,9,0.07134207
185,1.83172093874935,10,0.07152754
185,1.83172093874935,11,0.07143505
185,1.83172093874935,12,0.07130347
185,1.83172093874935,13,0.07135301
185,1.83172093874935,14,0.07137072
185,1.83172093874935,15,0.07163755
186,1.84148686178167,0,0.07170688
186,1.84148686178167,1,0.07164064
186,1.84148686178167,2,0.07149257
186,1.84148686178167,3,0.07139851
186,1.84148686178167,4,0.07170083
186,1.84148686178167,5,0.07158755
186,1.84148686178167,6,0.07163938
186,1.84148686178167,7,0.07159749
186,1.84148686178167,8,0.07161997
186,1.84148686178167,9,0.07157064
186,1.84148686178167,10,0.07165235
186,1.84148686178167,11,0.07161671
186,1.84148686178167,12,0.07148462
186,1.84148686178167,13,0.07120929
186,1.84148686178167,14,0.07145929
186,1.84148686178167,15,0.0713644
187,1.85186315500351,0,0.07184554
187,1.85186315500351,1,0.07120517
187,1.85186315500351,2,0.07162188
187,1.85186315500351,3,0.07127668
187,1.85186315500351,4,0.07159452
187,1.85186315500351,5,0.07145406
187,1.85186315500351,6,0.07143279
187,1.85186315500351,7,0.07155614
187,1.85186315500351,8,0.07136606
187,1.85186315500351,9,0.07150225
187,1.85186315500351,10,0.07162073
187,1.85186315500351,11,0.07117717
187,1.85186315500351,12,0.07138381
187,1.85186315500351,13,0.07146586
187,1.85186315500351,14,0.07144007
187,1.85186315500351,15,0.07156727
188,1.86162907803583,0,0.07139194
188,1.86162907803583,1,0.07139923
188,1.86162907803583,2,0.07147399
188,1.86162907803583,3,0.07165845
188,1.86162907803583,4,0.07172731
188,1.86162907803583,5,0.07156768
188,1.86162907803583,6,0.07143436
188,1.86162907803583,7,0.07156534
188,1.86162907803583,8,0.07156131
188,1.86162907803583,9,0.07163308
188,1.86162907803583,10,0.07157637
188,1.86162907803583,11,0.07138397
188,1.86162907803583,12,0.07135813
188,1.86162907803583,13,0.07127607
188,1.86162907803583,14,0.0717137
188,1.86162907803583,15,0.0715683
189,1.87139500106815,0,0.07190585
189,1.87139500106815,1,0.0716437
189,1.87139500106815,2,0.07162237
189,1.87139500106815,3,0.07148549
189,1.87139500106815,4,0.07176118
189,1.87139500106815,5,0.07172816
189,1.87139500106815,6,0.07176334
189,1.87139500106815,7,0.07169921
189,1.87139500106815,8,0.07151503
189,1.87139500106815,9,0.07157481
189,1.87139500106815,10,0.07161038
189,1.87139500106815,11,0.07162739
189,1.87139500106815,12,0.07162945
189,1.87139500106815,13,0.07167602
189,1.87139500106815,14,0.07158073
189,1.87139500106815,15,0.07199775
190,1.88238166447951,0,0.07194641
190,1.88238166447951,1,0.07173393
190,1.88238166447951,2,0.07168601
190,1.88238166447951,3,0.07176975
190,1.88238166447951,4,0.07152448
190,1.88238166447951,5,0.07158243
190,1.88238166447951,6,0.07167497
190,1.88238166447951,7,0.0717933
190,1.88238166447951,8,0.07176133
190,1.88238166447951,9,0.07204871
190,1.88238166447951,10,0.07158248
190,1.88238166447951,11,0.07195519
190,1.88238166447951,12,0.07171586
190,1.88238166447951,13,0.0716811
190,1.88238166447951,14,0.07168259
190,1.88238166447951,15,0.07183666
191,1.89153721732231,0,0.07133891
191,1.89153721732231,1,0.07169203
191,1.89153721732231,2,0.07172842
191,1.89153721732231,3,0.07165238
191,1.89153721732231,4,0.0717831
191,1.89153721732231,5,0.07158168
191,1.89153721732231,6,0.07159743
191,1.89153721732231,7,0.07172129
191,1.89153721732231,8,0.07192528
191,1.89153721732231,9,0.07188859
191,1.89153721732231,10,0.07199042
191,1.89153721732231,11,0.07182922
191,1.89153721732231,12,0.07187871
191,1.89153721732231,13,0.0717135
191,1.89153721732231,14,0.07164661
191,1.89153721732231,15,0.07163031
192,1.90191351054414,0,0.0714752
192,1.90191351054414,1,0.07173609
192,1.90191351054414,2,0.07160266
192,1.90191351054414,3,0.07146209
192,1.90191351054414,4,0.07172551
192,1.90191351054414,5,0.07146742
192,1.90191351054414,6,0.07163629
192,1.90191351054414,7,0.07174834
192,1.90191351054414,8,0.07155041
192,1.90191351054414,9,0.07162947
192,1.90191351054414,10,0.07166926
192,1.90191351054414,11,0.07171627
192,1.90191351054414,12,0.0716691
192,1.90191351054414,13,0.07183643
192,1.90191351054414,14,0.07149743
192,1.90191351054414,15,0.0716304
193,1.91167943357646,0,0.07180042
193,1.91167943357646,1,0.07193512
193,1.91167943357646,2,0.07142089
193,1.91167943357646,3,0.07193998
193,1.91167943357646,4,0.07201234
193,1.91167943357646,5,0.0715585
193,1.91167943357646,6,0.071394
193,1.91167943357646,7,0.07130558
193,1.91167943357646,8,0.07162404
193,1.91167943357646,9,0.07159751
193,1.91167943357646,10,0.0718776
193,1.91167943357646,11,0.07161099
193,1.91167943357646,12,0.0713805
193,1.91167943357646,13,0.07178506
193,1.91167943357646,14,0.07193422
193,1.91167943357646,15,0.07176483
194,1.9220557267983,0,0.07152072
194,1.9220557267983,1,0.07140259
194,1.9220557267983,2,0.07144815
194,1.9220557267983,3,0.071698
194,1.9220557267983,4,0.07165606
194,1.9220557267983,5,0.07139923
194,1.9220557267983,6,0.07150798
194,1.9220557267983,7,0.07161871
194,1.9220557267983,8,0.07142054
194,1.9220557267983,9,0.07153933
194,1.9220557267983,10,0.07153933
194,1.9220557267983,11,0.07171146
194,1.9220557267983,12,0.07148678
194,1.9220557267983,13,0.07148523
194,1.9220557267983,14,0.0713817
194,1.9220557267983,15,0.07165634
195,1.93182164983062,0,0.07133579
195,1.93182164983062,1,0.07124863
195,1.93182164983062,2,0.07159699
195,1.93182164983062,3,0.07156246
195,1.93182164983062,4,0.07161666
195,1.93182164983062,5,0.07158053
195,1.93182164983062,6,0.07173107
195,1.93182164983062,7,0.07180274
195,1.93182164983062,8,0.07164656
195,1.93182164983062,9,0.07184584
195,1.93182164983062,10,0.07180459
195,1.93182164983062,11,0.07156774
195,1.93182164983062,12,0.07162219
195,1.93182164983062,13,0.07145553
195,1.93182164983062,14,0.07168892
195,1.93182164983062,15,0.07153351
196,1.94219794305246,0,0.07168485
196,1.94219794305246,1,0.07163974
196,1.94219794305246,2,0.07172381
196,1.94219794305246,3,0.07161576
196,1.94219794305246,4,0.07178041
196,1.94219794305246,5,0.07190887
196,1.94219794305246,6,0.07173714
196,1.94219794305246,7,0.07160307
196,1.94219794305246,8,0.07155765
196,1.94219794305246,9,0.07168707
196,1.94219794305246,10,0.07181193
196,1.94219794305246,11,0.07200754
196,1.94219794305246,12,0.07180408
196,1.94219794305246,13,0.07183596
196,1.94219794305246,14,0.07157767
196,1.94219794305246,15,0.07164144
197,1.95135349589526,0,0.07152162
197,1.95135349589526,1,0.07147861
197,1.95135349589526,2,0.07156467
197,1.95135349589526,3,0.07188532
197,1.95135349589526,4,0.07147589
197,1.95135349589526,5,0.07165775
197,1.95135349589526,6,0.07186556
197,1.95135349589526,7,0.07174409
197,1.95135349589526,8,0.07161259
197,1.95135349589526,9,0.07182652
197,1.95135349589526,10,0.07185984
197,1.95135349589526,11,0.07147694
197,1.95135349589526,12,0.071394
197,1.95135349589526,13,0.07162494
197,1.95135349589526,14,0.07180078
197,1.95135349589526,15,0.07158153
198,1.96111941892758,0,0.0715726
198,1.96111941892758,1,0.07154545
198,1.96111941892758,2,0.07143641
198,1.96111941892758,3,0.07167899
198,1.96111941892758,4,0.07163881
198,1.96111941892758,5,0.07166488
198,1.96111941892758,6,0.07153492
198,1.96111941892758,7,0.07140847
198,1.96111941892758,8,0.07140198
198,1.96111941892758,9,0.0711723
198,1.96111941892758,10,0.0712407
198,1.96111941892758,11,0.07155183
198,1.96111941892758,12,0.07146963
198,1.96111941892758,13,0.07182276
198,1.96111941892758,14,0.07185774
198,1.96111941892758,15,0.07138126
199,1.97149571214942,0,0.07173068
199,1.97149571214942,1,0.07155749
199,1.97149571214942,2,0.07183836
199,1.97149571214942,3,0.07173774
199,1.97149571214942,4,0.07199609
199,1.97149571214942,5,0.07160263
199,1.97149571214942,6,0.07180745
199,1.97149571214942,7,0.07193306
199,1.97149571214942,8,0.07179551
199,1.97149571214942,9,0.0718495
199,1.97149571214942,10,0.0717013
199,1.97149571214942,11,0.07184248
199,1.97149571214942,12,0.0718217
199,1.97149571214942,13,0.07146822
199,1.97149571214942,14,0.07180931
199,1.97149571214942,15,0.07166483
200,1.98187200537126,0,0.07189994
200,1.98187200537126,1,0.07193862
200,1.98187200537126,2,0.07203453
200,1.98187200537126,3,0.07174461
200,1.98187200537126,4,0.07185753
200,1.98187200537126,5,0.07193407
200,1.98187200537126,6,0.07205203
200,1.98187200537126,7,0.07189065
200,1.98187200537126,8,0.07191265
200,1.98187200537126,9,0.07197025
200,1.98187200537126,10,0.07181793
200,1.98187200537126,11,0.07195266
200,1.98187200537126,12,0.07182462
200,1.98187200537126,13,0.07169615
200,1.98187200537126,14,0.07163081
200,1.98187200537126,15,0.07172616
