position,voltage_mean,voltage_std,n_samples
0.0,-4.282196458333334,0.0009026009167569753,24
0.996734519486068,-4.282044791666666,0.0007744478129161463,24
1.99591051973022,-4.281417208333333,0.001174888930181835,24
2.9932554094058,-4.280288791666666,0.000674702896291259,24
3.99182103946043,-4.277265458333333,0.0010187606023646521,24
4.99099703970458,-4.271671,0.0007453659056687456,24
5.97979674672689,-4.257095458333334,0.0010049186110977209,24
6.977752006592,-4.235391541666666,0.0007427716663038996,24
7.97753837702567,-4.183754666666666,0.0007652744424205689,24
