position,voltage_mean,voltage_std,n_samples
-0.00610370189519944,0.010836868749999999,0.00021012843280583793,16
0.97415082247383,0.010717946875,0.00017810207788367967,16
1.9647816400647,0.011305442499999999,0.0002524334748379264,16
2.95602282784509,0.010403694375000001,0.0001681169296564431,16
3.94909512619404,0.01491074,0.00019602089391184812,16
4.94216742454298,0.0175869825,0.00022928937367712836,16
5.92120120853298,0.01805328375,0.000192609180397606,16
