pos_index,position,sample_index,voltage
0,-0.0097659230323191,0,0.06012327
0,-0.0097659230323191,1,0.06019641
0,-0.0097659230323191,2,0.06023372
0,-0.0097659230323191,3,0.06020876
0,-0.0097659230323191,4,0.06029206
0,-0.0097659230323191,5,0.06018048
0,-0.0097659230323191,6,0.0601704
0,-0.0097659230323191,7,0.06027513
0,-0.0097659230323191,8,0.0602767
0,-0.0097659230323191,9,0.05983222
0,-0.0097659230323191,10,0.05979613
0,-0.0097659230323191,11,0.06025127
1,-0.0097659230323191,0,0.06038008
1,-0.0097659230323191,1,0.06061305
1,-0.0097659230323191,2,0.06087007
1,-0.0097659230323191,3,0.0606631
1,-0.0097659230323191,4,0.06047263
1,-0.0097659230323191,5,0.06029708
1,-0.0097659230323191,6,0.06037327
1,-0.0097659230323191,7,0.06033801
1,-0.0097659230323191,8,0.0604293
1,-0.0097659230323191,9,0.06020754
1,-0.0097659230323191,10,0.06045046
1,-0.0097659230323191,11,0.06028713
1,-0.0097659230323191,12,0.06039626
1,-0.0097659230323191,13,0.06032125
1,-0.0097659230323191,14,0.06009626
1,-0.0097659230323191,15,0.06015448
2,0.0,0,0.06027889
2,0.0,1,0.06041263
2,0.0,2,0.06013182
2,0.0,3,0.06027739
2,0.0,4,0.06031204
2,0.0,5,0.06034626
2,0.0,6,0.06011939
2,0.0,7,0.06027801
2,0.0,8,0.06033788
2,0.0,9,0.0604111
2,0.0,10,0.06023861
2,0.0,11,0.06029067
2,0.0,12,0.06002212
2,0.0,13,0.06011786
2,0.0,14,0.06008657
2,0.0,15,0.06021909
3,0.010376293221839,0,0.06022904
3,0.010376293221839,1,0.0601512
3,0.010376293221839,2,0.06003579
3,0.010376293221839,3,0.0603299
3,0.010376293221839,4,0.06016451
3,0.010376293221839,5,0.06009979
3,0.010376293221839,6,0.06015565
3,0.010376293221839,7,0.06015958
3,0.010376293221839,8,0.06033365
3,0.010376293221839,9,0.06009024
3,0.010376293221839,10,0.06002227
3,0.010376293221839,11,0.06060663
3,0.010376293221839,12,0.06055117
3,0.010376293221839,13,0.06023944
3,0.010376293221839,14,0.06021478
3,0.010376293221839,15,0.06018838
4,0.0207525864436781,0,0.06030956
4,0.0207525864436781,1,0.06022054
4,0.0207525864436781,2,0.06041346
4,0.0207525864436781,3,0.06014279
4,0.0207525864436781,4,0.06026496
4,0.0207525864436781,5,0.05998734
4,0.0207525864436781,6,0.06016154
4,0.0207525864436781,7,0.06031527
4,0.0207525864436781,8,0.05995016
4,0.0207525864436781,9,0.06019497
4,0.0207525864436781,10,0.0604834
4,0.0207525864436781,11,0.06010617
4,0.0207525864436781,12,0.06012912
4,0.0207525864436781,13,0.06033684
4,0.0207525864436781,14,0.06015644
4,0.0207525864436781,15,0.06002976
5,0.0305185094759972,0,0.05981838
5,0.0305185094759972,1,0.05975118
5,0.0305185094759972,2,0.05983169
5,0.0305185094759972,3,0.06012791
5,0.0305185094759972,4,0.05976711
5,0.0305185094759972,5,0.05995562
5,0.0305185094759972,6,0.05998949
5,0.0305185094759972,7,0.06008221
5,0.0305185094759972,8,0.05984198
5,0.0305185094759972,9,0.06010875
5,0.0305185094759972,10,0.06019012
5,0.0305185094759972,11,0.06023625
5,0.0305185094759972,12,0.06007589
5,0.0305185094759972,13,0.05989611
5,0.0305185094759972,14,0.05988467
5,0.0305185094759972,15,0.06018738
6,0.0402844325083163,0,0.05987777
6,0.0402844325083163,1,0.06023983
6,0.0402844325083163,2,0.05972173
6,0.0402844325083163,3,0.05984632
6,0.0402844325083163,4,0.0599609
6,0.0402844325083163,5,0.0598149
6,0.0402844325083163,6,0.0597465
6,0.0402844325083163,7,0.05993333
6,0.0402844325083163,8,0.05953619
6,0.0402844325083163,9,0.06003002
6,0.0402844325083163,10,0.05975774
6,0.0402844325083163,11,0.05997412
6,0.0402844325083163,12,0.05966846
6,0.0402844325083163,13,0.06014841
6,0.0402844325083163,14,0.05989759
6,0.0402844325083163,15,0.05984264
7,0.0500503555406354,0,0.05972767
7,0.0500503555406354,1,0.05991552
7,0.0500503555406354,2,0.05995003
7,0.0500503555406354,3,0.05977702
7,0.0500503555406354,4,0.05976163
7,0.0500503555406354,5,0.0597411
7,0.0500503555406354,6,0.06006728
7,0.0500503555406354,7,0.05987747
7,0.0500503555406354,8,0.0600754
7,0.0500503555406354,9,0.06004512
7,0.0500503555406354,10,0.05991531
7,0.0500503555406354,11,0.06003822
7,0.0500503555406354,12,0.06018938
7,0.0500503555406354,13,0.05989846
7,0.0500503555406354,14,0.05967046
7,0.0500503555406354,15,0.06000577
8,0.0604266487624744,0,0.06007448
8,0.0604266487624744,1,0.06026859
8,0.0604266487624744,2,0.06038849
8,0.0604266487624744,3,0.06017743
8,0.0604266487624744,4,0.06014937
8,0.0604266487624744,5,0.06004151
8,0.0604266487624744,6,0.05993542
8,0.0604266487624744,7,0.06010041
8,0.0604266487624744,8,0.0600419
8,0.0604266487624744,9,0.05981503
8,0.0604266487624744,10,0.05993154
8,0.0604266487624744,11,0.0599787
8,0.0604266487624744,12,0.05997749
8,0.0604266487624744,13,0.05999861
8,0.0604266487624744,14,0.06017228
8,0.0604266487624744,15,0.06006991
9,0.0701925717947936,0,0.05978146
9,0.0701925717947936,1,0.05982712
9,0.0701925717947936,2,0.06009539
9,0.0701925717947936,3,0.05978798
9,0.0701925717947936,4,0.0599622
9,0.0701925717947936,5,0.05994693
9,0.0701925717947936,6,0.06001288
9,0.0701925717947936,7,0.06000282
9,0.0701925717947936,8,0.06024611
9,0.0701925717947936,9,0.06018027
9,0.0701925717947936,10,0.06048864
9,0.0701925717947936,11,0.06040779
9,0.0701925717947936,12,0.06011349
9,0.0701925717947936,13,0.06013502
9,0.0701925717947936,14,0.0600807
9,0.0701925717947936,15,0.06017999
10,0.0811792352061525,0,0.06023359
10,0.0811792352061525,1,0.06023773
10,0.0811792352061525,2,0.06021674
10,0.0811792352061525,3,0.06023284
10,0.0811792352061525,4,0.06019562
10,0.0811792352061525,5,0.06013393
10,0.0811792352061525,6,0.0599452
10,0.0811792352061525,7,0.05999741
10,0.0811792352061525,8,0.06014339
10,0.0811792352061525,9,0.06004679
10,0.0811792352061525,10,0.06023844
10,0.0811792352061525,11,0.06017289
10,0.0811792352061525,12,0.06012693
10,0.0811792352061525,13,0.06009225
10,0.0811792352061525,14,0.06012092
10,0.0811792352061525,15,0.06030241
11,0.0897244178594318,0,0.05998891
11,0.0897244178594318,1,0.06009312
11,0.0897244178594318,2,0.06004691
11,0.0897244178594318,3,0.0601028
11,0.0897244178594318,4,0.06011686
11,0.0897244178594318,5,0.06008567
11,0.0897244178594318,6,0.06001593
11,0.0897244178594318,7,0.05996103
11,0.0897244178594318,8,0.05987722
11,0.0897244178594318,9,0.0599685
11,0.0897244178594318,10,0.05991687
11,0.0897244178594318,11,0.05985059
11,0.0897244178594318,12,0.06015304
11,0.0897244178594318,13,0.06018157
11,0.0897244178594318,14,0.06010643
11,0.0897244178594318,15,0.06038505
12,0.101321451460311,0,0.06025672
12,0.101321451460311,1,0.06018228
12,0.101321451460311,2,0.06016443
12,0.101321451460311,3,0.0603785
12,0.101321451460311,4,0.05987488
12,0.101321451460311,5,0.06004495
12,0.101321451460311,6,0.05990653
12,0.101321451460311,7,0.05993397
12,0.101321451460311,8,0.06016067
12,0.101321451460311,9,0.06025479
12,0.101321451460311,10,0.06028089
12,0.101321451460311,11,0.06002976
12,0.101321451460311,12,0.06010102
12,0.101321451460311,13,0.05996156
12,0.101321451460311,14,0.06014125
12,0.101321451460311,15,0.06008112
13,0.10986663411359,0,0.06007493
13,0.10986663411359,1,0.06032191
13,0.10986663411359,2,0.06037357
13,0.10986663411359,3,0.06025951
13,0.10986663411359,4,0.06012437
13,0.10986663411359,5,0.060049
13,0.10986663411359,6,0.06019235
13,0.10986663411359,7,0.06020374
13,0.10986663411359,8,0.06010329
13,0.10986663411359,9,0.06034411
13,0.10986663411359,10,0.06006607
13,0.10986663411359,11,0.06006018
13,0.10986663411359,12,0.06033016
13,0.10986663411359,13,0.0602174
13,0.10986663411359,14,0.06018973
13,0.10986663411359,15,0.06004516
14,0.119632557145909,0,0.06033534
14,0.119632557145909,1,0.06018196
14,0.119632557145909,2,0.06011948
14,0.119632557145909,3,0.06018676
14,0.119632557145909,4,0.06036789
14,0.119632557145909,5,0.06037401
14,0.119632557145909,6,0.06037728
14,0.119632557145909,7,0.06045997
14,0.119632557145909,8,0.06046242
14,0.119632557145909,9,0.06045757
14,0.119632557145909,10,0.06003116
14,0.119632557145909,11,0.06037924
14,0.119632557145909,12,0.06028608
14,0.119632557145909,13,0.06026492
14,0.119632557145909,14,0.05986455
14,0.119632557145909,15,0.06009186
15,0.130619220557268,0,0.06018629
15,0.130619220557268,1,0.06002543
15,0.130619220557268,2,0.06013349
15,0.130619220557268,3,0.06020758
15,0.130619220557268,4,0.05995889
15,0.130619220557268,5,0.05955413
15,0.130619220557268,6,0.06021343
15,0.130619220557268,7,0.06030372
15,0.130619220557268,8,0.06015212
15,0.130619220557268,9,0.06009584
15,0.130619220557268,10,0.06006126
15,0.130619220557268,11,0.05986246
15,0.130619220557268,12,0.05998424
15,0.130619220557268,13,0.06006615
15,0.130619220557268,14,0.06016835
15,0.130619220557268,15,0.05989248
16,0.140995513779107,0,0.05989327
16,0.140995513779107,1,0.05995492
16,0.140995513779107,2,0.0600984
16,0.140995513779107,3,0.06001078
16,0.140995513779107,4,0.05990794
16,0.140995513779107,5,0.05978221
16,0.140995513779107,6,0.06002592
16,0.140995513779107,7,0.05996391
16,0.140995513779107,8,0.06028565
16,0.140995513779107,9,0.06031559
16,0.140995513779107,10,0.06033024
16,0.140995513779107,11,0.06018157
16,0.140995513779107,12,0.06010041
16,0.140995513779107,13,0.06006389
16,0.140995513779107,14,0.06003914
16,0.140995513779107,15,0.05984619
17,0.150151066621906,0,0.05996693
17,0.150151066621906,1,0.05986539
17,0.150151066621906,2,0.06036987
17,0.150151066621906,3,0.06018725
17,0.150151066621906,4,0.05996671
17,0.150151066621906,5,0.06016788
17,0.150151066621906,6,0.06009919
17,0.150151066621906,7,0.05990841
17,0.150151066621906,8,0.06009723
17,0.150151066621906,9,0.06017
17,0.150151066621906,10,0.06015836
17,0.150151066621906,11,0.06002077
17,0.150151066621906,12,0.06026754
17,0.150151066621906,13,0.06007213
17,0.150151066621906,14,0.06007423
17,0.150151066621906,15,0.06028979
18,0.159916989654225,0,0.06014623
18,0.159916989654225,1,0.05991954
18,0.159916989654225,2,0.05995919
18,0.159916989654225,3,0.06025362
18,0.159916989654225,4,0.05997561
18,0.159916989654225,5,0.06015866
18,0.159916989654225,6,0.06011062
18,0.159916989654225,7,0.05991046
18,0.159916989654225,8,0.05999678
18,0.159916989654225,9,0.06022552
18,0.159916989654225,10,0.0603624
18,0.159916989654225,11,0.06025462
18,0.159916989654225,12,0.05997561
18,0.159916989654225,13,0.05981144
18,0.159916989654225,14,0.06018437
18,0.159916989654225,15,0.06025405
19,0.170903653065584,0,0.06018672
19,0.170903653065584,1,0.06003643
19,0.170903653065584,2,0.0600789
19,0.170903653065584,3,0.06028565
19,0.170903653065584,4,0.06028089
19,0.170903653065584,5,0.06012276
19,0.170903653065584,6,0.06005996
19,0.170903653065584,7,0.06030929
19,0.170903653065584,8,0.0602051
19,0.170903653065584,9,0.06009504
19,0.170903653065584,10,0.06022447
19,0.170903653065584,11,0.06012336
19,0.170903653065584,12,0.06022001
19,0.170903653065584,13,0.06000515
19,0.170903653065584,14,0.06005507
19,0.170903653065584,15,0.06012712
20,0.180059205908383,0,0.06030593
20,0.180059205908383,1,0.06026552
20,0.180059205908383,2,0.06009985
20,0.180059205908383,3,0.05995357
20,0.180059205908383,4,0.06004709
20,0.180059205908383,5,0.06017017
20,0.180059205908383,6,0.06031794
20,0.180059205908383,7,0.06008191
20,0.180059205908383,8,0.06009844
20,0.180059205908383,9,0.06005804
20,0.180059205908383,10,0.06004089
20,0.180059205908383,11,0.06016154
20,0.180059205908383,12,0.06007719
20,0.180059205908383,13,0.06004177
20,0.180059205908383,14,0.06019278
20,0.180059205908383,15,0.06016308
21,0.189825128940703,0,0.06027369
21,0.189825128940703,1,0.06040714
21,0.189825128940703,2,0.06025169
21,0.189825128940703,3,0.06023559
21,0.189825128940703,4,0.06027954
21,0.189825128940703,5,0.06010613
21,0.189825128940703,6,0.05993032
21,0.189825128940703,7,0.06038828
21,0.189825128940703,8,0.06038971
21,0.189825128940703,9,0.06028595
21,0.189825128940703,10,0.06008514
21,0.189825128940703,11,0.05997038
21,0.189825128940703,12,0.06021347
21,0.189825128940703,13,0.06011826
21,0.189825128940703,14,0.06029394
21,0.189825128940703,15,0.06036
22,0.199591051973022,0,0.06028987
22,0.199591051973022,1,0.05998657
22,0.199591051973022,2,0.06015247
22,0.199591051973022,3,0.06012231
22,0.199591051973022,4,0.05990331
22,0.199591051973022,5,0.06011546
22,0.199591051973022,6,0.06001375
22,0.199591051973022,7,0.05999498
22,0.199591051973022,8,0.05993427
22,0.199591051973022,9,0.06005524
22,0.199591051973022,10,0.05984657
22,0.199591051973022,11,0.06006575
22,0.199591051973022,12,0.06022394
22,0.199591051973022,13,0.06028529
22,0.199591051973022,14,0.06005507
22,0.199591051973022,15,0.06005306
23,0.211188085573901,0,0.06039753
23,0.211188085573901,1,0.05988969
23,0.211188085573901,2,0.05995409
23,0.211188085573901,3,0.06008706
23,0.211188085573901,4,0.06005529
23,0.211188085573901,5,0.06027613
23,0.211188085573901,6,0.05982895
23,0.211188085573901,7,0.05994576
23,0.211188085573901,8,0.06013989
23,0.211188085573901,9,0.06008789
23,0.211188085573901,10,0.06031645
23,0.211188085573901,11,0.06058171
23,0.211188085573901,12,0.06040176
23,0.211188085573901,13,0.06024463
23,0.211188085573901,14,0.0604512
23,0.211188085573901,15,0.06017651
24,0.21973326822718,0,0.06053935
24,0.21973326822718,1,0.06039329
24,0.21973326822718,2,0.06050008
24,0.21973326822718,3,0.06055894
24,0.21973326822718,4,0.06076377
24,0.21973326822718,5,0.06035839
24,0.21973326822718,6,0.06047533
24,0.21973326822718,7,0.06049191
24,0.21973326822718,8,0.06041725
24,0.21973326822718,9,0.06059582
24,0.21973326822718,10,0.06038396
24,0.21973326822718,11,0.06056016
24,0.21973326822718,12,0.06063369
24,0.21973326822718,13,0.06028024
24,0.21973326822718,14,0.06045932
24,0.21973326822718,15,0.06031191
25,0.231330301828059,0,0.06020344
25,0.231330301828059,1,0.06031807
25,0.231330301828059,2,0.06036707
25,0.231330301828059,3,0.06022564
25,0.231330301828059,4,0.06027226
25,0.231330301828059,5,0.0600556
25,0.231330301828059,6,0.06023545
25,0.231330301828059,7,0.06051688
25,0.231330301828059,8,0.06029751
25,0.231330301828059,9,0.05996574
25,0.231330301828059,10,0.06033994
25,0.231330301828059,11,0.06009788
25,0.231330301828059,12,0.06012891
25,0.231330301828059,13,0.06009107
25,0.231330301828059,14,0.06015221
25,0.231330301828059,15,0.06015828
26,0.240485854670858,0,0.05964616
26,0.240485854670858,1,0.05975436
26,0.240485854670858,2,0.05996378
26,0.240485854670858,3,0.05990715
26,0.240485854670858,4,0.05990169
26,0.240485854670858,5,0.06001864
26,0.240485854670858,6,0.06020252
26,0.240485854670858,7,0.06010185
26,0.240485854670858,8,0.06016129
26,0.240485854670858,9,0.0602469
26,0.240485854670858,10,0.06033543
26,0.240485854670858,11,0.0602507
26,0.240485854670858,12,0.05986417
26,0.240485854670858,13,0.06005394
26,0.240485854670858,14,0.06023389
26,0.240485854670858,15,0.06016393
27,0.249641407513657,0,0.06037894
27,0.249641407513657,1,0.06035171
27,0.249641407513657,2,0.06029473
27,0.249641407513657,3,0.06037506
27,0.249641407513657,4,0.06042328
27,0.249641407513657,5,0.06044788
27,0.249641407513657,6,0.06024794
27,0.249641407513657,7,0.0601886
27,0.249641407513657,8,0.06031226
27,0.249641407513657,9,0.05996688
27,0.249641407513657,10,0.06025868
27,0.249641407513657,11,0.06030562
27,0.249641407513657,12,0.06022639
27,0.249641407513657,13,0.06039936
27,0.249641407513657,14,0.06036907
27,0.249641407513657,15,0.06037318
28,0.260628070925016,0,0.06041975
28,0.260628070925016,1,0.06041088
28,0.260628070925016,2,0.06037139
28,0.260628070925016,3,0.06041835
28,0.260628070925016,4,0.0604533
28,0.260628070925016,5,0.06047916
28,0.260628070925016,6,0.06048898
28,0.260628070925016,7,0.06056614
28,0.260628070925016,8,0.06062736
28,0.260628070925016,9,0.06057639
28,0.260628070925016,10,0.06047337
28,0.260628070925016,11,0.06042702
28,0.260628070925016,12,0.06056483
28,0.260628070925016,13,0.06048354
28,0.260628070925016,14,0.06042502
28,0.260628070925016,15,0.06033365
29,0.271004364146855,0,0.06033556
29,0.271004364146855,1,0.06029223
29,0.271004364146855,2,0.06028587
29,0.271004364146855,3,0.06045518
29,0.271004364146855,4,0.06047716
29,0.271004364146855,5,0.06043148
29,0.271004364146855,6,0.06024401
29,0.271004364146855,7,0.06056095
29,0.271004364146855,8,0.06037327
29,0.271004364146855,9,0.06034312
29,0.271004364146855,10,0.06019344
29,0.271004364146855,11,0.06055632
29,0.271004364146855,12,0.06065355
29,0.271004364146855,13,0.06040595
29,0.271004364146855,14,0.060348
29,0.271004364146855,15,0.0600991
30,0.280159916989654,0,0.06039409
30,0.280159916989654,1,0.06020121
30,0.280159916989654,2,0.06041424
30,0.280159916989654,3,0.06053285
30,0.280159916989654,4,0.06050142
30,0.280159916989654,5,0.0603145
30,0.280159916989654,6,0.06032984
30,0.280159916989654,7,0.06037732
30,0.280159916989654,8,0.06051098
30,0.280159916989654,9,0.06020899
30,0.280159916989654,10,0.06047006
30,0.280159916989654,11,0.06042698
30,0.280159916989654,12,0.06055732
30,0.280159916989654,13,0.06040498
30,0.280159916989654,14,0.06034324
30,0.280159916989654,15,0.06023485
31,0.291146580401013,0,0.06038723
31,0.291146580401013,1,0.06030022
31,0.291146580401013,2,0.06025148
31,0.291146580401013,3,0.06014941
31,0.291146580401013,4,0.06002443
31,0.291146580401013,5,0.06019902
31,0.291146580401013,6,0.06047171
31,0.291146580401013,7,0.06031458
31,0.291146580401013,8,0.06029616
31,0.291146580401013,9,0.06035791
31,0.291146580401013,10,0.06015351
31,0.291146580401013,11,0.06053035
31,0.291146580401013,12,0.06058255
31,0.291146580401013,13,0.06044042
31,0.291146580401013,14,0.06043859
31,0.291146580401013,15,0.06063617
32,0.299691763054292,0,0.06038937
32,0.299691763054292,1,0.0601615
32,0.299691763054292,2,0.06033168
32,0.299691763054292,3,0.0603631
32,0.299691763054292,4,0.06051491
32,0.299691763054292,5,0.06076381
32,0.299691763054292,6,0.06064223
32,0.299691763054292,7,0.06066398
32,0.299691763054292,8,0.06059791
32,0.299691763054292,9,0.06048847
32,0.299691763054292,10,0.06022914
32,0.299691763054292,11,0.06057648
32,0.299691763054292,12,0.0604845
32,0.299691763054292,13,0.06050129
32,0.299691763054292,14,0.06067313
32,0.299691763054292,15,0.06064438
33,0.310678426465651,0,0.06006284
33,0.310678426465651,1,0.06018729
33,0.310678426465651,2,0.06000175
33,0.310678426465651,3,0.05997787
33,0.310678426465651,4,0.06029874
33,0.310678426465651,5,0.06010668
33,0.310678426465651,6,0.06028093
33,0.310678426465651,7,0.06000013
33,0.310678426465651,8,0.06016547
33,0.310678426465651,9,0.06017839
33,0.310678426465651,10,0.06039116
33,0.310678426465651,11,0.05998761
33,0.310678426465651,12,0.06025841
33,0.310678426465651,13,0.05968503
33,0.310678426465651,14,0.0598934
33,0.310678426465651,15,0.06007933
34,0.32105471968749,0,0.0603312
34,0.32105471968749,1,0.06030576
34,0.32105471968749,2,0.06013114
34,0.32105471968749,3,0.06025309
34,0.32105471968749,4,0.06024397
34,0.32105471968749,5,0.06035715
34,0.32105471968749,6,0.06042868
34,0.32105471968749,7,0.06037292
34,0.32105471968749,8,0.06033128
34,0.32105471968749,9,0.06042793
34,0.32105471968749,10,0.06054322
34,0.32105471968749,11,0.06032592
34,0.32105471968749,12,0.06047053
34,0.32105471968749,13,0.06067152
34,0.32105471968749,14,0.0604543
34,0.32105471968749,15,0.06058124
35,0.33021027253029,0,0.06034565
35,0.33021027253029,1,0.06023542
35,0.33021027253029,2,0.06023271
35,0.33021027253029,3,0.06004952
35,0.33021027253029,4,0.06002039
35,0.33021027253029,5,0.06015844
35,0.33021027253029,6,0.06020628
35,0.33021027253029,7,0.06027169
35,0.33021027253029,8,0.06033709
35,0.33021027253029,9,0.06020055
35,0.33021027253029,10,0.06038104
35,0.33021027253029,11,0.06040437
35,0.33021027253029,12,0.06041585
35,0.33021027253029,13,0.06041725
35,0.33021027253029,14,0.06041036
35,0.33021027253029,15,0.06000841
36,0.340586565752129,0,0.06023001
36,0.340586565752129,1,0.0603075
36,0.340586565752129,2,0.06028251
36,0.340586565752129,3,0.06035324
36,0.340586565752129,4,0.06028835
36,0.340586565752129,5,0.06038657
36,0.340586565752129,6,0.06044369
36,0.340586565752129,7,0.0603388
36,0.340586565752129,8,0.06010704
36,0.340586565752129,9,0.06021679
36,0.340586565752129,10,0.06016556
36,0.340586565752129,11,0.06024607
36,0.340586565752129,12,0.05995488
36,0.340586565752129,13,0.06014574
36,0.340586565752129,14,0.06031916
36,0.340586565752129,15,0.06004574
37,0.350962858973968,0,0.0603076
37,0.350962858973968,1,0.06052354
37,0.350962858973968,2,0.0604169
37,0.350962858973968,3,0.0603199
37,0.350962858973968,4,0.06011629
37,0.350962858973968,5,0.06043868
37,0.350962858973968,6,0.06011424
37,0.350962858973968,7,0.06005227
37,0.350962858973968,8,0.06019549
37,0.350962858973968,9,0.06023656
37,0.350962858973968,10,0.06023551
37,0.350962858973968,11,0.06016255
37,0.350962858973968,12,0.06019218
37,0.350962858973968,13,0.06034613
37,0.350962858973968,14,0.06026989
37,0.350962858973968,15,0.06043855
38,0.361339152195807,0,0.06012851
38,0.361339152195807,1,0.0602514
38,0.361339152195807,2,0.06030096
38,0.361339152195807,3,0.06040276
38,0.361339152195807,4,0.06033103
38,0.361339152195807,5,0.06001523
38,0.361339152195807,6,0.06022023
38,0.361339152195807,7,0.05993961
38,0.361339152195807,8,0.05990933
38,0.361339152195807,9,0.06034704
38,0.361339152195807,10,0.05991751
38,0.361339152195807,11,0.06005197
38,0.361339152195807,12,0.05987174
38,0.361339152195807,13,0.06001668
38,0.361339152195807,14,0.06014932
38,0.361339152195807,15,0.06007376
39,0.369884334849086,0,0.06002347
39,0.369884334849086,1,0.06019881
39,0.369884334849086,2,0.05995401
39,0.369884334849086,3,0.0598937
39,0.369884334849086,4,0.0602712
39,0.369884334849086,5,0.06035594
39,0.369884334849086,6,0.0603435
39,0.369884334849086,7,0.05994262
39,0.369884334849086,8,0.05979765
39,0.369884334849086,9,0.0601265
39,0.369884334849086,10,0.06029289
39,0.369884334849086,11,0.0599716
39,0.369884334849086,12,0.06023865
39,0.369884334849086,13,0.06037296
39,0.369884334849086,14,0.05995768
39,0.369884334849086,15,0.06028826
40,0.380870998260445,0,0.0600807
40,0.380870998260445,1,0.06013344
40,0.380870998260445,2,0.06021194
40,0.380870998260445,3,0.060263
40,0.380870998260445,4,0.06049802
40,0.380870998260445,5,0.06054886
40,0.380870998260445,6,0.06041053
40,0.380870998260445,7,0.06051609
40,0.380870998260445,8,0.06061283
40,0.380870998260445,9,0.06062099
40,0.380870998260445,10,0.0602236
40,0.380870998260445,11,0.06029752
40,0.380870998260445,12,0.06044077
40,0.380870998260445,13,0.06043607
40,0.380870998260445,14,0.06024729
40,0.380870998260445,15,0.06037344
41,0.390636921292764,0,0.0605006
41,0.390636921292764,1,0.06041965
41,0.390636921292764,2,0.06026081
41,0.390636921292764,3,0.06072624
41,0.390636921292764,4,0.06040826
41,0.390636921292764,5,0.06045552
41,0.390636921292764,6,0.06069054
41,0.390636921292764,7,0.06027561
41,0.390636921292764,8,0.06038527
41,0.390636921292764,9,0.06045753
41,0.390636921292764,10,0.06041843
41,0.390636921292764,11,0.06040434
41,0.390636921292764,12,0.06035612
41,0.390636921292764,13,0.06053825
41,0.390636921292764,14,0.06068597
41,0.390636921292764,15,0.0606274
42,0.400402844325083,0,0.06028093
42,0.400402844325083,1,0.06022041
42,0.400402844325083,2,0.06021339
42,0.400402844325083,3,0.0600271
42,0.400402844325083,4,0.0602688
42,0.400402844325083,5,0.06052647
42,0.400402844325083,6,0.06038807
42,0.400402844325083,7,0.06029787
42,0.400402844325083,8,0.06033517
42,0.400402844325083,9,0.06032902
42,0.400402844325083,10,0.06036428
42,0.400402844325083,11,0.06048759
42,0.400402844325083,12,0.06045474
42,0.400402844325083,13,0.06023515
42,0.400402844325083,14,0.06030865
42,0.400402844325083,15,0.06022059
43,0.410168767357402,0,0.06029022
43,0.410168767357402,1,0.060181
43,0.410168767357402,2,0.06041516
43,0.410168767357402,3,0.06006837
43,0.410168767357402,4,0.06031208
43,0.410168767357402,5,0.06028339
43,0.410168767357402,6,0.0600381
43,0.410168767357402,7,0.06035782
43,0.410168767357402,8,0.06010254
43,0.410168767357402,9,0.06027273
43,0.410168767357402,10,0.06045823
43,0.410168767357402,11,0.06043864
43,0.410168767357402,12,0.06016556
43,0.410168767357402,13,0.06015369
43,0.410168767357402,14,0.06031563
43,0.410168767357402,15,0.06015932
44,0.420545060579241,0,0.06029686
44,0.420545060579241,1,0.06032592
44,0.420545060579241,2,0.06045565
44,0.420545060579241,3,0.06040931
44,0.420545060579241,4,0.06021482
44,0.420545060579241,5,0.06046861
44,0.420545060579241,6,0.06037222
44,0.420545060579241,7,0.06027269
44,0.420545060579241,8,0.06037017
44,0.420545060579241,9,0.06062505
44,0.420545060579241,10,0.0603641
44,0.420545060579241,11,0.06022779
44,0.420545060579241,12,0.06028905
44,0.420545060579241,13,0.06033901
44,0.420545060579241,14,0.0603504
44,0.420545060579241,15,0.06027442
45,0.43031098361156,0,0.06051356
45,0.43031098361156,1,0.06075932
45,0.43031098361156,2,0.06058119
45,0.43031098361156,3,0.06081936
45,0.43031098361156,4,0.06063452
45,0.43031098361156,5,0.06064133
45,0.43031098361156,6,0.06063046
45,0.43031098361156,7,0.06046037
45,0.43031098361156,8,0.06087513
45,0.43031098361156,9,0.06052311
45,0.43031098361156,10,0.06048655
45,0.43031098361156,11,0.0606463
45,0.43031098361156,12,0.06043641
45,0.43031098361156,13,0.06040743
45,0.43031098361156,14,0.06063238
45,0.43031098361156,15,0.06046599
46,0.4406872768334,0,0.0603538
46,0.4406872768334,1,0.06054969
46,0.4406872768334,2,0.06074134
46,0.4406872768334,3,0.0604344
46,0.4406872768334,4,0.06042345
46,0.4406872768334,5,0.06071289
46,0.4406872768334,6,0.06056693
46,0.4406872768334,7,0.06054598
46,0.4406872768334,8,0.06058499
46,0.4406872768334,9,0.06036746
46,0.4406872768334,10,0.06046342
46,0.4406872768334,11,0.06056539
46,0.4406872768334,12,0.06057871
46,0.4406872768334,13,0.06060777
46,0.4406872768334,14,0.06054362
46,0.4406872768334,15,0.06060366
47,0.450453199865719,0,0.06033295
47,0.450453199865719,1,0.06038347
47,0.450453199865719,2,0.06038661
47,0.450453199865719,3,0.06027382
47,0.450453199865719,4,0.06021146
47,0.450453199865719,5,0.06058687
47,0.450453199865719,6,0.06063386
47,0.450453199865719,7,0.06066218
47,0.450453199865719,8,0.06047969
47,0.450453199865719,9,0.06052398
47,0.450453199865719,10,0.06027177
47,0.450453199865719,11,0.06043611
47,0.450453199865719,12,0.06056221
47,0.450453199865719,13,0.06034407
47,0.450453199865719,14,0.06045522
47,0.450453199865719,15,0.06033862
48,0.460219122898038,0,0.0603641
48,0.460219122898038,1,0.06057099
48,0.460219122898038,2,0.06031431
48,0.460219122898038,3,0.06027509
48,0.460219122898038,4,0.06039347
48,0.460219122898038,5,0.06031384
48,0.460219122898038,6,0.06035516
48,0.460219122898038,7,0.06012119
48,0.460219122898038,8,0.06028181
48,0.460219122898038,9,0.06035328
48,0.460219122898038,10,0.0604646
48,0.460219122898038,11,0.06029616
48,0.460219122898038,12,0.0602208
48,0.460219122898038,13,0.06019323
48,0.460219122898038,14,0.0603672
48,0.460219122898038,15,0.0601193
49,0.471205786309397,0,0.06028565
49,0.471205786309397,1,0.06019175
49,0.471205786309397,2,0.0603703
49,0.471205786309397,3,0.06046643
49,0.471205786309397,4,0.06031147
49,0.471205786309397,5,0.06047861
49,0.471205786309397,6,0.06052674
49,0.471205786309397,7,0.06032388
49,0.471205786309397,8,0.06065895
49,0.471205786309397,9,0.0605211
49,0.471205786309397,10,0.06011625
49,0.471205786309397,11,0.06049484
49,0.471205786309397,12,0.06020859
49,0.471205786309397,13,0.06023337
49,0.471205786309397,14,0.06014002
49,0.471205786309397,15,0.06013833
50,0.480361339152196,0,0.06020261
50,0.480361339152196,1,0.06044169
50,0.480361339152196,2,0.06032919
50,0.480361339152196,3,0.06028595
50,0.480361339152196,4,0.06028691
50,0.480361339152196,5,0.06038947
50,0.480361339152196,6,0.06010115
50,0.480361339152196,7,0.05989658
50,0.480361339152196,8,0.05998055
50,0.480361339152196,9,0.06024424
50,0.480361339152196,10,0.05992368
50,0.480361339152196,11,0.0601893
50,0.480361339152196,12,0.06012934
50,0.480361339152196,13,0.05998219
50,0.480361339152196,14,0.06003137
50,0.480361339152196,15,0.05991753
51,0.490737632374035,0,0.06024297
51,0.490737632374035,1,0.06019631
51,0.490737632374035,2,0.06014068
51,0.490737632374035,3,0.06000611
51,0.490737632374035,4,0.06013344
51,0.490737632374035,5,0.06029829
51,0.490737632374035,6,0.06023223
51,0.490737632374035,7,0.06020696
51,0.490737632374035,8,0.06014313
51,0.490737632374035,9,0.06046565
51,0.490737632374035,10,0.06043767
51,0.490737632374035,11,0.06012418
51,0.490737632374035,12,0.06024659
51,0.490737632374035,13,0.06034032
51,0.490737632374035,14,0.06025776
51,0.490737632374035,15,0.06031724
52,0.499893185216834,0,0.06037313
52,0.499893185216834,1,0.06029136
52,0.499893185216834,2,0.06035411
52,0.499893185216834,3,0.06062012
52,0.499893185216834,4,0.06038636
52,0.499893185216834,5,0.0606343
52,0.499893185216834,6,0.0605568
52,0.499893185216834,7,0.06070128
52,0.499893185216834,8,0.06075744
52,0.499893185216834,9,0.06063814
52,0.499893185216834,10,0.06077476
52,0.499893185216834,11,0.06087884
52,0.499893185216834,12,0.06079493
52,0.499893185216834,13,0.06076874
52,0.499893185216834,14,0.06035917
52,0.499893185216834,15,0.06052674
53,0.510879848628193,0,0.06034669
53,0.510879848628193,1,0.0603422
53,0.510879848628193,2,0.06013811
53,0.510879848628193,3,0.06021311
53,0.510879848628193,4,0.06014439
53,0.510879848628193,5,0.06012223
53,0.510879848628193,6,0.06041607
53,0.510879848628193,7,0.06028608
53,0.510879848628193,8,0.06015313
53,0.510879848628193,9,0.06017664
53,0.510879848628193,10,0.0603697
53,0.510879848628193,11,0.06042127
53,0.510879848628193,12,0.06039573
53,0.510879848628193,13,0.0601817
53,0.510879848628193,14,0.06009936
53,0.510879848628193,15,0.06017822
54,0.520645771660512,0,0.0600309
54,0.520645771660512,1,0.06014928
54,0.520645771660512,2,0.06022099
54,0.520645771660512,3,0.06032375
54,0.520645771660512,4,0.06031078
54,0.520645771660512,5,0.06019361
54,0.520645771660512,6,0.06013972
54,0.520645771660512,7,0.0604831
54,0.520645771660512,8,0.06038317
54,0.520645771660512,9,0.05990666
54,0.520645771660512,10,0.06019955
54,0.520645771660512,11,0.06001589
54,0.520645771660512,12,0.06002643
54,0.520645771660512,13,0.06030707
54,0.520645771660512,14,0.06024843
54,0.520645771660512,15,0.0601536
55,0.530411694692831,0,0.06042968
55,0.530411694692831,1,0.06035071
55,0.530411694692831,2,0.06065202
55,0.530411694692831,3,0.06051172
55,0.530411694692831,4,0.06010212
55,0.530411694692831,5,0.06023128
55,0.530411694692831,6,0.06041263
55,0.530411694692831,7,0.06054986
55,0.530411694692831,8,0.06032082
55,0.530411694692831,9,0.0605078
55,0.530411694692831,10,0.0603775
55,0.530411694692831,11,0.06017982
55,0.530411694692831,12,0.06024894
55,0.530411694692831,13,0.06018306
55,0.530411694692831,14,0.06048943
55,0.530411694692831,15,0.06036991
56,0.54017761772515,0,0.06054197
56,0.54017761772515,1,0.06043449
56,0.54017761772515,2,0.06042873
56,0.54017761772515,3,0.06030485
56,0.54017761772515,4,0.06016421
56,0.54017761772515,5,0.06030472
56,0.54017761772515,6,0.05985505
56,0.54017761772515,7,0.0596834
56,0.54017761772515,8,0.06026724
56,0.54017761772515,9,0.06027363
56,0.54017761772515,10,0.05999624
56,0.54017761772515,11,0.06022552
56,0.54017761772515,12,0.06011956
56,0.54017761772515,13,0.06030101
56,0.54017761772515,14,0.06030432
56,0.54017761772515,15,0.06025811
57,0.550553910946989,0,0.06019139
57,0.550553910946989,1,0.06023848
57,0.550553910946989,2,0.05993288
57,0.550553910946989,3,0.06027147
57,0.550553910946989,4,0.06024877
57,0.550553910946989,5,0.06019571
57,0.550553910946989,6,0.06001033
57,0.550553910946989,7,0.06016586
57,0.550553910946989,8,0.06011813
57,0.550553910946989,9,0.06004107
57,0.550553910946989,10,0.06009522
57,0.550553910946989,11,0.06030973
57,0.550553910946989,12,0.06031162
57,0.550553910946989,13,0.06047503
57,0.550553910946989,14,0.06024929
57,0.550553910946989,15,0.06026801
58,0.559709463789788,0,0.05979788
58,0.559709463789788,1,0.06014371
58,0.559709463789788,2,0.06020942
58,0.559709463789788,3,0.06006947
58,0.559709463789788,4,0.0603748
58,0.559709463789788,5,0.06029528
58,0.559709463789788,6,0.06033286
58,0.559709463789788,7,0.06024149
58,0.559709463789788,8,0.06061886
58,0.559709463789788,9,0.06029499
58,0.559709463789788,10,0.06046805
58,0.559709463789788,11,0.06042776
58,0.559709463789788,12,0.06050566
58,0.559709463789788,13,0.06047664
58,0.559709463789788,14,0.06033137
58,0.559709463789788,15,0.06007288
59,0.571306497390667,0,0.06038243
59,0.571306497390667,1,0.06028552
59,0.571306497390667,2,0.06034843
59,0.571306497390667,3,0.06011939
59,0.571306497390667,4,0.06031126
59,0.571306497390667,5,0.05999887
59,0.571306497390667,6,0.0600634
59,0.571306497390667,7,0.06014106
59,0.571306497390667,8,0.06021208
59,0.571306497390667,9,0.05988624
59,0.571306497390667,10,0.06022381
59,0.571306497390667,11,0.06020736
59,0.571306497390667,12,0.06044104
59,0.571306497390667,13,0.06009483
59,0.571306497390667,14,0.06019558
59,0.571306497390667,15,0.06036366
60,0.580462050233467,0,0.05993346
60,0.580462050233467,1,0.05997681
60,0.580462050233467,2,0.06014059
60,0.580462050233467,3,0.06025125
60,0.580462050233467,4,0.06012546
60,0.580462050233467,5,0.06005712
60,0.580462050233467,6,0.05992814
60,0.580462050233467,7,0.05987982
60,0.580462050233467,8,0.06013466
60,0.580462050233467,9,0.05989404
60,0.580462050233467,10,0.05976724
60,0.580462050233467,11,0.05995829
60,0.580462050233467,12,0.06028674
60,0.580462050233467,13,0.0600271
60,0.580462050233467,14,0.06004975
60,0.580462050233467,15,0.05999607
61,0.590227973265786,0,0.06004544
61,0.590227973265786,1,0.05989637
61,0.590227973265786,2,0.05979538
61,0.590227973265786,3,0.05993399
61,0.590227973265786,4,0.05999402
61,0.590227973265786,5,0.05989357
61,0.590227973265786,6,0.06013641
61,0.590227973265786,7,0.06001781
61,0.590227973265786,8,0.06041777
61,0.590227973265786,9,0.06027687
61,0.590227973265786,10,0.06011881
61,0.590227973265786,11,0.06027464
61,0.590227973265786,12,0.05997273
61,0.590227973265786,13,0.06032055
61,0.590227973265786,14,0.06019976
61,0.590227973265786,15,0.06009217
62,0.601214636677145,0,0.06016162
62,0.601214636677145,1,0.0604618
62,0.601214636677145,2,0.06069116
62,0.601214636677145,3,0.06056352
62,0.601214636677145,4,0.06043453
62,0.601214636677145,5,0.06064063
62,0.601214636677145,6,0.06032063
62,0.601214636677145,7,0.06046242
62,0.601214636677145,8,0.06045653
62,0.601214636677145,9,0.06020011
62,0.601214636677145,10,0.05994742
62,0.601214636677145,11,0.06001497
62,0.601214636677145,12,0.06024572
62,0.601214636677145,13,0.06009517
62,0.601214636677145,14,0.06022804
62,0.601214636677145,15,0.06005887
63,0.610980559709464,0,0.06005163
63,0.610980559709464,1,0.0600066
63,0.610980559709464,2,0.06024437
63,0.610980559709464,3,0.0602256
63,0.610980559709464,4,0.06002772
63,0.610980559709464,5,0.06015321
63,0.610980559709464,6,0.06045597
63,0.610980559709464,7,0.06035712
63,0.610980559709464,8,0.06040312
63,0.610980559709464,9,0.06047764
63,0.610980559709464,10,0.06017442
63,0.610980559709464,11,0.06032702
63,0.610980559709464,12,0.06039591
63,0.610980559709464,13,0.06040215
63,0.610980559709464,14,0.06026395
63,0.610980559709464,15,0.06040574
64,0.621356852931303,0,0.060382
64,0.621356852931303,1,0.06018494
64,0.621356852931303,2,0.06034093
64,0.621356852931303,3,0.0602208
64,0.621356852931303,4,0.06017848
64,0.621356852931303,5,0.06011755
64,0.621356852931303,6,0.06045556
64,0.621356852931303,7,0.05990536
64,0.621356852931303,8,0.06025366
64,0.621356852931303,9,0.06037065
64,0.621356852931303,10,0.06041497
64,0.621356852931303,11,0.06026796
64,0.621356852931303,12,0.06016812
64,0.621356852931303,13,0.06019462
64,0.621356852931303,14,0.06043929
64,0.621356852931303,15,0.06028465
65,0.630512405774102,0,0.06015744
65,0.630512405774102,1,0.06054969
65,0.630512405774102,2,0.06041049
65,0.630512405774102,3,0.06009129
65,0.630512405774102,4,0.06003993
65,0.630512405774102,5,0.06013013
65,0.630512405774102,6,0.06009761
65,0.630512405774102,7,0.06007083
65,0.630512405774102,8,0.05980717
65,0.630512405774102,9,0.0601732
65,0.630512405774102,10,0.06000074
65,0.630512405774102,11,0.0600949
65,0.630512405774102,12,0.05992866
65,0.630512405774102,13,0.06027674
65,0.630512405774102,14,0.06008492
65,0.630512405774102,15,0.06016216
66,0.640888698995941,0,0.06021574
66,0.640888698995941,1,0.06017486
66,0.640888698995941,2,0.06012503
66,0.640888698995941,3,0.06021548
66,0.640888698995941,4,0.06004966
66,0.640888698995941,5,0.06017935
66,0.640888698995941,6,0.06021343
66,0.640888698995941,7,0.06000393
66,0.640888698995941,8,0.06004877
66,0.640888698995941,9,0.06020257
66,0.640888698995941,10,0.06034237
66,0.640888698995941,11,0.06002509
66,0.640888698995941,12,0.06005232
66,0.640888698995941,13,0.06002657
66,0.640888698995941,14,0.0603472
66,0.640888698995941,15,0.06053411
67,0.65065462202826,0,0.0601368
67,0.65065462202826,1,0.06023118
67,0.65065462202826,2,0.06016961
67,0.65065462202826,3,0.06022477
67,0.65065462202826,4,0.0602838
67,0.65065462202826,5,0.06033098
67,0.65065462202826,6,0.06047992
67,0.65065462202826,7,0.05997255
67,0.65065462202826,8,0.06019009
67,0.65065462202826,9,0.06049588
67,0.65065462202826,10,0.06010395
67,0.65065462202826,11,0.06051688
67,0.65065462202826,12,0.06044916
67,0.65065462202826,13,0.06033983
67,0.65065462202826,14,0.06022172
67,0.65065462202826,15,0.06045185
68,0.661030915250099,0,0.06036383
68,0.661030915250099,1,0.06021604
68,0.661030915250099,2,0.06003771
68,0.661030915250099,3,0.0603141
68,0.661030915250099,4,0.06025288
68,0.661030915250099,5,0.06007677
68,0.661030915250099,6,0.06045303
68,0.661030915250099,7,0.06030419
68,0.661030915250099,8,0.06053547
68,0.661030915250099,9,0.06043457
68,0.661030915250099,10,0.06016096
68,0.661030915250099,11,0.06023882
68,0.661030915250099,12,0.06022464
68,0.661030915250099,13,0.06038261
68,0.661030915250099,14,0.06021442
68,0.661030915250099,15,0.06020427
69,0.670186468092898,0,0.06031798
69,0.670186468092898,1,0.06016487
69,0.670186468092898,2,0.06032456
69,0.670186468092898,3,0.06011516
69,0.670186468092898,4,0.06005607
69,0.670186468092898,5,0.06005921
69,0.670186468092898,6,0.06030209
69,0.670186468092898,7,0.06004334
69,0.670186468092898,8,0.06048563
69,0.670186468092898,9,0.06027893
69,0.670186468092898,10,0.06017284
69,0.670186468092898,11,0.06053821
69,0.670186468092898,12,0.06048877
69,0.670186468092898,13,0.06009784
69,0.670186468092898,14,0.06024158
69,0.670186468092898,15,0.06019947
70,0.680562761314737,0,0.06049191
70,0.680562761314737,1,0.06049859
70,0.680562761314737,2,0.06038618
70,0.680562761314737,3,0.06040835
70,0.680562761314737,4,0.06006877
70,0.680562761314737,5,0.06010686
70,0.680562761314737,6,0.06017102
70,0.680562761314737,7,0.06043938
70,0.680562761314737,8,0.06021504
70,0.680562761314737,9,0.06025968
70,0.680562761314737,10,0.06006306
70,0.680562761314737,11,0.06028796
70,0.680562761314737,12,0.06023807
70,0.680562761314737,13,0.06039853
70,0.680562761314737,14,0.06050841
70,0.680562761314737,15,0.06033994
71,0.689718314157536,0,0.06047032
71,0.689718314157536,1,0.0604008
71,0.689718314157536,2,0.0601732
71,0.689718314157536,3,0.06015928
71,0.689718314157536,4,0.06043388
71,0.689718314157536,5,0.06049035
71,0.689718314157536,6,0.06031994
71,0.689718314157536,7,0.06029795
71,0.689718314157536,8,0.06016372
71,0.689718314157536,9,0.06038824
71,0.689718314157536,10,0.06012546
71,0.689718314157536,11,0.06003596
71,0.689718314157536,12,0.06009229
71,0.689718314157536,13,0.06007008
71,0.689718314157536,14,0.05985204
71,0.689718314157536,15,0.05989854
72,0.701315347758416,0,0.0600981
72,0.701315347758416,1,0.05997619
72,0.701315347758416,2,0.06020679
72,0.701315347758416,3,0.06022059
72,0.701315347758416,4,0.06020732
72,0.701315347758416,5,0.06001672
72,0.701315347758416,6,0.06018751
72,0.701315347758416,7,0.05998695
72,0.701315347758416,8,0.05984719
72,0.701315347758416,9,0.06023686
72,0.701315347758416,10,0.06029223
72,0.701315347758416,11,0.0598149
72,0.701315347758416,12,0.06030429
72,0.701315347758416,13,0.06019554
72,0.701315347758416,14,0.06022962
72,0.701315347758416,15,0.06035965
73,0.710470900601215,0,0.05987542
73,0.710470900601215,1,0.0602417
73,0.710470900601215,2,0.06025082
73,0.710470900601215,3,0.06017058
73,0.710470900601215,4,0.06017158
73,0.710470900601215,5,0.05975983
73,0.710470900601215,6,0.05995362
73,0.710470900601215,7,0.06019998
73,0.710470900601215,8,0.06013227
73,0.710470900601215,9,0.0603583
73,0.710470900601215,10,0.06045129
73,0.710470900601215,11,0.0602774
73,0.710470900601215,12,0.06025629
73,0.710470900601215,13,0.06038601
73,0.710470900601215,14,0.06037317
73,0.710470900601215,15,0.06014055
74,0.719626453444014,0,0.05940836
74,0.719626453444014,1,0.05953794
74,0.719626453444014,2,0.05959716
74,0.719626453444014,3,0.05967059
74,0.719626453444014,4,0.05953122
74,0.719626453444014,5,0.05929666
74,0.719626453444014,6,0.05934926
74,0.719626453444014,7,0.05961695
74,0.719626453444014,8,0.05958202
74,0.719626453444014,9,0.05929126
74,0.719626453444014,10,0.05920587
74,0.719626453444014,11,0.0594717
74,0.719626453444014,12,0.05912441
74,0.719626453444014,13,0.05950207
74,0.719626453444014,14,0.05929344
74,0.719626453444014,15,0.05964759
75,0.730002746665853,0,0.05941676
75,0.730002746665853,1,0.05923861
75,0.730002746665853,2,0.05903922
75,0.730002746665853,3,0.05919312
75,0.730002746665853,4,0.05906799
75,0.730002746665853,5,0.05920875
75,0.730002746665853,6,0.05926672
75,0.730002746665853,7,0.0589182
75,0.730002746665853,8,0.0588896
75,0.730002746665853,9,0.05911851
75,0.730002746665853,10,0.05895379
75,0.730002746665853,11,0.05891009
75,0.730002746665853,12,0.05925342
75,0.730002746665853,13,0.05897645
75,0.730002746665853,14,0.05920503
75,0.730002746665853,15,0.05897428
76,0.739768669698172,0,0.05906222
76,0.739768669698172,1,0.05932062
76,0.739768669698172,2,0.05895412
76,0.739768669698172,3,0.05870514
76,0.739768669698172,4,0.05918065
76,0.739768669698172,5,0.05954129
76,0.739768669698172,6,0.05925957
76,0.739768669698172,7,0.05953836
76,0.739768669698172,8,0.05934542
76,0.739768669698172,9,0.05921699
76,0.739768669698172,10,0.05929921
76,0.739768669698172,11,0.05932182
76,0.739768669698172,12,0.05927019
76,0.739768669698172,13,0.0593169
76,0.739768669698172,14,0.05934637
76,0.739768669698172,15,0.05920888
77,0.750144962920011,0,0.05953222
77,0.750144962920011,1,0.05970602
77,0.750144962920011,2,0.05939844
77,0.750144962920011,3,0.05953745
77,0.750144962920011,4,0.05957839
77,0.750144962920011,5,0.05947266
77,0.750144962920011,6,0.05918889
77,0.750144962920011,7,0.05925793
77,0.750144962920011,8,0.05954522
77,0.750144962920011,9,0.05901614
77,0.750144962920011,10,0.05947292
77,0.750144962920011,11,0.05915831
77,0.750144962920011,12,0.05915739
77,0.750144962920011,13,0.05945046
77,0.750144962920011,14,0.0594965
77,0.750144962920011,15,0.05940362
78,0.75991088595233,0,0.05954845
78,0.75991088595233,1,0.05983762
78,0.75991088595233,2,0.05986159
78,0.75991088595233,3,0.05975904
78,0.75991088595233,4,0.05948989
78,0.75991088595233,5,0.05972775
78,0.75991088595233,6,0.05938104
78,0.75991088595233,7,0.05951445
78,0.75991088595233,8,0.05938849
78,0.75991088595233,9,0.0596708
78,0.75991088595233,10,0.05961928
78,0.75991088595233,11,0.05966269
78,0.75991088595233,12,0.05936316
78,0.75991088595233,13,0.05914202
78,0.75991088595233,14,0.05957642
78,0.75991088595233,15,0.05949773
79,0.770287179174169,0,0.05895546
79,0.770287179174169,1,0.05924012
79,0.770287179174169,2,0.05940305
79,0.770287179174169,3,0.05915393
79,0.770287179174169,4,0.05946293
79,0.770287179174169,5,0.05938949
79,0.770287179174169,6,0.05907979
79,0.770287179174169,7,0.05930561
79,0.770287179174169,8,0.05953164
79,0.770287179174169,9,0.05968071
79,0.770287179174169,10,0.05910705
79,0.770287179174169,11,0.0593606
79,0.770287179174169,12,0.0594751
79,0.770287179174169,13,0.05914908
79,0.770287179174169,14,0.05919901
79,0.770287179174169,15,0.05916375
80,0.780053102206488,0,0.05944165
80,0.780053102206488,1,0.05966361
80,0.780053102206488,2,0.05945883
80,0.780053102206488,3,0.05935178
80,0.780053102206488,4,0.05954802
80,0.780053102206488,5,0.05959829
80,0.780053102206488,6,0.05983487
80,0.780053102206488,7,0.05957521
80,0.780053102206488,8,0.05945573
80,0.780053102206488,9,0.0595862
80,0.780053102206488,10,0.05987341
80,0.780053102206488,11,0.05974014
80,0.780053102206488,12,0.05995182
80,0.780053102206488,13,0.05959541
80,0.780053102206488,14,0.05951048
80,0.780053102206488,15,0.05952624
81,0.790429395428327,0,0.05992451
81,0.790429395428327,1,0.06002806
81,0.790429395428327,2,0.06011843
81,0.790429395428327,3,0.05991059
81,0.790429395428327,4,0.05977768
81,0.790429395428327,5,0.06002554
81,0.790429395428327,6,0.05977928
81,0.790429395428327,7,0.06001087
81,0.790429395428327,8,0.06008217
81,0.790429395428327,9,0.05995087
81,0.790429395428327,10,0.05996357
81,0.790429395428327,11,0.05997251
81,0.790429395428327,12,0.05982519
81,0.790429395428327,13,0.05983188
81,0.790429395428327,14,0.05975624
81,0.790429395428327,15,0.05977192
82,0.799584948271126,0,0.05986861
82,0.799584948271126,1,0.06040918
82,0.799584948271126,2,0.05993455
82,0.799584948271126,3,0.05991435
82,0.799584948271126,4,0.05992656
82,0.799584948271126,5,0.05993237
82,0.799584948271126,6,0.05995676
82,0.799584948271126,7,0.06019422
82,0.799584948271126,8,0.06014047
82,0.799584948271126,9,0.06034155
82,0.799584948271126,10,0.0603161
82,0.799584948271126,11,0.05985071
82,0.799584948271126,12,0.06020431
82,0.799584948271126,13,0.06021845
82,0.799584948271126,14,0.06028093
82,0.799584948271126,15,0.06011102
83,0.809961241492966,0,0.06128243
83,0.809961241492966,1,0.06089263
83,0.809961241492966,2,0.0610677
83,0.809961241492966,3,0.06096371
83,0.809961241492966,4,0.06067222
83,0.809961241492966,5,0.06078768
83,0.809961241492966,6,0.06128946
83,0.809961241492966,7,0.06107546
83,0.809961241492966,8,0.06071655
83,0.809961241492966,9,0.0610427
83,0.809961241492966,10,0.06087439
83,0.809961241492966,11,0.06092091
83,0.809961241492966,12,0.06114952
83,0.809961241492966,13,0.06106285
83,0.809961241492966,14,0.06055911
83,0.809961241492966,15,0.06075879
84,0.820337534714804,0,0.06091763
84,0.820337534714804,1,0.06140387
84,0.820337534714804,2,0.06043754
84,0.820337534714804,3,0.06092858
84,0.820337534714804,4,0.06131865
84,0.820337534714804,5,0.06141596
84,0.820337534714804,6,0.06144995
84,0.820337534714804,7,0.06109126
84,0.820337534714804,8,0.06110727
84,0.820337534714804,9,0.06125826
84,0.820337534714804,10,0.06124333
84,0.820337534714804,11,0.06141591
84,0.820337534714804,12,0.06136844
84,0.820337534714804,13,0.06137459
84,0.820337534714804,14,0.06155337
84,0.820337534714804,15,0.06118626
85,0.830103457747124,0,0.06185272
85,0.830103457747124,1,0.06178037
85,0.830103457747124,2,0.06192681
85,0.830103457747124,3,0.06186371
85,0.830103457747124,4,0.06199637
85,0.830103457747124,5,0.06195547
85,0.830103457747124,6,0.06172686
85,0.830103457747124,7,0.06212724
85,0.830103457747124,8,0.06166098
85,0.830103457747124,9,0.0618624
85,0.830103457747124,10,0.06202849
85,0.830103457747124,11,0.06191189
85,0.830103457747124,12,0.06215918
85,0.830103457747124,13,0.06215473
85,0.830103457747124,14,0.06190778
85,0.830103457747124,15,0.06179979
86,0.839259010589923,0,0.06242204
86,0.839259010589923,1,0.06220647
86,0.839259010589923,2,0.06272227
86,0.839259010589923,3,0.06236225
86,0.839259010589923,4,0.06214368
86,0.839259010589923,5,0.0622351
86,0.839259010589923,6,0.06235795
86,0.839259010589923,7,0.06210218
86,0.839259010589923,8,0.06204671
86,0.839259010589923,9,0.06179154
86,0.839259010589923,10,0.06197965
86,0.839259010589923,11,0.06184094
86,0.839259010589923,12,0.06219409
86,0.839259010589923,13,0.06191722
86,0.839259010589923,14,0.06218985
86,0.839259010589923,15,0.06208085
87,0.849635303811762,0,0.06258637
87,0.849635303811762,1,0.06294701
87,0.849635303811762,2,0.06268145
87,0.849635303811762,3,0.06290107
87,0.849635303811762,4,0.06258511
87,0.849635303811762,5,0.06258528
87,0.849635303811762,6,0.06205951
87,0.849635303811762,7,0.06234686
87,0.849635303811762,8,0.06243945
87,0.849635303811762,9,0.06217863
87,0.849635303811762,10,0.06236667
87,0.849635303811762,11,0.06240249
87,0.849635303811762,12,0.06208137
87,0.849635303811762,13,0.06234495
87,0.849635303811762,14,0.06254774
87,0.849635303811762,15,0.06242068
88,0.860011597033601,0,0.06291383
88,0.860011597033601,1,0.06285403
88,0.860011597033601,2,0.06272242
88,0.860011597033601,3,0.06271908
88,0.860011597033601,4,0.0624274
88,0.860011597033601,5,0.06236138
88,0.860011597033601,6,0.06276995
88,0.860011597033601,7,0.06271128
88,0.860011597033601,8,0.06232028
88,0.860011597033601,9,0.06255914
88,0.860011597033601,10,0.06245691
88,0.860011597033601,11,0.06292976
88,0.860011597033601,12,0.06241558
88,0.860011597033601,13,0.06243059
88,0.860011597033601,14,0.06257398
88,0.860011597033601,15,0.06248401
89,0.8691671498764,0,0.06300782
89,0.8691671498764,1,0.06288821
89,0.8691671498764,2,0.06245632
89,0.8691671498764,3,0.06281603
89,0.8691671498764,4,0.06299459
89,0.8691671498764,5,0.06298465
89,0.8691671498764,6,0.06292342
89,0.8691671498764,7,0.0630336
89,0.8691671498764,8,0.06285841
89,0.8691671498764,9,0.0628287
89,0.8691671498764,10,0.06285377
89,0.8691671498764,11,0.06267352
89,0.8691671498764,12,0.06264175
89,0.8691671498764,13,0.06258502
89,0.8691671498764,14,0.06254005
89,0.8691671498764,15,0.06248753
90,0.880153813287759,0,0.06285669
90,0.880153813287759,1,0.06330991
90,0.880153813287759,2,0.06321124
90,0.880153813287759,3,0.06314217
90,0.880153813287759,4,0.06317825
90,0.880153813287759,5,0.06296763
90,0.880153813287759,6,0.06308647
90,0.880153813287759,7,0.06304577
90,0.880153813287759,8,0.06326753
90,0.880153813287759,9,0.06318948
90,0.880153813287759,10,0.06301968
90,0.880153813287759,11,0.06321234
90,0.880153813287759,12,0.06323089
90,0.880153813287759,13,0.0629961
90,0.880153813287759,14,0.06343441
90,0.880153813287759,15,0.06299974
91,0.889919736320078,0,0.06380274
91,0.889919736320078,1,0.06323276
91,0.889919736320078,2,0.06340845
91,0.889919736320078,3,0.06337711
91,0.889919736320078,4,0.06332095
91,0.889919736320078,5,0.0635714
91,0.889919736320078,6,0.06350315
91,0.889919736320078,7,0.0633616
91,0.889919736320078,8,0.0632517
91,0.889919736320078,9,0.06314135
91,0.889919736320078,10,0.06308008
91,0.889919736320078,11,0.0636131
91,0.889919736320078,12,0.06324294
91,0.889919736320078,13,0.0635455
91,0.889919736320078,14,0.0636538
91,0.889919736320078,15,0.06354946
92,0.899075289162877,0,0.06364603
92,0.899075289162877,1,0.0637975
92,0.899075289162877,2,0.06400858
92,0.899075289162877,3,0.06355986
92,0.899075289162877,4,0.0634865
92,0.899075289162877,5,0.06349221
92,0.899075289162877,6,0.06344855
92,0.899075289162877,7,0.06347943
92,0.899075289162877,8,0.06364001
92,0.899075289162877,9,0.0635116
92,0.899075289162877,10,0.06350791
92,0.899075289162877,11,0.06337497
92,0.899075289162877,12,0.06380069
92,0.899075289162877,13,0.06339221
92,0.899075289162877,14,0.06359918
92,0.899075289162877,15,0.06384982
93,0.910061952574236,0,0.06428111
93,0.910061952574236,1,0.06364818
93,0.910061952574236,2,0.06390967
93,0.910061952574236,3,0.06435944
93,0.910061952574236,4,0.06393791
93,0.910061952574236,5,0.06395931
93,0.910061952574236,6,0.06390516
93,0.910061952574236,7,0.06405602
93,0.910061952574236,8,0.06449474
93,0.910061952574236,9,0.06406455
93,0.910061952574236,10,0.06414543
93,0.910061952574236,11,0.06384877
93,0.910061952574236,12,0.06397235
93,0.910061952574236,13,0.06385589
93,0.910061952574236,14,0.0637937
93,0.910061952574236,15,0.06382915
94,0.920438245796075,0,0.06442217
94,0.920438245796075,1,0.06435306
94,0.920438245796075,2,0.06399649
94,0.920438245796075,3,0.06433549
94,0.920438245796075,4,0.06423266
94,0.920438245796075,5,0.06393449
94,0.920438245796075,6,0.06418873
94,0.920438245796075,7,0.06398426
94,0.920438245796075,8,0.06421988
94,0.920438245796075,9,0.06392692
94,0.920438245796075,10,0.06435985
94,0.920438245796075,11,0.06455123
94,0.920438245796075,12,0.06469332
94,0.920438245796075,13,0.06483224
94,0.920438245796075,14,0.06456985
94,0.920438245796075,15,0.06446683
95,0.928983428449354,0,0.06436162
95,0.928983428449354,1,0.06457718
95,0.928983428449354,2,0.06437801
95,0.928983428449354,3,0.06433312
95,0.928983428449354,4,0.06459488
95,0.928983428449354,5,0.06418321
95,0.928983428449354,6,0.06466679
95,0.928983428449354,7,0.06443279
95,0.928983428449354,8,0.06463613
95,0.928983428449354,9,0.06483119
95,0.928983428449354,10,0.06487677
95,0.928983428449354,11,0.06448513
95,0.928983428449354,12,0.06446934
95,0.928983428449354,13,0.06474448
95,0.928983428449354,14,0.06454497
95,0.928983428449354,15,0.06479374
96,0.939970091860714,0,0.06544325
96,0.939970091860714,1,0.06499999
96,0.939970091860714,2,0.06508392
96,0.939970091860714,3,0.06510203
96,0.939970091860714,4,0.06520095
96,0.939970091860714,5,0.06510838
96,0.939970091860714,6,0.06530117
96,0.939970091860714,7,0.0652034
96,0.939970091860714,8,0.06477877
96,0.939970091860714,9,0.06507024
96,0.939970091860714,10,0.06518225
96,0.939970091860714,11,0.06484187
96,0.939970091860714,12,0.06464344
96,0.939970091860714,13,0.06465861
96,0.939970091860714,14,0.06454949
96,0.939970091860714,15,0.06480834
97,0.949736014893033,0,0.06513457
97,0.949736014893033,1,0.06503301
97,0.949736014893033,2,0.06485528
97,0.949736014893033,3,0.06491942
97,0.949736014893033,4,0.06478503
97,0.949736014893033,5,0.06472892
97,0.949736014893033,6,0.06487257
97,0.949736014893033,7,0.06482832
97,0.949736014893033,8,0.06517906
97,0.949736014893033,9,0.06510026
97,0.949736014893033,10,0.0650951
97,0.949736014893033,11,0.06501395
97,0.949736014893033,12,0.0650336
97,0.949736014893033,13,0.06515938
97,0.949736014893033,14,0.06497956
97,0.949736014893033,15,0.06500181
98,0.960112308114872,0,0.0653679
98,0.960112308114872,1,0.06495734
98,0.960112308114872,2,0.06494537
98,0.960112308114872,3,0.06499292
98,0.960112308114872,4,0.06503087
98,0.960112308114872,5,0.0654228
98,0.960112308114872,6,0.0652087
98,0.960112308114872,7,0.06504588
98,0.960112308114872,8,0.06493548
98,0.960112308114872,9,0.06496637
98,0.960112308114872,10,0.06498986
98,0.960112308114872,11,0.06488822
98,0.960112308114872,12,0.06490565
98,0.960112308114872,13,0.06495377
98,0.960112308114872,14,0.06502732
98,0.960112308114872,15,0.06487517
99,0.969267860957671,0,0.06533448
99,0.969267860957671,1,0.06541395
99,0.969267860957671,2,0.0653144
99,0.969267860957671,3,0.06561814
99,0.969267860957671,4,0.06545013
99,0.969267860957671,5,0.06571008
99,0.969267860957671,6,0.06546276
99,0.969267860957671,7,0.06562535
99,0.969267860957671,8,0.06564514
99,0.969267860957671,9,0.06548455
99,0.969267860957671,10,0.06541043
99,0.969267860957671,11,0.06572485
99,0.969267860957671,12,0.06553978
99,0.969267860957671,13,0.06534846
99,0.969267860957671,14,0.06553967
99,0.969267860957671,15,0.06559575
100,0.97964415417951,0,0.06564533
100,0.97964415417951,1,0.06576495
100,0.97964415417951,2,0.06571147
100,0.97964415417951,3,0.0657554
100,0.97964415417951,4,0.06573199
100,0.97964415417951,5,0.06599259
100,0.97964415417951,6,0.06588925
100,0.97964415417951,7,0.06581384
100,0.97964415417951,8,0.06594523
100,0.97964415417951,9,0.06596348
100,0.97964415417951,10,0.06592744
100,0.97964415417951,11,0.06581233
100,0.97964415417951,12,0.06574459
100,0.97964415417951,13,0.06552767
100,0.97964415417951,14,0.06592826
100,0.97964415417951,15,0.06599282
101,0.989410077211829,0,0.06621439
101,0.989410077211829,1,0.06633807
101,0.989410077211829,2,0.06642577
101,0.989410077211829,3,0.06585275
101,0.989410077211829,4,0.06589074
101,0.989410077211829,5,0.06592668
101,0.989410077211829,6,0.06638257
101,0.989410077211829,7,0.06593734
101,0.989410077211829,8,0.06625644
101,0.989410077211829,9,0.06570654
101,0.989410077211829,10,0.06581653
101,0.989410077211829,11,0.06613559
101,0.989410077211829,12,0.06573924
101,0.989410077211829,13,0.06596119
101,0.989410077211829,14,0.06587497
101,0.989410077211829,15,0.06614824
102,0.999786370433668,0,0.0658159
102,0.999786370433668,1,0.06613725
102,0.999786370433668,2,0.06611192
102,0.999786370433668,3,0.06604949
102,0.999786370433668,4,0.06607588
102,0.999786370433668,5,0.06624641
102,0.999786370433668,6,0.06614628
102,0.999786370433668,7,0.0660279
102,0.999786370433668,8,0.06655601
102,0.999786370433668,9,0.06616407
102,0.999786370433668,10,0.06629951
102,0.999786370433668,11,0.06597365
102,0.999786370433668,12,0.06602877
102,0.999786370433668,13,0.06620192
102,0.999786370433668,14,0.06620143
102,0.999786370433668,15,0.06639308
103,1.01016266365551,0,0.06632866
103,1.01016266365551,1,0.06652642
103,1.01016266365551,2,0.06665584
103,1.01016266365551,3,0.06609783
103,1.01016266365551,4,0.06629296
103,1.01016266365551,5,0.06643476
103,1.01016266365551,6,0.06636168
103,1.01016266365551,7,0.06649517
103,1.01016266365551,8,0.0664794
103,1.01016266365551,9,0.06614108
103,1.01016266365551,10,0.06637154
103,1.01016266365551,11,0.06635232
103,1.01016266365551,12,0.06609385
103,1.01016266365551,13,0.06627265
103,1.01016266365551,14,0.06636813
103,1.01016266365551,15,0.06615914
104,1.02053895687735,0,0.06667362
104,1.02053895687735,1,0.06678765
104,1.02053895687735,2,0.06655515
104,1.02053895687735,3,0.06661846
104,1.02053895687735,4,0.06662368
104,1.02053895687735,5,0.06663042
104,1.02053895687735,6,0.06656036
104,1.02053895687735,7,0.06644231
104,1.02053895687735,8,0.0666623
104,1.02053895687735,9,0.06658703
104,1.02053895687735,10,0.06651931
104,1.02053895687735,11,0.06631174
104,1.02053895687735,12,0.0661924
104,1.02053895687735,13,0.06644971
104,1.02053895687735,14,0.06633745
104,1.02053895687735,15,0.06613615
105,1.02908413953063,0,0.06686274
105,1.02908413953063,1,0.06676289
105,1.02908413953063,2,0.06685285
105,1.02908413953063,3,0.06665824
105,1.02908413953063,4,0.06676222
105,1.02908413953063,5,0.06685729
105,1.02908413953063,6,0.06673557
105,1.02908413953063,7,0.06675922
105,1.02908413953063,8,0.06650401
105,1.02908413953063,9,0.06699245
105,1.02908413953063,10,0.06670775
105,1.02908413953063,11,0.06676883
105,1.02908413953063,12,0.0666137
105,1.02908413953063,13,0.06698609
105,1.02908413953063,14,0.06687192
105,1.02908413953063,15,0.06707599
106,1.04007080294198,0,0.06742162
106,1.04007080294198,1,0.06752499
106,1.04007080294198,2,0.06741211
106,1.04007080294198,3,0.06731772
106,1.04007080294198,4,0.06712201
106,1.04007080294198,5,0.0671884
106,1.04007080294198,6,0.06732953
106,1.04007080294198,7,0.06713697
106,1.04007080294198,8,0.06730916
106,1.04007080294198,9,0.06705405
106,1.04007080294198,10,0.06705448
106,1.04007080294198,11,0.06708755
106,1.04007080294198,12,0.06719188
106,1.04007080294198,13,0.06700922
106,1.04007080294198,14,0.06703532
106,1.04007080294198,15,0.06672605
107,1.0498367259743,0,0.06698805
107,1.0498367259743,1,0.06718462
107,1.0498367259743,2,0.06726343
107,1.0498367259743,3,0.06750645
107,1.0498367259743,4,0.06731934
107,1.0498367259743,5,0.06720598
107,1.0498367259743,6,0.06714901
107,1.0498367259743,7,0.06738778
107,1.0498367259743,8,0.0672932
107,1.0498367259743,9,0.06708177
107,1.0498367259743,10,0.06690379
107,1.0498367259743,11,0.06689896
107,1.0498367259743,12,0.06700765
107,1.0498367259743,13,0.0668982
107,1.0498367259743,14,0.06680873
107,1.0498367259743,15,0.06699106
108,1.0589922788171,0,0.06737775
108,1.0589922788171,1,0.06720201
108,1.0589922788171,2,0.0674286
108,1.0589922788171,3,0.06722385
108,1.0589922788171,4,0.06702451
108,1.0589922788171,5,0.06706232
108,1.0589922788171,6,0.06712985
108,1.0589922788171,7,0.06726821
108,1.0589922788171,8,0.06716178
108,1.0589922788171,9,0.06730539
108,1.0589922788171,10,0.06745904
108,1.0589922788171,11,0.06715485
108,1.0589922788171,12,0.06720904
108,1.0589922788171,13,0.06730688
108,1.0589922788171,14,0.06690504
108,1.0589922788171,15,0.06716765
109,1.07058931241798,0,0.06749378
109,1.07058931241798,1,0.06726716
109,1.07058931241798,2,0.0674686
109,1.07058931241798,3,0.067302
109,1.07058931241798,4,0.06741531
109,1.07058931241798,5,0.06747209
109,1.07058931241798,6,0.06733846
109,1.07058931241798,7,0.06692974
109,1.07058931241798,8,0.06745957
109,1.07058931241798,9,0.06713367
109,1.07058931241798,10,0.06727188
109,1.07058931241798,11,0.06746545
109,1.07058931241798,12,0.06714863
109,1.07058931241798,13,0.06745216
109,1.07058931241798,14,0.06729722
109,1.07058931241798,15,0.0669945
110,1.07974486526078,0,0.06766038
110,1.07974486526078,1,0.06729335
110,1.07974486526078,2,0.06734511
110,1.07974486526078,3,0.06750946
110,1.07974486526078,4,0.0671958
110,1.07974486526078,5,0.06727332
110,1.07974486526078,6,0.06723848
110,1.07974486526078,7,0.0672273
110,1.07974486526078,8,0.06755415
110,1.07974486526078,9,0.06748337
110,1.07974486526078,10,0.06733378
110,1.07974486526078,11,0.0670322
110,1.07974486526078,12,0.06699756
110,1.07974486526078,13,0.06726123
110,1.07974486526078,14,0.06683794
110,1.07974486526078,15,0.06682264
111,1.09012115848262,0,0.06731667
111,1.09012115848262,1,0.06717339
111,1.09012115848262,2,0.06717774
111,1.09012115848262,3,0.06745694
111,1.09012115848262,4,0.06756901
111,1.09012115848262,5,0.06725492
111,1.09012115848262,6,0.06731385
111,1.09012115848262,7,0.06737339
111,1.09012115848262,8,0.06740503
111,1.09012115848262,9,0.06742477
111,1.09012115848262,10,0.06777027
111,1.09012115848262,11,0.0674069
111,1.09012115848262,12,0.06778379
111,1.09012115848262,13,0.06784167
111,1.09012115848262,14,0.06784812
111,1.09012115848262,15,0.06775186
112,1.09988708151494,0,0.06793471
112,1.09988708151494,1,0.06799967
112,1.09988708151494,2,0.06773414
112,1.09988708151494,3,0.06754534
112,1.09988708151494,4,0.06751664
112,1.09988708151494,5,0.06762961
112,1.09988708151494,6,0.0674858
112,1.09988708151494,7,0.06745168
112,1.09988708151494,8,0.06767783
112,1.09988708151494,9,0.067905
112,1.09988708151494,10,0.06762134
112,1.09988708151494,11,0.06801219
112,1.09988708151494,12,0.06767769
112,1.09988708151494,13,0.06767783
112,1.09988708151494,14,0.0677618
112,1.09988708151494,15,0.06756915
113,1.10965300454726,0,0.06808671
113,1.10965300454726,1,0.0679166
113,1.10965300454726,2,0.06807168
113,1.10965300454726,3,0.06796654
113,1.10965300454726,4,0.06807283
113,1.10965300454726,5,0.0680941
113,1.10965300454726,6,0.06813826
113,1.10965300454726,7,0.0682467
113,1.10965300454726,8,0.06829493
113,1.10965300454726,9,0.06813128
113,1.10965300454726,10,0.06822468
113,1.10965300454726,11,0.06820808
113,1.10965300454726,12,0.06810649
113,1.10965300454726,13,0.06785854
113,1.10965300454726,14,0.06798127
113,1.10965300454726,15,0.06778655
114,1.11941892757958,0,0.06836599
114,1.11941892757958,1,0.06863487
114,1.11941892757958,2,0.06861352
114,1.11941892757958,3,0.06850152
114,1.11941892757958,4,0.06829301
114,1.11941892757958,5,0.06826709
114,1.11941892757958,6,0.06829473
114,1.11941892757958,7,0.0680684
114,1.11941892757958,8,0.06828259
114,1.11941892757958,9,0.06826703
114,1.11941892757958,10,0.06822634
114,1.11941892757958,11,0.0685778
114,1.11941892757958,12,0.06831323
114,1.11941892757958,13,0.06845049
114,1.11941892757958,14,0.06790016
114,1.11941892757958,15,0.06791832
115,1.13040559099094,0,0.06853318
115,1.13040559099094,1,0.06836614
115,1.13040559099094,2,0.06839309
115,1.13040559099094,3,0.06846073
115,1.13040559099094,4,0.06840643
115,1.13040559099094,5,0.06823452
115,1.13040559099094,6,0.06844241
115,1.13040559099094,7,0.0680014
115,1.13040559099094,8,0.06806252
115,1.13040559099094,9,0.06836126
115,1.13040559099094,10,0.06805261
115,1.13040559099094,11,0.06827229
115,1.13040559099094,12,0.06824274
115,1.13040559099094,13,0.0680132
115,1.13040559099094,14,0.06809373
115,1.13040559099094,15,0.06810649
116,1.14017151402326,0,0.06803504
116,1.14017151402326,1,0.06799532
116,1.14017151402326,2,0.06822046
116,1.14017151402326,3,0.06820349
116,1.14017151402326,4,0.06811981
116,1.14017151402326,5,0.06836852
116,1.14017151402326,6,0.06816521
116,1.14017151402326,7,0.06804717
116,1.14017151402326,8,0.06816159
116,1.14017151402326,9,0.06806074
116,1.14017151402326,10,0.06777609
116,1.14017151402326,11,0.06820519
116,1.14017151402326,12,0.06806534
116,1.14017151402326,13,0.06798963
116,1.14017151402326,14,0.06792802
116,1.14017151402326,15,0.06782748
117,1.15054780724509,0,0.06812913
117,1.15054780724509,1,0.06824388
117,1.15054780724509,2,0.0681459
117,1.15054780724509,3,0.06809763
117,1.15054780724509,4,0.06818778
117,1.15054780724509,5,0.06836763
117,1.15054780724509,6,0.06840285
117,1.15054780724509,7,0.06832665
117,1.15054780724509,8,0.06811948
117,1.15054780724509,9,0.06820418
117,1.15054780724509,10,0.06828469
117,1.15054780724509,11,0.06811327
117,1.15054780724509,12,0.06832962
117,1.15054780724509,13,0.06794581
117,1.15054780724509,14,0.06853404
117,1.15054780724509,15,0.06824274
118,1.16031373027741,0,0.06805797
118,1.16031373027741,1,0.06839906
118,1.16031373027741,2,0.06840824
118,1.16031373027741,3,0.06855267
118,1.16031373027741,4,0.06814267
118,1.16031373027741,5,0.06822396
118,1.16031373027741,6,0.06806811
118,1.16031373027741,7,0.06813058
118,1.16031373027741,8,0.06813549
118,1.16031373027741,9,0.06827787
118,1.16031373027741,10,0.06822271
118,1.16031373027741,11,0.06835811
118,1.16031373027741,12,0.06837468
118,1.16031373027741,13,0.06822146
118,1.16031373027741,14,0.06838692
118,1.16031373027741,15,0.06837637
119,1.17130039368877,0,0.06863913
119,1.17130039368877,1,0.06856104
119,1.17130039368877,2,0.068344
119,1.17130039368877,3,0.06869022
119,1.17130039368877,4,0.06854364
119,1.17130039368877,5,0.06863903
119,1.17130039368877,6,0.06872203
119,1.17130039368877,7,0.06893128
119,1.17130039368877,8,0.06843013
119,1.17130039368877,9,0.06833947
119,1.17130039368877,10,0.0684156
119,1.17130039368877,11,0.06834349
119,1.17130039368877,12,0.06849304
119,1.17130039368877,13,0.06842335
119,1.17130039368877,14,0.06838004
119,1.17130039368877,15,0.06864554
120,1.18045594653157,0,0.06889099
120,1.18045594653157,1,0.06883875
120,1.18045594653157,2,0.06854674
120,1.18045594653157,3,0.06864953
120,1.18045594653157,4,0.06858167
120,1.18045594653157,5,0.06871907
120,1.18045594653157,6,0.06862975
120,1.18045594653157,7,0.06873227
120,1.18045594653157,8,0.06848562
120,1.18045594653157,9,0.06864098
120,1.18045594653157,10,0.06842097
120,1.18045594653157,11,0.06857599
120,1.18045594653157,12,0.0687599
120,1.18045594653157,13,0.06851754
120,1.18045594653157,14,0.06849942
120,1.18045594653157,15,0.06832513
121,1.19083223975341,0,0.06860162
121,1.19083223975341,1,0.06842469
121,1.19083223975341,2,0.06846951
121,1.19083223975341,3,0.06837985
121,1.19083223975341,4,0.06855367
121,1.19083223975341,5,0.06854305
121,1.19083223975341,6,0.06825914
121,1.19083223975341,7,0.06845325
121,1.19083223975341,8,0.06855171
121,1.19083223975341,9,0.0683856
121,1.19083223975341,10,0.06818873
121,1.19083223975341,11,0.06845536
121,1.19083223975341,12,0.06834415
121,1.19083223975341,13,0.06807239
121,1.19083223975341,14,0.06822763
121,1.19083223975341,15,0.06804267
122,1.20059816278573,0,0.06842038
122,1.20059816278573,1,0.06848596
122,1.20059816278573,2,0.06856158
122,1.20059816278573,3,0.06838104
122,1.20059816278573,4,0.06821048
122,1.20059816278573,5,0.06858231
122,1.20059816278573,6,0.06885557
122,1.20059816278573,7,0.06860486
122,1.20059816278573,8,0.06895402
122,1.20059816278573,9,0.06838199
122,1.20059816278573,10,0.06871656
122,1.20059816278573,11,0.06857499
122,1.20059816278573,12,0.06859702
122,1.20059816278573,13,0.06878991
122,1.20059816278573,14,0.06856491
122,1.20059816278573,15,0.06827958
123,1.21097445600757,0,0.0685221
123,1.21097445600757,1,0.06859054
123,1.21097445600757,2,0.06843238
123,1.21097445600757,3,0.06845619
123,1.21097445600757,4,0.06856901
123,1.21097445600757,5,0.0681647
123,1.21097445600757,6,0.06834421
123,1.21097445600757,7,0.06866804
123,1.21097445600757,8,0.06844401
123,1.21097445600757,9,0.0683905
123,1.21097445600757,10,0.06830491
123,1.21097445600757,11,0.06857809
123,1.21097445600757,12,0.06838039
123,1.21097445600757,13,0.06837218
123,1.21097445600757,14,0.06856471
123,1.21097445600757,15,0.06824283
124,1.22135074922941,0,0.06846001
124,1.22135074922941,1,0.06834584
124,1.22135074922941,2,0.06843659
124,1.22135074922941,3,0.06873844
124,1.22135074922941,4,0.06864978
124,1.22135074922941,5,0.06835762
124,1.22135074922941,6,0.06858011
124,1.22135074922941,7,0.06865829
124,1.22135074922941,8,0.06847955
124,1.22135074922941,9,0.06828395
124,1.22135074922941,10,0.06845519
124,1.22135074922941,11,0.0683162
124,1.22135074922941,12,0.06852789
124,1.22135074922941,13,0.06877427
124,1.22135074922941,14,0.06854948
124,1.22135074922941,15,0.06854373
125,1.23050630207221,0,0.06866235
125,1.23050630207221,1,0.06880949
125,1.23050630207221,2,0.06857839
125,1.23050630207221,3,0.06880321
125,1.23050630207221,4,0.06861876
125,1.23050630207221,5,0.06856412
125,1.23050630207221,6,0.06896188
125,1.23050630207221,7,0.06866568
125,1.23050630207221,8,0.06870485
125,1.23050630207221,9,0.06884913
125,1.23050630207221,10,0.06865489
125,1.23050630207221,11,0.06852251
125,1.23050630207221,12,0.06885929
125,1.23050630207221,13,0.06886791
125,1.23050630207221,14,0.06879424
125,1.23050630207221,15,0.06872524
126,1.24088259529405,0,0.06881733
126,1.24088259529405,1,0.06890266
126,1.24088259529405,2,0.06879253
126,1.24088259529405,3,0.068919
126,1.24088259529405,4,0.06845928
126,1.24088259529405,5,0.06892487
126,1.24088259529405,6,0.06883613
126,1.24088259529405,7,0.06826438
126,1.24088259529405,8,0.06862006
126,1.24088259529405,9,0.06880161
126,1.24088259529405,10,0.06877974
126,1.24088259529405,11,0.0686577
126,1.24088259529405,12,0.06851881
126,1.24088259529405,13,0.06854865
126,1.24088259529405,14,0.0687963
126,1.24088259529405,15,0.0685395
127,1.25003814813684,0,0.06843343
127,1.25003814813684,1,0.0686875
127,1.25003814813684,2,0.06872214
127,1.25003814813684,3,0.06826778
127,1.25003814813684,4,0.06853556
127,1.25003814813684,5,0.06862182
127,1.25003814813684,6,0.06870375
127,1.25003814813684,7,0.06894203
127,1.25003814813684,8,0.0686368
127,1.25003814813684,9,0.06844748
127,1.25003814813684,10,0.06879473
127,1.25003814813684,11,0.06882891
127,1.25003814813684,12,0.0688517
127,1.25003814813684,13,0.06910461
127,1.25003814813684,14,0.06890849
127,1.25003814813684,15,0.0688108
128,1.26041444135868,0,0.06915925
128,1.26041444135868,1,0.0691123
128,1.26041444135868,2,0.06910261
128,1.26041444135868,3,0.06915851
128,1.26041444135868,4,0.06897359
128,1.26041444135868,5,0.06910078
128,1.26041444135868,6,0.0689809
128,1.26041444135868,7,0.06904685
128,1.26041444135868,8,0.06893238
128,1.26041444135868,9,0.0689504
128,1.26041444135868,10,0.0688961
128,1.26041444135868,11,0.06869029
128,1.26041444135868,12,0.06871479
128,1.26041444135868,13,0.06876042
128,1.26041444135868,14,0.06833874
128,1.26041444135868,15,0.06857665
129,1.26956999420148,0,0.06881275
129,1.26956999420148,1,0.06884698
129,1.26956999420148,2,0.06895933
129,1.26956999420148,3,0.06883679
129,1.26956999420148,4,0.06884362
129,1.26956999420148,5,0.06892511
129,1.26956999420148,6,0.06891001
129,1.26956999420148,7,0.06885983
129,1.26956999420148,8,0.06868172
129,1.26956999420148,9,0.06887794
129,1.26956999420148,10,0.0689202
129,1.26956999420148,11,0.06859433
129,1.26956999420148,12,0.06875362
129,1.26956999420148,13,0.06903958
129,1.26956999420148,14,0.06890409
129,1.26956999420148,15,0.0690463
130,1.27994628742332,0,0.06891106
130,1.27994628742332,1,0.06892516
130,1.27994628742332,2,0.06884763
130,1.27994628742332,3,0.06883924
130,1.27994628742332,4,0.06878331
130,1.27994628742332,5,0.06858015
130,1.27994628742332,6,0.06867158
130,1.27994628742332,7,0.06867477
130,1.27994628742332,8,0.0688789
130,1.27994628742332,9,0.06891256
130,1.27994628742332,10,0.06871445
130,1.27994628742332,11,0.06911429
130,1.27994628742332,12,0.06908102
130,1.27994628742332,13,0.0691136
130,1.27994628742332,14,0.06918361
130,1.27994628742332,15,0.06871765
131,1.29093295083468,0,0.06898865
131,1.29093295083468,1,0.06906266
131,1.29093295083468,2,0.06940385
131,1.29093295083468,3,0.06910381
131,1.29093295083468,4,0.06921566
131,1.29093295083468,5,0.06926324
131,1.29093295083468,6,0.06905021
131,1.29093295083468,7,0.06890003
131,1.29093295083468,8,0.06884536
131,1.29093295083468,9,0.06935944
131,1.29093295083468,10,0.06920899
131,1.29093295083468,11,0.06929173
131,1.29093295083468,12,0.06943766
131,1.29093295083468,13,0.06901669
131,1.29093295083468,14,0.06911184
131,1.29093295083468,15,0.06915088
132,1.30130924405652,0,0.0690466
132,1.30130924405652,1,0.06891669
132,1.30130924405652,2,0.0688975
132,1.30130924405652,3,0.06895185
132,1.30130924405652,4,0.06898196
132,1.30130924405652,5,0.06914601
132,1.30130924405652,6,0.06909272
132,1.30130924405652,7,0.06905954
132,1.30130924405652,8,0.06924968
132,1.30130924405652,9,0.0691941
132,1.30130924405652,10,0.06908138
132,1.30130924405652,11,0.06920464
132,1.30130924405652,12,0.06896039
132,1.30130924405652,13,0.06918386
132,1.30130924405652,14,0.06909975
132,1.30130924405652,15,0.06895928
133,1.31046479689932,0,0.06927051
133,1.31046479689932,1,0.06913247
133,1.31046479689932,2,0.06914173
133,1.31046479689932,3,0.06899039
133,1.31046479689932,4,0.06901634
133,1.31046479689932,5,0.06906251
133,1.31046479689932,6,0.06913145
133,1.31046479689932,7,0.06897615
133,1.31046479689932,8,0.06899652
133,1.31046479689932,9,0.06902809
133,1.31046479689932,10,0.068974
133,1.31046479689932,11,0.06909162
133,1.31046479689932,12,0.06917211
133,1.31046479689932,13,0.06921291
133,1.31046479689932,14,0.06936777
133,1.31046479689932,15,0.06908479
134,1.32023071993164,0,0.06880744
134,1.32023071993164,1,0.06889354
134,1.32023071993164,2,0.0686864
134,1.32023071993164,3,0.06903872
134,1.32023071993164,4,0.06899089
134,1.32023071993164,5,0.06930539
134,1.32023071993164,6,0.06928317
134,1.32023071993164,7,0.06919027
134,1.32023071993164,8,0.06964633
134,1.32023071993164,9,0.06955504
134,1.32023071993164,10,0.06938899
134,1.32023071993164,11,0.06941875
134,1.32023071993164,12,0.0694351
134,1.32023071993164,13,0.06920809
134,1.32023071993164,14,0.0694434
134,1.32023071993164,15,0.06993362
135,1.33060701315348,0,0.0691133
135,1.33060701315348,1,0.06876992
135,1.33060701315348,2,0.06885085
135,1.33060701315348,3,0.0695463
135,1.33060701315348,4,0.06921265
135,1.33060701315348,5,0.06918982
135,1.33060701315348,6,0.06936661
135,1.33060701315348,7,0.06925215
135,1.33060701315348,8,0.06914721
135,1.33060701315348,9,0.06908613
135,1.33060701315348,10,0.06941589
135,1.33060701315348,11,0.06931623
135,1.33060701315348,12,0.06916293
135,1.33060701315348,13,0.06935873
135,1.33060701315348,14,0.0693886
135,1.33060701315348,15,0.06936671
136,1.3403729361858,0,0.06924959
136,1.3403729361858,1,0.06952488
136,1.3403729361858,2,0.06934789
136,1.3403729361858,3,0.06920286
136,1.3403729361858,4,0.069227
136,1.3403729361858,5,0.06924096
136,1.3403729361858,6,0.0691955
136,1.3403729361858,7,0.06944805
136,1.3403729361858,8,0.06932346
136,1.3403729361858,9,0.0691995
136,1.3403729361858,10,0.06923423
136,1.3403729361858,11,0.06922359
136,1.3403729361858,12,0.06912599
136,1.3403729361858,13,0.0691743
136,1.3403729361858,14,0.06916863
136,1.3403729361858,15,0.06933897
137,1.35074922940764,0,0.06950974
137,1.35074922940764,1,0.06940234
137,1.35074922940764,2,0.06938066
137,1.35074922940764,3,0.06940258
137,1.35074922940764,4,0.06937008
137,1.35074922940764,5,0.06949146
137,1.35074922940764,6,0.06933188
137,1.35074922940764,7,0.06924959
137,1.35074922940764,8,0.06923895
137,1.35074922940764,9,0.06953944
137,1.35074922940764,10,0.06927749
137,1.35074922940764,11,0.06953843
137,1.35074922940764,12,0.06947319
137,1.35074922940764,13,0.06957135
137,1.35074922940764,14,0.06957607
137,1.35074922940764,15,0.06967965
138,1.36112552262947,0,0.06968191
138,1.36112552262947,1,0.06968256
138,1.36112552262947,2,0.06955072
138,1.36112552262947,3,0.06942045
138,1.36112552262947,4,0.06969229
138,1.36112552262947,5,0.06959634
138,1.36112552262947,6,0.06959469
138,1.36112552262947,7,0.06955022
138,1.36112552262947,8,0.06943215
138,1.36112552262947,9,0.06928059
138,1.36112552262947,10,0.06945574
138,1.36112552262947,11,0.06927539
138,1.36112552262947,12,0.06951951
138,1.36112552262947,13,0.06932215
138,1.36112552262947,14,0.06956673
138,1.36112552262947,15,0.06921671
139,1.37089144566179,0,0.06931526
139,1.37089144566179,1,0.06920613
139,1.37089144566179,2,0.06928762
139,1.37089144566179,3,0.06945187
139,1.37089144566179,4,0.06938887
139,1.37089144566179,5,0.06955419
139,1.37089144566179,6,0.0694318
139,1.37089144566179,7,0.06940033
139,1.37089144566179,8,0.0692008
139,1.37089144566179,9,0.06922193
139,1.37089144566179,10,0.06936957
139,1.37089144566179,11,0.06931885
139,1.37089144566179,12,0.06942978
139,1.37089144566179,13,0.06919418
139,1.37089144566179,14,0.06941293
139,1.37089144566179,15,0.06930692
140,1.38187810907315,0,0.06950426
140,1.38187810907315,1,0.06927749
140,1.38187810907315,2,0.06967563
140,1.38187810907315,3,0.06945322
140,1.38187810907315,4,0.06957547
140,1.38187810907315,5,0.06955118
140,1.38187810907315,6,0.06960572
140,1.38187810907315,7,0.06963959
140,1.38187810907315,8,0.06927142
140,1.38187810907315,9,0.06910477
140,1.38187810907315,10,0.06921085
140,1.38187810907315,11,0.06924503
140,1.38187810907315,12,0.06944264
140,1.38187810907315,13,0.06936581
140,1.38187810907315,14,0.06925073
140,1.38187810907315,15,0.06955946
141,1.39164403210547,0,0.06962509
141,1.39164403210547,1,0.06968597
141,1.39164403210547,2,0.06956949
141,1.39164403210547,3,0.06965892
141,1.39164403210547,4,0.06963423
141,1.39164403210547,5,0.06954832
141,1.39164403210547,6,0.06961441
141,1.39164403210547,7,0.06937876
141,1.39164403210547,8,0.06966725
141,1.39164403210547,9,0.06952368
141,1.39164403210547,10,0.06929139
141,1.39164403210547,11,0.06965374
141,1.39164403210547,12,0.06948365
141,1.39164403210547,13,0.0694741
141,1.39164403210547,14,0.06933002
141,1.39164403210547,15,0.06951305
142,1.40079958494827,0,0.06943877
142,1.40079958494827,1,0.06967823
142,1.40079958494827,2,0.06938287
142,1.40079958494827,3,0.06950716
142,1.40079958494827,4,0.06977916
142,1.40079958494827,5,0.06967096
142,1.40079958494827,6,0.06977534
142,1.40079958494827,7,0.06970021
142,1.40079958494827,8,0.06965606
142,1.40079958494827,9,0.06943973
142,1.40079958494827,10,0.06950761
142,1.40079958494827,11,0.06950551
142,1.40079958494827,12,0.06959168
142,1.40079958494827,13,0.06950606
142,1.40079958494827,14,0.0697783
142,1.40079958494827,15,0.06982748
143,1.41178624835963,0,0.0695987
143,1.41178624835963,1,0.06973575
143,1.41178624835963,2,0.06973138
143,1.41178624835963,3,0.06974594
143,1.41178624835963,4,0.0695444
143,1.41178624835963,5,0.06968933
143,1.41178624835963,6,0.0694579
143,1.41178624835963,7,0.06951725
143,1.41178624835963,8,0.0695845
143,1.41178624835963,9,0.06946106
143,1.41178624835963,10,0.06941033
143,1.41178624835963,11,0.06960959
143,1.41178624835963,12,0.06951314
143,1.41178624835963,13,0.06942211
143,1.41178624835963,14,0.06927323
143,1.41178624835963,15,0.06972044
144,1.42094180120243,0,0.06951305
144,1.42094180120243,1,0.06980505
144,1.42094180120243,2,0.06997943
144,1.42094180120243,3,0.06983581
144,1.42094180120243,4,0.06980685
144,1.42094180120243,5,0.07000031
144,1.42094180120243,6,0.06995569
144,1.42094180120243,7,0.0699136
144,1.42094180120243,8,0.06988895
144,1.42094180120243,9,0.06992207
144,1.42094180120243,10,0.0699979
144,1.42094180120243,11,0.06984349
144,1.42094180120243,12,0.06951273
144,1.42094180120243,13,0.06963278
144,1.42094180120243,14,0.06940725
144,1.42094180120243,15,0.06972712
145,1.43131809442427,0,0.06963031
145,1.43131809442427,1,0.06978683
145,1.43131809442427,2,0.06979562
145,1.43131809442427,3,0.06953312
145,1.43131809442427,4,0.06960844
145,1.43131809442427,5,0.06967467
145,1.43131809442427,6,0.06968692
145,1.43131809442427,7,0.06958174
145,1.43131809442427,8,0.06974227
145,1.43131809442427,9,0.06976786
145,1.43131809442427,10,0.06942889
145,1.43131809442427,11,0.06933124
145,1.43131809442427,12,0.0694906
145,1.43131809442427,13,0.06920672
145,1.43131809442427,14,0.06931507
145,1.43131809442427,15,0.06977198
146,1.44108401745659,0,0.06953517
146,1.44108401745659,1,0.06963377
146,1.44108401745659,2,0.06947295
146,1.44108401745659,3,0.06948499
146,1.44108401745659,4,0.06945954
146,1.44108401745659,5,0.06936064
146,1.44108401745659,6,0.06969003
146,1.44108401745659,7,0.0694015
146,1.44108401745659,8,0.06953437
146,1.44108401745659,9,0.06965851
146,1.44108401745659,10,0.06976195
146,1.44108401745659,11,0.06958068
146,1.44108401745659,12,0.06981253
146,1.44108401745659,13,0.06969319
146,1.44108401745659,14,0.06969014
146,1.44108401745659,15,0.06974122
147,1.45084994048891,0,0.06976946
147,1.45084994048891,1,0.06972667
147,1.45084994048891,2,0.06958806
147,1.45084994048891,3,0.06958038
147,1.45084994048891,4,0.06973595
147,1.45084994048891,5,0.0695552
147,1.45084994048891,6,0.06934409
147,1.45084994048891,7,0.0695552
147,1.45084994048891,8,0.06954225
147,1.45084994048891,9,0.06958374
147,1.45084994048891,10,0.06970444
147,1.45084994048891,11,0.06980836
147,1.45084994048891,12,0.069722
147,1.45084994048891,13,0.06984344
147,1.45084994048891,14,0.06962982
147,1.45084994048891,15,0.06975342
148,1.46061586352123,0,0.06997662
148,1.46061586352123,1,0.07001682
148,1.46061586352123,2,0.06973976
148,1.46061586352123,3,0.06963338
148,1.46061586352123,4,0.06988529
148,1.46061586352123,5,0.06984454
148,1.46061586352123,6,0.07003463
148,1.46061586352123,7,0.06992207
148,1.46061586352123,8,0.06988504
148,1.46061586352123,9,0.06981523
148,1.46061586352123,10,0.06996848
148,1.46061586352123,11,0.06997526
148,1.46061586352123,12,0.06982527
148,1.46061586352123,13,0.06979556
148,1.46061586352123,14,0.06986924
148,1.46061586352123,15,0.07000322
149,1.47099215674306,0,0.06967793
149,1.47099215674306,1,0.06999233
149,1.47099215674306,2,0.07000487
149,1.47099215674306,3,0.06984976
149,1.47099215674306,4,0.06992061
149,1.47099215674306,5,0.06969164
149,1.47099215674306,6,0.06962354
149,1.47099215674306,7,0.06995319
149,1.47099215674306,8,0.06973641
149,1.47099215674306,9,0.06968974
149,1.47099215674306,10,0.06979833
149,1.47099215674306,11,0.06982141
149,1.47099215674306,12,0.06997692
149,1.47099215674306,13,0.07007909
149,1.47099215674306,14,0.07006574
149,1.47099215674306,15,0.06964722
150,1.4813684499649,0,0.06983922
150,1.4813684499649,1,0.06999213
150,1.4813684499649,2,0.06976224
150,1.4813684499649,3,0.06966695
150,1.4813684499649,4,0.06973605
150,1.4813684499649,5,0.06973821
150,1.4813684499649,6,0.06939285
150,1.4813684499649,7,0.06968115
150,1.4813684499649,8,0.06981468
150,1.4813684499649,9,0.06945252
150,1.4813684499649,10,0.06969514
150,1.4813684499649,11,0.06971899
150,1.4813684499649,12,0.06987355
150,1.4813684499649,13,0.06938899
150,1.4813684499649,14,0.06967172
150,1.4813684499649,15,0.06978809
151,1.4905240028077,0,0.06977705
151,1.4905240028077,1,0.06954762
151,1.4905240028077,2,0.06962605
151,1.4905240028077,3,0.06962067
151,1.4905240028077,4,0.06969295
151,1.4905240028077,5,0.06979842
151,1.4905240028077,6,0.07000929
151,1.4905240028077,7,0.06978021
151,1.4905240028077,8,0.06985829
151,1.4905240028077,9,0.07000913
151,1.4905240028077,10,0.0699181
151,1.4905240028077,11,0.06987476
151,1.4905240028077,12,0.06981323
151,1.4905240028077,13,0.06977239
151,1.4905240028077,14,0.06965365
151,1.4905240028077,15,0.06970508
152,1.50028992584002,0,0.06955765
152,1.50028992584002,1,0.06993126
152,1.50028992584002,2,0.06999208
152,1.50028992584002,3,0.06973253
152,1.50028992584002,4,0.06955263
152,1.50028992584002,5,0.06971809
152,1.50028992584002,6,0.0697495
152,1.50028992584002,7,0.06970108
152,1.50028992584002,8,0.06955675
152,1.50028992584002,9,0.06944996
152,1.50028992584002,10,0.06978247
152,1.50028992584002,11,0.06963322
152,1.50028992584002,12,0.06988188
152,1.50028992584002,13,0.0696268
152,1.50028992584002,14,0.07002223
152,1.50028992584002,15,0.07000668
153,1.51127658925138,0,0.07000016
153,1.51127658925138,1,0.06985041
153,1.51127658925138,2,0.06980671
153,1.51127658925138,3,0.06986441
153,1.51127658925138,4,0.07021479
153,1.51127658925138,5,0.06988188
153,1.51127658925138,6,0.07020605
153,1.51127658925138,7,0.06980821
153,1.51127658925138,8,0.06968883
153,1.51127658925138,9,0.06962258
153,1.51127658925138,10,0.06956854
153,1.51127658925138,11,0.06984645
153,1.51127658925138,12,0.06977779
153,1.51127658925138,13,0.06945313
153,1.51127658925138,14,0.06971823
153,1.51127658925138,15,0.07009967
154,1.5210425122837,0,0.06965896
154,1.5210425122837,1,0.06979175
154,1.5210425122837,2,0.06971642
154,1.5210425122837,3,0.06956664
154,1.5210425122837,4,0.06970288
154,1.5210425122837,5,0.06987345
154,1.5210425122837,6,0.06994646
154,1.5210425122837,7,0.06942783
154,1.5210425122837,8,0.06954014
154,1.5210425122837,9,0.06965485
154,1.5210425122837,10,0.06977745
154,1.5210425122837,11,0.06971673
154,1.5210425122837,12,0.06965204
154,1.5210425122837,13,0.0698187
154,1.5210425122837,14,0.06982894
154,1.5210425122837,15,0.06977278
155,1.5301980651265,0,0.06959529
155,1.5301980651265,1,0.06976395
155,1.5301980651265,2,0.0696547
155,1.5301980651265,3,0.06969229
155,1.5301980651265,4,0.06977489
155,1.5301980651265,5,0.06988478
155,1.5301980651265,6,0.0697091
155,1.5301980651265,7,0.06949522
155,1.5301980651265,8,0.06945895
155,1.5301980651265,9,0.06964251
155,1.5301980651265,10,0.06951615
155,1.5301980651265,11,0.06959483
155,1.5301980651265,12,0.06954084
155,1.5301980651265,13,0.06929304
155,1.5301980651265,14,0.06950802
155,1.5301980651265,15,0.06941222
156,1.54179509872738,0,0.06940806
156,1.54179509872738,1,0.06962053
156,1.54179509872738,2,0.06955113
156,1.54179509872738,3,0.06973655
156,1.54179509872738,4,0.0697915
156,1.54179509872738,5,0.0696135
156,1.54179509872738,6,0.06965952
156,1.54179509872738,7,0.06972726
156,1.54179509872738,8,0.06981041
156,1.54179509872738,9,0.06963207
156,1.54179509872738,10,0.06939773
156,1.54179509872738,11,0.06953593
156,1.54179509872738,12,0.06949723
156,1.54179509872738,13,0.06951985
156,1.54179509872738,14,0.06981197
156,1.54179509872738,15,0.06980093
157,1.55095065157018,0,0.06990782
157,1.55095065157018,1,0.06974689
157,1.55095065157018,2,0.06969105
157,1.55095065157018,3,0.06966313
157,1.55095065157018,4,0.06974819
157,1.55095065157018,5,0.07001983
157,1.55095065157018,6,0.0700257
157,1.55095065157018,7,0.06982106
157,1.55095065157018,8,0.06989945
157,1.55095065157018,9,0.06969977
157,1.55095065157018,10,0.0696527
157,1.55095065157018,11,0.06945543
157,1.55095065157018,12,0.06945709
157,1.55095065157018,13,0.06953005
157,1.55095065157018,14,0.0695287
157,1.55095065157018,15,0.06964371
158,1.56132694479202,0,0.06949276
158,1.56132694479202,1,0.06956984
158,1.56132694479202,2,0.06935155
158,1.56132694479202,3,0.0692382
158,1.56132694479202,4,0.069035
158,1.56132694479202,5,0.06930324
158,1.56132694479202,6,0.06949823
158,1.56132694479202,7,0.06953556
158,1.56132694479202,8,0.06956312
158,1.56132694479202,9,0.06934217
158,1.56132694479202,10,0.06978723
158,1.56132694479202,11,0.06983907
158,1.56132694479202,12,0.0695155
158,1.56132694479202,13,0.06961566
158,1.56132694479202,14,0.06941804
158,1.56132694479202,15,0.0695593
159,1.57109286782434,0,0.06973891
159,1.57109286782434,1,0.06983701
159,1.57109286782434,2,0.06988449
159,1.57109286782434,3,0.06959458
159,1.57109286782434,4,0.0696279
159,1.57109286782434,5,0.06957812
159,1.57109286782434,6,0.0694604
159,1.57109286782434,7,0.06955961
159,1.57109286782434,8,0.06958184
159,1.57109286782434,9,0.06937384
159,1.57109286782434,10,0.06958374
159,1.57109286782434,11,0.06984685
159,1.57109286782434,12,0.06936184
159,1.57109286782434,13,0.06899568
159,1.57109286782434,14,0.06952955
159,1.57109286782434,15,0.06942718
160,1.58085879085665,0,0.0695408
160,1.58085879085665,1,0.06972525
160,1.58085879085665,2,0.06965305
160,1.58085879085665,3,0.0697476
160,1.58085879085665,4,0.06951585
160,1.58085879085665,5,0.06952288
160,1.58085879085665,6,0.06969079
160,1.58085879085665,7,0.06957447
160,1.58085879085665,8,0.0696246
160,1.58085879085665,9,0.06951299
160,1.58085879085665,10,0.06974097
160,1.58085879085665,11,0.06934956
160,1.58085879085665,12,0.06952514
160,1.58085879085665,13,0.06954299
160,1.58085879085665,14,0.06935918
160,1.58085879085665,15,0.06918921
161,1.59062471388897,0,0.06964848
161,1.59062471388897,1,0.06923183
161,1.59062471388897,2,0.06943701
161,1.59062471388897,3,0.06938738
161,1.59062471388897,4,0.06934738
161,1.59062471388897,5,0.06941433
161,1.59062471388897,6,0.06934959
161,1.59062471388897,7,0.06926519
161,1.59062471388897,8,0.06923164
161,1.59062471388897,9,0.06948233
161,1.59062471388897,10,0.06933835
161,1.59062471388897,11,0.06923925
161,1.59062471388897,12,0.06955048
161,1.59062471388897,13,0.06937112
161,1.59062471388897,14,0.06945824
161,1.59062471388897,15,0.06960788
162,1.60100100711081,0,0.06962917
162,1.60100100711081,1,0.06946272
162,1.60100100711081,2,0.06955033
162,1.60100100711081,3,0.06973941
162,1.60100100711081,4,0.06961566
162,1.60100100711081,5,0.06949693
162,1.60100100711081,6,0.06949337
162,1.60100100711081,7,0.06932229
162,1.60100100711081,8,0.06944413
162,1.60100100711081,9,0.06946341
162,1.60100100711081,10,0.06930248
162,1.60100100711081,11,0.06915674
162,1.60100100711081,12,0.06924593
162,1.60100100711081,13,0.06924353
162,1.60100100711081,14,0.06923223
162,1.60100100711081,15,0.06924397
163,1.61076693014313,0,0.06940214
163,1.61076693014313,1,0.06934112
163,1.61076693014313,2,0.06942066
163,1.61076693014313,3,0.06919619
163,1.61076693014313,4,0.06926233
163,1.61076693014313,5,0.06927056
163,1.61076693014313,6,0.06940369
163,1.61076693014313,7,0.06953758
163,1.61076693014313,8,0.06931658
163,1.61076693014313,9,0.06940083
163,1.61076693014313,10,0.0692955
163,1.61076693014313,11,0.06935321
163,1.61076693014313,12,0.06932957
163,1.61076693014313,13,0.06952779
163,1.61076693014313,14,0.06921401
163,1.61076693014313,15,0.06965481
164,1.62114322336497,0,0.0695433
164,1.62114322336497,1,0.06930433
164,1.62114322336497,2,0.06927492
164,1.62114322336497,3,0.06907514
164,1.62114322336497,4,0.06940746
164,1.62114322336497,5,0.06937244
164,1.62114322336497,6,0.06928647
164,1.62114322336497,7,0.06955263
164,1.62114322336497,8,0.06939451
164,1.62114322336497,9,0.06929942
164,1.62114322336497,10,0.06918426
164,1.62114322336497,11,0.06928094
164,1.62114322336497,12,0.06923031
164,1.62114322336497,13,0.06899747
164,1.62114322336497,14,0.06942125
164,1.62114322336497,15,0.06926785
165,1.63029877620777,0,0.06920358
165,1.63029877620777,1,0.06903179
165,1.63029877620777,2,0.06930378
165,1.63029877620777,3,0.06920405
165,1.63029877620777,4,0.06896716
165,1.63029877620777,5,0.06899843
165,1.63029877620777,6,0.06911816
165,1.63029877620777,7,0.06923719
165,1.63029877620777,8,0.06912704
165,1.63029877620777,9,0.06893052
165,1.63029877620777,10,0.06928466
165,1.63029877620777,11,0.0693913
165,1.63029877620777,12,0.06929319
165,1.63029877620777,13,0.06929601
165,1.63029877620777,14,0.06938995
165,1.63029877620777,15,0.06953105
166,1.64128543961913,0,0.0692265
166,1.64128543961913,1,0.0692386
166,1.64128543961913,2,0.06937835
166,1.64128543961913,3,0.06945408
166,1.64128543961913,4,0.06940661
166,1.64128543961913,5,0.06945117
166,1.64128543961913,6,0.0693664
166,1.64128543961913,7,0.06919965
166,1.64128543961913,8,0.06952138
166,1.64128543961913,9,0.06925526
166,1.64128543961913,10,0.06945663
166,1.64128543961913,11,0.06943014
166,1.64128543961913,12,0.06944966
166,1.64128543961913,13,0.06952433
166,1.64128543961913,14,0.0693345
166,1.64128543961913,15,0.06937695
167,1.65044099246193,0,0.06969113
167,1.65044099246193,1,0.06970704
167,1.65044099246193,2,0.06960929
167,1.65044099246193,3,0.06957593
167,1.65044099246193,4,0.0695015
167,1.65044099246193,5,0.06933901
167,1.65044099246193,6,0.06959845
167,1.65044099246193,7,0.06966484
167,1.65044099246193,8,0.06936169
167,1.65044099246193,9,0.06931031
167,1.65044099246193,10,0.06930839
167,1.65044099246193,11,0.06929756
167,1.65044099246193,12,0.06937952
167,1.65044099246193,13,0.06948864
167,1.65044099246193,14,0.06928577
167,1.65044099246193,15,0.06943093
168,1.66081728568377,0,0.06952539
168,1.66081728568377,1,0.06964663
168,1.66081728568377,2,0.06938402
168,1.66081728568377,3,0.06940992
168,1.66081728568377,4,0.06932556
168,1.66081728568377,5,0.06949508
168,1.66081728568377,6,0.06948433
168,1.66081728568377,7,0.06966937
168,1.66081728568377,8,0.0695978
168,1.66081728568377,9,0.06962565
168,1.66081728568377,10,0.06934042
168,1.66081728568377,11,0.06970202
168,1.66081728568377,12,0.06964567
168,1.66081728568377,13,0.06961527
168,1.66081728568377,14,0.06990255
168,1.66081728568377,15,0.06996884
169,1.67119357890561,0,0.0695684
169,1.67119357890561,1,0.06934047
169,1.67119357890561,2,0.06949392
169,1.67119357890561,3,0.06949798
169,1.67119357890561,4,0.0692782
169,1.67119357890561,5,0.0694603
169,1.67119357890561,6,0.0692144
169,1.67119357890561,7,0.06936938
169,1.67119357890561,8,0.06946336
169,1.67119357890561,9,0.06947139
169,1.67119357890561,10,0.06938995
169,1.67119357890561,11,0.06952675
169,1.67119357890561,12,0.06990124
169,1.67119357890561,13,0.06967127
169,1.67119357890561,14,0.06958881
169,1.67119357890561,15,0.06953407
170,1.68095950193793,0,0.06967422
170,1.68095950193793,1,0.06948614
170,1.68095950193793,2,0.06959675
170,1.68095950193793,3,0.0694588
170,1.68095950193793,4,0.06978548
170,1.68095950193793,5,0.06961014
170,1.68095950193793,6,0.06943641
170,1.68095950193793,7,0.06962947
170,1.68095950193793,8,0.06980736
170,1.68095950193793,9,0.0695999
170,1.68095950193793,10,0.06941464
170,1.68095950193793,11,0.06942292
170,1.68095950193793,12,0.06965189
170,1.68095950193793,13,0.06959755
170,1.68095950193793,14,0.06968752
170,1.68095950193793,15,0.06975607
171,1.69133579515976,0,0.06974342
171,1.69133579515976,1,0.06955299
171,1.69133579515976,2,0.06945685
171,1.69133579515976,3,0.06932045
171,1.69133579515976,4,0.06927392
171,1.69133579515976,5,0.06923749
171,1.69133579515976,6,0.06968717
171,1.69133579515976,7,0.06932777
171,1.69133579515976,8,0.0693237
171,1.69133579515976,9,0.06953809
171,1.69133579515976,10,0.0698757
171,1.69133579515976,11,0.06954656
171,1.69133579515976,12,0.06972285
171,1.69133579515976,13,0.06978288
171,1.69133579515976,14,0.06960557
171,1.69133579515976,15,0.06964793
172,1.70110171819208,0,0.06956481
172,1.70110171819208,1,0.06944099
172,1.70110171819208,2,0.06962635
172,1.70110171819208,3,0.06954506
172,1.70110171819208,4,0.06949534
172,1.70110171819208,5,0.06953457
172,1.70110171819208,6,0.06953758
172,1.70110171819208,7,0.06956147
172,1.70110171819208,8,0.06953366
172,1.70110171819208,9,0.06952219
172,1.70110171819208,10,0.06977755
172,1.70110171819208,11,0.06989302
172,1.70110171819208,12,0.069694
172,1.70110171819208,13,0.06955348
172,1.70110171819208,14,0.06950622
172,1.70110171819208,15,0.06985603
173,1.7108676412244,0,0.06936651
173,1.7108676412244,1,0.0693511
173,1.7108676412244,2,0.06971723
173,1.7108676412244,3,0.06982256
173,1.7108676412244,4,0.06967267
173,1.7108676412244,5,0.06961155
173,1.7108676412244,6,0.06965701
173,1.7108676412244,7,0.0696397
173,1.7108676412244,8,0.06951325
173,1.7108676412244,9,0.06956533
173,1.7108676412244,10,0.06963925
173,1.7108676412244,11,0.06943085
173,1.7108676412244,12,0.06956096
173,1.7108676412244,13,0.06921291
173,1.7108676412244,14,0.0691172
173,1.7108676412244,15,0.06939837
174,1.72124393444624,0,0.06939075
174,1.72124393444624,1,0.06930739
174,1.72124393444624,2,0.06908354
174,1.72124393444624,3,0.06921592
174,1.72124393444624,4,0.06949452
174,1.72124393444624,5,0.06923497
174,1.72124393444624,6,0.06936721
174,1.72124393444624,7,0.06949518
174,1.72124393444624,8,0.06925867
174,1.72124393444624,9,0.06933971
174,1.72124393444624,10,0.06957025
174,1.72124393444624,11,0.06955454
174,1.72124393444624,12,0.06937425
174,1.72124393444624,13,0.0695034
174,1.72124393444624,14,0.06931598
174,1.72124393444624,15,0.06946923
175,1.73100985747856,0,0.06961979
175,1.73100985747856,1,0.06937017
175,1.73100985747856,2,0.06953231
175,1.73100985747856,3,0.06931508
175,1.73100985747856,4,0.06947234
175,1.73100985747856,5,0.0695869
175,1.73100985747856,6,0.0690992
175,1.73100985747856,7,0.06940595
175,1.73100985747856,8,0.06926845
175,1.73100985747856,9,0.06932937
175,1.73100985747856,10,0.06944284
175,1.73100985747856,11,0.06955108
175,1.73100985747856,12,0.06944294
175,1.73100985747856,13,0.06936039
175,1.73100985747856,14,0.06962776
175,1.73100985747856,15,0.06955849
176,1.74016541032136,0,0.0692817
176,1.74016541032136,1,0.06942151
176,1.74016541032136,2,0.06915137
176,1.74016541032136,3,0.06939878
176,1.74016541032136,4,0.06922875
176,1.74016541032136,5,0.06931181
176,1.74016541032136,6,0.0693907
176,1.74016541032136,7,0.06928566
176,1.74016541032136,8,0.06919925
176,1.74016541032136,9,0.06932572
176,1.74016541032136,10,0.0695709
176,1.74016541032136,11,0.06936767
176,1.74016541032136,12,0.06946848
176,1.74016541032136,13,0.06993969
176,1.74016541032136,14,0.06965326
176,1.74016541032136,15,0.0693235
177,1.75115207373272,0,0.06982798
177,1.75115207373272,1,0.06986948
177,1.75115207373272,2,0.06987034
177,1.75115207373272,3,0.06968406
177,1.75115207373272,4,0.06940314
177,1.75115207373272,5,0.07004788
177,1.75115207373272,6,0.06988735
177,1.75115207373272,7,0.06959554
177,1.75115207373272,8,0.06954797
177,1.75115207373272,9,0.06953768
177,1.75115207373272,10,0.07007176
177,1.75115207373272,11,0.06969687
177,1.75115207373272,12,0.06959072
177,1.75115207373272,13,0.06958735
177,1.75115207373272,14,0.06938302
177,1.75115207373272,15,0.06932501
178,1.76030762657552,0,0.06927457
178,1.76030762657552,1,0.0695994
178,1.76030762657552,2,0.06965059
178,1.76030762657552,3,0.06944218
178,1.76030762657552,4,0.06965616
178,1.76030762657552,5,0.06975663
178,1.76030762657552,6,0.06956834
178,1.76030762657552,7,0.06946222
178,1.76030762657552,8,0.06962013
178,1.76030762657552,9,0.06945332
178,1.76030762657552,10,0.06930689
178,1.76030762657552,11,0.06940095
178,1.76030762657552,12,0.06964371
178,1.76030762657552,13,0.06931036
178,1.76030762657552,14,0.06959041
178,1.76030762657552,15,0.06945071
179,1.77129428998688,0,0.06934342
179,1.77129428998688,1,0.06949888
179,1.77129428998688,2,0.06971597
179,1.77129428998688,3,0.0692414
179,1.77129428998688,4,0.06920108
179,1.77129428998688,5,0.06949387
179,1.77129428998688,6,0.06932104
179,1.77129428998688,7,0.06947801
179,1.77129428998688,8,0.06925577
179,1.77129428998688,9,0.06948655
179,1.77129428998688,10,0.06945774
179,1.77129428998688,11,0.06935216
179,1.77129428998688,12,0.06952222
179,1.77129428998688,13,0.06944896
179,1.77129428998688,14,0.06947084
179,1.77129428998688,15,0.06989066
180,1.78044984282968,0,0.06926439
180,1.78044984282968,1,0.06957451
180,1.78044984282968,2,0.06965154
180,1.78044984282968,3,0.06990556
180,1.78044984282968,4,0.06962701
180,1.78044984282968,5,0.06993864
180,1.78044984282968,6,0.0699725
180,1.78044984282968,7,0.06981644
180,1.78044984282968,8,0.06969641
180,1.78044984282968,9,0.06983154
180,1.78044984282968,10,0.06960724
180,1.78044984282968,11,0.06928657
180,1.78044984282968,12,0.06962972
180,1.78044984282968,13,0.06953035
180,1.78044984282968,14,0.06944103
180,1.78044984282968,15,0.06941905
181,1.79082613605152,0,0.06989282
181,1.79082613605152,1,0.06955625
181,1.79082613605152,2,0.06958239
181,1.79082613605152,3,0.06957301
181,1.79082613605152,4,0.06945739
181,1.79082613605152,5,0.06944834
181,1.79082613605152,6,0.06936897
181,1.79082613605152,7,0.06946742
181,1.79082613605152,8,0.06940129
181,1.79082613605152,9,0.06953361
181,1.79082613605152,10,0.06934193
181,1.79082613605152,11,0.06940991
181,1.79082613605152,12,0.06943094
181,1.79082613605152,13,0.06932481
181,1.79082613605152,14,0.06962094
181,1.79082613605152,15,0.06952514
182,1.80059205908383,0,0.06944315
182,1.80059205908383,1,0.06913364
182,1.80059205908383,2,0.0694869
182,1.80059205908383,3,0.06959056
182,1.80059205908383,4,0.0692773
182,1.80059205908383,5,0.06945331
182,1.80059205908383,6,0.06974171
182,1.80059205908383,7,0.06951302
182,1.80059205908383,8,0.06959786
182,1.80059205908383,9,0.0697065
182,1.80059205908383,10,0.0695721
182,1.80059205908383,11,0.0694103
182,1.80059205908383,12,0.06957743
182,1.80059205908383,13,0.06937057
182,1.80059205908383,14,0.06940234
182,1.80059205908383,15,0.06931145
183,1.81035798211615,0,0.06982176
183,1.81035798211615,1,0.06936299
183,1.81035798211615,2,0.06936834
183,1.81035798211615,3,0.06950964
183,1.81035798211615,4,0.0696279
183,1.81035798211615,5,0.06953924
183,1.81035798211615,6,0.06931097
183,1.81035798211615,7,0.06969615
183,1.81035798211615,8,0.06939387
183,1.81035798211615,9,0.06936842
183,1.81035798211615,10,0.06950507
183,1.81035798211615,11,0.06950998
183,1.81035798211615,12,0.06946117
183,1.81035798211615,13,0.06953863
183,1.81035798211615,14,0.06961481
183,1.81035798211615,15,0.06959248
184,1.82134464552751,0,0.06956027
184,1.82134464552751,1,0.06964568
184,1.82134464552751,2,0.06945025
184,1.82134464552751,3,0.06950317
184,1.82134464552751,4,0.06952002
184,1.82134464552751,5,0.06974813
184,1.82134464552751,6,0.06944565
184,1.82134464552751,7,0.06931207
184,1.82134464552751,8,0.06944811
184,1.82134464552751,9,0.06950907
184,1.82134464552751,10,0.06946804
184,1.82134464552751,11,0.06951787
184,1.82134464552751,12,0.06939086
184,1.82134464552751,13,0.06945448
184,1.82134464552751,14,0.06938604
184,1.82134464552751,15,0.06947784
185,1.83111056855983,0,0.06944218
185,1.83111056855983,1,0.06941228
185,1.83111056855983,2,0.06915494
185,1.83111056855983,3,0.06941468
185,1.83111056855983,4,0.06932144
185,1.83111056855983,5,0.069338
185,1.83111056855983,6,0.06939474
185,1.83111056855983,7,0.06951624
185,1.83111056855983,8,0.0693223
185,1.83111056855983,9,0.06960637
185,1.83111056855983,10,0.06962245
185,1.83111056855983,11,0.06919112
185,1.83111056855983,12,0.06953256
185,1.83111056855983,13,0.06971367
185,1.83111056855983,14,0.06958745
185,1.83111056855983,15,0.06929373
186,1.84087649159215,0,0.06935181
186,1.84087649159215,1,0.06927402
186,1.84087649159215,2,0.06941793
186,1.84087649159215,3,0.06939171
186,1.84087649159215,4,0.06948006
186,1.84087649159215,5,0.06933826
186,1.84087649159215,6,0.06947616
186,1.84087649159215,7,0.06928667
186,1.84087649159215,8,0.06953764
186,1.84087649159215,9,0.06948348
186,1.84087649159215,10,0.06950763
186,1.84087649159215,11,0.06935432
186,1.84087649159215,12,0.06940074
186,1.84087649159215,13,0.06946522
186,1.84087649159215,14,0.06935467
186,1.84087649159215,15,0.06941553
187,1.85125278481399,0,0.06956849
187,1.85125278481399,1,0.06949995
187,1.85125278481399,2,0.06946397
187,1.85125278481399,3,0.06955545
187,1.85125278481399,4,0.06937348
187,1.85125278481399,5,0.06924121
187,1.85125278481399,6,0.06927463
187,1.85125278481399,7,0.06947175
187,1.85125278481399,8,0.06943075
187,1.85125278481399,9,0.06934167
187,1.85125278481399,10,0.06912287
187,1.85125278481399,11,0.06927628
187,1.85125278481399,12,0.06938196
187,1.85125278481399,13,0.06958415
187,1.85125278481399,14,0.06964948
187,1.85125278481399,15,0.06951524
188,1.86101870784631,0,0.06919786
188,1.86101870784631,1,0.06949412
188,1.86101870784631,2,0.0696407
188,1.86101870784631,3,0.0692974
188,1.86101870784631,4,0.06946637
188,1.86101870784631,5,0.06939542
188,1.86101870784631,6,0.06937298
188,1.86101870784631,7,0.06933198
188,1.86101870784631,8,0.06923654
188,1.86101870784631,9,0.06934468
188,1.86101870784631,10,0.06942662
188,1.86101870784631,11,0.06939651
188,1.86101870784631,12,0.0692936
188,1.86101870784631,13,0.06927357
188,1.86101870784631,14,0.06960873
188,1.86101870784631,15,0.06935883
189,1.87017426068911,0,0.06951078
189,1.87017426068911,1,0.06929149
189,1.87017426068911,2,0.06918826
189,1.87017426068911,3,0.0692252
189,1.87017426068911,4,0.06935829
189,1.87017426068911,5,0.06957983
189,1.87017426068911,6,0.06931949
189,1.87017426068911,7,0.06929631
189,1.87017426068911,8,0.06942722
189,1.87017426068911,9,0.06964753
189,1.87017426068911,10,0.06930307
189,1.87017426068911,11,0.0693789
189,1.87017426068911,12,0.06931116
189,1.87017426068911,13,0.06920527
189,1.87017426068911,14,0.06949703
189,1.87017426068911,15,0.06925937
190,1.88116092410047,0,0.06914486
190,1.88116092410047,1,0.06936773
190,1.88116092410047,2,0.06929626
190,1.88116092410047,3,0.06923734
190,1.88116092410047,4,0.06904951
190,1.88116092410047,5,0.0695035
190,1.88116092410047,6,0.06929345
190,1.88116092410047,7,0.0693497
190,1.88116092410047,8,0.06904148
190,1.88116092410047,9,0.06949066
190,1.88116092410047,10,0.0694048
190,1.88116092410047,11,0.06956819
190,1.88116092410047,12,0.06927869
190,1.88116092410047,13,0.06938272
190,1.88116092410047,14,0.06924251
190,1.88116092410047,15,0.06955133
191,1.89092684713279,0,0.06931311
191,1.89092684713279,1,0.06917441
191,1.89092684713279,2,0.06935015
191,1.89092684713279,3,0.0691827
191,1.89092684713279,4,0.06919543
191,1.89092684713279,5,0.06932912
191,1.89092684713279,6,0.06925305
191,1.89092684713279,7,0.06961647
191,1.89092684713279,8,0.06984048
191,1.89092684713279,9,0.06939586
191,1.89092684713279,10,0.06954491
191,1.89092684713279,11,0.06956458
191,1.89092684713279,12,0.06951635
191,1.89092684713279,13,0.06950115
191,1.89092684713279,14,0.06955108
191,1.89092684713279,15,0.06951434
192,1.9006927701651,0,0.06957038
192,1.9006927701651,1,0.06911304
192,1.9006927701651,2,0.06935005
192,1.9006927701651,3,0.0694739
192,1.9006927701651,4,0.06944413
192,1.9006927701651,5,0.06950987
192,1.9006927701651,6,0.06937594
192,1.9006927701651,7,0.0696528
192,1.9006927701651,8,0.06969229
192,1.9006927701651,9,0.06959699
192,1.9006927701651,10,0.0695282
192,1.9006927701651,11,0.06948183
192,1.9006927701651,12,0.06951831
192,1.9006927701651,13,0.06936973
192,1.9006927701651,14,0.06952213
192,1.9006927701651,15,0.06930924
193,1.91106906338694,0,0.0694451
193,1.91106906338694,1,0.06965706
193,1.91106906338694,2,0.06970277
193,1.91106906338694,3,0.06952564
193,1.91106906338694,4,0.06953166
193,1.91106906338694,5,0.0695995
193,1.91106906338694,6,0.06960708
193,1.91106906338694,7,0.06951962
193,1.91106906338694,8,0.06938057
193,1.91106906338694,9,0.06964362
193,1.91106906338694,10,0.06974794
193,1.91106906338694,11,0.06952453
193,1.91106906338694,12,0.06956919
193,1.91106906338694,13,0.06972626
193,1.91106906338694,14,0.06982728
193,1.91106906338694,15,0.06990641
194,1.92083498641926,0,0.06945401
194,1.92083498641926,1,0.0692583
194,1.92083498641926,2,0.06955133
194,1.92083498641926,3,0.0693784
194,1.92083498641926,4,0.06954098
194,1.92083498641926,5,0.06937705
194,1.92083498641926,6,0.06931252
194,1.92083498641926,7,0.06902528
194,1.92083498641926,8,0.06939963
194,1.92083498641926,9,0.06980113
194,1.92083498641926,10,0.06953973
194,1.92083498641926,11,0.06955946
194,1.92083498641926,12,0.06946712
194,1.92083498641926,13,0.06967021
194,1.92083498641926,14,0.06965074
194,1.92083498641926,15,0.06949271
195,1.93060090945158,0,0.06944495
195,1.93060090945158,1,0.06972737
195,1.93060090945158,2,0.0695605
195,1.93060090945158,3,0.06945086
195,1.93060090945158,4,0.06960617
195,1.93060090945158,5,0.06948424
195,1.93060090945158,6,0.06953382
195,1.93060090945158,7,0.06945197
195,1.93060090945158,8,0.06968887
195,1.93060090945158,9,0.06963879
195,1.93060090945158,10,0.06968687
195,1.93060090945158,11,0.06956191
195,1.93060090945158,12,0.06967137
195,1.93060090945158,13,0.06940982
195,1.93060090945158,14,0.06961174
195,1.93060090945158,15,0.06971662
196,1.94097720267342,0,0.0698345
196,1.94097720267342,1,0.06949954
196,1.94097720267342,2,0.06954577
196,1.94097720267342,3,0.06941368
196,1.94097720267342,4,0.06975004
196,1.94097720267342,5,0.06943572
196,1.94097720267342,6,0.06960548
196,1.94097720267342,7,0.06936742
196,1.94097720267342,8,0.06969073
196,1.94097720267342,9,0.06943601
196,1.94097720267342,10,0.06971251
196,1.94097720267342,11,0.06947094
196,1.94097720267342,12,0.0695602
196,1.94097720267342,13,0.06954786
196,1.94097720267342,14,0.06956027
196,1.94097720267342,15,0.06978382
197,1.95074312570574,0,0.07009169
197,1.95074312570574,1,0.06964608
197,1.95074312570574,2,0.06983023
197,1.95074312570574,3,0.06973851
197,1.95074312570574,4,0.06970543
197,1.95074312570574,5,0.06966043
197,1.95074312570574,6,0.06975105
197,1.95074312570574,7,0.06968521
197,1.95074312570574,8,0.06994078
197,1.95074312570574,9,0.0695738
197,1.95074312570574,10,0.06951094
197,1.95074312570574,11,0.06970387
197,1.95074312570574,12,0.06964612
197,1.95074312570574,13,0.06972847
197,1.95074312570574,14,0.06948289
197,1.95074312570574,15,0.06973948
198,1.95989867854854,0,0.06998249
198,1.95989867854854,1,0.06981814
198,1.95989867854854,2,0.06986978
198,1.95989867854854,3,0.06977389
198,1.95989867854854,4,0.07003428
198,1.95989867854854,5,0.0699441
198,1.95989867854854,6,0.0700286
198,1.95989867854854,7,0.07004075
198,1.95989867854854,8,0.06996664
198,1.95989867854854,9,0.06994897
198,1.95989867854854,10,0.07000653
198,1.95989867854854,11,0.0700669
198,1.95989867854854,12,0.06999057
198,1.95989867854854,13,0.06977072
198,1.95989867854854,14,0.06995043
198,1.95989867854854,15,0.06985006
199,1.9708853419599,0,0.0696554
199,1.9708853419599,1,0.0699725
199,1.9708853419599,2,0.06993502
199,1.9708853419599,3,0.06997883
199,1.9708853419599,4,0.06990962
199,1.9708853419599,5,0.06982934
199,1.9708853419599,6,0.06971528
199,1.9708853419599,7,0.06969686
199,1.9708853419599,8,0.06967924
199,1.9708853419599,9,0.06971046
199,1.9708853419599,10,0.06967668
199,1.9708853419599,11,0.06984831
199,1.9708853419599,12,0.06962489
199,1.9708853419599,13,0.06971799
199,1.9708853419599,14,0.0699145
199,1.9708853419599,15,0.06963774
200,1.98126163518174,0,0.06939922
200,1.98126163518174,1,0.06973957
200,1.98126163518174,2,0.06924601
200,1.98126163518174,3,0.06970398
200,1.98126163518174,4,0.06941222
200,1.98126163518174,5,0.0694631
200,1.98126163518174,6,0.06945694
200,1.98126163518174,7,0.0695558
200,1.98126163518174,8,0.06946627
200,1.98126163518174,9,0.0697514
200,1.98126163518174,10,0.06953306
200,1.98126163518174,11,0.06970409
200,1.98126163518174,12,0.06957036
200,1.98126163518174,13,0.06955218
200,1.98126163518174,14,0.06972707
200,1.98126163518174,15,0.06952418
