position,voltage_mean,voltage_std,n_samples
0.0,0.75669023125,0.0002483382766478844,16
0.497375408185064,0.7559827125,0.00018663360119161858,16
0.994750816370129,0.75604264375,0.0002212376549345378,16
1.49418622394482,0.7594236,0.00026957093686077506,16
1.99133274330882,0.7632247625,0.00023173612653997562,16
2.48893704031495,0.76355558125,0.00016224332890271904,16
2.98814355906858,0.7631983062500001,0.00021731556107637006,16
