position,voltage_mean,voltage_std,n_samples
0.000610370189519944,1.2757062499999998,2.7947495415537124e-05,16
0.997344889675588,1.2757746875000002,2.4134308437368175e-05,16
1.99468977935118,1.2758078125,4.1673160952209174e-05,16
2.99203466902676,1.2759271875,2.8065144641533386e-05,16
3.99243140964995,1.2759758749999999,2.59178389338432e-05,16
4.99282815027314,1.2760174375000002,2.2920974973815265e-05,16
5.98101748710593,1.276072375,1.3623853162728715e-05,16
6.97836237678152,1.2761775000000002,3.469510051865683e-05,16
7.97692800683615,1.27617125,2.2562413434720875e-05,16
