pos_index,position,sample_index,voltage
0,-0.0122074037903989,0,0.06993542
0,-0.0122074037903989,1,0.06969093
0,-0.0122074037903989,2,0.06992563
0,-0.0122074037903989,3,0.06983817
0,-0.0122074037903989,4,0.06986693
0,-0.0122074037903989,5,0.06964201
0,-0.0122074037903989,6,0.06969915
0,-0.0122074037903989,7,0.06977428
0,-0.0122074037903989,8,0.06972495
0,-0.0122074037903989,9,0.06961124
0,-0.0122074037903989,10,0.06977639
0,-0.0122074037903989,11,0.06987073
1,-0.0115970336008789,0,0.06917305
1,-0.0115970336008789,1,0.06946978
1,-0.0115970336008789,2,0.06925756
1,-0.0115970336008789,3,0.06927723
1,-0.0115970336008789,4,0.06935837
1,-0.0115970336008789,5,0.06926268
1,-0.0115970336008789,6,0.06924456
1,-0.0115970336008789,7,0.06934662
1,-0.0115970336008789,8,0.06912337
1,-0.0115970336008789,9,0.06926819
1,-0.0115970336008789,10,0.06910827
1,-0.0115970336008789,11,0.06962253
1,-0.0115970336008789,12,0.06956929
1,-0.0115970336008789,13,0.06960206
1,-0.0115970336008789,14,0.06924441
1,-0.0115970336008789,15,0.0692443
2,-0.00305185094759972,0,0.06942718
2,-0.00305185094759972,1,0.06925735
2,-0.00305185094759972,2,0.06915262
2,-0.00305185094759972,3,0.06914344
2,-0.00305185094759972,4,0.0693667
2,-0.00305185094759972,5,0.06951915
2,-0.00305185094759972,6,0.06939531
2,-0.00305185094759972,7,0.06935421
2,-0.00305185094759972,8,0.06925385
2,-0.00305185094759972,9,0.06956121
2,-0.00305185094759972,10,0.06971829
2,-0.00305185094759972,11,0.06968054
2,-0.00305185094759972,12,0.06937413
2,-0.00305185094759972,13,0.06931075
2,-0.00305185094759972,14,0.06953366
2,-0.00305185094759972,15,0.06972279
3,0.00610370189519944,0,0.06966438
3,0.00610370189519944,1,0.06986256
3,0.00610370189519944,2,0.06958524
3,0.00610370189519944,3,0.06947134
3,0.00610370189519944,4,0.06963844
3,0.00610370189519944,5,0.06943891
3,0.00610370189519944,6,0.06979787
3,0.00610370189519944,7,0.06976179
3,0.00610370189519944,8,0.06958404
3,0.00610370189519944,9,0.0694074
3,0.00610370189519944,10,0.06946547
3,0.00610370189519944,11,0.06928205
3,0.00610370189519944,12,0.06958625
3,0.00610370189519944,13,0.06949903
3,0.00610370189519944,14,0.06958103
3,0.00610370189519944,15,0.06982948
4,0.0170903653065584,0,0.06980596
4,0.0170903653065584,1,0.0696956
4,0.0170903653065584,2,0.06951891
4,0.0170903653065584,3,0.06969936
4,0.0170903653065584,4,0.06979667
4,0.0170903653065584,5,0.06984118
4,0.0170903653065584,6,0.06976204
4,0.0170903653065584,7,0.06942984
4,0.0170903653065584,8,0.06996016
4,0.0170903653065584,9,0.06980786
4,0.0170903653065584,10,0.06923859
4,0.0170903653065584,11,0.06935837
4,0.0170903653065584,12,0.06947264
4,0.0170903653065584,13,0.0695736
4,0.0170903653065584,14,0.06971672
4,0.0170903653065584,15,0.06958003
5,0.0262459181493576,0,0.06981814
5,0.0262459181493576,1,0.06966484
5,0.0262459181493576,2,0.06954776
5,0.0262459181493576,3,0.06965234
5,0.0262459181493576,4,0.06998284
5,0.0262459181493576,5,0.06978939
5,0.0262459181493576,6,0.06977785
5,0.0262459181493576,7,0.06972881
5,0.0262459181493576,8,0.06969369
5,0.0262459181493576,9,0.06989738
5,0.0262459181493576,10,0.0695027
5,0.0262459181493576,11,0.06978367
5,0.0262459181493576,12,0.06964552
5,0.0262459181493576,13,0.06957782
5,0.0262459181493576,14,0.06952127
5,0.0262459181493576,15,0.06956833
6,0.0360118411816767,0,0.0695852
6,0.0360118411816767,1,0.06955238
6,0.0360118411816767,2,0.06953119
6,0.0360118411816767,3,0.06934889
6,0.0360118411816767,4,0.06959579
6,0.0360118411816767,5,0.0696974
6,0.0360118411816767,6,0.06952106
6,0.0360118411816767,7,0.06949668
6,0.0360118411816767,8,0.06960502
6,0.0360118411816767,9,0.06943832
6,0.0360118411816767,10,0.0695153
6,0.0360118411816767,11,0.06960381
6,0.0360118411816767,12,0.06943249
6,0.0360118411816767,13,0.06949658
6,0.0360118411816767,14,0.06948011
6,0.0360118411816767,15,0.06984093
7,0.0457777642139958,0,0.06956713
7,0.0457777642139958,1,0.06974824
7,0.0457777642139958,2,0.06967041
7,0.0457777642139958,3,0.06953557
7,0.0457777642139958,4,0.06943575
7,0.0457777642139958,5,0.06957883
7,0.0457777642139958,6,0.06932434
7,0.0457777642139958,7,0.0695307
7,0.0457777642139958,8,0.06962539
7,0.0457777642139958,9,0.06971868
7,0.0457777642139958,10,0.06964251
7,0.0457777642139958,11,0.06944334
7,0.0457777642139958,12,0.06991219
7,0.0457777642139958,13,0.06964717
7,0.0457777642139958,14,0.06964587
7,0.0457777642139958,15,0.06974422
8,0.0561540574358348,0,0.06956512
8,0.0561540574358348,1,0.06973539
8,0.0561540574358348,2,0.07009389
8,0.0561540574358348,3,0.06989302
8,0.0561540574358348,4,0.0699597
8,0.0561540574358348,5,0.06981834
8,0.0561540574358348,6,0.06979672
8,0.0561540574358348,7,0.06984083
8,0.0561540574358348,8,0.0696395
8,0.0561540574358348,9,0.06943235
8,0.0561540574358348,10,0.06963237
8,0.0561540574358348,11,0.06969078
8,0.0561540574358348,12,0.06986752
8,0.0561540574358348,13,0.06958033
8,0.0561540574358348,14,0.0696848
8,0.0561540574358348,15,0.06960282
9,0.064699240089114,0,0.06949122
9,0.064699240089114,1,0.06976586
9,0.064699240089114,2,0.06976636
9,0.064699240089114,3,0.06958299
9,0.064699240089114,4,0.06951604
9,0.064699240089114,5,0.06945803
9,0.064699240089114,6,0.06947846
9,0.064699240089114,7,0.06959187
9,0.064699240089114,8,0.06954204
9,0.064699240089114,9,0.06941318
9,0.064699240089114,10,0.06969173
9,0.064699240089114,11,0.06959378
9,0.064699240089114,12,0.06965289
9,0.064699240089114,13,0.06941348
9,0.064699240089114,14,0.07002579
9,0.064699240089114,15,0.06963001
10,0.0769066438795129,0,0.06929875
10,0.0769066438795129,1,0.06957285
10,0.0769066438795129,2,0.06960919
10,0.0769066438795129,3,0.06931517
10,0.0769066438795129,4,0.06956086
10,0.0769066438795129,5,0.06961446
10,0.0769066438795129,6,0.06986642
10,0.0769066438795129,7,0.06978392
10,0.0769066438795129,8,0.06947967
10,0.0769066438795129,9,0.06952593
10,0.0769066438795129,10,0.06937864
10,0.0769066438795129,11,0.06954285
10,0.0769066438795129,12,0.06941031
10,0.0769066438795129,13,0.06947013
10,0.0769066438795129,14,0.06949839
10,0.0769066438795129,15,0.06949954
11,0.0860621967223121,0,0.06951298
11,0.0860621967223121,1,0.0694907
11,0.0860621967223121,2,0.06955995
11,0.0860621967223121,3,0.06949919
11,0.0860621967223121,4,0.06964351
11,0.0860621967223121,5,0.06975391
11,0.0860621967223121,6,0.06938251
11,0.0860621967223121,7,0.06947173
11,0.0860621967223121,8,0.06964371
11,0.0860621967223121,9,0.06966012
11,0.0860621967223121,10,0.06962945
11,0.0860621967223121,11,0.06952157
11,0.0860621967223121,12,0.06946065
11,0.0860621967223121,13,0.0697373
11,0.0860621967223121,14,0.06956126
11,0.0860621967223121,15,0.06961014
12,0.0958281197546312,0,0.0696557
12,0.0958281197546312,1,0.06942742
12,0.0958281197546312,2,0.06958189
12,0.0958281197546312,3,0.06973981
12,0.0958281197546312,4,0.06969882
12,0.0958281197546312,5,0.0697237
12,0.0958281197546312,6,0.06990431
12,0.0958281197546312,7,0.06967527
12,0.0958281197546312,8,0.0696011
12,0.0958281197546312,9,0.06954365
12,0.0958281197546312,10,0.06941744
12,0.0958281197546312,11,0.06931783
12,0.0958281197546312,12,0.06919493
12,0.0958281197546312,13,0.06945793
12,0.0958281197546312,14,0.06939083
12,0.0958281197546312,15,0.06953927
13,0.10681478316599,0,0.06965511
13,0.10681478316599,1,0.06969113
13,0.10681478316599,2,0.06965219
13,0.10681478316599,3,0.06991243
13,0.10681478316599,4,0.06980465
13,0.10681478316599,5,0.06982035
13,0.10681478316599,6,0.06964096
13,0.10681478316599,7,0.06973875
13,0.10681478316599,8,0.06978177
13,0.10681478316599,9,0.06985413
13,0.10681478316599,10,0.06981459
13,0.10681478316599,11,0.06966493
13,0.10681478316599,12,0.06961124
13,0.10681478316599,13,0.06960833
13,0.10681478316599,14,0.06955724
13,0.10681478316599,15,0.06936976
14,0.115970336008789,0,0.06914073
14,0.115970336008789,1,0.06936882
14,0.115970336008789,2,0.06933936
14,0.115970336008789,3,0.06944364
14,0.115970336008789,4,0.06935415
14,0.115970336008789,5,0.069435
14,0.115970336008789,6,0.06949447
14,0.115970336008789,7,0.06965711
14,0.115970336008789,8,0.06946707
14,0.115970336008789,9,0.06969008
14,0.115970336008789,10,0.06933539
14,0.115970336008789,11,0.06925505
14,0.115970336008789,12,0.06915931
14,0.115970336008789,13,0.06928707
14,0.115970336008789,14,0.06928521
14,0.115970336008789,15,0.06941608
15,0.126346629230628,0,0.06926549
15,0.126346629230628,1,0.06953477
15,0.126346629230628,2,0.06934442
15,0.126346629230628,3,0.06953717
15,0.126346629230628,4,0.06932957
15,0.126346629230628,5,0.06936515
15,0.126346629230628,6,0.06920847
15,0.126346629230628,7,0.06932811
15,0.126346629230628,8,0.06918936
15,0.126346629230628,9,0.06936711
15,0.126346629230628,10,0.06935456
15,0.126346629230628,11,0.06945653
15,0.126346629230628,12,0.06944941
15,0.126346629230628,13,0.06937388
15,0.126346629230628,14,0.06928978
15,0.126346629230628,15,0.06925987
16,0.135502182073428,0,0.06959081
16,0.135502182073428,1,0.06976043
16,0.135502182073428,2,0.06967226
16,0.135502182073428,3,0.06916553
16,0.135502182073428,4,0.06947881
16,0.135502182073428,5,0.06929184
16,0.135502182073428,6,0.0692427
16,0.135502182073428,7,0.06935266
16,0.135502182073428,8,0.06946125
16,0.135502182073428,9,0.06929911
16,0.135502182073428,10,0.06939937
16,0.135502182073428,11,0.06936941
16,0.135502182073428,12,0.06927452
16,0.135502182073428,13,0.06916161
16,0.135502182073428,14,0.06909933
16,0.135502182073428,15,0.06914996
17,0.146488845484787,0,0.06941041
17,0.146488845484787,1,0.06940068
17,0.146488845484787,2,0.06953125
17,0.146488845484787,3,0.06941725
17,0.146488845484787,4,0.0692559
17,0.146488845484787,5,0.06955288
17,0.146488845484787,6,0.06947279
17,0.146488845484787,7,0.06940102
17,0.146488845484787,8,0.0697247
17,0.146488845484787,9,0.06946807
17,0.146488845484787,10,0.06953812
17,0.146488845484787,11,0.06942135
17,0.146488845484787,12,0.06942812
17,0.146488845484787,13,0.06947937
17,0.146488845484787,14,0.06962664
17,0.146488845484787,15,0.06933714
18,0.156254768517106,0,0.06942251
18,0.156254768517106,1,0.06899901
18,0.156254768517106,2,0.06933483
18,0.156254768517106,3,0.06931191
18,0.156254768517106,4,0.06922444
18,0.156254768517106,5,0.06939852
18,0.156254768517106,6,0.06935687
18,0.156254768517106,7,0.06945267
18,0.156254768517106,8,0.06962042
18,0.156254768517106,9,0.06926464
18,0.156254768517106,10,0.06928053
18,0.156254768517106,11,0.06930383
18,0.156254768517106,12,0.06919578
18,0.156254768517106,13,0.06941368
18,0.156254768517106,14,0.06925716
18,0.156254768517106,15,0.06934422
19,0.166631061738945,0,0.06950364
19,0.166631061738945,1,0.06952267
19,0.166631061738945,2,0.0694063
19,0.166631061738945,3,0.06970338
19,0.166631061738945,4,0.06950326
19,0.166631061738945,5,0.06954902
19,0.166631061738945,6,0.06972561
19,0.166631061738945,7,0.06942733
19,0.166631061738945,8,0.06956613
19,0.166631061738945,9,0.06969354
19,0.166631061738945,10,0.06944931
19,0.166631061738945,11,0.0693798
19,0.166631061738945,12,0.06929559
19,0.166631061738945,13,0.06936239
19,0.166631061738945,14,0.06939898
19,0.166631061738945,15,0.06965967
20,0.176396984771264,0,0.06950561
20,0.176396984771264,1,0.06954415
20,0.176396984771264,2,0.06946993
20,0.176396984771264,3,0.06949753
20,0.176396984771264,4,0.06940018
20,0.176396984771264,5,0.06967803
20,0.176396984771264,6,0.06949262
20,0.176396984771264,7,0.06919764
20,0.176396984771264,8,0.06927091
20,0.176396984771264,9,0.06944574
20,0.176396984771264,10,0.06920597
20,0.176396984771264,11,0.06950591
20,0.176396984771264,12,0.06943044
20,0.176396984771264,13,0.06951975
20,0.176396984771264,14,0.06926183
20,0.176396984771264,15,0.06928325
21,0.186162907803583,0,0.06926268
21,0.186162907803583,1,0.06937528
21,0.186162907803583,2,0.06938577
21,0.186162907803583,3,0.06936244
21,0.186162907803583,4,0.06928566
21,0.186162907803583,5,0.06913977
21,0.186162907803583,6,0.06905978
21,0.186162907803583,7,0.06895906
21,0.186162907803583,8,0.06889927
21,0.186162907803583,9,0.06915488
21,0.186162907803583,10,0.0691713
21,0.186162907803583,11,0.06915695
21,0.186162907803583,12,0.06941088
21,0.186162907803583,13,0.06901634
21,0.186162907803583,14,0.06930199
21,0.186162907803583,15,0.06902315
22,0.195928830835902,0,0.06899977
22,0.195928830835902,1,0.06908785
22,0.195928830835902,2,0.0690222
22,0.195928830835902,3,0.06905718
22,0.195928830835902,4,0.0688986
22,0.195928830835902,5,0.06921732
22,0.195928830835902,6,0.06910741
22,0.195928830835902,7,0.06923101
22,0.195928830835902,8,0.06895386
22,0.195928830835902,9,0.06885579
22,0.195928830835902,10,0.06890146
22,0.195928830835902,11,0.0690928
22,0.195928830835902,12,0.06913537
22,0.195928830835902,13,0.06921776
22,0.195928830835902,14,0.06915177
22,0.195928830835902,15,0.06933644
23,0.206305124057741,0,0.06915228
23,0.206305124057741,1,0.0693241
23,0.206305124057741,2,0.06919067
23,0.206305124057741,3,0.0692549
23,0.206305124057741,4,0.06931391
23,0.206305124057741,5,0.06936228
23,0.206305124057741,6,0.06936825
23,0.206305124057741,7,0.06931211
23,0.206305124057741,8,0.06933524
23,0.206305124057741,9,0.06911735
23,0.206305124057741,10,0.06944294
23,0.206305124057741,11,0.06905808
23,0.206305124057741,12,0.06960245
23,0.206305124057741,13,0.06920988
23,0.206305124057741,14,0.06925756
23,0.206305124057741,15,0.06932224
24,0.21546067690054,0,0.06935441
24,0.21546067690054,1,0.06933825
24,0.21546067690054,2,0.06953572
24,0.21546067690054,3,0.06898568
24,0.21546067690054,4,0.06936684
24,0.21546067690054,5,0.06926564
24,0.21546067690054,6,0.06914259
24,0.21546067690054,7,0.06929524
24,0.21546067690054,8,0.06920256
24,0.21546067690054,9,0.06972294
24,0.21546067690054,10,0.06944429
24,0.21546067690054,11,0.0695874
24,0.21546067690054,12,0.06916282
24,0.21546067690054,13,0.06927712
24,0.21546067690054,14,0.06903963
24,0.21546067690054,15,0.06921294
25,0.227668080690939,0,0.06938397
25,0.227668080690939,1,0.06924547
25,0.227668080690939,2,0.06921245
25,0.227668080690939,3,0.06931397
25,0.227668080690939,4,0.068705
25,0.227668080690939,5,0.06884245
25,0.227668080690939,6,0.06919478
25,0.227668080690939,7,0.06901322
25,0.227668080690939,8,0.06916979
25,0.227668080690939,9,0.06916959
25,0.227668080690939,10,0.06906296
25,0.227668080690939,11,0.06912708
25,0.227668080690939,12,0.06929896
25,0.227668080690939,13,0.06913131
25,0.227668080690939,14,0.06935776
25,0.227668080690939,15,0.06908112
26,0.236213263344218,0,0.06891461
26,0.236213263344218,1,0.06904338
26,0.236213263344218,2,0.06939245
26,0.236213263344218,3,0.06892245
26,0.236213263344218,4,0.06906506
26,0.236213263344218,5,0.06939741
26,0.236213263344218,6,0.06891286
26,0.236213263344218,7,0.06895662
26,0.236213263344218,8,0.0691603
26,0.236213263344218,9,0.06901718
26,0.236213263344218,10,0.06923172
26,0.236213263344218,11,0.06904604
26,0.236213263344218,12,0.0689939
26,0.236213263344218,13,0.06911574
26,0.236213263344218,14,0.06894678
26,0.236213263344218,15,0.06884485
27,0.246589556566057,0,0.06933078
27,0.246589556566057,1,0.06920793
27,0.246589556566057,2,0.06900609
27,0.246589556566057,3,0.06877988
27,0.246589556566057,4,0.0688986
27,0.246589556566057,5,0.06900709
27,0.246589556566057,6,0.0689529
27,0.246589556566057,7,0.0691973
27,0.246589556566057,8,0.06912383
27,0.246589556566057,9,0.06920888
27,0.246589556566057,10,0.06919368
27,0.246589556566057,11,0.06901839
27,0.246589556566057,12,0.06896328
27,0.246589556566057,13,0.06905929
27,0.246589556566057,14,0.0689541
27,0.246589556566057,15,0.06895009
28,0.256965849787896,0,0.0689386
28,0.256965849787896,1,0.06911133
28,0.256965849787896,2,0.06902988
28,0.256965849787896,3,0.06904458
28,0.256965849787896,4,0.06924596
28,0.256965849787896,5,0.06925835
28,0.256965849787896,6,0.06889875
28,0.256965849787896,7,0.06905427
28,0.256965849787896,8,0.06904534
28,0.256965849787896,9,0.06905336
28,0.256965849787896,10,0.06911444
28,0.256965849787896,11,0.06903701
28,0.256965849787896,12,0.06893574
28,0.256965849787896,13,0.06893478
28,0.256965849787896,14,0.06886012
28,0.256965849787896,15,0.06893203
29,0.266731772820216,0,0.06913275
29,0.266731772820216,1,0.06900465
29,0.266731772820216,2,0.06906756
29,0.266731772820216,3,0.06894492
29,0.266731772820216,4,0.06918866
29,0.266731772820216,5,0.06915911
29,0.266731772820216,6,0.06903625
29,0.266731772820216,7,0.06885936
29,0.266731772820216,8,0.06887548
29,0.266731772820216,9,0.06914675
29,0.266731772820216,10,0.06920506
29,0.266731772820216,11,0.06892304
29,0.266731772820216,12,0.06897236
29,0.266731772820216,13,0.06897709
29,0.266731772820216,14,0.06917144
29,0.266731772820216,15,0.06936429
30,0.277108066042054,0,0.0688001
30,0.277108066042054,1,0.06875959
30,0.277108066042054,2,0.0688294
30,0.277108066042054,3,0.06914183
30,0.277108066042054,4,0.06895175
30,0.277108066042054,5,0.06894362
30,0.277108066042054,6,0.06905077
30,0.277108066042054,7,0.06920061
30,0.277108066042054,8,0.06898421
30,0.277108066042054,9,0.06912301
30,0.277108066042054,10,0.06886409
30,0.277108066042054,11,0.06899782
30,0.277108066042054,12,0.06911755
30,0.277108066042054,13,0.06880421
30,0.277108066042054,14,0.06918545
30,0.277108066042054,15,0.06919392
31,0.286263618884854,0,0.06914064
31,0.286263618884854,1,0.06903481
31,0.286263618884854,2,0.06908268
31,0.286263618884854,3,0.06911123
31,0.286263618884854,4,0.06902306
31,0.286263618884854,5,0.06926459
31,0.286263618884854,6,0.06909689
31,0.286263618884854,7,0.06905422
31,0.286263618884854,8,0.06934317
31,0.286263618884854,9,0.06913647
31,0.286263618884854,10,0.06887998
31,0.286263618884854,11,0.06888646
31,0.286263618884854,12,0.06900208
31,0.286263618884854,13,0.06900062
31,0.286263618884854,14,0.06892931
31,0.286263618884854,15,0.06931914
32,0.297250282296213,0,0.0691897
32,0.297250282296213,1,0.06897909
32,0.297250282296213,2,0.06922118
32,0.297250282296213,3,0.06901207
32,0.297250282296213,4,0.06897408
32,0.297250282296213,5,0.06903696
32,0.297250282296213,6,0.06912126
32,0.297250282296213,7,0.06927065
32,0.297250282296213,8,0.06908207
32,0.297250282296213,9,0.06908026
32,0.297250282296213,10,0.06891356
32,0.297250282296213,11,0.06900876
32,0.297250282296213,12,0.06914776
32,0.297250282296213,13,0.06901858
32,0.297250282296213,14,0.06889954
32,0.297250282296213,15,0.06882257
33,0.307016205328532,0,0.06927487
33,0.307016205328532,1,0.06893056
33,0.307016205328532,2,0.06912257
33,0.307016205328532,3,0.06901512
33,0.307016205328532,4,0.06877631
33,0.307016205328532,5,0.06882744
33,0.307016205328532,6,0.06909943
33,0.307016205328532,7,0.06904242
33,0.307016205328532,8,0.06914334
33,0.307016205328532,9,0.06883271
33,0.307016205328532,10,0.06887729
33,0.307016205328532,11,0.06900007
33,0.307016205328532,12,0.06884325
33,0.307016205328532,13,0.06886213
33,0.307016205328532,14,0.06935862
33,0.307016205328532,15,0.06903715
34,0.317392498550371,0,0.06892431
34,0.317392498550371,1,0.06872167
34,0.317392498550371,2,0.06873893
34,0.317392498550371,3,0.06895371
34,0.317392498550371,4,0.06900731
34,0.317392498550371,5,0.06898879
34,0.317392498550371,6,0.06900097
34,0.317392498550371,7,0.06882776
34,0.317392498550371,8,0.06919147
34,0.317392498550371,9,0.06906748
34,0.317392498550371,10,0.06890769
34,0.317392498550371,11,0.06893268
34,0.317392498550371,12,0.06905396
34,0.317392498550371,13,0.06934623
34,0.317392498550371,14,0.06908634
34,0.317392498550371,15,0.06909527
35,0.32593768120365,0,0.06899405
35,0.32593768120365,1,0.06912107
35,0.32593768120365,2,0.06939159
35,0.32593768120365,3,0.06896389
35,0.32593768120365,4,0.06917441
35,0.32593768120365,5,0.06877958
35,0.32593768120365,6,0.06919844
35,0.32593768120365,7,0.06902315
35,0.32593768120365,8,0.06892766
35,0.32593768120365,9,0.06894536
35,0.32593768120365,10,0.06918359
35,0.32593768120365,11,0.06932706
35,0.32593768120365,12,0.06906802
35,0.32593768120365,13,0.06908323
35,0.32593768120365,14,0.06882759
35,0.32593768120365,15,0.06899324
36,0.335703604235969,0,0.0692526
36,0.335703604235969,1,0.06940173
36,0.335703604235969,2,0.06927703
36,0.335703604235969,3,0.06900796
36,0.335703604235969,4,0.06916773
36,0.335703604235969,5,0.06923191
36,0.335703604235969,6,0.06953361
36,0.335703604235969,7,0.06937011
36,0.335703604235969,8,0.0694076
36,0.335703604235969,9,0.06907691
36,0.335703604235969,10,0.06952843
36,0.335703604235969,11,0.06951027
36,0.335703604235969,12,0.06965535
36,0.335703604235969,13,0.06930383
36,0.335703604235969,14,0.06942381
36,0.335703604235969,15,0.06915865
37,0.344859157078768,0,0.06914731
37,0.344859157078768,1,0.06928562
37,0.344859157078768,2,0.06926885
37,0.344859157078768,3,0.06893804
37,0.344859157078768,4,0.06880952
37,0.344859157078768,5,0.06903018
37,0.344859157078768,6,0.06930608
37,0.344859157078768,7,0.06908237
37,0.344859157078768,8,0.0691459
37,0.344859157078768,9,0.06916602
37,0.344859157078768,10,0.06903987
37,0.344859157078768,11,0.06928395
37,0.344859157078768,12,0.06933002
37,0.344859157078768,13,0.06932998
37,0.344859157078768,14,0.06937823
37,0.344859157078768,15,0.06906139
38,0.357066560869167,0,0.06943957
38,0.357066560869167,1,0.06914761
38,0.357066560869167,2,0.06900394
38,0.357066560869167,3,0.06918515
38,0.357066560869167,4,0.0690493
38,0.357066560869167,5,0.0689377
38,0.357066560869167,6,0.06884374
38,0.357066560869167,7,0.069035
38,0.357066560869167,8,0.06906847
38,0.357066560869167,9,0.06913351
38,0.357066560869167,10,0.06919177
38,0.357066560869167,11,0.06908464
38,0.357066560869167,12,0.06920964
38,0.357066560869167,13,0.06890482
38,0.357066560869167,14,0.06916949
38,0.357066560869167,15,0.06897603
39,0.366222113711966,0,0.06876441
39,0.366222113711966,1,0.06906164
39,0.366222113711966,2,0.06893373
39,0.366222113711966,3,0.06896634
39,0.366222113711966,4,0.06881782
39,0.366222113711966,5,0.06868554
39,0.366222113711966,6,0.06871188
39,0.366222113711966,7,0.06892639
39,0.366222113711966,8,0.06854711
39,0.366222113711966,9,0.06849433
39,0.366222113711966,10,0.06873707
39,0.366222113711966,11,0.06853715
39,0.366222113711966,12,0.06860975
39,0.366222113711966,13,0.06885334
39,0.366222113711966,14,0.06874108
39,0.366222113711966,15,0.06893699
40,0.375988036744285,0,0.06884656
40,0.375988036744285,1,0.06867697
40,0.375988036744285,2,0.06900296
40,0.375988036744285,3,0.06883281
40,0.375988036744285,4,0.06895816
40,0.375988036744285,5,0.06886578
40,0.375988036744285,6,0.06870556
40,0.375988036744285,7,0.06856725
40,0.375988036744285,8,0.06867103
40,0.375988036744285,9,0.06871584
40,0.375988036744285,10,0.06883843
40,0.375988036744285,11,0.0686474
40,0.375988036744285,12,0.06899916
40,0.375988036744285,13,0.06874074
40,0.375988036744285,14,0.06886207
40,0.375988036744285,15,0.06890266
41,0.386364329966124,0,0.06864884
41,0.386364329966124,1,0.06887641
41,0.386364329966124,2,0.06878042
41,0.386364329966124,3,0.06870394
41,0.386364329966124,4,0.06900017
41,0.386364329966124,5,0.06875011
41,0.386364329966124,6,0.06873959
41,0.386364329966124,7,0.06872845
41,0.386364329966124,8,0.06879322
41,0.386364329966124,9,0.06883577
41,0.386364329966124,10,0.0686041
41,0.386364329966124,11,0.06886854
41,0.386364329966124,12,0.06882218
41,0.386364329966124,13,0.06850076
41,0.386364329966124,14,0.06894096
41,0.386364329966124,15,0.06870456
42,0.396130252998444,0,0.06877731
42,0.396130252998444,1,0.06897288
42,0.396130252998444,2,0.06902868
42,0.396130252998444,3,0.06880586
42,0.396130252998444,4,0.06880657
42,0.396130252998444,5,0.06871217
42,0.396130252998444,6,0.06879476
42,0.396130252998444,7,0.06908956
42,0.396130252998444,8,0.06905146
42,0.396130252998444,9,0.06906516
42,0.396130252998444,10,0.06889001
42,0.396130252998444,11,0.06878696
42,0.396130252998444,12,0.06860067
42,0.396130252998444,13,0.06897698
42,0.396130252998444,14,0.06872307
42,0.396130252998444,15,0.06882314
43,0.405896176030763,0,0.06876411
43,0.405896176030763,1,0.06844129
43,0.405896176030763,2,0.06846958
43,0.405896176030763,3,0.06891523
43,0.405896176030763,4,0.06880768
43,0.405896176030763,5,0.06909402
43,0.405896176030763,6,0.06880221
43,0.405896176030763,7,0.06909501
43,0.405896176030763,8,0.06876242
43,0.405896176030763,9,0.06891141
43,0.405896176030763,10,0.06911294
43,0.405896176030763,11,0.06883714
43,0.405896176030763,12,0.06904117
43,0.405896176030763,13,0.06878047
43,0.405896176030763,14,0.06893738
43,0.405896176030763,15,0.06888174
44,0.415662099063082,0,0.06869636
44,0.415662099063082,1,0.0687836
44,0.415662099063082,2,0.06886903
44,0.415662099063082,3,0.06880627
44,0.415662099063082,4,0.06868654
44,0.415662099063082,5,0.06866933
44,0.415662099063082,6,0.06866103
44,0.415662099063082,7,0.06886639
44,0.415662099063082,8,0.0688848
44,0.415662099063082,9,0.06882247
44,0.415662099063082,10,0.0688389
44,0.415662099063082,11,0.0687744
44,0.415662099063082,12,0.06874304
44,0.415662099063082,13,0.06908372
44,0.415662099063082,14,0.06880803
44,0.415662099063082,15,0.06904724
45,0.426648762474441,0,0.06901026
45,0.426648762474441,1,0.0690211
45,0.426648762474441,2,0.06894477
45,0.426648762474441,3,0.06895632
45,0.426648762474441,4,0.06923302
45,0.426648762474441,5,0.06917632
45,0.426648762474441,6,0.06889363
45,0.426648762474441,7,0.06902927
45,0.426648762474441,8,0.06909331
45,0.426648762474441,9,0.06916075
45,0.426648762474441,10,0.06905713
45,0.426648762474441,11,0.06935219
45,0.426648762474441,12,0.06919358
45,0.426648762474441,13,0.06920011
45,0.426648762474441,14,0.06920863
45,0.426648762474441,15,0.0691053
46,0.43702505569628,0,0.06916071
46,0.43702505569628,1,0.0692269
46,0.43702505569628,2,0.06906607
46,0.43702505569628,3,0.06909069
46,0.43702505569628,4,0.06898633
46,0.43702505569628,5,0.06902075
46,0.43702505569628,6,0.0688957
46,0.43702505569628,7,0.06889765
46,0.43702505569628,8,0.0690752
46,0.43702505569628,9,0.06902441
46,0.43702505569628,10,0.06898651
46,0.43702505569628,11,0.06902597
46,0.43702505569628,12,0.06906126
46,0.43702505569628,13,0.06887981
46,0.43702505569628,14,0.06920251
46,0.43702505569628,15,0.06901863
47,0.447401348918119,0,0.0687179
47,0.447401348918119,1,0.06874558
47,0.447401348918119,2,0.06877812
47,0.447401348918119,3,0.06885484
47,0.447401348918119,4,0.06892494
47,0.447401348918119,5,0.06902878
47,0.447401348918119,6,0.06861798
47,0.447401348918119,7,0.06901331
47,0.447401348918119,8,0.0688013
47,0.447401348918119,9,0.06904724
47,0.447401348918119,10,0.06904057
47,0.447401348918119,11,0.06894166
47,0.447401348918119,12,0.06908409
47,0.447401348918119,13,0.06874791
47,0.447401348918119,14,0.06876287
47,0.447401348918119,15,0.06892494
48,0.456556901760918,0,0.06889804
48,0.456556901760918,1,0.06890342
48,0.456556901760918,2,0.06887667
48,0.456556901760918,3,0.06871589
48,0.456556901760918,4,0.06882639
48,0.456556901760918,5,0.06858126
48,0.456556901760918,6,0.06908393
48,0.456556901760918,7,0.06881971
48,0.456556901760918,8,0.06878835
48,0.456556901760918,9,0.06906034
48,0.456556901760918,10,0.06899545
48,0.456556901760918,11,0.06886825
48,0.456556901760918,12,0.0687882
48,0.456556901760918,13,0.06909081
48,0.456556901760918,14,0.06891625
48,0.456556901760918,15,0.06880412
49,0.466933194982757,0,0.06861965
49,0.466933194982757,1,0.06872387
49,0.466933194982757,2,0.06872142
49,0.466933194982757,3,0.06854738
49,0.466933194982757,4,0.06893432
49,0.466933194982757,5,0.06876698
49,0.466933194982757,6,0.06897819
49,0.466933194982757,7,0.0686922
49,0.466933194982757,8,0.06879758
49,0.466933194982757,9,0.06875447
49,0.466933194982757,10,0.06857041
49,0.466933194982757,11,0.06849232
49,0.466933194982757,12,0.06851817
49,0.466933194982757,13,0.06864884
49,0.466933194982757,14,0.06855445
49,0.466933194982757,15,0.06867234
50,0.477309488204596,0,0.06923086
50,0.477309488204596,1,0.06936209
50,0.477309488204596,2,0.06902541
50,0.477309488204596,3,0.06912252
50,0.477309488204596,4,0.06914374
50,0.477309488204596,5,0.06893393
50,0.477309488204596,6,0.06904037
50,0.477309488204596,7,0.06938121
50,0.477309488204596,8,0.06916115
50,0.477309488204596,9,0.06922694
50,0.477309488204596,10,0.06894884
50,0.477309488204596,11,0.06925284
50,0.477309488204596,12,0.06942151
50,0.477309488204596,13,0.06917997
50,0.477309488204596,14,0.06925018
50,0.477309488204596,15,0.06937102
51,0.486465041047395,0,0.06959006
51,0.486465041047395,1,0.06931
51,0.486465041047395,2,0.06956588
51,0.486465041047395,3,0.06963573
51,0.486465041047395,4,0.06955072
51,0.486465041047395,5,0.06973393
51,0.486465041047395,6,0.06959543
51,0.486465041047395,7,0.06951369
51,0.486465041047395,8,0.06951715
51,0.486465041047395,9,0.06950084
51,0.486465041047395,10,0.06960873
51,0.486465041047395,11,0.06949497
51,0.486465041047395,12,0.06944419
51,0.486465041047395,13,0.06965344
51,0.486465041047395,14,0.06967247
51,0.486465041047395,15,0.06946392
52,0.496230964079714,0,0.06956527
52,0.496230964079714,1,0.06969203
52,0.496230964079714,2,0.06982156
52,0.496230964079714,3,0.06983757
52,0.496230964079714,4,0.06945066
52,0.496230964079714,5,0.06982196
52,0.496230964079714,6,0.06976701
52,0.496230964079714,7,0.0697919
52,0.496230964079714,8,0.07006765
52,0.496230964079714,9,0.0699302
52,0.496230964079714,10,0.06967031
52,0.496230964079714,11,0.06982331
52,0.496230964079714,12,0.06966187
52,0.496230964079714,13,0.06969249
52,0.496230964079714,14,0.06972796
52,0.496230964079714,15,0.06962033
53,0.506607257301553,0,0.07030316
53,0.506607257301553,1,0.07019451
53,0.506607257301553,2,0.07027375
53,0.506607257301553,3,0.0700816
53,0.506607257301553,4,0.06998079
53,0.506607257301553,5,0.07012049
53,0.506607257301553,6,0.07027641
53,0.506607257301553,7,0.07010654
53,0.506607257301553,8,0.07015015
53,0.506607257301553,9,0.07012436
53,0.506607257301553,10,0.07008275
53,0.506607257301553,11,0.06992006
53,0.506607257301553,12,0.07014899
53,0.506607257301553,13,0.07034205
53,0.506607257301553,14,0.0701661
53,0.506607257301553,15,0.07031861
54,0.515762810144353,0,0.07015426
54,0.515762810144353,1,0.07017584
54,0.515762810144353,2,0.07050328
54,0.515762810144353,3,0.07043142
54,0.515762810144353,4,0.07030305
54,0.515762810144353,5,0.07045305
54,0.515762810144353,6,0.07034069
54,0.515762810144353,7,0.07035193
54,0.515762810144353,8,0.07042269
54,0.515762810144353,9,0.07041496
54,0.515762810144353,10,0.07061981
54,0.515762810144353,11,0.07065167
54,0.515762810144353,12,0.07058121
54,0.515762810144353,13,0.07053148
54,0.515762810144353,14,0.0707031
54,0.515762810144353,15,0.07068569
55,0.525528733176672,0,0.07090148
55,0.525528733176672,1,0.07096551
55,0.525528733176672,2,0.07094524
55,0.525528733176672,3,0.07108017
55,0.525528733176672,4,0.07072323
55,0.525528733176672,5,0.07083318
55,0.525528733176672,6,0.0708258
55,0.525528733176672,7,0.07073382
55,0.525528733176672,8,0.07076784
55,0.525528733176672,9,0.07072364
55,0.525528733176672,10,0.07073402
55,0.525528733176672,11,0.0706341
55,0.525528733176672,12,0.07074686
55,0.525528733176672,13,0.07086274
55,0.525528733176672,14,0.07096928
55,0.525528733176672,15,0.07081576
56,0.535905026398511,0,0.07063311
56,0.535905026398511,1,0.07080106
56,0.535905026398511,2,0.0708517
56,0.535905026398511,3,0.07086148
56,0.535905026398511,4,0.07077848
56,0.535905026398511,5,0.07082344
56,0.535905026398511,6,0.0710314
56,0.535905026398511,7,0.07112911
56,0.535905026398511,8,0.07079756
56,0.535905026398511,9,0.07083172
56,0.535905026398511,10,0.070907
56,0.535905026398511,11,0.07089235
56,0.535905026398511,12,0.07117381
56,0.535905026398511,13,0.07124317
56,0.535905026398511,14,0.07112876
56,0.535905026398511,15,0.07107806
57,0.54750205999939,0,0.07138313
57,0.54750205999939,1,0.07143421
57,0.54750205999939,2,0.07138885
57,0.54750205999939,3,0.07160121
57,0.54750205999939,4,0.07133988
57,0.54750205999939,5,0.07123443
57,0.54750205999939,6,0.07146066
57,0.54750205999939,7,0.07140868
57,0.54750205999939,8,0.0711698
57,0.54750205999939,9,0.07129992
57,0.54750205999939,10,0.07124517
57,0.54750205999939,11,0.07114195
57,0.54750205999939,12,0.07103335
57,0.54750205999939,13,0.0712241
57,0.54750205999939,14,0.07085355
57,0.54750205999939,15,0.07127554
58,0.557267983031709,0,0.07142729
58,0.557267983031709,1,0.07128352
58,0.557267983031709,2,0.07151797
58,0.557267983031709,3,0.07123794
58,0.557267983031709,4,0.07084457
58,0.557267983031709,5,0.07121211
58,0.557267983031709,6,0.07133058
58,0.557267983031709,7,0.07125822
58,0.557267983031709,8,0.07111903
58,0.557267983031709,9,0.07129651
58,0.557267983031709,10,0.071347
58,0.557267983031709,11,0.07147486
58,0.557267983031709,12,0.07138643
58,0.557267983031709,13,0.0711389
58,0.557267983031709,14,0.07114039
58,0.557267983031709,15,0.07125636
59,0.567644276253548,0,0.07156217
59,0.567644276253548,1,0.07149974
59,0.567644276253548,2,0.07172767
59,0.567644276253548,3,0.07175291
59,0.567644276253548,4,0.07176913
59,0.567644276253548,5,0.07172652
59,0.567644276253548,6,0.07156845
59,0.567644276253548,7,0.07153844
59,0.567644276253548,8,0.07156397
59,0.567644276253548,9,0.07153572
59,0.567644276253548,10,0.07163189
59,0.567644276253548,11,0.07179195
59,0.567644276253548,12,0.07139874
59,0.567644276253548,13,0.07158778
59,0.567644276253548,14,0.07145108
59,0.567644276253548,15,0.07149076
60,0.578020569475387,0,0.07172227
60,0.578020569475387,1,0.07172409
60,0.578020569475387,2,0.07161567
60,0.578020569475387,3,0.07162175
60,0.578020569475387,4,0.07160824
60,0.578020569475387,5,0.07180843
60,0.578020569475387,6,0.07149976
60,0.578020569475387,7,0.07175639
60,0.578020569475387,8,0.0716402
60,0.578020569475387,9,0.07137614
60,0.578020569475387,10,0.07170679
60,0.578020569475387,11,0.07150617
60,0.578020569475387,12,0.07156429
60,0.578020569475387,13,0.07168438
60,0.578020569475387,14,0.07152334
60,0.578020569475387,15,0.07157573
61,0.586565752128666,0,0.07189932
61,0.586565752128666,1,0.07174172
61,0.586565752128666,2,0.07191049
61,0.586565752128666,3,0.07211142
61,0.586565752128666,4,0.07210566
61,0.586565752128666,5,0.07238162
61,0.586565752128666,6,0.07203128
61,0.586565752128666,7,0.07236931
61,0.586565752128666,8,0.07216858
61,0.586565752128666,9,0.07226747
61,0.586565752128666,10,0.0717601
61,0.586565752128666,11,0.07178573
61,0.586565752128666,12,0.07198123
61,0.586565752128666,13,0.07200661
61,0.586565752128666,14,0.07198946
61,0.586565752128666,15,0.07182211
62,0.597552415540025,0,0.07179908
62,0.597552415540025,1,0.07202817
62,0.597552415540025,2,0.0722291
62,0.597552415540025,3,0.07213641
62,0.597552415540025,4,0.07198666
62,0.597552415540025,5,0.0720119
62,0.597552415540025,6,0.07177459
62,0.597552415540025,7,0.07208695
62,0.597552415540025,8,0.07199971
62,0.597552415540025,9,0.07191566
62,0.597552415540025,10,0.07190889
62,0.597552415540025,11,0.07194135
62,0.597552415540025,12,0.0720522
62,0.597552415540025,13,0.0719889
62,0.597552415540025,14,0.07228336
62,0.597552415540025,15,0.07202411
63,0.606097598193304,0,0.07212076
63,0.606097598193304,1,0.07191767
63,0.606097598193304,2,0.07206405
63,0.606097598193304,3,0.07208075
63,0.606097598193304,4,0.07203945
63,0.606097598193304,5,0.07186543
63,0.606097598193304,6,0.07189579
63,0.606097598193304,7,0.07191731
63,0.606097598193304,8,0.07183195
63,0.606097598193304,9,0.07209706
63,0.606097598193304,10,0.07204323
63,0.606097598193304,11,0.07196067
63,0.606097598193304,12,0.07216758
63,0.606097598193304,13,0.07210375
63,0.606097598193304,14,0.07231416
63,0.606097598193304,15,0.07214812
64,0.616473891415143,0,0.07253999
64,0.616473891415143,1,0.07225057
64,0.616473891415143,2,0.07241162
64,0.616473891415143,3,0.07248642
64,0.616473891415143,4,0.07241807
64,0.616473891415143,5,0.07225437
64,0.616473891415143,6,0.07241717
64,0.616473891415143,7,0.07227825
64,0.616473891415143,8,0.07248568
64,0.616473891415143,9,0.07255424
64,0.616473891415143,10,0.07263121
64,0.616473891415143,11,0.07251172
64,0.616473891415143,12,0.07265424
64,0.616473891415143,13,0.07271355
64,0.616473891415143,14,0.07240037
64,0.616473891415143,15,0.07220672
65,0.625629444257942,0,0.07260084
65,0.625629444257942,1,0.07272424
65,0.625629444257942,2,0.07264939
65,0.625629444257942,3,0.07268134
65,0.625629444257942,4,0.07285613
65,0.625629444257942,5,0.07265462
65,0.625629444257942,6,0.07266011
65,0.625629444257942,7,0.0724521
65,0.625629444257942,8,0.07267753
65,0.625629444257942,9,0.07289864
65,0.625629444257942,10,0.0729211
65,0.625629444257942,11,0.07263702
65,0.625629444257942,12,0.0726256
65,0.625629444257942,13,0.07275921
65,0.625629444257942,14,0.07290124
65,0.625629444257942,15,0.07251157
66,0.636005737479782,0,0.07301449
66,0.636005737479782,1,0.07323752
66,0.636005737479782,2,0.07312675
66,0.636005737479782,3,0.07307983
66,0.636005737479782,4,0.07332488
66,0.636005737479782,5,0.0734588
66,0.636005737479782,6,0.07317545
66,0.636005737479782,7,0.07341807
66,0.636005737479782,8,0.0732177
66,0.636005737479782,9,0.07350127
66,0.636005737479782,10,0.07322948
66,0.636005737479782,11,0.07323631
66,0.636005737479782,12,0.07311503
66,0.636005737479782,13,0.07335848
66,0.636005737479782,14,0.07337814
66,0.636005737479782,15,0.07292538
67,0.6457716605121,0,0.0734281
67,0.6457716605121,1,0.07321353
67,0.6457716605121,2,0.0737106
67,0.6457716605121,3,0.07343454
67,0.6457716605121,4,0.07367009
67,0.6457716605121,5,0.0733206
67,0.6457716605121,6,0.07344474
67,0.6457716605121,7,0.07355012
67,0.6457716605121,8,0.07353058
67,0.6457716605121,9,0.07362334
67,0.6457716605121,10,0.07357865
67,0.6457716605121,11,0.07362296
67,0.6457716605121,12,0.07346904
67,0.6457716605121,13,0.07366692
67,0.6457716605121,14,0.07351346
67,0.6457716605121,15,0.0730969
68,0.65675832392346,0,0.07347327
68,0.65675832392346,1,0.0736113
68,0.65675832392346,2,0.07341955
68,0.65675832392346,3,0.07383125
68,0.65675832392346,4,0.07332045
68,0.65675832392346,5,0.07335299
68,0.65675832392346,6,0.07332436
68,0.65675832392346,7,0.0738368
68,0.65675832392346,8,0.07387995
68,0.65675832392346,9,0.07335182
68,0.65675832392346,10,0.0738125
68,0.65675832392346,11,0.07371198
68,0.65675832392346,12,0.07373976
68,0.65675832392346,13,0.07367928
68,0.65675832392346,14,0.07375983
68,0.65675832392346,15,0.07382666
69,0.665913876766259,0,0.07408649
69,0.665913876766259,1,0.07398428
69,0.665913876766259,2,0.0738396
69,0.665913876766259,3,0.07416572
69,0.665913876766259,4,0.07398365
69,0.665913876766259,5,0.07402659
69,0.665913876766259,6,0.07390198
69,0.665913876766259,7,0.0737423
69,0.665913876766259,8,0.0738472
69,0.665913876766259,9,0.07386854
69,0.665913876766259,10,0.07407223
69,0.665913876766259,11,0.07394229
69,0.665913876766259,12,0.07387066
69,0.665913876766259,13,0.07375693
69,0.665913876766259,14,0.07396426
69,0.665913876766259,15,0.07374948
70,0.676290169988098,0,0.07421348
70,0.676290169988098,1,0.07402574
70,0.676290169988098,2,0.07401307
70,0.676290169988098,3,0.0739387
70,0.676290169988098,4,0.07413049
70,0.676290169988098,5,0.07383183
70,0.676290169988098,6,0.07405564
70,0.676290169988098,7,0.07432795
70,0.676290169988098,8,0.07385919
70,0.676290169988098,9,0.0738752
70,0.676290169988098,10,0.07364029
70,0.676290169988098,11,0.07413377
70,0.676290169988098,12,0.0738406
70,0.676290169988098,13,0.07364426
70,0.676290169988098,14,0.07417703
70,0.676290169988098,15,0.07411084
71,0.686056093020417,0,0.07453338
71,0.686056093020417,1,0.07423419
71,0.686056093020417,2,0.07471065
71,0.686056093020417,3,0.07472666
71,0.686056093020417,4,0.07451911
71,0.686056093020417,5,0.07464916
71,0.686056093020417,6,0.07442689
71,0.686056093020417,7,0.07429034
71,0.686056093020417,8,0.07427206
71,0.686056093020417,9,0.07420144
71,0.686056093020417,10,0.0746104
71,0.686056093020417,11,0.07466125
71,0.686056093020417,12,0.07452983
71,0.686056093020417,13,0.07429166
71,0.686056093020417,14,0.07439038
71,0.686056093020417,15,0.07408966
72,0.696432386242256,0,0.07453079
72,0.696432386242256,1,0.07423736
72,0.696432386242256,2,0.07450116
72,0.696432386242256,3,0.07456962
72,0.696432386242256,4,0.07431384
72,0.696432386242256,5,0.07440069
72,0.696432386242256,6,0.07440887
72,0.696432386242256,7,0.07484762
72,0.696432386242256,8,0.07462117
72,0.696432386242256,9,0.0747339
72,0.696432386242256,10,0.07438394
72,0.696432386242256,11,0.07440682
72,0.696432386242256,12,0.07426742
72,0.696432386242256,13,0.07453037
72,0.696432386242256,14,0.07452641
72,0.696432386242256,15,0.07422806
73,0.706198309274575,0,0.07480494
73,0.706198309274575,1,0.07453422
73,0.706198309274575,2,0.07470452
73,0.706198309274575,3,0.07473227
73,0.706198309274575,4,0.07486987
73,0.706198309274575,5,0.07484329
73,0.706198309274575,6,0.07482934
73,0.706198309274575,7,0.07485776
73,0.706198309274575,8,0.07486468
73,0.706198309274575,9,0.07451928
73,0.706198309274575,10,0.07446127
73,0.706198309274575,11,0.07478983
73,0.706198309274575,12,0.0752252
73,0.706198309274575,13,0.0751242
73,0.706198309274575,14,0.07492226
73,0.706198309274575,15,0.07500494
74,0.715964232306894,0,0.0744263
74,0.715964232306894,1,0.07463385
74,0.715964232306894,2,0.07474981
74,0.715964232306894,3,0.07476184
74,0.715964232306894,4,0.07493664
74,0.715964232306894,5,0.07484694
74,0.715964232306894,6,0.07512568
74,0.715964232306894,7,0.07502544
74,0.715964232306894,8,0.07514083
74,0.715964232306894,9,0.07502882
74,0.715964232306894,10,0.07501312
74,0.715964232306894,11,0.07476829
74,0.715964232306894,12,0.07491165
74,0.715964232306894,13,0.07486553
74,0.715964232306894,14,0.07473674
74,0.715964232306894,15,0.07489708
75,0.726340525528733,0,0.07524966
75,0.726340525528733,1,0.07532784
75,0.726340525528733,2,0.07513043
75,0.726340525528733,3,0.07503515
75,0.726340525528733,4,0.07485671
75,0.726340525528733,5,0.07511094
75,0.726340525528733,6,0.07500214
75,0.726340525528733,7,0.0749707
75,0.726340525528733,8,0.07520767
75,0.726340525528733,9,0.07496584
75,0.726340525528733,10,0.07522647
75,0.726340525528733,11,0.07481372
75,0.726340525528733,12,0.07511206
75,0.726340525528733,13,0.07494287
75,0.726340525528733,14,0.07503284
75,0.726340525528733,15,0.07522953
76,0.736106448561052,0,0.07504793
76,0.736106448561052,1,0.07531457
76,0.736106448561052,2,0.07516636
76,0.736106448561052,3,0.07534417
76,0.736106448561052,4,0.07535879
76,0.736106448561052,5,0.07575528
76,0.736106448561052,6,0.07574028
76,0.736106448561052,7,0.07543425
76,0.736106448561052,8,0.07546048
76,0.736106448561052,9,0.07527755
76,0.736106448561052,10,0.07558502
76,0.736106448561052,11,0.07556201
76,0.736106448561052,12,0.07586601
76,0.736106448561052,13,0.07515299
76,0.736106448561052,14,0.07565942
76,0.736106448561052,15,0.07549228
77,0.746482741782891,0,0.07591028
77,0.746482741782891,1,0.07594106
77,0.746482741782891,2,0.07594597
77,0.746482741782891,3,0.07589775
77,0.746482741782891,4,0.07575078
77,0.746482741782891,5,0.07600953
77,0.746482741782891,6,0.07614904
77,0.746482741782891,7,0.07563194
77,0.746482741782891,8,0.07598015
77,0.746482741782891,9,0.07573654
77,0.746482741782891,10,0.0755583
77,0.746482741782891,11,0.07577102
77,0.746482741782891,12,0.07594424
77,0.746482741782891,13,0.07604604
77,0.746482741782891,14,0.07570575
77,0.746482741782891,15,0.07608375
78,0.75685903500473,0,0.07616414
78,0.75685903500473,1,0.07627539
78,0.75685903500473,2,0.07619029
78,0.75685903500473,3,0.07605401
78,0.75685903500473,4,0.07615902
78,0.75685903500473,5,0.07618088
78,0.75685903500473,6,0.07626361
78,0.75685903500473,7,0.07625887
78,0.75685903500473,8,0.07621305
78,0.75685903500473,9,0.07615519
78,0.75685903500473,10,0.07593767
78,0.75685903500473,11,0.07602833
78,0.75685903500473,12,0.07602833
78,0.75685903500473,13,0.07618872
78,0.75685903500473,14,0.07599805
78,0.75685903500473,15,0.07577267
79,0.766624958037049,0,0.07616439
79,0.766624958037049,1,0.07633745
79,0.766624958037049,2,0.07613906
79,0.766624958037049,3,0.0763071
79,0.766624958037049,4,0.07618579
79,0.766624958037049,5,0.07605353
79,0.766624958037049,6,0.07636539
79,0.766624958037049,7,0.07646435
79,0.766624958037049,8,0.07657358
79,0.766624958037049,9,0.07618446
79,0.766624958037049,10,0.0763463
79,0.766624958037049,11,0.07639177
79,0.766624958037049,12,0.07642743
79,0.766624958037049,13,0.07642832
79,0.766624958037049,14,0.0761632
79,0.766624958037049,15,0.07625119
80,0.775170140690329,0,0.07619393
80,0.775170140690329,1,0.07637982
80,0.775170140690329,2,0.07614
80,0.775170140690329,3,0.07624232
80,0.775170140690329,4,0.07630918
80,0.775170140690329,5,0.07656688
80,0.775170140690329,6,0.07619053
80,0.775170140690329,7,0.07622091
80,0.775170140690329,8,0.07642499
80,0.775170140690329,9,0.07664641
80,0.775170140690329,10,0.07635172
80,0.775170140690329,11,0.07647931
80,0.775170140690329,12,0.07646166
80,0.775170140690329,13,0.07659018
80,0.775170140690329,14,0.07638137
80,0.775170140690329,15,0.07627433
81,0.786156804101688,0,0.07591499
81,0.786156804101688,1,0.07602318
81,0.786156804101688,2,0.07624232
81,0.786156804101688,3,0.07638495
81,0.786156804101688,4,0.07613499
81,0.786156804101688,5,0.07622827
81,0.786156804101688,6,0.07624349
81,0.786156804101688,7,0.07637529
81,0.786156804101688,8,0.07662839
81,0.786156804101688,9,0.07653466
81,0.786156804101688,10,0.07645905
81,0.786156804101688,11,0.07665376
81,0.786156804101688,12,0.0763046
81,0.786156804101688,13,0.07658969
81,0.786156804101688,14,0.07631247
81,0.786156804101688,15,0.07639487
82,0.796533097323527,0,0.07646964
82,0.796533097323527,1,0.07653154
82,0.796533097323527,2,0.07652139
82,0.796533097323527,3,0.07660068
82,0.796533097323527,4,0.07635261
82,0.796533097323527,5,0.07626809
82,0.796533097323527,6,0.07636818
82,0.796533097323527,7,0.07607531
82,0.796533097323527,8,0.07619224
82,0.796533097323527,9,0.07624126
82,0.796533097323527,10,0.07669799
82,0.796533097323527,11,0.07662249
82,0.796533097323527,12,0.07643881
82,0.796533097323527,13,0.07671748
82,0.796533097323527,14,0.07642029
82,0.796533097323527,15,0.07670544
83,0.805688650166326,0,0.07665633
83,0.805688650166326,1,0.07672997
83,0.805688650166326,2,0.07654686
83,0.805688650166326,3,0.07648385
83,0.805688650166326,4,0.07669976
83,0.805688650166326,5,0.07711538
83,0.805688650166326,6,0.07660156
83,0.805688650166326,7,0.07680715
83,0.805688650166326,8,0.07662772
83,0.805688650166326,9,0.07654971
83,0.805688650166326,10,0.07688409
83,0.805688650166326,11,0.07661418
83,0.805688650166326,12,0.07666913
83,0.805688650166326,13,0.07652524
83,0.805688650166326,14,0.07648531
83,0.805688650166326,15,0.07634664
84,0.816675313577685,0,0.07670246
84,0.816675313577685,1,0.07679734
84,0.816675313577685,2,0.07681412
84,0.816675313577685,3,0.07641039
84,0.816675313577685,4,0.07660597
84,0.816675313577685,5,0.07648051
84,0.816675313577685,6,0.07682338
84,0.816675313577685,7,0.07644021
84,0.816675313577685,8,0.07648349
84,0.816675313577685,9,0.07666927
84,0.816675313577685,10,0.07635619
84,0.816675313577685,11,0.0762136
84,0.816675313577685,12,0.07649195
84,0.816675313577685,13,0.07635489
84,0.816675313577685,14,0.07647202
84,0.816675313577685,15,0.07676055
85,0.825830866420484,0,0.07654179
85,0.825830866420484,1,0.07654298
85,0.825830866420484,2,0.07635807
85,0.825830866420484,3,0.07617055
85,0.825830866420484,4,0.07661462
85,0.825830866420484,5,0.07638088
85,0.825830866420484,6,0.07667511
85,0.825830866420484,7,0.07626424
85,0.825830866420484,8,0.07649206
85,0.825830866420484,9,0.07652625
85,0.825830866420484,10,0.07615815
85,0.825830866420484,11,0.07627633
85,0.825830866420484,12,0.07590762
85,0.825830866420484,13,0.07629172
85,0.825830866420484,14,0.07654691
85,0.825830866420484,15,0.07674113
86,0.836207159642323,0,0.07666883
86,0.836207159642323,1,0.07667049
86,0.836207159642323,2,0.07669401
86,0.836207159642323,3,0.07678138
86,0.836207159642323,4,0.07702131
86,0.836207159642323,5,0.07669391
86,0.836207159642323,6,0.07679799
86,0.836207159642323,7,0.07678779
86,0.836207159642323,8,0.07689932
86,0.836207159642323,9,0.07700153
86,0.836207159642323,10,0.07678606
86,0.836207159642323,11,0.07693272
86,0.836207159642323,12,0.07662371
86,0.836207159642323,13,0.07683252
86,0.836207159642323,14,0.0768
86,0.836207159642323,15,0.07709697
87,0.845362712485122,0,0.07685997
87,0.845362712485122,1,0.07692151
87,0.845362712485122,2,0.07678361
87,0.845362712485122,3,0.07692095
87,0.845362712485122,4,0.07652179
87,0.845362712485122,5,0.07646675
87,0.845362712485122,6,0.07659303
87,0.845362712485122,7,0.07677905
87,0.845362712485122,8,0.07689626
87,0.845362712485122,9,0.07657575
87,0.845362712485122,10,0.07680894
87,0.845362712485122,11,0.0768479
87,0.845362712485122,12,0.07667907
87,0.845362712485122,13,0.07679833
87,0.845362712485122,14,0.07665538
87,0.845362712485122,15,0.07671705
88,0.855739005706961,0,0.07706814
88,0.855739005706961,1,0.07709759
88,0.855739005706961,2,0.07714381
88,0.855739005706961,3,0.07733829
88,0.855739005706961,4,0.07714336
88,0.855739005706961,5,0.07716288
88,0.855739005706961,6,0.07718162
88,0.855739005706961,7,0.07706949
88,0.855739005706961,8,0.07708683
88,0.855739005706961,9,0.07696795
88,0.855739005706961,10,0.07729766
88,0.855739005706961,11,0.0770046
88,0.855739005706961,12,0.07711689
88,0.855739005706961,13,0.07702049
88,0.855739005706961,14,0.07688252
88,0.855739005706961,15,0.07692184
89,0.8661152989288,0,0.07705812
89,0.8661152989288,1,0.07695808
89,0.8661152989288,2,0.07698111
89,0.8661152989288,3,0.07721976
89,0.8661152989288,4,0.07736991
89,0.8661152989288,5,0.07732905
89,0.8661152989288,6,0.07738815
89,0.8661152989288,7,0.07724836
89,0.8661152989288,8,0.0776041
89,0.8661152989288,9,0.07742862
89,0.8661152989288,10,0.07700504
89,0.8661152989288,11,0.07710522
89,0.8661152989288,12,0.07710077
89,0.8661152989288,13,0.07716903
89,0.8661152989288,14,0.07729387
89,0.8661152989288,15,0.07699115
90,0.875881221961119,0,0.07739651
90,0.875881221961119,1,0.07722817
90,0.875881221961119,2,0.07715586
90,0.875881221961119,3,0.07703085
90,0.875881221961119,4,0.07746761
90,0.875881221961119,5,0.07705221
90,0.875881221961119,6,0.07704356
90,0.875881221961119,7,0.07738636
90,0.875881221961119,8,0.07713684
90,0.875881221961119,9,0.07727167
90,0.875881221961119,10,0.07714254
90,0.875881221961119,11,0.07714075
90,0.875881221961119,12,0.07708816
90,0.875881221961119,13,0.07721045
90,0.875881221961119,14,0.07708617
90,0.875881221961119,15,0.07747201
91,0.885036774803919,0,0.07737543
91,0.885036774803919,1,0.07750251
91,0.885036774803919,2,0.07727295
91,0.885036774803919,3,0.0770274
91,0.885036774803919,4,0.07739255
91,0.885036774803919,5,0.07739718
91,0.885036774803919,6,0.07756183
91,0.885036774803919,7,0.0771097
91,0.885036774803919,8,0.07780522
91,0.885036774803919,9,0.07721201
91,0.885036774803919,10,0.07732686
91,0.885036774803919,11,0.07726275
91,0.885036774803919,12,0.07713852
91,0.885036774803919,13,0.0770212
91,0.885036774803919,14,0.0771543
91,0.885036774803919,15,0.07721235
92,0.895413068025758,0,0.07744357
92,0.895413068025758,1,0.07762484
92,0.895413068025758,2,0.07761687
92,0.895413068025758,3,0.07771411
92,0.895413068025758,4,0.07784548
92,0.895413068025758,5,0.0775634
92,0.895413068025758,6,0.07759133
92,0.895413068025758,7,0.07758877
92,0.895413068025758,8,0.07725082
92,0.895413068025758,9,0.07740421
92,0.895413068025758,10,0.0774927
92,0.895413068025758,11,0.07753863
92,0.895413068025758,12,0.07753284
92,0.895413068025758,13,0.07786293
92,0.895413068025758,14,0.07759808
92,0.895413068025758,15,0.07779445
93,0.905789361247597,0,0.0775775
93,0.905789361247597,1,0.07712063
93,0.905789361247597,2,0.07738023
93,0.905789361247597,3,0.07746041
93,0.905789361247597,4,0.07760137
93,0.905789361247597,5,0.07723527
93,0.905789361247597,6,0.0774162
93,0.905789361247597,7,0.07737537
93,0.905789361247597,8,0.0773466
93,0.905789361247597,9,0.077501
93,0.905789361247597,10,0.07755353
93,0.905789361247597,11,0.07747914
93,0.905789361247597,12,0.07726236
93,0.905789361247597,13,0.07742607
93,0.905789361247597,14,0.07738642
93,0.905789361247597,15,0.07744708
94,0.915555284279916,0,0.07757332
94,0.915555284279916,1,0.07763682
94,0.915555284279916,2,0.07740019
94,0.915555284279916,3,0.07737359
94,0.915555284279916,4,0.07759819
94,0.915555284279916,5,0.07722969
94,0.915555284279916,6,0.07742088
94,0.915555284279916,7,0.07754283
94,0.915555284279916,8,0.07749202
94,0.915555284279916,9,0.07765573
94,0.915555284279916,10,0.07729637
94,0.915555284279916,11,0.07749275
94,0.915555284279916,12,0.07760505
94,0.915555284279916,13,0.07753239
94,0.915555284279916,14,0.0776234
94,0.915555284279916,15,0.07744352
95,0.925931577501755,0,0.07776824
95,0.925931577501755,1,0.07795537
95,0.925931577501755,2,0.07803494
95,0.925931577501755,3,0.07788484
95,0.925931577501755,4,0.07773725
95,0.925931577501755,5,0.07771673
95,0.925931577501755,6,0.07749046
95,0.925931577501755,7,0.07710138
95,0.925931577501755,8,0.076997
95,0.925931577501755,9,0.07719488
95,0.925931577501755,10,0.07740131
95,0.925931577501755,11,0.0775112
95,0.925931577501755,12,0.07759395
95,0.925931577501755,13,0.07759138
95,0.925931577501755,14,0.07746124
95,0.925931577501755,15,0.07754014
96,0.935087130344554,0,0.07768523
96,0.935087130344554,1,0.07785545
96,0.935087130344554,2,0.07783293
96,0.935087130344554,3,0.07792237
96,0.935087130344554,4,0.07751433
96,0.935087130344554,5,0.07767776
96,0.935087130344554,6,0.07782635
96,0.935087130344554,7,0.07773664
96,0.935087130344554,8,0.07747278
96,0.935087130344554,9,0.07767519
96,0.935087130344554,10,0.0777014
96,0.935087130344554,11,0.07768378
96,0.935087130344554,12,0.07763097
96,0.935087130344554,13,0.07762329
96,0.935087130344554,14,0.07749733
96,0.935087130344554,15,0.07763187
97,0.945463423566393,0,0.07787843
97,0.945463423566393,1,0.07750458
97,0.945463423566393,2,0.07777522
97,0.945463423566393,3,0.07731694
97,0.945463423566393,4,0.07788596
97,0.945463423566393,5,0.07735525
97,0.945463423566393,6,0.07744869
97,0.945463423566393,7,0.07763103
97,0.945463423566393,8,0.07759228
97,0.945463423566393,9,0.0774366
97,0.945463423566393,10,0.07781007
97,0.945463423566393,11,0.07779919
97,0.945463423566393,12,0.0778564
97,0.945463423566393,13,0.07769002
97,0.945463423566393,14,0.0775528
97,0.945463423566393,15,0.07786939
98,0.955839716788232,0,0.07781001
98,0.955839716788232,1,0.07757951
98,0.955839716788232,2,0.07761932
98,0.955839716788232,3,0.07780009
98,0.955839716788232,4,0.07764603
98,0.955839716788232,5,0.07774132
98,0.955839716788232,6,0.07800188
98,0.955839716788232,7,0.07784503
98,0.955839716788232,8,0.07755208
98,0.955839716788232,9,0.07761648
98,0.955839716788232,10,0.07763019
98,0.955839716788232,11,0.07780003
98,0.955839716788232,12,0.07775693
98,0.955839716788232,13,0.07768819
98,0.955839716788232,14,0.07741848
98,0.955839716788232,15,0.0779619
99,0.965605639820551,0,0.07765517
99,0.965605639820551,1,0.077776
99,0.965605639820551,2,0.07775492
99,0.965605639820551,3,0.07748227
99,0.965605639820551,4,0.07755487
99,0.965605639820551,5,0.07752012
99,0.965605639820551,6,0.07753735
99,0.965605639820551,7,0.07762004
99,0.965605639820551,8,0.07766772
99,0.965605639820551,9,0.07790748
99,0.965605639820551,10,0.0777503
99,0.965605639820551,11,0.07775414
99,0.965605639820551,12,0.07777132
99,0.965605639820551,13,0.07777662
99,0.965605639820551,14,0.07754974
99,0.965605639820551,15,0.07793865
100,0.97598193304239,0,0.07801124
100,0.97598193304239,1,0.07787469
100,0.97598193304239,2,0.07793575
100,0.97598193304239,3,0.07774416
100,0.97598193304239,4,0.07771433
100,0.97598193304239,5,0.07788612
100,0.97598193304239,6,0.07781314
100,0.97598193304239,7,0.07772961
100,0.97598193304239,8,0.07787012
100,0.97598193304239,9,0.07816185
100,0.97598193304239,10,0.07821309
100,0.97598193304239,11,0.07791054
100,0.97598193304239,12,0.07783772
100,0.97598193304239,13,0.07822318
100,0.97598193304239,14,0.07818649
100,0.97598193304239,15,0.07791244
101,0.986358226264229,0,0.0778578
101,0.986358226264229,1,0.07771913
101,0.986358226264229,2,0.07750295
101,0.986358226264229,3,0.07784916
101,0.986358226264229,4,0.07778877
101,0.986358226264229,5,0.07768857
101,0.986358226264229,6,0.07791718
101,0.986358226264229,7,0.0777097
101,0.986358226264229,8,0.07760511
101,0.986358226264229,9,0.07737254
101,0.986358226264229,10,0.07748478
101,0.986358226264229,11,0.07767814
101,0.986358226264229,12,0.07763616
101,0.986358226264229,13,0.0776957
101,0.986358226264229,14,0.07799742
101,0.986358226264229,15,0.07761999
102,0.995513779107028,0,0.07761513
102,0.995513779107028,1,0.07757962
102,0.995513779107028,2,0.07761865
102,0.995513779107028,3,0.0778171
102,0.995513779107028,4,0.07765874
102,0.995513779107028,5,0.07766438
102,0.995513779107028,6,0.0778428
102,0.995513779107028,7,0.07760109
102,0.995513779107028,8,0.07766426
102,0.995513779107028,9,0.07765222
102,0.995513779107028,10,0.07768266
102,0.995513779107028,11,0.07795019
102,0.995513779107028,12,0.07782195
102,0.995513779107028,13,0.07768467
102,0.995513779107028,14,0.07763142
102,0.995513779107028,15,0.07787151
103,1.00711081270791,0,0.07800065
103,1.00711081270791,1,0.07805768
103,1.00711081270791,2,0.07825033
103,1.00711081270791,3,0.0780079
103,1.00711081270791,4,0.0779944
103,1.00711081270791,5,0.07807815
103,1.00711081270791,6,0.07830408
103,1.00711081270791,7,0.07779601
103,1.00711081270791,8,0.0781168
103,1.00711081270791,9,0.07808652
103,1.00711081270791,10,0.07790145
103,1.00711081270791,11,0.07809644
103,1.00711081270791,12,0.07808228
103,1.00711081270791,13,0.07801843
103,1.00711081270791,14,0.07804169
103,1.00711081270791,15,0.0782016
104,1.01565599536119,0,0.07796753
104,1.01565599536119,1,0.077913
104,1.01565599536119,2,0.07766487
104,1.01565599536119,3,0.07789409
104,1.01565599536119,4,0.07786443
104,1.01565599536119,5,0.07787179
104,1.01565599536119,6,0.07790921
104,1.01565599536119,7,0.07815097
104,1.01565599536119,8,0.07794539
104,1.01565599536119,9,0.07782133
104,1.01565599536119,10,0.07810675
104,1.01565599536119,11,0.07793614
104,1.01565599536119,12,0.07765132
104,1.01565599536119,13,0.07808892
104,1.01565599536119,14,0.07790553
104,1.01565599536119,15,0.07755972
105,1.02481154820399,0,0.07772838
105,1.02481154820399,1,0.07772923
105,1.02481154820399,2,0.07768065
105,1.02481154820399,3,0.07786616
105,1.02481154820399,4,0.07774723
105,1.02481154820399,5,0.07783087
105,1.02481154820399,6,0.07799223
105,1.02481154820399,7,0.07763678
105,1.02481154820399,8,0.07773463
105,1.02481154820399,9,0.07782852
105,1.02481154820399,10,0.07774756
105,1.02481154820399,11,0.0772947
105,1.02481154820399,12,0.07801782
105,1.02481154820399,13,0.07791819
105,1.02481154820399,14,0.07798538
105,1.02481154820399,15,0.07795732
106,1.03640858180486,0,0.07776495
106,1.03640858180486,1,0.07764263
106,1.03640858180486,2,0.07785902
106,1.03640858180486,3,0.07780176
106,1.03640858180486,4,0.07771127
106,1.03640858180486,5,0.07757036
106,1.03640858180486,6,0.07774991
106,1.03640858180486,7,0.07780053
106,1.03640858180486,8,0.07788043
106,1.03640858180486,9,0.07765088
106,1.03640858180486,10,0.07767709
106,1.03640858180486,11,0.07771355
106,1.03640858180486,12,0.07774215
106,1.03640858180486,13,0.07768696
106,1.03640858180486,14,0.07798319
106,1.03640858180486,15,0.07798353
107,1.0467848750267,0,0.07799122
107,1.0467848750267,1,0.07756529
107,1.0467848750267,2,0.07798119
107,1.0467848750267,3,0.07820489
107,1.0467848750267,4,0.07799625
107,1.0467848750267,5,0.07791506
107,1.0467848750267,6,0.07810921
107,1.0467848750267,7,0.07796168
107,1.0467848750267,8,0.07773217
107,1.0467848750267,9,0.07793335
107,1.0467848750267,10,0.07808194
107,1.0467848750267,11,0.07774377
107,1.0467848750267,12,0.07790977
107,1.0467848750267,13,0.0780898
107,1.0467848750267,14,0.07770691
107,1.0467848750267,15,0.07803199
108,1.05471968749046,0,0.07790335
108,1.05471968749046,1,0.07784771
108,1.05471968749046,2,0.07756218
108,1.05471968749046,3,0.07780159
108,1.05471968749046,4,0.07800321
108,1.05471968749046,5,0.07765255
108,1.05471968749046,6,0.07808897
108,1.05471968749046,7,0.0778821
108,1.05471968749046,8,0.07788194
108,1.05471968749046,9,0.07775699
108,1.05471968749046,10,0.07770151
108,1.05471968749046,11,0.07781281
108,1.05471968749046,12,0.07789806
108,1.05471968749046,13,0.07781029
108,1.05471968749046,14,0.07754868
108,1.05471968749046,15,0.07781214
109,1.06631672109134,0,0.07791261
109,1.06631672109134,1,0.07766026
109,1.06631672109134,2,0.07758921
109,1.06631672109134,3,0.07760315
109,1.06631672109134,4,0.07780326
109,1.06631672109134,5,0.07753652
109,1.06631672109134,6,0.07754065
109,1.06631672109134,7,0.07770725
109,1.06631672109134,8,0.07749777
109,1.06631672109134,9,0.07760097
109,1.06631672109134,10,0.07773948
109,1.06631672109134,11,0.07736702
109,1.06631672109134,12,0.07763493
109,1.06631672109134,13,0.07784693
109,1.06631672109134,14,0.07802145
109,1.06631672109134,15,0.07802346
110,1.07608264412366,0,0.07766426
110,1.07608264412366,1,0.0778341
110,1.07608264412366,2,0.07798013
110,1.07608264412366,3,0.07765144
110,1.07608264412366,4,0.07784821
110,1.07608264412366,5,0.07776301
110,1.07608264412366,6,0.07764056
110,1.07608264412366,7,0.07794958
110,1.07608264412366,8,0.07780784
110,1.07608264412366,9,0.07798783
110,1.07608264412366,10,0.07786582
110,1.07608264412366,11,0.07776011
110,1.07608264412366,12,0.07780305
110,1.07608264412366,13,0.07790252
110,1.07608264412366,14,0.07784937
110,1.07608264412366,15,0.07762484
111,1.08523819696646,0,0.07800382
111,1.08523819696646,1,0.07770719
111,1.08523819696646,2,0.07776903
111,1.08523819696646,3,0.07782234
111,1.08523819696646,4,0.07776451
111,1.08523819696646,5,0.07746671
111,1.08523819696646,6,0.07777221
111,1.08523819696646,7,0.07767073
111,1.08523819696646,8,0.07771723
111,1.08523819696646,9,0.07769621
111,1.08523819696646,10,0.07769783
111,1.08523819696646,11,0.0778612
111,1.08523819696646,12,0.07768528
111,1.08523819696646,13,0.07760393
111,1.08523819696646,14,0.07751623
111,1.08523819696646,15,0.07749571
112,1.09622486037782,0,0.0776409
112,1.09622486037782,1,0.07760092
112,1.09622486037782,2,0.07772247
112,1.09622486037782,3,0.07771455
112,1.09622486037782,4,0.07779981
112,1.09622486037782,5,0.0777024
112,1.09622486037782,6,0.07759668
112,1.09622486037782,7,0.07761364
112,1.09622486037782,8,0.07790536
112,1.09622486037782,9,0.07770351
112,1.09622486037782,10,0.07786281
112,1.09622486037782,11,0.07756518
112,1.09622486037782,12,0.07756836
112,1.09622486037782,13,0.07762027
112,1.09622486037782,14,0.07763789
112,1.09622486037782,15,0.07788584
113,1.10599078341014,0,0.0775053
113,1.10599078341014,1,0.07774968
113,1.10599078341014,2,0.07720917
113,1.10599078341014,3,0.07754266
113,1.10599078341014,4,0.07737661
113,1.10599078341014,5,0.07750513
113,1.10599078341014,6,0.07751852
113,1.10599078341014,7,0.07753551
113,1.10599078341014,8,0.07760578
113,1.10599078341014,9,0.07759919
113,1.10599078341014,10,0.07772131
113,1.10599078341014,11,0.0776249
113,1.10599078341014,12,0.07776987
113,1.10599078341014,13,0.07765009
113,1.10599078341014,14,0.07774428
113,1.10599078341014,15,0.07750759
114,1.11636707663198,0,0.07754038
114,1.11636707663198,1,0.07763287
114,1.11636707663198,2,0.07751594
114,1.11636707663198,3,0.07767112
114,1.11636707663198,4,0.07752872
114,1.11636707663198,5,0.07749648
114,1.11636707663198,6,0.07757516
114,1.11636707663198,7,0.0776386
114,1.11636707663198,8,0.07779028
114,1.11636707663198,9,0.07765885
114,1.11636707663198,10,0.07792699
114,1.11636707663198,11,0.07792544
114,1.11636707663198,12,0.07771321
114,1.11636707663198,13,0.07790514
114,1.11636707663198,14,0.07764954
114,1.11636707663198,15,0.07749503
115,1.12674336985382,0,0.07788802
115,1.12674336985382,1,0.07798447
115,1.12674336985382,2,0.07782964
115,1.12674336985382,3,0.07788161
115,1.12674336985382,4,0.07758068
115,1.12674336985382,5,0.07768829
115,1.12674336985382,6,0.07811384
115,1.12674336985382,7,0.07785881
115,1.12674336985382,8,0.07798409
115,1.12674336985382,9,0.07775772
115,1.12674336985382,10,0.0777334
115,1.12674336985382,11,0.07780132
115,1.12674336985382,12,0.07780533
115,1.12674336985382,13,0.07757438
115,1.12674336985382,14,0.07756228
115,1.12674336985382,15,0.07769125
116,1.13589892269662,0,0.07778308
116,1.13589892269662,1,0.07817986
116,1.13589892269662,2,0.07792978
116,1.13589892269662,3,0.07790915
116,1.13589892269662,4,0.07767458
116,1.13589892269662,5,0.07768233
116,1.13589892269662,6,0.07747647
116,1.13589892269662,7,0.07752655
116,1.13589892269662,8,0.07774383
116,1.13589892269662,9,0.07761598
116,1.13589892269662,10,0.07770156
116,1.13589892269662,11,0.07771974
116,1.13589892269662,12,0.07739651
116,1.13589892269662,13,0.07727837
116,1.13589892269662,14,0.07770408
116,1.13589892269662,15,0.07728472
117,1.14627521591845,0,0.07775124
117,1.14627521591845,1,0.07766487
117,1.14627521591845,2,0.07771656
117,1.14627521591845,3,0.07786521
117,1.14627521591845,4,0.07749883
117,1.14627521591845,5,0.07772197
117,1.14627521591845,6,0.07766376
117,1.14627521591845,7,0.07758029
117,1.14627521591845,8,0.07771723
117,1.14627521591845,9,0.07790084
117,1.14627521591845,10,0.07746878
117,1.14627521591845,11,0.07764056
117,1.14627521591845,12,0.07746771
117,1.14627521591845,13,0.07733362
117,1.14627521591845,14,0.07758882
117,1.14627521591845,15,0.07738347
118,1.15604113895077,0,0.07767909
118,1.15604113895077,1,0.07767686
118,1.15604113895077,2,0.0777586
118,1.15604113895077,3,0.07752839
118,1.15604113895077,4,0.07764046
118,1.15604113895077,5,0.07778459
118,1.15604113895077,6,0.07771333
118,1.15604113895077,7,0.07752883
118,1.15604113895077,8,0.07745411
118,1.15604113895077,9,0.07761452
118,1.15604113895077,10,0.0777208
118,1.15604113895077,11,0.07751383
118,1.15604113895077,12,0.07752989
118,1.15604113895077,13,0.07759027
118,1.15604113895077,14,0.07734527
118,1.15604113895077,15,0.07762088
119,1.16702780236213,0,0.07799993
119,1.16702780236213,1,0.07795627
119,1.16702780236213,2,0.07781988
119,1.16702780236213,3,0.07804169
119,1.16702780236213,4,0.07781263
119,1.16702780236213,5,0.07760901
119,1.16702780236213,6,0.07794049
119,1.16702780236213,7,0.0779575
119,1.16702780236213,8,0.07778525
119,1.16702780236213,9,0.07782903
119,1.16702780236213,10,0.07795142
119,1.16702780236213,11,0.078022
119,1.16702780236213,12,0.07801715
119,1.16702780236213,13,0.07781849
119,1.16702780236213,14,0.07767531
119,1.16702780236213,15,0.0775471
120,1.17740409558397,0,0.07773558
120,1.17740409558397,1,0.07786153
120,1.17740409558397,2,0.07805485
120,1.17740409558397,3,0.07776307
120,1.17740409558397,4,0.07762038
120,1.17740409558397,5,0.07753558
120,1.17740409558397,6,0.07777639
120,1.17740409558397,7,0.07771701
120,1.17740409558397,8,0.07772203
120,1.17740409558397,9,0.07747753
120,1.17740409558397,10,0.07745773
120,1.17740409558397,11,0.07780711
120,1.17740409558397,12,0.07763331
120,1.17740409558397,13,0.07777756
120,1.17740409558397,14,0.07783432
120,1.17740409558397,15,0.07778855
121,1.18594927823725,0,0.07781096
121,1.18594927823725,1,0.07787179
121,1.18594927823725,2,0.07767759
121,1.18594927823725,3,0.07772018
121,1.18594927823725,4,0.07781269
121,1.18594927823725,5,0.07774806
121,1.18594927823725,6,0.0778849
121,1.18594927823725,7,0.07778559
121,1.18594927823725,8,0.07764196
121,1.18594927823725,9,0.07765193
121,1.18594927823725,10,0.07765044
121,1.18594927823725,11,0.07739853
121,1.18594927823725,12,0.07735563
121,1.18594927823725,13,0.07749994
121,1.18594927823725,14,0.07774188
121,1.18594927823725,15,0.07742344
122,1.19815668202765,0,0.07748578
122,1.19815668202765,1,0.07763092
122,1.19815668202765,2,0.07759445
122,1.19815668202765,3,0.07766822
122,1.19815668202765,4,0.07778107
122,1.19815668202765,5,0.07763755
122,1.19815668202765,6,0.07763723
122,1.19815668202765,7,0.07799223
122,1.19815668202765,8,0.07769431
122,1.19815668202765,9,0.07763197
122,1.19815668202765,10,0.07781107
122,1.19815668202765,11,0.07767597
122,1.19815668202765,12,0.07755704
122,1.19815668202765,13,0.07784319
122,1.19815668202765,14,0.07771009
122,1.19815668202765,15,0.07774584
123,1.20670186468093,0,0.0777005
123,1.20670186468093,1,0.07764102
123,1.20670186468093,2,0.07758074
123,1.20670186468093,3,0.07797205
123,1.20670186468093,4,0.07770262
123,1.20670186468093,5,0.07781464
123,1.20670186468093,6,0.07788172
123,1.20670186468093,7,0.07775297
123,1.20670186468093,8,0.07776407
123,1.20670186468093,9,0.07758012
123,1.20670186468093,10,0.07756089
123,1.20670186468093,11,0.07762406
123,1.20670186468093,12,0.07774121
123,1.20670186468093,13,0.077669
123,1.20670186468093,14,0.07766622
123,1.20670186468093,15,0.07772571
124,1.21707815790277,0,0.07784508
124,1.21707815790277,1,0.07793815
124,1.21707815790277,2,0.07767324
124,1.21707815790277,3,0.07763326
124,1.21707815790277,4,0.07740738
124,1.21707815790277,5,0.07776775
124,1.21707815790277,6,0.07769259
124,1.21707815790277,7,0.0775185
124,1.21707815790277,8,0.07782201
124,1.21707815790277,9,0.07765868
124,1.21707815790277,10,0.07794455
124,1.21707815790277,11,0.07778487
124,1.21707815790277,12,0.07781007
124,1.21707815790277,13,0.07817327
124,1.21707815790277,14,0.07792047
124,1.21707815790277,15,0.07764018
125,1.22745445112461,0,0.07796185
125,1.22745445112461,1,0.07786956
125,1.22745445112461,2,0.07795203
125,1.22745445112461,3,0.07783583
125,1.22745445112461,4,0.07772164
125,1.22745445112461,5,0.07802067
125,1.22745445112461,6,0.07783538
125,1.22745445112461,7,0.07804698
125,1.22745445112461,8,0.07788612
125,1.22745445112461,9,0.07793937
125,1.22745445112461,10,0.0777972
125,1.22745445112461,11,0.07777382
125,1.22745445112461,12,0.07804866
125,1.22745445112461,13,0.07808953
125,1.22745445112461,14,0.07787826
125,1.22745445112461,15,0.07806215
126,1.23722037415693,0,0.07770519
126,1.23722037415693,1,0.07777037
126,1.23722037415693,2,0.07772671
126,1.23722037415693,3,0.07780667
126,1.23722037415693,4,0.07774901
126,1.23722037415693,5,0.07765897
126,1.23722037415693,6,0.07766287
126,1.23722037415693,7,0.07777181
126,1.23722037415693,8,0.07781671
126,1.23722037415693,9,0.07805507
126,1.23722037415693,10,0.0777537
126,1.23722037415693,11,0.07768477
126,1.23722037415693,12,0.07791222
126,1.23722037415693,13,0.07741229
126,1.23722037415693,14,0.07766281
126,1.23722037415693,15,0.07770558
127,1.24698629718925,0,0.07791819
127,1.24698629718925,1,0.07784949
127,1.24698629718925,2,0.07819843
127,1.24698629718925,3,0.07813692
127,1.24698629718925,4,0.07779814
127,1.24698629718925,5,0.07799564
127,1.24698629718925,6,0.07803399
127,1.24698629718925,7,0.07796022
127,1.24698629718925,8,0.07811083
127,1.24698629718925,9,0.07824158
127,1.24698629718925,10,0.07785294
127,1.24698629718925,11,0.07796379
127,1.24698629718925,12,0.07776937
127,1.24698629718925,13,0.07805323
127,1.24698629718925,14,0.07800344
127,1.24698629718925,15,0.07771902
128,1.25736259041108,0,0.07777171
128,1.25736259041108,1,0.07790709
128,1.25736259041108,2,0.07811546
128,1.25736259041108,3,0.07768992
128,1.25736259041108,4,0.07774918
128,1.25736259041108,5,0.07800243
128,1.25736259041108,6,0.07774628
128,1.25736259041108,7,0.07782395
128,1.25736259041108,8,0.07788406
128,1.25736259041108,9,0.07794645
128,1.25736259041108,10,0.0778075
128,1.25736259041108,11,0.0775528
128,1.25736259041108,12,0.07759105
128,1.25736259041108,13,0.07802864
128,1.25736259041108,14,0.07793503
128,1.25736259041108,15,0.07752052
129,1.26651814325388,0,0.07770474
129,1.26651814325388,1,0.07770831
129,1.26651814325388,2,0.07777739
129,1.26651814325388,3,0.07781068
129,1.26651814325388,4,0.07761118
129,1.26651814325388,5,0.07792655
129,1.26651814325388,6,0.07763599
129,1.26651814325388,7,0.07784742
129,1.26651814325388,8,0.07765255
129,1.26651814325388,9,0.0778017
129,1.26651814325388,10,0.07787184
129,1.26651814325388,11,0.07758664
129,1.26651814325388,12,0.07775726
129,1.26651814325388,13,0.07788684
129,1.26651814325388,14,0.07790948
129,1.26651814325388,15,0.07788317
130,1.27750480666524,0,0.07818861
130,1.27750480666524,1,0.07800924
130,1.27750480666524,2,0.07790463
130,1.27750480666524,3,0.07793564
130,1.27750480666524,4,0.07788913
130,1.27750480666524,5,0.07796006
130,1.27750480666524,6,0.0781213
130,1.27750480666524,7,0.07830693
130,1.27750480666524,8,0.07836703
130,1.27750480666524,9,0.07790425
130,1.27750480666524,10,0.07807068
130,1.27750480666524,11,0.07792989
130,1.27750480666524,12,0.07805552
130,1.27750480666524,13,0.07800768
130,1.27750480666524,14,0.07803271
130,1.27750480666524,15,0.07788043
131,1.28666035950804,0,0.07783817
131,1.28666035950804,1,0.07796853
131,1.28666035950804,2,0.0779459
131,1.28666035950804,3,0.07777734
131,1.28666035950804,4,0.07796982
131,1.28666035950804,5,0.07802563
131,1.28666035950804,6,0.07791038
131,1.28666035950804,7,0.07790107
131,1.28666035950804,8,0.07778598
131,1.28666035950804,9,0.07775085
131,1.28666035950804,10,0.07779919
131,1.28666035950804,11,0.07790831
131,1.28666035950804,12,0.07804604
131,1.28666035950804,13,0.07794913
131,1.28666035950804,14,0.07822848
131,1.28666035950804,15,0.07788551
132,1.2976470229194,0,0.07792694
132,1.2976470229194,1,0.07781425
132,1.2976470229194,2,0.07799942
132,1.2976470229194,3,0.07807887
132,1.2976470229194,4,0.07809661
132,1.2976470229194,5,0.07810894
132,1.2976470229194,6,0.07796145
132,1.2976470229194,7,0.07797661
132,1.2976470229194,8,0.07801565
132,1.2976470229194,9,0.07782039
132,1.2976470229194,10,0.07808752
132,1.2976470229194,11,0.0777164
132,1.2976470229194,12,0.07789649
132,1.2976470229194,13,0.07782067
132,1.2976470229194,14,0.07804303
132,1.2976470229194,15,0.07791595
133,1.30741294595172,0,0.07803533
133,1.30741294595172,1,0.07804665
133,1.30741294595172,2,0.07802128
133,1.30741294595172,3,0.07825541
133,1.30741294595172,4,0.07812594
133,1.30741294595172,5,0.07809315
133,1.30741294595172,6,0.07805379
133,1.30741294595172,7,0.07783839
133,1.30741294595172,8,0.07829165
133,1.30741294595172,9,0.07803271
133,1.30741294595172,10,0.07816669
133,1.30741294595172,11,0.07830308
133,1.30741294595172,12,0.07812371
133,1.30741294595172,13,0.07817155
133,1.30741294595172,14,0.07806449
133,1.30741294595172,15,0.07801425
134,1.31656849879452,0,0.07830732
134,1.31656849879452,1,0.07811339
134,1.31656849879452,2,0.0782733
134,1.31656849879452,3,0.07799847
134,1.31656849879452,4,0.07808211
134,1.31656849879452,5,0.07818337
134,1.31656849879452,6,0.07813202
134,1.31656849879452,7,0.07810224
134,1.31656849879452,8,0.07852009
134,1.31656849879452,9,0.07801726
134,1.31656849879452,10,0.07798782
134,1.31656849879452,11,0.07830665
134,1.31656849879452,12,0.07827716
134,1.31656849879452,13,0.07842904
134,1.31656849879452,14,0.07799836
134,1.31656849879452,15,0.0780457
135,1.32755516220588,0,0.07857201
135,1.32755516220588,1,0.07839726
135,1.32755516220588,2,0.07855806
135,1.32755516220588,3,0.07821064
135,1.32755516220588,4,0.07797879
135,1.32755516220588,5,0.07804012
135,1.32755516220588,6,0.07810731
135,1.32755516220588,7,0.078067
135,1.32755516220588,8,0.07837038
135,1.32755516220588,9,0.07821649
135,1.32755516220588,10,0.07796118
135,1.32755516220588,11,0.07811283
135,1.32755516220588,12,0.07793804
135,1.32755516220588,13,0.07811456
135,1.32755516220588,14,0.07804532
135,1.32755516220588,15,0.07773853
136,1.33610034485916,0,0.07807469
136,1.33610034485916,1,0.07783923
136,1.33610034485916,2,0.07787642
136,1.33610034485916,3,0.07788216
136,1.33610034485916,4,0.0782171
136,1.33610034485916,5,0.07800578
136,1.33610034485916,6,0.07798637
136,1.33610034485916,7,0.07790792
136,1.33610034485916,8,0.07802267
136,1.33610034485916,9,0.07778046
136,1.33610034485916,10,0.07760109
136,1.33610034485916,11,0.07779172
136,1.33610034485916,12,0.07779284
136,1.33610034485916,13,0.07773039
136,1.33610034485916,14,0.07786895
136,1.33610034485916,15,0.07783978
137,1.34830774864956,0,0.07779384
137,1.34830774864956,1,0.07787352
137,1.34830774864956,2,0.07819753
137,1.34830774864956,3,0.07772855
137,1.34830774864956,4,0.07802518
137,1.34830774864956,5,0.07827988
137,1.34830774864956,6,0.07801782
137,1.34830774864956,7,0.07809533
137,1.34830774864956,8,0.07799742
137,1.34830774864956,9,0.07783861
137,1.34830774864956,10,0.07834423
137,1.34830774864956,11,0.07799747
137,1.34830774864956,12,0.07792827
137,1.34830774864956,13,0.0780539
137,1.34830774864956,14,0.07759361
137,1.34830774864956,15,0.07780901
138,1.35746330149236,0,0.07810029
138,1.35746330149236,1,0.07799847
138,1.35746330149236,2,0.07783533
138,1.35746330149236,3,0.0779101
138,1.35746330149236,4,0.07832505
138,1.35746330149236,5,0.07807018
138,1.35746330149236,6,0.07791038
138,1.35746330149236,7,0.07822452
138,1.35746330149236,8,0.07795905
138,1.35746330149236,9,0.07799663
138,1.35746330149236,10,0.07790229
138,1.35746330149236,11,0.07796992
138,1.35746330149236,12,0.07792811
138,1.35746330149236,13,0.07825752
138,1.35746330149236,14,0.07779758
138,1.35746330149236,15,0.07795805
139,1.36722922452467,0,0.07825229
139,1.36722922452467,1,0.07814518
139,1.36722922452467,2,0.07805546
139,1.36722922452467,3,0.07796647
139,1.36722922452467,4,0.07790402
139,1.36722922452467,5,0.07796831
139,1.36722922452467,6,0.07798498
139,1.36722922452467,7,0.078129
139,1.36722922452467,8,0.07810196
139,1.36722922452467,9,0.07835326
139,1.36722922452467,10,0.07826639
139,1.36722922452467,11,0.07803996
139,1.36722922452467,12,0.07819463
139,1.36722922452467,13,0.07818454
139,1.36722922452467,14,0.07811552
139,1.36722922452467,15,0.07811897
140,1.37760551774651,0,0.07799497
140,1.37760551774651,1,0.07794545
140,1.37760551774651,2,0.07815036
140,1.37760551774651,3,0.07792253
140,1.37760551774651,4,0.07785217
140,1.37760551774651,5,0.07813207
140,1.37760551774651,6,0.07799569
140,1.37760551774651,7,0.0779629
140,1.37760551774651,8,0.07805529
140,1.37760551774651,9,0.07776775
140,1.37760551774651,10,0.07803065
140,1.37760551774651,11,0.07786148
140,1.37760551774651,12,0.07814473
140,1.37760551774651,13,0.07819742
140,1.37760551774651,14,0.07835482
140,1.37760551774651,15,0.07818482
141,1.38798181096835,0,0.07810174
141,1.38798181096835,1,0.07799017
141,1.38798181096835,2,0.07788412
141,1.38798181096835,3,0.07790809
141,1.38798181096835,4,0.07796235
141,1.38798181096835,5,0.07792911
141,1.38798181096835,6,0.07788913
141,1.38798181096835,7,0.07793736
141,1.38798181096835,8,0.07782512
141,1.38798181096835,9,0.07820021
141,1.38798181096835,10,0.07817712
141,1.38798181096835,11,0.0780438
141,1.38798181096835,12,0.07802618
141,1.38798181096835,13,0.07813475
141,1.38798181096835,14,0.07814885
141,1.38798181096835,15,0.07825468
142,1.39713736381115,0,0.07807051
142,1.39713736381115,1,0.07798392
142,1.39713736381115,2,0.07846496
142,1.39713736381115,3,0.07828736
142,1.39713736381115,4,0.07818654
142,1.39713736381115,5,0.07825296
142,1.39713736381115,6,0.07811473
142,1.39713736381115,7,0.078264
142,1.39713736381115,8,0.07810263
142,1.39713736381115,9,0.07805747
142,1.39713736381115,10,0.07789293
142,1.39713736381115,11,0.07819217
142,1.39713736381115,12,0.07802719
142,1.39713736381115,13,0.07815214
142,1.39713736381115,14,0.0784916
142,1.39713736381115,15,0.07794316
143,1.40812402722251,0,0.07811261
143,1.40812402722251,1,0.0778699
143,1.40812402722251,2,0.07770012
143,1.40812402722251,3,0.07819241
143,1.40812402722251,4,0.07793034
143,1.40812402722251,5,0.07829215
143,1.40812402722251,6,0.07778659
143,1.40812402722251,7,0.07802435
143,1.40812402722251,8,0.07761028
143,1.40812402722251,9,0.07791021
143,1.40812402722251,10,0.07787241
143,1.40812402722251,11,0.07758029
143,1.40812402722251,12,0.07779234
143,1.40812402722251,13,0.07771969
143,1.40812402722251,14,0.07761241
143,1.40812402722251,15,0.07771818
144,1.41788995025483,0,0.07791027
144,1.41788995025483,1,0.07784687
144,1.41788995025483,2,0.07780232
144,1.41788995025483,3,0.07793519
144,1.41788995025483,4,0.07809214
144,1.41788995025483,5,0.07772337
144,1.41788995025483,6,0.07799239
144,1.41788995025483,7,0.07800946
144,1.41788995025483,8,0.07776513
144,1.41788995025483,9,0.07794757
144,1.41788995025483,10,0.07797779
144,1.41788995025483,11,0.07798805
144,1.41788995025483,12,0.07819302
144,1.41788995025483,13,0.07810536
144,1.41788995025483,14,0.07823399
144,1.41788995025483,15,0.07797845
145,1.42826624347667,0,0.07773306
145,1.42826624347667,1,0.0781996
145,1.42826624347667,2,0.07795939
145,1.42826624347667,3,0.07819251
145,1.42826624347667,4,0.07808903
145,1.42826624347667,5,0.07805568
145,1.42826624347667,6,0.0780026
145,1.42826624347667,7,0.07788021
145,1.42826624347667,8,0.078052
145,1.42826624347667,9,0.07798743
145,1.42826624347667,10,0.07818967
145,1.42826624347667,11,0.07767848
145,1.42826624347667,12,0.07785384
145,1.42826624347667,13,0.07782083
145,1.42826624347667,14,0.07796736
145,1.42826624347667,15,0.07814607
146,1.43681142612995,0,0.07810403
146,1.43681142612995,1,0.07790302
146,1.43681142612995,2,0.07786867
146,1.43681142612995,3,0.07778264
146,1.43681142612995,4,0.07785395
146,1.43681142612995,5,0.07802697
146,1.43681142612995,6,0.07794517
146,1.43681142612995,7,0.07785546
146,1.43681142612995,8,0.07793965
146,1.43681142612995,9,0.0782277
146,1.43681142612995,10,0.07818191
146,1.43681142612995,11,0.07806377
146,1.43681142612995,12,0.07820707
146,1.43681142612995,13,0.07806723
146,1.43681142612995,14,0.07818761
146,1.43681142612995,15,0.07817205
147,1.44779808954131,0,0.07827637
147,1.44779808954131,1,0.07792627
147,1.44779808954131,2,0.07772387
147,1.44779808954131,3,0.07821866
147,1.44779808954131,4,0.07802067
147,1.44779808954131,5,0.07792833
147,1.44779808954131,6,0.07803372
147,1.44779808954131,7,0.07788417
147,1.44779808954131,8,0.0777155
147,1.44779808954131,9,0.07807397
147,1.44779808954131,10,0.0777261
147,1.44779808954131,11,0.07816118
147,1.44779808954131,12,0.07795928
147,1.44779808954131,13,0.07818711
147,1.44779808954131,14,0.07832053
147,1.44779808954131,15,0.07803461
148,1.45756401257363,0,0.07816714
148,1.45756401257363,1,0.07801163
148,1.45756401257363,2,0.07799485
148,1.45756401257363,3,0.07820121
148,1.45756401257363,4,0.07812572
148,1.45756401257363,5,0.07820082
148,1.45756401257363,6,0.07798186
148,1.45756401257363,7,0.07813737
148,1.45756401257363,8,0.07817394
148,1.45756401257363,9,0.07827693
148,1.45756401257363,10,0.07806907
148,1.45756401257363,11,0.07812359
148,1.45756401257363,12,0.07819156
148,1.45756401257363,13,0.07826523
148,1.45756401257363,14,0.07846796
148,1.45756401257363,15,0.07812209
149,1.46610919522691,0,0.0781154
149,1.46610919522691,1,0.07845045
149,1.46610919522691,2,0.07844437
149,1.46610919522691,3,0.07819536
149,1.46610919522691,4,0.07844945
149,1.46610919522691,5,0.07831044
149,1.46610919522691,6,0.07831067
149,1.46610919522691,7,0.07835304
149,1.46610919522691,8,0.07800739
149,1.46610919522691,9,0.07813007
149,1.46610919522691,10,0.07838404
149,1.46610919522691,11,0.07826388
149,1.46610919522691,12,0.07849166
149,1.46610919522691,13,0.07826678
149,1.46610919522691,14,0.07833893
149,1.46610919522691,15,0.07835187
150,1.47709585863826,0,0.0782587
150,1.47709585863826,1,0.0784301
150,1.47709585863826,2,0.07827783
150,1.47709585863826,3,0.07796051
150,1.47709585863826,4,0.07810152
150,1.47709585863826,5,0.07792845
150,1.47709585863826,6,0.07815041
150,1.47709585863826,7,0.07803829
150,1.47709585863826,8,0.07809165
150,1.47709585863826,9,0.07822575
150,1.47709585863826,10,0.07827314
150,1.47709585863826,11,0.07815833
150,1.47709585863826,12,0.07801765
150,1.47709585863826,13,0.07810982
150,1.47709585863826,14,0.07822764
150,1.47709585863826,15,0.0780239
151,1.4874721518601,0,0.07827966
151,1.4874721518601,1,0.07824147
151,1.4874721518601,2,0.07832416
151,1.4874721518601,3,0.07823183
151,1.4874721518601,4,0.07826868
151,1.4874721518601,5,0.07834769
151,1.4874721518601,6,0.07836709
151,1.4874721518601,7,0.0782878
151,1.4874721518601,8,0.07825931
151,1.4874721518601,9,0.07839441
151,1.4874721518601,10,0.07834195
151,1.4874721518601,11,0.07855204
151,1.4874721518601,12,0.07838399
151,1.4874721518601,13,0.0781512
151,1.4874721518601,14,0.07829104
151,1.4874721518601,15,0.07827503
152,1.4966277047029,0,0.07855371
152,1.4966277047029,1,0.07835198
152,1.4966277047029,2,0.07834925
152,1.4966277047029,3,0.07846388
152,1.4966277047029,4,0.07853336
152,1.4966277047029,5,0.07860378
152,1.4966277047029,6,0.07828686
152,1.4966277047029,7,0.0783328
152,1.4966277047029,8,0.07844666
152,1.4966277047029,9,0.07835789
152,1.4966277047029,10,0.07855822
152,1.4966277047029,11,0.07845357
152,1.4966277047029,12,0.07838248
152,1.4966277047029,13,0.07843384
152,1.4966277047029,14,0.07806907
152,1.4966277047029,15,0.07834841
153,1.50761436811426,0,0.07832889
153,1.50761436811426,1,0.07814211
153,1.50761436811426,2,0.07823015
153,1.50761436811426,3,0.07858733
153,1.50761436811426,4,0.07854044
153,1.50761436811426,5,0.07839006
153,1.50761436811426,6,0.07843646
153,1.50761436811426,7,0.07842809
153,1.50761436811426,8,0.07858449
153,1.50761436811426,9,0.07825948
153,1.50761436811426,10,0.07849433
153,1.50761436811426,11,0.07803673
153,1.50761436811426,12,0.07818861
153,1.50761436811426,13,0.07849533
153,1.50761436811426,14,0.07855115
153,1.50761436811426,15,0.07820506
154,1.51676992095706,0,0.07827922
154,1.51676992095706,1,0.07841738
154,1.51676992095706,2,0.07837395
154,1.51676992095706,3,0.0784665
154,1.51676992095706,4,0.07851864
154,1.51676992095706,5,0.07832689
154,1.51676992095706,6,0.07865319
154,1.51676992095706,7,0.07866383
154,1.51676992095706,8,0.07860602
154,1.51676992095706,9,0.07875361
154,1.51676992095706,10,0.07837702
154,1.51676992095706,11,0.07834601
154,1.51676992095706,12,0.07836498
154,1.51676992095706,13,0.07830224
154,1.51676992095706,14,0.07826126
154,1.51676992095706,15,0.07818772
155,1.5271462141789,0,0.07850492
155,1.5271462141789,1,0.07825056
155,1.5271462141789,2,0.078356
155,1.5271462141789,3,0.07831234
155,1.5271462141789,4,0.07831446
155,1.5271462141789,5,0.07849868
155,1.5271462141789,6,0.07822937
155,1.5271462141789,7,0.07818688
155,1.5271462141789,8,0.07834206
155,1.5271462141789,9,0.07852762
155,1.5271462141789,10,0.07831234
155,1.5271462141789,11,0.07865743
155,1.5271462141789,12,0.07835615
155,1.5271462141789,13,0.07841203
155,1.5271462141789,14,0.07846154
155,1.5271462141789,15,0.07852762
156,1.53813287759026,0,0.07841259
156,1.53813287759026,1,0.07855076
156,1.53813287759026,2,0.07854429
156,1.53813287759026,3,0.07868028
156,1.53813287759026,4,0.0785497
156,1.53813287759026,5,0.07844197
156,1.53813287759026,6,0.07827068
156,1.53813287759026,7,0.07855588
156,1.53813287759026,8,0.07810502
156,1.53813287759026,9,0.07826176
156,1.53813287759026,10,0.07817607
156,1.53813287759026,11,0.07828674
156,1.53813287759026,12,0.07836486
156,1.53813287759026,13,0.0786504
156,1.53813287759026,14,0.07858092
156,1.53813287759026,15,0.07859313
157,1.54728843043306,0,0.07850687
157,1.54728843043306,1,0.07820846
157,1.54728843043306,2,0.07813503
157,1.54728843043306,3,0.07877435
157,1.54728843043306,4,0.0784311
157,1.54728843043306,5,0.07840222
157,1.54728843043306,6,0.07827777
157,1.54728843043306,7,0.07845446
157,1.54728843043306,8,0.07833213
157,1.54728843043306,9,0.07837807
157,1.54728843043306,10,0.07839926
157,1.54728843043306,11,0.07802724
157,1.54728843043306,12,0.0780684
157,1.54728843043306,13,0.07806182
157,1.54728843043306,14,0.07821437
157,1.54728843043306,15,0.07835549
158,1.5576647236549,0,0.07854591
158,1.5576647236549,1,0.07822374
158,1.5576647236549,2,0.0782932
158,1.5576647236549,3,0.07845213
158,1.5576647236549,4,0.07821326
158,1.5576647236549,5,0.07858589
158,1.5576647236549,6,0.07845647
158,1.5576647236549,7,0.07863724
158,1.5576647236549,8,0.078479
158,1.5576647236549,9,0.07839692
158,1.5576647236549,10,0.07820963
158,1.5576647236549,11,0.07824738
158,1.5576647236549,12,0.07799814
158,1.5576647236549,13,0.07809443
158,1.5576647236549,14,0.07833191
158,1.5576647236549,15,0.07830331
159,1.56804101687674,0,0.0781842
159,1.56804101687674,1,0.07832276
159,1.56804101687674,2,0.0781963
159,1.56804101687674,3,0.07815912
159,1.56804101687674,4,0.07812488
159,1.56804101687674,5,0.07814518
159,1.56804101687674,6,0.0781716
159,1.56804101687674,7,0.0783633
159,1.56804101687674,8,0.0783561
159,1.56804101687674,9,0.07832288
159,1.56804101687674,10,0.07835119
159,1.56804101687674,11,0.07820494
159,1.56804101687674,12,0.0782839
159,1.56804101687674,13,0.07840629
159,1.56804101687674,14,0.0784407
159,1.56804101687674,15,0.0784321
160,1.57719656971954,0,0.07871876
160,1.57719656971954,1,0.07854658
160,1.57719656971954,2,0.07892712
160,1.57719656971954,3,0.07836197
160,1.57719656971954,4,0.0782786
160,1.57719656971954,5,0.07867108
160,1.57719656971954,6,0.0785367
160,1.57719656971954,7,0.07827012
160,1.57719656971954,8,0.0785202
160,1.57719656971954,9,0.07853275
160,1.57719656971954,10,0.07863238
160,1.57719656971954,11,0.07868379
160,1.57719656971954,12,0.07850777
160,1.57719656971954,13,0.07852104
160,1.57719656971954,14,0.07852929
160,1.57719656971954,15,0.07863992
161,1.58635212256233,0,0.07876827
161,1.58635212256233,1,0.07850286
161,1.58635212256233,2,0.07875902
161,1.58635212256233,3,0.07856358
161,1.58635212256233,4,0.07846812
161,1.58635212256233,5,0.07843004
161,1.58635212256233,6,0.07841052
161,1.58635212256233,7,0.07826868
161,1.58635212256233,8,0.0783817
161,1.58635212256233,9,0.0784582
161,1.58635212256233,10,0.07829081
161,1.58635212256233,11,0.0780268
161,1.58635212256233,12,0.07844304
161,1.58635212256233,13,0.07829784
161,1.58635212256233,14,0.07805652
161,1.58635212256233,15,0.07802986
162,1.59672841578417,0,0.0783434
162,1.59672841578417,1,0.07838304
162,1.59672841578417,2,0.07833057
162,1.59672841578417,3,0.07842547
162,1.59672841578417,4,0.07832081
162,1.59672841578417,5,0.07852678
162,1.59672841578417,6,0.07824052
162,1.59672841578417,7,0.07851937
162,1.59672841578417,8,0.0783846
162,1.59672841578417,9,0.07849422
162,1.59672841578417,10,0.07860518
162,1.59672841578417,11,0.07852383
162,1.59672841578417,12,0.07837451
162,1.59672841578417,13,0.07838705
162,1.59672841578417,14,0.07840908
162,1.59672841578417,15,0.07861873
163,1.60771507919553,0,0.07834233
163,1.60771507919553,1,0.0785652
163,1.60771507919553,2,0.07832873
163,1.60771507919553,3,0.07860769
163,1.60771507919553,4,0.0783846
163,1.60771507919553,5,0.07862681
163,1.60771507919553,6,0.0787085
163,1.60771507919553,7,0.07848324
163,1.60771507919553,8,0.07839619
163,1.60771507919553,9,0.078342
163,1.60771507919553,10,0.07859893
163,1.60771507919553,11,0.07827978
163,1.60771507919553,12,0.07852667
163,1.60771507919553,13,0.07842954
163,1.60771507919553,14,0.07834607
163,1.60771507919553,15,0.07862916
164,1.61687063203833,0,0.07877775
164,1.61687063203833,1,0.07874759
164,1.61687063203833,2,0.07842497
164,1.61687063203833,3,0.07866199
164,1.61687063203833,4,0.07872562
164,1.61687063203833,5,0.07857345
164,1.61687063203833,6,0.07881705
164,1.61687063203833,7,0.07865001
164,1.61687063203833,8,0.07853442
164,1.61687063203833,9,0.07885777
164,1.61687063203833,10,0.07874892
164,1.61687063203833,11,0.07865386
164,1.61687063203833,12,0.07820416
164,1.61687063203833,13,0.0784083
164,1.61687063203833,14,0.07869741
164,1.61687063203833,15,0.07855974
165,1.62724692526017,0,0.07845647
165,1.62724692526017,1,0.07859932
165,1.62724692526017,2,0.07821889
165,1.62724692526017,3,0.07864058
165,1.62724692526017,4,0.0786771
165,1.62724692526017,5,0.07870621
165,1.62724692526017,6,0.07851652
165,1.62724692526017,7,0.07829238
165,1.62724692526017,8,0.0784737
165,1.62724692526017,9,0.07836922
165,1.62724692526017,10,0.07843005
165,1.62724692526017,11,0.07818822
165,1.62724692526017,12,0.07823166
165,1.62724692526017,13,0.07843199
165,1.62724692526017,14,0.07822931
165,1.62724692526017,15,0.07802602
166,1.63762321848201,0,0.07838048
166,1.63762321848201,1,0.07848547
166,1.63762321848201,2,0.07831468
166,1.63762321848201,3,0.07837607
166,1.63762321848201,4,0.0780709
166,1.63762321848201,5,0.07814456
166,1.63762321848201,6,0.07826371
166,1.63762321848201,7,0.07827839
166,1.63762321848201,8,0.07824531
166,1.63762321848201,9,0.07845357
166,1.63762321848201,10,0.07848608
166,1.63762321848201,11,0.07866116
166,1.63762321848201,12,0.07871207
166,1.63762321848201,13,0.07816954
166,1.63762321848201,14,0.07856866
166,1.63762321848201,15,0.07869768
167,1.64799951170385,0,0.07841666
167,1.64799951170385,1,0.07857607
167,1.64799951170385,2,0.0786282
167,1.64799951170385,3,0.07831473
167,1.64799951170385,4,0.0784359
167,1.64799951170385,5,0.07849907
167,1.64799951170385,6,0.07836916
167,1.64799951170385,7,0.07828005
167,1.64799951170385,8,0.07823121
167,1.64799951170385,9,0.07841543
167,1.64799951170385,10,0.07845246
167,1.64799951170385,11,0.07826237
167,1.64799951170385,12,0.07842017
167,1.64799951170385,13,0.07862414
167,1.64799951170385,14,0.07843612
167,1.64799951170385,15,0.07812008
168,1.65715506454665,0,0.0785071
168,1.65715506454665,1,0.07845597
168,1.65715506454665,2,0.07840635
168,1.65715506454665,3,0.07860936
168,1.65715506454665,4,0.07851607
168,1.65715506454665,5,0.07851262
168,1.65715506454665,6,0.07835354
168,1.65715506454665,7,0.07809483
168,1.65715506454665,8,0.07813732
168,1.65715506454665,9,0.07817049
168,1.65715506454665,10,0.07821253
168,1.65715506454665,11,0.0784132
168,1.65715506454665,12,0.07815627
168,1.65715506454665,13,0.07831658
168,1.65715506454665,14,0.07819524
168,1.65715506454665,15,0.07850771
169,1.66753135776849,0,0.07847543
169,1.66753135776849,1,0.07843561
169,1.66753135776849,2,0.0786965
169,1.66753135776849,3,0.07850191
169,1.66753135776849,4,0.07861076
169,1.66753135776849,5,0.07861331
169,1.66753135776849,6,0.07860439
169,1.66753135776849,7,0.07815527
169,1.66753135776849,8,0.07841136
169,1.66753135776849,9,0.07826672
169,1.66753135776849,10,0.07811395
169,1.66753135776849,11,0.07832884
169,1.66753135776849,12,0.07820015
169,1.66753135776849,13,0.07813247
169,1.66753135776849,14,0.07805089
169,1.66753135776849,15,0.07801587
170,1.67668691061129,0,0.07830632
170,1.67668691061129,1,0.07833475
170,1.67668691061129,2,0.07823668
170,1.67668691061129,3,0.07832918
170,1.67668691061129,4,0.0784044
170,1.67668691061129,5,0.07826149
170,1.67668691061129,6,0.07831133
170,1.67668691061129,7,0.07828122
170,1.67668691061129,8,0.07832115
170,1.67668691061129,9,0.07803065
170,1.67668691061129,10,0.07825731
170,1.67668691061129,11,0.07831775
170,1.67668691061129,12,0.0783328
170,1.67668691061129,13,0.07827581
170,1.67668691061129,14,0.07836703
170,1.67668691061129,15,0.07824554
171,1.68828394421216,0,0.07831223
171,1.68828394421216,1,0.07810581
171,1.68828394421216,2,0.07829065
171,1.68828394421216,3,0.07813586
171,1.68828394421216,4,0.07838126
171,1.68828394421216,5,0.0781173
171,1.68828394421216,6,0.07816057
171,1.68828394421216,7,0.07829639
171,1.68828394421216,8,0.07834367
171,1.68828394421216,9,0.0783909
171,1.68828394421216,10,0.07843211
171,1.68828394421216,11,0.07824498
171,1.68828394421216,12,0.07836843
171,1.68828394421216,13,0.07845692
171,1.68828394421216,14,0.07815437
171,1.68828394421216,15,0.07809761
172,1.69682912686544,0,0.07805724
172,1.69682912686544,1,0.07801397
172,1.69682912686544,2,0.07830526
172,1.69682912686544,3,0.07806605
172,1.69682912686544,4,0.07821911
172,1.69682912686544,5,0.07820021
172,1.69682912686544,6,0.07810971
172,1.69682912686544,7,0.07787664
172,1.69682912686544,8,0.07801158
172,1.69682912686544,9,0.07821861
172,1.69682912686544,10,0.07810793
172,1.69682912686544,11,0.07817562
172,1.69682912686544,12,0.07803673
172,1.69682912686544,13,0.07804409
172,1.69682912686544,14,0.07812922
172,1.69682912686544,15,0.07815019
173,1.70659504989776,0,0.07835165
173,1.70659504989776,1,0.07821777
173,1.70659504989776,2,0.0780675
173,1.70659504989776,3,0.07819524
173,1.70659504989776,4,0.07835421
173,1.70659504989776,5,0.07831714
173,1.70659504989776,6,0.07808094
173,1.70659504989776,7,0.07814116
173,1.70659504989776,8,0.07820194
173,1.70659504989776,9,0.07811941
173,1.70659504989776,10,0.0782539
173,1.70659504989776,11,0.07819369
173,1.70659504989776,12,0.07828207
173,1.70659504989776,13,0.07812611
173,1.70659504989776,14,0.07838265
173,1.70659504989776,15,0.07821476
174,1.7169713431196,0,0.07828105
174,1.7169713431196,1,0.07849137
174,1.7169713431196,2,0.07840451
174,1.7169713431196,3,0.07832867
174,1.7169713431196,4,0.07807074
174,1.7169713431196,5,0.0784665
174,1.7169713431196,6,0.07847688
174,1.7169713431196,7,0.07825245
174,1.7169713431196,8,0.07813686
174,1.7169713431196,9,0.07827598
174,1.7169713431196,10,0.07830676
174,1.7169713431196,11,0.07818582
174,1.7169713431196,12,0.07812176
174,1.7169713431196,13,0.07821789
174,1.7169713431196,14,0.07830922
174,1.7169713431196,15,0.07828937
175,1.72734763634144,0,0.07842748
175,1.72734763634144,1,0.0782379
175,1.72734763634144,2,0.07827877
175,1.72734763634144,3,0.07809003
175,1.72734763634144,4,0.07817695
175,1.72734763634144,5,0.07839374
175,1.72734763634144,6,0.07795326
175,1.72734763634144,7,0.07795393
175,1.72734763634144,8,0.07786009
175,1.72734763634144,9,0.07844242
175,1.72734763634144,10,0.07833698
175,1.72734763634144,11,0.07839843
175,1.72734763634144,12,0.07809265
175,1.72734763634144,13,0.07837317
175,1.72734763634144,14,0.07839001
175,1.72734763634144,15,0.07830855
176,1.73650318918424,0,0.0783783
176,1.73650318918424,1,0.07849438
176,1.73650318918424,2,0.07828992
176,1.73650318918424,3,0.0784379
176,1.73650318918424,4,0.07835421
176,1.73650318918424,5,0.07815862
176,1.73650318918424,6,0.07818794
176,1.73650318918424,7,0.07822865
176,1.73650318918424,8,0.07826962
176,1.73650318918424,9,0.0780651
176,1.73650318918424,10,0.0780617
176,1.73650318918424,11,0.07863021
176,1.73650318918424,12,0.07825307
176,1.73650318918424,13,0.07823561
176,1.73650318918424,14,0.07836408
176,1.73650318918424,15,0.07836988
177,1.74687948240608,0,0.07837016
177,1.74687948240608,1,0.07823528
177,1.74687948240608,2,0.07833085
177,1.74687948240608,3,0.07851145
177,1.74687948240608,4,0.078417
177,1.74687948240608,5,0.07851937
177,1.74687948240608,6,0.07818872
177,1.74687948240608,7,0.07872789
177,1.74687948240608,8,0.07839531
177,1.74687948240608,9,0.07828033
177,1.74687948240608,10,0.07813413
177,1.74687948240608,11,0.07810269
177,1.74687948240608,12,0.07807241
177,1.74687948240608,13,0.07848982
177,1.74687948240608,14,0.07819335
177,1.74687948240608,15,0.07844219
178,1.75725577562792,0,0.07816229
178,1.75725577562792,1,0.07833503
178,1.75725577562792,2,0.07826784
178,1.75725577562792,3,0.0783255
178,1.75725577562792,4,0.07824074
178,1.75725577562792,5,0.07845001
178,1.75725577562792,6,0.0783149
178,1.75725577562792,7,0.07800489
178,1.75725577562792,8,0.07848948
178,1.75725577562792,9,0.07828647
178,1.75725577562792,10,0.07831429
178,1.75725577562792,11,0.07849572
178,1.75725577562792,12,0.07839096
178,1.75725577562792,13,0.07831177
178,1.75725577562792,14,0.07829907
178,1.75725577562792,15,0.07814897
179,1.76763206884976,0,0.07818889
179,1.76763206884976,1,0.07845803
179,1.76763206884976,2,0.07840807
179,1.76763206884976,3,0.0784684
179,1.76763206884976,4,0.07816625
179,1.76763206884976,5,0.07842419
179,1.76763206884976,6,0.07826789
179,1.76763206884976,7,0.07838894
179,1.76763206884976,8,0.07842452
179,1.76763206884976,9,0.07847153
179,1.76763206884976,10,0.07839363
179,1.76763206884976,11,0.07844337
179,1.76763206884976,12,0.07844911
179,1.76763206884976,13,0.07830442
179,1.76763206884976,14,0.07802546
179,1.76763206884976,15,0.07795945
180,1.77739799188208,0,0.07847007
180,1.77739799188208,1,0.07846344
180,1.77739799188208,2,0.07846757
180,1.77739799188208,3,0.07839497
180,1.77739799188208,4,0.07829544
180,1.77739799188208,5,0.07858683
180,1.77739799188208,6,0.07856492
180,1.77739799188208,7,0.07827241
180,1.77739799188208,8,0.07852918
180,1.77739799188208,9,0.0786843
180,1.77739799188208,10,0.07825831
180,1.77739799188208,11,0.07857161
180,1.77739799188208,12,0.0781875
180,1.77739799188208,13,0.07831797
180,1.77739799188208,14,0.07834389
180,1.77739799188208,15,0.07844148
181,1.78655354472488,0,0.0781164
181,1.78655354472488,1,0.07813597
181,1.78655354472488,2,0.07824526
181,1.78655354472488,3,0.07838281
181,1.78655354472488,4,0.07845066
181,1.78655354472488,5,0.07852934
181,1.78655354472488,6,0.07824766
181,1.78655354472488,7,0.07832081
181,1.78655354472488,8,0.07827526
181,1.78655354472488,9,0.07826199
181,1.78655354472488,10,0.07829449
181,1.78655354472488,11,0.0783715
181,1.78655354472488,12,0.07848971
181,1.78655354472488,13,0.07833865
181,1.78655354472488,14,0.07858744
181,1.78655354472488,15,0.07846868
182,1.79754020813623,0,0.07818265
182,1.79754020813623,1,0.07852049
182,1.79754020813623,2,0.07827119
182,1.79754020813623,3,0.07830592
182,1.79754020813623,4,0.07853135
182,1.79754020813623,5,0.07837217
182,1.79754020813623,6,0.07831178
182,1.79754020813623,7,0.07842425
182,1.79754020813623,8,0.07848039
182,1.79754020813623,9,0.07835025
182,1.79754020813623,10,0.07850353
182,1.79754020813623,11,0.07842413
182,1.79754020813623,12,0.07857618
182,1.79754020813623,13,0.07863255
182,1.79754020813623,14,0.07856765
182,1.79754020813623,15,0.07843417
183,1.80730613116855,0,0.07838432
183,1.80730613116855,1,0.07813341
183,1.80730613116855,2,0.07827029
183,1.80730613116855,3,0.07838304
183,1.80730613116855,4,0.07851987
183,1.80730613116855,5,0.07864811
183,1.80730613116855,6,0.07863852
183,1.80730613116855,7,0.07856676
183,1.80730613116855,8,0.07855762
183,1.80730613116855,9,0.07852266
183,1.80730613116855,10,0.07833297
183,1.80730613116855,11,0.07819675
183,1.80730613116855,12,0.07859007
183,1.80730613116855,13,0.07861654
183,1.80730613116855,14,0.07863467
183,1.80730613116855,15,0.07871553
184,1.81768242439039,0,0.07838683
184,1.81768242439039,1,0.078494
184,1.81768242439039,2,0.07836787
184,1.81768242439039,3,0.0785047
184,1.81768242439039,4,0.07827944
184,1.81768242439039,5,0.07847381
184,1.81768242439039,6,0.07858131
184,1.81768242439039,7,0.07870019
184,1.81768242439039,8,0.07856642
184,1.81768242439039,9,0.07831133
184,1.81768242439039,10,0.07815164
184,1.81768242439039,11,0.0781043
184,1.81768242439039,12,0.07819591
184,1.81768242439039,13,0.07822753
184,1.81768242439039,14,0.07818019
184,1.81768242439039,15,0.07814991
185,1.82744834742271,0,0.07868987
185,1.82744834742271,1,0.07853927
185,1.82744834742271,2,0.0781832
185,1.82744834742271,3,0.0782195
185,1.82744834742271,4,0.07833152
185,1.82744834742271,5,0.07803349
185,1.82744834742271,6,0.07855839
185,1.82744834742271,7,0.0781813
185,1.82744834742271,8,0.07828747
185,1.82744834742271,9,0.07826962
185,1.82744834742271,10,0.07825864
185,1.82744834742271,11,0.07853749
185,1.82744834742271,12,0.07826544
185,1.82744834742271,13,0.078419
185,1.82744834742271,14,0.07823968
185,1.82744834742271,15,0.0784132
186,1.83721427045503,0,0.07878082
186,1.83721427045503,1,0.07849143
186,1.83721427045503,2,0.07853765
186,1.83721427045503,3,0.07858337
186,1.83721427045503,4,0.0784379
186,1.83721427045503,5,0.07855996
186,1.83721427045503,6,0.07851057
186,1.83721427045503,7,0.07824816
186,1.83721427045503,8,0.07878722
186,1.83721427045503,9,0.07856743
186,1.83721427045503,10,0.07867175
186,1.83721427045503,11,0.07851741
186,1.83721427045503,12,0.07859754
186,1.83721427045503,13,0.07847548
186,1.83721427045503,14,0.07853553
186,1.83721427045503,15,0.07830157
187,1.84759056367687,0,0.07860333
187,1.84759056367687,1,0.07855282
187,1.84759056367687,2,0.07823773
187,1.84759056367687,3,0.07847108
187,1.84759056367687,4,0.07858901
187,1.84759056367687,5,0.07857072
187,1.84759056367687,6,0.07847086
187,1.84759056367687,7,0.07862931
187,1.84759056367687,8,0.07833263
187,1.84759056367687,9,0.07822993
187,1.84759056367687,10,0.07833029
187,1.84759056367687,11,0.07847616
187,1.84759056367687,12,0.07844443
187,1.84759056367687,13,0.07852662
187,1.84759056367687,14,0.07817679
187,1.84759056367687,15,0.07822301
188,1.85735648670919,0,0.07798743
188,1.85735648670919,1,0.07783008
188,1.85735648670919,2,0.0780544
188,1.85735648670919,3,0.0780273
188,1.85735648670919,4,0.07825235
188,1.85735648670919,5,0.07857244
188,1.85735648670919,6,0.0784171
188,1.85735648670919,7,0.0784054
188,1.85735648670919,8,0.07844532
188,1.85735648670919,9,0.07845558
188,1.85735648670919,10,0.07854106
188,1.85735648670919,11,0.07815237
188,1.85735648670919,12,0.07827091
188,1.85735648670919,13,0.07841343
188,1.85735648670919,14,0.07846858
188,1.85735648670919,15,0.07799223
189,1.86712240974151,0,0.07826377
189,1.86712240974151,1,0.07826187
189,1.86712240974151,2,0.07820801
189,1.86712240974151,3,0.07858856
189,1.86712240974151,4,0.07868407
189,1.86712240974151,5,0.07831067
189,1.86712240974151,6,0.07860685
189,1.86712240974151,7,0.07839318
189,1.86712240974151,8,0.07854456
189,1.86712240974151,9,0.07853776
189,1.86712240974151,10,0.0785303
189,1.86712240974151,11,0.07861544
189,1.86712240974151,12,0.07805095
189,1.86712240974151,13,0.07841794
189,1.86712240974151,14,0.07853676
189,1.86712240974151,15,0.07834964
190,1.87810907315287,0,0.07849395
190,1.87810907315287,1,0.07841866
190,1.87810907315287,2,0.07840578
190,1.87810907315287,3,0.07820032
190,1.87810907315287,4,0.07815259
190,1.87810907315287,5,0.07808596
190,1.87810907315287,6,0.07814395
190,1.87810907315287,7,0.07842681
190,1.87810907315287,8,0.07833843
190,1.87810907315287,9,0.07819636
190,1.87810907315287,10,0.07813793
190,1.87810907315287,11,0.07825078
190,1.87810907315287,12,0.07826773
190,1.87810907315287,13,0.07836018
190,1.87810907315287,14,0.0781532
190,1.87810907315287,15,0.07808669
191,1.88787499618519,0,0.07831652
191,1.88787499618519,1,0.07826667
191,1.88787499618519,2,0.07818755
191,1.88787499618519,3,0.07797746
191,1.88787499618519,4,0.07782702
191,1.88787499618519,5,0.07814735
191,1.88787499618519,6,0.07785284
191,1.88787499618519,7,0.07792253
191,1.88787499618519,8,0.07793625
191,1.88787499618519,9,0.07789644
191,1.88787499618519,10,0.07775643
191,1.88787499618519,11,0.07809801
191,1.88787499618519,12,0.07821604
191,1.88787499618519,13,0.07794751
191,1.88787499618519,14,0.07791707
191,1.88787499618519,15,0.0778922
192,1.89703054902799,0,0.07822842
192,1.89703054902799,1,0.07818259
192,1.89703054902799,2,0.07812895
192,1.89703054902799,3,0.07835566
192,1.89703054902799,4,0.07843166
192,1.89703054902799,5,0.07817361
192,1.89703054902799,6,0.07857028
192,1.89703054902799,7,0.07837323
192,1.89703054902799,8,0.07839274
192,1.89703054902799,9,0.07843523
192,1.89703054902799,10,0.07838175
192,1.89703054902799,11,0.07824041
192,1.89703054902799,12,0.07821102
192,1.89703054902799,13,0.07829138
192,1.89703054902799,14,0.07841599
192,1.89703054902799,15,0.07833993
193,1.90801721243934,0,0.07809148
193,1.90801721243934,1,0.07808623
193,1.90801721243934,2,0.07819329
193,1.90801721243934,3,0.07826634
193,1.90801721243934,4,0.07834763
193,1.90801721243934,5,0.07822575
193,1.90801721243934,6,0.07837892
193,1.90801721243934,7,0.07839207
193,1.90801721243934,8,0.07798426
193,1.90801721243934,9,0.07819597
193,1.90801721243934,10,0.07807609
193,1.90801721243934,11,0.07780109
193,1.90801721243934,12,0.07794127
193,1.90801721243934,13,0.07794623
193,1.90801721243934,14,0.07823311
193,1.90801721243934,15,0.07810603
194,1.91717276528214,0,0.07790915
194,1.91717276528214,1,0.07815147
194,1.91717276528214,2,0.07809132
194,1.91717276528214,3,0.07791568
194,1.91717276528214,4,0.07807397
194,1.91717276528214,5,0.07820974
194,1.91717276528214,6,0.07808607
194,1.91717276528214,7,0.07824744
194,1.91717276528214,8,0.07811195
194,1.91717276528214,9,0.07817869
194,1.91717276528214,10,0.07790887
194,1.91717276528214,11,0.07837167
194,1.91717276528214,12,0.07819859
194,1.91717276528214,13,0.0782083
194,1.91717276528214,14,0.07819508
194,1.91717276528214,15,0.07842798
195,1.92754905850398,0,0.07813285
195,1.92754905850398,1,0.077792
195,1.92754905850398,2,0.07801297
195,1.92754905850398,3,0.07796781
195,1.92754905850398,4,0.07805892
195,1.92754905850398,5,0.07804961
195,1.92754905850398,6,0.07812744
195,1.92754905850398,7,0.07812404
195,1.92754905850398,8,0.0779813
195,1.92754905850398,9,0.07813319
195,1.92754905850398,10,0.07801269
195,1.92754905850398,11,0.0781483
195,1.92754905850398,12,0.07813447
195,1.92754905850398,13,0.07812962
195,1.92754905850398,14,0.07800901
195,1.92754905850398,15,0.07803171
196,1.93792535172582,0,0.07801504
196,1.93792535172582,1,0.07837974
196,1.93792535172582,2,0.07814712
196,1.93792535172582,3,0.07826149
196,1.93792535172582,4,0.0781866
196,1.93792535172582,5,0.07830314
196,1.93792535172582,6,0.07827241
196,1.93792535172582,7,0.0779154
196,1.93792535172582,8,0.07847047
196,1.93792535172582,9,0.07848501
196,1.93792535172582,10,0.07820946
196,1.93792535172582,11,0.07818332
196,1.93792535172582,12,0.07831144
196,1.93792535172582,13,0.07857284
196,1.93792535172582,14,0.07841917
196,1.93792535172582,15,0.07807592
197,1.94708090456862,0,0.07840037
197,1.94708090456862,1,0.07838822
197,1.94708090456862,2,0.07832617
197,1.94708090456862,3,0.07837623
197,1.94708090456862,4,0.07842375
197,1.94708090456862,5,0.07818694
197,1.94708090456862,6,0.07836197
197,1.94708090456862,7,0.07821532
197,1.94708090456862,8,0.07816575
197,1.94708090456862,9,0.07832047
197,1.94708090456862,10,0.07824358
197,1.94708090456862,11,0.07841912
197,1.94708090456862,12,0.07808021
197,1.94708090456862,13,0.07819068
197,1.94708090456862,14,0.07828262
197,1.94708090456862,15,0.07821448
198,1.95623645741142,0,0.07789142
198,1.95623645741142,1,0.07781793
198,1.95623645741142,2,0.07791612
198,1.95623645741142,3,0.07820138
198,1.95623645741142,4,0.07795632
198,1.95623645741142,5,0.07795883
198,1.95623645741142,6,0.07803617
198,1.95623645741142,7,0.0781498
198,1.95623645741142,8,0.07798253
198,1.95623645741142,9,0.07795866
198,1.95623645741142,10,0.07805976
198,1.95623645741142,11,0.07809449
198,1.95623645741142,12,0.07819257
198,1.95623645741142,13,0.07806985
198,1.95623645741142,14,0.07817194
198,1.95623645741142,15,0.07812839
199,1.96722312082278,0,0.07826338
199,1.96722312082278,1,0.07811506
199,1.96722312082278,2,0.077898
199,1.96722312082278,3,0.07787285
199,1.96722312082278,4,0.07819518
199,1.96722312082278,5,0.07823444
199,1.96722312082278,6,0.07783522
199,1.96722312082278,7,0.07813112
199,1.96722312082278,8,0.07812298
199,1.96722312082278,9,0.07796151
199,1.96722312082278,10,0.07820634
199,1.96722312082278,11,0.07830442
199,1.96722312082278,12,0.07792978
199,1.96722312082278,13,0.07822887
199,1.96722312082278,14,0.07805926
199,1.96722312082278,15,0.0781982
200,1.97637867366558,0,0.07784074
200,1.97637867366558,1,0.07799039
200,1.97637867366558,2,0.07799836
200,1.97637867366558,3,0.07828072
200,1.97637867366558,4,0.07814746
200,1.97637867366558,5,0.07770625
200,1.97637867366558,6,0.07767346
200,1.97637867366558,7,0.07785261
200,1.97637867366558,8,0.07814924
200,1.97637867366558,9,0.07797339
200,1.97637867366558,10,0.07811741
200,1.97637867366558,11,0.07812488
200,1.97637867366558,12,0.07802825
200,1.97637867366558,13,0.07819608
200,1.97637867366558,14,0.07839759
200,1.97637867366558,15,0.07814211
