position,voltage_mean,voltage_std,n_samples
0.0,0.2093468875,0.0004897583739393839,16
0.997955259865108,0.2090454625,0.0017420021128270024,16
1.99652088991974,0.213864525,0.001025907311541836,16
2.99447614978484,0.21429989375,9.865638264166141e-05,16
3.96069215979492,0.21508913125,0.0003588826822910783,16
4.95376445814386,0.21784016875,0.00031820377063830906,16
