position,voltage_mean,voltage_std,n_samples
0.0,-4.0992098709677425,0.0008866725671944964,31
0.994293038727989,-4.100456,0.0006225637938551625,31
1.9922482985931,-4.099515096774194,0.0009056714976207661,31
2.9871517075106,-4.098756096774194,0.0010064234776877752,31
3.95764030884732,-4.100163258064517,0.0008275641664135145,31
4.9519333475753,-4.100333516129032,0.0011002836839760029,31
5.92120120853298,-4.0993546451612906,0.0008748742784661187,31
6.91610461745048,-4.0913543548387095,0.0009753511377096663,31
7.88415173802912,-4.084303419354838,0.0008635849426512096,31
