pos_index,position,sample_index,voltage
0,-0.00389110995818964,0,0.04831965
0,-0.00389110995818964,1,0.04818499
0,-0.00389110995818964,2,0.04834349
0,-0.00389110995818964,3,0.04827646
0,-0.00389110995818964,4,0.04836585
0,-0.00389110995818964,5,0.04832983
0,-0.00389110995818964,6,0.04854153
0,-0.00389110995818964,7,0.04850723
0,-0.00389110995818964,8,0.04862441
0,-0.00389110995818964,9,0.04850927
0,-0.00389110995818964,10,0.0486666
0,-0.00389110995818964,11,0.04850477
0,-0.00389110995818964,12,0.04821213
0,-0.00389110995818964,13,0.04818101
0,-0.00389110995818964,14,0.04816589
0,-0.00389110995818964,15,0.04837544
0,-0.00389110995818964,16,0.04817011
0,-0.00389110995818964,17,0.04826428
0,-0.00389110995818964,18,0.04865279
0,-0.00389110995818964,19,0.04836765
0,-0.00389110995818964,20,0.04839873
0,-0.00389110995818964,21,0.04853114
0,-0.00389110995818964,22,0.04874665
0,-0.00389110995818964,23,0.0486177
1,0.0119022186956389,0,0.04872796
1,0.0119022186956389,1,0.04846906
1,0.0119022186956389,2,0.04858018
1,0.0119022186956389,3,0.04849816
1,0.0119022186956389,4,0.04861877
1,0.0119022186956389,5,0.04853838
1,0.0119022186956389,6,0.04879714
1,0.0119022186956389,7,0.04835478
1,0.0119022186956389,8,0.04869598
1,0.0119022186956389,9,0.04857119
1,0.0119022186956389,10,0.04857755
1,0.0119022186956389,11,0.0486287
1,0.0119022186956389,12,0.04867276
1,0.0119022186956389,13,0.04846615
1,0.0119022186956389,14,0.04844504
1,0.0119022186956389,15,0.04862386
1,0.0119022186956389,16,0.04853834
1,0.0119022186956389,17,0.04834049
1,0.0119022186956389,18,0.04864175
1,0.0119022186956389,19,0.04879011
1,0.0119022186956389,20,0.04847601
1,0.0119022186956389,21,0.04825341
1,0.0119022186956389,22,0.0484178
1,0.0119022186956389,23,0.04852619
2,0.0276955473494675,0,0.04868875
2,0.0276955473494675,1,0.04855347
2,0.0276955473494675,2,0.04846615
2,0.0276955473494675,3,0.04847781
2,0.0276955473494675,4,0.04826155
2,0.0276955473494675,5,0.04874426
2,0.0276955473494675,6,0.04854239
2,0.0276955473494675,7,0.04860953
2,0.0276955473494675,8,0.04888033
2,0.0276955473494675,9,0.0486619
2,0.0276955473494675,10,0.04851031
2,0.0276955473494675,11,0.04888743
2,0.0276955473494675,12,0.04859008
2,0.0276955473494675,13,0.04863649
2,0.0276955473494675,14,0.04851916
2,0.0276955473494675,15,0.04860551
2,0.0276955473494675,16,0.04855284
2,0.0276955473494675,17,0.04864936
2,0.0276955473494675,18,0.04858305
2,0.0276955473494675,19,0.04854519
2,0.0276955473494675,20,0.04881711
2,0.0276955473494675,21,0.04875893
2,0.0276955473494675,22,0.04849432
2,0.0276955473494675,23,0.04828858
3,0.043488876003296,0,0.04872211
3,0.043488876003296,1,0.04848508
3,0.043488876003296,2,0.04839479
3,0.043488876003296,3,0.04863469
3,0.043488876003296,4,0.04848712
3,0.043488876003296,5,0.04829944
3,0.043488876003296,6,0.04827224
3,0.043488876003296,7,0.04842787
3,0.043488876003296,8,0.04855122
3,0.043488876003296,9,0.04874589
3,0.043488876003296,10,0.04869283
3,0.043488876003296,11,0.04869979
3,0.043488876003296,12,0.0483426
3,0.043488876003296,13,0.04830955
3,0.043488876003296,14,0.04843161
3,0.043488876003296,15,0.04865798
3,0.043488876003296,16,0.04878444
3,0.043488876003296,17,0.0487961
3,0.043488876003296,18,0.04867636
3,0.043488876003296,19,0.04850526
3,0.043488876003296,20,0.04853613
3,0.043488876003296,21,0.04865082
3,0.043488876003296,22,0.04847213
3,0.043488876003296,23,0.04846106
4,0.0592822046571246,0,0.04874907
4,0.0592822046571246,1,0.04862157
4,0.0592822046571246,2,0.04839544
4,0.0592822046571246,3,0.04865573
4,0.0592822046571246,4,0.04876831
4,0.0592822046571246,5,0.04879686
4,0.0592822046571246,6,0.04858562
4,0.0592822046571246,7,0.04864864
4,0.0592822046571246,8,0.04861856
4,0.0592822046571246,9,0.04850491
4,0.0592822046571246,10,0.04820289
4,0.0592822046571246,11,0.04826331
4,0.0592822046571246,12,0.04819776
4,0.0592822046571246,13,0.0485996
4,0.0592822046571246,14,0.04830823
4,0.0592822046571246,15,0.04867902
4,0.0592822046571246,16,0.04841413
4,0.0592822046571246,17,0.04865954
4,0.0592822046571246,18,0.0485816
4,0.0592822046571246,19,0.04851709
4,0.0592822046571246,20,0.04839171
4,0.0592822046571246,21,0.04861334
4,0.0592822046571246,22,0.04858641
4,0.0592822046571246,23,0.04844095
5,0.0748466444898831,0,0.04835672
5,0.0748466444898831,1,0.04844857
5,0.0748466444898831,2,0.04837676
5,0.0748466444898831,3,0.04866348
5,0.0748466444898831,4,0.04860237
5,0.0748466444898831,5,0.04841285
5,0.0748466444898831,6,0.04845621
5,0.0748466444898831,7,0.04869007
5,0.0748466444898831,8,0.04848798
5,0.0748466444898831,9,0.04836869
5,0.0748466444898831,10,0.04850529
5,0.0748466444898831,11,0.04829376
5,0.0748466444898831,12,0.04848103
5,0.0748466444898831,13,0.048159
5,0.0748466444898831,14,0.04840669
5,0.0748466444898831,15,0.04811
5,0.0748466444898831,16,0.04843888
5,0.0748466444898831,17,0.04837478
5,0.0748466444898831,18,0.04842016
5,0.0748466444898831,19,0.04856219
5,0.0748466444898831,20,0.04890349
5,0.0748466444898831,21,0.0487099
5,0.0748466444898831,22,0.0485291
5,0.0748466444898831,23,0.04845583
6,0.0908688619647816,0,0.04880577
6,0.0908688619647816,1,0.04843981
6,0.0908688619647816,2,0.04833145
6,0.0908688619647816,3,0.04836859
6,0.0908688619647816,4,0.04838067
6,0.0908688619647816,5,0.04840278
6,0.0908688619647816,6,0.04832176
6,0.0908688619647816,7,0.04848854
6,0.0908688619647816,8,0.04837008
6,0.0908688619647816,9,0.04852644
6,0.0908688619647816,10,0.04836056
6,0.0908688619647816,11,0.04874101
6,0.0908688619647816,12,0.04867608
6,0.0908688619647816,13,0.04826041
6,0.0908688619647816,14,0.04846334
6,0.0908688619647816,15,0.04846678
6,0.0908688619647816,16,0.04862694
6,0.0908688619647816,17,0.04873807
6,0.0908688619647816,18,0.04855523
6,0.0908688619647816,19,0.04844915
6,0.0908688619647816,20,0.04834955
6,0.0908688619647816,21,0.04848944
6,0.0908688619647816,22,0.04864178
6,0.0908688619647816,23,0.04881929
7,0.10666219061861,0,0.04860153
7,0.10666219061861,1,0.04820912
7,0.10666219061861,2,0.0484964
7,0.10666219061861,3,0.04870879
7,0.10666219061861,4,0.04867141
7,0.10666219061861,5,0.04877205
7,0.10666219061861,6,0.04833928
7,0.10666219061861,7,0.04828965
7,0.10666219061861,8,0.04863853
7,0.10666219061861,9,0.0486858
7,0.10666219061861,10,0.04856035
7,0.10666219061861,11,0.04842905
7,0.10666219061861,12,0.04844092
7,0.10666219061861,13,0.04883033
7,0.10666219061861,14,0.04859157
7,0.10666219061861,15,0.04840368
7,0.10666219061861,16,0.04877118
7,0.10666219061861,17,0.04856942
7,0.10666219061861,18,0.04829169
7,0.10666219061861,19,0.04848394
7,0.10666219061861,20,0.04840326
7,0.10666219061861,21,0.04844749
7,0.10666219061861,22,0.0484088
7,0.10666219061861,23,0.04885044
8,0.122684408093509,0,0.04837762
8,0.122684408093509,1,0.04846293
8,0.122684408093509,2,0.04844905
8,0.122684408093509,3,0.04847726
8,0.122684408093509,4,0.04829235
8,0.122684408093509,5,0.04841576
8,0.122684408093509,6,0.04869913
8,0.122684408093509,7,0.04836361
8,0.122684408093509,8,0.04817897
8,0.122684408093509,9,0.04854716
8,0.122684408093509,10,0.04885823
8,0.122684408093509,11,0.04866653
8,0.122684408093509,12,0.04871893
8,0.122684408093509,13,0.04866885
8,0.122684408093509,14,0.04858143
8,0.122684408093509,15,0.04864075
8,0.122684408093509,16,0.04844902
8,0.122684408093509,17,0.0486819
8,0.122684408093509,18,0.04855017
8,0.122684408093509,19,0.04849245
8,0.122684408093509,20,0.04849827
8,0.122684408093509,21,0.04842887
8,0.122684408093509,22,0.04824026
8,0.122684408093509,23,0.04825117
9,0.138477736747337,0,0.04832367
9,0.138477736747337,1,0.04827913
9,0.138477736747337,2,0.04828335
9,0.138477736747337,3,0.04836557
9,0.138477736747337,4,0.04848802
9,0.138477736747337,5,0.04845282
9,0.138477736747337,6,0.04842379
9,0.138477736747337,7,0.04850006
9,0.138477736747337,8,0.04839188
9,0.138477736747337,9,0.04867255
9,0.138477736747337,10,0.0484169
9,0.138477736747337,11,0.04849979
9,0.138477736747337,12,0.04870484
9,0.138477736747337,13,0.04848228
9,0.138477736747337,14,0.04851522
9,0.138477736747337,15,0.04878012
9,0.138477736747337,16,0.04854128
9,0.138477736747337,17,0.0486187
9,0.138477736747337,18,0.04905521
9,0.138477736747337,19,0.04862445
9,0.138477736747337,20,0.0485733
9,0.138477736747337,21,0.04851841
9,0.138477736747337,22,0.04881804
9,0.138477736747337,23,0.04860559
10,0.154042176580096,0,0.048482
10,0.154042176580096,1,0.04862126
10,0.154042176580096,2,0.04864161
10,0.154042176580096,3,0.04829633
10,0.154042176580096,4,0.04814246
10,0.154042176580096,5,0.04846805
10,0.154042176580096,6,0.04815907
10,0.154042176580096,7,0.04846559
10,0.154042176580096,8,0.04852876
10,0.154042176580096,9,0.0486901
10,0.154042176580096,10,0.04830761
10,0.154042176580096,11,0.04841874
10,0.154042176580096,12,0.04845708
10,0.154042176580096,13,0.04831328
10,0.154042176580096,14,0.04832326
10,0.154042176580096,15,0.04815519
10,0.154042176580096,16,0.04857336
10,0.154042176580096,17,0.04846833
10,0.154042176580096,18,0.04831886
10,0.154042176580096,19,0.04825674
10,0.154042176580096,20,0.0482332
10,0.154042176580096,21,0.04874415
10,0.154042176580096,22,0.04840527
10,0.154042176580096,23,0.04850512
11,0.169835505233924,0,0.0483726
11,0.169835505233924,1,0.04817451
11,0.169835505233924,2,0.04782351
11,0.169835505233924,3,0.04816734
11,0.169835505233924,4,0.0481056
11,0.169835505233924,5,0.04832844
11,0.169835505233924,6,0.04835305
11,0.169835505233924,7,0.04850934
11,0.169835505233924,8,0.04849837
11,0.169835505233924,9,0.04842912
11,0.169835505233924,10,0.04857576
11,0.169835505233924,11,0.04820915
11,0.169835505233924,12,0.04830235
11,0.169835505233924,13,0.04809969
11,0.169835505233924,14,0.04844085
11,0.169835505233924,15,0.04837679
11,0.169835505233924,16,0.04830232
11,0.169835505233924,17,0.04856921
11,0.169835505233924,18,0.04848113
11,0.169835505233924,19,0.04816558
11,0.169835505233924,20,0.04822915
11,0.169835505233924,21,0.0483146
11,0.169835505233924,22,0.04815398
11,0.169835505233924,23,0.04848117
12,0.185628833887753,0,0.04834969
12,0.185628833887753,1,0.04839347
12,0.185628833887753,2,0.04822196
12,0.185628833887753,3,0.04847487
12,0.185628833887753,4,0.04843026
12,0.185628833887753,5,0.04887137
12,0.185628833887753,6,0.04889259
12,0.185628833887753,7,0.04875876
12,0.185628833887753,8,0.04846719
12,0.185628833887753,9,0.04851128
12,0.185628833887753,10,0.04871771
12,0.185628833887753,11,0.04892879
12,0.185628833887753,12,0.04855738
12,0.185628833887753,13,0.04870477
12,0.185628833887753,14,0.04825314
12,0.185628833887753,15,0.04873796
12,0.185628833887753,16,0.04889951
12,0.185628833887753,17,0.04878769
12,0.185628833887753,18,0.04857239
12,0.185628833887753,19,0.04849941
12,0.185628833887753,20,0.04841403
12,0.185628833887753,21,0.04856129
12,0.185628833887753,22,0.04836627
12,0.185628833887753,23,0.04850608
13,0.201422162541582,0,0.04874219
13,0.201422162541582,1,0.04873706
13,0.201422162541582,2,0.04875222
13,0.201422162541582,3,0.04868602
13,0.201422162541582,4,0.04854353
13,0.201422162541582,5,0.04873173
13,0.201422162541582,6,0.04894586
13,0.201422162541582,7,0.04871685
13,0.201422162541582,8,0.04879402
13,0.201422162541582,9,0.04909121
13,0.201422162541582,10,0.04890363
13,0.201422162541582,11,0.04867664
13,0.201422162541582,12,0.04878001
13,0.201422162541582,13,0.04867767
13,0.201422162541582,14,0.04872398
13,0.201422162541582,15,0.04854499
13,0.201422162541582,16,0.04861264
13,0.201422162541582,17,0.04866809
13,0.201422162541582,18,0.04855627
13,0.201422162541582,19,0.04877029
13,0.201422162541582,20,0.04888815
13,0.201422162541582,21,0.04871308
13,0.201422162541582,22,0.048777
13,0.201422162541582,23,0.04861676
14,0.21721549119541,0,0.04852844
14,0.21721549119541,1,0.04871588
14,0.21721549119541,2,0.0486395
14,0.21721549119541,3,0.04903532
14,0.21721549119541,4,0.04880431
14,0.21721549119541,5,0.0486295
14,0.21721549119541,6,0.04852325
14,0.21721549119541,7,0.04861023
14,0.21721549119541,8,0.04869642
14,0.21721549119541,9,0.04861358
14,0.21721549119541,10,0.04872208
14,0.21721549119541,11,0.04857925
14,0.21721549119541,12,0.04897122
14,0.21721549119541,13,0.0486277
14,0.21721549119541,14,0.04885507
14,0.21721549119541,15,0.04872287
14,0.21721549119541,16,0.0488648
14,0.21721549119541,17,0.04859534
14,0.21721549119541,18,0.04874232
14,0.21721549119541,19,0.04855008
14,0.21721549119541,20,0.04891561
14,0.21721549119541,21,0.04868141
14,0.21721549119541,22,0.04879292
14,0.21721549119541,23,0.04859348
15,0.233008819849239,0,0.04850505
15,0.233008819849239,1,0.04839873
15,0.233008819849239,2,0.04857652
15,0.233008819849239,3,0.04838485
15,0.233008819849239,4,0.04853246
15,0.233008819849239,5,0.04821524
15,0.233008819849239,6,0.04868124
15,0.233008819849239,7,0.04861126
15,0.233008819849239,8,0.04833045
15,0.233008819849239,9,0.04821406
15,0.233008819849239,10,0.04812952
15,0.233008819849239,11,0.04831623
15,0.233008819849239,12,0.04841483
15,0.233008819849239,13,0.04865594
15,0.233008819849239,14,0.04876046
15,0.233008819849239,15,0.04862043
15,0.233008819849239,16,0.0487209
15,0.233008819849239,17,0.04854928
15,0.233008819849239,18,0.0486495
15,0.233008819849239,19,0.04825006
15,0.233008819849239,20,0.04862742
15,0.233008819849239,21,0.04869107
15,0.233008819849239,22,0.04848847
15,0.233008819849239,23,0.04843974
16,0.248802148503067,0,0.04900109
16,0.248802148503067,1,0.04889363
16,0.248802148503067,2,0.04876118
16,0.248802148503067,3,0.04882707
16,0.248802148503067,4,0.04854813
16,0.248802148503067,5,0.04833917
16,0.248802148503067,6,0.04865663
16,0.248802148503067,7,0.048929
16,0.248802148503067,8,0.04888259
16,0.248802148503067,9,0.0488186
16,0.248802148503067,10,0.04863466
16,0.248802148503067,11,0.04863597
16,0.248802148503067,12,0.04834689
16,0.248802148503067,13,0.04838281
16,0.248802148503067,14,0.04812834
16,0.248802148503067,15,0.04826431
16,0.248802148503067,16,0.04846902
16,0.248802148503067,17,0.04863867
16,0.248802148503067,18,0.04850633
16,0.248802148503067,19,0.04872184
16,0.248802148503067,20,0.04866373
16,0.248802148503067,21,0.0487933
16,0.248802148503067,22,0.04879524
16,0.248802148503067,23,0.0489047
17,0.264824365977966,0,0.04880787
17,0.264824365977966,1,0.04907117
17,0.264824365977966,2,0.04870591
17,0.264824365977966,3,0.04890671
17,0.264824365977966,4,0.04850979
17,0.264824365977966,5,0.04873198
17,0.264824365977966,6,0.04877205
17,0.264824365977966,7,0.04865874
17,0.264824365977966,8,0.04872415
17,0.264824365977966,9,0.04897073
17,0.264824365977966,10,0.04864341
17,0.264824365977966,11,0.04883005
17,0.264824365977966,12,0.04855516
17,0.264824365977966,13,0.0485859
17,0.264824365977966,14,0.04840749
17,0.264824365977966,15,0.04845829
17,0.264824365977966,16,0.0485064
17,0.264824365977966,17,0.04881435
17,0.264824365977966,18,0.04900357
17,0.264824365977966,19,0.04893633
17,0.264824365977966,20,0.04911239
17,0.264824365977966,21,0.04905615
17,0.264824365977966,22,0.04887584
17,0.264824365977966,23,0.0488204
18,0.280617694631794,0,0.04868065
18,0.280617694631794,1,0.04851021
18,0.280617694631794,2,0.0483236
18,0.280617694631794,3,0.04877675
18,0.280617694631794,4,0.0487409
18,0.280617694631794,5,0.04843199
18,0.280617694631794,6,0.04855219
18,0.280617694631794,7,0.04873599
18,0.280617694631794,8,0.04868079
18,0.280617694631794,9,0.04854187
18,0.280617694631794,10,0.04861369
18,0.280617694631794,11,0.04856655
18,0.280617694631794,12,0.04839787
18,0.280617694631794,13,0.04860638
18,0.280617694631794,14,0.04874329
18,0.280617694631794,15,0.04832315
18,0.280617694631794,16,0.04816717
18,0.280617694631794,17,0.04849408
18,0.280617694631794,18,0.04847798
18,0.280617694631794,19,0.0484812
18,0.280617694631794,20,0.04860697
18,0.280617694631794,21,0.04841071
18,0.280617694631794,22,0.04843701
18,0.280617694631794,23,0.04837641
19,0.296411023285623,0,0.04875966
19,0.296411023285623,1,0.04866556
19,0.296411023285623,2,0.04872291
19,0.296411023285623,3,0.04857132
19,0.296411023285623,4,0.0485
19,0.296411023285623,5,0.0488061
19,0.296411023285623,6,0.04858839
19,0.296411023285623,7,0.04889477
19,0.296411023285623,8,0.0486377
19,0.296411023285623,9,0.04840863
19,0.296411023285623,10,0.04838641
19,0.296411023285623,11,0.04833654
19,0.296411023285623,12,0.04878202
19,0.296411023285623,13,0.04906382
19,0.296411023285623,14,0.04899528
19,0.296411023285623,15,0.04879108
19,0.296411023285623,16,0.04875302
19,0.296411023285623,17,0.04859738
19,0.296411023285623,18,0.04844995
19,0.296411023285623,19,0.04854142
19,0.296411023285623,20,0.04847573
19,0.296411023285623,21,0.04837246
19,0.296411023285623,22,0.04835983
19,0.296411023285623,23,0.04883154
20,0.312204351939451,0,0.04865971
20,0.312204351939451,1,0.04842171
20,0.312204351939451,2,0.04879596
20,0.312204351939451,3,0.04881326
20,0.312204351939451,4,0.04883334
20,0.312204351939451,5,0.04881839
20,0.312204351939451,6,0.04863656
20,0.312204351939451,7,0.04843307
20,0.312204351939451,8,0.0487599
20,0.312204351939451,9,0.04870598
20,0.312204351939451,10,0.04883012
20,0.312204351939451,11,0.04873613
20,0.312204351939451,12,0.04841354
20,0.312204351939451,13,0.04866061
20,0.312204351939451,14,0.04852969
20,0.312204351939451,15,0.04868269
20,0.312204351939451,16,0.04868986
20,0.312204351939451,17,0.04861451
20,0.312204351939451,18,0.0487653
20,0.312204351939451,19,0.04855551
20,0.312204351939451,20,0.04852042
20,0.312204351939451,21,0.04846109
20,0.312204351939451,22,0.04887162
20,0.312204351939451,23,0.04877811
21,0.32776879177221,0,0.0488124
21,0.32776879177221,1,0.04838683
21,0.32776879177221,2,0.04833315
21,0.32776879177221,3,0.04819001
21,0.32776879177221,4,0.04847497
21,0.32776879177221,5,0.04811564
21,0.32776879177221,6,0.04817634
21,0.32776879177221,7,0.04822912
21,0.32776879177221,8,0.04837323
21,0.32776879177221,9,0.04820029
21,0.32776879177221,10,0.0486757
21,0.32776879177221,11,0.04844099
21,0.32776879177221,12,0.04807456
21,0.32776879177221,13,0.04813481
21,0.32776879177221,14,0.04815402
21,0.32776879177221,15,0.0479392
21,0.32776879177221,16,0.04804833
21,0.32776879177221,17,0.04837395
21,0.32776879177221,18,0.04845116
21,0.32776879177221,19,0.04836353
21,0.32776879177221,20,0.04814329
21,0.32776879177221,21,0.0481598
21,0.32776879177221,22,0.04852893
21,0.32776879177221,23,0.04845168
22,0.343104342783898,0,0.04840102
22,0.343104342783898,1,0.04869685
22,0.343104342783898,2,0.04841282
22,0.343104342783898,3,0.04855942
22,0.343104342783898,4,0.04838655
22,0.343104342783898,5,0.04815305
22,0.343104342783898,6,0.04813301
22,0.343104342783898,7,0.04814789
22,0.343104342783898,8,0.04807255
22,0.343104342783898,9,0.04824106
22,0.343104342783898,10,0.04809764
22,0.343104342783898,11,0.04831529
22,0.343104342783898,12,0.04853727
22,0.343104342783898,13,0.04850453
22,0.343104342783898,14,0.04807553
22,0.343104342783898,15,0.04852557
22,0.343104342783898,16,0.04855603
22,0.343104342783898,17,0.04852183
22,0.343104342783898,18,0.04843895
22,0.343104342783898,19,0.04815159
22,0.343104342783898,20,0.04863663
22,0.343104342783898,21,0.04861133
22,0.343104342783898,22,0.04833467
22,0.343104342783898,23,0.04865082
23,0.358668782616657,0,0.04845795
23,0.358668782616657,1,0.04823742
23,0.358668782616657,2,0.04868266
23,0.358668782616657,3,0.04860334
23,0.358668782616657,4,0.04819406
23,0.358668782616657,5,0.04836638
23,0.358668782616657,6,0.04825497
23,0.358668782616657,7,0.04849958
23,0.358668782616657,8,0.04849013
23,0.358668782616657,9,0.04866276
23,0.358668782616657,10,0.048445
23,0.358668782616657,11,0.04841198
23,0.358668782616657,12,0.04850006
23,0.358668782616657,13,0.04798375
23,0.358668782616657,14,0.04870083
23,0.358668782616657,15,0.04855835
23,0.358668782616657,16,0.04832394
23,0.358668782616657,17,0.04841386
23,0.358668782616657,18,0.04849114
23,0.358668782616657,19,0.04837368
23,0.358668782616657,20,0.04828719
23,0.358668782616657,21,0.04843285
23,0.358668782616657,22,0.04860344
23,0.358668782616657,23,0.04832966
24,0.374233222449416,0,0.04878641
24,0.374233222449416,1,0.04886968
24,0.374233222449416,2,0.04889816
24,0.374233222449416,3,0.04891726
24,0.374233222449416,4,0.04840386
24,0.374233222449416,5,0.04855312
24,0.374233222449416,6,0.04878842
24,0.374233222449416,7,0.04876212
24,0.374233222449416,8,0.04874993
24,0.374233222449416,9,0.04874596
24,0.374233222449416,10,0.04838873
24,0.374233222449416,11,0.04840565
24,0.374233222449416,12,0.04846068
24,0.374233222449416,13,0.04892048
24,0.374233222449416,14,0.04896786
24,0.374233222449416,15,0.04873505
24,0.374233222449416,16,0.04866082
24,0.374233222449416,17,0.04874093
24,0.374233222449416,18,0.04892827
24,0.374233222449416,19,0.0488015
24,0.374233222449416,20,0.04881078
24,0.374233222449416,21,0.04878693
24,0.374233222449416,22,0.04881998
24,0.374233222449416,23,0.04847916
25,0.390026551103244,0,0.04846743
25,0.390026551103244,1,0.04823545
25,0.390026551103244,2,0.04823701
25,0.390026551103244,3,0.04873
25,0.390026551103244,4,0.04864466
25,0.390026551103244,5,0.04857613
25,0.390026551103244,6,0.04835436
25,0.390026551103244,7,0.04842708
25,0.390026551103244,8,0.04852103
25,0.390026551103244,9,0.04883625
25,0.390026551103244,10,0.04852218
25,0.390026551103244,11,0.04873301
25,0.390026551103244,12,0.04893069
25,0.390026551103244,13,0.04855831
25,0.390026551103244,14,0.04863608
25,0.390026551103244,15,0.0485328
25,0.390026551103244,16,0.0483607
25,0.390026551103244,17,0.04845493
25,0.390026551103244,18,0.04842268
25,0.390026551103244,19,0.0485634
25,0.390026551103244,20,0.04855949
25,0.390026551103244,21,0.04867535
25,0.390026551103244,22,0.04827459
25,0.390026551103244,23,0.04811173
26,0.405819879757073,0,0.0484829
26,0.405819879757073,1,0.04862307
26,0.405819879757073,2,0.04847788
26,0.405819879757073,3,0.04852796
26,0.405819879757073,4,0.04855769
26,0.405819879757073,5,0.04838025
26,0.405819879757073,6,0.04853135
26,0.405819879757073,7,0.04853149
26,0.405819879757073,8,0.04875187
26,0.405819879757073,9,0.04860143
26,0.405819879757073,10,0.04856
26,0.405819879757073,11,0.04878603
26,0.405819879757073,12,0.04850079
26,0.405819879757073,13,0.04849695
26,0.405819879757073,14,0.0489517
26,0.405819879757073,15,0.04910633
26,0.405819879757073,16,0.04821524
26,0.405819879757073,17,0.04865691
26,0.405819879757073,18,0.04852121
26,0.405819879757073,19,0.04839136
26,0.405819879757073,20,0.048758
26,0.405819879757073,21,0.04862147
26,0.405819879757073,22,0.0486305
26,0.405819879757073,23,0.0485229
27,0.421384319589831,0,0.04869179
27,0.421384319589831,1,0.04871723
27,0.421384319589831,2,0.0490977
27,0.421384319589831,3,0.0488232
27,0.421384319589831,4,0.04872388
27,0.421384319589831,5,0.04861939
27,0.421384319589831,6,0.04824909
27,0.421384319589831,7,0.04874821
27,0.421384319589831,8,0.04869955
27,0.421384319589831,9,0.04865452
27,0.421384319589831,10,0.04852695
27,0.421384319589831,11,0.04859195
27,0.421384319589831,12,0.04854205
27,0.421384319589831,13,0.04863856
27,0.421384319589831,14,0.04872087
27,0.421384319589831,15,0.04859136
27,0.421384319589831,16,0.04872007
27,0.421384319589831,17,0.04850896
27,0.421384319589831,18,0.04849698
27,0.421384319589831,19,0.04857538
27,0.421384319589831,20,0.04880226
27,0.421384319589831,21,0.04847082
27,0.421384319589831,22,0.04854229
27,0.421384319589831,23,0.04870571
28,0.43694875942259,0,0.04861071
28,0.43694875942259,1,0.04872291
28,0.43694875942259,2,0.04872889
28,0.43694875942259,3,0.04863867
28,0.43694875942259,4,0.04827318
28,0.43694875942259,5,0.04855333
28,0.43694875942259,6,0.04835225
28,0.43694875942259,7,0.04848705
28,0.43694875942259,8,0.04851927
28,0.43694875942259,9,0.04860694
28,0.43694875942259,10,0.04855751
28,0.43694875942259,11,0.04873889
28,0.43694875942259,12,0.04857949
28,0.43694875942259,13,0.0485572
28,0.43694875942259,14,0.04871965
28,0.43694875942259,15,0.04891561
28,0.43694875942259,16,0.04911422
28,0.43694875942259,17,0.04887802
28,0.43694875942259,18,0.0485824
28,0.43694875942259,19,0.04898364
28,0.43694875942259,20,0.04924372
28,0.43694875942259,21,0.04924103
28,0.43694875942259,22,0.04889242
28,0.43694875942259,23,0.04907335
29,0.452970976897488,0,0.04885033
29,0.452970976897488,1,0.04861126
29,0.452970976897488,2,0.04859185
29,0.452970976897488,3,0.04873637
29,0.452970976897488,4,0.04892883
29,0.452970976897488,5,0.04892284
29,0.452970976897488,6,0.0487715
29,0.452970976897488,7,0.04872952
29,0.452970976897488,8,0.04898534
29,0.452970976897488,9,0.04891044
29,0.452970976897488,10,0.04869248
29,0.452970976897488,11,0.04867913
29,0.452970976897488,12,0.04886926
29,0.452970976897488,13,0.04893478
29,0.452970976897488,14,0.04905715
29,0.452970976897488,15,0.04898496
29,0.452970976897488,16,0.04895077
29,0.452970976897488,17,0.04867771
29,0.452970976897488,18,0.04882313
29,0.452970976897488,19,0.04894685
29,0.452970976897488,20,0.04909314
29,0.452970976897488,21,0.04919613
29,0.452970976897488,22,0.04895367
29,0.452970976897488,23,0.04884708
30,0.468764305551317,0,0.04882417
30,0.468764305551317,1,0.04905909
30,0.468764305551317,2,0.04929917
30,0.468764305551317,3,0.04900811
30,0.468764305551317,4,0.04881521
30,0.468764305551317,5,0.04904472
30,0.468764305551317,6,0.04897091
30,0.468764305551317,7,0.04909726
30,0.468764305551317,8,0.04892902
30,0.468764305551317,9,0.04880732
30,0.468764305551317,10,0.04872609
30,0.468764305551317,11,0.04873883
30,0.468764305551317,12,0.04886736
30,0.468764305551317,13,0.04882445
30,0.468764305551317,14,0.04870896
30,0.468764305551317,15,0.04892616
30,0.468764305551317,16,0.0492948
30,0.468764305551317,17,0.0488865
30,0.468764305551317,18,0.04860043
30,0.468764305551317,19,0.04884431
30,0.468764305551317,20,0.04909009
30,0.468764305551317,21,0.04929176
30,0.468764305551317,22,0.048995
30,0.468764305551317,23,0.04865372
31,0.484786523026215,0,0.04888359
31,0.484786523026215,1,0.04866348
31,0.484786523026215,2,0.0488612
31,0.484786523026215,3,0.04868155
31,0.484786523026215,4,0.04908536
31,0.484786523026215,5,0.04888466
31,0.484786523026215,6,0.04922552
31,0.484786523026215,7,0.04896069
31,0.484786523026215,8,0.04874602
31,0.484786523026215,9,0.04876835
31,0.484786523026215,10,0.04884044
31,0.484786523026215,11,0.04845601
31,0.484786523026215,12,0.04861351
31,0.484786523026215,13,0.04873689
31,0.484786523026215,14,0.04872996
31,0.484786523026215,15,0.04880136
31,0.484786523026215,16,0.04876406
31,0.484786523026215,17,0.04848722
31,0.484786523026215,18,0.04861337
31,0.484786523026215,19,0.0490831
31,0.484786523026215,20,0.04888245
31,0.484786523026215,21,0.04880102
31,0.484786523026215,22,0.04865985
31,0.484786523026215,23,0.04886635
32,0.500579851680044,0,0.0488403
32,0.500579851680044,1,0.04875481
32,0.500579851680044,2,0.04854637
32,0.500579851680044,3,0.04859655
32,0.500579851680044,4,0.04859434
32,0.500579851680044,5,0.04893848
32,0.500579851680044,6,0.04877064
32,0.500579851680044,7,0.04873028
32,0.500579851680044,8,0.0487899
32,0.500579851680044,9,0.04890131
32,0.500579851680044,10,0.04867445
32,0.500579851680044,11,0.04845366
32,0.500579851680044,12,0.04913834
32,0.500579851680044,13,0.04910775
32,0.500579851680044,14,0.04924078
32,0.500579851680044,15,0.04910615
32,0.500579851680044,16,0.04936696
32,0.500579851680044,17,0.04917676
32,0.500579851680044,18,0.04914745
32,0.500579851680044,19,0.04925806
32,0.500579851680044,20,0.04911848
32,0.500579851680044,21,0.04915437
32,0.500579851680044,22,0.04898399
32,0.500579851680044,23,0.04916817
33,0.516373180333873,0,0.04902611
33,0.516373180333873,1,0.04909152
33,0.516373180333873,2,0.04912281
33,0.516373180333873,3,0.04897638
33,0.516373180333873,4,0.04938032
33,0.516373180333873,5,0.04908252
33,0.516373180333873,6,0.04900431
33,0.516373180333873,7,0.0486357
33,0.516373180333873,8,0.04874394
33,0.516373180333873,9,0.04879299
33,0.516373180333873,10,0.04892599
33,0.516373180333873,11,0.04889744
33,0.516373180333873,12,0.04920953
33,0.516373180333873,13,0.04896277
33,0.516373180333873,14,0.04889248
33,0.516373180333873,15,0.04906148
33,0.516373180333873,16,0.04877679
33,0.516373180333873,17,0.04863261
33,0.516373180333873,18,0.04881649
33,0.516373180333873,19,0.04901302
33,0.516373180333873,20,0.04867089
33,0.516373180333873,21,0.04908532
33,0.516373180333873,22,0.0484983
33,0.516373180333873,23,0.04876668
34,0.532395397808771,0,0.04887345
34,0.532395397808771,1,0.04900811
34,0.532395397808771,2,0.04848722
34,0.532395397808771,3,0.04873917
34,0.532395397808771,4,0.04874993
34,0.532395397808771,5,0.04911526
34,0.532395397808771,6,0.04915157
34,0.532395397808771,7,0.04890671
34,0.532395397808771,8,0.04867899
34,0.532395397808771,9,0.04910501
34,0.532395397808771,10,0.04911214
34,0.532395397808771,11,0.04889812
34,0.532395397808771,12,0.04859634
34,0.532395397808771,13,0.04858745
34,0.532395397808771,14,0.04900309
34,0.532395397808771,15,0.04901576
34,0.532395397808771,16,0.04874201
34,0.532395397808771,17,0.04887664
34,0.532395397808771,18,0.04866251
34,0.532395397808771,19,0.04887363
34,0.532395397808771,20,0.04871681
34,0.532395397808771,21,0.0489426
34,0.532395397808771,22,0.04871204
34,0.532395397808771,23,0.04872983
35,0.54841761528367,0,0.04856569
35,0.54841761528367,1,0.048406
35,0.54841761528367,2,0.0485028
35,0.54841761528367,3,0.04830145
35,0.54841761528367,4,0.04865241
35,0.54841761528367,5,0.04867584
35,0.54841761528367,6,0.04879215
35,0.54841761528367,7,0.04856848
35,0.54841761528367,8,0.04847823
35,0.54841761528367,9,0.048664
35,0.54841761528367,10,0.04887058
35,0.54841761528367,11,0.04850612
35,0.54841761528367,12,0.0486279
35,0.54841761528367,13,0.04860444
35,0.54841761528367,14,0.04812938
35,0.54841761528367,15,0.04865033
35,0.54841761528367,16,0.04846421
35,0.54841761528367,17,0.04840067
35,0.54841761528367,18,0.04825829
35,0.54841761528367,19,0.0482313
35,0.54841761528367,20,0.04841984
35,0.54841761528367,21,0.04840434
35,0.54841761528367,22,0.04866781
35,0.54841761528367,23,0.04856641
36,0.564439832758568,0,0.04891169
36,0.564439832758568,1,0.04883774
36,0.564439832758568,2,0.04857752
36,0.564439832758568,3,0.04885476
36,0.564439832758568,4,0.04875312
36,0.564439832758568,5,0.04879974
36,0.564439832758568,6,0.04867047
36,0.564439832758568,7,0.04926483
36,0.564439832758568,8,0.0488052
36,0.564439832758568,9,0.04910526
36,0.564439832758568,10,0.04882469
36,0.564439832758568,11,0.04892194
36,0.564439832758568,12,0.04882652
36,0.564439832758568,13,0.04861756
36,0.564439832758568,14,0.04887134
36,0.564439832758568,15,0.04902102
36,0.564439832758568,16,0.04889982
36,0.564439832758568,17,0.04861472
36,0.564439832758568,18,0.04900109
36,0.564439832758568,19,0.04871678
36,0.564439832758568,20,0.04898966
36,0.564439832758568,21,0.04883244
36,0.564439832758568,22,0.04895388
36,0.564439832758568,23,0.048588
37,0.580462050233467,0,0.04968134
37,0.580462050233467,1,0.0497365
37,0.580462050233467,2,0.04979077
37,0.580462050233467,3,0.04972432
37,0.580462050233467,4,0.04998957
37,0.580462050233467,5,0.0497312
37,0.580462050233467,6,0.04987411
37,0.580462050233467,7,0.049893
37,0.580462050233467,8,0.0498578
37,0.580462050233467,9,0.0497265
37,0.580462050233467,10,0.04998842
37,0.580462050233467,11,0.04978202
37,0.580462050233467,12,0.04979787
37,0.580462050233467,13,0.04972776
37,0.580462050233467,14,0.04975776
37,0.580462050233467,15,0.04995903
37,0.580462050233467,16,0.0496359
37,0.580462050233467,17,0.04983092
37,0.580462050233467,18,0.05010086
37,0.580462050233467,19,0.0496655
37,0.580462050233467,20,0.04992149
37,0.580462050233467,21,0.04965747
37,0.580462050233467,22,0.0499553
37,0.580462050233467,23,0.05000864
38,0.595797601245155,0,0.05120282
38,0.595797601245155,1,0.05088065
38,0.595797601245155,2,0.05101937
38,0.595797601245155,3,0.05095015
38,0.595797601245155,4,0.05070835
38,0.595797601245155,5,0.05074129
38,0.595797601245155,6,0.05076767
38,0.595797601245155,7,0.05092674
38,0.595797601245155,8,0.0506401
38,0.595797601245155,9,0.05104847
38,0.595797601245155,10,0.05104305
38,0.595797601245155,11,0.05105836
38,0.595797601245155,12,0.05083982
38,0.595797601245155,13,0.05094183
38,0.595797601245155,14,0.05102893
38,0.595797601245155,15,0.05121281
38,0.595797601245155,16,0.05056382
38,0.595797601245155,17,0.05078996
38,0.595797601245155,18,0.05092025
38,0.595797601245155,19,0.0509213
38,0.595797601245155,20,0.05089767
38,0.595797601245155,21,0.05082158
38,0.595797601245155,22,0.05066476
38,0.595797601245155,23,0.05064092
39,0.611133152256844,0,0.05172281
39,0.611133152256844,1,0.05124515
39,0.611133152256844,2,0.05160222
39,0.611133152256844,3,0.05157731
39,0.611133152256844,4,0.05185629
39,0.611133152256844,5,0.05172143
39,0.611133152256844,6,0.05164434
39,0.611133152256844,7,0.05170381
39,0.611133152256844,8,0.05184042
39,0.611133152256844,9,0.05190866
39,0.611133152256844,10,0.05174574
39,0.611133152256844,11,0.05149104
39,0.611133152256844,12,0.05174191
39,0.611133152256844,13,0.05201884
39,0.611133152256844,14,0.05180596
39,0.611133152256844,15,0.05202917
39,0.611133152256844,16,0.05167367
39,0.611133152256844,17,0.05190253
39,0.611133152256844,18,0.05184611
39,0.611133152256844,19,0.05165255
39,0.611133152256844,20,0.05186175
39,0.611133152256844,21,0.05197249
39,0.611133152256844,22,0.05184116
39,0.611133152256844,23,0.05228261
40,0.627155369731742,0,0.0528526
40,0.627155369731742,1,0.05238163
40,0.627155369731742,2,0.05241628
40,0.627155369731742,3,0.05257292
40,0.627155369731742,4,0.05265909
40,0.627155369731742,5,0.05228874
40,0.627155369731742,6,0.0528358
40,0.627155369731742,7,0.05247081
40,0.627155369731742,8,0.0528932
40,0.627155369731742,9,0.05287888
40,0.627155369731742,10,0.05276365
40,0.627155369731742,11,0.05277265
40,0.627155369731742,12,0.0524161
40,0.627155369731742,13,0.05275752
40,0.627155369731742,14,0.05287721
40,0.627155369731742,15,0.05289085
40,0.627155369731742,16,0.05263593
40,0.627155369731742,17,0.05274049
40,0.627155369731742,18,0.05288282
40,0.627155369731742,19,0.05288498
40,0.627155369731742,20,0.05286498
40,0.627155369731742,21,0.0528077
40,0.627155369731742,22,0.05260485
40,0.627155369731742,23,0.05310373
41,0.643177587206641,0,0.05320027
41,0.643177587206641,1,0.05303132
41,0.643177587206641,2,0.05327041
41,0.643177587206641,3,0.05331751
41,0.643177587206641,4,0.05333383
41,0.643177587206641,5,0.05308927
41,0.643177587206641,6,0.05328744
41,0.643177587206641,7,0.05317402
41,0.643177587206641,8,0.05355243
41,0.643177587206641,9,0.05336579
41,0.643177587206641,10,0.05340764
41,0.643177587206641,11,0.05349006
41,0.643177587206641,12,0.0532994
41,0.643177587206641,13,0.05330592
41,0.643177587206641,14,0.05337688
41,0.643177587206641,15,0.05353337
41,0.643177587206641,16,0.05318167
41,0.643177587206641,17,0.05349727
41,0.643177587206641,18,0.05313956
41,0.643177587206641,19,0.05310091
41,0.643177587206641,20,0.05325632
41,0.643177587206641,21,0.05333788
41,0.643177587206641,22,0.05343984
41,0.643177587206641,23,0.05350538
42,0.65942869350261,0,0.05361871
42,0.65942869350261,1,0.05360767
42,0.65942869350261,2,0.05397188
42,0.65942869350261,3,0.05366893
42,0.65942869350261,4,0.0535466
42,0.65942869350261,5,0.05394524
42,0.65942869350261,6,0.05397496
42,0.65942869350261,7,0.05400889
42,0.65942869350261,8,0.05396485
42,0.65942869350261,9,0.05400909
42,0.65942869350261,10,0.05404526
42,0.65942869350261,11,0.05369383
42,0.65942869350261,12,0.05354518
42,0.65942869350261,13,0.05395802
42,0.65942869350261,14,0.05378609
42,0.65942869350261,15,0.05383739
42,0.65942869350261,16,0.05404669
42,0.65942869350261,17,0.05410845
42,0.65942869350261,18,0.0541059
42,0.65942869350261,19,0.05411069
42,0.65942869350261,20,0.05381821
42,0.65942869350261,21,0.05378628
42,0.65942869350261,22,0.05358451
42,0.65942869350261,23,0.05329855
43,0.675222022156438,0,0.05531346
43,0.675222022156438,1,0.0555171
43,0.675222022156438,2,0.05555581
43,0.675222022156438,3,0.05523746
43,0.675222022156438,4,0.05539105
43,0.675222022156438,5,0.0553389
43,0.675222022156438,6,0.05499871
43,0.675222022156438,7,0.05520369
43,0.675222022156438,8,0.05556882
43,0.675222022156438,9,0.05542923
43,0.675222022156438,10,0.05522545
43,0.675222022156438,11,0.05537198
43,0.675222022156438,12,0.05531084
43,0.675222022156438,13,0.05522164
43,0.675222022156438,14,0.05538796
43,0.675222022156438,15,0.0557866
43,0.675222022156438,16,0.05554506
43,0.675222022156438,17,0.05519979
43,0.675222022156438,18,0.05534501
43,0.675222022156438,19,0.05472163
43,0.675222022156438,20,0.05499265
43,0.675222022156438,21,0.05512714
43,0.675222022156438,22,0.05490673
43,0.675222022156438,23,0.05519932
44,0.691244239631336,0,0.05573514
44,0.691244239631336,1,0.05591664
44,0.691244239631336,2,0.05636879
44,0.691244239631336,3,0.05657823
44,0.691244239631336,4,0.05642115
44,0.691244239631336,5,0.05646896
44,0.691244239631336,6,0.0562653
44,0.691244239631336,7,0.0558901
44,0.691244239631336,8,0.05607766
44,0.691244239631336,9,0.0566747
44,0.691244239631336,10,0.05628244
44,0.691244239631336,11,0.05669076
44,0.691244239631336,12,0.05680288
44,0.691244239631336,13,0.05656338
44,0.691244239631336,14,0.05659947
44,0.691244239631336,15,0.05651404
44,0.691244239631336,16,0.05639352
44,0.691244239631336,17,0.0559329
44,0.691244239631336,18,0.05598412
44,0.691244239631336,19,0.0562052
44,0.691244239631336,20,0.05609022
44,0.691244239631336,21,0.05626799
44,0.691244239631336,22,0.05609753
44,0.691244239631336,23,0.05608633
45,0.707495345927305,0,0.05892765
45,0.707495345927305,1,0.05908037
45,0.707495345927305,2,0.05861234
45,0.707495345927305,3,0.05864078
45,0.707495345927305,4,0.05848743
45,0.707495345927305,5,0.05856249
45,0.707495345927305,6,0.05853653
45,0.707495345927305,7,0.05851152
45,0.707495345927305,8,0.05857262
45,0.707495345927305,9,0.05891377
45,0.707495345927305,10,0.0587925
45,0.707495345927305,11,0.05880747
45,0.707495345927305,12,0.05874624
45,0.707495345927305,13,0.05857851
45,0.707495345927305,14,0.05836486
45,0.707495345927305,15,0.05887266
45,0.707495345927305,16,0.05836168
45,0.707495345927305,17,0.0584674
45,0.707495345927305,18,0.05855171
45,0.707495345927305,19,0.05869682
45,0.707495345927305,20,0.05878334
45,0.707495345927305,21,0.05888676
45,0.707495345927305,22,0.05860393
45,0.707495345927305,23,0.05853151
46,0.723517563402204,0,0.06108995
46,0.723517563402204,1,0.06061589
46,0.723517563402204,2,0.06099823
46,0.723517563402204,3,0.06081173
46,0.723517563402204,4,0.06107197
46,0.723517563402204,5,0.060672
46,0.723517563402204,6,0.06120803
46,0.723517563402204,7,0.06124547
46,0.723517563402204,8,0.0613862
46,0.723517563402204,9,0.06123919
46,0.723517563402204,10,0.06152404
46,0.723517563402204,11,0.0613379
46,0.723517563402204,12,0.06090568
46,0.723517563402204,13,0.06107769
46,0.723517563402204,14,0.06046246
46,0.723517563402204,15,0.06071455
46,0.723517563402204,16,0.06081849
46,0.723517563402204,17,0.06049357
46,0.723517563402204,18,0.06080937
46,0.723517563402204,19,0.06102035
46,0.723517563402204,20,0.06110086
46,0.723517563402204,21,0.0611589
46,0.723517563402204,22,0.0609192
46,0.723517563402204,23,0.06079344
47,0.739539780877102,0,0.0623389
47,0.739539780877102,1,0.06258921
47,0.739539780877102,2,0.06284819
47,0.739539780877102,3,0.06312903
47,0.739539780877102,4,0.06279787
47,0.739539780877102,5,0.06275824
47,0.739539780877102,6,0.06287556
47,0.739539780877102,7,0.06274769
47,0.739539780877102,8,0.06302694
47,0.739539780877102,9,0.06315526
47,0.739539780877102,10,0.06302119
47,0.739539780877102,11,0.06283374
47,0.739539780877102,12,0.06281321
47,0.739539780877102,13,0.06223292
47,0.739539780877102,14,0.06238036
47,0.739539780877102,15,0.0628351
47,0.739539780877102,16,0.06291211
47,0.739539780877102,17,0.06258205
47,0.739539780877102,18,0.06295763
47,0.739539780877102,19,0.06278601
47,0.739539780877102,20,0.06266046
47,0.739539780877102,21,0.06288593
47,0.739539780877102,22,0.06267963
47,0.739539780877102,23,0.06261516
48,0.755561998352001,0,0.06308984
48,0.755561998352001,1,0.06299331
48,0.755561998352001,2,0.06334184
48,0.755561998352001,3,0.06368988
48,0.755561998352001,4,0.06372678
48,0.755561998352001,5,0.06335407
48,0.755561998352001,6,0.06345183
48,0.755561998352001,7,0.06296963
48,0.755561998352001,8,0.06382765
48,0.755561998352001,9,0.06302064
48,0.755561998352001,10,0.06278373
48,0.755561998352001,11,0.06254587
48,0.755561998352001,12,0.06263333
48,0.755561998352001,13,0.06302374
48,0.755561998352001,14,0.06302666
48,0.755561998352001,15,0.06286065
48,0.755561998352001,16,0.06349303
48,0.755561998352001,17,0.06292638
48,0.755561998352001,18,0.06312606
48,0.755561998352001,19,0.06309368
48,0.755561998352001,20,0.06292757
48,0.755561998352001,21,0.06304541
48,0.755561998352001,22,0.06265641
48,0.755561998352001,23,0.06269564
49,0.771355327005829,0,0.06369809
49,0.771355327005829,1,0.06327219
49,0.771355327005829,2,0.06359179
49,0.771355327005829,3,0.06355416
49,0.771355327005829,4,0.06322122
49,0.771355327005829,5,0.06322223
49,0.771355327005829,6,0.06305677
49,0.771355327005829,7,0.06329563
49,0.771355327005829,8,0.06301462
49,0.771355327005829,9,0.06313208
49,0.771355327005829,10,0.0630267
49,0.771355327005829,11,0.06279299
49,0.771355327005829,12,0.06296087
49,0.771355327005829,13,0.06301776
49,0.771355327005829,14,0.06334818
49,0.771355327005829,15,0.06329235
49,0.771355327005829,16,0.06317218
49,0.771355327005829,17,0.06349148
49,0.771355327005829,18,0.06374243
49,0.771355327005829,19,0.06408717
49,0.771355327005829,20,0.06410146
49,0.771355327005829,21,0.06366182
49,0.771355327005829,22,0.06338108
49,0.771355327005829,23,0.06329089
50,0.787377544480728,0,0.06380744
50,0.787377544480728,1,0.06383745
50,0.787377544480728,2,0.06356675
50,0.787377544480728,3,0.06324532
50,0.787377544480728,4,0.06329514
50,0.787377544480728,5,0.063622
50,0.787377544480728,6,0.06326649
50,0.787377544480728,7,0.06345809
50,0.787377544480728,8,0.06327177
50,0.787377544480728,9,0.06366232
50,0.787377544480728,10,0.06359531
50,0.787377544480728,11,0.06355662
50,0.787377544480728,12,0.06406633
50,0.787377544480728,13,0.06399105
50,0.787377544480728,14,0.06391383
50,0.787377544480728,15,0.06410036
50,0.787377544480728,16,0.06402837
50,0.787377544480728,17,0.0641568
50,0.787377544480728,18,0.06403805
50,0.787377544480728,19,0.06385078
50,0.787377544480728,20,0.06391889
50,0.787377544480728,21,0.06385949
50,0.787377544480728,22,0.06367989
50,0.787377544480728,23,0.06362688
51,0.803170873134556,0,0.06450606
51,0.803170873134556,1,0.0647566
51,0.803170873134556,2,0.06472486
51,0.803170873134556,3,0.06470282
51,0.803170873134556,4,0.06439292
51,0.803170873134556,5,0.06469498
51,0.803170873134556,6,0.06449721
51,0.803170873134556,7,0.06468959
51,0.803170873134556,8,0.06459881
51,0.803170873134556,9,0.06520363
51,0.803170873134556,10,0.06438161
51,0.803170873134556,11,0.06459557
51,0.803170873134556,12,0.06496276
51,0.803170873134556,13,0.0643682
51,0.803170873134556,14,0.06425561
51,0.803170873134556,15,0.0641598
51,0.803170873134556,16,0.06441391
51,0.803170873134556,17,0.06462244
51,0.803170873134556,18,0.06441606
51,0.803170873134556,19,0.06454534
51,0.803170873134556,20,0.06488129
51,0.803170873134556,21,0.06490217
51,0.803170873134556,22,0.06469967
51,0.803170873134556,23,0.06477179
52,0.818964201788385,0,0.0649217
52,0.818964201788385,1,0.06481732
52,0.818964201788385,2,0.06428722
52,0.818964201788385,3,0.064515
52,0.818964201788385,4,0.06456555
52,0.818964201788385,5,0.06451385
52,0.818964201788385,6,0.06484213
52,0.818964201788385,7,0.06492691
52,0.818964201788385,8,0.06490459
52,0.818964201788385,9,0.06499684
52,0.818964201788385,10,0.06521811
52,0.818964201788385,11,0.06490915
52,0.818964201788385,12,0.06483009
52,0.818964201788385,13,0.06477613
52,0.818964201788385,14,0.06463366
52,0.818964201788385,15,0.06444535
52,0.818964201788385,16,0.06474191
52,0.818964201788385,17,0.06474397
52,0.818964201788385,18,0.06455578
52,0.818964201788385,19,0.06461231
52,0.818964201788385,20,0.0647931
52,0.818964201788385,21,0.0649076
52,0.818964201788385,22,0.06480797
52,0.818964201788385,23,0.06505769
53,0.834757530442213,0,0.06483822
53,0.834757530442213,1,0.06517521
53,0.834757530442213,2,0.06498767
53,0.834757530442213,3,0.0651935
53,0.834757530442213,4,0.06492311
53,0.834757530442213,5,0.06524976
53,0.834757530442213,6,0.06530052
53,0.834757530442213,7,0.06517285
53,0.834757530442213,8,0.06524159
53,0.834757530442213,9,0.06529506
53,0.834757530442213,10,0.06559893
53,0.834757530442213,11,0.06553259
53,0.834757530442213,12,0.06490646
53,0.834757530442213,13,0.06513625
53,0.834757530442213,14,0.06481764
53,0.834757530442213,15,0.06509209
53,0.834757530442213,16,0.06525897
53,0.834757530442213,17,0.0651113
53,0.834757530442213,18,0.06526161
53,0.834757530442213,19,0.06529319
53,0.834757530442213,20,0.06506884
53,0.834757530442213,21,0.06536431
53,0.834757530442213,22,0.06524912
53,0.834757530442213,23,0.06489059
54,0.850550859096042,0,0.06513931
54,0.850550859096042,1,0.06487932
54,0.850550859096042,2,0.06518643
54,0.850550859096042,3,0.06531923
54,0.850550859096042,4,0.06511207
54,0.850550859096042,5,0.06537453
54,0.850550859096042,6,0.06543657
54,0.850550859096042,7,0.06535772
54,0.850550859096042,8,0.06540245
54,0.850550859096042,9,0.06536441
54,0.850550859096042,10,0.06526814
54,0.850550859096042,11,0.06488863
54,0.850550859096042,12,0.06519939
54,0.850550859096042,13,0.06487892
54,0.850550859096042,14,0.06472905
54,0.850550859096042,15,0.06529883
54,0.850550859096042,16,0.06500687
54,0.850550859096042,17,0.06519537
54,0.850550859096042,18,0.06525778
54,0.850550859096042,19,0.06514323
54,0.850550859096042,20,0.06537593
54,0.850550859096042,21,0.06508889
54,0.850550859096042,22,0.0649879
54,0.850550859096042,23,0.06515679
55,0.86657307657094,0,0.06586584
55,0.86657307657094,1,0.06576557
55,0.86657307657094,2,0.06592879
55,0.86657307657094,3,0.0658074
55,0.86657307657094,4,0.06587201
55,0.86657307657094,5,0.06584921
55,0.86657307657094,6,0.0657044
55,0.86657307657094,7,0.06550892
55,0.86657307657094,8,0.06561188
55,0.86657307657094,9,0.06580386
55,0.86657307657094,10,0.06542415
55,0.86657307657094,11,0.06537745
55,0.86657307657094,12,0.06571563
55,0.86657307657094,13,0.06544682
55,0.86657307657094,14,0.06549742
55,0.86657307657094,15,0.06545263
55,0.86657307657094,16,0.06545965
55,0.86657307657094,17,0.06573274
55,0.86657307657094,18,0.0658536
55,0.86657307657094,19,0.06581361
55,0.86657307657094,20,0.0656872
55,0.86657307657094,21,0.06513095
55,0.86657307657094,22,0.06492348
55,0.86657307657094,23,0.06526777
56,0.882366405224769,0,0.06538834
56,0.882366405224769,1,0.06528693
56,0.882366405224769,2,0.06526481
56,0.882366405224769,3,0.0651946
56,0.882366405224769,4,0.06546031
56,0.882366405224769,5,0.06536316
56,0.882366405224769,6,0.06574158
56,0.882366405224769,7,0.06544556
56,0.882366405224769,8,0.06556681
56,0.882366405224769,9,0.06568214
56,0.882366405224769,10,0.06597399
56,0.882366405224769,11,0.06588276
56,0.882366405224769,12,0.06589852
56,0.882366405224769,13,0.06614007
56,0.882366405224769,14,0.06647711
56,0.882366405224769,15,0.06615287
56,0.882366405224769,16,0.06598388
56,0.882366405224769,17,0.06582981
56,0.882366405224769,18,0.06567453
56,0.882366405224769,19,0.06575066
56,0.882366405224769,20,0.06575693
56,0.882366405224769,21,0.06522749
56,0.882366405224769,22,0.06509145
56,0.882366405224769,23,0.06509515
57,0.898159733878598,0,0.06601725
57,0.898159733878598,1,0.06612702
57,0.898159733878598,2,0.06587397
57,0.898159733878598,3,0.06579468
57,0.898159733878598,4,0.06599163
57,0.898159733878598,5,0.06564642
57,0.898159733878598,6,0.06582043
57,0.898159733878598,7,0.06598685
57,0.898159733878598,8,0.06558789
57,0.898159733878598,9,0.06600157
57,0.898159733878598,10,0.0659826
57,0.898159733878598,11,0.06570837
57,0.898159733878598,12,0.06572877
57,0.898159733878598,13,0.06590604
57,0.898159733878598,14,0.06551243
57,0.898159733878598,15,0.0658506
57,0.898159733878598,16,0.06565609
57,0.898159733878598,17,0.06574837
57,0.898159733878598,18,0.06578373
57,0.898159733878598,19,0.06570244
57,0.898159733878598,20,0.0658159
57,0.898159733878598,21,0.06579167
57,0.898159733878598,22,0.06558172
57,0.898159733878598,23,0.06557085
58,0.914181951353496,0,0.06623757
58,0.914181951353496,1,0.06554363
58,0.914181951353496,2,0.06594551
58,0.914181951353496,3,0.06617769
58,0.914181951353496,4,0.06625143
58,0.914181951353496,5,0.06616292
58,0.914181951353496,6,0.06578086
58,0.914181951353496,7,0.06587357
58,0.914181951353496,8,0.06583215
58,0.914181951353496,9,0.06585399
58,0.914181951353496,10,0.06615646
58,0.914181951353496,11,0.06615814
58,0.914181951353496,12,0.06635198
58,0.914181951353496,13,0.06617252
58,0.914181951353496,14,0.0660139
58,0.914181951353496,15,0.06550927
58,0.914181951353496,16,0.06592238
58,0.914181951353496,17,0.06584735
58,0.914181951353496,18,0.06602623
58,0.914181951353496,19,0.06576427
58,0.914181951353496,20,0.06622127
58,0.914181951353496,21,0.06628282
58,0.914181951353496,22,0.0661731
58,0.914181951353496,23,0.06612985
59,0.929975280007324,0,0.06598756
59,0.929975280007324,1,0.06596128
59,0.929975280007324,2,0.06591219
59,0.929975280007324,3,0.06621797
59,0.929975280007324,4,0.06642167
59,0.929975280007324,5,0.06624545
59,0.929975280007324,6,0.06627605
59,0.929975280007324,7,0.06632838
59,0.929975280007324,8,0.0662423
59,0.929975280007324,9,0.06616518
59,0.929975280007324,10,0.06617195
59,0.929975280007324,11,0.0657476
59,0.929975280007324,12,0.06575573
59,0.929975280007324,13,0.0659795
59,0.929975280007324,14,0.06605629
59,0.929975280007324,15,0.06576315
59,0.929975280007324,16,0.0661751
59,0.929975280007324,17,0.0660021
59,0.929975280007324,18,0.06615249
59,0.929975280007324,19,0.06637678
59,0.929975280007324,20,0.06639054
59,0.929975280007324,21,0.06590828
59,0.929975280007324,22,0.06620856
59,0.929975280007324,23,0.06651539
60,0.945997497482223,0,0.06624158
60,0.945997497482223,1,0.06602853
60,0.945997497482223,2,0.06608359
60,0.945997497482223,3,0.06624316
60,0.945997497482223,4,0.06629778
60,0.945997497482223,5,0.06616125
60,0.945997497482223,6,0.06610891
60,0.945997497482223,7,0.06643199
60,0.945997497482223,8,0.06598265
60,0.945997497482223,9,0.0661105
60,0.945997497482223,10,0.06670087
60,0.945997497482223,11,0.06625693
60,0.945997497482223,12,0.06620526
60,0.945997497482223,13,0.06598627
60,0.945997497482223,14,0.06578478
60,0.945997497482223,15,0.06558214
60,0.945997497482223,16,0.06548589
60,0.945997497482223,17,0.06578618
60,0.945997497482223,18,0.065768
60,0.945997497482223,19,0.06605639
60,0.945997497482223,20,0.06642013
60,0.945997497482223,21,0.06607588
60,0.945997497482223,22,0.06627332
60,0.945997497482223,23,0.06643347
61,0.962248603778192,0,0.06623164
61,0.962248603778192,1,0.06622496
61,0.962248603778192,2,0.06612922
61,0.962248603778192,3,0.06631934
61,0.962248603778192,4,0.06607077
61,0.962248603778192,5,0.06597692
61,0.962248603778192,6,0.06612694
61,0.962248603778192,7,0.0665162
61,0.962248603778192,8,0.06616903
61,0.962248603778192,9,0.06604874
61,0.962248603778192,10,0.06623901
61,0.962248603778192,11,0.06631594
61,0.962248603778192,12,0.06635194
61,0.962248603778192,13,0.0666136
61,0.962248603778192,14,0.06612081
61,0.962248603778192,15,0.06650946
61,0.962248603778192,16,0.06616005
61,0.962248603778192,17,0.06633186
61,0.962248603778192,18,0.06645627
61,0.962248603778192,19,0.06605969
61,0.962248603778192,20,0.0661503
61,0.962248603778192,21,0.06626333
61,0.962248603778192,22,0.06596702
61,0.962248603778192,23,0.06609076
62,0.97827082125309,0,0.06600396
62,0.97827082125309,1,0.06602017
62,0.97827082125309,2,0.06638309
62,0.97827082125309,3,0.06586288
62,0.97827082125309,4,0.06610987
62,0.97827082125309,5,0.06654425
62,0.97827082125309,6,0.06640159
62,0.97827082125309,7,0.06607091
62,0.97827082125309,8,0.06673819
62,0.97827082125309,9,0.06635252
62,0.97827082125309,10,0.066173
62,0.97827082125309,11,0.06620052
62,0.97827082125309,12,0.06630009
62,0.97827082125309,13,0.06636183
62,0.97827082125309,14,0.06627911
62,0.97827082125309,15,0.06635604
62,0.97827082125309,16,0.06647003
62,0.97827082125309,17,0.06634352
62,0.97827082125309,18,0.06615279
62,0.97827082125309,19,0.06603235
62,0.97827082125309,20,0.06624025
62,0.97827082125309,21,0.06615814
62,0.97827082125309,22,0.06629377
62,0.97827082125309,23,0.06627269
63,0.994293038727989,0,0.06668486
63,0.994293038727989,1,0.06657876
63,0.994293038727989,2,0.06654071
63,0.994293038727989,3,0.06664266
63,0.994293038727989,4,0.06662823
63,0.994293038727989,5,0.06669704
63,0.994293038727989,6,0.06653488
63,0.994293038727989,7,0.06663845
63,0.994293038727989,8,0.06642769
63,0.994293038727989,9,0.06645627
63,0.994293038727989,10,0.06620201
63,0.994293038727989,11,0.06656881
63,0.994293038727989,12,0.06608578
63,0.994293038727989,13,0.06606585
63,0.994293038727989,14,0.0662509
63,0.994293038727989,15,0.0662986
63,0.994293038727989,16,0.06619002
63,0.994293038727989,17,0.06629755
63,0.994293038727989,18,0.06613123
63,0.994293038727989,19,0.06643748
63,0.994293038727989,20,0.06615102
63,0.994293038727989,21,0.0655497
63,0.994293038727989,22,0.06575792
63,0.994293038727989,23,0.06565125
64,1.01031525620289,0,0.06610891
64,1.01031525620289,1,0.06614495
64,1.01031525620289,2,0.06630983
64,1.01031525620289,3,0.06620201
64,1.01031525620289,4,0.06594642
64,1.01031525620289,5,0.06587254
64,1.01031525620289,6,0.06602356
64,1.01031525620289,7,0.066211
64,1.01031525620289,8,0.06614481
64,1.01031525620289,9,0.06617296
64,1.01031525620289,10,0.0662294
64,1.01031525620289,11,0.06602719
64,1.01031525620289,12,0.06605682
64,1.01031525620289,13,0.06630548
64,1.01031525620289,14,0.06626992
64,1.01031525620289,15,0.06593342
64,1.01031525620289,16,0.06605959
64,1.01031525620289,17,0.06617368
64,1.01031525620289,18,0.06614003
64,1.01031525620289,19,0.06583443
64,1.01031525620289,20,0.06600707
64,1.01031525620289,21,0.06591593
64,1.01031525620289,22,0.06621076
64,1.01031525620289,23,0.06592998
65,1.02610858485672,0,0.06552939
65,1.02610858485672,1,0.06556366
65,1.02610858485672,2,0.06572428
65,1.02610858485672,3,0.06555381
65,1.02610858485672,4,0.06560184
65,1.02610858485672,5,0.06575744
65,1.02610858485672,6,0.06568237
65,1.02610858485672,7,0.06568442
65,1.02610858485672,8,0.06548022
65,1.02610858485672,9,0.06533166
65,1.02610858485672,10,0.06551371
65,1.02610858485672,11,0.06541267
65,1.02610858485672,12,0.06559596
65,1.02610858485672,13,0.06533717
65,1.02610858485672,14,0.06530409
65,1.02610858485672,15,0.0654903
65,1.02610858485672,16,0.06523164
65,1.02610858485672,17,0.06524492
65,1.02610858485672,18,0.06580395
65,1.02610858485672,19,0.06556973
65,1.02610858485672,20,0.06568374
65,1.02610858485672,21,0.06611388
65,1.02610858485672,22,0.06609811
65,1.02610858485672,23,0.06595956
66,1.04213080233161,0,0.06597443
66,1.04213080233161,1,0.06625506
66,1.04213080233161,2,0.06584272
66,1.04213080233161,3,0.06609223
66,1.04213080233161,4,0.06608373
66,1.04213080233161,5,0.06566985
66,1.04213080233161,6,0.06587311
66,1.04213080233161,7,0.06607063
66,1.04213080233161,8,0.0660648
66,1.04213080233161,9,0.06601147
66,1.04213080233161,10,0.06604678
66,1.04213080233161,11,0.06631514
66,1.04213080233161,12,0.06585347
66,1.04213080233161,13,0.06599855
66,1.04213080233161,14,0.06599359
66,1.04213080233161,15,0.0658278
66,1.04213080233161,16,0.06613199
66,1.04213080233161,17,0.06602122
66,1.04213080233161,18,0.0662663
66,1.04213080233161,19,0.06625869
66,1.04213080233161,20,0.0662758
66,1.04213080233161,21,0.06619436
66,1.04213080233161,22,0.06601042
66,1.04213080233161,23,0.0662574
67,1.05815301980651,0,0.06576438
67,1.05815301980651,1,0.06579473
67,1.05815301980651,2,0.0657433
67,1.05815301980651,3,0.06572069
67,1.05815301980651,4,0.06571682
67,1.05815301980651,5,0.06588678
67,1.05815301980651,6,0.06591808
67,1.05815301980651,7,0.06606393
67,1.05815301980651,8,0.06534615
67,1.05815301980651,9,0.06586909
67,1.05815301980651,10,0.06575951
67,1.05815301980651,11,0.06546745
67,1.05815301980651,12,0.06543169
67,1.05815301980651,13,0.06586593
67,1.05815301980651,14,0.06600003
67,1.05815301980651,15,0.06569665
67,1.05815301980651,16,0.06586694
67,1.05815301980651,17,0.06564505
67,1.05815301980651,18,0.06583653
67,1.05815301980651,19,0.06604569
67,1.05815301980651,20,0.06604373
67,1.05815301980651,21,0.06600017
67,1.05815301980651,22,0.06558602
67,1.05815301980651,23,0.06568428
68,1.07417523728141,0,0.06540775
68,1.07417523728141,1,0.06563659
68,1.07417523728141,2,0.06542448
68,1.07417523728141,3,0.06532297
68,1.07417523728141,4,0.06553502
68,1.07417523728141,5,0.06555605
68,1.07417523728141,6,0.06558291
68,1.07417523728141,7,0.06548461
68,1.07417523728141,8,0.06535642
68,1.07417523728141,9,0.06545822
68,1.07417523728141,10,0.06555304
68,1.07417523728141,11,0.06542592
68,1.07417523728141,12,0.06561088
68,1.07417523728141,13,0.06539232
68,1.07417523728141,14,0.06563902
68,1.07417523728141,15,0.06590804
68,1.07417523728141,16,0.06553637
68,1.07417523728141,17,0.06544733
68,1.07417523728141,18,0.06540422
68,1.07417523728141,19,0.06568605
68,1.07417523728141,20,0.06537033
68,1.07417523728141,21,0.06552022
68,1.07417523728141,22,0.06571297
68,1.07417523728141,23,0.06559979
69,1.09019745475631,0,0.06595727
69,1.09019745475631,1,0.0657782
69,1.09019745475631,2,0.06564418
69,1.09019745475631,3,0.06594805
69,1.09019745475631,4,0.06556523
69,1.09019745475631,5,0.06569924
69,1.09019745475631,6,0.06568433
69,1.09019745475631,7,0.0655681
69,1.09019745475631,8,0.06542544
69,1.09019745475631,9,0.06553178
69,1.09019745475631,10,0.06558086
69,1.09019745475631,11,0.06554765
69,1.09019745475631,12,0.0657174
69,1.09019745475631,13,0.06551233
69,1.09019745475631,14,0.0656242
69,1.09019745475631,15,0.06542065
69,1.09019745475631,16,0.06569695
69,1.09019745475631,17,0.06556127
69,1.09019745475631,18,0.06525185
69,1.09019745475631,19,0.06551457
69,1.09019745475631,20,0.06566631
69,1.09019745475631,21,0.06562264
69,1.09019745475631,22,0.06542753
69,1.09019745475631,23,0.06559314
70,1.10621967223121,0,0.06563912
70,1.10621967223121,1,0.06549747
70,1.10621967223121,2,0.0654565
70,1.10621967223121,3,0.06554788
70,1.10621967223121,4,0.06564099
70,1.10621967223121,5,0.06567913
70,1.10621967223121,6,0.06598359
70,1.10621967223121,7,0.06550664
70,1.10621967223121,8,0.06541879
70,1.10621967223121,9,0.06562406
70,1.10621967223121,10,0.06531768
70,1.10621967223121,11,0.06538539
70,1.10621967223121,12,0.06576423
70,1.10621967223121,13,0.06577256
70,1.10621967223121,14,0.06584467
70,1.10621967223121,15,0.06562539
70,1.10621967223121,16,0.06580638
70,1.10621967223121,17,0.06564901
70,1.10621967223121,18,0.06566454
70,1.10621967223121,19,0.06575458
70,1.10621967223121,20,0.06535969
70,1.10621967223121,21,0.06543557
70,1.10621967223121,22,0.06545368
70,1.10621967223121,23,0.06568729
71,1.12178411206397,0,0.06563816
71,1.12178411206397,1,0.06592333
71,1.12178411206397,2,0.06591229
71,1.12178411206397,3,0.06580644
71,1.12178411206397,4,0.06539112
71,1.12178411206397,5,0.06546687
71,1.12178411206397,6,0.06557684
71,1.12178411206397,7,0.06531193
71,1.12178411206397,8,0.06515063
71,1.12178411206397,9,0.06541745
71,1.12178411206397,10,0.06548622
71,1.12178411206397,11,0.06557598
71,1.12178411206397,12,0.06587483
71,1.12178411206397,13,0.06575344
71,1.12178411206397,14,0.0657227
71,1.12178411206397,15,0.06550138
71,1.12178411206397,16,0.06531193
71,1.12178411206397,17,0.06569441
71,1.12178411206397,18,0.06556438
71,1.12178411206397,19,0.06591143
71,1.12178411206397,20,0.06569226
71,1.12178411206397,21,0.06567343
71,1.12178411206397,22,0.06569541
71,1.12178411206397,23,0.06578024
72,1.13780632953887,0,0.06529081
72,1.13780632953887,1,0.06516226
72,1.13780632953887,2,0.06542945
72,1.13780632953887,3,0.0654477
72,1.13780632953887,4,0.06541846
72,1.13780632953887,5,0.06520253
72,1.13780632953887,6,0.06532293
72,1.13780632953887,7,0.06554286
72,1.13780632953887,8,0.0655659
72,1.13780632953887,9,0.06554186
72,1.13780632953887,10,0.06562502
72,1.13780632953887,11,0.06572895
72,1.13780632953887,12,0.06544154
72,1.13780632953887,13,0.06569651
72,1.13780632953887,14,0.06580743
72,1.13780632953887,15,0.06543862
72,1.13780632953887,16,0.06567726
72,1.13780632953887,17,0.0655539
72,1.13780632953887,18,0.06550636
72,1.13780632953887,19,0.06548708
72,1.13780632953887,20,0.06543237
72,1.13780632953887,21,0.06569523
72,1.13780632953887,22,0.06553985
72,1.13780632953887,23,0.06568576
73,1.15382854701376,0,0.06599651
73,1.15382854701376,1,0.06590326
73,1.15382854701376,2,0.0657194
73,1.15382854701376,3,0.06588706
73,1.15382854701376,4,0.06617076
73,1.15382854701376,5,0.06602155
73,1.15382854701376,6,0.06581982
73,1.15382854701376,7,0.06615713
73,1.15382854701376,8,0.06605759
73,1.15382854701376,9,0.06587703
73,1.15382854701376,10,0.06585991
73,1.15382854701376,11,0.06576658
73,1.15382854701376,12,0.06570765
73,1.15382854701376,13,0.06554697
73,1.15382854701376,14,0.06563463
73,1.15382854701376,15,0.06568227
73,1.15382854701376,16,0.06583105
73,1.15382854701376,17,0.06589486
73,1.15382854701376,18,0.06610174
73,1.15382854701376,19,0.0657542
73,1.15382854701376,20,0.06611202
73,1.15382854701376,21,0.06625047
73,1.15382854701376,22,0.0659361
73,1.15382854701376,23,0.06618328
74,1.16962187566759,0,0.06558147
74,1.16962187566759,1,0.06576847
74,1.16962187566759,2,0.06606055
74,1.16962187566759,3,0.0660303
74,1.16962187566759,4,0.06563055
74,1.16962187566759,5,0.06579984
74,1.16962187566759,6,0.06579162
74,1.16962187566759,7,0.06567859
74,1.16962187566759,8,0.06584715
74,1.16962187566759,9,0.06581088
74,1.16962187566759,10,0.06559323
74,1.16962187566759,11,0.06574219
74,1.16962187566759,12,0.06587922
74,1.16962187566759,13,0.06601247
74,1.16962187566759,14,0.06610896
74,1.16962187566759,15,0.06581896
74,1.16962187566759,16,0.06591526
74,1.16962187566759,17,0.06564729
74,1.16962187566759,18,0.06603847
74,1.16962187566759,19,0.06578789
74,1.16962187566759,20,0.06566101
74,1.16962187566759,21,0.06575754
74,1.16962187566759,22,0.0656017
74,1.16962187566759,23,0.06600535
75,1.18564409314249,0,0.06589194
75,1.18564409314249,1,0.06598943
75,1.18564409314249,2,0.06573068
75,1.18564409314249,3,0.06579778
75,1.18564409314249,4,0.06611689
75,1.18564409314249,5,0.06608664
75,1.18564409314249,6,0.06599966
75,1.18564409314249,7,0.06579449
75,1.18564409314249,8,0.06601161
75,1.18564409314249,9,0.06585997
75,1.18564409314249,10,0.06594039
75,1.18564409314249,11,0.06579395
75,1.18564409314249,12,0.06591918
75,1.18564409314249,13,0.06550085
75,1.18564409314249,14,0.06569833
75,1.18564409314249,15,0.06567751
75,1.18564409314249,16,0.06601506
75,1.18564409314249,17,0.06587058
75,1.18564409314249,18,0.06593993
75,1.18564409314249,19,0.06599134
75,1.18564409314249,20,0.06575362
75,1.18564409314249,21,0.06547333
75,1.18564409314249,22,0.06555414
75,1.18564409314249,23,0.06545382
76,1.20143742179632,0,0.06570058
76,1.20143742179632,1,0.06559988
76,1.20143742179632,2,0.06582894
76,1.20143742179632,3,0.06534199
76,1.20143742179632,4,0.06550678
76,1.20143742179632,5,0.06547844
76,1.20143742179632,6,0.065804
76,1.20143742179632,7,0.06569082
76,1.20143742179632,8,0.06536354
76,1.20143742179632,9,0.06564484
76,1.20143742179632,10,0.06578966
76,1.20143742179632,11,0.06569345
76,1.20143742179632,12,0.06564298
76,1.20143742179632,13,0.06558429
76,1.20143742179632,14,0.06568638
76,1.20143742179632,15,0.06565991
76,1.20143742179632,16,0.06549592
76,1.20143742179632,17,0.06531599
76,1.20143742179632,18,0.06543433
76,1.20143742179632,19,0.06555085
76,1.20143742179632,20,0.0656461
76,1.20143742179632,21,0.06553703
76,1.20143742179632,22,0.06559911
76,1.20143742179632,23,0.06551873
77,1.21723075045015,0,0.06557957
77,1.21723075045015,1,0.06539126
77,1.21723075045015,2,0.06535318
77,1.21723075045015,3,0.06550477
77,1.21723075045015,4,0.0656544
77,1.21723075045015,5,0.06519981
77,1.21723075045015,6,0.06539012
77,1.21723075045015,7,0.06524789
77,1.21723075045015,8,0.06511856
77,1.21723075045015,9,0.06561799
77,1.21723075045015,10,0.06536298
77,1.21723075045015,11,0.06552356
77,1.21723075045015,12,0.06536981
77,1.21723075045015,13,0.06555442
77,1.21723075045015,14,0.06543848
77,1.21723075045015,15,0.06543944
77,1.21723075045015,16,0.06550865
77,1.21723075045015,17,0.06525075
77,1.21723075045015,18,0.06526887
77,1.21723075045015,19,0.06521395
77,1.21723075045015,20,0.0653982
77,1.21723075045015,21,0.06532955
77,1.21723075045015,22,0.06555162
77,1.21723075045015,23,0.06584071
78,1.23302407910398,0,0.06569422
78,1.23302407910398,1,0.06536531
78,1.23302407910398,2,0.06546764
78,1.23302407910398,3,0.06560691
78,1.23302407910398,4,0.06537941
78,1.23302407910398,5,0.06546731
78,1.23302407910398,6,0.06541531
78,1.23302407910398,7,0.06568963
78,1.23302407910398,8,0.06525711
78,1.23302407910398,9,0.06518251
78,1.23302407910398,10,0.06529792
78,1.23302407910398,11,0.06535887
78,1.23302407910398,12,0.06527485
78,1.23302407910398,13,0.06523164
78,1.23302407910398,14,0.06559692
78,1.23302407910398,15,0.06546722
78,1.23302407910398,16,0.06539031
78,1.23302407910398,17,0.06538849
78,1.23302407910398,18,0.06539839
78,1.23302407910398,19,0.06545879
78,1.23302407910398,20,0.06537129
78,1.23302407910398,21,0.06519073
78,1.23302407910398,22,0.06514566
78,1.23302407910398,23,0.06526165
79,1.24858851893674,0,0.06526509
79,1.24858851893674,1,0.06511512
79,1.24858851893674,2,0.06540053
79,1.24858851893674,3,0.06521942
79,1.24858851893674,4,0.06522795
79,1.24858851893674,5,0.06506527
79,1.24858851893674,6,0.06551997
79,1.24858851893674,7,0.06508338
79,1.24858851893674,8,0.06512785
79,1.24858851893674,9,0.06484552
79,1.24858851893674,10,0.06503106
79,1.24858851893674,11,0.0651504
79,1.24858851893674,12,0.06497175
79,1.24858851893674,13,0.06480209
79,1.24858851893674,14,0.06514657
79,1.24858851893674,15,0.06469976
79,1.24858851893674,16,0.06509123
79,1.24858851893674,17,0.06494192
79,1.24858851893674,18,0.06498666
79,1.24858851893674,19,0.06512841
79,1.24858851893674,20,0.06531294
79,1.24858851893674,21,0.06493023
79,1.24858851893674,22,0.06499105
79,1.24858851893674,23,0.06483611
80,1.26438184759056,0,0.0651179
80,1.26438184759056,1,0.06542502
80,1.26438184759056,2,0.06534232
80,1.26438184759056,3,0.06526495
80,1.26438184759056,4,0.06543624
80,1.26438184759056,5,0.06530017
80,1.26438184759056,6,0.06541698
80,1.26438184759056,7,0.06512822
80,1.26438184759056,8,0.06526595
80,1.26438184759056,9,0.06545923
80,1.26438184759056,10,0.06516837
80,1.26438184759056,11,0.06524943
80,1.26438184759056,12,0.0651978
80,1.26438184759056,13,0.06522074
80,1.26438184759056,14,0.06513718
80,1.26438184759056,15,0.06545048
80,1.26438184759056,16,0.06544784
80,1.26438184759056,17,0.06555238
80,1.26438184759056,18,0.06546344
80,1.26438184759056,19,0.06523981
80,1.26438184759056,20,0.06534337
80,1.26438184759056,21,0.06511751
80,1.26438184759056,22,0.06534127
80,1.26438184759056,23,0.0651327
81,1.28017517624439,0,0.06517352
81,1.28017517624439,1,0.06511048
81,1.28017517624439,2,0.06543925
81,1.28017517624439,3,0.06527402
81,1.28017517624439,4,0.06525012
81,1.28017517624439,5,0.06510026
81,1.28017517624439,6,0.06546248
81,1.28017517624439,7,0.06563944
81,1.28017517624439,8,0.06515829
81,1.28017517624439,9,0.06558889
81,1.28017517624439,10,0.0652856
81,1.28017517624439,11,0.06485766
81,1.28017517624439,12,0.06518561
81,1.28017517624439,13,0.06512631
81,1.28017517624439,14,0.06516066
81,1.28017517624439,15,0.06524847
81,1.28017517624439,16,0.06557724
81,1.28017517624439,17,0.06541713
81,1.28017517624439,18,0.06551088
81,1.28017517624439,19,0.06532589
81,1.28017517624439,20,0.06511175
81,1.28017517624439,21,0.06509041
81,1.28017517624439,22,0.06517037
81,1.28017517624439,23,0.06519005
82,1.29551072725608,0,0.06502919
82,1.29551072725608,1,0.06529903
82,1.29551072725608,2,0.06537105
82,1.29551072725608,3,0.06544513
82,1.29551072725608,4,0.06545221
82,1.29551072725608,5,0.06522863
82,1.29551072725608,6,0.06544742
82,1.29551072725608,7,0.06513247
82,1.29551072725608,8,0.06529979
82,1.29551072725608,9,0.06524096
82,1.29551072725608,10,0.06530901
82,1.29551072725608,11,0.06555892
82,1.29551072725608,12,0.06552671
82,1.29551072725608,13,0.06524329
82,1.29551072725608,14,0.06542639
82,1.29551072725608,15,0.06573328
82,1.29551072725608,16,0.06552986
82,1.29551072725608,17,0.06560241
82,1.29551072725608,18,0.06563716
82,1.29551072725608,19,0.06541694
82,1.29551072725608,20,0.06580782
82,1.29551072725608,21,0.06550425
82,1.29551072725608,22,0.06555208
82,1.29551072725608,23,0.06577551
83,1.31130405590991,0,0.06508256
83,1.31130405590991,1,0.065005
83,1.31130405590991,2,0.06522548
83,1.31130405590991,3,0.06522256
83,1.31130405590991,4,0.06536973
83,1.31130405590991,5,0.06506441
83,1.31130405590991,6,0.06483115
83,1.31130405590991,7,0.06508206
83,1.31130405590991,8,0.06513219
83,1.31130405590991,9,0.06507885
83,1.31130405590991,10,0.06486102
83,1.31130405590991,11,0.06502426
83,1.31130405590991,12,0.06514063
83,1.31130405590991,13,0.06517922
83,1.31130405590991,14,0.06523288
83,1.31130405590991,15,0.0652941
83,1.31130405590991,16,0.06534078
83,1.31130405590991,17,0.06493466
83,1.31130405590991,18,0.06505573
83,1.31130405590991,19,0.06498489
83,1.31130405590991,20,0.06505203
83,1.31130405590991,21,0.06501805
83,1.31130405590991,22,0.06548122
83,1.31130405590991,23,0.06527776
84,1.32686849574267,0,0.06502942
84,1.32686849574267,1,0.06528621
84,1.32686849574267,2,0.0648566
84,1.32686849574267,3,0.0652164
84,1.32686849574267,4,0.06533665
84,1.32686849574267,5,0.06509921
84,1.32686849574267,6,0.06526572
84,1.32686849574267,7,0.06512602
84,1.32686849574267,8,0.06483411
84,1.32686849574267,9,0.0647927
84,1.32686849574267,10,0.06485423
84,1.32686849574267,11,0.06501614
84,1.32686849574267,12,0.06520482
84,1.32686849574267,13,0.06519168
84,1.32686849574267,14,0.06540837
84,1.32686849574267,15,0.06546625
84,1.32686849574267,16,0.06523078
84,1.32686849574267,17,0.06543647
84,1.32686849574267,18,0.06527662
84,1.32686849574267,19,0.06501275
84,1.32686849574267,20,0.06546768
84,1.32686849574267,21,0.06508229
84,1.32686849574267,22,0.06550582
84,1.32686849574267,23,0.06561489
85,1.3426618243965,0,0.06509895
85,1.3426618243965,1,0.06527781
85,1.3426618243965,2,0.06496736
85,1.3426618243965,3,0.06513198
85,1.3426618243965,4,0.06502814
85,1.3426618243965,5,0.06507199
85,1.3426618243965,6,0.06497616
85,1.3426618243965,7,0.06501285
85,1.3426618243965,8,0.06516822
85,1.3426618243965,9,0.06521048
85,1.3426618243965,10,0.06537444
85,1.3426618243965,11,0.06497522
85,1.3426618243965,12,0.06496271
85,1.3426618243965,13,0.06492659
85,1.3426618243965,14,0.06516573
85,1.3426618243965,15,0.06532841
85,1.3426618243965,16,0.0653809
85,1.3426618243965,17,0.06530344
85,1.3426618243965,18,0.06554368
85,1.3426618243965,19,0.0654706
85,1.3426618243965,20,0.06534496
85,1.3426618243965,21,0.06506304
85,1.3426618243965,22,0.06542009
85,1.3426618243965,23,0.06530953
86,1.35891293069247,0,0.06472125
86,1.35891293069247,1,0.06506509
86,1.35891293069247,2,0.06470849
86,1.35891293069247,3,0.06468653
86,1.35891293069247,4,0.06477723
86,1.35891293069247,5,0.06541526
86,1.35891293069247,6,0.06505724
86,1.35891293069247,7,0.0648515
86,1.35891293069247,8,0.06528594
86,1.35891293069247,9,0.06495441
86,1.35891293069247,10,0.06533803
86,1.35891293069247,11,0.06484305
86,1.35891293069247,12,0.06480104
86,1.35891293069247,13,0.06489437
86,1.35891293069247,14,0.06516946
86,1.35891293069247,15,0.06505802
86,1.35891293069247,16,0.0651275
86,1.35891293069247,17,0.06518652
86,1.35891293069247,18,0.06510852
86,1.35891293069247,19,0.06479966
86,1.35891293069247,20,0.0650065
86,1.35891293069247,21,0.06451997
86,1.35891293069247,22,0.06483621
86,1.35891293069247,23,0.06518209
87,1.37470625934629,0,0.0651124
87,1.37470625934629,1,0.06520154
87,1.37470625934629,2,0.06536762
87,1.37470625934629,3,0.06543232
87,1.37470625934629,4,0.06509989
87,1.37470625934629,5,0.06522982
87,1.37470625934629,6,0.06509916
87,1.37470625934629,7,0.06534123
87,1.37470625934629,8,0.0651721
87,1.37470625934629,9,0.06531499
87,1.37470625934629,10,0.06507188
87,1.37470625934629,11,0.06484916
87,1.37470625934629,12,0.06507995
87,1.37470625934629,13,0.06528953
87,1.37470625934629,14,0.06534692
87,1.37470625934629,15,0.06489447
87,1.37470625934629,16,0.06466172
87,1.37470625934629,17,0.0650765
87,1.37470625934629,18,0.06472372
87,1.37470625934629,19,0.06468882
87,1.37470625934629,20,0.0646458
87,1.37470625934629,21,0.0646447
87,1.37470625934629,22,0.06470172
87,1.37470625934629,23,0.06449388
88,1.39095736564226,0,0.06419507
88,1.39095736564226,1,0.06411967
88,1.39095736564226,2,0.06413079
88,1.39095736564226,3,0.06422536
88,1.39095736564226,4,0.06400424
88,1.39095736564226,5,0.06438827
88,1.39095736564226,6,0.06460205
88,1.39095736564226,7,0.0644416
88,1.39095736564226,8,0.06436948
88,1.39095736564226,9,0.06431533
88,1.39095736564226,10,0.06463763
88,1.39095736564226,11,0.06454155
88,1.39095736564226,12,0.06459854
88,1.39095736564226,13,0.06433822
88,1.39095736564226,14,0.06449388
88,1.39095736564226,15,0.06477718
88,1.39095736564226,16,0.06447668
88,1.39095736564226,17,0.06428991
88,1.39095736564226,18,0.06447646
88,1.39095736564226,19,0.06438654
88,1.39095736564226,20,0.06478306
88,1.39095736564226,21,0.06457531
88,1.39095736564226,22,0.06439885
88,1.39095736564226,23,0.06465245
89,1.40720847193823,0,0.0644926
89,1.40720847193823,1,0.06451505
89,1.40720847193823,2,0.06435461
89,1.40720847193823,3,0.0642421
89,1.40720847193823,4,0.06444781
89,1.40720847193823,5,0.06436063
89,1.40720847193823,6,0.06435547
89,1.40720847193823,7,0.06417691
89,1.40720847193823,8,0.06413983
89,1.40720847193823,9,0.06410871
89,1.40720847193823,10,0.06423686
89,1.40720847193823,11,0.06414389
89,1.40720847193823,12,0.06429954
89,1.40720847193823,13,0.06452262
89,1.40720847193823,14,0.0642478
89,1.40720847193823,15,0.06459247
89,1.40720847193823,16,0.06458572
89,1.40720847193823,17,0.06420187
89,1.40720847193823,18,0.0641817
89,1.40720847193823,19,0.06422687
89,1.40720847193823,20,0.06427212
89,1.40720847193823,21,0.06399105
89,1.40720847193823,22,0.06421806
89,1.40720847193823,23,0.06437723
90,1.4234595782342,0,0.06461523
90,1.4234595782342,1,0.06442199
90,1.4234595782342,2,0.06431195
90,1.4234595782342,3,0.06429507
90,1.4234595782342,4,0.06408878
90,1.4234595782342,5,0.06470186
90,1.4234595782342,6,0.06491911
90,1.4234595782342,7,0.06469871
90,1.4234595782342,8,0.06453129
90,1.4234595782342,9,0.06481102
90,1.4234595782342,10,0.06476519
90,1.4234595782342,11,0.06452768
90,1.4234595782342,12,0.06457121
90,1.4234595782342,13,0.06454042
90,1.4234595782342,14,0.06472541
90,1.4234595782342,15,0.06428243
90,1.4234595782342,16,0.06435027
90,1.4234595782342,17,0.06441377
90,1.4234595782342,18,0.06440994
90,1.4234595782342,19,0.06414703
90,1.4234595782342,20,0.0644801
90,1.4234595782342,21,0.0641739
90,1.4234595782342,22,0.06403632
90,1.4234595782342,23,0.06417637
91,1.43971068453017,0,0.06462244
91,1.43971068453017,1,0.06487225
91,1.43971068453017,2,0.06500328
91,1.43971068453017,3,0.064966
91,1.43971068453017,4,0.06475578
91,1.43971068453017,5,0.06449069
91,1.43971068453017,6,0.06479333
91,1.43971068453017,7,0.06484123
91,1.43971068453017,8,0.06461519
91,1.43971068453017,9,0.06489921
91,1.43971068453017,10,0.06468725
91,1.43971068453017,11,0.06471071
91,1.43971068453017,12,0.06467239
91,1.43971068453017,13,0.06478065
91,1.43971068453017,14,0.06454949
91,1.43971068453017,15,0.06457778
91,1.43971068453017,16,0.06431263
91,1.43971068453017,17,0.06456117
91,1.43971068453017,18,0.06429936
91,1.43971068453017,19,0.06439347
91,1.43971068453017,20,0.06446938
91,1.43971068453017,21,0.06466231
91,1.43971068453017,22,0.06470898
91,1.43971068453017,23,0.06476701
92,1.45527512436293,0,0.06435187
92,1.45527512436293,1,0.06443576
92,1.45527512436293,2,0.06443279
92,1.45527512436293,3,0.06446783
92,1.45527512436293,4,0.06454132
92,1.45527512436293,5,0.06468494
92,1.45527512436293,6,0.06459242
92,1.45527512436293,7,0.0644946
92,1.45527512436293,8,0.06472877
92,1.45527512436293,9,0.06428517
92,1.45527512436293,10,0.06414548
92,1.45527512436293,11,0.06408435
92,1.45527512436293,12,0.06438887
92,1.45527512436293,13,0.06444699
92,1.45527512436293,14,0.0640432
92,1.45527512436293,15,0.06427358
92,1.45527512436293,16,0.06432828
92,1.45527512436293,17,0.06437176
92,1.45527512436293,18,0.06405557
92,1.45527512436293,19,0.06449698
92,1.45527512436293,20,0.06415603
92,1.45527512436293,21,0.06434977
92,1.45527512436293,22,0.06469073
92,1.45527512436293,23,0.06439858
93,1.47129734183782,0,0.06429366
93,1.47129734183782,1,0.064176
93,1.47129734183782,2,0.06463124
93,1.47129734183782,3,0.06432088
93,1.47129734183782,4,0.06434069
93,1.47129734183782,5,0.06440584
93,1.47129734183782,6,0.06441893
93,1.47129734183782,7,0.06435442
93,1.47129734183782,8,0.06415383
93,1.47129734183782,9,0.06447969
93,1.47129734183782,10,0.06436254
93,1.47129734183782,11,0.06444196
93,1.47129734183782,12,0.06409621
93,1.47129734183782,13,0.06436751
93,1.47129734183782,14,0.06428006
93,1.47129734183782,15,0.06417258
93,1.47129734183782,16,0.06407893
93,1.47129734183782,17,0.06402829
93,1.47129734183782,18,0.06423189
93,1.47129734183782,19,0.06439589
93,1.47129734183782,20,0.06473649
93,1.47129734183782,21,0.06432842
93,1.47129734183782,22,0.06414799
93,1.47129734183782,23,0.06400935
94,1.48731955931272,0,0.06422272
94,1.48731955931272,1,0.06392418
94,1.48731955931272,2,0.06398531
94,1.48731955931272,3,0.06403655
94,1.48731955931272,4,0.06391674
94,1.48731955931272,5,0.06365101
94,1.48731955931272,6,0.06404329
94,1.48731955931272,7,0.06410242
94,1.48731955931272,8,0.06402833
94,1.48731955931272,9,0.06424106
94,1.48731955931272,10,0.0638001
94,1.48731955931272,11,0.06415424
94,1.48731955931272,12,0.06439498
94,1.48731955931272,13,0.06414571
94,1.48731955931272,14,0.06425492
94,1.48731955931272,15,0.06445333
94,1.48731955931272,16,0.06423011
94,1.48731955931272,17,0.06438471
94,1.48731955931272,18,0.06441678
94,1.48731955931272,19,0.0642875
94,1.48731955931272,20,0.06412286
94,1.48731955931272,21,0.06421688
94,1.48731955931272,22,0.06438968
94,1.48731955931272,23,0.06438357
95,1.50334177678762,0,0.06411774
95,1.50334177678762,1,0.06437394
95,1.50334177678762,2,0.06410141
95,1.50334177678762,3,0.063686
95,1.50334177678762,4,0.06406428
95,1.50334177678762,5,0.06412732
95,1.50334177678762,6,0.06409863
95,1.50334177678762,7,0.06412335
95,1.50334177678762,8,0.06385069
95,1.50334177678762,9,0.06373819
95,1.50334177678762,10,0.06372811
95,1.50334177678762,11,0.06391296
95,1.50334177678762,12,0.06408896
95,1.50334177678762,13,0.06404041
95,1.50334177678762,14,0.06415479
95,1.50334177678762,15,0.06419571
95,1.50334177678762,16,0.06434739
95,1.50334177678762,17,0.06426132
95,1.50334177678762,18,0.06443886
95,1.50334177678762,19,0.06408412
95,1.50334177678762,20,0.06389599
95,1.50334177678762,21,0.0643708
95,1.50334177678762,22,0.06408992
95,1.50334177678762,23,0.06393084
96,1.51959288308359,0,0.06427226
96,1.51959288308359,1,0.06416674
96,1.51959288308359,2,0.06425762
96,1.51959288308359,3,0.06419169
96,1.51959288308359,4,0.06420611
96,1.51959288308359,5,0.06408923
96,1.51959288308359,6,0.06409462
96,1.51959288308359,7,0.06401815
96,1.51959288308359,8,0.06391506
96,1.51959288308359,9,0.06364125
96,1.51959288308359,10,0.064014
96,1.51959288308359,11,0.06383573
96,1.51959288308359,12,0.06409836
96,1.51959288308359,13,0.06420305
96,1.51959288308359,14,0.06396797
96,1.51959288308359,15,0.06424019
96,1.51959288308359,16,0.06395119
96,1.51959288308359,17,0.06382459
96,1.51959288308359,18,0.06386296
96,1.51959288308359,19,0.0638115
96,1.51959288308359,20,0.06397546
96,1.51959288308359,21,0.06424803
96,1.51959288308359,22,0.06401104
96,1.51959288308359,23,0.06404471
97,1.53584398937956,0,0.06381875
97,1.53584398937956,1,0.06376511
97,1.53584398937956,2,0.06373814
97,1.53584398937956,3,0.064174
97,1.53584398937956,4,0.06382842
97,1.53584398937956,5,0.06395
97,1.53584398937956,6,0.06394576
97,1.53584398937956,7,0.06405123
97,1.53584398937956,8,0.06439991
97,1.53584398937956,9,0.06391091
97,1.53584398937956,10,0.06411355
97,1.53584398937956,11,0.06423376
97,1.53584398937956,12,0.06426729
97,1.53584398937956,13,0.06396172
97,1.53584398937956,14,0.06422979
97,1.53584398937956,15,0.06404097
97,1.53584398937956,16,0.06400224
97,1.53584398937956,17,0.06388664
97,1.53584398937956,18,0.06394658
97,1.53584398937956,19,0.06423052
97,1.53584398937956,20,0.06417144
97,1.53584398937956,21,0.0643516
97,1.53584398937956,22,0.0640615
97,1.53584398937956,23,0.0640896
98,1.55163731803339,0,0.06411633
98,1.55163731803339,1,0.06367729
98,1.55163731803339,2,0.06387902
98,1.55163731803339,3,0.06404945
98,1.55163731803339,4,0.06394909
98,1.55163731803339,5,0.06431619
98,1.55163731803339,6,0.06395078
98,1.55163731803339,7,0.06427322
98,1.55163731803339,8,0.06417007
98,1.55163731803339,9,0.06402057
98,1.55163731803339,10,0.06442522
98,1.55163731803339,11,0.06446993
98,1.55163731803339,12,0.06420378
98,1.55163731803339,13,0.06408503
98,1.55163731803339,14,0.06424411
98,1.55163731803339,15,0.06417112
98,1.55163731803339,16,0.06400205
98,1.55163731803339,17,0.06421719
98,1.55163731803339,18,0.06380475
98,1.55163731803339,19,0.06408955
98,1.55163731803339,20,0.06427308
98,1.55163731803339,21,0.06418367
98,1.55163731803339,22,0.06395411
98,1.55163731803339,23,0.0639391
99,1.56765953550829,0,0.06390493
99,1.56765953550829,1,0.06398107
99,1.56765953550829,2,0.06421126
99,1.56765953550829,3,0.06382067
99,1.56765953550829,4,0.0641937
99,1.56765953550829,5,0.06421191
99,1.56765953550829,6,0.06396921
99,1.56765953550829,7,0.06401309
99,1.56765953550829,8,0.06398217
99,1.56765953550829,9,0.0641479
99,1.56765953550829,10,0.06421077
99,1.56765953550829,11,0.06428973
99,1.56765953550829,12,0.0640734
99,1.56765953550829,13,0.06423923
99,1.56765953550829,14,0.06422746
99,1.56765953550829,15,0.06424836
99,1.56765953550829,16,0.06405849
99,1.56765953550829,17,0.06416181
99,1.56765953550829,18,0.06399649
99,1.56765953550829,19,0.06411646
99,1.56765953550829,20,0.06401259
99,1.56765953550829,21,0.0640626
99,1.56765953550829,22,0.06427121
99,1.56765953550829,23,0.06432436
100,1.58391064180425,0,0.06400228
100,1.58391064180425,1,0.06433147
100,1.58391064180425,2,0.06451236
100,1.58391064180425,3,0.06406916
100,1.58391064180425,4,0.06412262
100,1.58391064180425,5,0.0643004
100,1.58391064180425,6,0.06416465
100,1.58391064180425,7,0.06424106
100,1.58391064180425,8,0.06420492
100,1.58391064180425,9,0.06412714
100,1.58391064180425,10,0.06375521
100,1.58391064180425,11,0.06398325
100,1.58391064180425,12,0.06405807
100,1.58391064180425,13,0.06406432
100,1.58391064180425,14,0.06416519
100,1.58391064180425,15,0.06417559
100,1.58391064180425,16,0.06397728
100,1.58391064180425,17,0.06397418
100,1.58391064180425,18,0.06423795
100,1.58391064180425,19,0.0640709
100,1.58391064180425,20,0.06399453
100,1.58391064180425,21,0.06408723
100,1.58391064180425,22,0.06377637
100,1.58391064180425,23,0.06396811
101,1.59993285927915,0,0.06384261
101,1.59993285927915,1,0.06396478
101,1.59993285927915,2,0.06387974
101,1.59993285927915,3,0.0639161
101,1.59993285927915,4,0.0641525
101,1.59993285927915,5,0.06393627
101,1.59993285927915,6,0.06407546
101,1.59993285927915,7,0.06397893
101,1.59993285927915,8,0.06364489
101,1.59993285927915,9,0.06378851
101,1.59993285927915,10,0.06371314
101,1.59993285927915,11,0.06411268
101,1.59993285927915,12,0.0639604
101,1.59993285927915,13,0.06391642
101,1.59993285927915,14,0.06374996
101,1.59993285927915,15,0.0638428
101,1.59993285927915,16,0.06371543
101,1.59993285927915,17,0.06370991
101,1.59993285927915,18,0.06409758
101,1.59993285927915,19,0.06369407
101,1.59993285927915,20,0.0638079
101,1.59993285927915,21,0.06391902
101,1.59993285927915,22,0.06369394
101,1.59993285927915,23,0.06407295
102,1.61618396557512,0,0.06389471
102,1.61618396557512,1,0.06392692
102,1.61618396557512,2,0.06441309
102,1.61618396557512,3,0.06411875
102,1.61618396557512,4,0.06413768
102,1.61618396557512,5,0.06414963
102,1.61618396557512,6,0.06418289
102,1.61618396557512,7,0.06385032
102,1.61618396557512,8,0.06402609
102,1.61618396557512,9,0.06379668
102,1.61618396557512,10,0.06375744
102,1.61618396557512,11,0.06373654
102,1.61618396557512,12,0.06405894
102,1.61618396557512,13,0.06393011
102,1.61618396557512,14,0.06361032
102,1.61618396557512,15,0.06383791
102,1.61618396557512,16,0.06386383
102,1.61618396557512,17,0.06372309
102,1.61618396557512,18,0.06369599
102,1.61618396557512,19,0.063661
102,1.61618396557512,20,0.06402852
102,1.61618396557512,21,0.06384093
102,1.61618396557512,22,0.06381834
102,1.61618396557512,23,0.06383426
103,1.63220618305002,0,0.06395502
103,1.63220618305002,1,0.06428157
103,1.63220618305002,2,0.06393727
103,1.63220618305002,3,0.06398658
103,1.63220618305002,4,0.06408508
103,1.63220618305002,5,0.0642047
103,1.63220618305002,6,0.06356214
103,1.63220618305002,7,0.06358323
103,1.63220618305002,8,0.06381178
103,1.63220618305002,9,0.06385858
103,1.63220618305002,10,0.06384028
103,1.63220618305002,11,0.06411605
103,1.63220618305002,12,0.06396182
103,1.63220618305002,13,0.06374681
103,1.63220618305002,14,0.06391857
103,1.63220618305002,15,0.06408367
103,1.63220618305002,16,0.06425931
103,1.63220618305002,17,0.06402446
103,1.63220618305002,18,0.06400725
103,1.63220618305002,19,0.06384234
103,1.63220618305002,20,0.06386898
103,1.63220618305002,21,0.06397445
103,1.63220618305002,22,0.0637766
103,1.63220618305002,23,0.0638552
104,1.64822840052492,0,0.06412007
104,1.64822840052492,1,0.06387866
104,1.64822840052492,2,0.06415059
104,1.64822840052492,3,0.06420702
104,1.64822840052492,4,0.06415962
104,1.64822840052492,5,0.06410762
104,1.64822840052492,6,0.06394552
104,1.64822840052492,7,0.06422308
104,1.64822840052492,8,0.06377259
104,1.64822840052492,9,0.06398344
104,1.64822840052492,10,0.06387806
104,1.64822840052492,11,0.06359179
104,1.64822840052492,12,0.06428038
104,1.64822840052492,13,0.06406172
104,1.64822840052492,14,0.0640661
104,1.64822840052492,15,0.06408348
104,1.64822840052492,16,0.06380365
104,1.64822840052492,17,0.06398349
104,1.64822840052492,18,0.06395206
104,1.64822840052492,19,0.06405337
104,1.64822840052492,20,0.06378864
104,1.64822840052492,21,0.06429716
104,1.64822840052492,22,0.06465209
104,1.64822840052492,23,0.06413276
105,1.66379284035768,0,0.06377633
105,1.66379284035768,1,0.06378523
105,1.66379284035768,2,0.0637089
105,1.66379284035768,3,0.06414448
105,1.66379284035768,4,0.06403823
105,1.66379284035768,5,0.06387071
105,1.66379284035768,6,0.06394736
105,1.66379284035768,7,0.06397112
105,1.66379284035768,8,0.06395634
105,1.66379284035768,9,0.06375033
105,1.66379284035768,10,0.06354266
105,1.66379284035768,11,0.06381875
105,1.66379284035768,12,0.06365014
105,1.66379284035768,13,0.0639454
105,1.66379284035768,14,0.06359585
105,1.66379284035768,15,0.06390648
105,1.66379284035768,16,0.06406824
105,1.66379284035768,17,0.06382792
105,1.66379284035768,18,0.06393851
105,1.66379284035768,19,0.06379253
105,1.66379284035768,20,0.06379941
105,1.66379284035768,21,0.06370069
105,1.66379284035768,22,0.06397983
105,1.66379284035768,23,0.06387318
106,1.67981505783258,0,0.06398623
106,1.67981505783258,1,0.06371018
106,1.67981505783258,2,0.06393303
106,1.67981505783258,3,0.06358554
106,1.67981505783258,4,0.06356534
106,1.67981505783258,5,0.06382427
106,1.67981505783258,6,0.06382614
106,1.67981505783258,7,0.06398103
106,1.67981505783258,8,0.06371397
106,1.67981505783258,9,0.06369676
106,1.67981505783258,10,0.06379882
106,1.67981505783258,11,0.06394982
106,1.67981505783258,12,0.06392819
106,1.67981505783258,13,0.06417605
106,1.67981505783258,14,0.0642047
106,1.67981505783258,15,0.06402395
106,1.67981505783258,16,0.06417783
106,1.67981505783258,17,0.06413559
106,1.67981505783258,18,0.06409142
106,1.67981505783258,19,0.06415457
106,1.67981505783258,20,0.06404065
106,1.67981505783258,21,0.06408892
106,1.67981505783258,22,0.06387258
106,1.67981505783258,23,0.0640354
107,1.6956083864864,0,0.06411177
107,1.6956083864864,1,0.06393107
107,1.6956083864864,2,0.06396205
107,1.6956083864864,3,0.06402842
107,1.6956083864864,4,0.06408399
107,1.6956083864864,5,0.06389882
107,1.6956083864864,6,0.06397779
107,1.6956083864864,7,0.0639891
107,1.6956083864864,8,0.06363459
107,1.6956083864864,9,0.06388687
107,1.6956083864864,10,0.06395123
107,1.6956083864864,11,0.06378745
107,1.6956083864864,12,0.06402414
107,1.6956083864864,13,0.0638105
107,1.6956083864864,14,0.06408321
107,1.6956083864864,15,0.06391588
107,1.6956083864864,16,0.06357629
107,1.6956083864864,17,0.06390995
107,1.6956083864864,18,0.06395452
107,1.6956083864864,19,0.06377003
107,1.6956083864864,20,0.06370611
107,1.6956083864864,21,0.06413121
107,1.6956083864864,22,0.06369239
107,1.6956083864864,23,0.0635886
108,1.7116306039613,0,0.06394042
108,1.7116306039613,1,0.06427545
108,1.7116306039613,2,0.06426743
108,1.7116306039613,3,0.06390598
108,1.7116306039613,4,0.06397669
108,1.7116306039613,5,0.06412094
108,1.7116306039613,6,0.06380831
108,1.7116306039613,7,0.06408764
108,1.7116306039613,8,0.06414256
108,1.7116306039613,9,0.06409443
108,1.7116306039613,10,0.06425989
108,1.7116306039613,11,0.06420602
108,1.7116306039613,12,0.06391848
108,1.7116306039613,13,0.06407627
108,1.7116306039613,14,0.06378248
108,1.7116306039613,15,0.06382003
108,1.7116306039613,16,0.06357674
108,1.7116306039613,17,0.0639443
108,1.7116306039613,18,0.06395005
108,1.7116306039613,19,0.0636428
108,1.7116306039613,20,0.06370708
108,1.7116306039613,21,0.06380566
108,1.7116306039613,22,0.06379654
108,1.7116306039613,23,0.06351735
109,1.7276528214362,0,0.06359362
109,1.7276528214362,1,0.06386269
109,1.7276528214362,2,0.06353641
109,1.7276528214362,3,0.06384298
109,1.7276528214362,4,0.06381921
109,1.7276528214362,5,0.06360275
109,1.7276528214362,6,0.06391747
109,1.7276528214362,7,0.06374823
109,1.7276528214362,8,0.06399699
109,1.7276528214362,9,0.06370981
109,1.7276528214362,10,0.06363445
109,1.7276528214362,11,0.06349029
109,1.7276528214362,12,0.06396642
109,1.7276528214362,13,0.06377468
109,1.7276528214362,14,0.0639906
109,1.7276528214362,15,0.06371611
109,1.7276528214362,16,0.06409275
109,1.7276528214362,17,0.06383846
109,1.7276528214362,18,0.06409161
109,1.7276528214362,19,0.06366721
109,1.7276528214362,20,0.06403499
109,1.7276528214362,21,0.06407518
109,1.7276528214362,22,0.06392564
109,1.7276528214362,23,0.06392509
110,1.7436750389111,0,0.06349212
110,1.7436750389111,1,0.06368919
110,1.7436750389111,2,0.063674
110,1.7436750389111,3,0.06320426
110,1.7436750389111,4,0.06338258
110,1.7436750389111,5,0.06385447
110,1.7436750389111,6,0.06375858
110,1.7436750389111,7,0.06349828
110,1.7436750389111,8,0.0636006
110,1.7436750389111,9,0.06384353
110,1.7436750389111,10,0.06371903
110,1.7436750389111,11,0.06402916
110,1.7436750389111,12,0.06385434
110,1.7436750389111,13,0.06374207
110,1.7436750389111,14,0.06361392
110,1.7436750389111,15,0.06377546
110,1.7436750389111,16,0.06358071
110,1.7436750389111,17,0.06361803
110,1.7436750389111,18,0.06391364
110,1.7436750389111,19,0.06367273
110,1.7436750389111,20,0.06392071
110,1.7436750389111,21,0.06393477
110,1.7436750389111,22,0.06378084
110,1.7436750389111,23,0.06389607
111,1.759697256386,0,0.06366173
111,1.759697256386,1,0.06356817
111,1.759697256386,2,0.06364439
111,1.759697256386,3,0.0637672
111,1.759697256386,4,0.06367542
111,1.759697256386,5,0.06413007
111,1.759697256386,6,0.06396022
111,1.759697256386,7,0.06416588
111,1.759697256386,8,0.06394891
111,1.759697256386,9,0.06365211
111,1.759697256386,10,0.06393335
111,1.759697256386,11,0.06389663
111,1.759697256386,12,0.06398344
111,1.759697256386,13,0.06383235
111,1.759697256386,14,0.06373518
111,1.759697256386,15,0.06388344
111,1.759697256386,16,0.06366114
111,1.759697256386,17,0.06366163
111,1.759697256386,18,0.06386278
111,1.759697256386,19,0.06368317
111,1.759697256386,20,0.0634496
111,1.759697256386,21,0.06368851
111,1.759697256386,22,0.06377998
111,1.759697256386,23,0.06339472
112,1.77549058503983,0,0.06376734
112,1.77549058503983,1,0.0638016
112,1.77549058503983,2,0.06375749
112,1.77549058503983,3,0.06376136
112,1.77549058503983,4,0.06389014
112,1.77549058503983,5,0.06380329
112,1.77549058503983,6,0.06404941
112,1.77549058503983,7,0.06391191
112,1.77549058503983,8,0.06328615
112,1.77549058503983,9,0.06357875
112,1.77549058503983,10,0.06365024
112,1.77549058503983,11,0.06368021
112,1.77549058503983,12,0.06380666
112,1.77549058503983,13,0.06380762
112,1.77549058503983,14,0.06379558
112,1.77549058503983,15,0.06366191
112,1.77549058503983,16,0.06350613
112,1.77549058503983,17,0.06369503
112,1.77549058503983,18,0.06382373
112,1.77549058503983,19,0.06404503
112,1.77549058503983,20,0.06408878
112,1.77549058503983,21,0.06394407
112,1.77549058503983,22,0.06382354
112,1.77549058503983,23,0.06370525
113,1.79128391369366,0,0.06407222
113,1.79128391369366,1,0.06381597
113,1.79128391369366,2,0.06395009
113,1.79128391369366,3,0.06393531
113,1.79128391369366,4,0.06405137
113,1.79128391369366,5,0.06427172
113,1.79128391369366,6,0.06400561
113,1.79128391369366,7,0.06387235
113,1.79128391369366,8,0.06361707
113,1.79128391369366,9,0.06368686
113,1.79128391369366,10,0.06358395
113,1.79128391369366,11,0.06392628
113,1.79128391369366,12,0.06365881
113,1.79128391369366,13,0.06357222
113,1.79128391369366,14,0.06366898
113,1.79128391369366,15,0.06381447
113,1.79128391369366,16,0.06388184
113,1.79128391369366,17,0.06371734
113,1.79128391369366,18,0.06338824
113,1.79128391369366,19,0.06391825
113,1.79128391369366,20,0.06374107
113,1.79128391369366,21,0.06370977
113,1.79128391369366,22,0.06382386
113,1.79128391369366,23,0.06376615
114,1.80730613116855,0,0.06360374
114,1.80730613116855,1,0.0639026
114,1.80730613116855,2,0.06376506
114,1.80730613116855,3,0.06396542
114,1.80730613116855,4,0.06410666
114,1.80730613116855,5,0.06407664
114,1.80730613116855,6,0.06397349
114,1.80730613116855,7,0.0638776
114,1.80730613116855,8,0.06409352
114,1.80730613116855,9,0.06385155
114,1.80730613116855,10,0.06406387
114,1.80730613116855,11,0.06430729
114,1.80730613116855,12,0.06392719
114,1.80730613116855,13,0.06395839
114,1.80730613116855,14,0.06394991
114,1.80730613116855,15,0.06380657
114,1.80730613116855,16,0.06398924
114,1.80730613116855,17,0.06356288
114,1.80730613116855,18,0.06409348
114,1.80730613116855,19,0.06387067
114,1.80730613116855,20,0.06401829
114,1.80730613116855,21,0.0641318
114,1.80730613116855,22,0.06406327
114,1.80730613116855,23,0.06397222
115,1.82332834864345,0,0.06369115
115,1.82332834864345,1,0.06385087
115,1.82332834864345,2,0.06393481
115,1.82332834864345,3,0.06375749
115,1.82332834864345,4,0.06357068
115,1.82332834864345,5,0.06396565
115,1.82332834864345,6,0.06372446
115,1.82332834864345,7,0.06349458
115,1.82332834864345,8,0.06358732
115,1.82332834864345,9,0.06364197
115,1.82332834864345,10,0.0637172
115,1.82332834864345,11,0.06359084
115,1.82332834864345,12,0.06346539
115,1.82332834864345,13,0.06385977
115,1.82332834864345,14,0.06367724
115,1.82332834864345,15,0.06359732
115,1.82332834864345,16,0.06348331
115,1.82332834864345,17,0.06336397
115,1.82332834864345,18,0.06363709
115,1.82332834864345,19,0.06343272
115,1.82332834864345,20,0.0636037
115,1.82332834864345,21,0.06351894
115,1.82332834864345,22,0.06390785
115,1.82332834864345,23,0.06364886
116,1.83935056611835,0,0.06353363
116,1.83935056611835,1,0.06358892
116,1.83935056611835,2,0.0635449
116,1.83935056611835,3,0.06357382
116,1.83935056611835,4,0.06344837
116,1.83935056611835,5,0.06370156
116,1.83935056611835,6,0.06349741
116,1.83935056611835,7,0.06386693
116,1.83935056611835,8,0.06382377
116,1.83935056611835,9,0.06386679
116,1.83935056611835,10,0.06378368
116,1.83935056611835,11,0.06365899
116,1.83935056611835,12,0.06391994
116,1.83935056611835,13,0.06382254
116,1.83935056611835,14,0.06371118
116,1.83935056611835,15,0.06365603
116,1.83935056611835,16,0.06369321
116,1.83935056611835,17,0.06384448
116,1.83935056611835,18,0.06363285
116,1.83935056611835,19,0.06346028
116,1.83935056611835,20,0.06366119
116,1.83935056611835,21,0.06378152
116,1.83935056611835,22,0.06345575
116,1.83935056611835,23,0.06321557
117,1.85560167241432,0,0.06407531
117,1.85560167241432,1,0.06374042
117,1.85560167241432,2,0.06398549
117,1.85560167241432,3,0.06366917
117,1.85560167241432,4,0.06359572
117,1.85560167241432,5,0.06397222
117,1.85560167241432,6,0.06382373
117,1.85560167241432,7,0.06382368
117,1.85560167241432,8,0.06383207
117,1.85560167241432,9,0.0637303
117,1.85560167241432,10,0.06392509
117,1.85560167241432,11,0.06404712
117,1.85560167241432,12,0.06378258
117,1.85560167241432,13,0.06349645
117,1.85560167241432,14,0.06340425
117,1.85560167241432,15,0.06377957
117,1.85560167241432,16,0.06338852
117,1.85560167241432,17,0.06354941
117,1.85560167241432,18,0.06367729
117,1.85560167241432,19,0.06364471
117,1.85560167241432,20,0.06340685
117,1.85560167241432,21,0.06373171
117,1.85560167241432,22,0.06344257
117,1.85560167241432,23,0.06347957
118,1.87162388988922,0,0.06369317
118,1.87162388988922,1,0.0634689
118,1.87162388988922,2,0.06371469
118,1.87162388988922,3,0.06360529
118,1.87162388988922,4,0.06366698
118,1.87162388988922,5,0.06393317
118,1.87162388988922,6,0.06367907
118,1.87162388988922,7,0.06370124
118,1.87162388988922,8,0.06363805
118,1.87162388988922,9,0.06384134
118,1.87162388988922,10,0.06400817
118,1.87162388988922,11,0.064062
118,1.87162388988922,12,0.06390178
118,1.87162388988922,13,0.06373709
118,1.87162388988922,14,0.06375826
118,1.87162388988922,15,0.06395926
118,1.87162388988922,16,0.06401733
118,1.87162388988922,17,0.06391259
118,1.87162388988922,18,0.06395037
118,1.87162388988922,19,0.06406432
118,1.87162388988922,20,0.06390566
118,1.87162388988922,21,0.06392008
118,1.87162388988922,22,0.06406637
118,1.87162388988922,23,0.06407586
119,1.88764610736412,0,0.06367414
119,1.88764610736412,1,0.06412099
119,1.88764610736412,2,0.06389607
119,1.88764610736412,3,0.06370512
119,1.88764610736412,4,0.06375639
119,1.88764610736412,5,0.06368007
119,1.88764610736412,6,0.0636569
119,1.88764610736412,7,0.06354563
119,1.88764610736412,8,0.06358176
119,1.88764610736412,9,0.06370931
119,1.88764610736412,10,0.06363664
119,1.88764610736412,11,0.06376337
119,1.88764610736412,12,0.06371684
119,1.88764610736412,13,0.06361593
119,1.88764610736412,14,0.06354348
119,1.88764610736412,15,0.06347747
119,1.88764610736412,16,0.06365097
119,1.88764610736412,17,0.06376848
119,1.88764610736412,18,0.06365808
119,1.88764610736412,19,0.06331867
119,1.88764610736412,20,0.06369293
119,1.88764610736412,21,0.0636912
119,1.88764610736412,22,0.06372701
119,1.88764610736412,23,0.06368166
120,1.90366832483902,0,0.06344832
120,1.90366832483902,1,0.06359905
120,1.90366832483902,2,0.06329759
120,1.90366832483902,3,0.0634543
120,1.90366832483902,4,0.06347318
120,1.90366832483902,5,0.06355014
120,1.90366832483902,6,0.06325631
120,1.90366832483902,7,0.0633939
120,1.90366832483902,8,0.06339102
120,1.90366832483902,9,0.06364188
120,1.90366832483902,10,0.06361128
120,1.90366832483902,11,0.06323519
120,1.90366832483902,12,0.06344631
120,1.90366832483902,13,0.06346346
120,1.90366832483902,14,0.06342592
120,1.90366832483902,15,0.06346342
120,1.90366832483902,16,0.06346301
120,1.90366832483902,17,0.06336187
120,1.90366832483902,18,0.06341192
120,1.90366832483902,19,0.06355662
120,1.90366832483902,20,0.06327054
120,1.90366832483902,21,0.06342528
120,1.90366832483902,22,0.06341817
120,1.90366832483902,23,0.06326775
121,1.91969054231391,0,0.06339075
121,1.91969054231391,1,0.06352984
121,1.91969054231391,2,0.06322355
121,1.91969054231391,3,0.06330567
121,1.91969054231391,4,0.06347965
121,1.91969054231391,5,0.0632273
121,1.91969054231391,6,0.06343806
121,1.91969054231391,7,0.06356867
121,1.91969054231391,8,0.06325261
121,1.91969054231391,9,0.06344627
121,1.91969054231391,10,0.06348244
121,1.91969054231391,11,0.0634522
121,1.91969054231391,12,0.0632585
121,1.91969054231391,13,0.06337611
121,1.91969054231391,14,0.06350198
121,1.91969054231391,15,0.06353459
121,1.91969054231391,16,0.06336187
121,1.91969054231391,17,0.06363007
121,1.91969054231391,18,0.06342848
121,1.91969054231391,19,0.06369412
121,1.91969054231391,20,0.06346799
121,1.91969054231391,21,0.06341757
121,1.91969054231391,22,0.06364996
121,1.91969054231391,23,0.06356666
122,1.93571275978881,0,0.06397618
122,1.93571275978881,1,0.06356028
122,1.93571275978881,2,0.06393933
122,1.93571275978881,3,0.06362815
122,1.93571275978881,4,0.06358646
122,1.93571275978881,5,0.06372952
122,1.93571275978881,6,0.06366146
122,1.93571275978881,7,0.06365976
122,1.93571275978881,8,0.06357336
122,1.93571275978881,9,0.06376146
122,1.93571275978881,10,0.06349804
122,1.93571275978881,11,0.06341899
122,1.93571275978881,12,0.06348614
122,1.93571275978881,13,0.06345635
122,1.93571275978881,14,0.06336584
122,1.93571275978881,15,0.06379157
122,1.93571275978881,16,0.06360904
122,1.93571275978881,17,0.06369594
122,1.93571275978881,18,0.0638568
122,1.93571275978881,19,0.06388459
122,1.93571275978881,20,0.06322953
122,1.93571275978881,21,0.06366903
122,1.93571275978881,22,0.0637522
122,1.93571275978881,23,0.06352747
123,1.95150608844264,0,0.0637646
123,1.95150608844264,1,0.0634793
123,1.95150608844264,2,0.06373313
123,1.95150608844264,3,0.06353048
123,1.95150608844264,4,0.06334412
123,1.95150608844264,5,0.06349553
123,1.95150608844264,6,0.06401478
123,1.95150608844264,7,0.06377728
123,1.95150608844264,8,0.06382979
123,1.95150608844264,9,0.06370448
123,1.95150608844264,10,0.06389234
123,1.95150608844264,11,0.06371839
123,1.95150608844264,12,0.06405839
123,1.95150608844264,13,0.06372395
123,1.95150608844264,14,0.06349741
123,1.95150608844264,15,0.06380575
123,1.95150608844264,16,0.06377637
123,1.95150608844264,17,0.06349832
123,1.95150608844264,18,0.06372838
123,1.95150608844264,19,0.06341032
123,1.95150608844264,20,0.06350671
123,1.95150608844264,21,0.06344321
123,1.95150608844264,22,0.0634637
123,1.95150608844264,23,0.0631318
124,1.96752830591754,0,0.0631152
124,1.96752830591754,1,0.06325074
124,1.96752830591754,2,0.06348158
124,1.96752830591754,3,0.06344107
124,1.96752830591754,4,0.06354918
124,1.96752830591754,5,0.06354851
124,1.96752830591754,6,0.06332187
124,1.96752830591754,7,0.06364704
124,1.96752830591754,8,0.06365014
124,1.96752830591754,9,0.06352455
124,1.96752830591754,10,0.0636157
124,1.96752830591754,11,0.06349184
124,1.96752830591754,12,0.06317921
124,1.96752830591754,13,0.06346487
124,1.96752830591754,14,0.0633537
124,1.96752830591754,15,0.06339399
124,1.96752830591754,16,0.06360735
124,1.96752830591754,17,0.06374262
124,1.96752830591754,18,0.06362551
124,1.96752830591754,19,0.06342542
124,1.96752830591754,20,0.06330079
124,1.96752830591754,21,0.06344846
124,1.96752830591754,22,0.06367884
124,1.96752830591754,23,0.06353258
125,1.98355052339244,0,0.063398
125,1.98355052339244,1,0.06335083
125,1.98355052339244,2,0.06332286
125,1.98355052339244,3,0.06364162
125,1.98355052339244,4,0.0637553
125,1.98355052339244,5,0.06356766
125,1.98355052339244,6,0.06357328
125,1.98355052339244,7,0.06346406
125,1.98355052339244,8,0.06374814
125,1.98355052339244,9,0.06353299
125,1.98355052339244,10,0.06352355
125,1.98355052339244,11,0.06338422
125,1.98355052339244,12,0.06394444
125,1.98355052339244,13,0.06345293
125,1.98355052339244,14,0.06355868
125,1.98355052339244,15,0.06346516
125,1.98355052339244,16,0.06363335
125,1.98355052339244,17,0.06343911
125,1.98355052339244,18,0.06368034
125,1.98355052339244,19,0.06348409
125,1.98355052339244,20,0.06336315
125,1.98355052339244,21,0.0634267
125,1.98355052339244,22,0.06354262
125,1.98355052339244,23,0.06346451
126,1.99934385204627,0,0.06332282
126,1.99934385204627,1,0.06302439
126,1.99934385204627,2,0.0636422
126,1.99934385204627,3,0.06320813
126,1.99934385204627,4,0.06363303
126,1.99934385204627,5,0.06334243
126,1.99934385204627,6,0.06336488
126,1.99934385204627,7,0.06328966
126,1.99934385204627,8,0.06325863
126,1.99934385204627,9,0.0631547
126,1.99934385204627,10,0.06316037
126,1.99934385204627,11,0.06321552
126,1.99934385204627,12,0.06345548
126,1.99934385204627,13,0.0634443
126,1.99934385204627,14,0.06320129
126,1.99934385204627,15,0.06337291
126,1.99934385204627,16,0.06329304
126,1.99934385204627,17,0.06284487
126,1.99934385204627,18,0.06315285
126,1.99934385204627,19,0.06297269
126,1.99934385204627,20,0.06325909
126,1.99934385204627,21,0.0633038
126,1.99934385204627,22,0.06335088
126,1.99934385204627,23,0.06342615
127,2.01536606952116,0,0.06388979
127,2.01536606952116,1,0.0639136
127,2.01536606952116,2,0.06355266
127,2.01536606952116,3,0.06355603
127,2.01536606952116,4,0.06337428
127,2.01536606952116,5,0.0635605
127,2.01536606952116,6,0.0634975
127,2.01536606952116,7,0.06342012
127,2.01536606952116,8,0.06336169
127,2.01536606952116,9,0.06323939
127,2.01536606952116,10,0.06336392
127,2.01536606952116,11,0.06338933
127,2.01536606952116,12,0.06361137
127,2.01536606952116,13,0.063511
127,2.01536606952116,14,0.06358555
127,2.01536606952116,15,0.06362893
127,2.01536606952116,16,0.06359959
127,2.01536606952116,17,0.06365393
127,2.01536606952116,18,0.06346228
127,2.01536606952116,19,0.06335986
127,2.01536606952116,20,0.06324728
127,2.01536606952116,21,0.06354686
127,2.01536606952116,22,0.06353883
127,2.01536606952116,23,0.06332392
128,2.03115939817499,0,0.06346757
128,2.03115939817499,1,0.06359262
128,2.03115939817499,2,0.06345744
128,2.03115939817499,3,0.06327423
128,2.03115939817499,4,0.06305695
128,2.03115939817499,5,0.06324153
128,2.03115939817499,6,0.06333263
128,2.03115939817499,7,0.06316342
128,2.03115939817499,8,0.06338103
128,2.03115939817499,9,0.06329148
128,2.03115939817499,10,0.0634146
128,2.03115939817499,11,0.06357044
128,2.03115939817499,12,0.06352036
128,2.03115939817499,13,0.06346014
128,2.03115939817499,14,0.06344248
128,2.03115939817499,15,0.06353819
128,2.03115939817499,16,0.06321735
128,2.03115939817499,17,0.06371729
128,2.03115939817499,18,0.06329025
128,2.03115939817499,19,0.06315385
128,2.03115939817499,20,0.06332497
128,2.03115939817499,21,0.06314331
128,2.03115939817499,22,0.06311297
128,2.03115939817499,23,0.06337342
129,2.04695272682882,0,0.06337009
129,2.04695272682882,1,0.06330402
129,2.04695272682882,2,0.06351506
129,2.04695272682882,3,0.06314673
129,2.04695272682882,4,0.06327811
129,2.04695272682882,5,0.06333988
129,2.04695272682882,6,0.06306169
129,2.04695272682882,7,0.06317589
129,2.04695272682882,8,0.06341306
129,2.04695272682882,9,0.06343591
129,2.04695272682882,10,0.0634949
129,2.04695272682882,11,0.06345548
129,2.04695272682882,12,0.06357254
129,2.04695272682882,13,0.06320311
129,2.04695272682882,14,0.06333856
129,2.04695272682882,15,0.06356383
129,2.04695272682882,16,0.06315358
129,2.04695272682882,17,0.06292328
129,2.04695272682882,18,0.06318801
129,2.04695272682882,19,0.0634116
129,2.04695272682882,20,0.06342975
129,2.04695272682882,21,0.06342191
129,2.04695272682882,22,0.06343665
129,2.04695272682882,23,0.06342496
130,2.06251716666158,0,0.06327766
130,2.06251716666158,1,0.06365393
130,2.06251716666158,2,0.06389786
130,2.06251716666158,3,0.06378499
130,2.06251716666158,4,0.06369202
130,2.06251716666158,5,0.06348404
130,2.06251716666158,6,0.06337515
130,2.06251716666158,7,0.06351954
130,2.06251716666158,8,0.06333724
130,2.06251716666158,9,0.06320325
130,2.06251716666158,10,0.06293711
130,2.06251716666158,11,0.06296836
130,2.06251716666158,12,0.0631704
130,2.06251716666158,13,0.06342003
130,2.06251716666158,14,0.06314384
130,2.06251716666158,15,0.06347428
130,2.06251716666158,16,0.06326557
130,2.06251716666158,17,0.06317506
130,2.06251716666158,18,0.06306616
130,2.06251716666158,19,0.06300681
130,2.06251716666158,20,0.06309189
130,2.06251716666158,21,0.06324568
130,2.06251716666158,22,0.06289782
130,2.06251716666158,23,0.06300558
131,2.07831049531541,0,0.06300084
131,2.07831049531541,1,0.06272958
131,2.07831049531541,2,0.06304225
131,2.07831049531541,3,0.0629731
131,2.07831049531541,4,0.06315636
131,2.07831049531541,5,0.06323934
131,2.07831049531541,6,0.0634184
131,2.07831049531541,7,0.06313254
131,2.07831049531541,8,0.06294048
131,2.07831049531541,9,0.0632761
131,2.07831049531541,10,0.0634611
131,2.07831049531541,11,0.06324545
131,2.07831049531541,12,0.06355676
131,2.07831049531541,13,0.06319623
131,2.07831049531541,14,0.06298692
131,2.07831049531541,15,0.06309459
131,2.07831049531541,16,0.06319125
131,2.07831049531541,17,0.06292032
131,2.07831049531541,18,0.06330754
131,2.07831049531541,19,0.062973
131,2.07831049531541,20,0.06292844
131,2.07831049531541,21,0.06308523
131,2.07831049531541,22,0.06326621
131,2.07831049531541,23,0.0635495
132,2.09433271279031,0,0.06309801
132,2.09433271279031,1,0.06324641
132,2.09433271279031,2,0.06323764
132,2.09433271279031,3,0.06298564
132,2.09433271279031,4,0.06339818
132,2.09433271279031,5,0.06288209
132,2.09433271279031,6,0.0632954
132,2.09433271279031,7,0.06297652
132,2.09433271279031,8,0.06320936
132,2.09433271279031,9,0.06313094
132,2.09433271279031,10,0.06322903
132,2.09433271279031,11,0.06294253
132,2.09433271279031,12,0.06303382
132,2.09433271279031,13,0.06316023
132,2.09433271279031,14,0.06311179
132,2.09433271279031,15,0.06300116
132,2.09433271279031,16,0.06308601
132,2.09433271279031,17,0.06365844
132,2.09433271279031,18,0.06281357
132,2.09433271279031,19,0.06287433
132,2.09433271279031,20,0.06318153
132,2.09433271279031,21,0.06311899
132,2.09433271279031,22,0.06312501
132,2.09433271279031,23,0.06312433
133,2.11012604144414,0,0.06317246
133,2.11012604144414,1,0.06339745
133,2.11012604144414,2,0.06334102
133,2.11012604144414,3,0.06313204
133,2.11012604144414,4,0.06343413
133,2.11012604144414,5,0.06331666
133,2.11012604144414,6,0.0630501
133,2.11012604144414,7,0.06314252
133,2.11012604144414,8,0.06331941
133,2.11012604144414,9,0.06296173
133,2.11012604144414,10,0.06303007
133,2.11012604144414,11,0.06313597
133,2.11012604144414,12,0.06313208
133,2.11012604144414,13,0.06299528
133,2.11012604144414,14,0.0630997
133,2.11012604144414,15,0.06317547
133,2.11012604144414,16,0.06321183
133,2.11012604144414,17,0.06278077
133,2.11012604144414,18,0.06325439
133,2.11012604144414,19,0.06331069
133,2.11012604144414,20,0.06295275
133,2.11012604144414,21,0.06285076
133,2.11012604144414,22,0.06302506
133,2.11012604144414,23,0.06320767
134,2.12591937009796,0,0.06322122
134,2.12591937009796,1,0.06281193
134,2.12591937009796,2,0.06300467
134,2.12591937009796,3,0.06280084
134,2.12591937009796,4,0.06288505
134,2.12591937009796,5,0.06291461
134,2.12591937009796,6,0.06304482
134,2.12591937009796,7,0.06271777
134,2.12591937009796,8,0.06287917
134,2.12591937009796,9,0.06286445
134,2.12591937009796,10,0.06305599
134,2.12591937009796,11,0.06285038
134,2.12591937009796,12,0.06297479
134,2.12591937009796,13,0.06320841
134,2.12591937009796,14,0.06323577
134,2.12591937009796,15,0.06323833
134,2.12591937009796,16,0.06314836
134,2.12591937009796,17,0.06313345
134,2.12591937009796,18,0.06327578
134,2.12591937009796,19,0.06328386
134,2.12591937009796,20,0.06316917
134,2.12591937009796,21,0.06321616
134,2.12591937009796,22,0.06329298
134,2.12591937009796,23,0.06299728
135,2.14148380993072,0,0.06339111
135,2.14148380993072,1,0.06332583
135,2.14148380993072,2,0.06339987
135,2.14148380993072,3,0.06344194
135,2.14148380993072,4,0.0635699
135,2.14148380993072,5,0.06321767
135,2.14148380993072,6,0.0633902
135,2.14148380993072,7,0.06314404
135,2.14148380993072,8,0.0629205
135,2.14148380993072,9,0.06337304
135,2.14148380993072,10,0.06346192
135,2.14148380993072,11,0.0633991
135,2.14148380993072,12,0.06309381
135,2.14148380993072,13,0.06307679
135,2.14148380993072,14,0.06341498
135,2.14148380993072,15,0.0629794
135,2.14148380993072,16,0.06306366
135,2.14148380993072,17,0.0631225
135,2.14148380993072,18,0.06297922
135,2.14148380993072,19,0.06280787
135,2.14148380993072,20,0.06302251
135,2.14148380993072,21,0.06318409
135,2.14148380993072,22,0.06288812
135,2.14148380993072,23,0.06286968
136,2.15704824976348,0,0.06314117
136,2.15704824976348,1,0.06352843
136,2.15704824976348,2,0.06335005
136,2.15704824976348,3,0.06321557
136,2.15704824976348,4,0.06302863
136,2.15704824976348,5,0.06342779
136,2.15704824976348,6,0.06277073
136,2.15704824976348,7,0.06332592
136,2.15704824976348,8,0.0631574
136,2.15704824976348,9,0.06342018
136,2.15704824976348,10,0.06326082
136,2.15704824976348,11,0.06322137
136,2.15704824976348,12,0.06345416
136,2.15704824976348,13,0.06331242
136,2.15704824976348,14,0.0633188
136,2.15704824976348,15,0.06303674
136,2.15704824976348,16,0.06305641
136,2.15704824976348,17,0.06346712
136,2.15704824976348,18,0.063673
136,2.15704824976348,19,0.0635694
136,2.15704824976348,20,0.06368759
136,2.15704824976348,21,0.06346433
136,2.15704824976348,22,0.0630137
136,2.15704824976348,23,0.06333272
137,2.17238380077517,0,0.06346238
137,2.17238380077517,1,0.06342126
137,2.17238380077517,2,0.06321155
137,2.17238380077517,3,0.06350452
137,2.17238380077517,4,0.06362195
137,2.17238380077517,5,0.06367879
137,2.17238380077517,6,0.06357592
137,2.17238380077517,7,0.06330667
137,2.17238380077517,8,0.06356684
137,2.17238380077517,9,0.06357016
137,2.17238380077517,10,0.06312396
137,2.17238380077517,11,0.0631773
137,2.17238380077517,12,0.06353623
137,2.17238380077517,13,0.06336474
137,2.17238380077517,14,0.06326191
137,2.17238380077517,15,0.06350334
137,2.17238380077517,16,0.06342898
137,2.17238380077517,17,0.06334677
137,2.17238380077517,18,0.06352045
137,2.17238380077517,19,0.06373732
137,2.17238380077517,20,0.06339258
137,2.17238380077517,21,0.06371497
137,2.17238380077517,22,0.06348098
137,2.17238380077517,23,0.06353673
138,2.18794824060793,0,0.06344783
138,2.18794824060793,1,0.06321443
138,2.18794824060793,2,0.0633235
138,2.18794824060793,3,0.06315909
138,2.18794824060793,4,0.06332213
138,2.18794824060793,5,0.06374485
138,2.18794824060793,6,0.06342214
138,2.18794824060793,7,0.06364745
138,2.18794824060793,8,0.06339011
138,2.18794824060793,9,0.06323167
138,2.18794824060793,10,0.06318527
138,2.18794824060793,11,0.06342451
138,2.18794824060793,12,0.06344038
138,2.18794824060793,13,0.06349553
138,2.18794824060793,14,0.06345539
138,2.18794824060793,15,0.06341077
138,2.18794824060793,16,0.06357825
138,2.18794824060793,17,0.06331968
138,2.18794824060793,18,0.06357907
138,2.18794824060793,19,0.06356465
138,2.18794824060793,20,0.06354965
138,2.18794824060793,21,0.06355024
138,2.18794824060793,22,0.06328318
138,2.18794824060793,23,0.06356255
139,2.20351268044069,0,0.06339148
139,2.20351268044069,1,0.06331292
139,2.20351268044069,2,0.06354211
139,2.20351268044069,3,0.06364914
139,2.20351268044069,4,0.06343628
139,2.20351268044069,5,0.06340525
139,2.20351268044069,6,0.06329422
139,2.20351268044069,7,0.06352925
139,2.20351268044069,8,0.06341023
139,2.20351268044069,9,0.06347834
139,2.20351268044069,10,0.06348135
139,2.20351268044069,11,0.06320216
139,2.20351268044069,12,0.06341711
139,2.20351268044069,13,0.06342807
139,2.20351268044069,14,0.06352081
139,2.20351268044069,15,0.06311009
139,2.20351268044069,16,0.06372259
139,2.20351268044069,17,0.06381118
139,2.20351268044069,18,0.06359476
139,2.20351268044069,19,0.06372769
139,2.20351268044069,20,0.06347925
139,2.20351268044069,21,0.06372012
139,2.20351268044069,22,0.06380867
139,2.20351268044069,23,0.06356073
140,2.21907712027345,0,0.06328951
140,2.21907712027345,1,0.06343573
140,2.21907712027345,2,0.06339198
140,2.21907712027345,3,0.06339125
140,2.21907712027345,4,0.06329267
140,2.21907712027345,5,0.06343719
140,2.21907712027345,6,0.06316101
140,2.21907712027345,7,0.06322232
140,2.21907712027345,8,0.0629492
140,2.21907712027345,9,0.06308652
140,2.21907712027345,10,0.06318898
140,2.21907712027345,11,0.06281143
140,2.21907712027345,12,0.06321311
140,2.21907712027345,13,0.06341966
140,2.21907712027345,14,0.06333788
140,2.21907712027345,15,0.06339471
140,2.21907712027345,16,0.06345899
140,2.21907712027345,17,0.06325161
140,2.21907712027345,18,0.06348021
140,2.21907712027345,19,0.06351123
140,2.21907712027345,20,0.06311132
140,2.21907712027345,21,0.06307684
140,2.21907712027345,22,0.06288172
140,2.21907712027345,23,0.06324713
141,2.23487044892727,0,0.06304467
141,2.23487044892727,1,0.06307807
141,2.23487044892727,2,0.06297552
141,2.23487044892727,3,0.06297643
141,2.23487044892727,4,0.06326543
141,2.23487044892727,5,0.06312004
141,2.23487044892727,6,0.06289618
141,2.23487044892727,7,0.06303459
141,2.23487044892727,8,0.06325362
141,2.23487044892727,9,0.06293323
141,2.23487044892727,10,0.06305097
141,2.23487044892727,11,0.06316904
141,2.23487044892727,12,0.06322277
141,2.23487044892727,13,0.06298892
141,2.23487044892727,14,0.06306516
141,2.23487044892727,15,0.06318715
141,2.23487044892727,16,0.06325343
141,2.23487044892727,17,0.06344152
141,2.23487044892727,18,0.06321561
141,2.23487044892727,19,0.06308255
141,2.23487044892727,20,0.06319682
141,2.23487044892727,21,0.06350457
141,2.23487044892727,22,0.06330531
141,2.23487044892727,23,0.06317492
142,2.25089266640217,0,0.06297233
142,2.25089266640217,1,0.06278618
142,2.25089266640217,2,0.06291024
142,2.25089266640217,3,0.06291348
142,2.25089266640217,4,0.06293259
142,2.25089266640217,5,0.06287939
142,2.25089266640217,6,0.06287643
142,2.25089266640217,7,0.06324545
142,2.25089266640217,8,0.06315457
142,2.25089266640217,9,0.06293441
142,2.25089266640217,10,0.06326849
142,2.25089266640217,11,0.06325143
142,2.25089266640217,12,0.06314596
142,2.25089266640217,13,0.06318669
142,2.25089266640217,14,0.06331301
142,2.25089266640217,15,0.06318496
142,2.25089266640217,16,0.06320343
142,2.25089266640217,17,0.06324636
142,2.25089266640217,18,0.06319445
142,2.25089266640217,19,0.06319846
142,2.25089266640217,20,0.06308605
142,2.25089266640217,21,0.06327333
142,2.25089266640217,22,0.0630158
142,2.25089266640217,23,0.0631673
143,2.26714377269814,0,0.06312557
143,2.26714377269814,1,0.06288318
143,2.26714377269814,2,0.06280586
143,2.26714377269814,3,0.06289043
143,2.26714377269814,4,0.06297483
143,2.26714377269814,5,0.06277096
143,2.26714377269814,6,0.06320207
143,2.26714377269814,7,0.06272265
143,2.26714377269814,8,0.06277128
143,2.26714377269814,9,0.06316342
143,2.26714377269814,10,0.06285631
143,2.26714377269814,11,0.06301758
143,2.26714377269814,12,0.06288213
143,2.26714377269814,13,0.06284893
143,2.26714377269814,14,0.06294454
143,2.26714377269814,15,0.06288204
143,2.26714377269814,16,0.06292003
143,2.26714377269814,17,0.06281999
143,2.26714377269814,18,0.06312013
143,2.26714377269814,19,0.0629383
143,2.26714377269814,20,0.06283911
143,2.26714377269814,21,0.06331082
143,2.26714377269814,22,0.06321111
143,2.26714377269814,23,0.06302679
144,2.28339487899411,0,0.06291726
144,2.28339487899411,1,0.06298377
144,2.28339487899411,2,0.0630085
144,2.28339487899411,3,0.06308915
144,2.28339487899411,4,0.06279792
144,2.28339487899411,5,0.06268141
144,2.28339487899411,6,0.06287406
144,2.28339487899411,7,0.06272091
144,2.28339487899411,8,0.06274573
144,2.28339487899411,9,0.06270121
144,2.28339487899411,10,0.06297579
144,2.28339487899411,11,0.0627628
144,2.28339487899411,12,0.06275987
144,2.28339487899411,13,0.0628849
144,2.28339487899411,14,0.06299669
144,2.28339487899411,15,0.06266024
144,2.28339487899411,16,0.06272055
144,2.28339487899411,17,0.06296339
144,2.28339487899411,18,0.06309381
144,2.28339487899411,19,0.06284645
144,2.28339487899411,20,0.06290635
144,2.28339487899411,21,0.06277287
144,2.28339487899411,22,0.06261484
144,2.28339487899411,23,0.06296102
145,2.29964598529008,0,0.06273369
145,2.29964598529008,1,0.0628632
145,2.29964598529008,2,0.06286891
145,2.29964598529008,3,0.06288305
145,2.29964598529008,4,0.06297813
145,2.29964598529008,5,0.0629476
145,2.29964598529008,6,0.06257511
145,2.29964598529008,7,0.06275275
145,2.29964598529008,8,0.06272954
145,2.29964598529008,9,0.06301917
145,2.29964598529008,10,0.06295357
145,2.29964598529008,11,0.06281311
145,2.29964598529008,12,0.0629726
145,2.29964598529008,13,0.06286512
145,2.29964598529008,14,0.06296872
145,2.29964598529008,15,0.06275878
145,2.29964598529008,16,0.06288638
145,2.29964598529008,17,0.06277096
145,2.29964598529008,18,0.06307356
145,2.29964598529008,19,0.0628508
145,2.29964598529008,20,0.06253013
145,2.29964598529008,21,0.06301698
145,2.29964598529008,22,0.06263725
145,2.29964598529008,23,0.0631049
146,2.31566820276498,0,0.06299929
146,2.31566820276498,1,0.06264463
146,2.31566820276498,2,0.06273088
146,2.31566820276498,3,0.06273897
146,2.31566820276498,4,0.06249884
146,2.31566820276498,5,0.06297282
146,2.31566820276498,6,0.06259829
146,2.31566820276498,7,0.06278117
146,2.31566820276498,8,0.06294961
146,2.31566820276498,9,0.06268834
146,2.31566820276498,10,0.06268433
146,2.31566820276498,11,0.06289427
146,2.31566820276498,12,0.06298272
146,2.31566820276498,13,0.06291593
146,2.31566820276498,14,0.06282821
146,2.31566820276498,15,0.06302697
146,2.31566820276498,16,0.06277747
146,2.31566820276498,17,0.06284541
146,2.31566820276498,18,0.06323346
146,2.31566820276498,19,0.06316835
146,2.31566820276498,20,0.0630092
146,2.31566820276498,21,0.06277592
146,2.31566820276498,22,0.06284509
146,2.31566820276498,23,0.06314705
147,2.33169042023988,0,0.06313746
147,2.33169042023988,1,0.06292119
147,2.33169042023988,2,0.06326474
147,2.33169042023988,3,0.06305175
147,2.33169042023988,4,0.06266329
147,2.33169042023988,5,0.06283911
147,2.33169042023988,6,0.06312446
147,2.33169042023988,7,0.06280302
147,2.33169042023988,8,0.06252393
147,2.33169042023988,9,0.06249861
147,2.33169042023988,10,0.06289783
147,2.33169042023988,11,0.06245673
147,2.33169042023988,12,0.06274122
147,2.33169042023988,13,0.06259784
147,2.33169042023988,14,0.06287543
147,2.33169042023988,15,0.06287232
147,2.33169042023988,16,0.06295513
147,2.33169042023988,17,0.06257324
147,2.33169042023988,18,0.06245399
147,2.33169042023988,19,0.06282834
147,2.33169042023988,20,0.06250729
147,2.33169042023988,21,0.06246244
147,2.33169042023988,22,0.06262822
147,2.33169042023988,23,0.06264039
148,2.34771263771477,0,0.0627435
148,2.34771263771477,1,0.0626492
148,2.34771263771477,2,0.06251971
148,2.34771263771477,3,0.06251886
148,2.34771263771477,4,0.0627179
148,2.34771263771477,5,0.06248972
148,2.34771263771477,6,0.06276868
148,2.34771263771477,7,0.06256525
148,2.34771263771477,8,0.06288145
148,2.34771263771477,9,0.06275856
148,2.34771263771477,10,0.06297291
148,2.34771263771477,11,0.06280011
148,2.34771263771477,12,0.06279551
148,2.34771263771477,13,0.06254847
148,2.34771263771477,14,0.06270532
148,2.34771263771477,15,0.06270367
148,2.34771263771477,16,0.06283779
148,2.34771263771477,17,0.06272689
148,2.34771263771477,18,0.06275477
148,2.34771263771477,19,0.06291813
148,2.34771263771477,20,0.06282183
148,2.34771263771477,21,0.06284012
148,2.34771263771477,22,0.06257389
148,2.34771263771477,23,0.06299162
149,2.36396374401074,0,0.06293319
149,2.36396374401074,1,0.06334476
149,2.36396374401074,2,0.06314208
149,2.36396374401074,3,0.0630726
149,2.36396374401074,4,0.06313423
149,2.36396374401074,5,0.06300577
149,2.36396374401074,6,0.06322433
149,2.36396374401074,7,0.0633517
149,2.36396374401074,8,0.06318016
149,2.36396374401074,9,0.06329668
149,2.36396374401074,10,0.06323067
149,2.36396374401074,11,0.06325207
149,2.36396374401074,12,0.0632975
149,2.36396374401074,13,0.06321333
149,2.36396374401074,14,0.06280727
149,2.36396374401074,15,0.06302169
149,2.36396374401074,16,0.06314919
149,2.36396374401074,17,0.06305759
149,2.36396374401074,18,0.06336772
149,2.36396374401074,19,0.06366433
149,2.36396374401074,20,0.06322451
149,2.36396374401074,21,0.06350562
149,2.36396374401074,22,0.0631975
149,2.36396374401074,23,0.06326972
150,2.37998596148564,0,0.06332971
150,2.37998596148564,1,0.06347036
150,2.37998596148564,2,0.06315238
150,2.37998596148564,3,0.06325721
150,2.37998596148564,4,0.06350575
150,2.37998596148564,5,0.06334987
150,2.37998596148564,6,0.06306708
150,2.37998596148564,7,0.06333883
150,2.37998596148564,8,0.06351534
150,2.37998596148564,9,0.06292829
150,2.37998596148564,10,0.0631272
150,2.37998596148564,11,0.06284308
150,2.37998596148564,12,0.06283842
150,2.37998596148564,13,0.06293053
150,2.37998596148564,14,0.06299294
150,2.37998596148564,15,0.06282493
150,2.37998596148564,16,0.06299755
150,2.37998596148564,17,0.0630625
150,2.37998596148564,18,0.06277702
150,2.37998596148564,19,0.06310075
150,2.37998596148564,20,0.06307802
150,2.37998596148564,21,0.06332482
150,2.37998596148564,22,0.06321037
150,2.37998596148564,23,0.06291521
151,2.39577929013947,0,0.06326684
151,2.39577929013947,1,0.06338915
151,2.39577929013947,2,0.06314678
151,2.39577929013947,3,0.0633501
151,2.39577929013947,4,0.06339047
151,2.39577929013947,5,0.06311493
151,2.39577929013947,6,0.06321004
151,2.39577929013947,7,0.06330489
151,2.39577929013947,8,0.0631148
151,2.39577929013947,9,0.06289405
151,2.39577929013947,10,0.06260101
151,2.39577929013947,11,0.06322264
151,2.39577929013947,12,0.06308272
151,2.39577929013947,13,0.06282388
151,2.39577929013947,14,0.06261443
151,2.39577929013947,15,0.06263798
151,2.39577929013947,16,0.06250568
151,2.39577929013947,17,0.06276964
151,2.39577929013947,18,0.06291913
151,2.39577929013947,19,0.06264519
151,2.39577929013947,20,0.06294528
151,2.39577929013947,21,0.06268944
151,2.39577929013947,22,0.06275523
151,2.39577929013947,23,0.06312615
152,2.41203039643544,0,0.06315403
152,2.41203039643544,1,0.06289933
152,2.41203039643544,2,0.06277196
152,2.41203039643544,3,0.06275266
152,2.41203039643544,4,0.06284341
152,2.41203039643544,5,0.06292128
152,2.41203039643544,6,0.0629085
152,2.41203039643544,7,0.06269035
152,2.41203039643544,8,0.06276289
152,2.41203039643544,9,0.06261147
152,2.41203039643544,10,0.0628057
152,2.41203039643544,11,0.06298395
152,2.41203039643544,12,0.06271087
152,2.41203039643544,13,0.06292835
152,2.41203039643544,14,0.06296822
152,2.41203039643544,15,0.06291452
152,2.41203039643544,16,0.06278889
152,2.41203039643544,17,0.06300361
152,2.41203039643544,18,0.06276494
152,2.41203039643544,19,0.06279951
152,2.41203039643544,20,0.06297739
152,2.41203039643544,21,0.06252192
152,2.41203039643544,22,0.06296772
152,2.41203039643544,23,0.06280499
153,2.42805261391034,0,0.06284893
153,2.42805261391034,1,0.06246663
153,2.42805261391034,2,0.06235367
153,2.42805261391034,3,0.06244843
153,2.42805261391034,4,0.06249583
153,2.42805261391034,5,0.06296732
153,2.42805261391034,6,0.0628179
153,2.42805261391034,7,0.06320015
153,2.42805261391034,8,0.06308564
153,2.42805261391034,9,0.06297264
153,2.42805261391034,10,0.0632085
153,2.42805261391034,11,0.06297675
153,2.42805261391034,12,0.06286458
153,2.42805261391034,13,0.06298172
153,2.42805261391034,14,0.06325435
153,2.42805261391034,15,0.0633137
153,2.42805261391034,16,0.06318755
153,2.42805261391034,17,0.063158
153,2.42805261391034,18,0.06313396
153,2.42805261391034,19,0.0632256
153,2.42805261391034,20,0.06330781
153,2.42805261391034,21,0.0632314
153,2.42805261391034,22,0.06285927
153,2.42805261391034,23,0.06292634
154,2.44430372020631,0,0.06251489
154,2.44430372020631,1,0.06260449
154,2.44430372020631,2,0.0629585
154,2.44430372020631,3,0.06279587
154,2.44430372020631,4,0.06318249
154,2.44430372020631,5,0.06298313
154,2.44430372020631,6,0.06303564
154,2.44430372020631,7,0.06298441
154,2.44430372020631,8,0.06259724
154,2.44430372020631,9,0.06292792
154,2.44430372020631,10,0.06257087
154,2.44430372020631,11,0.06292315
154,2.44430372020631,12,0.06285635
154,2.44430372020631,13,0.06275184
154,2.44430372020631,14,0.06283751
154,2.44430372020631,15,0.06281494
154,2.44430372020631,16,0.06289039
154,2.44430372020631,17,0.06279888
154,2.44430372020631,18,0.06262146
154,2.44430372020631,19,0.06287676
154,2.44430372020631,20,0.06251137
154,2.44430372020631,21,0.06278985
154,2.44430372020631,22,0.062832
154,2.44430372020631,23,0.06249159
155,2.4603259376812,0,0.06324034
155,2.4603259376812,1,0.06300982
155,2.4603259376812,2,0.06306384
155,2.4603259376812,3,0.06303505
155,2.4603259376812,4,0.06283223
155,2.4603259376812,5,0.06304695
155,2.4603259376812,6,0.06299385
155,2.4603259376812,7,0.06302356
155,2.4603259376812,8,0.06288218
155,2.4603259376812,9,0.06295718
155,2.4603259376812,10,0.06283807
155,2.4603259376812,11,0.06306493
155,2.4603259376812,12,0.06276603
155,2.4603259376812,13,0.06292844
155,2.4603259376812,14,0.06286252
155,2.4603259376812,15,0.06282894
155,2.4603259376812,16,0.06297868
155,2.4603259376812,17,0.0626424
155,2.4603259376812,18,0.06286672
155,2.4603259376812,19,0.06272046
155,2.4603259376812,20,0.06302894
155,2.4603259376812,21,0.06271123
155,2.4603259376812,22,0.06284993
155,2.4603259376812,23,0.06293345
156,2.47611926633503,0,0.06318595
156,2.47611926633503,1,0.06315595
156,2.47611926633503,2,0.06329636
156,2.47611926633503,3,0.06289523
156,2.47611926633503,4,0.06302159
156,2.47611926633503,5,0.06292989
156,2.47611926633503,6,0.06273478
156,2.47611926633503,7,0.06305233
156,2.47611926633503,8,0.06320261
156,2.47611926633503,9,0.06314083
156,2.47611926633503,10,0.06320435
156,2.47611926633503,11,0.06318071
156,2.47611926633503,12,0.06319395
156,2.47611926633503,13,0.06316971
156,2.47611926633503,14,0.06297018
156,2.47611926633503,15,0.06307857
156,2.47611926633503,16,0.06306767
156,2.47611926633503,17,0.06320229
156,2.47611926633503,18,0.06281621
156,2.47611926633503,19,0.06267648
156,2.47611926633503,20,0.06272721
156,2.47611926633503,21,0.06306
156,2.47611926633503,22,0.06289213
156,2.47611926633503,23,0.06270331
157,2.492370372631,0,0.06285613
157,2.492370372631,1,0.0630616
157,2.492370372631,2,0.06321803
157,2.492370372631,3,0.06296066
157,2.492370372631,4,0.06297474
157,2.492370372631,5,0.06267355
157,2.492370372631,6,0.06294463
157,2.492370372631,7,0.06291443
157,2.492370372631,8,0.062895
157,2.492370372631,9,0.0630069
157,2.492370372631,10,0.06314559
157,2.492370372631,11,0.06316133
157,2.492370372631,12,0.0634125
157,2.492370372631,13,0.06274946
157,2.492370372631,14,0.06278054
157,2.492370372631,15,0.06292725
157,2.492370372631,16,0.06304756
157,2.492370372631,17,0.06282999
157,2.492370372631,18,0.06277484
157,2.492370372631,19,0.06271576
157,2.492370372631,20,0.06308496
157,2.492370372631,21,0.0629054
157,2.492370372631,22,0.06291539
157,2.492370372631,23,0.06308541
158,2.5083925901059,0,0.063184
158,2.5083925901059,1,0.06322967
158,2.5083925901059,2,0.0628159
158,2.5083925901059,3,0.0630054
158,2.5083925901059,4,0.06327775
158,2.5083925901059,5,0.06288689
158,2.5083925901059,6,0.06249333
158,2.5083925901059,7,0.06273579
158,2.5083925901059,8,0.06282999
158,2.5083925901059,9,0.06311593
158,2.5083925901059,10,0.06258301
158,2.5083925901059,11,0.06284718
158,2.5083925901059,12,0.06285731
158,2.5083925901059,13,0.06275782
158,2.5083925901059,14,0.06262913
158,2.5083925901059,15,0.06245061
158,2.5083925901059,16,0.06265157
158,2.5083925901059,17,0.0621659
158,2.5083925901059,18,0.06258611
158,2.5083925901059,19,0.06268098
158,2.5083925901059,20,0.06246161
158,2.5083925901059,21,0.06247981
158,2.5083925901059,22,0.06224496
158,2.5083925901059,23,0.06255413
159,2.52464369640187,0,0.06241261
159,2.52464369640187,1,0.06298652
159,2.52464369640187,2,0.06252511
159,2.52464369640187,3,0.06279953
159,2.52464369640187,4,0.06275813
159,2.52464369640187,5,0.06261814
159,2.52464369640187,6,0.06261992
159,2.52464369640187,7,0.06272986
159,2.52464369640187,8,0.06238634
159,2.52464369640187,9,0.0627799
159,2.52464369640187,10,0.06279176
159,2.52464369640187,11,0.06260422
159,2.52464369640187,12,0.06264044
159,2.52464369640187,13,0.06253222
159,2.52464369640187,14,0.06296959
159,2.52464369640187,15,0.0626253
159,2.52464369640187,16,0.06263136
159,2.52464369640187,17,0.06266553
159,2.52464369640187,18,0.06257097
159,2.52464369640187,19,0.06295758
159,2.52464369640187,20,0.06273496
159,2.52464369640187,21,0.06252288
159,2.52464369640187,22,0.06276148
159,2.52464369640187,23,0.06269564
160,2.54066591387677,0,0.06290749
160,2.54066591387677,1,0.06318405
160,2.54066591387677,2,0.06287355
160,2.54066591387677,3,0.06256334
160,2.54066591387677,4,0.06300768
160,2.54066591387677,5,0.06279919
160,2.54066591387677,6,0.06288999
160,2.54066591387677,7,0.0627915
160,2.54066591387677,8,0.06277881
160,2.54066591387677,9,0.06330982
160,2.54066591387677,10,0.06290435
160,2.54066591387677,11,0.06274368
160,2.54066591387677,12,0.06277881
160,2.54066591387677,13,0.06271252
160,2.54066591387677,14,0.06292652
160,2.54066591387677,15,0.06278501
160,2.54066591387677,16,0.06252305
160,2.54066591387677,17,0.06271672
160,2.54066591387677,18,0.06277985
160,2.54066591387677,19,0.06283993
160,2.54066591387677,20,0.06284924
160,2.54066591387677,21,0.06253327
160,2.54066591387677,22,0.0625169
160,2.54066591387677,23,0.06276581
161,2.55668813135166,0,0.0623747
161,2.55668813135166,1,0.06247877
161,2.55668813135166,2,0.06236932
161,2.55668813135166,3,0.06229789
161,2.55668813135166,4,0.06239646
161,2.55668813135166,5,0.06208378
161,2.55668813135166,6,0.06209538
161,2.55668813135166,7,0.06216358
161,2.55668813135166,8,0.06190018
161,2.55668813135166,9,0.06217937
161,2.55668813135166,10,0.06217942
161,2.55668813135166,11,0.06212705
161,2.55668813135166,12,0.06258149
161,2.55668813135166,13,0.06282698
161,2.55668813135166,14,0.06256416
161,2.55668813135166,15,0.0626132
161,2.55668813135166,16,0.06259222
161,2.55668813135166,17,0.06300946
161,2.55668813135166,18,0.06283013
161,2.55668813135166,19,0.06282118
161,2.55668813135166,20,0.06296352
161,2.55668813135166,21,0.06259697
161,2.55668813135166,22,0.06282324
161,2.55668813135166,23,0.06292451
162,2.57248146000549,0,0.06279331
162,2.57248146000549,1,0.06260736
162,2.57248146000549,2,0.06251097
162,2.57248146000549,3,0.0625351
162,2.57248146000549,4,0.06272575
162,2.57248146000549,5,0.06251581
162,2.57248146000549,6,0.06249857
162,2.57248146000549,7,0.0620787
162,2.57248146000549,8,0.06260235
162,2.57248146000549,9,0.06248583
162,2.57248146000549,10,0.06264236
162,2.57248146000549,11,0.06277201
162,2.57248146000549,12,0.06246977
162,2.57248146000549,13,0.06261744
162,2.57248146000549,14,0.06279422
162,2.57248146000549,15,0.0627357
162,2.57248146000549,16,0.06255573
162,2.57248146000549,17,0.06286064
162,2.57248146000549,18,0.06267324
162,2.57248146000549,19,0.06279847
162,2.57248146000549,20,0.0624164
162,2.57248146000549,21,0.06265199
162,2.57248146000549,22,0.06261722
162,2.57248146000549,23,0.06267866
163,2.58850367748039,0,0.06257288
163,2.58850367748039,1,0.06268598
163,2.58850367748039,2,0.06300201
163,2.58850367748039,3,0.06235797
163,2.58850367748039,4,0.06306507
163,2.58850367748039,5,0.06269354
163,2.58850367748039,6,0.06256119
163,2.58850367748039,7,0.06280481
163,2.58850367748039,8,0.0627429
163,2.58850367748039,9,0.06275782
163,2.58850367748039,10,0.0625821
163,2.58850367748039,11,0.06238001
163,2.58850367748039,12,0.06240423
163,2.58850367748039,13,0.06243871
163,2.58850367748039,14,0.06240847
163,2.58850367748039,15,0.06262059
163,2.58850367748039,16,0.06283519
163,2.58850367748039,17,0.06276833
163,2.58850367748039,18,0.06307943
163,2.58850367748039,19,0.06300768
163,2.58850367748039,20,0.06303582
163,2.58850367748039,21,0.06275376
163,2.58850367748039,22,0.06245267
163,2.58850367748039,23,0.06287515
164,2.60429700613422,0,0.06273223
164,2.60429700613422,1,0.06249417
164,2.60429700613422,2,0.06233
164,2.60429700613422,3,0.06254039
164,2.60429700613422,4,0.06239934
164,2.60429700613422,5,0.06235213
164,2.60429700613422,6,0.06273474
164,2.60429700613422,7,0.06254076
164,2.60429700613422,8,0.06266448
164,2.60429700613422,9,0.06245017
164,2.60429700613422,10,0.0624288
164,2.60429700613422,11,0.0624784
164,2.60429700613422,12,0.06248286
164,2.60429700613422,13,0.06243561
164,2.60429700613422,14,0.06260832
164,2.60429700613422,15,0.06229122
164,2.60429700613422,16,0.06251804
164,2.60429700613422,17,0.06278784
164,2.60429700613422,18,0.06268547
164,2.60429700613422,19,0.06237923
164,2.60429700613422,20,0.06290102
164,2.60429700613422,21,0.06240144
164,2.60429700613422,22,0.06246563
164,2.60429700613422,23,0.06281698
165,2.62031922360912,0,0.06241531
165,2.62031922360912,1,0.06262804
165,2.62031922360912,2,0.06244464
165,2.62031922360912,3,0.06234816
165,2.62031922360912,4,0.06244223
165,2.62031922360912,5,0.06270362
165,2.62031922360912,6,0.06226639
165,2.62031922360912,7,0.06255263
165,2.62031922360912,8,0.06281188
165,2.62031922360912,9,0.0627575
165,2.62031922360912,10,0.06301256
165,2.62031922360912,11,0.06268904
165,2.62031922360912,12,0.06260335
165,2.62031922360912,13,0.06223898
165,2.62031922360912,14,0.0623314
165,2.62031922360912,15,0.06249446
165,2.62031922360912,16,0.06273364
165,2.62031922360912,17,0.06264149
165,2.62031922360912,18,0.06271348
165,2.62031922360912,19,0.06240677
165,2.62031922360912,20,0.06249255
165,2.62031922360912,21,0.0625513
165,2.62031922360912,22,0.06247134
165,2.62031922360912,23,0.06246877
166,2.63611255226295,0,0.06268774
166,2.63611255226295,1,0.06273661
166,2.63611255226295,2,0.06268725
166,2.63611255226295,3,0.0625159
166,2.63611255226295,4,0.06270499
166,2.63611255226295,5,0.06247671
166,2.63611255226295,6,0.06259938
166,2.63611255226295,7,0.06299468
166,2.63611255226295,8,0.06283082
166,2.63611255226295,9,0.06284578
166,2.63611255226295,10,0.06310786
166,2.63611255226295,11,0.06280189
166,2.63611255226295,12,0.06276544
166,2.63611255226295,13,0.06283849
166,2.63611255226295,14,0.06288834
166,2.63611255226295,15,0.06271439
166,2.63611255226295,16,0.06284592
166,2.63611255226295,17,0.06295804
166,2.63611255226295,18,0.06278323
166,2.63611255226295,19,0.06280864
166,2.63611255226295,20,0.06282165
166,2.63611255226295,21,0.06279085
166,2.63611255226295,22,0.06298643
166,2.63611255226295,23,0.06310686
167,2.65190588091678,0,0.06297643
167,2.65190588091678,1,0.06297757
167,2.65190588091678,2,0.06263674
167,2.65190588091678,3,0.0629591
167,2.65190588091678,4,0.06295449
167,2.65190588091678,5,0.06298468
167,2.65190588091678,6,0.06299254
167,2.65190588091678,7,0.06282967
167,2.65190588091678,8,0.06307392
167,2.65190588091678,9,0.06297224
167,2.65190588091678,10,0.06280404
167,2.65190588091678,11,0.06315508
167,2.65190588091678,12,0.06285207
167,2.65190588091678,13,0.06276183
167,2.65190588091678,14,0.06275987
167,2.65190588091678,15,0.06309997
167,2.65190588091678,16,0.06282379
167,2.65190588091678,17,0.06292921
167,2.65190588091678,18,0.06280075
167,2.65190588091678,19,0.06278341
167,2.65190588091678,20,0.06304281
167,2.65190588091678,21,0.06269756
167,2.65190588091678,22,0.06256987
167,2.65190588091678,23,0.06251568
168,2.66792809839167,0,0.0629726
168,2.66792809839167,1,0.06267822
168,2.66792809839167,2,0.0627621
168,2.66792809839167,3,0.06248173
168,2.66792809839167,4,0.06252689
168,2.66792809839167,5,0.06264164
168,2.66792809839167,6,0.0627222
168,2.66792809839167,7,0.06267306
168,2.66792809839167,8,0.06297944
168,2.66792809839167,9,0.06263807
168,2.66792809839167,10,0.06251842
168,2.66792809839167,11,0.06247602
168,2.66792809839167,12,0.06254356
168,2.66792809839167,13,0.06292173
168,2.66792809839167,14,0.06300184
168,2.66792809839167,15,0.0629293
168,2.66792809839167,16,0.06296831
168,2.66792809839167,17,0.0626877
168,2.66792809839167,18,0.06255847
168,2.66792809839167,19,0.06248242
168,2.66792809839167,20,0.06272894
168,2.66792809839167,21,0.06246166
168,2.66792809839167,22,0.06261024
168,2.66792809839167,23,0.06239956
169,2.68395031586657,0,0.06259784
169,2.68395031586657,1,0.0628413
169,2.68395031586657,2,0.06271836
169,2.68395031586657,3,0.06266457
169,2.68395031586657,4,0.06274067
169,2.68395031586657,5,0.06284112
169,2.68395031586657,6,0.06285002
169,2.68395031586657,7,0.06291612
169,2.68395031586657,8,0.06267329
169,2.68395031586657,9,0.06263825
169,2.68395031586657,10,0.06255084
169,2.68395031586657,11,0.06313345
169,2.68395031586657,12,0.06293473
169,2.68395031586657,13,0.06293013
169,2.68395031586657,14,0.06275354
169,2.68395031586657,15,0.06281516
169,2.68395031586657,16,0.06289759
169,2.68395031586657,17,0.06265637
169,2.68395031586657,18,0.06279495
169,2.68395031586657,19,0.06265911
169,2.68395031586657,20,0.0630439
169,2.68395031586657,21,0.06275044
169,2.68395031586657,22,0.0629997
169,2.68395031586657,23,0.06281753
170,2.69997253334147,0,0.0626966
170,2.69997253334147,1,0.06257306
170,2.69997253334147,2,0.0626298
170,2.69997253334147,3,0.06253543
170,2.69997253334147,4,0.06247038
170,2.69997253334147,5,0.06240929
170,2.69997253334147,6,0.06264506
170,2.69997253334147,7,0.06296959
170,2.69997253334147,8,0.06276567
170,2.69997253334147,9,0.06292844
170,2.69997253334147,10,0.06274468
170,2.69997253334147,11,0.06287731
170,2.69997253334147,12,0.0629262
170,2.69997253334147,13,0.06286936
170,2.69997253334147,14,0.06297962
170,2.69997253334147,15,0.06296028
170,2.69997253334147,16,0.06298336
170,2.69997253334147,17,0.06262128
170,2.69997253334147,18,0.06266009
170,2.69997253334147,19,0.06275244
170,2.69997253334147,20,0.06272816
170,2.69997253334147,21,0.06276685
170,2.69997253334147,22,0.06278251
170,2.69997253334147,23,0.06301634
171,2.71622363963744,0,0.06247051
171,2.71622363963744,1,0.06249583
171,2.71622363963744,2,0.06255011
171,2.71622363963744,3,0.06244145
171,2.71622363963744,4,0.06251681
171,2.71622363963744,5,0.06269568
171,2.71622363963744,6,0.06265765
171,2.71622363963744,7,0.06246235
171,2.71622363963744,8,0.0622347
171,2.71622363963744,9,0.06258392
171,2.71622363963744,10,0.06266809
171,2.71622363963744,11,0.06286124
171,2.71622363963744,12,0.06251563
171,2.71622363963744,13,0.06267168
171,2.71622363963744,14,0.06267849
171,2.71622363963744,15,0.06273378
171,2.71622363963744,16,0.06273656
171,2.71622363963744,17,0.06273797
171,2.71622363963744,18,0.06252712
171,2.71622363963744,19,0.06275664
171,2.71622363963744,20,0.06257717
171,2.71622363963744,21,0.06272429
171,2.71622363963744,22,0.06283305
171,2.71622363963744,23,0.06255892
172,2.7317880794702,0,0.0624479
172,2.7317880794702,1,0.0625196
172,2.7317880794702,2,0.06249482
172,2.7317880794702,3,0.06261347
172,2.7317880794702,4,0.06256302
172,2.7317880794702,5,0.06247357
172,2.7317880794702,6,0.06213217
172,2.7317880794702,7,0.06251276
172,2.7317880794702,8,0.06258912
172,2.7317880794702,9,0.0627576
172,2.7317880794702,10,0.06256809
172,2.7317880794702,11,0.06258192
172,2.7317880794702,12,0.06235882
172,2.7317880794702,13,0.06254426
172,2.7317880794702,14,0.06239227
172,2.7317880794702,15,0.0627498
172,2.7317880794702,16,0.06279413
172,2.7317880794702,17,0.06272648
172,2.7317880794702,18,0.06229519
172,2.7317880794702,19,0.06267256
172,2.7317880794702,20,0.06246703
172,2.7317880794702,21,0.06250773
172,2.7317880794702,22,0.06279194
172,2.7317880794702,23,0.06262603
173,2.74735251930296,0,0.06262074
173,2.74735251930296,1,0.06267213
173,2.74735251930296,2,0.06290225
173,2.74735251930296,3,0.06263136
173,2.74735251930296,4,0.06249391
173,2.74735251930296,5,0.06264468
173,2.74735251930296,6,0.06267028
173,2.74735251930296,7,0.062821
173,2.74735251930296,8,0.06271977
173,2.74735251930296,9,0.0626829
173,2.74735251930296,10,0.06274787
173,2.74735251930296,11,0.06290234
173,2.74735251930296,12,0.06258192
173,2.74735251930296,13,0.06263542
173,2.74735251930296,14,0.06295061
173,2.74735251930296,15,0.06266722
173,2.74735251930296,16,0.06273862
173,2.74735251930296,17,0.06287917
173,2.74735251930296,18,0.06254295
173,2.74735251930296,19,0.06274455
173,2.74735251930296,20,0.0624865
173,2.74735251930296,21,0.06277046
173,2.74735251930296,22,0.06276667
173,2.74735251930296,23,0.06284426
174,2.76360362559893,0,0.06315394
174,2.76360362559893,1,0.06278989
174,2.76360362559893,2,0.06306197
174,2.76360362559893,3,0.06289295
174,2.76360362559893,4,0.06290508
174,2.76360362559893,5,0.06280988
174,2.76360362559893,6,0.06283122
174,2.76360362559893,7,0.06288934
174,2.76360362559893,8,0.06282479
174,2.76360362559893,9,0.06279509
174,2.76360362559893,10,0.06273337
174,2.76360362559893,11,0.062681
174,2.76360362559893,12,0.06280407
174,2.76360362559893,13,0.06275733
174,2.76360362559893,14,0.06293154
174,2.76360362559893,15,0.06280249
174,2.76360362559893,16,0.06283867
174,2.76360362559893,17,0.06233799
174,2.76360362559893,18,0.06241125
174,2.76360362559893,19,0.0626435
174,2.76360362559893,20,0.06278929
174,2.76360362559893,21,0.06289034
174,2.76360362559893,22,0.06278893
174,2.76360362559893,23,0.06279477
175,2.77962584307382,0,0.06281772
175,2.77962584307382,1,0.06280084
175,2.77962584307382,2,0.06256376
175,2.77962584307382,3,0.06226677
175,2.77962584307382,4,0.06266426
175,2.77962584307382,5,0.06266396
175,2.77962584307382,6,0.06287263
175,2.77962584307382,7,0.06280462
175,2.77962584307382,8,0.06290933
175,2.77962584307382,9,0.06271375
175,2.77962584307382,10,0.06286837
175,2.77962584307382,11,0.06277552
175,2.77962584307382,12,0.06274158
175,2.77962584307382,13,0.06275847
175,2.77962584307382,14,0.06263999
175,2.77962584307382,15,0.0626267
175,2.77962584307382,16,0.06294204
175,2.77962584307382,17,0.06304742
175,2.77962584307382,18,0.06297556
175,2.77962584307382,19,0.06302187
175,2.77962584307382,20,0.06290139
175,2.77962584307382,21,0.06275272
175,2.77962584307382,22,0.06265139
175,2.77962584307382,23,0.06272169
176,2.79587694936979,0,0.06276608
176,2.79587694936979,1,0.0625992
176,2.79587694936979,2,0.06243989
176,2.79587694936979,3,0.06258095
176,2.79587694936979,4,0.06307694
176,2.79587694936979,5,0.06253633
176,2.79587694936979,6,0.06267744
176,2.79587694936979,7,0.0627373
176,2.79587694936979,8,0.06294559
176,2.79587694936979,9,0.06266493
176,2.79587694936979,10,0.06247484
176,2.79587694936979,11,0.06242854
176,2.79587694936979,12,0.06241951
176,2.79587694936979,13,0.06277205
176,2.79587694936979,14,0.06254906
176,2.79587694936979,15,0.0624367
176,2.79587694936979,16,0.06253967
176,2.79587694936979,17,0.0624425
176,2.79587694936979,18,0.06232538
176,2.79587694936979,19,0.06245231
176,2.79587694936979,20,0.06243173
176,2.79587694936979,21,0.06220154
176,2.79587694936979,22,0.06228169
176,2.79587694936979,23,0.0625961
177,2.81144138920255,0,0.06279629
177,2.81144138920255,1,0.06296758
177,2.81144138920255,2,0.06286849
177,2.81144138920255,3,0.06305768
177,2.81144138920255,4,0.06247247
177,2.81144138920255,5,0.06279203
177,2.81144138920255,6,0.06286307
177,2.81144138920255,7,0.06288655
177,2.81144138920255,8,0.0629002
177,2.81144138920255,9,0.06272177
177,2.81144138920255,10,0.0629356
177,2.81144138920255,11,0.0627898
177,2.81144138920255,12,0.06270686
177,2.81144138920255,13,0.06260404
177,2.81144138920255,14,0.06258292
177,2.81144138920255,15,0.06303437
177,2.81144138920255,16,0.06292328
177,2.81144138920255,17,0.06255395
177,2.81144138920255,18,0.06268123
177,2.81144138920255,19,0.06274194
177,2.81144138920255,20,0.06297909
177,2.81144138920255,21,0.06312346
177,2.81144138920255,22,0.06267653
177,2.81144138920255,23,0.06272033
178,2.82723471785638,0,0.06285736
178,2.82723471785638,1,0.06278788
178,2.82723471785638,2,0.0627439
178,2.82723471785638,3,0.06312624
178,2.82723471785638,4,0.06290216
178,2.82723471785638,5,0.06270441
178,2.82723471785638,6,0.06277379
178,2.82723471785638,7,0.06283405
178,2.82723471785638,8,0.0629517
178,2.82723471785638,9,0.06271353
178,2.82723471785638,10,0.06287005
178,2.82723471785638,11,0.06296261
178,2.82723471785638,12,0.06282406
178,2.82723471785638,13,0.06281251
178,2.82723471785638,14,0.06271589
178,2.82723471785638,15,0.06276353
178,2.82723471785638,16,0.06252589
178,2.82723471785638,17,0.06267456
178,2.82723471785638,18,0.06263705
178,2.82723471785638,19,0.06283601
178,2.82723471785638,20,0.06262507
178,2.82723471785638,21,0.06267726
178,2.82723471785638,22,0.06243674
178,2.82723471785638,23,0.06266955
179,2.84325693533128,0,0.06241567
179,2.84325693533128,1,0.06246768
179,2.84325693533128,2,0.06276864
179,2.84325693533128,3,0.06247785
179,2.84325693533128,4,0.06240039
179,2.84325693533128,5,0.06257101
179,2.84325693533128,6,0.06268565
179,2.84325693533128,7,0.06259559
179,2.84325693533128,8,0.06286695
179,2.84325693533128,9,0.0627778
179,2.84325693533128,10,0.0627789
179,2.84325693533128,11,0.06275275
179,2.84325693533128,12,0.06248291
179,2.84325693533128,13,0.06260759
179,2.84325693533128,14,0.06251311
179,2.84325693533128,15,0.06273665
179,2.84325693533128,16,0.06278561
179,2.84325693533128,17,0.06297789
179,2.84325693533128,18,0.06268872
179,2.84325693533128,19,0.06277999
179,2.84325693533128,20,0.06236107
179,2.84325693533128,21,0.0625018
179,2.84325693533128,22,0.06264182
179,2.84325693533128,23,0.06258281
180,2.85927915280618,0,0.06282917
180,2.85927915280618,1,0.06276433
180,2.85927915280618,2,0.06277807
180,2.85927915280618,3,0.06292853
180,2.85927915280618,4,0.0632215
180,2.85927915280618,5,0.06302037
180,2.85927915280618,6,0.06312912
180,2.85927915280618,7,0.06280963
180,2.85927915280618,8,0.06291766
180,2.85927915280618,9,0.06300361
180,2.85927915280618,10,0.06281799
180,2.85927915280618,11,0.06278697
180,2.85927915280618,12,0.063008
180,2.85927915280618,13,0.06266443
180,2.85927915280618,14,0.06257127
180,2.85927915280618,15,0.06275075
180,2.85927915280618,16,0.06267293
180,2.85927915280618,17,0.06290549
180,2.85927915280618,18,0.06265545
180,2.85927915280618,19,0.06270166
180,2.85927915280618,20,0.06273483
180,2.85927915280618,21,0.06293154
180,2.85927915280618,22,0.06290513
180,2.85927915280618,23,0.06251128
181,2.87530137028108,0,0.06280006
181,2.87530137028108,1,0.06280564
181,2.87530137028108,2,0.06264244
181,2.87530137028108,3,0.06277872
181,2.87530137028108,4,0.06250107
181,2.87530137028108,5,0.06281434
181,2.87530137028108,6,0.06253323
181,2.87530137028108,7,0.06269517
181,2.87530137028108,8,0.06293961
181,2.87530137028108,9,0.06294996
181,2.87530137028108,10,0.06263689
181,2.87530137028108,11,0.06290517
181,2.87530137028108,12,0.0628711
181,2.87530137028108,13,0.06267128
181,2.87530137028108,14,0.06296845
181,2.87530137028108,15,0.06281306
181,2.87530137028108,16,0.06270947
181,2.87530137028108,17,0.06273154
181,2.87530137028108,18,0.06280372
181,2.87530137028108,19,0.06280407
181,2.87530137028108,20,0.06265038
181,2.87530137028108,21,0.06275281
181,2.87530137028108,22,0.06250704
181,2.87530137028108,23,0.06284965
182,2.89132358775597,0,0.06280193
182,2.89132358775597,1,0.06303173
182,2.89132358775597,2,0.06296772
182,2.89132358775597,3,0.06279814
182,2.89132358775597,4,0.06263734
182,2.89132358775597,5,0.06251005
182,2.89132358775597,6,0.06268241
182,2.89132358775597,7,0.06277794
182,2.89132358775597,8,0.06299806
182,2.89132358775597,9,0.06274673
182,2.89132358775597,10,0.06253811
182,2.89132358775597,11,0.06288035
182,2.89132358775597,12,0.06305791
182,2.89132358775597,13,0.06282265
182,2.89132358775597,14,0.06266571
182,2.89132358775597,15,0.06291822
182,2.89132358775597,16,0.06280421
182,2.89132358775597,17,0.06262516
182,2.89132358775597,18,0.06282457
182,2.89132358775597,19,0.06236767
182,2.89132358775597,20,0.06260964
182,2.89132358775597,21,0.06254496
182,2.89132358775597,22,0.06260505
182,2.89132358775597,23,0.06257594
183,2.90665913876766,0,0.06307916
183,2.90665913876766,1,0.06272503
183,2.90665913876766,2,0.06290863
183,2.90665913876766,3,0.06295389
183,2.90665913876766,4,0.06277502
183,2.90665913876766,5,0.06279381
183,2.90665913876766,6,0.06300703
183,2.90665913876766,7,0.06284199
183,2.90665913876766,8,0.06310909
183,2.90665913876766,9,0.06272403
183,2.90665913876766,10,0.062782
183,2.90665913876766,11,0.06263993
183,2.90665913876766,12,0.06245035
183,2.90665913876766,13,0.06242854
183,2.90665913876766,14,0.06262328
183,2.90665913876766,15,0.0626184
183,2.90665913876766,16,0.06258222
183,2.90665913876766,17,0.06253876
183,2.90665913876766,18,0.06266344
183,2.90665913876766,19,0.06240071
183,2.90665913876766,20,0.06263821
183,2.90665913876766,21,0.06274618
183,2.90665913876766,22,0.06292561
183,2.90665913876766,23,0.06274961
184,2.92268135624256,0,0.06279796
184,2.92268135624256,1,0.06269856
184,2.92268135624256,2,0.06263533
184,2.92268135624256,3,0.06284025
184,2.92268135624256,4,0.06320927
184,2.92268135624256,5,0.06305084
184,2.92268135624256,6,0.06285613
184,2.92268135624256,7,0.06282985
184,2.92268135624256,8,0.06292579
184,2.92268135624256,9,0.06257968
184,2.92268135624256,10,0.06275938
184,2.92268135624256,11,0.06269956
184,2.92268135624256,12,0.06285412
184,2.92268135624256,13,0.0627429
184,2.92268135624256,14,0.06295348
184,2.92268135624256,15,0.06250636
184,2.92268135624256,16,0.06269404
184,2.92268135624256,17,0.0623935
184,2.92268135624256,18,0.06248523
184,2.92268135624256,19,0.06265476
184,2.92268135624256,20,0.06266196
184,2.92268135624256,21,0.06241636
184,2.92268135624256,22,0.06291311
184,2.92268135624256,23,0.06250695
185,2.93870357371746,0,0.06236854
185,2.93870357371746,1,0.06258415
185,2.93870357371746,2,0.06272218
185,2.93870357371746,3,0.06297401
185,2.93870357371746,4,0.06248461
185,2.93870357371746,5,0.06289806
185,2.93870357371746,6,0.06267635
185,2.93870357371746,7,0.06274071
185,2.93870357371746,8,0.06256545
185,2.93870357371746,9,0.06272069
185,2.93870357371746,10,0.06292424
185,2.93870357371746,11,0.06266265
185,2.93870357371746,12,0.06285243
185,2.93870357371746,13,0.0626647
185,2.93870357371746,14,0.06283802
185,2.93870357371746,15,0.06283824
185,2.93870357371746,16,0.06286237
185,2.93870357371746,17,0.06252857
185,2.93870357371746,18,0.06276876
185,2.93870357371746,19,0.06267583
185,2.93870357371746,20,0.06274036
185,2.93870357371746,21,0.06280289
185,2.93870357371746,22,0.06289309
185,2.93870357371746,23,0.06309408
186,2.95449690237129,0,0.06267001
186,2.95449690237129,1,0.06256704
186,2.95449690237129,2,0.06258865
186,2.95449690237129,3,0.06225273
186,2.95449690237129,4,0.06264135
186,2.95449690237129,5,0.06262726
186,2.95449690237129,6,0.06271558
186,2.95449690237129,7,0.06259601
186,2.95449690237129,8,0.06266405
186,2.95449690237129,9,0.0627611
186,2.95449690237129,10,0.06295449
186,2.95449690237129,11,0.06270358
186,2.95449690237129,12,0.06278858
186,2.95449690237129,13,0.06271558
186,2.95449690237129,14,0.06297579
186,2.95449690237129,15,0.06276083
186,2.95449690237129,16,0.06282752
186,2.95449690237129,17,0.06279168
186,2.95449690237129,18,0.06245951
186,2.95449690237129,19,0.06247785
186,2.95449690237129,20,0.0625606
186,2.95449690237129,21,0.06243625
186,2.95449690237129,22,0.06280896
186,2.95449690237129,23,0.06304564
187,2.97051911984619,0,0.06270947
187,2.97051911984619,1,0.0629089
187,2.97051911984619,2,0.06289021
187,2.97051911984619,3,0.06291809
187,2.97051911984619,4,0.06283807
187,2.97051911984619,5,0.06271467
187,2.97051911984619,6,0.06253004
187,2.97051911984619,7,0.06258506
187,2.97051911984619,8,0.0626788
187,2.97051911984619,9,0.06243315
187,2.97051911984619,10,0.06251787
187,2.97051911984619,11,0.0627939
187,2.97051911984619,12,0.0627251
187,2.97051911984619,13,0.0624778
187,2.97051911984619,14,0.06237735
187,2.97051911984619,15,0.06257927
187,2.97051911984619,16,0.06254442
187,2.97051911984619,17,0.0623945
187,2.97051911984619,18,0.06269629
187,2.97051911984619,19,0.06218931
187,2.97051911984619,20,0.06255248
187,2.97051911984619,21,0.06247475
187,2.97051911984619,22,0.0625955
187,2.97051911984619,23,0.06272597
188,2.98654133732109,0,0.06260788
188,2.98654133732109,1,0.06269267
188,2.98654133732109,2,0.06278392
188,2.98654133732109,3,0.06260225
188,2.98654133732109,4,0.06249411
188,2.98654133732109,5,0.06244538
188,2.98654133732109,6,0.06268569
188,2.98654133732109,7,0.06289706
188,2.98654133732109,8,0.06290312
188,2.98654133732109,9,0.06279341
188,2.98654133732109,10,0.06262752
188,2.98654133732109,11,0.06269673
188,2.98654133732109,12,0.0623945
188,2.98654133732109,13,0.06260134
188,2.98654133732109,14,0.06245127
188,2.98654133732109,15,0.06281302
188,2.98654133732109,16,0.06271052
188,2.98654133732109,17,0.06239551
188,2.98654133732109,18,0.06256922
188,2.98654133732109,19,0.06249391
188,2.98654133732109,20,0.06205489
188,2.98654133732109,21,0.06283209
188,2.98654133732109,22,0.06229724
188,2.98654133732109,23,0.06253305
189,3.00256355479598,0,0.06279705
189,3.00256355479598,1,0.06249081
189,3.00256355479598,2,0.06284199
189,3.00256355479598,3,0.06295877
189,3.00256355479598,4,0.06260508
189,3.00256355479598,5,0.06259121
189,3.00256355479598,6,0.06265293
189,3.00256355479598,7,0.06307921
189,3.00256355479598,8,0.06280103
189,3.00256355479598,9,0.06269722
189,3.00256355479598,10,0.06292761
189,3.00256355479598,11,0.06279007
189,3.00256355479598,12,0.06308492
189,3.00256355479598,13,0.06301922
189,3.00256355479598,14,0.06265453
189,3.00256355479598,15,0.06270353
189,3.00256355479598,16,0.06315238
189,3.00256355479598,17,0.06270298
189,3.00256355479598,18,0.06243264
189,3.00256355479598,19,0.06258231
189,3.00256355479598,20,0.06244044
189,3.00256355479598,21,0.06261207
189,3.00256355479598,22,0.06274432
189,3.00256355479598,23,0.06261203
190,3.01858577227088,0,0.06274983
190,3.01858577227088,1,0.06257494
190,3.01858577227088,2,0.06251563
190,3.01858577227088,3,0.06251367
190,3.01858577227088,4,0.06248483
190,3.01858577227088,5,0.06270982
190,3.01858577227088,6,0.06256992
190,3.01858577227088,7,0.06290253
190,3.01858577227088,8,0.06223354
190,3.01858577227088,9,0.06282511
190,3.01858577227088,10,0.06268757
190,3.01858577227088,11,0.06256119
190,3.01858577227088,12,0.06225344
190,3.01858577227088,13,0.06257018
190,3.01858577227088,14,0.06243324
190,3.01858577227088,15,0.062782
190,3.01858577227088,16,0.06292242
190,3.01858577227088,17,0.06268989
190,3.01858577227088,18,0.06279098
190,3.01858577227088,19,0.06282502
190,3.01858577227088,20,0.06288834
190,3.01858577227088,21,0.06284663
190,3.01858577227088,22,0.06302748
190,3.01858577227088,23,0.06281412
191,3.03437910092471,0,0.06244263
191,3.03437910092471,1,0.06244154
191,3.03437910092471,2,0.06240144
191,3.03437910092471,3,0.06256918
191,3.03437910092471,4,0.0624847
191,3.03437910092471,5,0.06287556
191,3.03437910092471,6,0.06241636
191,3.03437910092471,7,0.06248081
191,3.03437910092471,8,0.06289641
191,3.03437910092471,9,0.06262201
191,3.03437910092471,10,0.0627991
191,3.03437910092471,11,0.06289919
191,3.03437910092471,12,0.06269934
191,3.03437910092471,13,0.06226472
191,3.03437910092471,14,0.06258245
191,3.03437910092471,15,0.06267896
191,3.03437910092471,16,0.06247047
191,3.03437910092471,17,0.06254396
191,3.03437910092471,18,0.06235326
191,3.03437910092471,19,0.06228332
191,3.03437910092471,20,0.06275331
191,3.03437910092471,21,0.06250377
191,3.03437910092471,22,0.06267315
191,3.03437910092471,23,0.06277109
192,3.04994354075747,0,0.06289025
192,3.04994354075747,1,0.06258658
192,3.04994354075747,2,0.0625632
192,3.04994354075747,3,0.06241562
192,3.04994354075747,4,0.06281554
192,3.04994354075747,5,0.06287707
192,3.04994354075747,6,0.06253249
192,3.04994354075747,7,0.06319335
192,3.04994354075747,8,0.06274176
192,3.04994354075747,9,0.06315015
192,3.04994354075747,10,0.06271872
192,3.04994354075747,11,0.06323838
192,3.04994354075747,12,0.06283287
192,3.04994354075747,13,0.06277109
192,3.04994354075747,14,0.06266198
192,3.04994354075747,15,0.06233594
192,3.04994354075747,16,0.06260094
192,3.04994354075747,17,0.06226983
192,3.04994354075747,18,0.06264715
192,3.04994354075747,19,0.06287812
192,3.04994354075747,20,0.0624473
192,3.04994354075747,21,0.0623029
192,3.04994354075747,22,0.06236919
192,3.04994354075747,23,0.06249168
193,3.06550798059023,0,0.06275887
193,3.06550798059023,1,0.06268565
193,3.06550798059023,2,0.0629095
193,3.06550798059023,3,0.06248911
193,3.06550798059023,4,0.06268456
193,3.06550798059023,5,0.06238424
193,3.06550798059023,6,0.06270632
193,3.06550798059023,7,0.06279089
193,3.06550798059023,8,0.06270001
193,3.06550798059023,9,0.06261434
193,3.06550798059023,10,0.06246128
193,3.06550798059023,11,0.06253374
193,3.06550798059023,12,0.0625982
193,3.06550798059023,13,0.06284268
193,3.06550798059023,14,0.06247745
193,3.06550798059023,15,0.06261608
193,3.06550798059023,16,0.06238752
193,3.06550798059023,17,0.06253615
193,3.06550798059023,18,0.06270376
193,3.06550798059023,19,0.06264218
193,3.06550798059023,20,0.06268424
193,3.06550798059023,21,0.06294651
193,3.06550798059023,22,0.06273784
193,3.06550798059023,23,0.06268647
194,3.08107242042299,0,0.06278086
194,3.08107242042299,1,0.06287844
194,3.08107242042299,2,0.06279623
194,3.08107242042299,3,0.06289454
194,3.08107242042299,4,0.06272662
194,3.08107242042299,5,0.06286507
194,3.08107242042299,6,0.06301165
194,3.08107242042299,7,0.06283916
194,3.08107242042299,8,0.06280285
194,3.08107242042299,9,0.06300376
194,3.08107242042299,10,0.0629013
194,3.08107242042299,11,0.06285412
194,3.08107242042299,12,0.06285165
194,3.08107242042299,13,0.06256334
194,3.08107242042299,14,0.06278318
194,3.08107242042299,15,0.06278369
194,3.08107242042299,16,0.06252721
194,3.08107242042299,17,0.06298364
194,3.08107242042299,18,0.06273735
194,3.08107242042299,19,0.06288834
194,3.08107242042299,20,0.06249779
194,3.08107242042299,21,0.06264628
194,3.08107242042299,22,0.06267808
194,3.08107242042299,23,0.06252402
195,3.09686574907682,0,0.06291621
195,3.09686574907682,1,0.06296872
195,3.09686574907682,2,0.06294362
195,3.09686574907682,3,0.06284718
195,3.09686574907682,4,0.06276608
195,3.09686574907682,5,0.06301288
195,3.09686574907682,6,0.06322666
195,3.09686574907682,7,0.06328988
195,3.09686574907682,8,0.06286434
195,3.09686574907682,9,0.06299084
195,3.09686574907682,10,0.06306676
195,3.09686574907682,11,0.06290754
195,3.09686574907682,12,0.06313619
195,3.09686574907682,13,0.06272379
195,3.09686574907682,14,0.06292487
195,3.09686574907682,15,0.06330115
195,3.09686574907682,16,0.06302835
195,3.09686574907682,17,0.0628512
195,3.09686574907682,18,0.06302474
195,3.09686574907682,19,0.06302364
195,3.09686574907682,20,0.06310923
195,3.09686574907682,21,0.06297164
195,3.09686574907682,22,0.06287411
195,3.09686574907682,23,0.06308573
196,3.11265907773064,0,0.06285252
196,3.11265907773064,1,0.06260685
196,3.11265907773064,2,0.062494
196,3.11265907773064,3,0.06275434
196,3.11265907773064,4,0.06285832
196,3.11265907773064,5,0.06270289
196,3.11265907773064,6,0.06297173
196,3.11265907773064,7,0.0632574
196,3.11265907773064,8,0.06317433
196,3.11265907773064,9,0.06307475
196,3.11265907773064,10,0.06302784
196,3.11265907773064,11,0.06272487
196,3.11265907773064,12,0.06296466
196,3.11265907773064,13,0.06282283
196,3.11265907773064,14,0.06274946
196,3.11265907773064,15,0.06269301
196,3.11265907773064,16,0.06282684
196,3.11265907773064,17,0.06309267
196,3.11265907773064,18,0.06298879
196,3.11265907773064,19,0.06306083
196,3.11265907773064,20,0.06309404
196,3.11265907773064,21,0.06313619
196,3.11265907773064,22,0.062882
196,3.11265907773064,23,0.06317497
197,3.1282235175634,0,0.06289888
197,3.1282235175634,1,0.06268701
197,3.1282235175634,2,0.06284815
197,3.1282235175634,3,0.06283108
197,3.1282235175634,4,0.06316867
197,3.1282235175634,5,0.0631053
197,3.1282235175634,6,0.0631173
197,3.1282235175634,7,0.06311301
197,3.1282235175634,8,0.06294541
197,3.1282235175634,9,0.06286439
197,3.1282235175634,10,0.06265099
197,3.1282235175634,11,0.06294522
197,3.1282235175634,12,0.06313797
197,3.1282235175634,13,0.0631381
197,3.1282235175634,14,0.06322953
197,3.1282235175634,15,0.06298482
197,3.1282235175634,16,0.0629585
197,3.1282235175634,17,0.06276175
197,3.1282235175634,18,0.06325658
197,3.1282235175634,19,0.0625364
197,3.1282235175634,20,0.06249451
197,3.1282235175634,21,0.06244769
197,3.1282235175634,22,0.06279783
197,3.1282235175634,23,0.06276079
198,3.14401684621723,0,0.0627195
198,3.14401684621723,1,0.06248793
198,3.14401684621723,2,0.06253105
198,3.14401684621723,3,0.06256393
198,3.14401684621723,4,0.06277767
198,3.14401684621723,5,0.0626722
198,3.14401684621723,6,0.06268049
198,3.14401684621723,7,0.0627309
198,3.14401684621723,8,0.06286621
198,3.14401684621723,9,0.06270481
198,3.14401684621723,10,0.06288528
198,3.14401684621723,11,0.06255923
198,3.14401684621723,12,0.06253013
198,3.14401684621723,13,0.06277885
198,3.14401684621723,14,0.06273351
198,3.14401684621723,15,0.06244596
198,3.14401684621723,16,0.06242434
198,3.14401684621723,17,0.06237757
198,3.14401684621723,18,0.06238735
198,3.14401684621723,19,0.06228921
198,3.14401684621723,20,0.06252484
198,3.14401684621723,21,0.06220238
198,3.14401684621723,22,0.06274062
198,3.14401684621723,23,0.06279765
199,3.16003906369213,0,0.06277329
199,3.16003906369213,1,0.06258397
199,3.16003906369213,2,0.06285194
199,3.16003906369213,3,0.06257576
199,3.16003906369213,4,0.06315731
199,3.16003906369213,5,0.06288683
199,3.16003906369213,6,0.06297652
199,3.16003906369213,7,0.06314993
199,3.16003906369213,8,0.0632486
199,3.16003906369213,9,0.06315275
199,3.16003906369213,10,0.0629751
199,3.16003906369213,11,0.06301352
199,3.16003906369213,12,0.06293219
199,3.16003906369213,13,0.06287196
199,3.16003906369213,14,0.06297068
199,3.16003906369213,15,0.06269066
199,3.16003906369213,16,0.06305559
199,3.16003906369213,17,0.06299842
199,3.16003906369213,18,0.06302702
199,3.16003906369213,19,0.06295348
199,3.16003906369213,20,0.0628351
199,3.16003906369213,21,0.06295941
199,3.16003906369213,22,0.06263794
199,3.16003906369213,23,0.06308797
200,3.1762901699881,0,0.06282506
200,3.1762901699881,1,0.06316621
200,3.1762901699881,2,0.06270231
200,3.1762901699881,3,0.06279135
200,3.1762901699881,4,0.0627757
200,3.1762901699881,5,0.06256434
200,3.1762901699881,6,0.06273592
200,3.1762901699881,7,0.06256566
200,3.1762901699881,8,0.06303277
200,3.1762901699881,9,0.06281479
200,3.1762901699881,10,0.06276955
200,3.1762901699881,11,0.0629897
200,3.1762901699881,12,0.06277616
200,3.1762901699881,13,0.06263734
200,3.1762901699881,14,0.06266448
200,3.1762901699881,15,0.06286886
200,3.1762901699881,16,0.06278628
200,3.1762901699881,17,0.06270266
200,3.1762901699881,18,0.06284777
200,3.1762901699881,19,0.06266575
200,3.1762901699881,20,0.06299035
200,3.1762901699881,21,0.06311247
200,3.1762901699881,22,0.06301954
200,3.1762901699881,23,0.06275874
