pos_index,position,sample_index,voltage
0,-0.0097659230323191,0,0.06526892
0,-0.0097659230323191,1,0.06507029
0,-0.0097659230323191,2,0.06515086
0,-0.0097659230323191,3,0.06512143
0,-0.0097659230323191,4,0.06505897
0,-0.0097659230323191,5,0.06490154
0,-0.0097659230323191,6,0.06503128
0,-0.0097659230323191,7,0.06506609
0,-0.0097659230323191,8,0.06535432
0,-0.0097659230323191,9,0.06511627
0,-0.0097659230323191,10,0.06522576
0,-0.0097659230323191,11,0.0651644
1,-0.0097659230323191,0,0.06499793
1,-0.0097659230323191,1,0.06503411
1,-0.0097659230323191,2,0.06478105
1,-0.0097659230323191,3,0.06516956
1,-0.0097659230323191,4,0.06534801
1,-0.0097659230323191,5,0.06546682
1,-0.0097659230323191,6,0.06503461
1,-0.0097659230323191,7,0.06485241
1,-0.0097659230323191,8,0.06520975
1,-0.0097659230323191,9,0.06519742
1,-0.0097659230323191,10,0.065177
1,-0.0097659230323191,11,0.06477846
1,-0.0097659230323191,12,0.06515934
1,-0.0097659230323191,13,0.06515346
1,-0.0097659230323191,14,0.06502513
1,-0.0097659230323191,15,0.06484456
2,0.0,0,0.06509393
2,0.0,1,0.06515541
2,0.0,2,0.06518944
2,0.0,3,0.06492548
2,0.0,4,0.06482327
2,0.0,5,0.06493379
2,0.0,6,0.06521121
2,0.0,7,0.06481222
2,0.0,8,0.06524578
2,0.0,9,0.06541125
2,0.0,10,0.06527981
2,0.0,11,0.06499086
2,0.0,12,0.06506149
2,0.0,13,0.06468973
2,0.0,14,0.06464986
2,0.0,15,0.06479543
3,0.010376293221839,0,0.06480743
3,0.010376293221839,1,0.06477982
3,0.010376293221839,2,0.0648635
3,0.010376293221839,3,0.0649545
3,0.010376293221839,4,0.06503297
3,0.010376293221839,5,0.06480259
3,0.010376293221839,6,0.06467677
3,0.010376293221839,7,0.06515263
3,0.010376293221839,8,0.06539953
3,0.010376293221839,9,0.06522982
3,0.010376293221839,10,0.06500865
3,0.010376293221839,11,0.06520037
3,0.010376293221839,12,0.06494748
3,0.010376293221839,13,0.065292
3,0.010376293221839,14,0.06541937
3,0.010376293221839,15,0.06504473
4,0.021362956633198,0,0.065883
4,0.021362956633198,1,0.06608769
4,0.021362956633198,2,0.06576782
4,0.021362956633198,3,0.0654748
4,0.021362956633198,4,0.06552197
4,0.021362956633198,5,0.06568867
4,0.021362956633198,6,0.06556398
4,0.021362956633198,7,0.06586353
4,0.021362956633198,8,0.06552561
4,0.021362956633198,9,0.06597666
4,0.021362956633198,10,0.06561265
4,0.021362956633198,11,0.06581867
4,0.021362956633198,12,0.06575071
4,0.021362956633198,13,0.06591974
4,0.021362956633198,14,0.06587726
4,0.021362956633198,15,0.0658116
5,0.0299081392864772,0,0.06592061
5,0.0299081392864772,1,0.06616917
5,0.0299081392864772,2,0.06597022
5,0.0299081392864772,3,0.06607053
5,0.0299081392864772,4,0.06624861
5,0.0299081392864772,5,0.06583583
5,0.0299081392864772,6,0.06572667
5,0.0299081392864772,7,0.06572438
5,0.0299081392864772,8,0.06594484
5,0.0299081392864772,9,0.06594422
5,0.0299081392864772,10,0.06586704
5,0.0299081392864772,11,0.06584113
5,0.0299081392864772,12,0.0662445
5,0.0299081392864772,13,0.06574674
5,0.0299081392864772,14,0.06597356
5,0.0299081392864772,15,0.06591325
6,0.0402844325083163,0,0.06583674
6,0.0402844325083163,1,0.06586326
6,0.0402844325083163,2,0.06588988
6,0.0402844325083163,3,0.06593408
6,0.0402844325083163,4,0.06614996
6,0.0402844325083163,5,0.06572011
6,0.0402844325083163,6,0.06568766
6,0.0402844325083163,7,0.06575104
6,0.0402844325083163,8,0.06556956
6,0.0402844325083163,9,0.06573977
6,0.0402844325083163,10,0.06602173
6,0.0402844325083163,11,0.06555495
6,0.0402844325083163,12,0.0658861
6,0.0402844325083163,13,0.06588807
6,0.0402844325083163,14,0.06588534
6,0.0402844325083163,15,0.0655138
7,0.0506607257301553,0,0.06597447
7,0.0506607257301553,1,0.06602734
7,0.0506607257301553,2,0.06575783
7,0.0506607257301553,3,0.0660333
7,0.0506607257301553,4,0.06601815
7,0.0506607257301553,5,0.06590081
7,0.0506607257301553,6,0.06609065
7,0.0506607257301553,7,0.06614786
7,0.0506607257301553,8,0.06597839
7,0.0506607257301553,9,0.06593141
7,0.0506607257301553,10,0.06595574
7,0.0506607257301553,11,0.06600806
7,0.0506607257301553,12,0.06601858
7,0.0506607257301553,13,0.06567606
7,0.0506607257301553,14,0.06591067
7,0.0506607257301553,15,0.06589404
8,0.0604266487624744,0,0.06590919
8,0.0604266487624744,1,0.06578851
8,0.0604266487624744,2,0.06576748
8,0.0604266487624744,3,0.06602938
8,0.0604266487624744,4,0.06575874
8,0.0604266487624744,5,0.06548379
8,0.0604266487624744,6,0.06577318
8,0.0604266487624744,7,0.06542161
8,0.0604266487624744,8,0.06554468
8,0.0604266487624744,9,0.06573904
8,0.0604266487624744,10,0.06557383
8,0.0604266487624744,11,0.06557603
8,0.0604266487624744,12,0.06570387
8,0.0604266487624744,13,0.06585226
8,0.0604266487624744,14,0.06575965
8,0.0604266487624744,15,0.06575057
9,0.0701925717947936,0,0.06583755
9,0.0701925717947936,1,0.06550884
9,0.0701925717947936,2,0.06560563
9,0.0701925717947936,3,0.06589628
9,0.0701925717947936,4,0.0659869
9,0.0701925717947936,5,0.06567639
9,0.0701925717947936,6,0.06587406
9,0.0701925717947936,7,0.06571615
9,0.0701925717947936,8,0.06584194
9,0.0701925717947936,9,0.06576194
9,0.0701925717947936,10,0.06563615
9,0.0701925717947936,11,0.06561116
9,0.0701925717947936,12,0.06577589
9,0.0701925717947936,13,0.06560628
9,0.0701925717947936,14,0.06565517
9,0.0701925717947936,15,0.06566932
10,0.0805688650166326,0,0.06577101
10,0.0805688650166326,1,0.06568035
10,0.0805688650166326,2,0.06586546
10,0.0805688650166326,3,0.06584657
10,0.0805688650166326,4,0.06577236
10,0.0805688650166326,5,0.06574244
10,0.0805688650166326,6,0.06577662
10,0.0805688650166326,7,0.06585761
10,0.0805688650166326,8,0.06551807
10,0.0805688650166326,9,0.0659512
10,0.0805688650166326,10,0.06550764
10,0.0805688650166326,11,0.06563993
10,0.0805688650166326,12,0.06592142
10,0.0805688650166326,13,0.06577389
10,0.0805688650166326,14,0.06565937
10,0.0805688650166326,15,0.06612252
11,0.0897244178594318,0,0.06565207
11,0.0897244178594318,1,0.06563208
11,0.0897244178594318,2,0.0655105
11,0.0897244178594318,3,0.0654836
11,0.0897244178594318,4,0.06568241
11,0.0897244178594318,5,0.06572466
11,0.0897244178594318,6,0.06542534
11,0.0897244178594318,7,0.06547676
11,0.0897244178594318,8,0.06552102
11,0.0897244178594318,9,0.06547305
11,0.0897244178594318,10,0.06582776
11,0.0897244178594318,11,0.06570645
11,0.0897244178594318,12,0.06545741
11,0.0897244178594318,13,0.06537325
11,0.0897244178594318,14,0.06553885
11,0.0897244178594318,15,0.06534939
12,0.100711081270791,0,0.06545011
12,0.100711081270791,1,0.0654695
12,0.100711081270791,2,0.06562143
12,0.100711081270791,3,0.0651697
12,0.100711081270791,4,0.06538324
12,0.100711081270791,5,0.06527041
12,0.100711081270791,6,0.06546257
12,0.100711081270791,7,0.0654664
12,0.100711081270791,8,0.06532409
12,0.100711081270791,9,0.06524941
12,0.100711081270791,10,0.06570664
12,0.100711081270791,11,0.06579076
12,0.100711081270791,12,0.06557292
12,0.100711081270791,13,0.06600139
12,0.100711081270791,14,0.0655895
12,0.100711081270791,15,0.06566353
13,0.10986663411359,0,0.06528516
13,0.10986663411359,1,0.06542061
13,0.10986663411359,2,0.06556045
13,0.10986663411359,3,0.0654945
13,0.10986663411359,4,0.06554046
13,0.10986663411359,5,0.06563041
13,0.10986663411359,6,0.0656524
13,0.10986663411359,7,0.06541006
13,0.10986663411359,8,0.06546108
13,0.10986663411359,9,0.06559242
13,0.10986663411359,10,0.06562621
13,0.10986663411359,11,0.06543232
13,0.10986663411359,12,0.06506317
13,0.10986663411359,13,0.0652358
13,0.10986663411359,14,0.06559003
13,0.10986663411359,15,0.06531914
14,0.119632557145909,0,0.06539743
14,0.119632557145909,1,0.06529989
14,0.119632557145909,2,0.06551906
14,0.119632557145909,3,0.06536421
14,0.119632557145909,4,0.06520148
14,0.119632557145909,5,0.06555089
14,0.119632557145909,6,0.06545258
14,0.119632557145909,7,0.06548712
14,0.119632557145909,8,0.06537511
14,0.119632557145909,9,0.06524649
14,0.119632557145909,10,0.06537521
14,0.119632557145909,11,0.06535824
14,0.119632557145909,12,0.06534906
14,0.119632557145909,13,0.06514533
14,0.119632557145909,14,0.06499507
14,0.119632557145909,15,0.06489179
15,0.130008850367748,0,0.06511804
15,0.130008850367748,1,0.06543246
15,0.130008850367748,2,0.06539638
15,0.130008850367748,3,0.0654112
15,0.130008850367748,4,0.06505381
15,0.130008850367748,5,0.06532722
15,0.130008850367748,6,0.06536909
15,0.130008850367748,7,0.06527809
15,0.130008850367748,8,0.06552868
15,0.130008850367748,9,0.06530346
15,0.130008850367748,10,0.06542903
15,0.130008850367748,11,0.06528345
15,0.130008850367748,12,0.06513195
15,0.130008850367748,13,0.06495541
15,0.130008850367748,14,0.06529263
15,0.130008850367748,15,0.06519467
16,0.139774773400067,0,0.06529009
16,0.139774773400067,1,0.065017
16,0.139774773400067,2,0.0653008
16,0.139774773400067,3,0.06518443
16,0.139774773400067,4,0.06537367
16,0.139774773400067,5,0.06523867
16,0.139774773400067,6,0.06501089
16,0.139774773400067,7,0.06525487
16,0.139774773400067,8,0.06518111
16,0.139774773400067,9,0.06524441
16,0.139774773400067,10,0.06522767
16,0.139774773400067,11,0.06531078
16,0.139774773400067,12,0.06502882
16,0.139774773400067,13,0.06521267
16,0.139774773400067,14,0.06536881
16,0.139774773400067,15,0.06534012
17,0.150151066621906,0,0.06506398
17,0.150151066621906,1,0.06508831
17,0.150151066621906,2,0.0651243
17,0.150151066621906,3,0.06519026
17,0.150151066621906,4,0.06490359
17,0.150151066621906,5,0.06512941
17,0.150151066621906,6,0.06545489
17,0.150151066621906,7,0.06512015
17,0.150151066621906,8,0.06526764
17,0.150151066621906,9,0.06572963
17,0.150151066621906,10,0.0654952
17,0.150151066621906,11,0.06551646
17,0.150151066621906,12,0.06552991
17,0.150151066621906,13,0.06514365
17,0.150151066621906,14,0.06533889
17,0.150151066621906,15,0.06528077
18,0.159916989654225,0,0.06521554
18,0.159916989654225,1,0.06533443
18,0.159916989654225,2,0.06522457
18,0.159916989654225,3,0.06528296
18,0.159916989654225,4,0.06543571
18,0.159916989654225,5,0.06571496
18,0.159916989654225,6,0.06533625
18,0.159916989654225,7,0.06536107
18,0.159916989654225,8,0.06542739
18,0.159916989654225,9,0.06529907
18,0.159916989654225,10,0.06532932
18,0.159916989654225,11,0.06560791
18,0.159916989654225,12,0.06540317
18,0.159916989654225,13,0.06532736
18,0.159916989654225,14,0.06542499
18,0.159916989654225,15,0.06552015
19,0.170293282876064,0,0.06541988
19,0.170293282876064,1,0.0650593
19,0.170293282876064,2,0.06508926
19,0.170293282876064,3,0.06544509
19,0.170293282876064,4,0.06530941
19,0.170293282876064,5,0.06531249
19,0.170293282876064,6,0.06542686
19,0.170293282876064,7,0.06532384
19,0.170293282876064,8,0.06502748
19,0.170293282876064,9,0.06517667
19,0.170293282876064,10,0.06518699
19,0.170293282876064,11,0.06509669
19,0.170293282876064,12,0.0650363
19,0.170293282876064,13,0.06525025
19,0.170293282876064,14,0.06528565
19,0.170293282876064,15,0.06535061
20,0.180059205908383,0,0.06511184
20,0.180059205908383,1,0.06516334
20,0.180059205908383,2,0.06507279
20,0.180059205908383,3,0.06484587
20,0.180059205908383,4,0.06493239
20,0.180059205908383,5,0.06521988
20,0.180059205908383,6,0.06500669
20,0.180059205908383,7,0.06511532
20,0.180059205908383,8,0.06500363
20,0.180059205908383,9,0.0651472
20,0.180059205908383,10,0.06515861
20,0.180059205908383,11,0.06494474
20,0.180059205908383,12,0.06533347
20,0.180059205908383,13,0.06512526
20,0.180059205908383,14,0.06517994
20,0.180059205908383,15,0.06513849
21,0.189825128940703,0,0.06492157
21,0.189825128940703,1,0.06493643
21,0.189825128940703,2,0.06491496
21,0.189825128940703,3,0.06510364
21,0.189825128940703,4,0.06506595
21,0.189825128940703,5,0.06499616
21,0.189825128940703,6,0.06493763
21,0.189825128940703,7,0.06487129
21,0.189825128940703,8,0.06509935
21,0.189825128940703,9,0.0648405
21,0.189825128940703,10,0.06490852
21,0.189825128940703,11,0.06467453
21,0.189825128940703,12,0.0649598
21,0.189825128940703,13,0.06513109
21,0.189825128940703,14,0.06489886
21,0.189825128940703,15,0.06503407
22,0.200201422162542,0,0.06521147
22,0.200201422162542,1,0.06531928
22,0.200201422162542,2,0.06505099
22,0.200201422162542,3,0.06498872
22,0.200201422162542,4,0.06496071
22,0.200201422162542,5,0.06518675
22,0.200201422162542,6,0.06514505
22,0.200201422162542,7,0.06532297
22,0.200201422162542,8,0.06522878
22,0.200201422162542,9,0.06536335
22,0.200201422162542,10,0.06495984
22,0.200201422162542,11,0.0649368
22,0.200201422162542,12,0.06549364
22,0.200201422162542,13,0.06541193
22,0.200201422162542,14,0.06517339
22,0.200201422162542,15,0.0652649
23,0.210577715384381,0,0.06499574
23,0.210577715384381,1,0.06503885
23,0.210577715384381,2,0.06529998
23,0.210577715384381,3,0.06563257
23,0.210577715384381,4,0.06553259
23,0.210577715384381,5,0.06553922
23,0.210577715384381,6,0.0653936
23,0.210577715384381,7,0.0653924
23,0.210577715384381,8,0.06566101
23,0.210577715384381,9,0.06570478
23,0.210577715384381,10,0.06538831
23,0.210577715384381,11,0.06558903
23,0.210577715384381,12,0.06565522
23,0.210577715384381,13,0.06550143
23,0.210577715384381,14,0.06540331
23,0.210577715384381,15,0.06548096
24,0.21973326822718,0,0.06537621
24,0.21973326822718,1,0.06504032
24,0.21973326822718,2,0.06539218
24,0.21973326822718,3,0.06521143
24,0.21973326822718,4,0.06542812
24,0.21973326822718,5,0.06533173
24,0.21973326822718,6,0.06531522
24,0.21973326822718,7,0.06509666
24,0.21973326822718,8,0.06511641
24,0.21973326822718,9,0.06520975
24,0.21973326822718,10,0.06520272
24,0.21973326822718,11,0.06528904
24,0.21973326822718,12,0.06509263
24,0.21973326822718,13,0.06548178
24,0.21973326822718,14,0.06537329
24,0.21973326822718,15,0.06526207
25,0.230719931638539,0,0.06534195
25,0.230719931638539,1,0.06530255
25,0.230719931638539,2,0.06531389
25,0.230719931638539,3,0.06520664
25,0.230719931638539,4,0.06509564
25,0.230719931638539,5,0.06525295
25,0.230719931638539,6,0.06505845
25,0.230719931638539,7,0.0651
25,0.230719931638539,8,0.06507472
25,0.230719931638539,9,0.06508429
25,0.230719931638539,10,0.06515788
25,0.230719931638539,11,0.06522886
25,0.230719931638539,12,0.06509031
25,0.230719931638539,13,0.06526604
25,0.230719931638539,14,0.06528178
25,0.230719931638539,15,0.06539752
26,0.239875484481338,0,0.06525734
26,0.239875484481338,1,0.06550458
26,0.239875484481338,2,0.06536011
26,0.239875484481338,3,0.06535418
26,0.239875484481338,4,0.06517093
26,0.239875484481338,5,0.06518615
26,0.239875484481338,6,0.06531084
26,0.239875484481338,7,0.06502932
26,0.239875484481338,8,0.06490903
26,0.239875484481338,9,0.06508999
26,0.239875484481338,10,0.0651613
26,0.239875484481338,11,0.06528922
26,0.239875484481338,12,0.0656158
26,0.239875484481338,13,0.06546878
26,0.239875484481338,14,0.06528502
26,0.239875484481338,15,0.06531923
27,0.250251777703177,0,0.06519332
27,0.250251777703177,1,0.06529637
27,0.250251777703177,2,0.06526012
27,0.250251777703177,3,0.06536431
27,0.250251777703177,4,0.0652431
27,0.250251777703177,5,0.06535462
27,0.250251777703177,6,0.06531604
27,0.250251777703177,7,0.06537133
27,0.250251777703177,8,0.06565832
27,0.250251777703177,9,0.06577571
27,0.250251777703177,10,0.0655564
27,0.250251777703177,11,0.06554587
27,0.250251777703177,12,0.06536116
27,0.250251777703177,13,0.06550309
27,0.250251777703177,14,0.06539141
27,0.250251777703177,15,0.06533569
28,0.260628070925016,0,0.06545445
28,0.260628070925016,1,0.06526938
28,0.260628070925016,2,0.06529792
28,0.260628070925016,3,0.06528187
28,0.260628070925016,4,0.06526626
28,0.260628070925016,5,0.06557369
28,0.260628070925016,6,0.06531504
28,0.260628070925016,7,0.06519264
28,0.260628070925016,8,0.06521094
28,0.260628070925016,9,0.06541311
28,0.260628070925016,10,0.0650103
28,0.260628070925016,11,0.06526161
28,0.260628070925016,12,0.06519159
28,0.260628070925016,13,0.06552178
28,0.260628070925016,14,0.0652587
28,0.260628070925016,15,0.06516134
29,0.270393993957335,0,0.06510145
29,0.270393993957335,1,0.06523283
29,0.270393993957335,2,0.06505213
29,0.270393993957335,3,0.06509356
29,0.270393993957335,4,0.06523068
29,0.270393993957335,5,0.06541923
29,0.270393993957335,6,0.0651978
29,0.270393993957335,7,0.06512941
29,0.270393993957335,8,0.06544047
29,0.270393993957335,9,0.06533635
29,0.270393993957335,10,0.06532393
29,0.270393993957335,11,0.06513266
29,0.270393993957335,12,0.06532522
29,0.270393993957335,13,0.06548082
29,0.270393993957335,14,0.06536188
29,0.270393993957335,15,0.06519254
30,0.280159916989654,0,0.06542329
30,0.280159916989654,1,0.06532664
30,0.280159916989654,2,0.06530906
30,0.280159916989654,3,0.06529897
30,0.280159916989654,4,0.06544187
30,0.280159916989654,5,0.06547795
30,0.280159916989654,6,0.06545673
30,0.280159916989654,7,0.06541143
30,0.280159916989654,8,0.06551175
30,0.280159916989654,9,0.06518041
30,0.280159916989654,10,0.0655659
30,0.280159916989654,11,0.06534296
30,0.280159916989654,12,0.06553511
30,0.280159916989654,13,0.06553584
30,0.280159916989654,14,0.0657206
30,0.280159916989654,15,0.06553362
31,0.290536210211493,0,0.06524023
31,0.290536210211493,1,0.06538606
31,0.290536210211493,2,0.06525382
31,0.290536210211493,3,0.06503589
31,0.290536210211493,4,0.06513506
31,0.290536210211493,5,0.06520212
31,0.290536210211493,6,0.06497842
31,0.290536210211493,7,0.06521372
31,0.290536210211493,8,0.06531819
31,0.290536210211493,9,0.06528056
31,0.290536210211493,10,0.06535155
31,0.290536210211493,11,0.06522795
31,0.290536210211493,12,0.065067
31,0.290536210211493,13,0.06512271
31,0.290536210211493,14,0.0652258
31,0.290536210211493,15,0.06530309
32,0.299691763054292,0,0.06537937
32,0.299691763054292,1,0.06538238
32,0.299691763054292,2,0.06534687
32,0.299691763054292,3,0.06515259
32,0.299691763054292,4,0.06493324
32,0.299691763054292,5,0.06525569
32,0.299691763054292,6,0.06538602
32,0.299691763054292,7,0.06526686
32,0.299691763054292,8,0.06538252
32,0.299691763054292,9,0.0652629
32,0.299691763054292,10,0.06527895
32,0.299691763054292,11,0.06556288
32,0.299691763054292,12,0.06558492
32,0.299691763054292,13,0.06536686
32,0.299691763054292,14,0.06539084
32,0.299691763054292,15,0.06531389
33,0.310068056276132,0,0.06487416
33,0.310068056276132,1,0.06490871
33,0.310068056276132,2,0.06516591
33,0.310068056276132,3,0.06524655
33,0.310068056276132,4,0.06542614
33,0.310068056276132,5,0.06513578
33,0.310068056276132,6,0.06514876
33,0.310068056276132,7,0.06511801
33,0.310068056276132,8,0.06537803
33,0.310068056276132,9,0.06512864
33,0.310068056276132,10,0.06532435
33,0.310068056276132,11,0.06512804
33,0.310068056276132,12,0.06500323
33,0.310068056276132,13,0.06492243
33,0.310068056276132,14,0.06496705
33,0.310068056276132,15,0.06517257
34,0.32105471968749,0,0.06518137
34,0.32105471968749,1,0.0649545
34,0.32105471968749,2,0.06516088
34,0.32105471968749,3,0.06517992
34,0.32105471968749,4,0.06507178
34,0.32105471968749,5,0.0650431
34,0.32105471968749,6,0.06505404
34,0.32105471968749,7,0.06512909
34,0.32105471968749,8,0.06494086
34,0.32105471968749,9,0.06493781
34,0.32105471968749,10,0.06474936
34,0.32105471968749,11,0.06512818
34,0.32105471968749,12,0.06517156
34,0.32105471968749,13,0.06506103
34,0.32105471968749,14,0.06520833
34,0.32105471968749,15,0.06517103
35,0.33021027253029,0,0.06541871
35,0.33021027253029,1,0.06523068
35,0.33021027253029,2,0.06530675
35,0.33021027253029,3,0.06547006
35,0.33021027253029,4,0.06520802
35,0.33021027253029,5,0.0651429
35,0.33021027253029,6,0.06523575
35,0.33021027253029,7,0.06506398
35,0.33021027253029,8,0.06526042
35,0.33021027253029,9,0.06518517
35,0.33021027253029,10,0.06543274
35,0.33021027253029,11,0.06527804
35,0.33021027253029,12,0.06556583
35,0.33021027253029,13,0.06558128
35,0.33021027253029,14,0.06546535
35,0.33021027253029,15,0.06539077
36,0.340586565752129,0,0.06525998
36,0.340586565752129,1,0.06557781
36,0.340586565752129,2,0.06561384
36,0.340586565752129,3,0.06572193
36,0.340586565752129,4,0.06530496
36,0.340586565752129,5,0.06515938
36,0.340586565752129,6,0.06532909
36,0.340586565752129,7,0.0654752
36,0.340586565752129,8,0.06562826
36,0.340586565752129,9,0.06539806
36,0.340586565752129,10,0.06532064
36,0.340586565752129,11,0.06506763
36,0.340586565752129,12,0.06531376
36,0.340586565752129,13,0.0653008
36,0.340586565752129,14,0.0655441
36,0.340586565752129,15,0.06539413
37,0.350352488784448,0,0.06550725
37,0.350352488784448,1,0.06539978
37,0.350352488784448,2,0.06530678
37,0.350352488784448,3,0.06531331
37,0.350352488784448,4,0.0655757
37,0.350352488784448,5,0.06564666
37,0.350352488784448,6,0.0654361
37,0.350352488784448,7,0.06530397
37,0.350352488784448,8,0.06537037
37,0.350352488784448,9,0.06546435
37,0.350352488784448,10,0.065607
37,0.350352488784448,11,0.06534708
37,0.350352488784448,12,0.06578268
37,0.350352488784448,13,0.06557521
37,0.350352488784448,14,0.06570106
37,0.350352488784448,15,0.06575836
38,0.360728782006287,0,0.06561416
38,0.360728782006287,1,0.06582484
38,0.360728782006287,2,0.06591334
38,0.360728782006287,3,0.0660497
38,0.360728782006287,4,0.06568465
38,0.360728782006287,5,0.06562187
38,0.360728782006287,6,0.06572424
38,0.360728782006287,7,0.06562243
38,0.360728782006287,8,0.06569259
38,0.360728782006287,9,0.06555869
38,0.360728782006287,10,0.06556226
38,0.360728782006287,11,0.06554181
38,0.360728782006287,12,0.06565445
38,0.360728782006287,13,0.0653796
38,0.360728782006287,14,0.06557132
38,0.360728782006287,15,0.06553082
39,0.369884334849086,0,0.06547169
39,0.369884334849086,1,0.06533086
39,0.369884334849086,2,0.06545249
39,0.369884334849086,3,0.06551663
39,0.369884334849086,4,0.06568811
39,0.369884334849086,5,0.0657304
39,0.369884334849086,6,0.06546418
39,0.369884334849086,7,0.06593446
39,0.369884334849086,8,0.06593601
39,0.369884334849086,9,0.06586517
39,0.369884334849086,10,0.0659048
39,0.369884334849086,11,0.06568342
39,0.369884334849086,12,0.06544235
39,0.369884334849086,13,0.06544714
39,0.369884334849086,14,0.06583119
39,0.369884334849086,15,0.06565704
40,0.380260628070925,0,0.0659415
40,0.380260628070925,1,0.06556609
40,0.380260628070925,2,0.06566244
40,0.380260628070925,3,0.06558004
40,0.380260628070925,4,0.06565331
40,0.380260628070925,5,0.0657075
40,0.380260628070925,6,0.06572361
40,0.380260628070925,7,0.06557612
40,0.380260628070925,8,0.06568949
40,0.380260628070925,9,0.06578651
40,0.380260628070925,10,0.06553645
40,0.380260628070925,11,0.06554296
40,0.380260628070925,12,0.0656449
40,0.380260628070925,13,0.06559195
40,0.380260628070925,14,0.06559022
40,0.380260628070925,15,0.06577656
41,0.390636921292764,0,0.06567571
41,0.390636921292764,1,0.06546736
41,0.390636921292764,2,0.06544556
41,0.390636921292764,3,0.06529361
41,0.390636921292764,4,0.06545994
41,0.390636921292764,5,0.06527508
41,0.390636921292764,6,0.06568834
41,0.390636921292764,7,0.06549714
41,0.390636921292764,8,0.06527772
41,0.390636921292764,9,0.06565135
41,0.390636921292764,10,0.06548766
41,0.390636921292764,11,0.06545974
41,0.390636921292764,12,0.0656436
41,0.390636921292764,13,0.06557766
41,0.390636921292764,14,0.06570197
41,0.390636921292764,15,0.06548551
42,0.400402844325083,0,0.06563062
42,0.400402844325083,1,0.0653816
42,0.400402844325083,2,0.06534276
42,0.400402844325083,3,0.06542936
42,0.400402844325083,4,0.06552771
42,0.400402844325083,5,0.06541152
42,0.400402844325083,6,0.06553205
42,0.400402844325083,7,0.06540546
42,0.400402844325083,8,0.06530385
42,0.400402844325083,9,0.06549684
42,0.400402844325083,10,0.06543155
42,0.400402844325083,11,0.06524588
42,0.400402844325083,12,0.0652112
42,0.400402844325083,13,0.06536034
42,0.400402844325083,14,0.06555682
42,0.400402844325083,15,0.06534681
43,0.409558397167882,0,0.06523652
43,0.409558397167882,1,0.06556617
43,0.409558397167882,2,0.06556288
43,0.409558397167882,3,0.06554711
43,0.409558397167882,4,0.06556221
43,0.409558397167882,5,0.06542299
43,0.409558397167882,6,0.06566773
43,0.409558397167882,7,0.06561188
43,0.409558397167882,8,0.06546143
43,0.409558397167882,9,0.06536905
43,0.409558397167882,10,0.06545464
43,0.409558397167882,11,0.06550564
43,0.409558397167882,12,0.06545879
43,0.409558397167882,13,0.06519017
43,0.409558397167882,14,0.06542352
43,0.409558397167882,15,0.06519402
44,0.420545060579241,0,0.06544422
44,0.420545060579241,1,0.06566073
44,0.420545060579241,2,0.06544441
44,0.420545060579241,3,0.06570695
44,0.420545060579241,4,0.06551843
44,0.420545060579241,5,0.06576786
44,0.420545060579241,6,0.06580481
44,0.420545060579241,7,0.06576553
44,0.420545060579241,8,0.06559423
44,0.420545060579241,9,0.06566215
44,0.420545060579241,10,0.06579538
44,0.420545060579241,11,0.06552743
44,0.420545060579241,12,0.06549177
44,0.420545060579241,13,0.06563338
44,0.420545060579241,14,0.06565914
44,0.420545060579241,15,0.06567443
45,0.42970061342204,0,0.06580329
45,0.42970061342204,1,0.06544918
45,0.42970061342204,2,0.06548566
45,0.42970061342204,3,0.06546754
45,0.42970061342204,4,0.06530759
45,0.42970061342204,5,0.06555456
45,0.42970061342204,6,0.06519332
45,0.42970061342204,7,0.06558205
45,0.42970061342204,8,0.0655504
45,0.42970061342204,9,0.06551395
45,0.42970061342204,10,0.06552342
45,0.42970061342204,11,0.06547558
45,0.42970061342204,12,0.06527298
45,0.42970061342204,13,0.0653279
45,0.42970061342204,14,0.06520865
45,0.42970061342204,15,0.06529779
46,0.4406872768334,0,0.06532627
46,0.4406872768334,1,0.06529419
46,0.4406872768334,2,0.06521222
46,0.4406872768334,3,0.0653658
46,0.4406872768334,4,0.06526754
46,0.4406872768334,5,0.06524354
46,0.4406872768334,6,0.06526782
46,0.4406872768334,7,0.0653905
46,0.4406872768334,8,0.06548948
46,0.4406872768334,9,0.06555509
46,0.4406872768334,10,0.06516367
46,0.4406872768334,11,0.06552638
46,0.4406872768334,12,0.06551591
46,0.4406872768334,13,0.06550935
46,0.4406872768334,14,0.06527919
46,0.4406872768334,15,0.06535495
47,0.450453199865719,0,0.06558497
47,0.450453199865719,1,0.06551663
47,0.450453199865719,2,0.06548718
47,0.450453199865719,3,0.06561273
47,0.450453199865719,4,0.06563328
47,0.450453199865719,5,0.06523369
47,0.450453199865719,6,0.06532165
47,0.450453199865719,7,0.06550983
47,0.450453199865719,8,0.0657801
47,0.450453199865719,9,0.06546649
47,0.450453199865719,10,0.06542549
47,0.450453199865719,11,0.06553589
47,0.450453199865719,12,0.06571157
47,0.450453199865719,13,0.06560217
47,0.450453199865719,14,0.06556278
47,0.450453199865719,15,0.06553474
48,0.460219122898038,0,0.06532258
48,0.460219122898038,1,0.06517709
48,0.460219122898038,2,0.06514652
48,0.460219122898038,3,0.06528871
48,0.460219122898038,4,0.06534195
48,0.460219122898038,5,0.06517123
48,0.460219122898038,6,0.06533884
48,0.460219122898038,7,0.0652941
48,0.460219122898038,8,0.06498361
48,0.460219122898038,9,0.06532206
48,0.460219122898038,10,0.06553381
48,0.460219122898038,11,0.06538151
48,0.460219122898038,12,0.06534099
48,0.460219122898038,13,0.06568174
48,0.460219122898038,14,0.06562278
48,0.460219122898038,15,0.0653904
49,0.470595416119877,0,0.06516148
49,0.470595416119877,1,0.06525382
49,0.470595416119877,2,0.06513839
49,0.470595416119877,3,0.06512395
49,0.470595416119877,4,0.06523886
49,0.470595416119877,5,0.06522198
49,0.470595416119877,6,0.06535824
49,0.470595416119877,7,0.06516664
49,0.470595416119877,8,0.06525856
49,0.470595416119877,9,0.06522744
49,0.470595416119877,10,0.06548244
49,0.470595416119877,11,0.06531002
49,0.470595416119877,12,0.0656911
49,0.470595416119877,13,0.06541024
49,0.470595416119877,14,0.06528205
49,0.470595416119877,15,0.06540226
50,0.480361339152196,0,0.06518916
50,0.480361339152196,1,0.06550586
50,0.480361339152196,2,0.06543958
50,0.480361339152196,3,0.06536722
50,0.480361339152196,4,0.0652153
50,0.480361339152196,5,0.0655216
50,0.480361339152196,6,0.0654998
50,0.480361339152196,7,0.06538765
50,0.480361339152196,8,0.06550655
50,0.480361339152196,9,0.06559472
50,0.480361339152196,10,0.06558663
50,0.480361339152196,11,0.06565838
50,0.480361339152196,12,0.06547377
50,0.480361339152196,13,0.06567662
50,0.480361339152196,14,0.06555706
50,0.480361339152196,15,0.06551616
51,0.490127262184515,0,0.06558387
51,0.490127262184515,1,0.0656407
51,0.490127262184515,2,0.06532794
51,0.490127262184515,3,0.06534304
51,0.490127262184515,4,0.06561412
51,0.490127262184515,5,0.06533077
51,0.490127262184515,6,0.06533602
51,0.490127262184515,7,0.06507316
51,0.490127262184515,8,0.06529062
51,0.490127262184515,9,0.06539825
51,0.490127262184515,10,0.06545197
51,0.490127262184515,11,0.06536683
51,0.490127262184515,12,0.06516344
51,0.490127262184515,13,0.06509145
51,0.490127262184515,14,0.0652931
51,0.490127262184515,15,0.0652207
52,0.499893185216834,0,0.06502029
52,0.499893185216834,1,0.06497189
52,0.499893185216834,2,0.06516923
52,0.499893185216834,3,0.06499642
52,0.499893185216834,4,0.06519971
52,0.499893185216834,5,0.06526618
52,0.499893185216834,6,0.06520095
52,0.499893185216834,7,0.06513922
52,0.499893185216834,8,0.06480948
52,0.499893185216834,9,0.06528981
52,0.499893185216834,10,0.0650149
52,0.499893185216834,11,0.06531459
52,0.499893185216834,12,0.06505122
52,0.499893185216834,13,0.06482612
52,0.499893185216834,14,0.06512488
52,0.499893185216834,15,0.06513917
53,0.510269478438673,0,0.06515669
53,0.510269478438673,1,0.06510112
53,0.510269478438673,2,0.06521846
53,0.510269478438673,3,0.06489986
53,0.510269478438673,4,0.06496577
53,0.510269478438673,5,0.06508462
53,0.510269478438673,6,0.06538887
53,0.510269478438673,7,0.06541904
53,0.510269478438673,8,0.06558196
53,0.510269478438673,9,0.06501924
53,0.510269478438673,10,0.06520387
53,0.510269478438673,11,0.06539839
53,0.510269478438673,12,0.06545559
53,0.510269478438673,13,0.06548232
53,0.510269478438673,14,0.06552083
53,0.510269478438673,15,0.0655529
54,0.520035401470992,0,0.06510364
54,0.520035401470992,1,0.06504711
54,0.520035401470992,2,0.06499889
54,0.520035401470992,3,0.06518858
54,0.520035401470992,4,0.06490436
54,0.520035401470992,5,0.06531847
54,0.520035401470992,6,0.06506322
54,0.520035401470992,7,0.06523903
54,0.520035401470992,8,0.06521416
54,0.520035401470992,9,0.0650023
54,0.520035401470992,10,0.06507932
54,0.520035401470992,11,0.06515446
54,0.520035401470992,12,0.06503717
54,0.520035401470992,13,0.06505816
54,0.520035401470992,14,0.06519299
54,0.520035401470992,15,0.0649879
55,0.529801324503311,0,0.0651836
55,0.529801324503311,1,0.06504798
55,0.529801324503311,2,0.0650796
55,0.529801324503311,3,0.065279
55,0.529801324503311,4,0.06547079
55,0.529801324503311,5,0.06507125
55,0.529801324503311,6,0.06523939
55,0.529801324503311,7,0.06544154
55,0.529801324503311,8,0.06527125
55,0.529801324503311,9,0.06526814
55,0.529801324503311,10,0.06525204
55,0.529801324503311,11,0.06526987
55,0.529801324503311,12,0.0653019
55,0.529801324503311,13,0.06521568
55,0.529801324503311,14,0.06531475
55,0.529801324503311,15,0.06537278
56,0.54017761772515,0,0.06517859
56,0.54017761772515,1,0.0653289
56,0.54017761772515,2,0.06530395
56,0.54017761772515,3,0.06520368
56,0.54017761772515,4,0.06518151
56,0.54017761772515,5,0.06536617
56,0.54017761772515,6,0.06514199
56,0.54017761772515,7,0.06535934
56,0.54017761772515,8,0.06534405
56,0.54017761772515,9,0.06529611
56,0.54017761772515,10,0.06523867
56,0.54017761772515,11,0.06496404
56,0.54017761772515,12,0.06521997
56,0.54017761772515,13,0.06516632
56,0.54017761772515,14,0.06522872
56,0.54017761772515,15,0.06524782
57,0.550553910946989,0,0.06533205
57,0.550553910946989,1,0.06532813
57,0.550553910946989,2,0.06497107
57,0.550553910946989,3,0.06511828
57,0.550553910946989,4,0.06502111
57,0.550553910946989,5,0.06524651
57,0.550553910946989,6,0.0651103
57,0.550553910946989,7,0.0653212
57,0.550553910946989,8,0.0654217
57,0.550553910946989,9,0.06541928
57,0.550553910946989,10,0.06570952
57,0.550553910946989,11,0.06538127
57,0.550553910946989,12,0.06553905
57,0.550553910946989,13,0.06537817
57,0.550553910946989,14,0.06537966
57,0.550553910946989,15,0.06541914
58,0.559099093600268,0,0.06506121
58,0.559099093600268,1,0.06538574
58,0.559099093600268,2,0.06553922
58,0.559099093600268,3,0.06596061
58,0.559099093600268,4,0.06577967
58,0.559099093600268,5,0.06583219
58,0.559099093600268,6,0.06581327
58,0.559099093600268,7,0.06528397
58,0.559099093600268,8,0.06540413
58,0.559099093600268,9,0.06547041
58,0.559099093600268,10,0.06531002
58,0.559099093600268,11,0.06543676
58,0.559099093600268,12,0.06569514
58,0.559099093600268,13,0.06550974
58,0.559099093600268,14,0.06552022
58,0.559099093600268,15,0.06548078
59,0.570696127201148,0,0.06581455
59,0.570696127201148,1,0.06557383
59,0.570696127201148,2,0.06570746
59,0.570696127201148,3,0.06563664
59,0.570696127201148,4,0.06569413
59,0.570696127201148,5,0.06543843
59,0.570696127201148,6,0.06551271
59,0.570696127201148,7,0.06568403
59,0.570696127201148,8,0.06560801
59,0.570696127201148,9,0.06560431
59,0.570696127201148,10,0.06595363
59,0.570696127201148,11,0.06572613
59,0.570696127201148,12,0.06558296
59,0.570696127201148,13,0.06567859
59,0.570696127201148,14,0.06594498
59,0.570696127201148,15,0.06559409
60,0.579851680043947,0,0.06578331
60,0.579851680043947,1,0.06593528
60,0.579851680043947,2,0.06574506
60,0.579851680043947,3,0.06583984
60,0.579851680043947,4,0.06556518
60,0.579851680043947,5,0.06556256
60,0.579851680043947,6,0.06562593
60,0.579851680043947,7,0.0656014
60,0.579851680043947,8,0.06555859
60,0.579851680043947,9,0.06568022
60,0.579851680043947,10,0.06563272
60,0.579851680043947,11,0.0656393
60,0.579851680043947,12,0.06575162
60,0.579851680043947,13,0.06563013
60,0.579851680043947,14,0.0657279
60,0.579851680043947,15,0.06549487
61,0.589617603076266,0,0.06539141
61,0.589617603076266,1,0.06536673
61,0.589617603076266,2,0.06524263
61,0.589617603076266,3,0.06532248
61,0.589617603076266,4,0.06551591
61,0.589617603076266,5,0.0654836
61,0.589617603076266,6,0.06541941
61,0.589617603076266,7,0.06545358
61,0.589617603076266,8,0.06554492
61,0.589617603076266,9,0.0653992
61,0.589617603076266,10,0.06523575
61,0.589617603076266,11,0.06545503
61,0.589617603076266,12,0.06540733
61,0.589617603076266,13,0.06531058
61,0.589617603076266,14,0.06526682
61,0.589617603076266,15,0.06556336
62,0.599993896298105,0,0.06570388
62,0.599993896298105,1,0.06563902
62,0.599993896298105,2,0.06585201
62,0.599993896298105,3,0.06594221
62,0.599993896298105,4,0.06550129
62,0.599993896298105,5,0.065742
62,0.599993896298105,6,0.06544383
62,0.599993896298105,7,0.06588228
62,0.599993896298105,8,0.06576174
62,0.599993896298105,9,0.06564743
62,0.599993896298105,10,0.06559169
62,0.599993896298105,11,0.06565221
62,0.599993896298105,12,0.06582469
62,0.599993896298105,13,0.06568356
62,0.599993896298105,14,0.06561317
62,0.599993896298105,15,0.06593183
63,0.610980559709464,0,0.06586025
63,0.610980559709464,1,0.06552494
63,0.610980559709464,2,0.06576266
63,0.610980559709464,3,0.06578861
63,0.610980559709464,4,0.0656435
63,0.610980559709464,5,0.06587999
63,0.610980559709464,6,0.06566201
63,0.610980559709464,7,0.0657639
63,0.610980559709464,8,0.06586278
63,0.610980559709464,9,0.06558798
63,0.610980559709464,10,0.06570426
63,0.610980559709464,11,0.06557377
63,0.610980559709464,12,0.06574564
63,0.610980559709464,13,0.06573341
63,0.610980559709464,14,0.06541082
63,0.610980559709464,15,0.06569131
64,0.620136112552263,0,0.06558616
64,0.620136112552263,1,0.06586442
64,0.620136112552263,2,0.06553115
64,0.620136112552263,3,0.0657349
64,0.620136112552263,4,0.06566095
64,0.620136112552263,5,0.06569737
64,0.620136112552263,6,0.06565781
64,0.620136112552263,7,0.06577197
64,0.620136112552263,8,0.06562028
64,0.620136112552263,9,0.06532993
64,0.620136112552263,10,0.06573642
64,0.620136112552263,11,0.06583984
64,0.620136112552263,12,0.06556772
64,0.620136112552263,13,0.06574723
64,0.620136112552263,14,0.06587444
64,0.620136112552263,15,0.06561204
65,0.630512405774102,0,0.06599238
65,0.630512405774102,1,0.06548619
65,0.630512405774102,2,0.06573398
65,0.630512405774102,3,0.06589343
65,0.630512405774102,4,0.0661199
65,0.630512405774102,5,0.06578929
65,0.630512405774102,6,0.06595148
65,0.630512405774102,7,0.06604902
65,0.630512405774102,8,0.06592291
65,0.630512405774102,9,0.06589544
65,0.630512405774102,10,0.06572203
65,0.630512405774102,11,0.06577045
65,0.630512405774102,12,0.06575638
65,0.630512405774102,13,0.06582163
65,0.630512405774102,14,0.06598031
65,0.630512405774102,15,0.06587687
66,0.640278328806421,0,0.06599702
66,0.640278328806421,1,0.06573514
66,0.640278328806421,2,0.06568965
66,0.640278328806421,3,0.06576377
66,0.640278328806421,4,0.06619532
66,0.640278328806421,5,0.0659316
66,0.640278328806421,6,0.06546941
66,0.640278328806421,7,0.06590393
66,0.640278328806421,8,0.06601714
66,0.640278328806421,9,0.06592184
66,0.640278328806421,10,0.0658574
66,0.640278328806421,11,0.06596868
66,0.640278328806421,12,0.06597165
66,0.640278328806421,13,0.06604169
66,0.640278328806421,14,0.06579512
66,0.640278328806421,15,0.06573768
67,0.65004425183874,0,0.06605867
67,0.65004425183874,1,0.06622385
67,0.65004425183874,2,0.06605076
67,0.65004425183874,3,0.06607927
67,0.65004425183874,4,0.06610339
67,0.65004425183874,5,0.06612349
67,0.65004425183874,6,0.06597317
67,0.65004425183874,7,0.0658878
67,0.65004425183874,8,0.06606106
67,0.65004425183874,9,0.06606685
67,0.65004425183874,10,0.06594455
67,0.65004425183874,11,0.06598189
67,0.65004425183874,12,0.0663516
67,0.65004425183874,13,0.06617023
67,0.65004425183874,14,0.06607374
67,0.65004425183874,15,0.06619503
68,0.661030915250099,0,0.06583551
68,0.661030915250099,1,0.06557598
68,0.661030915250099,2,0.0657815
68,0.661030915250099,3,0.0660679
68,0.661030915250099,4,0.06559706
68,0.661030915250099,5,0.06588935
68,0.661030915250099,6,0.06593561
68,0.661030915250099,7,0.06620656
68,0.661030915250099,8,0.06599995
68,0.661030915250099,9,0.06582685
68,0.661030915250099,10,0.06604935
68,0.661030915250099,11,0.0661753
68,0.661030915250099,12,0.06591334
68,0.661030915250099,13,0.06587196
68,0.661030915250099,14,0.06583411
68,0.661030915250099,15,0.06581795
69,0.670186468092898,0,0.06586045
69,0.670186468092898,1,0.06582101
69,0.670186468092898,2,0.06622237
69,0.670186468092898,3,0.06596712
69,0.670186468092898,4,0.06597725
69,0.670186468092898,5,0.06578383
69,0.670186468092898,6,0.06561564
69,0.670186468092898,7,0.06597246
69,0.670186468092898,8,0.06590924
69,0.670186468092898,9,0.06596763
69,0.670186468092898,10,0.06575668
69,0.670186468092898,11,0.06572539
69,0.670186468092898,12,0.0658342
69,0.670186468092898,13,0.06566446
69,0.670186468092898,14,0.06592912
69,0.670186468092898,15,0.06605945
70,0.680562761314737,0,0.06561412
70,0.680562761314737,1,0.06557682
70,0.680562761314737,2,0.06550036
70,0.680562761314737,3,0.0657381
70,0.680562761314737,4,0.06545351
70,0.680562761314737,5,0.06537768
70,0.680562761314737,6,0.06546367
70,0.680562761314737,7,0.06550486
70,0.680562761314737,8,0.0656762
70,0.680562761314737,9,0.06556256
70,0.680562761314737,10,0.06563926
70,0.680562761314737,11,0.06569264
70,0.680562761314737,12,0.06584404
70,0.680562761314737,13,0.06584806
70,0.680562761314737,14,0.06596028
70,0.680562761314737,15,0.06592061
71,0.689718314157536,0,0.06584428
71,0.689718314157536,1,0.06563266
71,0.689718314157536,2,0.06566218
71,0.689718314157536,3,0.06564605
71,0.689718314157536,4,0.06570435
71,0.689718314157536,5,0.06598293
71,0.689718314157536,6,0.06584944
71,0.689718314157536,7,0.06601409
71,0.689718314157536,8,0.06557593
71,0.689718314157536,9,0.06543954
71,0.689718314157536,10,0.06567189
71,0.689718314157536,11,0.06598833
71,0.689718314157536,12,0.06580572
71,0.689718314157536,13,0.06564528
71,0.689718314157536,14,0.06560868
71,0.689718314157536,15,0.06598607
72,0.700704977568896,0,0.06549301
72,0.700704977568896,1,0.06538875
72,0.700704977568896,2,0.06545263
72,0.700704977568896,3,0.06547074
72,0.700704977568896,4,0.06562096
72,0.700704977568896,5,0.06575501
72,0.700704977568896,6,0.06558224
72,0.700704977568896,7,0.06563711
72,0.700704977568896,8,0.06599277
72,0.700704977568896,9,0.06584787
72,0.700704977568896,10,0.06547394
72,0.700704977568896,11,0.06539862
72,0.700704977568896,12,0.06564514
72,0.700704977568896,13,0.06561083
72,0.700704977568896,14,0.06540282
72,0.700704977568896,15,0.06558989
73,0.709860530411695,0,0.06572419
73,0.709860530411695,1,0.06567534
73,0.709860530411695,2,0.06569857
73,0.709860530411695,3,0.06561277
73,0.709860530411695,4,0.06586999
73,0.709860530411695,5,0.06583398
73,0.709860530411695,6,0.06584743
73,0.709860530411695,7,0.06569679
73,0.709860530411695,8,0.06579325
73,0.709860530411695,9,0.06584644
73,0.709860530411695,10,0.06581403
73,0.709860530411695,11,0.06568552
73,0.709860530411695,12,0.06586708
73,0.709860530411695,13,0.0656102
73,0.709860530411695,14,0.06567539
73,0.709860530411695,15,0.06572013
74,0.719016083254494,0,0.06591927
74,0.719016083254494,1,0.0658237
74,0.719016083254494,2,0.06581905
74,0.719016083254494,3,0.06584701
74,0.719016083254494,4,0.06569284
74,0.719016083254494,5,0.06573126
74,0.719016083254494,6,0.06610318
74,0.719016083254494,7,0.06581713
74,0.719016083254494,8,0.06596457
74,0.719016083254494,9,0.06590086
74,0.719016083254494,10,0.06610992
74,0.719016083254494,11,0.06583501
74,0.719016083254494,12,0.06599865
74,0.719016083254494,13,0.06571138
74,0.719016083254494,14,0.06557091
74,0.719016083254494,15,0.06532827
75,0.730002746665853,0,0.06579482
75,0.730002746665853,1,0.06565097
75,0.730002746665853,2,0.06602326
75,0.730002746665853,3,0.06575458
75,0.730002746665853,4,0.06568829
75,0.730002746665853,5,0.06593543
75,0.730002746665853,6,0.06600262
75,0.730002746665853,7,0.06569284
75,0.730002746665853,8,0.06601805
75,0.730002746665853,9,0.06601366
75,0.730002746665853,10,0.06589365
75,0.730002746665853,11,0.06598164
75,0.730002746665853,12,0.06615144
75,0.730002746665853,13,0.06595606
75,0.730002746665853,14,0.06564374
75,0.730002746665853,15,0.06538305
76,0.739768669698172,0,0.06548498
76,0.739768669698172,1,0.06545477
76,0.739768669698172,2,0.0656967
76,0.739768669698172,3,0.06576353
76,0.739768669698172,4,0.06583219
76,0.739768669698172,5,0.06595611
76,0.739768669698172,6,0.06556807
76,0.739768669698172,7,0.06574345
76,0.739768669698172,8,0.06584357
76,0.739768669698172,9,0.06581356
76,0.739768669698172,10,0.06555103
76,0.739768669698172,11,0.06561144
76,0.739768669698172,12,0.0655283
76,0.739768669698172,13,0.06559645
76,0.739768669698172,14,0.06577265
76,0.739768669698172,15,0.06580175
77,0.750144962920011,0,0.06513877
77,0.750144962920011,1,0.06563916
77,0.750144962920011,2,0.06571224
77,0.750144962920011,3,0.06578448
77,0.750144962920011,4,0.06560007
77,0.750144962920011,5,0.06556553
77,0.750144962920011,6,0.06541818
77,0.750144962920011,7,0.06572347
77,0.750144962920011,8,0.06567233
77,0.750144962920011,9,0.06601653
77,0.750144962920011,10,0.06596769
77,0.750144962920011,11,0.06537411
77,0.750144962920011,12,0.06585546
77,0.750144962920011,13,0.06578221
77,0.750144962920011,14,0.06566339
77,0.750144962920011,15,0.06576805
78,0.75991088595233,0,0.0657576
78,0.75991088595233,1,0.0658339
78,0.75991088595233,2,0.06578296
78,0.75991088595233,3,0.06597637
78,0.75991088595233,4,0.06584047
78,0.75991088595233,5,0.06583788
78,0.75991088595233,6,0.06583712
78,0.75991088595233,7,0.065933
78,0.75991088595233,8,0.06593222
78,0.75991088595233,9,0.06577863
78,0.75991088595233,10,0.06590571
78,0.75991088595233,11,0.0658893
78,0.75991088595233,12,0.06575458
78,0.75991088595233,13,0.06564313
78,0.75991088595233,14,0.06577232
78,0.75991088595233,15,0.06563053
79,0.769676808984649,0,0.06571161
79,0.769676808984649,1,0.06570037
79,0.769676808984649,2,0.06579263
79,0.769676808984649,3,0.06573083
79,0.769676808984649,4,0.0659727
79,0.769676808984649,5,0.06589103
79,0.769676808984649,6,0.06583149
79,0.769676808984649,7,0.06582028
79,0.769676808984649,8,0.06578498
79,0.769676808984649,9,0.06588251
79,0.769676808984649,10,0.06598908
79,0.769676808984649,11,0.06546065
79,0.769676808984649,12,0.0659618
79,0.769676808984649,13,0.06580638
79,0.769676808984649,14,0.06599034
79,0.769676808984649,15,0.06598747
80,0.780053102206488,0,0.06586523
80,0.780053102206488,1,0.06566736
80,0.780053102206488,2,0.06596353
80,0.780053102206488,3,0.06590928
80,0.780053102206488,4,0.06589073
80,0.780053102206488,5,0.06573484
80,0.780053102206488,6,0.06576434
80,0.780053102206488,7,0.0655128
80,0.780053102206488,8,0.06541836
80,0.780053102206488,9,0.06544206
80,0.780053102206488,10,0.06546229
80,0.780053102206488,11,0.06577604
80,0.780053102206488,12,0.06572744
80,0.780053102206488,13,0.06552327
80,0.780053102206488,14,0.06555859
80,0.780053102206488,15,0.06566421
81,0.789819025238807,0,0.06540499
81,0.789819025238807,1,0.0654818
81,0.789819025238807,2,0.065319
81,0.789819025238807,3,0.0655065
81,0.789819025238807,4,0.06592295
81,0.789819025238807,5,0.06550783
81,0.789819025238807,6,0.06537712
81,0.789819025238807,7,0.0655279
81,0.789819025238807,8,0.06580194
81,0.789819025238807,9,0.06574865
81,0.789819025238807,10,0.0655585
81,0.789819025238807,11,0.0655174
81,0.789819025238807,12,0.06555075
81,0.789819025238807,13,0.06587927
81,0.789819025238807,14,0.06592109
81,0.789819025238807,15,0.0654611
82,0.799584948271126,0,0.06552552
82,0.799584948271126,1,0.06558481
82,0.799584948271126,2,0.06547242
82,0.799584948271126,3,0.06562588
82,0.799584948271126,4,0.06538553
82,0.799584948271126,5,0.06543006
82,0.799584948271126,6,0.06566043
82,0.799584948271126,7,0.06548967
82,0.799584948271126,8,0.0655617
82,0.799584948271126,9,0.06558926
82,0.799584948271126,10,0.06577849
82,0.799584948271126,11,0.06548638
82,0.799584948271126,12,0.06559127
82,0.799584948271126,13,0.06594039
82,0.799584948271126,14,0.06588951
82,0.799584948271126,15,0.06595713
83,0.809961241492966,0,0.06561253
83,0.809961241492966,1,0.06563629
83,0.809961241492966,2,0.06581233
83,0.809961241492966,3,0.06575825
83,0.809961241492966,4,0.06556681
83,0.809961241492966,5,0.06581169
83,0.809961241492966,6,0.06579104
83,0.809961241492966,7,0.06560719
83,0.809961241492966,8,0.06560241
83,0.809961241492966,9,0.06570244
83,0.809961241492966,10,0.0657124
83,0.809961241492966,11,0.06564017
83,0.809961241492966,12,0.06570106
83,0.809961241492966,13,0.0656608
83,0.809961241492966,14,0.06580707
83,0.809961241492966,15,0.06579702
84,0.819727164525284,0,0.06557088
84,0.819727164525284,1,0.06583939
84,0.819727164525284,2,0.06553423
84,0.819727164525284,3,0.06558812
84,0.819727164525284,4,0.06579421
84,0.819727164525284,5,0.06586482
84,0.819727164525284,6,0.06575772
84,0.819727164525284,7,0.06554923
84,0.819727164525284,8,0.06556389
84,0.819727164525284,9,0.06576943
84,0.819727164525284,10,0.06570785
84,0.819727164525284,11,0.06532501
84,0.819727164525284,12,0.0654337
84,0.819727164525284,13,0.06553589
84,0.819727164525284,14,0.06539829
84,0.819727164525284,15,0.06559277
85,0.830103457747124,0,0.06555677
85,0.830103457747124,1,0.06570059
85,0.830103457747124,2,0.06580275
85,0.830103457747124,3,0.06564241
85,0.830103457747124,4,0.06575535
85,0.830103457747124,5,0.06600659
85,0.830103457747124,6,0.06575022
85,0.830103457747124,7,0.06588107
85,0.830103457747124,8,0.06581184
85,0.830103457747124,9,0.06574966
85,0.830103457747124,10,0.06580955
85,0.830103457747124,11,0.06562521
85,0.830103457747124,12,0.0657631
85,0.830103457747124,13,0.06575979
85,0.830103457747124,14,0.06561345
85,0.830103457747124,15,0.06554643
86,0.839259010589923,0,0.0660884
86,0.839259010589923,1,0.0660441
86,0.839259010589923,2,0.06588487
86,0.839259010589923,3,0.06581977
86,0.839259010589923,4,0.06604923
86,0.839259010589923,5,0.06603235
86,0.839259010589923,6,0.06590508
86,0.839259010589923,7,0.06574735
86,0.839259010589923,8,0.06579047
86,0.839259010589923,9,0.06560767
86,0.839259010589923,10,0.0659072
86,0.839259010589923,11,0.06607808
86,0.839259010589923,12,0.06612507
86,0.839259010589923,13,0.06620397
86,0.839259010589923,14,0.06619533
86,0.839259010589923,15,0.06619833
87,0.849635303811762,0,0.06598992
87,0.849635303811762,1,0.06613281
87,0.849635303811762,2,0.06616956
87,0.849635303811762,3,0.066133
87,0.849635303811762,4,0.06606403
87,0.849635303811762,5,0.06611106
87,0.849635303811762,6,0.06613357
87,0.849635303811762,7,0.06619035
87,0.849635303811762,8,0.06594752
87,0.849635303811762,9,0.06627729
87,0.849635303811762,10,0.06622323
87,0.849635303811762,11,0.06609329
87,0.849635303811762,12,0.06607493
87,0.849635303811762,13,0.06616942
87,0.849635303811762,14,0.06629024
87,0.849635303811762,15,0.06618962
88,0.859401226844081,0,0.06619092
88,0.859401226844081,1,0.0660475
88,0.859401226844081,2,0.06606309
88,0.859401226844081,3,0.06589647
88,0.859401226844081,4,0.06607822
88,0.859401226844081,5,0.06598217
88,0.859401226844081,6,0.06599933
88,0.859401226844081,7,0.06636183
88,0.859401226844081,8,0.06624804
88,0.859401226844081,9,0.06627332
88,0.859401226844081,10,0.06617215
88,0.859401226844081,11,0.0663461
88,0.859401226844081,12,0.06623575
88,0.859401226844081,13,0.06625654
88,0.859401226844081,14,0.06634367
88,0.859401226844081,15,0.06633344
89,0.8691671498764,0,0.06609888
89,0.8691671498764,1,0.06644981
89,0.8691671498764,2,0.06609514
89,0.8691671498764,3,0.06639289
89,0.8691671498764,4,0.06649722
89,0.8691671498764,5,0.06642754
89,0.8691671498764,6,0.06643987
89,0.8691671498764,7,0.06637029
89,0.8691671498764,8,0.06615963
89,0.8691671498764,9,0.06635709
89,0.8691671498764,10,0.06651515
89,0.8691671498764,11,0.06606562
89,0.8691671498764,12,0.0659382
89,0.8691671498764,13,0.06600554
89,0.8691671498764,14,0.06600299
89,0.8691671498764,15,0.06617577
90,0.879543443098239,0,0.0661699
90,0.879543443098239,1,0.06629635
90,0.879543443098239,2,0.06614839
90,0.879543443098239,3,0.06616783
90,0.879543443098239,4,0.06625435
90,0.879543443098239,5,0.06608856
90,0.879543443098239,6,0.06661139
90,0.879543443098239,7,0.06620029
90,0.879543443098239,8,0.06617478
90,0.879543443098239,9,0.06619713
90,0.879543443098239,10,0.06607158
90,0.879543443098239,11,0.06627657
90,0.879543443098239,12,0.06624039
90,0.879543443098239,13,0.06591101
90,0.879543443098239,14,0.06601366
90,0.879543443098239,15,0.06595841
91,0.889919736320078,0,0.06593127
91,0.889919736320078,1,0.06586923
91,0.889919736320078,2,0.065922
91,0.889919736320078,3,0.06602528
91,0.889919736320078,4,0.06621607
91,0.889919736320078,5,0.06613874
91,0.889919736320078,6,0.06606069
91,0.889919736320078,7,0.06607087
91,0.889919736320078,8,0.0660399
91,0.889919736320078,9,0.0661558
91,0.889919736320078,10,0.06606647
91,0.889919736320078,11,0.06631374
91,0.889919736320078,12,0.06596166
91,0.889919736320078,13,0.06611435
91,0.889919736320078,14,0.06626251
91,0.889919736320078,15,0.06609181
92,0.899685659352397,0,0.06634836
92,0.899685659352397,1,0.06643132
92,0.899685659352397,2,0.06632842
92,0.899685659352397,3,0.06607379
92,0.899685659352397,4,0.06622433
92,0.899685659352397,5,0.06616516
92,0.899685659352397,6,0.06616311
92,0.899685659352397,7,0.06617424
92,0.899685659352397,8,0.0660419
92,0.899685659352397,9,0.0660409
92,0.899685659352397,10,0.06605429
92,0.899685659352397,11,0.06598761
92,0.899685659352397,12,0.06620057
92,0.899685659352397,13,0.06613683
92,0.899685659352397,14,0.0662216
92,0.899685659352397,15,0.06618619
93,0.909451582384716,0,0.0659328
93,0.909451582384716,1,0.06622633
93,0.909451582384716,2,0.06646951
93,0.909451582384716,3,0.06613505
93,0.909451582384716,4,0.06616315
93,0.909451582384716,5,0.06631442
93,0.909451582384716,6,0.0663038
93,0.909451582384716,7,0.06627867
93,0.909451582384716,8,0.06595431
93,0.909451582384716,9,0.06607225
93,0.909451582384716,10,0.06582876
93,0.909451582384716,11,0.06583712
93,0.909451582384716,12,0.06583956
93,0.909451582384716,13,0.06595612
93,0.909451582384716,14,0.06598084
93,0.909451582384716,15,0.0660129
94,0.919827875606555,0,0.06606823
94,0.919827875606555,1,0.06584055
94,0.919827875606555,2,0.06583984
94,0.919827875606555,3,0.0659714
94,0.919827875606555,4,0.06612593
94,0.919827875606555,5,0.0662217
94,0.919827875606555,6,0.06607278
94,0.919827875606555,7,0.06633225
94,0.919827875606555,8,0.06618906
94,0.919827875606555,9,0.06628478
94,0.919827875606555,10,0.06648145
94,0.919827875606555,11,0.06628435
94,0.919827875606555,12,0.06621821
94,0.919827875606555,13,0.06622179
94,0.919827875606555,14,0.0663136
94,0.919827875606555,15,0.06638984
95,0.928983428449354,0,0.06615202
95,0.928983428449354,1,0.06615566
95,0.928983428449354,2,0.06626949
95,0.928983428449354,3,0.06631881
95,0.928983428449354,4,0.06622605
95,0.928983428449354,5,0.06585331
95,0.928983428449354,6,0.06595869
95,0.928983428449354,7,0.0660636
95,0.928983428449354,8,0.06600864
95,0.928983428449354,9,0.06625946
95,0.928983428449354,10,0.06597161
95,0.928983428449354,11,0.06656447
95,0.928983428449354,12,0.06601964
95,0.928983428449354,13,0.06581097
95,0.928983428449354,14,0.06598245
95,0.928983428449354,15,0.06632569
96,0.939970091860714,0,0.06645564
96,0.939970091860714,1,0.06641001
96,0.939970091860714,2,0.06620325
96,0.939970091860714,3,0.06625038
96,0.939970091860714,4,0.06626667
96,0.939970091860714,5,0.06645712
96,0.939970091860714,6,0.06619866
96,0.939970091860714,7,0.06630257
96,0.939970091860714,8,0.06645124
96,0.939970091860714,9,0.06617787
96,0.939970091860714,10,0.06597753
96,0.939970091860714,11,0.06595818
96,0.939970091860714,12,0.06595071
96,0.939970091860714,13,0.066011
96,0.939970091860714,14,0.06611398
96,0.939970091860714,15,0.06628574
97,0.949125644703513,0,0.06652141
97,0.949125644703513,1,0.06654774
97,0.949125644703513,2,0.0662954
97,0.949125644703513,3,0.06605156
97,0.949125644703513,4,0.06620187
97,0.949125644703513,5,0.06619895
97,0.949125644703513,6,0.06645493
97,0.949125644703513,7,0.0662282
97,0.949125644703513,8,0.06603096
97,0.949125644703513,9,0.06612009
97,0.949125644703513,10,0.06631806
97,0.949125644703513,11,0.0663288
97,0.949125644703513,12,0.06641726
97,0.949125644703513,13,0.06623026
97,0.949125644703513,14,0.06622576
97,0.949125644703513,15,0.06622338
98,0.959501937925352,0,0.06581002
98,0.959501937925352,1,0.06609309
98,0.959501937925352,2,0.06605658
98,0.959501937925352,3,0.06626324
98,0.959501937925352,4,0.06596386
98,0.959501937925352,5,0.06599732
98,0.959501937925352,6,0.06610088
98,0.959501937925352,7,0.06605768
98,0.959501937925352,8,0.06602886
98,0.959501937925352,9,0.06623703
98,0.959501937925352,10,0.06608171
98,0.959501937925352,11,0.0661699
98,0.959501937925352,12,0.06590279
98,0.959501937925352,13,0.06609997
98,0.959501937925352,14,0.06586479
98,0.959501937925352,15,0.06593533
99,0.969267860957671,0,0.0656676
99,0.969267860957671,1,0.06601786
99,0.969267860957671,2,0.06592362
99,0.969267860957671,3,0.06613677
99,0.969267860957671,4,0.06612717
99,0.969267860957671,5,0.06592438
99,0.969267860957671,6,0.06615636
99,0.969267860957671,7,0.06603374
99,0.969267860957671,8,0.06590804
99,0.969267860957671,9,0.06598417
99,0.969267860957671,10,0.06587831
99,0.969267860957671,11,0.06600339
99,0.969267860957671,12,0.06575066
99,0.969267860957671,13,0.06593236
99,0.969267860957671,14,0.06603239
99,0.969267860957671,15,0.06614987
100,0.97903378398999,0,0.06597513
100,0.97903378398999,1,0.06586746
100,0.97903378398999,2,0.06589432
100,0.97903378398999,3,0.06603067
100,0.97903378398999,4,0.06612565
100,0.97903378398999,5,0.06587382
100,0.97903378398999,6,0.06616789
100,0.97903378398999,7,0.06607904
100,0.97903378398999,8,0.06614897
100,0.97903378398999,9,0.06603727
100,0.97903378398999,10,0.0660756
100,0.97903378398999,11,0.06603842
100,0.97903378398999,12,0.06600372
100,0.97903378398999,13,0.06585513
100,0.97903378398999,14,0.06572898
100,0.97903378398999,15,0.06601609
101,0.989410077211829,0,0.06618118
101,0.989410077211829,1,0.06639399
101,0.989410077211829,2,0.06633272
101,0.989410077211829,3,0.06628555
101,0.989410077211829,4,0.06642993
101,0.989410077211829,5,0.06652279
101,0.989410077211829,6,0.06624751
101,0.989410077211829,7,0.06626499
101,0.989410077211829,8,0.06622647
101,0.989410077211829,9,0.06610404
101,0.989410077211829,10,0.06602848
101,0.989410077211829,11,0.06621505
101,0.989410077211829,12,0.06612363
101,0.989410077211829,13,0.0664263
101,0.989410077211829,14,0.06622797
101,0.989410077211829,15,0.06609561
102,0.999786370433668,0,0.06626132
102,0.999786370433668,1,0.06624163
102,0.999786370433668,2,0.06640293
102,0.999786370433668,3,0.06630978
102,0.999786370433668,4,0.06626247
102,0.999786370433668,5,0.06613185
102,0.999786370433668,6,0.06625874
102,0.999786370433668,7,0.06611503
102,0.999786370433668,8,0.0658419
102,0.999786370433668,9,0.06590795
102,0.999786370433668,10,0.06588405
102,0.999786370433668,11,0.06588333
102,0.999786370433668,12,0.06575353
102,0.999786370433668,13,0.06578679
102,0.999786370433668,14,0.06589022
102,0.999786370433668,15,0.06598575
103,1.01016266365551,0,0.06589395
103,1.01016266365551,1,0.06600654
103,1.01016266365551,2,0.0659207
103,1.01016266365551,3,0.06576271
103,1.01016266365551,4,0.06539911
103,1.01016266365551,5,0.06574847
103,1.01016266365551,6,0.06581093
103,1.01016266365551,7,0.0658711
103,1.01016266365551,8,0.06569144
103,1.01016266365551,9,0.06577757
103,1.01016266365551,10,0.06586694
103,1.01016266365551,11,0.06586377
103,1.01016266365551,12,0.06608382
103,1.01016266365551,13,0.06595057
103,1.01016266365551,14,0.06590346
103,1.01016266365551,15,0.06589442
104,1.01992858668783,0,0.06548638
104,1.01992858668783,1,0.06570914
104,1.01992858668783,2,0.06574952
104,1.01992858668783,3,0.06573561
104,1.01992858668783,4,0.06551892
104,1.01992858668783,5,0.06602643
104,1.01992858668783,6,0.06562316
104,1.01992858668783,7,0.06591741
104,1.01992858668783,8,0.06597093
104,1.01992858668783,9,0.06577685
104,1.01992858668783,10,0.06606275
104,1.01992858668783,11,0.06599039
104,1.01992858668783,12,0.06589327
104,1.01992858668783,13,0.06557713
104,1.01992858668783,14,0.06598981
104,1.01992858668783,15,0.06570005
105,1.02908413953063,0,0.06584515
105,1.02908413953063,1,0.06594173
105,1.02908413953063,2,0.06590303
105,1.02908413953063,3,0.06583469
105,1.02908413953063,4,0.06581504
105,1.02908413953063,5,0.06571348
105,1.02908413953063,6,0.06579697
105,1.02908413953063,7,0.06572667
105,1.02908413953063,8,0.0657866
105,1.02908413953063,9,0.06569117
105,1.02908413953063,10,0.06570797
105,1.02908413953063,11,0.06549396
105,1.02908413953063,12,0.06576576
105,1.02908413953063,13,0.06582593
105,1.02908413953063,14,0.0658482
105,1.02908413953063,15,0.06608688
106,1.04007080294198,0,0.06555691
106,1.04007080294198,1,0.06549947
106,1.04007080294198,2,0.06556121
106,1.04007080294198,3,0.0657586
106,1.04007080294198,4,0.06574627
106,1.04007080294198,5,0.06581552
106,1.04007080294198,6,0.06554081
106,1.04007080294198,7,0.06541071
106,1.04007080294198,8,0.06569786
106,1.04007080294198,9,0.06563783
106,1.04007080294198,10,0.06579722
106,1.04007080294198,11,0.06584792
106,1.04007080294198,12,0.06583181
106,1.04007080294198,13,0.06580888
106,1.04007080294198,14,0.06565875
106,1.04007080294198,15,0.06591645
107,1.0498367259743,0,0.06579463
107,1.0498367259743,1,0.06582999
107,1.0498367259743,2,0.0659727
107,1.0498367259743,3,0.06596925
107,1.0498367259743,4,0.06574541
107,1.0498367259743,5,0.06587023
107,1.0498367259743,6,0.06633324
107,1.0498367259743,7,0.06586321
107,1.0498367259743,8,0.06600153
107,1.0498367259743,9,0.06571033
107,1.0498367259743,10,0.06598841
107,1.0498367259743,11,0.06569497
107,1.0498367259743,12,0.06560901
107,1.0498367259743,13,0.06560385
107,1.0498367259743,14,0.0656966
107,1.0498367259743,15,0.06597538
108,1.0589922788171,0,0.06598908
108,1.0589922788171,1,0.06574268
108,1.0589922788171,2,0.06562588
108,1.0589922788171,3,0.06578756
108,1.0589922788171,4,0.06586636
108,1.0589922788171,5,0.06580696
108,1.0589922788171,6,0.06561703
108,1.0589922788171,7,0.06541879
108,1.0589922788171,8,0.06577321
108,1.0589922788171,9,0.06557474
108,1.0589922788171,10,0.0656095
108,1.0589922788171,11,0.06523484
108,1.0589922788171,12,0.06552289
108,1.0589922788171,13,0.06576704
108,1.0589922788171,14,0.06529132
108,1.0589922788171,15,0.06574258
109,1.06997894222846,0,0.06582379
109,1.06997894222846,1,0.06567931
109,1.06997894222846,2,0.065689
109,1.06997894222846,3,0.06601223
109,1.06997894222846,4,0.06609524
109,1.06997894222846,5,0.06571602
109,1.06997894222846,6,0.06590627
109,1.06997894222846,7,0.06569537
109,1.06997894222846,8,0.06609977
109,1.06997894222846,9,0.06567425
109,1.06997894222846,10,0.0655866
109,1.06997894222846,11,0.06554715
109,1.06997894222846,12,0.06585012
109,1.06997894222846,13,0.06566825
109,1.06997894222846,14,0.06556576
109,1.06997894222846,15,0.065543
110,1.07913449507126,0,0.0654586
110,1.07913449507126,1,0.06562556
110,1.07913449507126,2,0.06585509
110,1.07913449507126,3,0.06535213
110,1.07913449507126,4,0.0654934
110,1.07913449507126,5,0.06536316
110,1.07913449507126,6,0.06569646
110,1.07913449507126,7,0.06556254
110,1.07913449507126,8,0.06560513
110,1.07913449507126,9,0.06555103
110,1.07913449507126,10,0.06544126
110,1.07913449507126,11,0.06544579
110,1.07913449507126,12,0.06541955
110,1.07913449507126,13,0.06518603
110,1.07913449507126,14,0.06544703
110,1.07913449507126,15,0.06570511
111,1.0895107882931,0,0.06573895
111,1.0895107882931,1,0.06577111
111,1.0895107882931,2,0.06562376
111,1.0895107882931,3,0.06567644
111,1.0895107882931,4,0.06563725
111,1.0895107882931,5,0.06560661
111,1.0895107882931,6,0.06574569
111,1.0895107882931,7,0.06575157
111,1.0895107882931,8,0.0657572
111,1.0895107882931,9,0.06566517
111,1.0895107882931,10,0.0655008
111,1.0895107882931,11,0.06575066
111,1.0895107882931,12,0.06589026
111,1.0895107882931,13,0.06590484
111,1.0895107882931,14,0.06580324
111,1.0895107882931,15,0.06600903
112,1.09927671132542,0,0.06583109
112,1.09927671132542,1,0.06600042
112,1.09927671132542,2,0.06570946
112,1.09927671132542,3,0.06595053
112,1.09927671132542,4,0.06584185
112,1.09927671132542,5,0.06597356
112,1.09927671132542,6,0.06597237
112,1.09927671132542,7,0.06563921
112,1.09927671132542,8,0.06561823
112,1.09927671132542,9,0.06560093
112,1.09927671132542,10,0.06577346
112,1.09927671132542,11,0.06572352
112,1.09927671132542,12,0.06603039
112,1.09927671132542,13,0.06596323
112,1.09927671132542,14,0.06579052
112,1.09927671132542,15,0.06586081
113,1.10965300454726,0,0.06582335
113,1.10965300454726,1,0.06587325
113,1.10965300454726,2,0.0659228
113,1.10965300454726,3,0.06607994
113,1.10965300454726,4,0.06553525
113,1.10965300454726,5,0.06591402
113,1.10965300454726,6,0.06561818
113,1.10965300454726,7,0.06574072
113,1.10965300454726,8,0.06549665
113,1.10965300454726,9,0.06566358
113,1.10965300454726,10,0.0657842
113,1.10965300454726,11,0.06569747
113,1.10965300454726,12,0.06592625
113,1.10965300454726,13,0.06583172
113,1.10965300454726,14,0.06573703
113,1.10965300454726,15,0.06577584
114,1.11941892757958,0,0.06593031
114,1.11941892757958,1,0.06569646
114,1.11941892757958,2,0.06620731
114,1.11941892757958,3,0.06617516
114,1.11941892757958,4,0.0660314
114,1.11941892757958,5,0.0658147
114,1.11941892757958,6,0.06584615
114,1.11941892757958,7,0.06616903
114,1.11941892757958,8,0.06586914
114,1.11941892757958,9,0.06601252
114,1.11941892757958,10,0.06566937
114,1.11941892757958,11,0.06587315
114,1.11941892757958,12,0.0654607
114,1.11941892757958,13,0.06586001
114,1.11941892757958,14,0.06586087
114,1.11941892757958,15,0.06591716
115,1.12979522080142,0,0.06595206
115,1.12979522080142,1,0.06600673
115,1.12979522080142,2,0.06587253
115,1.12979522080142,3,0.06590279
115,1.12979522080142,4,0.06579879
115,1.12979522080142,5,0.06587712
115,1.12979522080142,6,0.06567863
115,1.12979522080142,7,0.06572931
115,1.12979522080142,8,0.06579587
115,1.12979522080142,9,0.0657737
115,1.12979522080142,10,0.06594532
115,1.12979522080142,11,0.06559146
115,1.12979522080142,12,0.06573608
115,1.12979522080142,13,0.06576581
115,1.12979522080142,14,0.06581394
115,1.12979522080142,15,0.06551486
116,1.13956114383374,0,0.0656632
116,1.13956114383374,1,0.06580658
116,1.13956114383374,2,0.06588057
116,1.13956114383374,3,0.06554277
116,1.13956114383374,4,0.06589537
116,1.13956114383374,5,0.06598058
116,1.13956114383374,6,0.065728
116,1.13956114383374,7,0.06590034
116,1.13956114383374,8,0.06608181
116,1.13956114383374,9,0.06598049
116,1.13956114383374,10,0.06594943
116,1.13956114383374,11,0.06611598
116,1.13956114383374,12,0.06599354
116,1.13956114383374,13,0.06590709
116,1.13956114383374,14,0.06555013
116,1.13956114383374,15,0.0660311
117,1.14993743705557,0,0.06585222
117,1.14993743705557,1,0.06588373
117,1.14993743705557,2,0.06566157
117,1.14993743705557,3,0.06567018
117,1.14993743705557,4,0.06596028
117,1.14993743705557,5,0.06600139
117,1.14993743705557,6,0.06573717
117,1.14993743705557,7,0.06578674
117,1.14993743705557,8,0.06575568
117,1.14993743705557,9,0.06567539
117,1.14993743705557,10,0.0657346
117,1.14993743705557,11,0.06596276
117,1.14993743705557,12,0.06610705
117,1.14993743705557,13,0.06583644
117,1.14993743705557,14,0.06576768
117,1.14993743705557,15,0.0659683
118,1.16031373027741,0,0.06579601
118,1.16031373027741,1,0.06607866
118,1.16031373027741,2,0.06602538
118,1.16031373027741,3,0.06587717
118,1.16031373027741,4,0.06606738
118,1.16031373027741,5,0.06571046
118,1.16031373027741,6,0.06578851
118,1.16031373027741,7,0.06576107
118,1.16031373027741,8,0.06586771
118,1.16031373027741,9,0.06588247
118,1.16031373027741,10,0.06573633
118,1.16031373027741,11,0.06588601
118,1.16031373027741,12,0.06553803
118,1.16031373027741,13,0.06577164
118,1.16031373027741,14,0.06598647
118,1.16031373027741,15,0.06585532
119,1.17069002349925,0,0.06613944
119,1.17069002349925,1,0.06601954
119,1.17069002349925,2,0.06609955
119,1.17069002349925,3,0.06581336
119,1.17069002349925,4,0.06572098
119,1.17069002349925,5,0.06606055
119,1.17069002349925,6,0.06605137
119,1.17069002349925,7,0.06593202
119,1.17069002349925,8,0.06595197
119,1.17069002349925,9,0.06596997
119,1.17069002349925,10,0.06601819
119,1.17069002349925,11,0.0658754
119,1.17069002349925,12,0.06560303
119,1.17069002349925,13,0.06582173
119,1.17069002349925,14,0.06603128
119,1.17069002349925,15,0.06570851
120,1.17984557634205,0,0.06598227
120,1.17984557634205,1,0.06615249
120,1.17984557634205,2,0.06616903
120,1.17984557634205,3,0.06616234
120,1.17984557634205,4,0.06607588
120,1.17984557634205,5,0.06619246
120,1.17984557634205,6,0.06588601
120,1.17984557634205,7,0.06612597
120,1.17984557634205,8,0.06635213
120,1.17984557634205,9,0.0659079
120,1.17984557634205,10,0.06611905
120,1.17984557634205,11,0.06646009
120,1.17984557634205,12,0.06616397
120,1.17984557634205,13,0.06623656
120,1.17984557634205,14,0.0660876
120,1.17984557634205,15,0.06610461
121,1.19083223975341,0,0.06608861
121,1.19083223975341,1,0.0662187
121,1.19083223975341,2,0.06628249
121,1.19083223975341,3,0.0663387
121,1.19083223975341,4,0.06616091
121,1.19083223975341,5,0.06630296
121,1.19083223975341,6,0.06622973
121,1.19083223975341,7,0.06617889
121,1.19083223975341,8,0.06620512
121,1.19083223975341,9,0.06621338
121,1.19083223975341,10,0.0663657
121,1.19083223975341,11,0.06614289
121,1.19083223975341,12,0.06637257
121,1.19083223975341,13,0.06610762
121,1.19083223975341,14,0.06644909
121,1.19083223975341,15,0.06657173
122,1.20059816278573,0,0.06621864
122,1.20059816278573,1,0.06622963
122,1.20059816278573,2,0.06628034
122,1.20059816278573,3,0.06651084
122,1.20059816278573,4,0.06651065
122,1.20059816278573,5,0.06660748
122,1.20059816278573,6,0.06645421
122,1.20059816278573,7,0.06640823
122,1.20059816278573,8,0.06670153
122,1.20059816278573,9,0.06664896
122,1.20059816278573,10,0.06649627
122,1.20059816278573,11,0.06634992
122,1.20059816278573,12,0.06634639
122,1.20059816278573,13,0.06648661
122,1.20059816278573,14,0.066396
122,1.20059816278573,15,0.0664587
123,1.21036408581805,0,0.06608205
123,1.21036408581805,1,0.06635686
123,1.21036408581805,2,0.06588557
123,1.21036408581805,3,0.06593198
123,1.21036408581805,4,0.06602374
123,1.21036408581805,5,0.06607402
123,1.21036408581805,6,0.0662054
123,1.21036408581805,7,0.06643075
123,1.21036408581805,8,0.06642845
123,1.21036408581805,9,0.06639509
123,1.21036408581805,10,0.06618022
123,1.21036408581805,11,0.06593246
123,1.21036408581805,12,0.06617223
123,1.21036408581805,13,0.06599402
123,1.21036408581805,14,0.06627953
123,1.21036408581805,15,0.06630166
124,1.22074037903989,0,0.0663192
124,1.22074037903989,1,0.06631739
124,1.22074037903989,2,0.06604955
124,1.22074037903989,3,0.06618118
124,1.22074037903989,4,0.06588671
124,1.22074037903989,5,0.06628804
124,1.22074037903989,6,0.0662554
124,1.22074037903989,7,0.06622586
124,1.22074037903989,8,0.06610055
124,1.22074037903989,9,0.06609228
124,1.22074037903989,10,0.06577781
124,1.22074037903989,11,0.06620564
124,1.22074037903989,12,0.06633276
124,1.22074037903989,13,0.06610719
124,1.22074037903989,14,0.06640197
124,1.22074037903989,15,0.0663819
125,1.23050630207221,0,0.06574541
125,1.23050630207221,1,0.06602145
125,1.23050630207221,2,0.06583793
125,1.23050630207221,3,0.06605958
125,1.23050630207221,4,0.06637058
125,1.23050630207221,5,0.06629005
125,1.23050630207221,6,0.06640121
125,1.23050630207221,7,0.06608588
125,1.23050630207221,8,0.06607173
125,1.23050630207221,9,0.06622166
125,1.23050630207221,10,0.06603154
125,1.23050630207221,11,0.06630772
125,1.23050630207221,12,0.06620359
125,1.23050630207221,13,0.06643394
125,1.23050630207221,14,0.06617396
125,1.23050630207221,15,0.06629708
126,1.24027222510453,0,0.06600998
126,1.24027222510453,1,0.06599072
126,1.24027222510453,2,0.06608257
126,1.24027222510453,3,0.0661796
126,1.24027222510453,4,0.06625874
126,1.24027222510453,5,0.06595799
126,1.24027222510453,6,0.06613482
126,1.24027222510453,7,0.06623022
126,1.24027222510453,8,0.06608593
126,1.24027222510453,9,0.06601557
126,1.24027222510453,10,0.06610027
126,1.24027222510453,11,0.06604415
126,1.24027222510453,12,0.06608602
126,1.24027222510453,13,0.06604899
126,1.24027222510453,14,0.06621373
126,1.24027222510453,15,0.06639428
127,1.25003814813684,0,0.06634008
127,1.25003814813684,1,0.06618893
127,1.25003814813684,2,0.06621711
127,1.25003814813684,3,0.06622037
127,1.25003814813684,4,0.06624139
127,1.25003814813684,5,0.06608377
127,1.25003814813684,6,0.06611293
127,1.25003814813684,7,0.06614699
127,1.25003814813684,8,0.06624545
127,1.25003814813684,9,0.06637277
127,1.25003814813684,10,0.06629641
127,1.25003814813684,11,0.06629837
127,1.25003814813684,12,0.06638683
127,1.25003814813684,13,0.06650974
127,1.25003814813684,14,0.0667639
127,1.25003814813684,15,0.06649651
128,1.2610248115482,0,0.06649469
128,1.2610248115482,1,0.06670469
128,1.2610248115482,2,0.0663483
128,1.2610248115482,3,0.0666167
128,1.2610248115482,4,0.06646334
128,1.2610248115482,5,0.06644126
128,1.2610248115482,6,0.06659276
128,1.2610248115482,7,0.06670426
128,1.2610248115482,8,0.066634
128,1.2610248115482,9,0.06648035
128,1.2610248115482,10,0.06648126
128,1.2610248115482,11,0.06643328
128,1.2610248115482,12,0.0666137
128,1.2610248115482,13,0.06676801
128,1.2610248115482,14,0.06673107
128,1.2610248115482,15,0.06650311
129,1.270180364391,0,0.0668701
129,1.270180364391,1,0.0667868
129,1.270180364391,2,0.06644269
129,1.270180364391,3,0.06677509
129,1.270180364391,4,0.06673097
129,1.270180364391,5,0.06665766
129,1.270180364391,6,0.06649531
129,1.270180364391,7,0.06650329
129,1.270180364391,8,0.0664779
129,1.270180364391,9,0.06670536
129,1.270180364391,10,0.06663496
129,1.270180364391,11,0.06660787
129,1.270180364391,12,0.06668136
129,1.270180364391,13,0.06661072
129,1.270180364391,14,0.06658521
129,1.270180364391,15,0.06637133
130,1.28055665761284,0,0.0668311
130,1.28055665761284,1,0.06687573
130,1.28055665761284,2,0.06671544
130,1.28055665761284,3,0.06702643
130,1.28055665761284,4,0.06683975
130,1.28055665761284,5,0.06672156
130,1.28055665761284,6,0.06676208
130,1.28055665761284,7,0.06690986
130,1.28055665761284,8,0.06674584
130,1.28055665761284,9,0.06651381
130,1.28055665761284,10,0.06662249
130,1.28055665761284,11,0.06680816
130,1.28055665761284,12,0.06680175
130,1.28055665761284,13,0.06685179
130,1.28055665761284,14,0.06714662
130,1.28055665761284,15,0.06683038
131,1.29032258064516,0,0.06643385
131,1.29032258064516,1,0.06614112
131,1.29032258064516,2,0.06639481
131,1.29032258064516,3,0.06658119
131,1.29032258064516,4,0.06665972
131,1.29032258064516,5,0.06674927
131,1.29032258064516,6,0.06695039
131,1.29032258064516,7,0.06681055
131,1.29032258064516,8,0.06674531
131,1.29032258064516,9,0.06661871
131,1.29032258064516,10,0.06687464
131,1.29032258064516,11,0.0666057
131,1.29032258064516,12,0.06701663
131,1.29032258064516,13,0.06707431
131,1.29032258064516,14,0.06675296
131,1.29032258064516,15,0.06701858
132,1.30008850367748,0,0.06661832
132,1.30008850367748,1,0.06646898
132,1.30008850367748,2,0.06664433
132,1.30008850367748,3,0.06708669
132,1.30008850367748,4,0.06673781
132,1.30008850367748,5,0.06650482
132,1.30008850367748,6,0.06670168
132,1.30008850367748,7,0.06653865
132,1.30008850367748,8,0.06677872
132,1.30008850367748,9,0.06663539
132,1.30008850367748,10,0.06660561
132,1.30008850367748,11,0.06661867
132,1.30008850367748,12,0.06691115
132,1.30008850367748,13,0.0666988
132,1.30008850367748,14,0.06646009
132,1.30008850367748,15,0.06648264
133,1.31046479689932,0,0.06674111
133,1.31046479689932,1,0.0667282
133,1.31046479689932,2,0.06658349
133,1.31046479689932,3,0.06642888
133,1.31046479689932,4,0.06630644
133,1.31046479689932,5,0.06645459
133,1.31046479689932,6,0.06655859
133,1.31046479689932,7,0.06632536
133,1.31046479689932,8,0.06641999
133,1.31046479689932,9,0.06640589
133,1.31046479689932,10,0.06649827
133,1.31046479689932,11,0.06634481
133,1.31046479689932,12,0.06659114
133,1.31046479689932,13,0.06634372
133,1.31046479689932,14,0.06627293
133,1.31046479689932,15,0.06650588
134,1.32084109012116,0,0.06624488
134,1.32084109012116,1,0.06636747
134,1.32084109012116,2,0.06666774
134,1.32084109012116,3,0.06616349
134,1.32084109012116,4,0.06646477
134,1.32084109012116,5,0.06591506
134,1.32084109012116,6,0.06603455
134,1.32084109012116,7,0.06614467
134,1.32084109012116,8,0.06652418
134,1.32084109012116,9,0.0664794
134,1.32084109012116,10,0.06613085
134,1.32084109012116,11,0.06621801
134,1.32084109012116,12,0.06607016
134,1.32084109012116,13,0.06614891
134,1.32084109012116,14,0.06623628
134,1.32084109012116,15,0.06629185
135,1.33060701315348,0,0.06615102
135,1.33060701315348,1,0.06608965
135,1.33060701315348,2,0.06612507
135,1.33060701315348,3,0.06629081
135,1.33060701315348,4,0.06605271
135,1.33060701315348,5,0.0660606
135,1.33060701315348,6,0.06584022
135,1.33060701315348,7,0.06623834
135,1.33060701315348,8,0.06619436
135,1.33060701315348,9,0.06616367
135,1.33060701315348,10,0.06600893
135,1.33060701315348,11,0.06618561
135,1.33060701315348,12,0.06586393
135,1.33060701315348,13,0.06625946
135,1.33060701315348,14,0.06635433
135,1.33060701315348,15,0.06666473
136,1.33976256599628,0,0.06596787
136,1.33976256599628,1,0.06617409
136,1.33976256599628,2,0.06639428
136,1.33976256599628,3,0.06599063
136,1.33976256599628,4,0.06584052
136,1.33976256599628,5,0.06632981
136,1.33976256599628,6,0.06573427
136,1.33976256599628,7,0.06618805
136,1.33976256599628,8,0.06640035
136,1.33976256599628,9,0.06592611
136,1.33976256599628,10,0.0661935
136,1.33976256599628,11,0.06609864
136,1.33976256599628,12,0.06582306
136,1.33976256599628,13,0.06639461
136,1.33976256599628,14,0.06612765
136,1.33976256599628,15,0.06615216
137,1.35074922940764,0,0.06616952
137,1.35074922940764,1,0.06632063
137,1.35074922940764,2,0.06622108
137,1.35074922940764,3,0.06629893
137,1.35074922940764,4,0.06607087
137,1.35074922940764,5,0.06611613
137,1.35074922940764,6,0.06625979
137,1.35074922940764,7,0.06624129
137,1.35074922940764,8,0.06605563
137,1.35074922940764,9,0.06611832
137,1.35074922940764,10,0.06610814
137,1.35074922940764,11,0.06625243
137,1.35074922940764,12,0.06616311
137,1.35074922940764,13,0.066028
137,1.35074922940764,14,0.06590609
137,1.35074922940764,15,0.06612917
138,1.36112552262947,0,0.0659415
138,1.36112552262947,1,0.06622394
138,1.36112552262947,2,0.06618332
138,1.36112552262947,3,0.06606393
138,1.36112552262947,4,0.06596304
138,1.36112552262947,5,0.06606949
138,1.36112552262947,6,0.06597237
138,1.36112552262947,7,0.0661246
138,1.36112552262947,8,0.06619733
138,1.36112552262947,9,0.06641416
138,1.36112552262947,10,0.06629845
138,1.36112552262947,11,0.0663093
138,1.36112552262947,12,0.06622494
138,1.36112552262947,13,0.06603388
138,1.36112552262947,14,0.06629965
138,1.36112552262947,15,0.06622447
139,1.37089144566179,0,0.06648728
139,1.37089144566179,1,0.06638568
139,1.37089144566179,2,0.06662564
139,1.37089144566179,3,0.06644389
139,1.37089144566179,4,0.06631337
139,1.37089144566179,5,0.06652475
139,1.37089144566179,6,0.06647514
139,1.37089144566179,7,0.0666635
139,1.37089144566179,8,0.06669972
139,1.37089144566179,9,0.06667396
139,1.37089144566179,10,0.06661188
139,1.37089144566179,11,0.06642993
139,1.37089144566179,12,0.06637898
139,1.37089144566179,13,0.0663668
139,1.37089144566179,14,0.0669167
139,1.37089144566179,15,0.06671181
140,1.38126773888363,0,0.06647323
140,1.38126773888363,1,0.06662588
140,1.38126773888363,2,0.0667262
140,1.38126773888363,3,0.06671716
140,1.38126773888363,4,0.06670416
140,1.38126773888363,5,0.0664371
140,1.38126773888363,6,0.06633922
140,1.38126773888363,7,0.06650353
140,1.38126773888363,8,0.06659061
140,1.38126773888363,9,0.06656256
140,1.38126773888363,10,0.06642085
140,1.38126773888363,11,0.06661608
140,1.38126773888363,12,0.06655286
140,1.38126773888363,13,0.06648369
140,1.38126773888363,14,0.06646549
140,1.38126773888363,15,0.06669327
141,1.39103366191595,0,0.06655252
141,1.39103366191595,1,0.06652413
141,1.39103366191595,2,0.06646606
141,1.39103366191595,3,0.06657445
141,1.39103366191595,4,0.06643175
141,1.39103366191595,5,0.06673384
141,1.39103366191595,6,0.06647567
141,1.39103366191595,7,0.06647792
141,1.39103366191595,8,0.06651256
141,1.39103366191595,9,0.06655452
141,1.39103366191595,10,0.06651442
141,1.39103366191595,11,0.06647442
141,1.39103366191595,12,0.0664914
141,1.39103366191595,13,0.06646506
141,1.39103366191595,14,0.06617215
141,1.39103366191595,15,0.06650181
142,1.40079958494827,0,0.06684592
142,1.40079958494827,1,0.0666903
142,1.40079958494827,2,0.06659333
142,1.40079958494827,3,0.06705128
142,1.40079958494827,4,0.0668452
142,1.40079958494827,5,0.06677022
142,1.40079958494827,6,0.0667315
142,1.40079958494827,7,0.06679483
142,1.40079958494827,8,0.06643572
142,1.40079958494827,9,0.0664371
142,1.40079958494827,10,0.0666254
142,1.40079958494827,11,0.06688764
142,1.40079958494827,12,0.06665704
142,1.40079958494827,13,0.06666636
142,1.40079958494827,14,0.06710891
142,1.40079958494827,15,0.06665537
143,1.41178624835963,0,0.06670263
143,1.41178624835963,1,0.06678632
143,1.41178624835963,2,0.06651639
143,1.41178624835963,3,0.06641659
143,1.41178624835963,4,0.06673217
143,1.41178624835963,5,0.0664762
143,1.41178624835963,6,0.06667845
143,1.41178624835963,7,0.06673796
143,1.41178624835963,8,0.06679105
143,1.41178624835963,9,0.06675406
143,1.41178624835963,10,0.06682905
143,1.41178624835963,11,0.06675822
143,1.41178624835963,12,0.06678317
143,1.41178624835963,13,0.06643911
143,1.41178624835963,14,0.06684615
143,1.41178624835963,15,0.06661264
144,1.42094180120243,0,0.06684056
144,1.42094180120243,1,0.06654611
144,1.42094180120243,2,0.06650224
144,1.42094180120243,3,0.06681763
144,1.42094180120243,4,0.06675363
144,1.42094180120243,5,0.06673317
144,1.42094180120243,6,0.06690298
144,1.42094180120243,7,0.06675932
144,1.42094180120243,8,0.06680247
144,1.42094180120243,9,0.06684367
144,1.42094180120243,10,0.06684147
144,1.42094180120243,11,0.06685528
144,1.42094180120243,12,0.0668418
144,1.42094180120243,13,0.06698107
144,1.42094180120243,14,0.06677958
144,1.42094180120243,15,0.06690231
145,1.43131809442427,0,0.06648791
145,1.43131809442427,1,0.06634969
145,1.43131809442427,2,0.06651428
145,1.43131809442427,3,0.06651108
145,1.43131809442427,4,0.06660284
145,1.43131809442427,5,0.06627318
145,1.43131809442427,6,0.06677179
145,1.43131809442427,7,0.06656561
145,1.43131809442427,8,0.06654888
145,1.43131809442427,9,0.06651949
145,1.43131809442427,10,0.0665116
145,1.43131809442427,11,0.06651414
145,1.43131809442427,12,0.06645774
145,1.43131809442427,13,0.06633817
145,1.43131809442427,14,0.06661111
145,1.43131809442427,15,0.06666684
146,1.44108401745659,0,0.06696889
146,1.44108401745659,1,0.06664963
146,1.44108401745659,2,0.06684763
146,1.44108401745659,3,0.06656437
146,1.44108401745659,4,0.06660155
146,1.44108401745659,5,0.06636575
146,1.44108401745659,6,0.06659821
146,1.44108401745659,7,0.06677982
146,1.44108401745659,8,0.06645645
146,1.44108401745659,9,0.06658085
146,1.44108401745659,10,0.06680644
146,1.44108401745659,11,0.06665804
146,1.44108401745659,12,0.06660036
146,1.44108401745659,13,0.06641736
146,1.44108401745659,14,0.06642405
146,1.44108401745659,15,0.06650282
147,1.45084994048891,0,0.06653407
147,1.45084994048891,1,0.06655137
147,1.45084994048891,2,0.06648857
147,1.45084994048891,3,0.06632856
147,1.45084994048891,4,0.06666096
147,1.45084994048891,5,0.06667788
147,1.45084994048891,6,0.06657073
147,1.45084994048891,7,0.06666569
147,1.45084994048891,8,0.06672973
147,1.45084994048891,9,0.06671597
147,1.45084994048891,10,0.06649799
147,1.45084994048891,11,0.06650645
147,1.45084994048891,12,0.06658263
147,1.45084994048891,13,0.06653603
147,1.45084994048891,14,0.06649025
147,1.45084994048891,15,0.066277
148,1.46061586352123,0,0.06615669
148,1.46061586352123,1,0.06643257
148,1.46061586352123,2,0.06620808
148,1.46061586352123,3,0.06621047
148,1.46061586352123,4,0.06648642
148,1.46061586352123,5,0.06625167
148,1.46061586352123,6,0.06624541
148,1.46061586352123,7,0.06630567
148,1.46061586352123,8,0.06649015
148,1.46061586352123,9,0.06637062
148,1.46061586352123,10,0.06644361
148,1.46061586352123,11,0.06619685
148,1.46061586352123,12,0.06618625
148,1.46061586352123,13,0.06636666
148,1.46061586352123,14,0.06620602
148,1.46061586352123,15,0.06604511
149,1.47099215674306,0,0.06624664
149,1.47099215674306,1,0.06620832
149,1.47099215674306,2,0.06621812
149,1.47099215674306,3,0.06608582
149,1.47099215674306,4,0.06626897
149,1.47099215674306,5,0.0664478
149,1.47099215674306,6,0.06625874
149,1.47099215674306,7,0.0663387
149,1.47099215674306,8,0.0666178
149,1.47099215674306,9,0.06634563
149,1.47099215674306,10,0.06641798
149,1.47099215674306,11,0.06618122
149,1.47099215674306,12,0.06622213
149,1.47099215674306,13,0.06626152
149,1.47099215674306,14,0.06641956
149,1.47099215674306,15,0.06643662
150,1.48075807977538,0,0.06636149
150,1.48075807977538,1,0.06659912
150,1.48075807977538,2,0.06638515
150,1.48075807977538,3,0.06647906
150,1.48075807977538,4,0.06619523
150,1.48075807977538,5,0.06631059
150,1.48075807977538,6,0.06623039
150,1.48075807977538,7,0.06636866
150,1.48075807977538,8,0.06655759
150,1.48075807977538,9,0.06662101
150,1.48075807977538,10,0.06631748
150,1.48075807977538,11,0.06636503
150,1.48075807977538,12,0.06646128
150,1.48075807977538,13,0.06640785
150,1.48075807977538,14,0.06638601
150,1.48075807977538,15,0.06650338
151,1.4905240028077,0,0.0662466
151,1.4905240028077,1,0.06628914
151,1.4905240028077,2,0.06617768
151,1.4905240028077,3,0.06656251
151,1.4905240028077,4,0.0666276
151,1.4905240028077,5,0.06643543
151,1.4905240028077,6,0.06657312
151,1.4905240028077,7,0.06631976
151,1.4905240028077,8,0.06624234
151,1.4905240028077,9,0.06668299
151,1.4905240028077,10,0.06657097
151,1.4905240028077,11,0.0664306
151,1.4905240028077,12,0.06657642
151,1.4905240028077,13,0.06675841
151,1.4905240028077,14,0.06663951
151,1.4905240028077,15,0.0661959
152,1.50028992584002,0,0.06683621
152,1.50028992584002,1,0.06701104
152,1.50028992584002,2,0.06666698
152,1.50028992584002,3,0.06687789
152,1.50028992584002,4,0.0667023
152,1.50028992584002,5,0.06672357
152,1.50028992584002,6,0.06645478
152,1.50028992584002,7,0.06671607
152,1.50028992584002,8,0.06659247
152,1.50028992584002,9,0.06662469
152,1.50028992584002,10,0.06692988
152,1.50028992584002,11,0.06656213
152,1.50028992584002,12,0.06638725
152,1.50028992584002,13,0.06665637
152,1.50028992584002,14,0.06666339
152,1.50028992584002,15,0.06656839
153,1.51066621906186,0,0.06674804
153,1.51066621906186,1,0.06675234
153,1.51066621906186,2,0.06683913
153,1.51066621906186,3,0.06690862
153,1.51066621906186,4,0.0668094
153,1.51066621906186,5,0.06665685
153,1.51066621906186,6,0.06681027
153,1.51066621906186,7,0.06673231
153,1.51066621906186,8,0.06682537
153,1.51066621906186,9,0.06717807
153,1.51066621906186,10,0.06682765
153,1.51066621906186,11,0.06699985
153,1.51066621906186,12,0.06712397
153,1.51066621906186,13,0.06725239
153,1.51066621906186,14,0.06707972
153,1.51066621906186,15,0.06702432
154,1.5210425122837,0,0.06725148
154,1.5210425122837,1,0.06720207
154,1.5210425122837,2,0.06687464
154,1.5210425122837,3,0.067239
154,1.5210425122837,4,0.06757145
154,1.5210425122837,5,0.06695502
154,1.5210425122837,6,0.06690083
154,1.5210425122837,7,0.06655333
154,1.5210425122837,8,0.06687927
154,1.5210425122837,9,0.06690761
154,1.5210425122837,10,0.06727605
154,1.5210425122837,11,0.06700128
154,1.5210425122837,12,0.06691435
154,1.5210425122837,13,0.06707934
154,1.5210425122837,14,0.06707876
154,1.5210425122837,15,0.06727619
155,1.52958769493698,0,0.0669338
155,1.52958769493698,1,0.06705596
155,1.52958769493698,2,0.06693806
155,1.52958769493698,3,0.06716216
155,1.52958769493698,4,0.06679215
155,1.52958769493698,5,0.0667262
155,1.52958769493698,6,0.06687818
155,1.52958769493698,7,0.06659534
155,1.52958769493698,8,0.06689633
155,1.52958769493698,9,0.06680653
155,1.52958769493698,10,0.06680261
155,1.52958769493698,11,0.06687067
155,1.52958769493698,12,0.06704741
155,1.52958769493698,13,0.0670065
155,1.52958769493698,14,0.06703082
155,1.52958769493698,15,0.06733444
156,1.54118472853786,0,0.0672023
156,1.54118472853786,1,0.06711747
156,1.54118472853786,2,0.06717229
156,1.54118472853786,3,0.06747481
156,1.54118472853786,4,0.06754818
156,1.54118472853786,5,0.06734769
156,1.54118472853786,6,0.06723092
156,1.54118472853786,7,0.06711881
156,1.54118472853786,8,0.06728876
156,1.54118472853786,9,0.06735639
156,1.54118472853786,10,0.06729837
156,1.54118472853786,11,0.06730276
156,1.54118472853786,12,0.06724034
156,1.54118472853786,13,0.06741779
156,1.54118472853786,14,0.06730329
156,1.54118472853786,15,0.06722648
157,1.55095065157018,0,0.06710605
157,1.55095065157018,1,0.06722209
157,1.55095065157018,2,0.06721961
157,1.55095065157018,3,0.06733225
157,1.55095065157018,4,0.0670597
157,1.55095065157018,5,0.06705625
157,1.55095065157018,6,0.06674938
157,1.55095065157018,7,0.0670161
157,1.55095065157018,8,0.06703302
157,1.55095065157018,9,0.06723107
157,1.55095065157018,10,0.06728397
157,1.55095065157018,11,0.0672066
157,1.55095065157018,12,0.06730515
157,1.55095065157018,13,0.06712502
157,1.55095065157018,14,0.06720532
157,1.55095065157018,15,0.06701902
158,1.56132694479202,0,0.06715805
158,1.56132694479202,1,0.06720474
158,1.56132694479202,2,0.06731872
158,1.56132694479202,3,0.0669317
158,1.56132694479202,4,0.06702724
158,1.56132694479202,5,0.06710376
158,1.56132694479202,6,0.06718051
158,1.56132694479202,7,0.06708243
158,1.56132694479202,8,0.06696726
158,1.56132694479202,9,0.06680587
158,1.56132694479202,10,0.0670702
158,1.56132694479202,11,0.06658664
158,1.56132694479202,12,0.06726485
158,1.56132694479202,13,0.06683975
158,1.56132694479202,14,0.06701524
158,1.56132694479202,15,0.0670118
159,1.57048249763482,0,0.06678709
159,1.57048249763482,1,0.06677442
159,1.57048249763482,2,0.06688281
159,1.57048249763482,3,0.06694896
159,1.57048249763482,4,0.06709382
159,1.57048249763482,5,0.06718017
159,1.57048249763482,6,0.06719695
159,1.57048249763482,7,0.06697653
159,1.57048249763482,8,0.06718486
159,1.57048249763482,9,0.06713253
159,1.57048249763482,10,0.06639341
159,1.57048249763482,11,0.06684864
159,1.57048249763482,12,0.06699904
159,1.57048249763482,13,0.06678011
159,1.57048249763482,14,0.06687086
159,1.57048249763482,15,0.06683081
160,1.58024842066713,0,0.06716947
160,1.58024842066713,1,0.06682144
160,1.58024842066713,2,0.06682169
160,1.58024842066713,3,0.06701735
160,1.58024842066713,4,0.06711384
160,1.58024842066713,5,0.06702896
160,1.58024842066713,6,0.06693596
160,1.58024842066713,7,0.06685925
160,1.58024842066713,8,0.06655753
160,1.58024842066713,9,0.06662077
160,1.58024842066713,10,0.06668069
160,1.58024842066713,11,0.06684649
160,1.58024842066713,12,0.06668385
160,1.58024842066713,13,0.06682732
160,1.58024842066713,14,0.06689576
160,1.58024842066713,15,0.06678933
161,1.59062471388897,0,0.06678321
161,1.59062471388897,1,0.06678871
161,1.59062471388897,2,0.06694924
161,1.59062471388897,3,0.06702518
161,1.59062471388897,4,0.06689629
161,1.59062471388897,5,0.06693615
161,1.59062471388897,6,0.06680945
161,1.59062471388897,7,0.06681012
161,1.59062471388897,8,0.06670292
161,1.59062471388897,9,0.06683765
161,1.59062471388897,10,0.06709243
161,1.59062471388897,11,0.06699976
161,1.59062471388897,12,0.06695689
161,1.59062471388897,13,0.06683353
161,1.59062471388897,14,0.0667206
161,1.59062471388897,15,0.06663094
162,1.60100100711081,0,0.06673026
162,1.60100100711081,1,0.06689027
162,1.60100100711081,2,0.06673107
162,1.60100100711081,3,0.06665422
162,1.60100100711081,4,0.0668506
162,1.60100100711081,5,0.0669318
162,1.60100100711081,6,0.06709964
162,1.60100100711081,7,0.06702528
162,1.60100100711081,8,0.06701323
162,1.60100100711081,9,0.06682135
162,1.60100100711081,10,0.06707661
162,1.60100100711081,11,0.06668448
162,1.60100100711081,12,0.0669794
162,1.60100100711081,13,0.06667908
162,1.60100100711081,14,0.06662865
162,1.60100100711081,15,0.06670211
163,1.61076693014313,0,0.06626725
163,1.61076693014313,1,0.06645015
163,1.61076693014313,2,0.06650731
163,1.61076693014313,3,0.06690638
163,1.61076693014313,4,0.06662617
163,1.61076693014313,5,0.0669471
163,1.61076693014313,6,0.06666234
163,1.61076693014313,7,0.06669848
163,1.61076693014313,8,0.06676367
163,1.61076693014313,9,0.0667239
163,1.61076693014313,10,0.06697099
163,1.61076693014313,11,0.06659668
163,1.61076693014313,12,0.06675162
163,1.61076693014313,13,0.06661178
163,1.61076693014313,14,0.06707489
163,1.61076693014313,15,0.066857
164,1.62053285317545,0,0.06671324
164,1.62053285317545,1,0.06673704
164,1.62053285317545,2,0.06661843
164,1.62053285317545,3,0.06657149
164,1.62053285317545,4,0.06641005
164,1.62053285317545,5,0.0663354
164,1.62053285317545,6,0.06621926
164,1.62053285317545,7,0.06632464
164,1.62053285317545,8,0.06638008
164,1.62053285317545,9,0.06636585
164,1.62053285317545,10,0.06655381
164,1.62053285317545,11,0.06666511
164,1.62053285317545,12,0.06649608
164,1.62053285317545,13,0.0664058
164,1.62053285317545,14,0.06632656
164,1.62053285317545,15,0.06632159
165,1.63029877620777,0,0.06636494
165,1.63029877620777,1,0.06644231
165,1.63029877620777,2,0.06682933
165,1.63029877620777,3,0.06683163
165,1.63029877620777,4,0.06637875
165,1.63029877620777,5,0.06660992
165,1.63029877620777,6,0.06678244
165,1.63029877620777,7,0.06686064
165,1.63029877620777,8,0.06658158
165,1.63029877620777,9,0.06653459
165,1.63029877620777,10,0.06645402
165,1.63029877620777,11,0.06650071
165,1.63029877620777,12,0.06673943
165,1.63029877620777,13,0.06658545
165,1.63029877620777,14,0.06658215
165,1.63029877620777,15,0.06651027
166,1.64128543961913,0,0.06672027
166,1.64128543961913,1,0.0663548
166,1.64128543961913,2,0.06629019
166,1.64128543961913,3,0.06645498
166,1.64128543961913,4,0.06646301
166,1.64128543961913,5,0.06683564
166,1.64128543961913,6,0.06631279
166,1.64128543961913,7,0.06650554
166,1.64128543961913,8,0.06633415
166,1.64128543961913,9,0.06622954
166,1.64128543961913,10,0.06624961
166,1.64128543961913,11,0.06632718
166,1.64128543961913,12,0.06634773
166,1.64128543961913,13,0.06610806
166,1.64128543961913,14,0.06618869
166,1.64128543961913,15,0.06638386
167,1.65044099246193,0,0.06652566
167,1.65044099246193,1,0.06654267
167,1.65044099246193,2,0.06667286
167,1.65044099246193,3,0.06668185
167,1.65044099246193,4,0.06654363
167,1.65044099246193,5,0.06629339
167,1.65044099246193,6,0.06650664
167,1.65044099246193,7,0.06633455
167,1.65044099246193,8,0.06658583
167,1.65044099246193,9,0.06633559
167,1.65044099246193,10,0.06658411
167,1.65044099246193,11,0.06657565
167,1.65044099246193,12,0.06661665
167,1.65044099246193,13,0.06644737
167,1.65044099246193,14,0.06653431
167,1.65044099246193,15,0.06660481
168,1.66081728568377,0,0.06647222
168,1.66081728568377,1,0.06644259
168,1.66081728568377,2,0.06616549
168,1.66081728568377,3,0.06624401
168,1.66081728568377,4,0.06625644
168,1.66081728568377,5,0.0664511
168,1.66081728568377,6,0.0662954
168,1.66081728568377,7,0.06639709
168,1.66081728568377,8,0.06640259
168,1.66081728568377,9,0.06683961
168,1.66081728568377,10,0.0665616
168,1.66081728568377,11,0.06652217
168,1.66081728568377,12,0.06689089
168,1.66081728568377,13,0.06647954
168,1.66081728568377,14,0.06648661
168,1.66081728568377,15,0.06636431
169,1.67058320871609,0,0.06646559
169,1.67058320871609,1,0.06625205
169,1.67058320871609,2,0.06612515
169,1.67058320871609,3,0.06627509
169,1.67058320871609,4,0.06646836
169,1.67058320871609,5,0.06640403
169,1.67058320871609,6,0.06635385
169,1.67058320871609,7,0.06655567
169,1.67058320871609,8,0.06665685
169,1.67058320871609,9,0.06651338
169,1.67058320871609,10,0.06659548
169,1.67058320871609,11,0.0667673
169,1.67058320871609,12,0.06686985
169,1.67058320871609,13,0.06659883
169,1.67058320871609,14,0.06674794
169,1.67058320871609,15,0.06664739
170,1.68034913174841,0,0.06643596
170,1.68034913174841,1,0.06669006
170,1.68034913174841,2,0.06655329
170,1.68034913174841,3,0.06658459
170,1.68034913174841,4,0.06630959
170,1.68034913174841,5,0.06637751
170,1.68034913174841,6,0.06642152
170,1.68034913174841,7,0.06647982
170,1.68034913174841,8,0.06652036
170,1.68034913174841,9,0.06625765
170,1.68034913174841,10,0.06661426
170,1.68034913174841,11,0.06638753
170,1.68034913174841,12,0.06623925
170,1.68034913174841,13,0.06631743
170,1.68034913174841,14,0.06646873
170,1.68034913174841,15,0.066633
171,1.69194616534928,0,0.06673924
171,1.69194616534928,1,0.06630194
171,1.69194616534928,2,0.06646701
171,1.69194616534928,3,0.06662153
171,1.69194616534928,4,0.06638792
171,1.69194616534928,5,0.06619862
171,1.69194616534928,6,0.06653646
171,1.69194616534928,7,0.0664338
171,1.69194616534928,8,0.066384
171,1.69194616534928,9,0.06642075
171,1.69194616534928,10,0.06641473
171,1.69194616534928,11,0.06644436
171,1.69194616534928,12,0.06634027
171,1.69194616534928,13,0.06641228
171,1.69194616534928,14,0.06657493
171,1.69194616534928,15,0.06665991
172,1.70110171819208,0,0.06609582
172,1.70110171819208,1,0.06627402
172,1.70110171819208,2,0.06635805
172,1.70110171819208,3,0.06650047
172,1.70110171819208,4,0.06646606
172,1.70110171819208,5,0.06598451
172,1.70110171819208,6,0.066199
172,1.70110171819208,7,0.06609219
172,1.70110171819208,8,0.06626686
172,1.70110171819208,9,0.06630151
172,1.70110171819208,10,0.06634524
172,1.70110171819208,11,0.06624187
172,1.70110171819208,12,0.06622242
172,1.70110171819208,13,0.06637368
172,1.70110171819208,14,0.06645966
172,1.70110171819208,15,0.06661216
173,1.7108676412244,0,0.06649445
173,1.7108676412244,1,0.06659787
173,1.7108676412244,2,0.06653784
173,1.7108676412244,3,0.06649353
173,1.7108676412244,4,0.06643872
173,1.7108676412244,5,0.06627662
173,1.7108676412244,6,0.06629909
173,1.7108676412244,7,0.06645211
173,1.7108676412244,8,0.06643968
173,1.7108676412244,9,0.06636078
173,1.7108676412244,10,0.06620731
173,1.7108676412244,11,0.06645622
173,1.7108676412244,12,0.06649144
173,1.7108676412244,13,0.06621578
173,1.7108676412244,14,0.06600089
173,1.7108676412244,15,0.06623012
174,1.72063356425672,0,0.06674039
174,1.72063356425672,1,0.06658287
174,1.72063356425672,2,0.06638563
174,1.72063356425672,3,0.06633861
174,1.72063356425672,4,0.06636991
174,1.72063356425672,5,0.06642095
174,1.72063356425672,6,0.06661078
174,1.72063356425672,7,0.06647901
174,1.72063356425672,8,0.0665832
174,1.72063356425672,9,0.06633979
174,1.72063356425672,10,0.06651844
174,1.72063356425672,11,0.06636585
174,1.72063356425672,12,0.06641985
174,1.72063356425672,13,0.06650969
174,1.72063356425672,14,0.06642879
174,1.72063356425672,15,0.06657928
175,1.73100985747856,0,0.06658406
175,1.73100985747856,1,0.0666751
175,1.73100985747856,2,0.06647336
175,1.73100985747856,3,0.06656079
175,1.73100985747856,4,0.06682102
175,1.73100985747856,5,0.06674292
175,1.73100985747856,6,0.06655022
175,1.73100985747856,7,0.06677108
175,1.73100985747856,8,0.06667257
175,1.73100985747856,9,0.06698251
175,1.73100985747856,10,0.06701816
175,1.73100985747856,11,0.06689648
175,1.73100985747856,12,0.06697046
175,1.73100985747856,13,0.06684338
175,1.73100985747856,14,0.06680792
175,1.73100985747856,15,0.06660949
176,1.74016541032136,0,0.06633019
176,1.74016541032136,1,0.06671544
176,1.74016541032136,2,0.06677184
176,1.74016541032136,3,0.06662459
176,1.74016541032136,4,0.06623576
176,1.74016541032136,5,0.0663745
176,1.74016541032136,6,0.06684773
176,1.74016541032136,7,0.06657259
176,1.74016541032136,8,0.06674895
176,1.74016541032136,9,0.06634372
176,1.74016541032136,10,0.06657369
176,1.74016541032136,11,0.06651428
176,1.74016541032136,12,0.06681777
176,1.74016541032136,13,0.0664653
176,1.74016541032136,14,0.06674206
176,1.74016541032136,15,0.06673011
177,1.75115207373272,0,0.06691306
177,1.75115207373272,1,0.06705333
177,1.75115207373272,2,0.06671439
177,1.75115207373272,3,0.0667457
177,1.75115207373272,4,0.06671147
177,1.75115207373272,5,0.06666388
177,1.75115207373272,6,0.06685542
177,1.75115207373272,7,0.06692716
177,1.75115207373272,8,0.06665532
177,1.75115207373272,9,0.06673566
177,1.75115207373272,10,0.06652934
177,1.75115207373272,11,0.06649732
177,1.75115207373272,12,0.06677231
177,1.75115207373272,13,0.06665211
177,1.75115207373272,14,0.0669068
177,1.75115207373272,15,0.06675516
178,1.76030762657552,0,0.06660523
178,1.76030762657552,1,0.0666568
178,1.76030762657552,2,0.06669408
178,1.76030762657552,3,0.06663209
178,1.76030762657552,4,0.06648561
178,1.76030762657552,5,0.06674182
178,1.76030762657552,6,0.06681136
178,1.76030762657552,7,0.06636985
178,1.76030762657552,8,0.06645369
178,1.76030762657552,9,0.06688444
178,1.76030762657552,10,0.06660876
178,1.76030762657552,11,0.06675836
178,1.76030762657552,12,0.06682225
178,1.76030762657552,13,0.06682359
178,1.76030762657552,14,0.0667369
178,1.76030762657552,15,0.06639886
179,1.77068391979736,0,0.06659185
179,1.77068391979736,1,0.06664395
179,1.77068391979736,2,0.06658559
179,1.77068391979736,3,0.06642773
179,1.77068391979736,4,0.06656858
179,1.77068391979736,5,0.06633588
179,1.77068391979736,6,0.06663286
179,1.77068391979736,7,0.06627423
179,1.77068391979736,8,0.06663711
179,1.77068391979736,9,0.06646969
179,1.77068391979736,10,0.06645999
179,1.77068391979736,11,0.06654636
179,1.77068391979736,12,0.06612416
179,1.77068391979736,13,0.0659857
179,1.77068391979736,14,0.06659926
179,1.77068391979736,15,0.06641664
180,1.77983947264016,0,0.06603425
180,1.77983947264016,1,0.06652212
180,1.77983947264016,2,0.06668232
180,1.77983947264016,3,0.06679158
180,1.77983947264016,4,0.0667684
180,1.77983947264016,5,0.06655238
180,1.77983947264016,6,0.06655324
180,1.77983947264016,7,0.06660905
180,1.77983947264016,8,0.06644814
180,1.77983947264016,9,0.06660896
180,1.77983947264016,10,0.06643653
180,1.77983947264016,11,0.06673972
180,1.77983947264016,12,0.06653427
180,1.77983947264016,13,0.06674177
180,1.77983947264016,14,0.06659874
180,1.77983947264016,15,0.06665919
181,1.790215765862,0,0.06653034
181,1.790215765862,1,0.06644971
181,1.790215765862,2,0.06633043
181,1.790215765862,3,0.06645239
181,1.790215765862,4,0.06673002
181,1.790215765862,5,0.06654315
181,1.790215765862,6,0.06648518
181,1.790215765862,7,0.06666971
181,1.790215765862,8,0.06603537
181,1.790215765862,9,0.06650233
181,1.790215765862,10,0.06630514
181,1.790215765862,11,0.06634965
181,1.790215765862,12,0.06629276
181,1.790215765862,13,0.06639681
181,1.790215765862,14,0.06659357
181,1.790215765862,15,0.06631567
182,1.80059205908383,0,0.06655008
182,1.80059205908383,1,0.06643403
182,1.80059205908383,2,0.0662694
182,1.80059205908383,3,0.06661408
182,1.80059205908383,4,0.06631973
182,1.80059205908383,5,0.06659539
182,1.80059205908383,6,0.06625778
182,1.80059205908383,7,0.06605472
182,1.80059205908383,8,0.06647137
182,1.80059205908383,9,0.06622901
182,1.80059205908383,10,0.06634778
182,1.80059205908383,11,0.06616578
182,1.80059205908383,12,0.06651639
182,1.80059205908383,13,0.06645273
182,1.80059205908383,14,0.06670985
182,1.80059205908383,15,0.06660299
183,1.81035798211615,0,0.0664403
183,1.81035798211615,1,0.06664485
183,1.81035798211615,2,0.06669293
183,1.81035798211615,3,0.06626772
183,1.81035798211615,4,0.06670927
183,1.81035798211615,5,0.06646768
183,1.81035798211615,6,0.06639155
183,1.81035798211615,7,0.06623767
183,1.81035798211615,8,0.06661436
183,1.81035798211615,9,0.06644522
183,1.81035798211615,10,0.06661861
183,1.81035798211615,11,0.06660169
183,1.81035798211615,12,0.06663272
183,1.81035798211615,13,0.06655568
183,1.81035798211615,14,0.06631915
183,1.81035798211615,15,0.06631963
184,1.82134464552751,0,0.06662707
184,1.82134464552751,1,0.0662997
184,1.82134464552751,2,0.06644202
184,1.82134464552751,3,0.0662856
184,1.82134464552751,4,0.06595115
184,1.82134464552751,5,0.06614079
184,1.82134464552751,6,0.06645865
184,1.82134464552751,7,0.06655534
184,1.82134464552751,8,0.06652924
184,1.82134464552751,9,0.06624445
184,1.82134464552751,10,0.06674689
184,1.82134464552751,11,0.06648637
184,1.82134464552751,12,0.06644126
184,1.82134464552751,13,0.06656924
184,1.82134464552751,14,0.06625822
184,1.82134464552751,15,0.06641492
185,1.83050019837031,0,0.06670426
185,1.83050019837031,1,0.06652523
185,1.83050019837031,2,0.06655443
185,1.83050019837031,3,0.066489
185,1.83050019837031,4,0.06663467
185,1.83050019837031,5,0.06633837
185,1.83050019837031,6,0.06632135
185,1.83050019837031,7,0.06630462
185,1.83050019837031,8,0.06610098
185,1.83050019837031,9,0.06612339
185,1.83050019837031,10,0.06656217
185,1.83050019837031,11,0.06636608
185,1.83050019837031,12,0.06623441
185,1.83050019837031,13,0.06644498
185,1.83050019837031,14,0.06631356
185,1.83050019837031,15,0.06589986
186,1.84026612140263,0,0.06655123
186,1.84026612140263,1,0.06634185
186,1.84026612140263,2,0.06652351
186,1.84026612140263,3,0.06650692
186,1.84026612140263,4,0.06649631
186,1.84026612140263,5,0.06645588
186,1.84026612140263,6,0.06623188
186,1.84026612140263,7,0.0662498
186,1.84026612140263,8,0.06612952
186,1.84026612140263,9,0.06630992
186,1.84026612140263,10,0.06633912
186,1.84026612140263,11,0.06620636
186,1.84026612140263,12,0.06611164
186,1.84026612140263,13,0.06613807
186,1.84026612140263,14,0.06616565
186,1.84026612140263,15,0.06629817
187,1.85125278481399,0,0.06621123
187,1.85125278481399,1,0.06609879
187,1.85125278481399,2,0.06615067
187,1.85125278481399,3,0.06603746
187,1.85125278481399,4,0.06645416
187,1.85125278481399,5,0.06627078
187,1.85125278481399,6,0.0662921
187,1.85125278481399,7,0.06596089
187,1.85125278481399,8,0.06617835
187,1.85125278481399,9,0.06573929
187,1.85125278481399,10,0.06576911
187,1.85125278481399,11,0.06570594
187,1.85125278481399,12,0.06621945
187,1.85125278481399,13,0.06632283
187,1.85125278481399,14,0.06596086
187,1.85125278481399,15,0.06595808
188,1.86040833765679,0,0.06608894
188,1.86040833765679,1,0.06631604
188,1.86040833765679,2,0.06599618
188,1.86040833765679,3,0.06594704
188,1.86040833765679,4,0.06588286
188,1.86040833765679,5,0.06563916
188,1.86040833765679,6,0.06628546
188,1.86040833765679,7,0.06602934
188,1.86040833765679,8,0.06586029
188,1.86040833765679,9,0.06600946
188,1.86040833765679,10,0.06588414
188,1.86040833765679,11,0.06605237
188,1.86040833765679,12,0.06614026
188,1.86040833765679,13,0.06604674
188,1.86040833765679,14,0.06606963
188,1.86040833765679,15,0.06621108
189,1.87017426068911,0,0.06599216
189,1.87017426068911,1,0.0659793
189,1.87017426068911,2,0.06614313
189,1.87017426068911,3,0.06577155
189,1.87017426068911,4,0.06587152
189,1.87017426068911,5,0.06576762
189,1.87017426068911,6,0.06575768
189,1.87017426068911,7,0.06570353
189,1.87017426068911,8,0.06573608
189,1.87017426068911,9,0.06575846
189,1.87017426068911,10,0.06611713
189,1.87017426068911,11,0.06562768
189,1.87017426068911,12,0.06588902
189,1.87017426068911,13,0.06581464
189,1.87017426068911,14,0.06569007
189,1.87017426068911,15,0.06569259
190,1.88116092410047,0,0.06605362
190,1.88116092410047,1,0.06628962
190,1.88116092410047,2,0.06608683
190,1.88116092410047,3,0.06596721
190,1.88116092410047,4,0.06601945
190,1.88116092410047,5,0.06609224
190,1.88116092410047,6,0.06611828
190,1.88116092410047,7,0.06618825
190,1.88116092410047,8,0.06627327
190,1.88116092410047,9,0.06589054
190,1.88116092410047,10,0.06607317
190,1.88116092410047,11,0.06616526
190,1.88116092410047,12,0.06611212
190,1.88116092410047,13,0.06619594
190,1.88116092410047,14,0.06599201
190,1.88116092410047,15,0.06594709
191,1.89031647694327,0,0.06614505
191,1.89031647694327,1,0.06605233
191,1.89031647694327,2,0.06643075
191,1.89031647694327,3,0.06618007
191,1.89031647694327,4,0.06621773
191,1.89031647694327,5,0.06633244
191,1.89031647694327,6,0.06643174
191,1.89031647694327,7,0.06619842
191,1.89031647694327,8,0.0662714
191,1.89031647694327,9,0.06621869
191,1.89031647694327,10,0.06614021
191,1.89031647694327,11,0.06611216
191,1.89031647694327,12,0.06618213
191,1.89031647694327,13,0.06611713
191,1.89031647694327,14,0.0663559
191,1.89031647694327,15,0.06644747
192,1.90130314035462,0,0.06613472
192,1.90130314035462,1,0.0663816
192,1.90130314035462,2,0.06642104
192,1.90130314035462,3,0.06630772
192,1.90130314035462,4,0.06630605
192,1.90130314035462,5,0.06615709
192,1.90130314035462,6,0.06624579
192,1.90130314035462,7,0.06620646
192,1.90130314035462,8,0.06633377
192,1.90130314035462,9,0.06643103
192,1.90130314035462,10,0.06649321
192,1.90130314035462,11,0.06636025
192,1.90130314035462,12,0.06613605
192,1.90130314035462,13,0.06635533
192,1.90130314035462,14,0.06571511
192,1.90130314035462,15,0.06641186
193,1.91106906338694,0,0.06626419
193,1.91106906338694,1,0.06623513
193,1.91106906338694,2,0.06617783
193,1.91106906338694,3,0.06636995
193,1.91106906338694,4,0.06661843
193,1.91106906338694,5,0.06640082
193,1.91106906338694,6,0.06642568
193,1.91106906338694,7,0.06638477
193,1.91106906338694,8,0.06633707
193,1.91106906338694,9,0.06602279
193,1.91106906338694,10,0.06608067
193,1.91106906338694,11,0.0662128
193,1.91106906338694,12,0.0659683
193,1.91106906338694,13,0.06599154
193,1.91106906338694,14,0.06603511
193,1.91106906338694,15,0.06610728
194,1.92083498641926,0,0.06602685
194,1.92083498641926,1,0.06639777
194,1.92083498641926,2,0.0660866
194,1.92083498641926,3,0.06631886
194,1.92083498641926,4,0.06656858
194,1.92083498641926,5,0.06642859
194,1.92083498641926,6,0.06653411
194,1.92083498641926,7,0.06625754
194,1.92083498641926,8,0.06643596
194,1.92083498641926,9,0.06621367
194,1.92083498641926,10,0.06653651
194,1.92083498641926,11,0.06640904
194,1.92083498641926,12,0.06622132
194,1.92083498641926,13,0.06624933
194,1.92083498641926,14,0.06645617
194,1.92083498641926,15,0.06643552
195,1.93060090945158,0,0.06631518
195,1.93060090945158,1,0.06644298
195,1.93060090945158,2,0.06643356
195,1.93060090945158,3,0.06617153
195,1.93060090945158,4,0.06629993
195,1.93060090945158,5,0.06628985
195,1.93060090945158,6,0.0664297
195,1.93060090945158,7,0.06661861
195,1.93060090945158,8,0.06605156
195,1.93060090945158,9,0.06622338
195,1.93060090945158,10,0.06630567
195,1.93060090945158,11,0.0662705
195,1.93060090945158,12,0.06646109
195,1.93060090945158,13,0.06633086
195,1.93060090945158,14,0.06634869
195,1.93060090945158,15,0.06651447
196,1.94097720267342,0,0.06621639
196,1.94097720267342,1,0.06628546
196,1.94097720267342,2,0.06622931
196,1.94097720267342,3,0.06618098
196,1.94097720267342,4,0.06604846
196,1.94097720267342,5,0.06631055
196,1.94097720267342,6,0.06630954
196,1.94097720267342,7,0.06663696
196,1.94097720267342,8,0.06639896
196,1.94097720267342,9,0.06645459
196,1.94097720267342,10,0.06662502
196,1.94097720267342,11,0.06655868
196,1.94097720267342,12,0.06638921
196,1.94097720267342,13,0.06650506
196,1.94097720267342,14,0.0666201
196,1.94097720267342,15,0.06653422
197,1.95013275551622,0,0.06649172
197,1.95013275551622,1,0.06641205
197,1.95013275551622,2,0.06653407
197,1.95013275551622,3,0.06636111
197,1.95013275551622,4,0.06640942
197,1.95013275551622,5,0.06652686
197,1.95013275551622,6,0.06644963
197,1.95013275551622,7,0.0664935
197,1.95013275551622,8,0.06672323
197,1.95013275551622,9,0.06662784
197,1.95013275551622,10,0.06635772
197,1.95013275551622,11,0.06632145
197,1.95013275551622,12,0.0664966
197,1.95013275551622,13,0.06648714
197,1.95013275551622,14,0.06655739
197,1.95013275551622,15,0.06664065
198,1.95989867854854,0,0.06616803
198,1.95989867854854,1,0.0665507
198,1.95989867854854,2,0.06650262
198,1.95989867854854,3,0.06624832
198,1.95989867854854,4,0.06657966
198,1.95989867854854,5,0.06642305
198,1.95989867854854,6,0.06630839
198,1.95989867854854,7,0.06664342
198,1.95989867854854,8,0.06650037
198,1.95989867854854,9,0.06672475
198,1.95989867854854,10,0.06664724
198,1.95989867854854,11,0.0664772
198,1.95989867854854,12,0.06640733
198,1.95989867854854,13,0.06636379
198,1.95989867854854,14,0.06648867
198,1.95989867854854,15,0.06653641
199,1.97027497177038,0,0.06660987
199,1.97027497177038,1,0.06670837
199,1.97027497177038,2,0.06655654
199,1.97027497177038,3,0.06653469
199,1.97027497177038,4,0.06611384
199,1.97027497177038,5,0.06629577
199,1.97027497177038,6,0.06603432
199,1.97027497177038,7,0.06603455
199,1.97027497177038,8,0.06638734
199,1.97027497177038,9,0.06607603
199,1.97027497177038,10,0.06620272
199,1.97027497177038,11,0.06629712
199,1.97027497177038,12,0.06644637
199,1.97027497177038,13,0.06617248
199,1.97027497177038,14,0.06633865
199,1.97027497177038,15,0.06629134
200,1.9800408948027,0,0.06610935
200,1.9800408948027,1,0.06608693
200,1.9800408948027,2,0.06619503
200,1.9800408948027,3,0.06620402
200,1.9800408948027,4,0.06619527
200,1.9800408948027,5,0.06643394
200,1.9800408948027,6,0.06631872
200,1.9800408948027,7,0.06624064
200,1.9800408948027,8,0.06618591
200,1.9800408948027,9,0.06596228
200,1.9800408948027,10,0.06628388
200,1.9800408948027,11,0.06614548
200,1.9800408948027,12,0.06617487
200,1.9800408948027,13,0.06620521
200,1.9800408948027,14,0.06603655
200,1.9800408948027,15,0.06619709
