pos_index,position,sample_index,voltage
0,0.988189336832789,0,0.07110148
0,0.988189336832789,1,0.0713772
0,0.988189336832789,2,0.07130899
0,0.988189336832789,3,0.07124533
0,0.988189336832789,4,0.07138582
0,0.988189336832789,5,0.07138842
0,0.988189336832789,6,0.07110756
0,0.988189336832789,7,0.0711551
0,0.988189336832789,8,0.07129993
0,0.988189336832789,9,0.07136635
0,0.988189336832789,10,0.07124279
0,0.988189336832789,11,0.07156051
1,0.986358226264229,0,0.07145765
1,0.986358226264229,1,0.07145317
1,0.986358226264229,2,0.07159457
1,0.986358226264229,3,0.07098417
1,0.986358226264229,4,0.0714513
1,0.986358226264229,5,0.07142008
1,0.986358226264229,6,0.07132655
1,0.986358226264229,7,0.07140201
1,0.986358226264229,8,0.07150768
1,0.986358226264229,9,0.07128925
1,0.986358226264229,10,0.07163759
1,0.986358226264229,11,0.07141227
1,0.986358226264229,12,0.07157209
1,0.986358226264229,13,0.07135101
1,0.986358226264229,14,0.07139579
1,0.986358226264229,15,0.07149839
2,0.996734519486068,0,0.07117659
2,0.996734519486068,1,0.07148857
2,0.996734519486068,2,0.07161669
2,0.996734519486068,3,0.07179262
2,0.996734519486068,4,0.07149784
2,0.996734519486068,5,0.07149544
2,0.996734519486068,6,0.07171919
2,0.996734519486068,7,0.07165532
2,0.996734519486068,8,0.07146477
2,0.996734519486068,9,0.07152738
2,0.996734519486068,10,0.0716349
2,0.996734519486068,11,0.07150964
2,0.996734519486068,12,0.07154812
2,0.996734519486068,13,0.07144449
2,0.996734519486068,14,0.07136358
2,0.996734519486068,15,0.07138564
3,1.00772118289743,0,0.07134659
3,1.00772118289743,1,0.07140373
3,1.00772118289743,2,0.07125495
3,1.00772118289743,3,0.07163668
3,1.00772118289743,4,0.07151379
3,1.00772118289743,5,0.07132967
3,1.00772118289743,6,0.07140047
3,1.00772118289743,7,0.07148459
3,1.00772118289743,8,0.07143343
3,1.00772118289743,9,0.07143173
3,1.00772118289743,10,0.07153925
3,1.00772118289743,11,0.07170047
3,1.00772118289743,12,0.07196409
3,1.00772118289743,13,0.07166042
3,1.00772118289743,14,0.07153542
3,1.00772118289743,15,0.07156437
4,1.01748710592975,0,0.07134668
4,1.01748710592975,1,0.07159019
4,1.01748710592975,2,0.07134809
4,1.01748710592975,3,0.07141137
4,1.01748710592975,4,0.07154825
4,1.01748710592975,5,0.07124818
4,1.01748710592975,6,0.07132398
4,1.01748710592975,7,0.07131514
4,1.01748710592975,8,0.07129896
4,1.01748710592975,9,0.07119686
4,1.01748710592975,10,0.07145706
4,1.01748710592975,11,0.07141246
4,1.01748710592975,12,0.07133872
4,1.01748710592975,13,0.07147428
4,1.01748710592975,14,0.07137897
4,1.01748710592975,15,0.07153302
5,1.02725302896207,0,0.07189273
5,1.02725302896207,1,0.07162438
5,1.02725302896207,2,0.07127233
5,1.02725302896207,3,0.07136863
5,1.02725302896207,4,0.07137535
5,1.02725302896207,5,0.07130944
5,1.02725302896207,6,0.07137087
5,1.02725302896207,7,0.0711583
5,1.02725302896207,8,0.07160299
5,1.02725302896207,9,0.07162314
5,1.02725302896207,10,0.07152689
5,1.02725302896207,11,0.07109819
5,1.02725302896207,12,0.07152405
5,1.02725302896207,13,0.07140581
5,1.02725302896207,14,0.0715835
5,1.02725302896207,15,0.0716471
6,1.03701895199438,0,0.0712928
6,1.03701895199438,1,0.07130961
6,1.03701895199438,2,0.07136425
6,1.03701895199438,3,0.07119358
6,1.03701895199438,4,0.07127985
6,1.03701895199438,5,0.07108208
6,1.03701895199438,6,0.07119753
6,1.03701895199438,7,0.07132521
6,1.03701895199438,8,0.07119358
6,1.03701895199438,9,0.07134038
6,1.03701895199438,10,0.07106628
6,1.03701895199438,11,0.07115501
6,1.03701895199438,12,0.07139532
6,1.03701895199438,13,0.07115278
6,1.03701895199438,14,0.07151204
6,1.03701895199438,15,0.07105403
7,1.04739524521622,0,0.07136786
7,1.04739524521622,1,0.07162843
7,1.04739524521622,2,0.07131439
7,1.04739524521622,3,0.07143656
7,1.04739524521622,4,0.07122604
7,1.04739524521622,5,0.07126041
7,1.04739524521622,6,0.07120522
7,1.04739524521622,7,0.07117932
7,1.04739524521622,8,0.07127533
7,1.04739524521622,9,0.07137182
7,1.04739524521622,10,0.07105646
7,1.04739524521622,11,0.07112268
7,1.04739524521622,12,0.07140656
7,1.04739524521622,13,0.07101765
7,1.04739524521622,14,0.0710711
7,1.04739524521622,15,0.07101206
8,1.05655079805902,0,0.0714418
8,1.05655079805902,1,0.07121034
8,1.05655079805902,2,0.07120288
8,1.05655079805902,3,0.07111204
8,1.05655079805902,4,0.07133084
8,1.05655079805902,5,0.07130024
8,1.05655079805902,6,0.0712521
8,1.05655079805902,7,0.07098868
8,1.05655079805902,8,0.07101173
8,1.05655079805902,9,0.07121024
8,1.05655079805902,10,0.07139504
8,1.05655079805902,11,0.07124994
8,1.05655079805902,12,0.07161899
8,1.05655079805902,13,0.07104716
8,1.05655079805902,14,0.07120985
8,1.05655079805902,15,0.07105093
9,1.06753746147038,0,0.0711458
9,1.06753746147038,1,0.07107119
9,1.06753746147038,2,0.07131606
9,1.06753746147038,3,0.07161822
9,1.06753746147038,4,0.07146611
9,1.06753746147038,5,0.07125104
9,1.06753746147038,6,0.07138462
9,1.06753746147038,7,0.0711631
9,1.06753746147038,8,0.07141673
9,1.06753746147038,9,0.07142951
9,1.06753746147038,10,0.07129458
9,1.06753746147038,11,0.0712934
9,1.06753746147038,12,0.07114669
9,1.06753746147038,13,0.07112889
9,1.06753746147038,14,0.0713091
9,1.06753746147038,15,0.07135687
10,1.0773033845027,0,0.07122836
10,1.0773033845027,1,0.07124455
10,1.0773033845027,2,0.07132417
10,1.0773033845027,3,0.07145496
10,1.0773033845027,4,0.07120369
10,1.0773033845027,5,0.07106313
10,1.0773033845027,6,0.07114646
10,1.0773033845027,7,0.07130038
10,1.0773033845027,8,0.07131587
10,1.0773033845027,9,0.07123713
10,1.0773033845027,10,0.07133627
10,1.0773033845027,11,0.07128132
10,1.0773033845027,12,0.07135253
10,1.0773033845027,13,0.07127076
10,1.0773033845027,14,0.07138698
10,1.0773033845027,15,0.07138756
11,1.0864589373455,0,0.07097352
11,1.0864589373455,1,0.071089
11,1.0864589373455,2,0.07105317
11,1.0864589373455,3,0.07099427
11,1.0864589373455,4,0.07119586
11,1.0864589373455,5,0.07105208
11,1.0864589373455,6,0.07121482
11,1.0864589373455,7,0.0712361
11,1.0864589373455,8,0.07116506
11,1.0864589373455,9,0.07127637
11,1.0864589373455,10,0.07101349
11,1.0864589373455,11,0.07087312
11,1.0864589373455,12,0.07104968
11,1.0864589373455,13,0.07088486
11,1.0864589373455,14,0.07089326
11,1.0864589373455,15,0.07095902
12,1.09744560075686,0,0.07093843
12,1.09744560075686,1,0.07105473
12,1.09744560075686,2,0.07092468
12,1.09744560075686,3,0.07103633
12,1.09744560075686,4,0.07104149
12,1.09744560075686,5,0.0709306
12,1.09744560075686,6,0.07110685
12,1.09744560075686,7,0.07113828
12,1.09744560075686,8,0.0712322
12,1.09744560075686,9,0.07120936
12,1.09744560075686,10,0.07099571
12,1.09744560075686,11,0.07091338
12,1.09744560075686,12,0.07080483
12,1.09744560075686,13,0.07095899
12,1.09744560075686,14,0.07096247
12,1.09744560075686,15,0.07093841
13,1.10721152378918,0,0.07093068
13,1.10721152378918,1,0.07085507
13,1.10721152378918,2,0.07099916
13,1.10721152378918,3,0.07114197
13,1.10721152378918,4,0.07116289
13,1.10721152378918,5,0.07122728
13,1.10721152378918,6,0.0712775
13,1.10721152378918,7,0.07102067
13,1.10721152378918,8,0.07087012
13,1.10721152378918,9,0.07105618
13,1.10721152378918,10,0.07092958
13,1.10721152378918,11,0.07089606
13,1.10721152378918,12,0.0709646
13,1.10721152378918,13,0.07105003
13,1.10721152378918,14,0.07069202
13,1.10721152378918,15,0.07069743
14,1.11636707663198,0,0.07117065
14,1.11636707663198,1,0.07093109
14,1.11636707663198,2,0.07099205
14,1.11636707663198,3,0.07082627
14,1.11636707663198,4,0.0709908
14,1.11636707663198,5,0.07103416
14,1.11636707663198,6,0.07080737
14,1.11636707663198,7,0.07097567
14,1.11636707663198,8,0.07082747
14,1.11636707663198,9,0.07097171
14,1.11636707663198,10,0.07108582
14,1.11636707663198,11,0.07098492
14,1.11636707663198,12,0.07127762
14,1.11636707663198,13,0.07111878
14,1.11636707663198,14,0.07103681
14,1.11636707663198,15,0.07119656
15,1.12796411023286,0,0.07096599
15,1.12796411023286,1,0.07103874
15,1.12796411023286,2,0.07132808
15,1.12796411023286,3,0.07132065
15,1.12796411023286,4,0.07123394
15,1.12796411023286,5,0.07145089
15,1.12796411023286,6,0.07151963
15,1.12796411023286,7,0.07125594
15,1.12796411023286,8,0.07117222
15,1.12796411023286,9,0.07106776
15,1.12796411023286,10,0.07128342
15,1.12796411023286,11,0.07140104
15,1.12796411023286,12,0.07102653
15,1.12796411023286,13,0.071168
15,1.12796411023286,14,0.07156837
15,1.12796411023286,15,0.07154135
16,1.13711966307566,0,0.07140875
16,1.13711966307566,1,0.0713098
16,1.13711966307566,2,0.07131108
16,1.13711966307566,3,0.07112569
16,1.13711966307566,4,0.07146318
16,1.13711966307566,5,0.07133242
16,1.13711966307566,6,0.07137316
16,1.13711966307566,7,0.07130468
16,1.13711966307566,8,0.07170101
16,1.13711966307566,9,0.07120197
16,1.13711966307566,10,0.071252
16,1.13711966307566,11,0.07144768
16,1.13711966307566,12,0.07155059
16,1.13711966307566,13,0.07149912
16,1.13711966307566,14,0.07144745
16,1.13711966307566,15,0.07121857
17,1.14749595629749,0,0.07152057
17,1.14749595629749,1,0.07152724
17,1.14749595629749,2,0.07169981
17,1.14749595629749,3,0.07168482
17,1.14749595629749,4,0.07162903
17,1.14749595629749,5,0.07144608
17,1.14749595629749,6,0.07149627
17,1.14749595629749,7,0.07127141
17,1.14749595629749,8,0.07163572
17,1.14749595629749,9,0.07177281
17,1.14749595629749,10,0.07168182
17,1.14749595629749,11,0.07169352
17,1.14749595629749,12,0.07146341
17,1.14749595629749,13,0.07154591
17,1.14749595629749,14,0.07140487
17,1.14749595629749,15,0.07154885
18,1.15726187932981,0,0.07149733
18,1.15726187932981,1,0.07173897
18,1.15726187932981,2,0.07153752
18,1.15726187932981,3,0.07155176
18,1.15726187932981,4,0.07155232
18,1.15726187932981,5,0.07146445
18,1.15726187932981,6,0.0715726
18,1.15726187932981,7,0.07158104
18,1.15726187932981,8,0.07154571
18,1.15726187932981,9,0.0714805
18,1.15726187932981,10,0.0714386
18,1.15726187932981,11,0.07150075
18,1.15726187932981,12,0.07134629
18,1.15726187932981,13,0.07153434
18,1.15726187932981,14,0.07131504
18,1.15726187932981,15,0.07135671
19,1.16763817255165,0,0.07153463
19,1.16763817255165,1,0.07123964
19,1.16763817255165,2,0.07158186
19,1.16763817255165,3,0.07154805
19,1.16763817255165,4,0.07130613
19,1.16763817255165,5,0.07130337
19,1.16763817255165,6,0.07139274
19,1.16763817255165,7,0.07128714
19,1.16763817255165,8,0.07135918
19,1.16763817255165,9,0.07134761
19,1.16763817255165,10,0.07147899
19,1.16763817255165,11,0.07126661
19,1.16763817255165,12,0.07143418
19,1.16763817255165,13,0.07138853
19,1.16763817255165,14,0.07162087
19,1.16763817255165,15,0.07158922
20,1.17801446577349,0,0.07164902
20,1.17801446577349,1,0.07169589
20,1.17801446577349,2,0.07176007
20,1.17801446577349,3,0.07169452
20,1.17801446577349,4,0.07171093
20,1.17801446577349,5,0.07150024
20,1.17801446577349,6,0.0719177
20,1.17801446577349,7,0.07158364
20,1.17801446577349,8,0.07183809
20,1.17801446577349,9,0.07163423
20,1.17801446577349,10,0.07172896
20,1.17801446577349,11,0.07177854
20,1.17801446577349,12,0.07156462
20,1.17801446577349,13,0.07149651
20,1.17801446577349,14,0.07167736
20,1.17801446577349,15,0.07152548
21,1.18778038880581,0,0.07128436
21,1.18778038880581,1,0.07145067
21,1.18778038880581,2,0.07124977
21,1.18778038880581,3,0.07157022
21,1.18778038880581,4,0.07138091
21,1.18778038880581,5,0.07140563
21,1.18778038880581,6,0.07152198
21,1.18778038880581,7,0.071647
21,1.18778038880581,8,0.07144002
21,1.18778038880581,9,0.07151802
21,1.18778038880581,10,0.07167654
21,1.18778038880581,11,0.07143024
21,1.18778038880581,12,0.0713385
21,1.18778038880581,13,0.07146998
21,1.18778038880581,14,0.07137784
21,1.18778038880581,15,0.0713582
22,1.19754631183813,0,0.07132434
22,1.19754631183813,1,0.07145232
22,1.19754631183813,2,0.07146276
22,1.19754631183813,3,0.07125531
22,1.19754631183813,4,0.07142808
22,1.19754631183813,5,0.07154518
22,1.19754631183813,6,0.07153878
22,1.19754631183813,7,0.07130922
22,1.19754631183813,8,0.07131717
22,1.19754631183813,9,0.07136671
22,1.19754631183813,10,0.07132511
22,1.19754631183813,11,0.07150345
22,1.19754631183813,12,0.07115801
22,1.19754631183813,13,0.07132727
22,1.19754631183813,14,0.0712848
22,1.19754631183813,15,0.07131547
23,1.20792260505997,0,0.07125684
23,1.20792260505997,1,0.07145718
23,1.20792260505997,2,0.07134823
23,1.20792260505997,3,0.07134959
23,1.20792260505997,4,0.07109853
23,1.20792260505997,5,0.07137913
23,1.20792260505997,6,0.07158357
23,1.20792260505997,7,0.07147136
23,1.20792260505997,8,0.07143418
23,1.20792260505997,9,0.07124138
23,1.20792260505997,10,0.07126084
23,1.20792260505997,11,0.07137647
23,1.20792260505997,12,0.07143022
23,1.20792260505997,13,0.07134117
23,1.20792260505997,14,0.07098907
23,1.20792260505997,15,0.07137638
24,1.21768852809229,0,0.0716952
24,1.21768852809229,1,0.07108177
24,1.21768852809229,2,0.07126784
24,1.21768852809229,3,0.07113384
24,1.21768852809229,4,0.07132846
24,1.21768852809229,5,0.07129136
24,1.21768852809229,6,0.07106774
24,1.21768852809229,7,0.0715602
24,1.21768852809229,8,0.07127601
24,1.21768852809229,9,0.07116538
24,1.21768852809229,10,0.07158556
24,1.21768852809229,11,0.07137791
24,1.21768852809229,12,0.07121366
24,1.21768852809229,13,0.07123237
24,1.21768852809229,14,0.07133517
24,1.21768852809229,15,0.07129806
25,1.22806482131413,0,0.071378
25,1.22806482131413,1,0.07141063
25,1.22806482131413,2,0.07136386
25,1.22806482131413,3,0.07142496
25,1.22806482131413,4,0.07167026
25,1.22806482131413,5,0.07163591
25,1.22806482131413,6,0.07135633
25,1.22806482131413,7,0.07138186
25,1.22806482131413,8,0.07151112
25,1.22806482131413,9,0.07133363
25,1.22806482131413,10,0.07119646
25,1.22806482131413,11,0.07131562
25,1.22806482131413,12,0.07125911
25,1.22806482131413,13,0.07138221
25,1.22806482131413,14,0.07115543
25,1.22806482131413,15,0.07133297
26,1.23844111453597,0,0.07129842
26,1.23844111453597,1,0.07105093
26,1.23844111453597,2,0.07105278
26,1.23844111453597,3,0.0712792
26,1.23844111453597,4,0.07102416
26,1.23844111453597,5,0.07124675
26,1.23844111453597,6,0.07122378
26,1.23844111453597,7,0.07142394
26,1.23844111453597,8,0.07131613
26,1.23844111453597,9,0.0713497
26,1.23844111453597,10,0.07124297
26,1.23844111453597,11,0.07143729
26,1.23844111453597,12,0.07118446
26,1.23844111453597,13,0.07110642
26,1.23844111453597,14,0.07139802
26,1.23844111453597,15,0.07172335
27,1.24759666737877,0,0.07117492
27,1.24759666737877,1,0.07127762
27,1.24759666737877,2,0.07106441
27,1.24759666737877,3,0.07109065
27,1.24759666737877,4,0.07115786
27,1.24759666737877,5,0.07117627
27,1.24759666737877,6,0.07121661
27,1.24759666737877,7,0.07099823
27,1.24759666737877,8,0.07111423
27,1.24759666737877,9,0.0713143
27,1.24759666737877,10,0.07143985
27,1.24759666737877,11,0.07142167
27,1.24759666737877,12,0.07150918
27,1.24759666737877,13,0.07134867
27,1.24759666737877,14,0.07149035
27,1.24759666737877,15,0.07139923
28,1.25858333079012,0,0.0716235
28,1.25858333079012,1,0.07135321
28,1.25858333079012,2,0.07165707
28,1.25858333079012,3,0.07160395
28,1.25858333079012,4,0.07141579
28,1.25858333079012,5,0.07138545
28,1.25858333079012,6,0.07146727
28,1.25858333079012,7,0.07126198
28,1.25858333079012,8,0.07135431
28,1.25858333079012,9,0.07123825
28,1.25858333079012,10,0.07127482
28,1.25858333079012,11,0.07116288
28,1.25858333079012,12,0.07114645
28,1.25858333079012,13,0.0713459
28,1.25858333079012,14,0.07149445
28,1.25858333079012,15,0.07151569
29,1.26773888363292,0,0.07119112
29,1.26773888363292,1,0.07129136
29,1.26773888363292,2,0.07160231
29,1.26773888363292,3,0.07144856
29,1.26773888363292,4,0.07143311
29,1.26773888363292,5,0.07132195
29,1.26773888363292,6,0.0714833
29,1.26773888363292,7,0.07151385
29,1.26773888363292,8,0.07149634
29,1.26773888363292,9,0.07130363
29,1.26773888363292,10,0.07116818
29,1.26773888363292,11,0.07112903
29,1.26773888363292,12,0.0712109
29,1.26773888363292,13,0.07153327
29,1.26773888363292,14,0.07153751
29,1.26773888363292,15,0.07132707
30,1.27811517685476,0,0.07130007
30,1.27811517685476,1,0.07114745
30,1.27811517685476,2,0.07137815
30,1.27811517685476,3,0.0713701
30,1.27811517685476,4,0.07158034
30,1.27811517685476,5,0.07150044
30,1.27811517685476,6,0.07133871
30,1.27811517685476,7,0.07110956
30,1.27811517685476,8,0.07117732
30,1.27811517685476,9,0.07122611
30,1.27811517685476,10,0.07116538
30,1.27811517685476,11,0.07128626
30,1.27811517685476,12,0.0710742
30,1.27811517685476,13,0.0707702
30,1.27811517685476,14,0.071132
30,1.27811517685476,15,0.07103169
31,1.2884914700766,0,0.07099703
31,1.2884914700766,1,0.07110249
31,1.2884914700766,2,0.07095953
31,1.2884914700766,3,0.07120108
31,1.2884914700766,4,0.07124808
31,1.2884914700766,5,0.07101866
31,1.2884914700766,6,0.07104916
31,1.2884914700766,7,0.07108816
31,1.2884914700766,8,0.07120638
31,1.2884914700766,9,0.07125039
31,1.2884914700766,10,0.07117793
31,1.2884914700766,11,0.0712083
31,1.2884914700766,12,0.07098179
31,1.2884914700766,13,0.07097198
31,1.2884914700766,14,0.07127826
31,1.2884914700766,15,0.07153023
32,1.29825739310892,0,0.07125591
32,1.29825739310892,1,0.07119016
32,1.29825739310892,2,0.0711386
32,1.29825739310892,3,0.07141128
32,1.29825739310892,4,0.07114736
32,1.29825739310892,5,0.07103446
32,1.29825739310892,6,0.07107691
32,1.29825739310892,7,0.07113136
32,1.29825739310892,8,0.07090754
32,1.29825739310892,9,0.07115825
32,1.29825739310892,10,0.07116386
32,1.29825739310892,11,0.07105637
32,1.29825739310892,12,0.07084993
32,1.29825739310892,13,0.07065471
32,1.29825739310892,14,0.07093523
32,1.29825739310892,15,0.07072994
33,1.30802331614124,0,0.07121663
33,1.30802331614124,1,0.07139657
33,1.30802331614124,2,0.07139014
33,1.30802331614124,3,0.07139406
33,1.30802331614124,4,0.07097244
33,1.30802331614124,5,0.07073548
33,1.30802331614124,6,0.07072107
33,1.30802331614124,7,0.07088968
33,1.30802331614124,8,0.07113268
33,1.30802331614124,9,0.07101107
33,1.30802331614124,10,0.07104976
33,1.30802331614124,11,0.07118751
33,1.30802331614124,12,0.07119699
33,1.30802331614124,13,0.07131536
33,1.30802331614124,14,0.0710743
33,1.30802331614124,15,0.0711699
34,1.31839960936308,0,0.0713099
34,1.31839960936308,1,0.0711621
34,1.31839960936308,2,0.07115354
34,1.31839960936308,3,0.07114935
34,1.31839960936308,4,0.07137818
34,1.31839960936308,5,0.07136046
34,1.31839960936308,6,0.07136752
34,1.31839960936308,7,0.07114063
34,1.31839960936308,8,0.07126414
34,1.31839960936308,9,0.07144301
34,1.31839960936308,10,0.07138041
34,1.31839960936308,11,0.07136901
34,1.31839960936308,12,0.0714059
34,1.31839960936308,13,0.07160057
34,1.31839960936308,14,0.07115129
34,1.31839960936308,15,0.07131016
35,1.3281655323954,0,0.07119801
35,1.3281655323954,1,0.07122815
35,1.3281655323954,2,0.07161378
35,1.3281655323954,3,0.07150616
35,1.3281655323954,4,0.0715043
35,1.3281655323954,5,0.07145349
35,1.3281655323954,6,0.07137449
35,1.3281655323954,7,0.07131307
35,1.3281655323954,8,0.07133215
35,1.3281655323954,9,0.07131036
35,1.3281655323954,10,0.07107114
35,1.3281655323954,11,0.07140127
35,1.3281655323954,12,0.07118329
35,1.3281655323954,13,0.0712421
35,1.3281655323954,14,0.07105257
35,1.3281655323954,15,0.07105359
36,1.33793145542772,0,0.07123007
36,1.33793145542772,1,0.07129309
36,1.33793145542772,2,0.07148926
36,1.33793145542772,3,0.07157619
36,1.33793145542772,4,0.07120477
36,1.33793145542772,5,0.07116313
36,1.33793145542772,6,0.07123114
36,1.33793145542772,7,0.07085852
36,1.33793145542772,8,0.0710144
36,1.33793145542772,9,0.07095674
36,1.33793145542772,10,0.07103798
36,1.33793145542772,11,0.07131037
36,1.33793145542772,12,0.07136074
36,1.33793145542772,13,0.07154671
36,1.33793145542772,14,0.07136767
36,1.33793145542772,15,0.07117362
37,1.34891811883908,0,0.07122575
37,1.34891811883908,1,0.07115589
37,1.34891811883908,2,0.07116397
37,1.34891811883908,3,0.07126569
37,1.34891811883908,4,0.07138965
37,1.34891811883908,5,0.07134493
37,1.34891811883908,6,0.07133375
37,1.34891811883908,7,0.07150697
37,1.34891811883908,8,0.07111104
37,1.34891811883908,9,0.07141101
37,1.34891811883908,10,0.07131115
37,1.34891811883908,11,0.07130606
37,1.34891811883908,12,0.07107408
37,1.34891811883908,13,0.07100805
37,1.34891811883908,14,0.07099275
37,1.34891811883908,15,0.07099111
38,1.3586840418714,0,0.07118882
38,1.3586840418714,1,0.07130315
38,1.3586840418714,2,0.07134489
38,1.3586840418714,3,0.07133867
38,1.3586840418714,4,0.0713922
38,1.3586840418714,5,0.07127596
38,1.3586840418714,6,0.07095204
38,1.3586840418714,7,0.07122771
38,1.3586840418714,8,0.071365
38,1.3586840418714,9,0.07153282
38,1.3586840418714,10,0.07153436
38,1.3586840418714,11,0.07166836
38,1.3586840418714,12,0.07142668
38,1.3586840418714,13,0.07154039
38,1.3586840418714,14,0.07117996
38,1.3586840418714,15,0.0710635
39,1.36906033509323,0,0.07121362
39,1.36906033509323,1,0.07129394
39,1.36906033509323,2,0.07130048
39,1.36906033509323,3,0.07107675
39,1.36906033509323,4,0.07129072
39,1.36906033509323,5,0.07140845
39,1.36906033509323,6,0.07132007
39,1.36906033509323,7,0.07147443
39,1.36906033509323,8,0.07143058
39,1.36906033509323,9,0.07144449
39,1.36906033509323,10,0.07124881
39,1.36906033509323,11,0.07167373
39,1.36906033509323,12,0.0715348
39,1.36906033509323,13,0.07159198
39,1.36906033509323,14,0.07139504
39,1.36906033509323,15,0.07139754
40,1.37821588793603,0,0.07143107
40,1.37821588793603,1,0.07118782
40,1.37821588793603,2,0.07136758
40,1.37821588793603,3,0.07120547
40,1.37821588793603,4,0.07130107
40,1.37821588793603,5,0.07126659
40,1.37821588793603,6,0.07102091
40,1.37821588793603,7,0.07131958
40,1.37821588793603,8,0.07126535
40,1.37821588793603,9,0.07097143
40,1.37821588793603,10,0.07112189
40,1.37821588793603,11,0.07090714
40,1.37821588793603,12,0.07100134
40,1.37821588793603,13,0.0706773
40,1.37821588793603,14,0.07095919
40,1.37821588793603,15,0.07093333
41,1.38920255134739,0,0.0710794
41,1.38920255134739,1,0.07106447
41,1.38920255134739,2,0.0711434
41,1.38920255134739,3,0.07111028
41,1.38920255134739,4,0.07123162
41,1.38920255134739,5,0.07129645
41,1.38920255134739,6,0.07127003
41,1.38920255134739,7,0.07110752
41,1.38920255134739,8,0.07102939
41,1.38920255134739,9,0.07132839
41,1.38920255134739,10,0.07127903
41,1.38920255134739,11,0.07102315
41,1.38920255134739,12,0.07148448
41,1.38920255134739,13,0.07113355
41,1.38920255134739,14,0.07133947
41,1.38920255134739,15,0.07112876
42,1.39835810419019,0,0.07090408
42,1.39835810419019,1,0.07103088
42,1.39835810419019,2,0.0710472
42,1.39835810419019,3,0.07069005
42,1.39835810419019,4,0.07075976
42,1.39835810419019,5,0.0710733
42,1.39835810419019,6,0.07141097
42,1.39835810419019,7,0.07124443
42,1.39835810419019,8,0.07096051
42,1.39835810419019,9,0.07143436
42,1.39835810419019,10,0.07125115
42,1.39835810419019,11,0.07123803
42,1.39835810419019,12,0.07145806
42,1.39835810419019,13,0.0711843
42,1.39835810419019,14,0.07114982
42,1.39835810419019,15,0.07124603
43,1.40873439741203,0,0.07131182
43,1.40873439741203,1,0.07120137
43,1.40873439741203,2,0.07135716
43,1.40873439741203,3,0.07105367
43,1.40873439741203,4,0.07115882
43,1.40873439741203,5,0.07123257
43,1.40873439741203,6,0.07090354
43,1.40873439741203,7,0.07100433
43,1.40873439741203,8,0.07116031
43,1.40873439741203,9,0.07139632
43,1.40873439741203,10,0.07109931
43,1.40873439741203,11,0.07082278
43,1.40873439741203,12,0.07122232
43,1.40873439741203,13,0.07137286
43,1.40873439741203,14,0.07084738
43,1.40873439741203,15,0.0710775
44,1.41850032044435,0,0.07111409
44,1.41850032044435,1,0.07095441
44,1.41850032044435,2,0.07107216
44,1.41850032044435,3,0.07114732
44,1.41850032044435,4,0.07121469
44,1.41850032044435,5,0.0708266
44,1.41850032044435,6,0.07081334
44,1.41850032044435,7,0.07090498
44,1.41850032044435,8,0.07108193
44,1.41850032044435,9,0.07080909
44,1.41850032044435,10,0.07097032
44,1.41850032044435,11,0.07096566
44,1.41850032044435,12,0.07087895
44,1.41850032044435,13,0.07119328
44,1.41850032044435,14,0.07104639
44,1.41850032044435,15,0.0711453
45,1.42826624347667,0,0.07098851
45,1.42826624347667,1,0.07121998
45,1.42826624347667,2,0.07133771
45,1.42826624347667,3,0.07114794
45,1.42826624347667,4,0.07093815
45,1.42826624347667,5,0.07094227
45,1.42826624347667,6,0.07109323
45,1.42826624347667,7,0.07095591
45,1.42826624347667,8,0.07123648
45,1.42826624347667,9,0.07094242
45,1.42826624347667,10,0.0709075
45,1.42826624347667,11,0.07091697
45,1.42826624347667,12,0.07118572
45,1.42826624347667,13,0.07110634
45,1.42826624347667,14,0.07089064
45,1.42826624347667,15,0.07096912
46,1.43803216650899,0,0.07063229
46,1.43803216650899,1,0.07101567
46,1.43803216650899,2,0.07088963
46,1.43803216650899,3,0.07135379
46,1.43803216650899,4,0.07094146
46,1.43803216650899,5,0.07094403
46,1.43803216650899,6,0.07112332
46,1.43803216650899,7,0.07111869
46,1.43803216650899,8,0.07118025
46,1.43803216650899,9,0.07118308
46,1.43803216650899,10,0.07101915
46,1.43803216650899,11,0.07130101
46,1.43803216650899,12,0.07120324
46,1.43803216650899,13,0.07111476
46,1.43803216650899,14,0.07131366
46,1.43803216650899,15,0.07122178
47,1.44840845973083,0,0.07109725
47,1.44840845973083,1,0.07072278
47,1.44840845973083,2,0.07106747
47,1.44840845973083,3,0.07121286
47,1.44840845973083,4,0.07084381
47,1.44840845973083,5,0.07113312
47,1.44840845973083,6,0.07109842
47,1.44840845973083,7,0.07129134
47,1.44840845973083,8,0.07131133
47,1.44840845973083,9,0.07123066
47,1.44840845973083,10,0.07130212
47,1.44840845973083,11,0.07135231
47,1.44840845973083,12,0.07137825
47,1.44840845973083,13,0.07127622
47,1.44840845973083,14,0.07102653
47,1.44840845973083,15,0.07127834
48,1.45756401257363,0,0.07123408
48,1.45756401257363,1,0.07132084
48,1.45756401257363,2,0.07120359
48,1.45756401257363,3,0.07104879
48,1.45756401257363,4,0.0711692
48,1.45756401257363,5,0.07139865
48,1.45756401257363,6,0.07106517
48,1.45756401257363,7,0.07138027
48,1.45756401257363,8,0.0713601
48,1.45756401257363,9,0.07162735
48,1.45756401257363,10,0.07116658
48,1.45756401257363,11,0.07116488
48,1.45756401257363,12,0.07100043
48,1.45756401257363,13,0.0711563
48,1.45756401257363,14,0.07106577
48,1.45756401257363,15,0.07099274
49,1.46794030579546,0,0.07129888
49,1.46794030579546,1,0.07105142
49,1.46794030579546,2,0.07105543
49,1.46794030579546,3,0.07095698
49,1.46794030579546,4,0.07100467
49,1.46794030579546,5,0.07060523
49,1.46794030579546,6,0.07075077
49,1.46794030579546,7,0.07101694
49,1.46794030579546,8,0.0711812
49,1.46794030579546,9,0.07104766
49,1.46794030579546,10,0.07103612
49,1.46794030579546,11,0.07105398
49,1.46794030579546,12,0.07102803
49,1.46794030579546,13,0.07115389
49,1.46794030579546,14,0.07117487
49,1.46794030579546,15,0.07119589
50,1.4783165990173,0,0.07094429
50,1.4783165990173,1,0.07106147
50,1.4783165990173,2,0.0710084
50,1.4783165990173,3,0.07119097
50,1.4783165990173,4,0.07146853
50,1.4783165990173,5,0.07102557
50,1.4783165990173,6,0.07118191
50,1.4783165990173,7,0.07126299
50,1.4783165990173,8,0.07126954
50,1.4783165990173,9,0.07092563
50,1.4783165990173,10,0.07081919
50,1.4783165990173,11,0.07092621
50,1.4783165990173,12,0.07113647
50,1.4783165990173,13,0.07130929
50,1.4783165990173,14,0.07097417
50,1.4783165990173,15,0.07088808
51,1.48808252204962,0,0.07082073
51,1.48808252204962,1,0.07110009
51,1.48808252204962,2,0.07101052
51,1.48808252204962,3,0.07059752
51,1.48808252204962,4,0.07102649
51,1.48808252204962,5,0.07103545
51,1.48808252204962,6,0.07104747
51,1.48808252204962,7,0.07113613
51,1.48808252204962,8,0.07138517
51,1.48808252204962,9,0.07112433
51,1.48808252204962,10,0.07117143
51,1.48808252204962,11,0.07105408
51,1.48808252204962,12,0.07107425
51,1.48808252204962,13,0.07096736
51,1.48808252204962,14,0.07098683
51,1.48808252204962,15,0.07082931
52,1.49845881527146,0,0.07097059
52,1.49845881527146,1,0.07130422
52,1.49845881527146,2,0.07106037
52,1.49845881527146,3,0.07098846
52,1.49845881527146,4,0.07106952
52,1.49845881527146,5,0.07106473
52,1.49845881527146,6,0.07087031
52,1.49845881527146,7,0.07082118
52,1.49845881527146,8,0.07060485
52,1.49845881527146,9,0.07097021
52,1.49845881527146,10,0.07086151
52,1.49845881527146,11,0.07087222
52,1.49845881527146,12,0.07073993
52,1.49845881527146,13,0.07071007
52,1.49845881527146,14,0.07080725
52,1.49845881527146,15,0.07064167
53,1.50822473830378,0,0.0708828
53,1.50822473830378,1,0.07090792
53,1.50822473830378,2,0.07072404
53,1.50822473830378,3,0.07058137
53,1.50822473830378,4,0.07079615
53,1.50822473830378,5,0.07113747
53,1.50822473830378,6,0.07094558
53,1.50822473830378,7,0.07096685
53,1.50822473830378,8,0.07090096
53,1.50822473830378,9,0.07103918
53,1.50822473830378,10,0.07087622
53,1.50822473830378,11,0.07097779
53,1.50822473830378,12,0.07113454
53,1.50822473830378,13,0.07094763
53,1.50822473830378,14,0.07064027
53,1.50822473830378,15,0.07080486
54,1.51860103152562,0,0.07128967
54,1.51860103152562,1,0.07084873
54,1.51860103152562,2,0.07082936
54,1.51860103152562,3,0.07098583
54,1.51860103152562,4,0.07077421
54,1.51860103152562,5,0.07098109
54,1.51860103152562,6,0.07093982
54,1.51860103152562,7,0.07115334
54,1.51860103152562,8,0.07119926
54,1.51860103152562,9,0.07104455
54,1.51860103152562,10,0.07100796
54,1.51860103152562,11,0.071205
54,1.51860103152562,12,0.07115614
54,1.51860103152562,13,0.07118835
54,1.51860103152562,14,0.07094269
54,1.51860103152562,15,0.07127277
55,1.52775658436842,0,0.07107411
55,1.52775658436842,1,0.07104392
55,1.52775658436842,2,0.07118672
55,1.52775658436842,3,0.07072629
55,1.52775658436842,4,0.07104992
55,1.52775658436842,5,0.0706168
55,1.52775658436842,6,0.07092045
55,1.52775658436842,7,0.07092869
55,1.52775658436842,8,0.07084644
55,1.52775658436842,9,0.07089855
55,1.52775658436842,10,0.07070561
55,1.52775658436842,11,0.0709633
55,1.52775658436842,12,0.07106702
55,1.52775658436842,13,0.07088506
55,1.52775658436842,14,0.07105192
55,1.52775658436842,15,0.07060122
56,1.53813287759026,0,0.07113446
56,1.53813287759026,1,0.07131946
56,1.53813287759026,2,0.07123142
56,1.53813287759026,3,0.07114089
56,1.53813287759026,4,0.07127061
56,1.53813287759026,5,0.07106833
56,1.53813287759026,6,0.07125385
56,1.53813287759026,7,0.07126945
56,1.53813287759026,8,0.07153375
56,1.53813287759026,9,0.07110541
56,1.53813287759026,10,0.07135824
56,1.53813287759026,11,0.07102866
56,1.53813287759026,12,0.07159761
56,1.53813287759026,13,0.07122434
56,1.53813287759026,14,0.0713784
56,1.53813287759026,15,0.07140118
57,1.54789880062258,0,0.071166
57,1.54789880062258,1,0.07117642
57,1.54789880062258,2,0.07151815
57,1.54789880062258,3,0.07123908
57,1.54789880062258,4,0.0713578
57,1.54789880062258,5,0.07109559
57,1.54789880062258,6,0.07135707
57,1.54789880062258,7,0.07161532
57,1.54789880062258,8,0.07152478
57,1.54789880062258,9,0.07159465
57,1.54789880062258,10,0.07101995
57,1.54789880062258,11,0.07115869
57,1.54789880062258,12,0.07132873
57,1.54789880062258,13,0.07136837
57,1.54789880062258,14,0.07133991
57,1.54789880062258,15,0.07108268
58,1.5576647236549,0,0.07191556
58,1.5576647236549,1,0.07188313
58,1.5576647236549,2,0.0718382
58,1.5576647236549,3,0.0719294
58,1.5576647236549,4,0.07170209
58,1.5576647236549,5,0.07136891
58,1.5576647236549,6,0.07144701
58,1.5576647236549,7,0.07187561
58,1.5576647236549,8,0.0715901
58,1.5576647236549,9,0.07151714
58,1.5576647236549,10,0.07155
58,1.5576647236549,11,0.07166632
58,1.5576647236549,12,0.07158639
58,1.5576647236549,13,0.07162715
58,1.5576647236549,14,0.07179911
58,1.5576647236549,15,0.07141525
59,1.56804101687674,0,0.07200432
59,1.56804101687674,1,0.07189101
59,1.56804101687674,2,0.07174147
59,1.56804101687674,3,0.07199708
59,1.56804101687674,4,0.07202946
59,1.56804101687674,5,0.07191731
59,1.56804101687674,6,0.07187501
59,1.56804101687674,7,0.07177428
59,1.56804101687674,8,0.07205766
59,1.56804101687674,9,0.07183851
59,1.56804101687674,10,0.07214933
59,1.56804101687674,11,0.07183148
59,1.56804101687674,12,0.07193167
59,1.56804101687674,13,0.07179952
59,1.56804101687674,14,0.07170527
59,1.56804101687674,15,0.07159041
60,1.57841731009857,0,0.0716218
60,1.57841731009857,1,0.0720845
60,1.57841731009857,2,0.07203707
60,1.57841731009857,3,0.07217257
60,1.57841731009857,4,0.07169488
60,1.57841731009857,5,0.07173529
60,1.57841731009857,6,0.07204363
60,1.57841731009857,7,0.07214969
60,1.57841731009857,8,0.07206395
60,1.57841731009857,9,0.07157625
60,1.57841731009857,10,0.07196896
60,1.57841731009857,11,0.07156224
60,1.57841731009857,12,0.07175238
60,1.57841731009857,13,0.07179535
60,1.57841731009857,14,0.07175171
60,1.57841731009857,15,0.07176767
61,1.58757286294137,0,0.07167616
61,1.58757286294137,1,0.0716994
61,1.58757286294137,2,0.07183161
61,1.58757286294137,3,0.07154014
61,1.58757286294137,4,0.07178298
61,1.58757286294137,5,0.0717036
61,1.58757286294137,6,0.07180029
61,1.58757286294137,7,0.07182018
61,1.58757286294137,8,0.07144262
61,1.58757286294137,9,0.07133115
61,1.58757286294137,10,0.07147564
61,1.58757286294137,11,0.07185346
61,1.58757286294137,12,0.07150806
61,1.58757286294137,13,0.07161354
61,1.58757286294137,14,0.07184209
61,1.58757286294137,15,0.0719142
62,1.59855952635273,0,0.07184096
62,1.59855952635273,1,0.07194593
62,1.59855952635273,2,0.07198257
62,1.59855952635273,3,0.07176676
62,1.59855952635273,4,0.07229828
62,1.59855952635273,5,0.07219506
62,1.59855952635273,6,0.07197388
62,1.59855952635273,7,0.07218523
62,1.59855952635273,8,0.07222517
62,1.59855952635273,9,0.07221729
62,1.59855952635273,10,0.07227079
62,1.59855952635273,11,0.07225276
62,1.59855952635273,12,0.07226444
62,1.59855952635273,13,0.07193691
62,1.59855952635273,14,0.07186092
62,1.59855952635273,15,0.0722331
63,1.60771507919553,0,0.07216202
63,1.60771507919553,1,0.07217128
63,1.60771507919553,2,0.07164195
63,1.60771507919553,3,0.07225541
63,1.60771507919553,4,0.07230721
63,1.60771507919553,5,0.07219804
63,1.60771507919553,6,0.07228567
63,1.60771507919553,7,0.07257135
63,1.60771507919553,8,0.07221851
63,1.60771507919553,9,0.0720659
63,1.60771507919553,10,0.07201999
63,1.60771507919553,11,0.07192011
63,1.60771507919553,12,0.07226629
63,1.60771507919553,13,0.07199397
63,1.60771507919553,14,0.07187019
63,1.60771507919553,15,0.07206824
64,1.61809137241737,0,0.07224658
64,1.61809137241737,1,0.07233169
64,1.61809137241737,2,0.07201582
64,1.61809137241737,3,0.07193491
64,1.61809137241737,4,0.07242622
64,1.61809137241737,5,0.07258081
64,1.61809137241737,6,0.07210087
64,1.61809137241737,7,0.07209629
64,1.61809137241737,8,0.07227857
64,1.61809137241737,9,0.07212524
64,1.61809137241737,10,0.07238799
64,1.61809137241737,11,0.07213534
64,1.61809137241737,12,0.07177328
64,1.61809137241737,13,0.07215749
64,1.61809137241737,14,0.07195328
64,1.61809137241737,15,0.07223526
65,1.62907803582873,0,0.07265488
65,1.62907803582873,1,0.07255629
65,1.62907803582873,2,0.07246558
65,1.62907803582873,3,0.07252518
65,1.62907803582873,4,0.07284135
65,1.62907803582873,5,0.07271039
65,1.62907803582873,6,0.07259937
65,1.62907803582873,7,0.07268383
65,1.62907803582873,8,0.07281498
65,1.62907803582873,9,0.07285054
65,1.62907803582873,10,0.07296459
65,1.62907803582873,11,0.0726404
65,1.62907803582873,12,0.07245246
65,1.62907803582873,13,0.07288095
65,1.62907803582873,14,0.07262704
65,1.62907803582873,15,0.07279374
66,1.63823358867153,0,0.07308438
66,1.63823358867153,1,0.07292231
66,1.63823358867153,2,0.07260787
66,1.63823358867153,3,0.07319771
66,1.63823358867153,4,0.07269096
66,1.63823358867153,5,0.07279842
66,1.63823358867153,6,0.07276463
66,1.63823358867153,7,0.07298998
66,1.63823358867153,8,0.07264084
66,1.63823358867153,9,0.07262212
66,1.63823358867153,10,0.07312366
66,1.63823358867153,11,0.07291849
66,1.63823358867153,12,0.07294995
66,1.63823358867153,13,0.07279999
66,1.63823358867153,14,0.07296632
66,1.63823358867153,15,0.07280152
67,1.64860988189337,0,0.07294182
67,1.64860988189337,1,0.07299174
67,1.64860988189337,2,0.07352116
67,1.64860988189337,3,0.07326584
67,1.64860988189337,4,0.07319261
67,1.64860988189337,5,0.07327152
67,1.64860988189337,6,0.07319573
67,1.64860988189337,7,0.07289451
67,1.64860988189337,8,0.0727677
67,1.64860988189337,9,0.07288323
67,1.64860988189337,10,0.07310456
67,1.64860988189337,11,0.07279698
67,1.64860988189337,12,0.07294811
67,1.64860988189337,13,0.07285597
67,1.64860988189337,14,0.07318754
67,1.64860988189337,15,0.07326589
68,1.65837580492569,0,0.07348731
68,1.65837580492569,1,0.07360933
68,1.65837580492569,2,0.07358763
68,1.65837580492569,3,0.07334618
68,1.65837580492569,4,0.07339191
68,1.65837580492569,5,0.07359909
68,1.65837580492569,6,0.07351309
68,1.65837580492569,7,0.07340249
68,1.65837580492569,8,0.07328388
68,1.65837580492569,9,0.07322453
68,1.65837580492569,10,0.07342372
68,1.65837580492569,11,0.07339714
68,1.65837580492569,12,0.07363565
68,1.65837580492569,13,0.0734186
68,1.65837580492569,14,0.07342927
68,1.65837580492569,15,0.07336775
69,1.66814172795801,0,0.07395966
69,1.66814172795801,1,0.07418099
69,1.66814172795801,2,0.07402474
69,1.66814172795801,3,0.07396394
69,1.66814172795801,4,0.07398517
69,1.66814172795801,5,0.07416594
69,1.66814172795801,6,0.07402839
69,1.66814172795801,7,0.07386606
69,1.66814172795801,8,0.07399119
69,1.66814172795801,9,0.07390653
69,1.66814172795801,10,0.07396912
69,1.66814172795801,11,0.07400683
69,1.66814172795801,12,0.07400995
69,1.66814172795801,13,0.07412352
69,1.66814172795801,14,0.07390627
69,1.66814172795801,15,0.07395079
70,1.67851802117985,0,0.07449583
70,1.67851802117985,1,0.07467961
70,1.67851802117985,2,0.07435542
70,1.67851802117985,3,0.0742972
70,1.67851802117985,4,0.07434998
70,1.67851802117985,5,0.0746648
70,1.67851802117985,6,0.07457981
70,1.67851802117985,7,0.0746432
70,1.67851802117985,8,0.07502207
70,1.67851802117985,9,0.07452497
70,1.67851802117985,10,0.07473098
70,1.67851802117985,11,0.07458761
70,1.67851802117985,12,0.07469726
70,1.67851802117985,13,0.07454061
70,1.67851802117985,14,0.07413609
70,1.67851802117985,15,0.07452503
71,1.68889431440168,0,0.07515509
71,1.68889431440168,1,0.07492448
71,1.68889431440168,2,0.07501233
71,1.68889431440168,3,0.07477562
71,1.68889431440168,4,0.07500788
71,1.68889431440168,5,0.07462776
71,1.68889431440168,6,0.07466941
71,1.68889431440168,7,0.0746698
71,1.68889431440168,8,0.07483342
71,1.68889431440168,9,0.07481333
71,1.68889431440168,10,0.07474203
71,1.68889431440168,11,0.0747576
71,1.68889431440168,12,0.07490936
71,1.68889431440168,13,0.07474573
71,1.68889431440168,14,0.07495581
71,1.68889431440168,15,0.07458974
72,1.698660237434,0,0.07495787
72,1.698660237434,1,0.07498585
72,1.698660237434,2,0.07527231
72,1.698660237434,3,0.07495266
72,1.698660237434,4,0.07522172
72,1.698660237434,5,0.07494641
72,1.698660237434,6,0.07502701
72,1.698660237434,7,0.07464872
72,1.698660237434,8,0.07496469
72,1.698660237434,9,0.0749667
72,1.698660237434,10,0.07479791
72,1.698660237434,11,0.07489369
72,1.698660237434,12,0.07531349
72,1.698660237434,13,0.07496808
72,1.698660237434,14,0.07516075
72,1.698660237434,15,0.07490894
73,1.70842616046632,0,0.07537775
73,1.70842616046632,1,0.07562934
73,1.70842616046632,2,0.07499922
73,1.70842616046632,3,0.07563827
73,1.70842616046632,4,0.07542129
73,1.70842616046632,5,0.07544394
73,1.70842616046632,6,0.07556056
73,1.70842616046632,7,0.07526816
73,1.70842616046632,8,0.07534214
73,1.70842616046632,9,0.07527369
73,1.70842616046632,10,0.07541147
73,1.70842616046632,11,0.07540418
73,1.70842616046632,12,0.07527231
73,1.70842616046632,13,0.07502045
73,1.70842616046632,14,0.07530941
73,1.70842616046632,15,0.07521179
74,1.71758171330912,0,0.07546664
74,1.71758171330912,1,0.07531266
74,1.71758171330912,2,0.07564928
74,1.71758171330912,3,0.07549538
74,1.71758171330912,4,0.07524653
74,1.71758171330912,5,0.07554745
74,1.71758171330912,6,0.07540584
74,1.71758171330912,7,0.07575021
74,1.71758171330912,8,0.07581422
74,1.71758171330912,9,0.07547361
74,1.71758171330912,10,0.07545154
74,1.71758171330912,11,0.07589259
74,1.71758171330912,12,0.07589123
74,1.71758171330912,13,0.07571519
74,1.71758171330912,14,0.07569702
74,1.71758171330912,15,0.07560235
75,1.72856837672048,0,0.07587968
75,1.72856837672048,1,0.07600372
75,1.72856837672048,2,0.07598948
75,1.72856837672048,3,0.07608022
75,1.72856837672048,4,0.07601053
75,1.72856837672048,5,0.0757146
75,1.72856837672048,6,0.07574707
75,1.72856837672048,7,0.07579321
75,1.72856837672048,8,0.07609153
75,1.72856837672048,9,0.07586449
75,1.72856837672048,10,0.0764371
75,1.72856837672048,11,0.07603221
75,1.72856837672048,12,0.0759119
75,1.72856837672048,13,0.07592284
75,1.72856837672048,14,0.07585852
75,1.72856837672048,15,0.075967
76,1.73772392956328,0,0.07616377
76,1.73772392956328,1,0.07601354
76,1.73772392956328,2,0.07606679
76,1.73772392956328,3,0.0760028
76,1.73772392956328,4,0.0760166
76,1.73772392956328,5,0.07606266
76,1.73772392956328,6,0.07582128
76,1.73772392956328,7,0.07616343
76,1.73772392956328,8,0.07622951
76,1.73772392956328,9,0.07632774
76,1.73772392956328,10,0.07593434
76,1.73772392956328,11,0.07597866
76,1.73772392956328,12,0.07600508
76,1.73772392956328,13,0.07573179
76,1.73772392956328,14,0.0759929
76,1.73772392956328,15,0.07623388
77,1.74810022278512,0,0.07598764
77,1.74810022278512,1,0.0762073
77,1.74810022278512,2,0.07608901
77,1.74810022278512,3,0.07620139
77,1.74810022278512,4,0.07609139
77,1.74810022278512,5,0.07616486
77,1.74810022278512,6,0.07601395
77,1.74810022278512,7,0.07641889
77,1.74810022278512,8,0.07651551
77,1.74810022278512,9,0.07618026
77,1.74810022278512,10,0.0763656
77,1.74810022278512,11,0.07612114
77,1.74810022278512,12,0.07648013
77,1.74810022278512,13,0.07611231
77,1.74810022278512,14,0.07613751
77,1.74810022278512,15,0.07604545
78,1.75847651600696,0,0.07632384
78,1.75847651600696,1,0.07615991
78,1.75847651600696,2,0.07620223
78,1.75847651600696,3,0.07622596
78,1.75847651600696,4,0.07605282
78,1.75847651600696,5,0.07623846
78,1.75847651600696,6,0.07618167
78,1.75847651600696,7,0.07639837
78,1.75847651600696,8,0.07626646
78,1.75847651600696,9,0.07627928
78,1.75847651600696,10,0.07600544
78,1.75847651600696,11,0.07628639
78,1.75847651600696,12,0.07617781
78,1.75847651600696,13,0.07596938
78,1.75847651600696,14,0.07652905
78,1.75847651600696,15,0.07662258
79,1.76763206884976,0,0.07679825
79,1.76763206884976,1,0.07666728
79,1.76763206884976,2,0.07664827
79,1.76763206884976,3,0.07669693
79,1.76763206884976,4,0.07672822
79,1.76763206884976,5,0.07663872
79,1.76763206884976,6,0.0766525
79,1.76763206884976,7,0.07673479
79,1.76763206884976,8,0.07661119
79,1.76763206884976,9,0.07665542
79,1.76763206884976,10,0.07671505
79,1.76763206884976,11,0.07653052
79,1.76763206884976,12,0.07636467
79,1.76763206884976,13,0.07661597
79,1.76763206884976,14,0.07668927
79,1.76763206884976,15,0.0766337
80,1.77861873226112,0,0.07680187
80,1.77861873226112,1,0.07681328
80,1.77861873226112,2,0.07681711
80,1.77861873226112,3,0.07683213
80,1.77861873226112,4,0.07663463
80,1.77861873226112,5,0.0765982
80,1.77861873226112,6,0.07658309
80,1.77861873226112,7,0.07642132
80,1.77861873226112,8,0.07663974
80,1.77861873226112,9,0.07662696
80,1.77861873226112,10,0.07668643
80,1.77861873226112,11,0.07671629
80,1.77861873226112,12,0.07667861
80,1.77861873226112,13,0.076633
80,1.77861873226112,14,0.07662434
80,1.77861873226112,15,0.07653993
81,1.78838465529344,0,0.07692497
81,1.78838465529344,1,0.07692671
81,1.78838465529344,2,0.07693154
81,1.78838465529344,3,0.07689883
81,1.78838465529344,4,0.07680202
81,1.78838465529344,5,0.07695444
81,1.78838465529344,6,0.07647318
81,1.78838465529344,7,0.07677027
81,1.78838465529344,8,0.07698381
81,1.78838465529344,9,0.0770126
81,1.78838465529344,10,0.0769266
81,1.78838465529344,11,0.07703374
81,1.78838465529344,12,0.0770917
81,1.78838465529344,13,0.0771324
81,1.78838465529344,14,0.07716067
81,1.78838465529344,15,0.07688975
82,1.79815057832575,0,0.07741464
82,1.79815057832575,1,0.07704529
82,1.79815057832575,2,0.07723265
82,1.79815057832575,3,0.07721308
82,1.79815057832575,4,0.07716724
82,1.79815057832575,5,0.07731134
82,1.79815057832575,6,0.07718392
82,1.79815057832575,7,0.07708579
82,1.79815057832575,8,0.07732063
82,1.79815057832575,9,0.07740773
82,1.79815057832575,10,0.07727614
82,1.79815057832575,11,0.07707959
82,1.79815057832575,12,0.07737209
82,1.79815057832575,13,0.07737656
82,1.79815057832575,14,0.07723074
82,1.79815057832575,15,0.07715319
83,1.80791650135807,0,0.0773321
83,1.80791650135807,1,0.07722076
83,1.80791650135807,2,0.07723757
83,1.80791650135807,3,0.0771499
83,1.80791650135807,4,0.07707518
83,1.80791650135807,5,0.07701696
83,1.80791650135807,6,0.07719251
83,1.80791650135807,7,0.07723834
83,1.80791650135807,8,0.07722441
83,1.80791650135807,9,0.07725178
83,1.80791650135807,10,0.07747766
83,1.80791650135807,11,0.07730116
83,1.80791650135807,12,0.07718681
83,1.80791650135807,13,0.07754756
83,1.80791650135807,14,0.07764637
83,1.80791650135807,15,0.07706967
84,1.81829279457991,0,0.07772388
84,1.81829279457991,1,0.07745462
84,1.81829279457991,2,0.07762038
84,1.81829279457991,3,0.07766861
84,1.81829279457991,4,0.07767515
84,1.81829279457991,5,0.07747819
84,1.81829279457991,6,0.07759931
84,1.81829279457991,7,0.07759295
84,1.81829279457991,8,0.07745574
84,1.81829279457991,9,0.07741848
84,1.81829279457991,10,0.07757923
84,1.81829279457991,11,0.07743755
84,1.81829279457991,12,0.07752832
84,1.81829279457991,13,0.07754131
84,1.81829279457991,14,0.07748567
84,1.81829279457991,15,0.07776067
85,1.82866908780175,0,0.07766046
85,1.82866908780175,1,0.07780121
85,1.82866908780175,2,0.07789566
85,1.82866908780175,3,0.0779396
85,1.82866908780175,4,0.07793585
85,1.82866908780175,5,0.07776541
85,1.82866908780175,6,0.07795783
85,1.82866908780175,7,0.07788484
85,1.82866908780175,8,0.07774594
85,1.82866908780175,9,0.0779798
85,1.82866908780175,10,0.0776757
85,1.82866908780175,11,0.07786215
85,1.82866908780175,12,0.07789471
85,1.82866908780175,13,0.07746739
85,1.82866908780175,14,0.0775949
85,1.82866908780175,15,0.07758208
86,1.83843501083407,0,0.0778558
86,1.83843501083407,1,0.07760968
86,1.83843501083407,2,0.07794495
86,1.83843501083407,3,0.07801677
86,1.83843501083407,4,0.07795314
86,1.83843501083407,5,0.07780924
86,1.83843501083407,6,0.07777584
86,1.83843501083407,7,0.07776786
86,1.83843501083407,8,0.07778008
86,1.83843501083407,9,0.07812426
86,1.83843501083407,10,0.07786377
86,1.83843501083407,11,0.07775247
86,1.83843501083407,12,0.07784096
86,1.83843501083407,13,0.07810726
86,1.83843501083407,14,0.07779334
86,1.83843501083407,15,0.07785407
87,1.84820093386639,0,0.07781838
87,1.84820093386639,1,0.07762556
87,1.84820093386639,2,0.07762746
87,1.84820093386639,3,0.07769493
87,1.84820093386639,4,0.07765388
87,1.84820093386639,5,0.07764374
87,1.84820093386639,6,0.07757098
87,1.84820093386639,7,0.07739535
87,1.84820093386639,8,0.07767456
87,1.84820093386639,9,0.0778079
87,1.84820093386639,10,0.07775008
87,1.84820093386639,11,0.07788255
87,1.84820093386639,12,0.07764898
87,1.84820093386639,13,0.07786577
87,1.84820093386639,14,0.07771839
87,1.84820093386639,15,0.07762634
88,1.85857722708823,0,0.0776858
88,1.85857722708823,1,0.07776318
88,1.85857722708823,2,0.07796575
88,1.85857722708823,3,0.07774328
88,1.85857722708823,4,0.07783126
88,1.85857722708823,5,0.07735125
88,1.85857722708823,6,0.0776661
88,1.85857722708823,7,0.07752181
88,1.85857722708823,8,0.0774951
88,1.85857722708823,9,0.07760929
88,1.85857722708823,10,0.07745708
88,1.85857722708823,11,0.0779726
88,1.85857722708823,12,0.07779853
88,1.85857722708823,13,0.07744748
88,1.85857722708823,14,0.07723809
88,1.85857722708823,15,0.07769375
89,1.86773277993103,0,0.07742333
89,1.86773277993103,1,0.07767354
89,1.86773277993103,2,0.07742746
89,1.86773277993103,3,0.07782574
89,1.86773277993103,4,0.07761196
89,1.86773277993103,5,0.07763895
89,1.86773277993103,6,0.07806054
89,1.86773277993103,7,0.07799636
89,1.86773277993103,8,0.07795822
89,1.86773277993103,9,0.0780491
89,1.86773277993103,10,0.07787224
89,1.86773277993103,11,0.07789282
89,1.86773277993103,12,0.07794785
89,1.86773277993103,13,0.07792577
89,1.86773277993103,14,0.07805619
89,1.86773277993103,15,0.07796424
90,1.87871944334239,0,0.07793346
90,1.87871944334239,1,0.07794204
90,1.87871944334239,2,0.07755525
90,1.87871944334239,3,0.07775592
90,1.87871944334239,4,0.07776669
90,1.87871944334239,5,0.07792732
90,1.87871944334239,6,0.07784893
90,1.87871944334239,7,0.0779929
90,1.87871944334239,8,0.07770692
90,1.87871944334239,9,0.07734337
90,1.87871944334239,10,0.07755069
90,1.87871944334239,11,0.0778292
90,1.87871944334239,12,0.07769109
90,1.87871944334239,13,0.07787498
90,1.87871944334239,14,0.07758959
90,1.87871944334239,15,0.07802535
91,1.88787499618519,0,0.07767737
91,1.88787499618519,1,0.0776787
91,1.88787499618519,2,0.07773089
91,1.88787499618519,3,0.07769767
91,1.88787499618519,4,0.07761012
91,1.88787499618519,5,0.0775726
91,1.88787499618519,6,0.07748462
91,1.88787499618519,7,0.07773919
91,1.88787499618519,8,0.07740773
91,1.88787499618519,9,0.07762574
91,1.88787499618519,10,0.07739629
91,1.88787499618519,11,0.07749392
91,1.88787499618519,12,0.07741335
91,1.88787499618519,13,0.07752385
91,1.88787499618519,14,0.07781391
91,1.88787499618519,15,0.07756813
92,1.89764091921751,0,0.07781225
92,1.89764091921751,1,0.07813408
92,1.89764091921751,2,0.07793017
92,1.89764091921751,3,0.0778084
92,1.89764091921751,4,0.07788701
92,1.89764091921751,5,0.07825507
92,1.89764091921751,6,0.07790703
92,1.89764091921751,7,0.0778593
92,1.89764091921751,8,0.07810971
92,1.89764091921751,9,0.07808953
92,1.89764091921751,10,0.07816011
92,1.89764091921751,11,0.07815125
92,1.89764091921751,12,0.07794305
92,1.89764091921751,13,0.0777135
92,1.89764091921751,14,0.07830771
92,1.89764091921751,15,0.07801632
93,1.90801721243934,0,0.07871775
93,1.90801721243934,1,0.07871056
93,1.90801721243934,2,0.07861309
93,1.90801721243934,3,0.07874641
93,1.90801721243934,4,0.0786403
93,1.90801721243934,5,0.07849589
93,1.90801721243934,6,0.07842591
93,1.90801721243934,7,0.07859624
93,1.90801721243934,8,0.07857373
93,1.90801721243934,9,0.0786582
93,1.90801721243934,10,0.07856762
93,1.90801721243934,11,0.07877579
93,1.90801721243934,12,0.07845251
93,1.90801721243934,13,0.07880357
93,1.90801721243934,14,0.07853888
93,1.90801721243934,15,0.07855773
94,1.91839350566118,0,0.07879325
94,1.91839350566118,1,0.0783875
94,1.91839350566118,2,0.07875561
94,1.91839350566118,3,0.07881456
94,1.91839350566118,4,0.07891525
94,1.91839350566118,5,0.07896172
94,1.91839350566118,6,0.07878438
94,1.91839350566118,7,0.07854524
94,1.91839350566118,8,0.07821454
94,1.91839350566118,9,0.07851224
94,1.91839350566118,10,0.07871401
94,1.91839350566118,11,0.07876101
94,1.91839350566118,12,0.07881879
94,1.91839350566118,13,0.07882077
94,1.91839350566118,14,0.0783028
94,1.91839350566118,15,0.07872762
95,1.9281594286935,0,0.07867158
95,1.9281594286935,1,0.07866581
95,1.9281594286935,2,0.0785686
95,1.9281594286935,3,0.07859541
95,1.9281594286935,4,0.07894284
95,1.9281594286935,5,0.07882895
95,1.9281594286935,6,0.0790092
95,1.9281594286935,7,0.07887986
95,1.9281594286935,8,0.07885236
95,1.9281594286935,9,0.07897931
95,1.9281594286935,10,0.07880283
95,1.9281594286935,11,0.07900611
95,1.9281594286935,12,0.07927447
95,1.9281594286935,13,0.07860847
95,1.9281594286935,14,0.07907216
95,1.9281594286935,15,0.07898467
96,1.93853572191534,0,0.07858516
96,1.93853572191534,1,0.07865529
96,1.93853572191534,2,0.07880764
96,1.93853572191534,3,0.07880367
96,1.93853572191534,4,0.07901288
96,1.93853572191534,5,0.07867989
96,1.93853572191534,6,0.07892855
96,1.93853572191534,7,0.07882793
96,1.93853572191534,8,0.07868581
96,1.93853572191534,9,0.07875948
96,1.93853572191534,10,0.07900334
96,1.93853572191534,11,0.07889712
96,1.93853572191534,12,0.07859398
96,1.93853572191534,13,0.07870688
96,1.93853572191534,14,0.07890442
96,1.93853572191534,15,0.0789841
97,1.94769127475814,0,0.07862815
97,1.94769127475814,1,0.07868402
97,1.94769127475814,2,0.07872092
97,1.94769127475814,3,0.07895026
97,1.94769127475814,4,0.07880976
97,1.94769127475814,5,0.07892273
97,1.94769127475814,6,0.07872611
97,1.94769127475814,7,0.07861193
97,1.94769127475814,8,0.07876685
97,1.94769127475814,9,0.07892299
97,1.94769127475814,10,0.0789339
97,1.94769127475814,11,0.07906464
97,1.94769127475814,12,0.07867648
97,1.94769127475814,13,0.07868981
97,1.94769127475814,14,0.07865748
97,1.94769127475814,15,0.07859953
98,1.95806756797998,0,0.07881527
98,1.95806756797998,1,0.07888255
98,1.95806756797998,2,0.07881259
98,1.95806756797998,3,0.07899084
98,1.95806756797998,4,0.0790001
98,1.95806756797998,5,0.07942633
98,1.95806756797998,6,0.07917932
98,1.95806756797998,7,0.07919254
98,1.95806756797998,8,0.07921274
98,1.95806756797998,9,0.07917202
98,1.95806756797998,10,0.07890028
98,1.95806756797998,11,0.07896753
98,1.95806756797998,12,0.07903131
98,1.95806756797998,13,0.07904382
98,1.95806756797998,14,0.07894769
98,1.95806756797998,15,0.07884916
99,1.9678334910123,0,0.07912791
99,1.9678334910123,1,0.07875396
99,1.9678334910123,2,0.07876808
99,1.9678334910123,3,0.07895568
99,1.9678334910123,4,0.078633
99,1.9678334910123,5,0.07842323
99,1.9678334910123,6,0.07860316
99,1.9678334910123,7,0.07872426
99,1.9678334910123,8,0.07868078
99,1.9678334910123,9,0.07849796
99,1.9678334910123,10,0.07857239
99,1.9678334910123,11,0.07841119
99,1.9678334910123,12,0.07859006
99,1.9678334910123,13,0.07855221
99,1.9678334910123,14,0.07837974
99,1.9678334910123,15,0.0781493
100,1.97759941404462,0,0.07852191
100,1.97759941404462,1,0.07878337
100,1.97759941404462,2,0.07845362
100,1.97759941404462,3,0.07814774
100,1.97759941404462,4,0.07864203
100,1.97759941404462,5,0.07841615
100,1.97759941404462,6,0.07863513
100,1.97759941404462,7,0.07856898
100,1.97759941404462,8,0.07834534
100,1.97759941404462,9,0.07835554
100,1.97759941404462,10,0.07876993
100,1.97759941404462,11,0.07892331
100,1.97759941404462,12,0.07866774
100,1.97759941404462,13,0.07846418
100,1.97759941404462,14,0.07861522
100,1.97759941404462,15,0.078591
101,1.98797570726646,0,0.07863905
101,1.98797570726646,1,0.07904704
101,1.98797570726646,2,0.07888684
101,1.98797570726646,3,0.07892913
101,1.98797570726646,4,0.07900551
101,1.98797570726646,5,0.07889181
101,1.98797570726646,6,0.07859016
101,1.98797570726646,7,0.07881097
101,1.98797570726646,8,0.07880524
101,1.98797570726646,9,0.07891725
101,1.98797570726646,10,0.079048
101,1.98797570726646,11,0.07886826
101,1.98797570726646,12,0.07894217
101,1.98797570726646,13,0.07896508
101,1.98797570726646,14,0.07906461
101,1.98797570726646,15,0.07903579
102,1.99713126010926,0,0.07934929
102,1.99713126010926,1,0.07938405
102,1.99713126010926,2,0.07933392
102,1.99713126010926,3,0.07935014
102,1.99713126010926,4,0.07918204
102,1.99713126010926,5,0.07900872
102,1.99713126010926,6,0.0794779
102,1.99713126010926,7,0.07897782
102,1.99713126010926,8,0.07884554
102,1.99713126010926,9,0.07901198
102,1.99713126010926,10,0.07906131
102,1.99713126010926,11,0.07921219
102,1.99713126010926,12,0.07938048
102,1.99713126010926,13,0.07946526
102,1.99713126010926,14,0.07930154
102,1.99713126010926,15,0.07925335
103,2.0075075533311,0,0.07982186
103,2.0075075533311,1,0.07952223
103,2.0075075533311,2,0.0795018
103,2.0075075533311,3,0.07941187
103,2.0075075533311,4,0.07911146
103,2.0075075533311,5,0.07947322
103,2.0075075533311,6,0.07928931
103,2.0075075533311,7,0.07931647
103,2.0075075533311,8,0.07910977
103,2.0075075533311,9,0.07948141
103,2.0075075533311,10,0.0793771
103,2.0075075533311,11,0.07958438
103,2.0075075533311,12,0.07938287
103,2.0075075533311,13,0.07932171
103,2.0075075533311,14,0.07960948
103,2.0075075533311,15,0.07925687
104,2.01727347636341,0,0.07940371
104,2.01727347636341,1,0.07934021
104,2.01727347636341,2,0.0795242
104,2.01727347636341,3,0.07952449
104,2.01727347636341,4,0.07935415
104,2.01727347636341,5,0.0794808
104,2.01727347636341,6,0.07949227
104,2.01727347636341,7,0.07961934
104,2.01727347636341,8,0.07977507
104,2.01727347636341,9,0.07948507
104,2.01727347636341,10,0.07953326
104,2.01727347636341,11,0.0793236
104,2.01727347636341,12,0.07954306
104,2.01727347636341,13,0.07948831
104,2.01727347636341,14,0.07963768
104,2.01727347636341,15,0.07958775
105,2.02764976958525,0,0.07979927
105,2.02764976958525,1,0.07993052
105,2.02764976958525,2,0.07996491
105,2.02764976958525,3,0.0798984
105,2.02764976958525,4,0.07998385
105,2.02764976958525,5,0.08000083
105,2.02764976958525,6,0.08005978
105,2.02764976958525,7,0.07978418
105,2.02764976958525,8,0.07994718
105,2.02764976958525,9,0.07985415
105,2.02764976958525,10,0.07998116
105,2.02764976958525,11,0.07993413
105,2.02764976958525,12,0.07998282
105,2.02764976958525,13,0.07991721
105,2.02764976958525,14,0.07992613
105,2.02764976958525,15,0.07994832
106,2.03741569261757,0,0.07993183
106,2.03741569261757,1,0.07994694
106,2.03741569261757,2,0.08018661
106,2.03741569261757,3,0.08029016
106,2.03741569261757,4,0.08024646
106,2.03741569261757,5,0.08010391
106,2.03741569261757,6,0.08008146
106,2.03741569261757,7,0.08019409
106,2.03741569261757,8,0.07998589
106,2.03741569261757,9,0.07999658
106,2.03741569261757,10,0.07992588
106,2.03741569261757,11,0.07985774
106,2.03741569261757,12,0.08028331
106,2.03741569261757,13,0.08010733
106,2.03741569261757,14,0.08005976
106,2.03741569261757,15,0.08000091
107,2.04779198583941,0,0.08028844
107,2.04779198583941,1,0.08008097
107,2.04779198583941,2,0.08027009
107,2.04779198583941,3,0.08020643
107,2.04779198583941,4,0.08038051
107,2.04779198583941,5,0.08022177
107,2.04779198583941,6,0.08023241
107,2.04779198583941,7,0.08012981
107,2.04779198583941,8,0.08015154
107,2.04779198583941,9,0.08013962
107,2.04779198583941,10,0.08000961
107,2.04779198583941,11,0.08013374
107,2.04779198583941,12,0.08023258
107,2.04779198583941,13,0.08022596
107,2.04779198583941,14,0.08033214
107,2.04779198583941,15,0.08049769
108,2.05694753868221,0,0.08059284
108,2.05694753868221,1,0.08067697
108,2.05694753868221,2,0.08046726
108,2.05694753868221,3,0.08018455
108,2.05694753868221,4,0.08040106
108,2.05694753868221,5,0.08024491
108,2.05694753868221,6,0.08014882
108,2.05694753868221,7,0.08021205
108,2.05694753868221,8,0.07992831
108,2.05694753868221,9,0.07991903
108,2.05694753868221,10,0.08025931
108,2.05694753868221,11,0.08021937
108,2.05694753868221,12,0.08023359
108,2.05694753868221,13,0.08023522
108,2.05694753868221,14,0.08025822
108,2.05694753868221,15,0.08022739
109,2.06732383190405,0,0.08047676
109,2.06732383190405,1,0.08023852
109,2.06732383190405,2,0.08055676
109,2.06732383190405,3,0.08027195
109,2.06732383190405,4,0.08011214
109,2.06732383190405,5,0.08046953
109,2.06732383190405,6,0.08020337
109,2.06732383190405,7,0.08046072
109,2.06732383190405,8,0.08053405
109,2.06732383190405,9,0.08041318
109,2.06732383190405,10,0.08060572
109,2.06732383190405,11,0.08066225
109,2.06732383190405,12,0.08047724
109,2.06732383190405,13,0.08018501
109,2.06732383190405,14,0.08000237
109,2.06732383190405,15,0.08032833
110,2.07770012512589,0,0.08056341
110,2.07770012512589,1,0.08037034
110,2.07770012512589,2,0.08035652
110,2.07770012512589,3,0.0804818
110,2.07770012512589,4,0.08054477
110,2.07770012512589,5,0.0804463
110,2.07770012512589,6,0.08040776
110,2.07770012512589,7,0.08050205
110,2.07770012512589,8,0.08047432
110,2.07770012512589,9,0.08056763
110,2.07770012512589,10,0.08061169
110,2.07770012512589,11,0.08079364
110,2.07770012512589,12,0.08064763
110,2.07770012512589,13,0.08079072
110,2.07770012512589,14,0.08056312
110,2.07770012512589,15,0.08041111
111,2.08746604815821,0,0.08045269
111,2.08746604815821,1,0.08077808
111,2.08746604815821,2,0.08064558
111,2.08746604815821,3,0.08079222
111,2.08746604815821,4,0.08059295
111,2.08746604815821,5,0.0806937
111,2.08746604815821,6,0.08101469
111,2.08746604815821,7,0.08067387
111,2.08746604815821,8,0.08084607
111,2.08746604815821,9,0.08071545
111,2.08746604815821,10,0.08069764
111,2.08746604815821,11,0.08082493
111,2.08746604815821,12,0.0809326
111,2.08746604815821,13,0.08068204
111,2.08746604815821,14,0.08055836
111,2.08746604815821,15,0.08048065
112,2.09784234138005,0,0.08053889
112,2.09784234138005,1,0.08036337
112,2.09784234138005,2,0.08045828
112,2.09784234138005,3,0.08073251
112,2.09784234138005,4,0.08039428
112,2.09784234138005,5,0.08046801
112,2.09784234138005,6,0.08053393
112,2.09784234138005,7,0.08022802
112,2.09784234138005,8,0.0805682
112,2.09784234138005,9,0.08062948
112,2.09784234138005,10,0.08044913
112,2.09784234138005,11,0.08023568
112,2.09784234138005,12,0.08047133
112,2.09784234138005,13,0.08029801
112,2.09784234138005,14,0.08037622
112,2.09784234138005,15,0.08020336
113,2.10699789422285,0,0.08065274
113,2.10699789422285,1,0.08061841
113,2.10699789422285,2,0.08008034
113,2.10699789422285,3,0.0804865
113,2.10699789422285,4,0.08034608
113,2.10699789422285,5,0.08049709
113,2.10699789422285,6,0.08052034
113,2.10699789422285,7,0.08048516
113,2.10699789422285,8,0.08054423
113,2.10699789422285,9,0.08045525
113,2.10699789422285,10,0.08025464
113,2.10699789422285,11,0.08042233
113,2.10699789422285,12,0.08049963
113,2.10699789422285,13,0.08042336
113,2.10699789422285,14,0.08056238
113,2.10699789422285,15,0.08064903
114,2.11737418744469,0,0.08043927
114,2.11737418744469,1,0.08043537
114,2.11737418744469,2,0.08070021
114,2.11737418744469,3,0.0805791
114,2.11737418744469,4,0.08040696
114,2.11737418744469,5,0.08054176
114,2.11737418744469,6,0.08042815
114,2.11737418744469,7,0.0803544
114,2.11737418744469,8,0.08041785
114,2.11737418744469,9,0.08042596
114,2.11737418744469,10,0.08031904
114,2.11737418744469,11,0.08032661
114,2.11737418744469,12,0.08018739
114,2.11737418744469,13,0.08013405
114,2.11737418744469,14,0.08018449
114,2.11737418744469,15,0.07993531
115,2.127140110477,0,0.08035933
115,2.127140110477,1,0.0803825
115,2.127140110477,2,0.08022705
115,2.127140110477,3,0.08058041
115,2.127140110477,4,0.08050187
115,2.127140110477,5,0.08037857
115,2.127140110477,6,0.08031906
115,2.127140110477,7,0.08048312
115,2.127140110477,8,0.08026195
115,2.127140110477,9,0.08040612
115,2.127140110477,10,0.08043202
115,2.127140110477,11,0.08059694
115,2.127140110477,12,0.08011424
115,2.127140110477,13,0.08011745
115,2.127140110477,14,0.08047497
115,2.127140110477,15,0.08031666
116,2.13751640369884,0,0.08048332
116,2.13751640369884,1,0.08044843
116,2.13751640369884,2,0.08035127
116,2.13751640369884,3,0.08060809
116,2.13751640369884,4,0.08045144
116,2.13751640369884,5,0.08064752
116,2.13751640369884,6,0.08046071
116,2.13751640369884,7,0.08045132
116,2.13751640369884,8,0.08042895
116,2.13751640369884,9,0.08052467
116,2.13751640369884,10,0.08059774
116,2.13751640369884,11,0.08013322
116,2.13751640369884,12,0.08052862
116,2.13751640369884,13,0.08068694
116,2.13751640369884,14,0.08025675
116,2.13751640369884,15,0.08021669
117,2.14667195654164,0,0.08081278
117,2.14667195654164,1,0.08026998
117,2.14667195654164,2,0.08049023
117,2.14667195654164,3,0.08049098
117,2.14667195654164,4,0.08052381
117,2.14667195654164,5,0.08041716
117,2.14667195654164,6,0.08066176
117,2.14667195654164,7,0.08042944
117,2.14667195654164,8,0.08060744
117,2.14667195654164,9,0.08086817
117,2.14667195654164,10,0.08060834
117,2.14667195654164,11,0.080666
117,2.14667195654164,12,0.08042198
117,2.14667195654164,13,0.08077115
117,2.14667195654164,14,0.08052825
117,2.14667195654164,15,0.08052862
118,2.157658619953,0,0.08025099
118,2.157658619953,1,0.08015332
118,2.157658619953,2,0.08038955
118,2.157658619953,3,0.0804707
118,2.157658619953,4,0.08076877
118,2.157658619953,5,0.08087186
118,2.157658619953,6,0.08070065
118,2.157658619953,7,0.08021007
118,2.157658619953,8,0.08047716
118,2.157658619953,9,0.08048143
118,2.157658619953,10,0.0805738
118,2.157658619953,11,0.08061933
118,2.157658619953,12,0.08061755
118,2.157658619953,13,0.08065655
118,2.157658619953,14,0.08068189
118,2.157658619953,15,0.08052942
119,2.16742454298532,0,0.08061311
119,2.16742454298532,1,0.08028729
119,2.16742454298532,2,0.08057456
119,2.16742454298532,3,0.08037025
119,2.16742454298532,4,0.08039826
119,2.16742454298532,5,0.08018374
119,2.16742454298532,6,0.08023195
119,2.16742454298532,7,0.08034909
119,2.16742454298532,8,0.08042689
119,2.16742454298532,9,0.08021317
119,2.16742454298532,10,0.08052711
119,2.16742454298532,11,0.08053591
119,2.16742454298532,12,0.08026154
119,2.16742454298532,13,0.08077341
119,2.16742454298532,14,0.08074386
119,2.16742454298532,15,0.08056754
120,2.17780083620716,0,0.08082983
120,2.17780083620716,1,0.08067742
120,2.17780083620716,2,0.08084802
120,2.17780083620716,3,0.08051459
120,2.17780083620716,4,0.08067501
120,2.17780083620716,5,0.0804656
120,2.17780083620716,6,0.08056457
120,2.17780083620716,7,0.08071605
120,2.17780083620716,8,0.08054098
120,2.17780083620716,9,0.08068204
120,2.17780083620716,10,0.08086373
120,2.17780083620716,11,0.08103567
120,2.17780083620716,12,0.08079072
120,2.17780083620716,13,0.08075574
120,2.17780083620716,14,0.08063278
120,2.17780083620716,15,0.08071499
121,2.18756675923948,0,0.08088358
121,2.18756675923948,1,0.08084512
121,2.18756675923948,2,0.08110195
121,2.18756675923948,3,0.08100949
121,2.18756675923948,4,0.08087935
121,2.18756675923948,5,0.0807751
121,2.18756675923948,6,0.08050121
121,2.18756675923948,7,0.0809746
121,2.18756675923948,8,0.08077912
121,2.18756675923948,9,0.08110268
121,2.18756675923948,10,0.08085441
121,2.18756675923948,11,0.08087555
121,2.18756675923948,12,0.08114885
121,2.18756675923948,13,0.08111021
121,2.18756675923948,14,0.08093243
121,2.18756675923948,15,0.0809392
122,2.19794305246132,0,0.08067021
122,2.19794305246132,1,0.0808092
122,2.19794305246132,2,0.08066231
122,2.19794305246132,3,0.08077584
122,2.19794305246132,4,0.08082823
122,2.19794305246132,5,0.08084535
122,2.19794305246132,6,0.08084521
122,2.19794305246132,7,0.08094735
122,2.19794305246132,8,0.08071725
122,2.19794305246132,9,0.08083938
122,2.19794305246132,10,0.08097664
122,2.19794305246132,11,0.08108763
122,2.19794305246132,12,0.08087673
122,2.19794305246132,13,0.08064289
122,2.19794305246132,14,0.0809551
122,2.19794305246132,15,0.08104592
123,2.20709860530412,0,0.08101153
123,2.20709860530412,1,0.08116603
123,2.20709860530412,2,0.08093396
123,2.20709860530412,3,0.0811721
123,2.20709860530412,4,0.08069925
123,2.20709860530412,5,0.08062523
123,2.20709860530412,6,0.08079836
123,2.20709860530412,7,0.08101183
123,2.20709860530412,8,0.08117738
123,2.20709860530412,9,0.08073054
123,2.20709860530412,10,0.0810082
123,2.20709860530412,11,0.0809486
123,2.20709860530412,12,0.08122902
123,2.20709860530412,13,0.08085047
123,2.20709860530412,14,0.08067089
123,2.20709860530412,15,0.08082864
124,2.21808526871548,0,0.08085165
124,2.21808526871548,1,0.08101579
124,2.21808526871548,2,0.08114433
124,2.21808526871548,3,0.08083637
124,2.21808526871548,4,0.08079067
124,2.21808526871548,5,0.08071414
124,2.21808526871548,6,0.08069596
124,2.21808526871548,7,0.0809625
124,2.21808526871548,8,0.08091968
124,2.21808526871548,9,0.08063865
124,2.21808526871548,10,0.08048797
124,2.21808526871548,11,0.08053096
124,2.21808526871548,12,0.08089679
124,2.21808526871548,13,0.08060221
124,2.21808526871548,14,0.0808039
124,2.21808526871548,15,0.08085806
125,2.2278511917478,0,0.08095086
125,2.2278511917478,1,0.08096007
125,2.2278511917478,2,0.08076154
125,2.2278511917478,3,0.08074065
125,2.2278511917478,4,0.08084814
125,2.2278511917478,5,0.0807608
125,2.2278511917478,6,0.08078823
125,2.2278511917478,7,0.08051834
125,2.2278511917478,8,0.08076281
125,2.2278511917478,9,0.08094671
125,2.2278511917478,10,0.08091784
125,2.2278511917478,11,0.0809058
125,2.2278511917478,12,0.08083231
125,2.2278511917478,13,0.08080645
125,2.2278511917478,14,0.08054809
125,2.2278511917478,15,0.08087955
126,2.23700674459059,0,0.08088858
126,2.23700674459059,1,0.08098306
126,2.23700674459059,2,0.08100922
126,2.23700674459059,3,0.0810536
126,2.23700674459059,4,0.08106408
126,2.23700674459059,5,0.08086009
126,2.23700674459059,6,0.08079026
126,2.23700674459059,7,0.08091388
126,2.23700674459059,8,0.08104736
126,2.23700674459059,9,0.08106647
126,2.23700674459059,10,0.08100861
126,2.23700674459059,11,0.08112849
126,2.23700674459059,12,0.08131525
126,2.23700674459059,13,0.08132432
126,2.23700674459059,14,0.08117915
126,2.23700674459059,15,0.08102067
127,2.24738303781243,0,0.08104111
127,2.24738303781243,1,0.08108712
127,2.24738303781243,2,0.0809674
127,2.24738303781243,3,0.08108383
127,2.24738303781243,4,0.08123437
127,2.24738303781243,5,0.08109759
127,2.24738303781243,6,0.08104229
127,2.24738303781243,7,0.08112177
127,2.24738303781243,8,0.08140033
127,2.24738303781243,9,0.08117469
127,2.24738303781243,10,0.08132068
127,2.24738303781243,11,0.08125602
127,2.24738303781243,12,0.08106065
127,2.24738303781243,13,0.08126817
127,2.24738303781243,14,0.08116718
127,2.24738303781243,15,0.08101415
128,2.25775933103427,0,0.08106825
128,2.25775933103427,1,0.0810222
128,2.25775933103427,2,0.08085467
128,2.25775933103427,3,0.08085619
128,2.25775933103427,4,0.08090098
128,2.25775933103427,5,0.08087113
128,2.25775933103427,6,0.08109737
128,2.25775933103427,7,0.08121969
128,2.25775933103427,8,0.08115887
128,2.25775933103427,9,0.08125585
128,2.25775933103427,10,0.08129503
128,2.25775933103427,11,0.08111148
128,2.25775933103427,12,0.08155125
128,2.25775933103427,13,0.08122294
128,2.25775933103427,14,0.08117458
128,2.25775933103427,15,0.08085164
129,2.26752525406659,0,0.08132175
129,2.26752525406659,1,0.08084778
129,2.26752525406659,2,0.08111328
129,2.26752525406659,3,0.08118257
129,2.26752525406659,4,0.08100869
129,2.26752525406659,5,0.08128056
129,2.26752525406659,6,0.08095308
129,2.26752525406659,7,0.08128999
129,2.26752525406659,8,0.08108349
129,2.26752525406659,9,0.08114617
129,2.26752525406659,10,0.08104001
129,2.26752525406659,11,0.08112447
129,2.26752525406659,12,0.08113545
129,2.26752525406659,13,0.08107813
129,2.26752525406659,14,0.08091967
129,2.26752525406659,15,0.08123051
130,2.27668080690939,0,0.08094092
130,2.27668080690939,1,0.08094135
130,2.27668080690939,2,0.08116984
130,2.27668080690939,3,0.08078746
130,2.27668080690939,4,0.08102836
130,2.27668080690939,5,0.08096927
130,2.27668080690939,6,0.08120785
130,2.27668080690939,7,0.0808484
130,2.27668080690939,8,0.08095597
130,2.27668080690939,9,0.08077815
130,2.27668080690939,10,0.08097869
130,2.27668080690939,11,0.08099178
130,2.27668080690939,12,0.08057084
130,2.27668080690939,13,0.080963
130,2.27668080690939,14,0.08105638
130,2.27668080690939,15,0.08103713
131,2.28766747032075,0,0.08102494
131,2.28766747032075,1,0.08106933
131,2.28766747032075,2,0.08126232
131,2.28766747032075,3,0.08105393
131,2.28766747032075,4,0.08096896
131,2.28766747032075,5,0.08113958
131,2.28766747032075,6,0.08099253
131,2.28766747032075,7,0.08096331
131,2.28766747032075,8,0.08103621
131,2.28766747032075,9,0.08089402
131,2.28766747032075,10,0.08095351
131,2.28766747032075,11,0.08108573
131,2.28766747032075,12,0.08124459
131,2.28766747032075,13,0.08104128
131,2.28766747032075,14,0.08087646
131,2.28766747032075,15,0.08101137
132,2.29743339335307,0,0.08108238
132,2.29743339335307,1,0.08082785
132,2.29743339335307,2,0.08077402
132,2.29743339335307,3,0.08083802
132,2.29743339335307,4,0.0809829
132,2.29743339335307,5,0.08102953
132,2.29743339335307,6,0.08100469
132,2.29743339335307,7,0.08086752
132,2.29743339335307,8,0.08079528
132,2.29743339335307,9,0.08054136
132,2.29743339335307,10,0.08064921
132,2.29743339335307,11,0.08069597
132,2.29743339335307,12,0.08063097
132,2.29743339335307,13,0.08071849
132,2.29743339335307,14,0.0806244
132,2.29743339335307,15,0.08097927
133,2.30780968657491,0,0.0810927
133,2.30780968657491,1,0.0809568
133,2.30780968657491,2,0.0811286
133,2.30780968657491,3,0.08076107
133,2.30780968657491,4,0.08095196
133,2.30780968657491,5,0.08102214
133,2.30780968657491,6,0.08112304
133,2.30780968657491,7,0.08114732
133,2.30780968657491,8,0.08089151
133,2.30780968657491,9,0.08131953
133,2.30780968657491,10,0.08126585
133,2.30780968657491,11,0.08094545
133,2.30780968657491,12,0.08084699
133,2.30780968657491,13,0.08072272
133,2.30780968657491,14,0.08088829
133,2.30780968657491,15,0.08089552
134,2.31696523941771,0,0.08098739
134,2.31696523941771,1,0.08129752
134,2.31696523941771,2,0.08106428
134,2.31696523941771,3,0.08107825
134,2.31696523941771,4,0.08103148
134,2.31696523941771,5,0.08133218
134,2.31696523941771,6,0.08104099
134,2.31696523941771,7,0.08103766
134,2.31696523941771,8,0.08122303
134,2.31696523941771,9,0.08109515
134,2.31696523941771,10,0.08087646
134,2.31696523941771,11,0.08099288
134,2.31696523941771,12,0.08067915
134,2.31696523941771,13,0.08072508
134,2.31696523941771,14,0.08086273
134,2.31696523941771,15,0.08059648
135,2.32795190282907,0,0.08119121
135,2.32795190282907,1,0.08099996
135,2.32795190282907,2,0.08112078
135,2.32795190282907,3,0.08112992
135,2.32795190282907,4,0.08094298
135,2.32795190282907,5,0.08099091
135,2.32795190282907,6,0.08099695
135,2.32795190282907,7,0.08095177
135,2.32795190282907,8,0.0808364
135,2.32795190282907,9,0.08113211
135,2.32795190282907,10,0.08098238
135,2.32795190282907,11,0.08105416
135,2.32795190282907,12,0.08092247
135,2.32795190282907,13,0.08095432
135,2.32795190282907,14,0.08079769
135,2.32795190282907,15,0.0811964
136,2.33649708548235,0,0.08083884
136,2.33649708548235,1,0.0807461
136,2.33649708548235,2,0.08063693
136,2.33649708548235,3,0.08068003
136,2.33649708548235,4,0.08086551
136,2.33649708548235,5,0.08093438
136,2.33649708548235,6,0.08080205
136,2.33649708548235,7,0.08112378
136,2.33649708548235,8,0.0806478
136,2.33649708548235,9,0.08082823
136,2.33649708548235,10,0.08116832
136,2.33649708548235,11,0.08074562
136,2.33649708548235,12,0.08105439
136,2.33649708548235,13,0.08098112
136,2.33649708548235,14,0.0809241
136,2.33649708548235,15,0.081104
137,2.34809411908322,0,0.08122709
137,2.34809411908322,1,0.08118724
137,2.34809411908322,2,0.08103787
137,2.34809411908322,3,0.08104138
137,2.34809411908322,4,0.08106981
137,2.34809411908322,5,0.08126859
137,2.34809411908322,6,0.08098888
137,2.34809411908322,7,0.08076564
137,2.34809411908322,8,0.08113047
137,2.34809411908322,9,0.08083917
137,2.34809411908322,10,0.08107792
137,2.34809411908322,11,0.08100819
137,2.34809411908322,12,0.081255
137,2.34809411908322,13,0.08141363
137,2.34809411908322,14,0.0811425
137,2.34809411908322,15,0.08136688
138,2.35724967192602,0,0.08136085
138,2.35724967192602,1,0.08153684
138,2.35724967192602,2,0.08142839
138,2.35724967192602,3,0.08149477
138,2.35724967192602,4,0.08138847
138,2.35724967192602,5,0.08120839
138,2.35724967192602,6,0.08150101
138,2.35724967192602,7,0.08119129
138,2.35724967192602,8,0.08099944
138,2.35724967192602,9,0.08114392
138,2.35724967192602,10,0.08146804
138,2.35724967192602,11,0.08134171
138,2.35724967192602,12,0.08130557
138,2.35724967192602,13,0.08103787
138,2.35724967192602,14,0.08130357
138,2.35724967192602,15,0.08132295
139,2.36701559495834,0,0.08107718
139,2.36701559495834,1,0.08135926
139,2.36701559495834,2,0.08090483
139,2.36701559495834,3,0.08115409
139,2.36701559495834,4,0.08114003
139,2.36701559495834,5,0.08141436
139,2.36701559495834,6,0.08136284
139,2.36701559495834,7,0.0810802
139,2.36701559495834,8,0.08120254
139,2.36701559495834,9,0.08104007
139,2.36701559495834,10,0.08107483
139,2.36701559495834,11,0.08115543
139,2.36701559495834,12,0.08116556
139,2.36701559495834,13,0.08094937
139,2.36701559495834,14,0.08114262
139,2.36701559495834,15,0.08119181
140,2.3780022583697,0,0.08130441
140,2.3780022583697,1,0.08130449
140,2.3780022583697,2,0.08129214
140,2.3780022583697,3,0.08128966
140,2.3780022583697,4,0.08089398
140,2.3780022583697,5,0.08091024
140,2.3780022583697,6,0.08123009
140,2.3780022583697,7,0.08103839
140,2.3780022583697,8,0.08124453
140,2.3780022583697,9,0.08112821
140,2.3780022583697,10,0.08146021
140,2.3780022583697,11,0.08176596
140,2.3780022583697,12,0.08144444
140,2.3780022583697,13,0.08157948
140,2.3780022583697,14,0.0814762
140,2.3780022583697,15,0.08128121
141,2.3871578112125,0,0.08123428
141,2.3871578112125,1,0.08102255
141,2.3871578112125,2,0.08109377
141,2.3871578112125,3,0.08087277
141,2.3871578112125,4,0.08095835
141,2.3871578112125,5,0.08121411
141,2.3871578112125,6,0.0809133
141,2.3871578112125,7,0.081116
141,2.3871578112125,8,0.08103897
141,2.3871578112125,9,0.08104417
141,2.3871578112125,10,0.08081958
141,2.3871578112125,11,0.08107132
141,2.3871578112125,12,0.08119802
141,2.3871578112125,13,0.08089207
141,2.3871578112125,14,0.0809896
141,2.3871578112125,15,0.08099392
142,2.39692373424482,0,0.08078143
142,2.39692373424482,1,0.08079724
142,2.39692373424482,2,0.08100998
142,2.39692373424482,3,0.08093088
142,2.39692373424482,4,0.0806396
142,2.39692373424482,5,0.08056679
142,2.39692373424482,6,0.08048412
142,2.39692373424482,7,0.08070739
142,2.39692373424482,8,0.08065686
142,2.39692373424482,9,0.08035769
142,2.39692373424482,10,0.08080581
142,2.39692373424482,11,0.0809597
142,2.39692373424482,12,0.08053625
142,2.39692373424482,13,0.0809321
142,2.39692373424482,14,0.0808747
142,2.39692373424482,15,0.08083642
143,2.40730002746666,0,0.08066847
143,2.40730002746666,1,0.08062759
143,2.40730002746666,2,0.08067051
143,2.40730002746666,3,0.08090647
143,2.40730002746666,4,0.0808671
143,2.40730002746666,5,0.08074801
143,2.40730002746666,6,0.08103555
143,2.40730002746666,7,0.08067672
143,2.40730002746666,8,0.08066848
143,2.40730002746666,9,0.08080464
143,2.40730002746666,10,0.08085725
143,2.40730002746666,11,0.08077808
143,2.40730002746666,12,0.08072543
143,2.40730002746666,13,0.08070531
143,2.40730002746666,14,0.08093584
143,2.40730002746666,15,0.08088389
144,2.41706595049898,0,0.08084898
144,2.41706595049898,1,0.08109907
144,2.41706595049898,2,0.08087468
144,2.41706595049898,3,0.080774
144,2.41706595049898,4,0.08079248
144,2.41706595049898,5,0.08095571
144,2.41706595049898,6,0.08079352
144,2.41706595049898,7,0.08061968
144,2.41706595049898,8,0.0809486
144,2.41706595049898,9,0.08038608
144,2.41706595049898,10,0.0805852
144,2.41706595049898,11,0.08069188
144,2.41706595049898,12,0.08110627
144,2.41706595049898,13,0.08080744
144,2.41706595049898,14,0.08093102
144,2.41706595049898,15,0.08089665
145,2.42744224372082,0,0.08074616
145,2.42744224372082,1,0.08086248
145,2.42744224372082,2,0.08098274
145,2.42744224372082,3,0.08112128
145,2.42744224372082,4,0.08093668
145,2.42744224372082,5,0.08097325
145,2.42744224372082,6,0.08104148
145,2.42744224372082,7,0.08082556
145,2.42744224372082,8,0.0808945
145,2.42744224372082,9,0.08087468
145,2.42744224372082,10,0.08109351
145,2.42744224372082,11,0.08057367
145,2.42744224372082,12,0.0809095
145,2.42744224372082,13,0.08102847
145,2.42744224372082,14,0.08098116
145,2.42744224372082,15,0.0811271
146,2.43781853694266,0,0.08111069
146,2.43781853694266,1,0.08092558
146,2.43781853694266,2,0.0811446
146,2.43781853694266,3,0.08091097
146,2.43781853694266,4,0.08088595
146,2.43781853694266,5,0.08119474
146,2.43781853694266,6,0.08089441
146,2.43781853694266,7,0.08091237
146,2.43781853694266,8,0.08079379
146,2.43781853694266,9,0.08084185
146,2.43781853694266,10,0.08083381
146,2.43781853694266,11,0.08080085
146,2.43781853694266,12,0.08078001
146,2.43781853694266,13,0.08063404
146,2.43781853694266,14,0.08052585
146,2.43781853694266,15,0.08109417
147,2.44697408978546,0,0.08061157
147,2.44697408978546,1,0.08093756
147,2.44697408978546,2,0.0808167
147,2.44697408978546,3,0.08083254
147,2.44697408978546,4,0.08072849
147,2.44697408978546,5,0.08052149
147,2.44697408978546,6,0.08064985
147,2.44697408978546,7,0.08079907
147,2.44697408978546,8,0.08085802
147,2.44697408978546,9,0.08094707
147,2.44697408978546,10,0.08089492
147,2.44697408978546,11,0.08088389
147,2.44697408978546,12,0.08098456
147,2.44697408978546,13,0.08087113
147,2.44697408978546,14,0.08090309
147,2.44697408978546,15,0.08104097
148,2.45735038300729,0,0.08070514
148,2.45735038300729,1,0.08078283
148,2.45735038300729,2,0.08065702
148,2.45735038300729,3,0.08073283
148,2.45735038300729,4,0.08088155
148,2.45735038300729,5,0.08038924
148,2.45735038300729,6,0.08069737
148,2.45735038300729,7,0.08076388
148,2.45735038300729,8,0.08099904
148,2.45735038300729,9,0.08059432
148,2.45735038300729,10,0.08051897
148,2.45735038300729,11,0.08036131
148,2.45735038300729,12,0.08039554
148,2.45735038300729,13,0.08039833
148,2.45735038300729,14,0.08060647
148,2.45735038300729,15,0.08057539
149,2.46711630603961,0,0.08068517
149,2.46711630603961,1,0.08043703
149,2.46711630603961,2,0.08061651
149,2.46711630603961,3,0.08057046
149,2.46711630603961,4,0.08070634
149,2.46711630603961,5,0.08047901
149,2.46711630603961,6,0.08055025
149,2.46711630603961,7,0.08077986
149,2.46711630603961,8,0.0806466
149,2.46711630603961,9,0.08070246
149,2.46711630603961,10,0.08031006
149,2.46711630603961,11,0.08051251
149,2.46711630603961,12,0.08056969
149,2.46711630603961,13,0.08057525
149,2.46711630603961,14,0.08069013
149,2.46711630603961,15,0.08084087
150,2.47749259926145,0,0.08071689
150,2.47749259926145,1,0.08097433
150,2.47749259926145,2,0.08056819
150,2.47749259926145,3,0.08072405
150,2.47749259926145,4,0.08101801
150,2.47749259926145,5,0.0808142
150,2.47749259926145,6,0.08077627
150,2.47749259926145,7,0.08046434
150,2.47749259926145,8,0.08076445
150,2.47749259926145,9,0.08071864
150,2.47749259926145,10,0.08085188
150,2.47749259926145,11,0.0806058
150,2.47749259926145,12,0.08085082
150,2.47749259926145,13,0.0807377
150,2.47749259926145,14,0.08070058
150,2.47749259926145,15,0.08075149
151,2.48725852229377,0,0.08106774
151,2.48725852229377,1,0.0811446
151,2.48725852229377,2,0.08066807
151,2.48725852229377,3,0.08069067
151,2.48725852229377,4,0.08070502
151,2.48725852229377,5,0.08091379
151,2.48725852229377,6,0.08101013
151,2.48725852229377,7,0.08100498
151,2.48725852229377,8,0.08078803
151,2.48725852229377,9,0.08072875
151,2.48725852229377,10,0.080766
151,2.48725852229377,11,0.08056908
151,2.48725852229377,12,0.08061106
151,2.48725852229377,13,0.08080061
151,2.48725852229377,14,0.08077025
151,2.48725852229377,15,0.08077516
152,2.49824518570513,0,0.08078659
152,2.49824518570513,1,0.08065365
152,2.49824518570513,2,0.08069185
152,2.49824518570513,3,0.08045258
152,2.49824518570513,4,0.08034734
152,2.49824518570513,5,0.08057382
152,2.49824518570513,6,0.0803884
152,2.49824518570513,7,0.0804098
152,2.49824518570513,8,0.08039109
152,2.49824518570513,9,0.08057193
152,2.49824518570513,10,0.08067708
152,2.49824518570513,11,0.0805803
152,2.49824518570513,12,0.08070283
152,2.49824518570513,13,0.0808046
152,2.49824518570513,14,0.08051798
152,2.49824518570513,15,0.0805025
153,2.50801110873745,0,0.08071516
153,2.50801110873745,1,0.08069075
153,2.50801110873745,2,0.08055356
153,2.50801110873745,3,0.08046726
153,2.50801110873745,4,0.0804184
153,2.50801110873745,5,0.08065771
153,2.50801110873745,6,0.0805306
153,2.50801110873745,7,0.08083195
153,2.50801110873745,8,0.08034935
153,2.50801110873745,9,0.08056332
153,2.50801110873745,10,0.08038631
153,2.50801110873745,11,0.08081102
153,2.50801110873745,12,0.08104003
153,2.50801110873745,13,0.08058959
153,2.50801110873745,14,0.08057
153,2.50801110873745,15,0.08076988
154,2.51838740195929,0,0.08084618
154,2.51838740195929,1,0.08068074
154,2.51838740195929,2,0.08064926
154,2.51838740195929,3,0.0806077
154,2.51838740195929,4,0.08083583
154,2.51838740195929,5,0.08080536
154,2.51838740195929,6,0.08068258
154,2.51838740195929,7,0.08074888
154,2.51838740195929,8,0.08075635
154,2.51838740195929,9,0.08078713
154,2.51838740195929,10,0.08070724
154,2.51838740195929,11,0.08096457
154,2.51838740195929,12,0.08081236
154,2.51838740195929,13,0.08057877
154,2.51838740195929,14,0.08088263
154,2.51838740195929,15,0.08058302
155,2.52815332499161,0,0.08037426
155,2.52815332499161,1,0.08078098
155,2.52815332499161,2,0.0807047
155,2.52815332499161,3,0.08103576
155,2.52815332499161,4,0.0806096
155,2.52815332499161,5,0.08059369
155,2.52815332499161,6,0.08117259
155,2.52815332499161,7,0.08078559
155,2.52815332499161,8,0.08069927
155,2.52815332499161,9,0.08083375
155,2.52815332499161,10,0.08100461
155,2.52815332499161,11,0.08101108
155,2.52815332499161,12,0.08069307
155,2.52815332499161,13,0.08083751
155,2.52815332499161,14,0.08071803
155,2.52815332499161,15,0.08057792
156,2.53852961821345,0,0.08072279
156,2.53852961821345,1,0.08080464
156,2.53852961821345,2,0.08081003
156,2.53852961821345,3,0.08083658
156,2.53852961821345,4,0.08059073
156,2.53852961821345,5,0.08075352
156,2.53852961821345,6,0.08052967
156,2.53852961821345,7,0.08067375
156,2.53852961821345,8,0.08054073
156,2.53852961821345,9,0.0806616
156,2.53852961821345,10,0.08049462
156,2.53852961821345,11,0.08061273
156,2.53852961821345,12,0.08062983
156,2.53852961821345,13,0.08067086
156,2.53852961821345,14,0.08080012
156,2.53852961821345,15,0.08078328
157,2.54829554124577,0,0.08062351
157,2.54829554124577,1,0.08074212
157,2.54829554124577,2,0.0806962
157,2.54829554124577,3,0.080682
157,2.54829554124577,4,0.08048972
157,2.54829554124577,5,0.08066159
157,2.54829554124577,6,0.08061324
157,2.54829554124577,7,0.0806638
157,2.54829554124577,8,0.08075815
157,2.54829554124577,9,0.08079754
157,2.54829554124577,10,0.08059724
157,2.54829554124577,11,0.08073308
157,2.54829554124577,12,0.08077756
157,2.54829554124577,13,0.08059598
157,2.54829554124577,14,0.08038983
157,2.54829554124577,15,0.08078828
158,2.55806146427808,0,0.08060763
158,2.55806146427808,1,0.0805717
158,2.55806146427808,2,0.08060545
158,2.55806146427808,3,0.08068666
158,2.55806146427808,4,0.08067154
158,2.55806146427808,5,0.0808109
158,2.55806146427808,6,0.08068054
158,2.55806146427808,7,0.08086974
158,2.55806146427808,8,0.08088706
158,2.55806146427808,9,0.08063177
158,2.55806146427808,10,0.08067802
158,2.55806146427808,11,0.0806203
158,2.55806146427808,12,0.08057984
158,2.55806146427808,13,0.08066458
158,2.55806146427808,14,0.08038298
158,2.55806146427808,15,0.08051211
159,2.56843775749992,0,0.08026443
159,2.56843775749992,1,0.08065075
159,2.56843775749992,2,0.08076732
159,2.56843775749992,3,0.08075069
159,2.56843775749992,4,0.08071435
159,2.56843775749992,5,0.08036567
159,2.56843775749992,6,0.08059644
159,2.56843775749992,7,0.0808122
159,2.56843775749992,8,0.08048954
159,2.56843775749992,9,0.08057565
159,2.56843775749992,10,0.0805509
159,2.56843775749992,11,0.08062558
159,2.56843775749992,12,0.08034316
159,2.56843775749992,13,0.08071455
159,2.56843775749992,14,0.08072068
159,2.56843775749992,15,0.08081847
160,2.57759331034272,0,0.08088885
160,2.57759331034272,1,0.08079866
160,2.57759331034272,2,0.08098122
160,2.57759331034272,3,0.08084971
160,2.57759331034272,4,0.08109012
160,2.57759331034272,5,0.08072091
160,2.57759331034272,6,0.0809119
160,2.57759331034272,7,0.08101712
160,2.57759331034272,8,0.08057918
160,2.57759331034272,9,0.08074398
160,2.57759331034272,10,0.08087844
160,2.57759331034272,11,0.08089972
160,2.57759331034272,12,0.08091953
160,2.57759331034272,13,0.08084284
160,2.57759331034272,14,0.08077242
160,2.57759331034272,15,0.08076583
161,2.58796960356456,0,0.08098239
161,2.58796960356456,1,0.0807486
161,2.58796960356456,2,0.08114567
161,2.58796960356456,3,0.08090367
161,2.58796960356456,4,0.08079852
161,2.58796960356456,5,0.08083664
161,2.58796960356456,6,0.08115028
161,2.58796960356456,7,0.08098682
161,2.58796960356456,8,0.0812455
161,2.58796960356456,9,0.08106906
161,2.58796960356456,10,0.08111268
161,2.58796960356456,11,0.08133856
161,2.58796960356456,12,0.08101332
161,2.58796960356456,13,0.0811668
161,2.58796960356456,14,0.08085541
161,2.58796960356456,15,0.08104103
162,2.5983458967864,0,0.08098663
162,2.5983458967864,1,0.0810547
162,2.5983458967864,2,0.08097304
162,2.5983458967864,3,0.08110061
162,2.5983458967864,4,0.08090502
162,2.5983458967864,5,0.08076976
162,2.5983458967864,6,0.08102088
162,2.5983458967864,7,0.08111136
162,2.5983458967864,8,0.08125327
162,2.5983458967864,9,0.08125006
162,2.5983458967864,10,0.08110473
162,2.5983458967864,11,0.08122218
162,2.5983458967864,12,0.08118324
162,2.5983458967864,13,0.08108917
162,2.5983458967864,14,0.08106309
162,2.5983458967864,15,0.08112364
163,2.60872219000824,0,0.08094388
163,2.60872219000824,1,0.08081384
163,2.60872219000824,2,0.08098479
163,2.60872219000824,3,0.08063158
163,2.60872219000824,4,0.080646
163,2.60872219000824,5,0.08061646
163,2.60872219000824,6,0.08059705
163,2.60872219000824,7,0.08075718
163,2.60872219000824,8,0.08087236
163,2.60872219000824,9,0.08091361
163,2.60872219000824,10,0.08107406
163,2.60872219000824,11,0.08097734
163,2.60872219000824,12,0.08082785
163,2.60872219000824,13,0.08096866
163,2.60872219000824,14,0.08072079
163,2.60872219000824,15,0.08070306
164,2.61787774285104,0,0.08099817
164,2.61787774285104,1,0.08098257
164,2.61787774285104,2,0.08059555
164,2.61787774285104,3,0.08049938
164,2.61787774285104,4,0.08082081
164,2.61787774285104,5,0.08057754
164,2.61787774285104,6,0.0806587
164,2.61787774285104,7,0.08080719
164,2.61787774285104,8,0.08073221
164,2.61787774285104,9,0.08066744
164,2.61787774285104,10,0.08086227
164,2.61787774285104,11,0.08081545
164,2.61787774285104,12,0.08065537
164,2.61787774285104,13,0.08088188
164,2.61787774285104,14,0.08104341
164,2.61787774285104,15,0.08099981
165,2.6288644062624,0,0.08094144
165,2.6288644062624,1,0.08091735
165,2.6288644062624,2,0.08108274
165,2.6288644062624,3,0.08115491
165,2.6288644062624,4,0.08088449
165,2.6288644062624,5,0.08091944
165,2.6288644062624,6,0.08071305
165,2.6288644062624,7,0.08084093
165,2.6288644062624,8,0.08091167
165,2.6288644062624,9,0.08106184
165,2.6288644062624,10,0.08075531
165,2.6288644062624,11,0.08099708
165,2.6288644062624,12,0.08067673
165,2.6288644062624,13,0.08124436
165,2.6288644062624,14,0.0808454
165,2.6288644062624,15,0.08108365
166,2.63863032929472,0,0.08101998
166,2.63863032929472,1,0.08131288
166,2.63863032929472,2,0.08103905
166,2.63863032929472,3,0.08100257
166,2.63863032929472,4,0.08138777
166,2.63863032929472,5,0.08108646
166,2.63863032929472,6,0.08071817
166,2.63863032929472,7,0.08081441
166,2.63863032929472,8,0.08128042
166,2.63863032929472,9,0.08125979
166,2.63863032929472,10,0.0810426
166,2.63863032929472,11,0.08118767
166,2.63863032929472,12,0.0811932
166,2.63863032929472,13,0.0810845
166,2.63863032929472,14,0.08135471
166,2.63863032929472,15,0.08122177
167,2.64778588213752,0,0.08107458
167,2.64778588213752,1,0.08090599
167,2.64778588213752,2,0.08097321
167,2.64778588213752,3,0.08075634
167,2.64778588213752,4,0.08087217
167,2.64778588213752,5,0.08085714
167,2.64778588213752,6,0.08132533
167,2.64778588213752,7,0.08117183
167,2.64778588213752,8,0.08100428
167,2.64778588213752,9,0.08094812
167,2.64778588213752,10,0.08117604
167,2.64778588213752,11,0.08105139
167,2.64778588213752,12,0.0810078
167,2.64778588213752,13,0.08122256
167,2.64778588213752,14,0.08112098
167,2.64778588213752,15,0.08098226
168,2.65816217535936,0,0.08152965
168,2.65816217535936,1,0.08105332
168,2.65816217535936,2,0.08129125
168,2.65816217535936,3,0.08132962
168,2.65816217535936,4,0.08155023
168,2.65816217535936,5,0.08115429
168,2.65816217535936,6,0.08117785
168,2.65816217535936,7,0.08150054
168,2.65816217535936,8,0.08154675
168,2.65816217535936,9,0.08160328
168,2.65816217535936,10,0.08152261
168,2.65816217535936,11,0.08118214
168,2.65816217535936,12,0.08137916
168,2.65816217535936,13,0.0816655
168,2.65816217535936,14,0.08143247
168,2.65816217535936,15,0.08146483
169,2.66792809839167,0,0.08148985
169,2.66792809839167,1,0.08119751
169,2.66792809839167,2,0.08141052
169,2.66792809839167,3,0.08135903
169,2.66792809839167,4,0.08116828
169,2.66792809839167,5,0.08132774
169,2.66792809839167,6,0.08127467
169,2.66792809839167,7,0.08142322
169,2.66792809839167,8,0.08131423
169,2.66792809839167,9,0.0811602
169,2.66792809839167,10,0.08108467
169,2.66792809839167,11,0.08105269
169,2.66792809839167,12,0.08155935
169,2.66792809839167,13,0.08134062
169,2.66792809839167,14,0.08144521
169,2.66792809839167,15,0.08131056
170,2.67769402142399,0,0.08113364
170,2.67769402142399,1,0.08113026
170,2.67769402142399,2,0.08128767
170,2.67769402142399,3,0.0811028
170,2.67769402142399,4,0.08123074
170,2.67769402142399,5,0.08122611
170,2.67769402142399,6,0.08101409
170,2.67769402142399,7,0.08099888
170,2.67769402142399,8,0.08116385
170,2.67769402142399,9,0.08097509
170,2.67769402142399,10,0.08119548
170,2.67769402142399,11,0.08122524
170,2.67769402142399,12,0.08104268
170,2.67769402142399,13,0.08091766
170,2.67769402142399,14,0.08087433
170,2.67769402142399,15,0.08131456
171,2.68807031464583,0,0.08150354
171,2.68807031464583,1,0.0812021
171,2.68807031464583,2,0.08127702
171,2.68807031464583,3,0.08141973
171,2.68807031464583,4,0.08137733
171,2.68807031464583,5,0.08136312
171,2.68807031464583,6,0.08139961
171,2.68807031464583,7,0.08126477
171,2.68807031464583,8,0.08154161
171,2.68807031464583,9,0.08130228
171,2.68807031464583,10,0.0812781
171,2.68807031464583,11,0.08102623
171,2.68807031464583,12,0.08106599
171,2.68807031464583,13,0.08132929
171,2.68807031464583,14,0.08132003
171,2.68807031464583,15,0.08131167
172,2.69844660786767,0,0.0807307
172,2.69844660786767,1,0.08106194
172,2.69844660786767,2,0.08095708
172,2.69844660786767,3,0.08075588
172,2.69844660786767,4,0.08084361
172,2.69844660786767,5,0.08096179
172,2.69844660786767,6,0.08099868
172,2.69844660786767,7,0.08077398
172,2.69844660786767,8,0.0810039
172,2.69844660786767,9,0.08095346
172,2.69844660786767,10,0.08129001
172,2.69844660786767,11,0.08135113
172,2.69844660786767,12,0.08107742
172,2.69844660786767,13,0.08122013
172,2.69844660786767,14,0.08078799
172,2.69844660786767,15,0.08073168
173,2.70760216071047,0,0.08086783
173,2.70760216071047,1,0.08119349
173,2.70760216071047,2,0.08105709
173,2.70760216071047,3,0.08104374
173,2.70760216071047,4,0.08082253
173,2.70760216071047,5,0.08085306
173,2.70760216071047,6,0.08095451
173,2.70760216071047,7,0.08080898
173,2.70760216071047,8,0.0810237
173,2.70760216071047,9,0.08087814
173,2.70760216071047,10,0.08095238
173,2.70760216071047,11,0.08090001
173,2.70760216071047,12,0.08121713
173,2.70760216071047,13,0.08095831
173,2.70760216071047,14,0.0810734
173,2.70760216071047,15,0.08112663
174,2.71858882412183,0,0.08128142
174,2.71858882412183,1,0.08096258
174,2.71858882412183,2,0.08138895
174,2.71858882412183,3,0.08104078
174,2.71858882412183,4,0.08111338
174,2.71858882412183,5,0.08152156
174,2.71858882412183,6,0.08127766
174,2.71858882412183,7,0.0812027
174,2.71858882412183,8,0.08129613
174,2.71858882412183,9,0.08137137
174,2.71858882412183,10,0.08121303
174,2.71858882412183,11,0.0809415
174,2.71858882412183,12,0.08139244
174,2.71858882412183,13,0.08120517
174,2.71858882412183,14,0.08105638
174,2.71858882412183,15,0.08114746
175,2.72774437696463,0,0.0814807
175,2.72774437696463,1,0.08144233
175,2.72774437696463,2,0.08134197
175,2.72774437696463,3,0.08146462
175,2.72774437696463,4,0.08145454
175,2.72774437696463,5,0.08131563
175,2.72774437696463,6,0.08144345
175,2.72774437696463,7,0.08113109
175,2.72774437696463,8,0.08133259
175,2.72774437696463,9,0.08133256
175,2.72774437696463,10,0.0815473
175,2.72774437696463,11,0.08145423
175,2.72774437696463,12,0.08143668
175,2.72774437696463,13,0.08117643
175,2.72774437696463,14,0.08124653
175,2.72774437696463,15,0.08111037
176,2.73751029999695,0,0.08097526
176,2.73751029999695,1,0.08085878
176,2.73751029999695,2,0.08097271
176,2.73751029999695,3,0.08079011
176,2.73751029999695,4,0.08100841
176,2.73751029999695,5,0.08077767
176,2.73751029999695,6,0.08092085
176,2.73751029999695,7,0.08099606
176,2.73751029999695,8,0.08116595
176,2.73751029999695,9,0.08122584
176,2.73751029999695,10,0.08100932
176,2.73751029999695,11,0.08109973
176,2.73751029999695,12,0.08091402
176,2.73751029999695,13,0.08094165
176,2.73751029999695,14,0.08118917
176,2.73751029999695,15,0.08101486
177,2.74788659321879,0,0.08097829
177,2.74788659321879,1,0.08083997
177,2.74788659321879,2,0.0808216
177,2.74788659321879,3,0.08082863
177,2.74788659321879,4,0.08095764
177,2.74788659321879,5,0.08109821
177,2.74788659321879,6,0.0810199
177,2.74788659321879,7,0.08108873
177,2.74788659321879,8,0.0809133
177,2.74788659321879,9,0.08104194
177,2.74788659321879,10,0.08094151
177,2.74788659321879,11,0.08088622
177,2.74788659321879,12,0.08128385
177,2.74788659321879,13,0.08075675
177,2.74788659321879,14,0.0808945
177,2.74788659321879,15,0.08103235
178,2.75765251625111,0,0.08076669
178,2.75765251625111,1,0.0810968
178,2.75765251625111,2,0.0807538
178,2.75765251625111,3,0.08111063
178,2.75765251625111,4,0.08086675
178,2.75765251625111,5,0.08078833
178,2.75765251625111,6,0.08079992
178,2.75765251625111,7,0.08066056
178,2.75765251625111,8,0.08090398
178,2.75765251625111,9,0.08046202
178,2.75765251625111,10,0.08057245
178,2.75765251625111,11,0.08062982
178,2.75765251625111,12,0.08059315
178,2.75765251625111,13,0.08053017
178,2.75765251625111,14,0.08070032
178,2.75765251625111,15,0.08058862
179,2.76802880947295,0,0.08077314
179,2.76802880947295,1,0.08084638
179,2.76802880947295,2,0.08060656
179,2.76802880947295,3,0.08092826
179,2.76802880947295,4,0.08090593
179,2.76802880947295,5,0.08091411
179,2.76802880947295,6,0.08089221
179,2.76802880947295,7,0.08066664
179,2.76802880947295,8,0.0806682
179,2.76802880947295,9,0.08088446
179,2.76802880947295,10,0.08099085
179,2.76802880947295,11,0.08076829
179,2.76802880947295,12,0.08055381
179,2.76802880947295,13,0.08064244
179,2.76802880947295,14,0.08084998
179,2.76802880947295,15,0.08072384
180,2.77779473250526,0,0.08095067
180,2.77779473250526,1,0.08107529
180,2.77779473250526,2,0.08120529
180,2.77779473250526,3,0.08118162
180,2.77779473250526,4,0.08092754
180,2.77779473250526,5,0.08067745
180,2.77779473250526,6,0.08084679
180,2.77779473250526,7,0.08074576
180,2.77779473250526,8,0.08101438
180,2.77779473250526,9,0.08081836
180,2.77779473250526,10,0.08093441
180,2.77779473250526,11,0.08086075
180,2.77779473250526,12,0.08090618
180,2.77779473250526,13,0.08072279
180,2.77779473250526,14,0.08033367
180,2.77779473250526,15,0.08041043
181,2.78756065553758,0,0.08078976
181,2.78756065553758,1,0.08078078
181,2.78756065553758,2,0.08062618
181,2.78756065553758,3,0.0804461
181,2.78756065553758,4,0.0805203
181,2.78756065553758,5,0.08053818
181,2.78756065553758,6,0.08051188
181,2.78756065553758,7,0.08066142
181,2.78756065553758,8,0.08062561
181,2.78756065553758,9,0.08062065
181,2.78756065553758,10,0.08035718
181,2.78756065553758,11,0.08043928
181,2.78756065553758,12,0.08047833
181,2.78756065553758,13,0.0810155
181,2.78756065553758,14,0.08084079
181,2.78756065553758,15,0.0805122
182,2.79793694875942,0,0.08049837
182,2.79793694875942,1,0.08057503
182,2.79793694875942,2,0.0803219
182,2.79793694875942,3,0.08038814
182,2.79793694875942,4,0.08054256
182,2.79793694875942,5,0.08053596
182,2.79793694875942,6,0.08034009
182,2.79793694875942,7,0.08063381
182,2.79793694875942,8,0.08058947
182,2.79793694875942,9,0.08048866
182,2.79793694875942,10,0.08061073
182,2.79793694875942,11,0.08031648
182,2.79793694875942,12,0.08040188
182,2.79793694875942,13,0.08033111
182,2.79793694875942,14,0.08050658
182,2.79793694875942,15,0.08045533
183,2.80770287179174,0,0.0808195
183,2.80770287179174,1,0.08095562
183,2.80770287179174,2,0.08059833
183,2.80770287179174,3,0.08054517
183,2.80770287179174,4,0.08054873
183,2.80770287179174,5,0.08068856
183,2.80770287179174,6,0.08074046
183,2.80770287179174,7,0.08075563
183,2.80770287179174,8,0.08057706
183,2.80770287179174,9,0.08051862
183,2.80770287179174,10,0.08048458
183,2.80770287179174,11,0.08056593
183,2.80770287179174,12,0.08056152
183,2.80770287179174,13,0.08075919
183,2.80770287179174,14,0.08083062
183,2.80770287179174,15,0.08060671
184,2.81807916501358,0,0.08067999
184,2.81807916501358,1,0.08036515
184,2.81807916501358,2,0.08040398
184,2.81807916501358,3,0.08094876
184,2.81807916501358,4,0.08057391
184,2.81807916501358,5,0.08068281
184,2.81807916501358,6,0.08073015
184,2.81807916501358,7,0.08065959
184,2.81807916501358,8,0.08064422
184,2.81807916501358,9,0.080694
184,2.81807916501358,10,0.08054554
184,2.81807916501358,11,0.08079867
184,2.81807916501358,12,0.08071051
184,2.81807916501358,13,0.08094436
184,2.81807916501358,14,0.08058618
184,2.81807916501358,15,0.08085244
185,2.8278450880459,0,0.08050232
185,2.8278450880459,1,0.0807486
185,2.8278450880459,2,0.08053122
185,2.8278450880459,3,0.0807503
185,2.8278450880459,4,0.08046313
185,2.8278450880459,5,0.08047044
185,2.8278450880459,6,0.08024213
185,2.8278450880459,7,0.08037148
185,2.8278450880459,8,0.08055647
185,2.8278450880459,9,0.08059066
185,2.8278450880459,10,0.08036675
185,2.8278450880459,11,0.08036087
185,2.8278450880459,12,0.08038284
185,2.8278450880459,13,0.08030699
185,2.8278450880459,14,0.08050939
185,2.8278450880459,15,0.08032646
186,2.83761101107822,0,0.08067439
186,2.83761101107822,1,0.08041063
186,2.83761101107822,2,0.08079825
186,2.83761101107822,3,0.08076549
186,2.83761101107822,4,0.08095107
186,2.83761101107822,5,0.08058
186,2.83761101107822,6,0.08080788
186,2.83761101107822,7,0.0806051
186,2.83761101107822,8,0.08046135
186,2.83761101107822,9,0.08035471
186,2.83761101107822,10,0.08052503
186,2.83761101107822,11,0.08043511
186,2.83761101107822,12,0.08009915
186,2.83761101107822,13,0.08043638
186,2.83761101107822,14,0.08027583
186,2.83761101107822,15,0.08057422
187,2.84859767448958,0,0.08032767
187,2.84859767448958,1,0.08037243
187,2.84859767448958,2,0.08046714
187,2.84859767448958,3,0.08036795
187,2.84859767448958,4,0.08027247
187,2.84859767448958,5,0.08032142
187,2.84859767448958,6,0.08040679
187,2.84859767448958,7,0.08050405
187,2.84859767448958,8,0.08059031
187,2.84859767448958,9,0.08064385
187,2.84859767448958,10,0.08059113
187,2.84859767448958,11,0.0806893
187,2.84859767448958,12,0.08040781
187,2.84859767448958,13,0.08044584
187,2.84859767448958,14,0.08049063
187,2.84859767448958,15,0.08026478
188,2.85775322733238,0,0.0809017
188,2.85775322733238,1,0.08068831
188,2.85775322733238,2,0.08068561
188,2.85775322733238,3,0.08082541
188,2.85775322733238,4,0.08066523
188,2.85775322733238,5,0.08088012
188,2.85775322733238,6,0.08062218
188,2.85775322733238,7,0.08076747
188,2.85775322733238,8,0.08085144
188,2.85775322733238,9,0.0807591
188,2.85775322733238,10,0.08063361
188,2.85775322733238,11,0.08083926
188,2.85775322733238,12,0.08069333
188,2.85775322733238,13,0.08062894
188,2.85775322733238,14,0.08085464
188,2.85775322733238,15,0.0807894
189,2.8675191503647,0,0.08046075
189,2.8675191503647,1,0.08043607
189,2.8675191503647,2,0.08044711
189,2.8675191503647,3,0.08067186
189,2.8675191503647,4,0.08040248
189,2.8675191503647,5,0.08065744
189,2.8675191503647,6,0.08077674
189,2.8675191503647,7,0.08066294
189,2.8675191503647,8,0.08061841
189,2.8675191503647,9,0.08085374
189,2.8675191503647,10,0.08063157
189,2.8675191503647,11,0.08052438
189,2.8675191503647,12,0.08037318
189,2.8675191503647,13,0.08049
189,2.8675191503647,14,0.08039376
189,2.8675191503647,15,0.08076642
190,2.87850581377606,0,0.08040908
190,2.87850581377606,1,0.08044787
190,2.87850581377606,2,0.08055162
190,2.87850581377606,3,0.08061388
190,2.87850581377606,4,0.08059028
190,2.87850581377606,5,0.08054374
190,2.87850581377606,6,0.08052596
190,2.87850581377606,7,0.08020887
190,2.87850581377606,8,0.0805249
190,2.87850581377606,9,0.08052504
190,2.87850581377606,10,0.08057422
190,2.87850581377606,11,0.08028778
190,2.87850581377606,12,0.08046124
190,2.87850581377606,13,0.08064869
190,2.87850581377606,14,0.08045748
190,2.87850581377606,15,0.08045539
191,2.88827173680837,0,0.08004367
191,2.88827173680837,1,0.08018044
191,2.88827173680837,2,0.08030372
191,2.88827173680837,3,0.08038408
191,2.88827173680837,4,0.08039147
191,2.88827173680837,5,0.08044066
191,2.88827173680837,6,0.08042768
191,2.88827173680837,7,0.08026019
191,2.88827173680837,8,0.08040325
191,2.88827173680837,9,0.08035718
191,2.88827173680837,10,0.08031534
191,2.88827173680837,11,0.08044607
191,2.88827173680837,12,0.08047116
191,2.88827173680837,13,0.08054861
191,2.88827173680837,14,0.08079642
191,2.88827173680837,15,0.08051747
192,2.89742728965117,0,0.08098467
192,2.89742728965117,1,0.08088151
192,2.89742728965117,2,0.08104163
192,2.89742728965117,3,0.08075824
192,2.89742728965117,4,0.08086877
192,2.89742728965117,5,0.08089197
192,2.89742728965117,6,0.08089774
192,2.89742728965117,7,0.08076485
192,2.89742728965117,8,0.08082768
192,2.89742728965117,9,0.08087233
192,2.89742728965117,10,0.08084676
192,2.89742728965117,11,0.08039302
192,2.89742728965117,12,0.0804732
192,2.89742728965117,13,0.08076864
192,2.89742728965117,14,0.08090191
192,2.89742728965117,15,0.0811004
193,2.90841395306253,0,0.08074225
193,2.90841395306253,1,0.08056717
193,2.90841395306253,2,0.08052108
193,2.90841395306253,3,0.08052617
193,2.90841395306253,4,0.08077347
193,2.90841395306253,5,0.08082689
193,2.90841395306253,6,0.08066297
193,2.90841395306253,7,0.08035906
193,2.90841395306253,8,0.08006185
193,2.90841395306253,9,0.08058688
193,2.90841395306253,10,0.08058762
193,2.90841395306253,11,0.08064552
193,2.90841395306253,12,0.08052365
193,2.90841395306253,13,0.08026633
193,2.90841395306253,14,0.08049685
193,2.90841395306253,15,0.0807092
194,2.91756950590533,0,0.08073699
194,2.91756950590533,1,0.08052111
194,2.91756950590533,2,0.0806043
194,2.91756950590533,3,0.08057731
194,2.91756950590533,4,0.08061323
194,2.91756950590533,5,0.08059128
194,2.91756950590533,6,0.0805261
194,2.91756950590533,7,0.08043931
194,2.91756950590533,8,0.08072742
194,2.91756950590533,9,0.08028907
194,2.91756950590533,10,0.08051255
194,2.91756950590533,11,0.08029567
194,2.91756950590533,12,0.0803683
194,2.91756950590533,13,0.08034654
194,2.91756950590533,14,0.08051128
194,2.91756950590533,15,0.08048341
195,2.92794579912717,0,0.08077616
195,2.92794579912717,1,0.08060963
195,2.92794579912717,2,0.08052378
195,2.92794579912717,3,0.08051667
195,2.92794579912717,4,0.08057024
195,2.92794579912717,5,0.08093271
195,2.92794579912717,6,0.08072374
195,2.92794579912717,7,0.08107219
195,2.92794579912717,8,0.08054288
195,2.92794579912717,9,0.08067342
195,2.92794579912717,10,0.08058075
195,2.92794579912717,11,0.08052661
195,2.92794579912717,12,0.08061912
195,2.92794579912717,13,0.08071714
195,2.92794579912717,14,0.08076626
195,2.92794579912717,15,0.08076716
196,2.93771172215949,0,0.08084163
196,2.93771172215949,1,0.08076864
196,2.93771172215949,2,0.08083469
196,2.93771172215949,3,0.08066051
196,2.93771172215949,4,0.08061083
196,2.93771172215949,5,0.0807745
196,2.93771172215949,6,0.08083112
196,2.93771172215949,7,0.08079287
196,2.93771172215949,8,0.08062096
196,2.93771172215949,9,0.08053859
196,2.93771172215949,10,0.08065885
196,2.93771172215949,11,0.08048843
196,2.93771172215949,12,0.08063187
196,2.93771172215949,13,0.08052404
196,2.93771172215949,14,0.08092567
196,2.93771172215949,15,0.08069403
197,2.94808801538133,0,0.08098819
197,2.94808801538133,1,0.08071187
197,2.94808801538133,2,0.08100386
197,2.94808801538133,3,0.08059323
197,2.94808801538133,4,0.0807384
197,2.94808801538133,5,0.08091228
197,2.94808801538133,6,0.08071221
197,2.94808801538133,7,0.08052352
197,2.94808801538133,8,0.0807145
197,2.94808801538133,9,0.0803051
197,2.94808801538133,10,0.08034866
197,2.94808801538133,11,0.08051244
197,2.94808801538133,12,0.08091259
197,2.94808801538133,13,0.08044156
197,2.94808801538133,14,0.0807822
197,2.94808801538133,15,0.0807533
198,2.95785393841365,0,0.08043474
198,2.95785393841365,1,0.08024434
198,2.95785393841365,2,0.08051232
198,2.95785393841365,3,0.08052266
198,2.95785393841365,4,0.08034298
198,2.95785393841365,5,0.08046858
198,2.95785393841365,6,0.08031496
198,2.95785393841365,7,0.08056384
198,2.95785393841365,8,0.08072075
198,2.95785393841365,9,0.08049551
198,2.95785393841365,10,0.08057465
198,2.95785393841365,11,0.08039078
198,2.95785393841365,12,0.08024041
198,2.95785393841365,13,0.08033891
198,2.95785393841365,14,0.08014509
198,2.95785393841365,15,0.08063846
199,2.96761986144597,0,0.08018748
199,2.96761986144597,1,0.08037785
199,2.96761986144597,2,0.08034395
199,2.96761986144597,3,0.08033668
199,2.96761986144597,4,0.08032064
199,2.96761986144597,5,0.08053898
199,2.96761986144597,6,0.0802565
199,2.96761986144597,7,0.0803558
199,2.96761986144597,8,0.07992311
199,2.96761986144597,9,0.08014724
199,2.96761986144597,10,0.08030037
199,2.96761986144597,11,0.08011578
199,2.96761986144597,12,0.08025564
199,2.96761986144597,13,0.08038221
199,2.96761986144597,14,0.08023129
199,2.96761986144597,15,0.08037988
200,2.97860652485733,0,0.08044311
200,2.97860652485733,1,0.08040452
200,2.97860652485733,2,0.08030108
200,2.97860652485733,3,0.08048211
200,2.97860652485733,4,0.08044165
200,2.97860652485733,5,0.08036426
200,2.97860652485733,6,0.08026828
200,2.97860652485733,7,0.08064017
200,2.97860652485733,8,0.08039497
200,2.97860652485733,9,0.08045123
200,2.97860652485733,10,0.08057295
200,2.97860652485733,11,0.08037857
200,2.97860652485733,12,0.08035104
200,2.97860652485733,13,0.08041653
200,2.97860652485733,14,0.08004912
200,2.97860652485733,15,0.08026651
