pos_index,position,sample_index,voltage
0,-0.00411999877925962,0,0.04719751
0,-0.00411999877925962,1,0.04718233
0,-0.00411999877925962,2,0.04751038
0,-0.00411999877925962,3,0.04747248
0,-0.00411999877925962,4,0.0474495
0,-0.00411999877925962,5,0.0470995
0,-0.00411999877925962,6,0.04742016
0,-0.00411999877925962,7,0.04712231
0,-0.00411999877925962,8,0.04705175
0,-0.00411999877925962,9,0.04729059
0,-0.00411999877925962,10,0.04691546
0,-0.00411999877925962,11,0.04701174
0,-0.00411999877925962,12,0.04706494
0,-0.00411999877925962,13,0.04708862
0,-0.00411999877925962,14,0.04712716
0,-0.00411999877925962,15,0.04721919
0,-0.00411999877925962,16,0.04746037
0,-0.00411999877925962,17,0.04721829
0,-0.00411999877925962,18,0.04736004
0,-0.00411999877925962,19,0.04763005
0,-0.00411999877925962,20,0.04777769
0,-0.00411999877925962,21,0.04788594
0,-0.00411999877925962,22,0.04754986
0,-0.00411999877925962,23,0.04750005
1,0.011215552232429,0,0.0472032
1,0.011215552232429,1,0.04709287
1,0.011215552232429,2,0.04729059
1,0.011215552232429,3,0.04729591
1,0.011215552232429,4,0.04727376
1,0.011215552232429,5,0.04695741
1,0.011215552232429,6,0.04752778
1,0.011215552232429,7,0.04746887
1,0.011215552232429,8,0.04728788
1,0.011215552232429,9,0.04707086
1,0.011215552232429,10,0.04723354
1,0.011215552232429,11,0.04700458
1,0.011215552232429,12,0.04720233
1,0.011215552232429,13,0.04730568
1,0.011215552232429,14,0.04674782
1,0.011215552232429,15,0.04728654
1,0.011215552232429,16,0.04752855
1,0.011215552232429,17,0.04708695
1,0.011215552232429,18,0.04732384
1,0.011215552232429,19,0.04753682
1,0.011215552232429,20,0.04737285
1,0.011215552232429,21,0.04737717
1,0.011215552232429,22,0.047388
1,0.011215552232429,23,0.04740821
2,0.0265511032441176,0,0.04729055
2,0.0265511032441176,1,0.04712709
2,0.0265511032441176,2,0.04727466
2,0.0265511032441176,3,0.04742715
2,0.0265511032441176,4,0.0477018
2,0.0265511032441176,5,0.04734291
2,0.0265511032441176,6,0.04733097
2,0.0265511032441176,7,0.04732612
2,0.0265511032441176,8,0.04743394
2,0.0265511032441176,9,0.0473407
2,0.0265511032441176,10,0.04712629
2,0.0265511032441176,11,0.04711113
2,0.0265511032441176,12,0.04680198
2,0.0265511032441176,13,0.0470267
2,0.0265511032441176,14,0.04691944
2,0.0265511032441176,15,0.04685126
2,0.0265511032441176,16,0.04700455
2,0.0265511032441176,17,0.04687314
2,0.0265511032441176,18,0.04742146
2,0.0265511032441176,19,0.04729554
2,0.0265511032441176,20,0.04723629
2,0.0265511032441176,21,0.04727352
2,0.0265511032441176,22,0.04702165
2,0.0265511032441176,23,0.04686809
3,0.0423444318979461,0,0.04730484
3,0.0423444318979461,1,0.04742534
3,0.0423444318979461,2,0.04710525
3,0.0423444318979461,3,0.04729387
3,0.0423444318979461,4,0.04733585
3,0.0423444318979461,5,0.04753571
3,0.0423444318979461,6,0.04751062
3,0.0423444318979461,7,0.04703289
3,0.0423444318979461,8,0.0472115
3,0.0423444318979461,9,0.0472026
3,0.0423444318979461,10,0.04709441
3,0.0423444318979461,11,0.04735522
3,0.0423444318979461,12,0.04706885
3,0.0423444318979461,13,0.04700378
3,0.0423444318979461,14,0.04712321
3,0.0423444318979461,15,0.04731106
3,0.0423444318979461,16,0.04743431
3,0.0423444318979461,17,0.04727255
3,0.0423444318979461,18,0.04691225
3,0.0423444318979461,19,0.04707387
3,0.0423444318979461,20,0.04688117
3,0.0423444318979461,21,0.04725459
3,0.0423444318979461,22,0.04707715
3,0.0423444318979461,23,0.04736004
4,0.0581377605517747,0,0.04730093
4,0.0581377605517747,1,0.04705774
4,0.0581377605517747,2,0.0473409
4,0.0581377605517747,3,0.04738302
4,0.0581377605517747,4,0.04713091
4,0.0581377605517747,5,0.04707799
4,0.0581377605517747,6,0.04726175
4,0.0581377605517747,7,0.04729999
4,0.0581377605517747,8,0.04744715
4,0.0581377605517747,9,0.04719531
4,0.0581377605517747,10,0.04736627
4,0.0581377605517747,11,0.04731089
4,0.0581377605517747,12,0.04724954
4,0.0581377605517747,13,0.04732879
4,0.0581377605517747,14,0.04716831
4,0.0581377605517747,15,0.04725001
4,0.0581377605517747,16,0.04726171
4,0.0581377605517747,17,0.04716319
4,0.0581377605517747,18,0.0472848
4,0.0581377605517747,19,0.04749335
4,0.0581377605517747,20,0.0469643
4,0.0581377605517747,21,0.04717035
4,0.0581377605517747,22,0.04706577
4,0.0581377605517747,23,0.04734682
5,0.0741599780266732,0,0.04749857
5,0.0741599780266732,1,0.04752212
5,0.0741599780266732,2,0.04724977
5,0.0741599780266732,3,0.04754042
5,0.0741599780266732,4,0.0476612
5,0.0741599780266732,5,0.04748245
5,0.0741599780266732,6,0.04747743
5,0.0741599780266732,7,0.04749152
5,0.0741599780266732,8,0.04761697
5,0.0741599780266732,9,0.04753748
5,0.0741599780266732,10,0.04770238
5,0.0741599780266732,11,0.04771308
5,0.0741599780266732,12,0.04767923
5,0.0741599780266732,13,0.04754758
5,0.0741599780266732,14,0.04784958
5,0.0741599780266732,15,0.04765822
5,0.0741599780266732,16,0.04738821
5,0.0741599780266732,17,0.04765196
5,0.0741599780266732,18,0.04771816
5,0.0741599780266732,19,0.04748619
5,0.0741599780266732,20,0.04773644
5,0.0741599780266732,21,0.04783576
5,0.0741599780266732,22,0.04741012
5,0.0741599780266732,23,0.04721511
6,0.0899533066805017,0,0.04697866
6,0.0899533066805017,1,0.04729802
6,0.0899533066805017,2,0.04712425
6,0.0899533066805017,3,0.04733361
6,0.0899533066805017,4,0.04745117
6,0.0899533066805017,5,0.04730488
6,0.0899533066805017,6,0.04753664
6,0.0899533066805017,7,0.04739607
6,0.0899533066805017,8,0.04738891
6,0.0899533066805017,9,0.04784171
6,0.0899533066805017,10,0.04775235
6,0.0899533066805017,11,0.04771737
6,0.0899533066805017,12,0.04736867
6,0.0899533066805017,13,0.04747161
6,0.0899533066805017,14,0.04760727
6,0.0899533066805017,15,0.04725044
6,0.0899533066805017,16,0.04740721
6,0.0899533066805017,17,0.0474676
6,0.0899533066805017,18,0.0474883
6,0.0899533066805017,19,0.04734394
6,0.0899533066805017,20,0.047312
6,0.0899533066805017,21,0.0472957
6,0.0899533066805017,22,0.04719728
6,0.0899533066805017,23,0.04735773
7,0.10505996887112,0,0.04719949
7,0.10505996887112,1,0.04720956
7,0.10505996887112,2,0.04734227
7,0.10505996887112,3,0.04686762
7,0.10505996887112,4,0.04716814
7,0.10505996887112,5,0.04748536
7,0.10505996887112,6,0.04732872
7,0.10505996887112,7,0.04716219
7,0.10505996887112,8,0.04751028
7,0.10505996887112,9,0.04740725
7,0.10505996887112,10,0.04750858
7,0.10505996887112,11,0.04745943
7,0.10505996887112,12,0.04755291
7,0.10505996887112,13,0.0471471
7,0.10505996887112,14,0.04752668
7,0.10505996887112,15,0.04728483
7,0.10505996887112,16,0.04747917
7,0.10505996887112,17,0.04763085
7,0.10505996887112,18,0.04746428
7,0.10505996887112,19,0.04740286
7,0.10505996887112,20,0.04718547
7,0.10505996887112,21,0.04761596
7,0.10505996887112,22,0.04717835
7,0.10505996887112,23,0.04764497
8,0.120853297524949,0,0.04754976
8,0.120853297524949,1,0.04759901
8,0.120853297524949,2,0.04760863
8,0.120853297524949,3,0.04758371
8,0.120853297524949,4,0.04740922
8,0.120853297524949,5,0.04730547
8,0.120853297524949,6,0.04730367
8,0.120853297524949,7,0.04737991
8,0.120853297524949,8,0.04772342
8,0.120853297524949,9,0.04740808
8,0.120853297524949,10,0.04776835
8,0.120853297524949,11,0.04795824
8,0.120853297524949,12,0.04773208
8,0.120853297524949,13,0.04791695
8,0.120853297524949,14,0.04758077
8,0.120853297524949,15,0.0476167
8,0.120853297524949,16,0.04771934
8,0.120853297524949,17,0.04777845
8,0.120853297524949,18,0.04730377
8,0.120853297524949,19,0.04744268
8,0.120853297524949,20,0.04729059
8,0.120853297524949,21,0.04747546
8,0.120853297524949,22,0.04759689
8,0.120853297524949,23,0.04772941
9,0.136646626178777,0,0.04770823
9,0.136646626178777,1,0.04741707
9,0.136646626178777,2,0.04724004
9,0.136646626178777,3,0.04752072
9,0.136646626178777,4,0.04779749
9,0.136646626178777,5,0.04768204
9,0.136646626178777,6,0.04766441
9,0.136646626178777,7,0.04753651
9,0.136646626178777,8,0.04755371
9,0.136646626178777,9,0.04770225
9,0.136646626178777,10,0.04793806
9,0.136646626178777,11,0.04783864
9,0.136646626178777,12,0.04756682
9,0.136646626178777,13,0.04732066
9,0.136646626178777,14,0.04741032
9,0.136646626178777,15,0.04744535
9,0.136646626178777,16,0.04705905
9,0.136646626178777,17,0.04759676
9,0.136646626178777,18,0.04750847
9,0.136646626178777,19,0.0474412
9,0.136646626178777,20,0.04730795
9,0.136646626178777,21,0.04753952
9,0.136646626178777,22,0.04779569
9,0.136646626178777,23,0.04773941
10,0.152439954832606,0,0.04781375
10,0.152439954832606,1,0.04776323
10,0.152439954832606,2,0.04774252
10,0.152439954832606,3,0.04760683
10,0.152439954832606,4,0.04747304
10,0.152439954832606,5,0.04751259
10,0.152439954832606,6,0.04780043
10,0.152439954832606,7,0.04774232
10,0.152439954832606,8,0.04770508
10,0.152439954832606,9,0.04747001
10,0.152439954832606,10,0.04775333
10,0.152439954832606,11,0.04744026
10,0.152439954832606,12,0.04758412
10,0.152439954832606,13,0.04734598
10,0.152439954832606,14,0.04762784
10,0.152439954832606,15,0.04782475
10,0.152439954832606,16,0.04759696
10,0.152439954832606,17,0.04738713
10,0.152439954832606,18,0.04763798
10,0.152439954832606,19,0.04739814
10,0.152439954832606,20,0.04750258
10,0.152439954832606,21,0.04745997
10,0.152439954832606,22,0.04752564
10,0.152439954832606,23,0.04750841
11,0.168462172307504,0,0.04753236
11,0.168462172307504,1,0.04773146
11,0.168462172307504,2,0.04773502
11,0.168462172307504,3,0.04788591
11,0.168462172307504,4,0.04752319
11,0.168462172307504,5,0.04764026
11,0.168462172307504,6,0.04756669
11,0.168462172307504,7,0.04708233
11,0.168462172307504,8,0.04767314
11,0.168462172307504,9,0.04730256
11,0.168462172307504,10,0.047645
11,0.168462172307504,11,0.04733969
11,0.168462172307504,12,0.04742922
11,0.168462172307504,13,0.04744849
11,0.168462172307504,14,0.04753045
11,0.168462172307504,15,0.0473036
11,0.168462172307504,16,0.04777849
11,0.168462172307504,17,0.04765781
11,0.168462172307504,18,0.04769214
11,0.168462172307504,19,0.04753838
11,0.168462172307504,20,0.0473746
11,0.168462172307504,21,0.04751965
11,0.168462172307504,22,0.04745026
11,0.168462172307504,23,0.04786591
12,0.184484389782403,0,0.04737402
12,0.184484389782403,1,0.04718146
12,0.184484389782403,2,0.04738101
12,0.184484389782403,3,0.04736101
12,0.184484389782403,4,0.04734779
12,0.184484389782403,5,0.04733689
12,0.184484389782403,6,0.04746957
12,0.184484389782403,7,0.04744826
12,0.184484389782403,8,0.04752768
12,0.184484389782403,9,0.04748252
12,0.184484389782403,10,0.0476983
12,0.184484389782403,11,0.047424
12,0.184484389782403,12,0.04739119
12,0.184484389782403,13,0.04789799
12,0.184484389782403,14,0.04785771
12,0.184484389782403,15,0.04769325
12,0.184484389782403,16,0.04737703
12,0.184484389782403,17,0.04757569
12,0.184484389782403,18,0.04757783
12,0.184484389782403,19,0.04736332
12,0.184484389782403,20,0.04775879
12,0.184484389782403,21,0.04773135
12,0.184484389782403,22,0.04794118
12,0.184484389782403,23,0.04756354
13,0.199819940794092,0,0.04733221
13,0.199819940794092,1,0.04718022
13,0.199819940794092,2,0.04740236
13,0.199819940794092,3,0.04733893
13,0.199819940794092,4,0.04760045
13,0.199819940794092,5,0.04744719
13,0.199819940794092,6,0.04732782
13,0.199819940794092,7,0.04729484
13,0.199819940794092,8,0.04727262
13,0.199819940794092,9,0.04720331
13,0.199819940794092,10,0.04751764
13,0.199819940794092,11,0.04752771
13,0.199819940794092,12,0.04741022
13,0.199819940794092,13,0.04726449
13,0.199819940794092,14,0.04751858
13,0.199819940794092,15,0.04750439
13,0.199819940794092,16,0.04747944
13,0.199819940794092,17,0.04724596
13,0.199819940794092,18,0.04727158
13,0.199819940794092,19,0.04708875
13,0.199819940794092,20,0.04724067
13,0.199819940794092,21,0.04740905
13,0.199819940794092,22,0.04736416
13,0.199819940794092,23,0.04718929
14,0.21515549180578,0,0.04725643
14,0.21515549180578,1,0.04762586
14,0.21515549180578,2,0.04751172
14,0.21515549180578,3,0.04754608
14,0.21515549180578,4,0.04748934
14,0.21515549180578,5,0.04745936
14,0.21515549180578,6,0.047551
14,0.21515549180578,7,0.04739932
14,0.21515549180578,8,0.04748934
14,0.21515549180578,9,0.04731066
14,0.21515549180578,10,0.04711702
14,0.21515549180578,11,0.04757599
14,0.21515549180578,12,0.04729758
14,0.21515549180578,13,0.0472864
14,0.21515549180578,14,0.04720745
14,0.21515549180578,15,0.04721745
14,0.21515549180578,16,0.04721719
14,0.21515549180578,17,0.0471473
14,0.21515549180578,18,0.04743144
14,0.21515549180578,19,0.04738389
14,0.21515549180578,20,0.0475337
14,0.21515549180578,21,0.04723341
14,0.21515549180578,22,0.04754059
14,0.21515549180578,23,0.04737225
15,0.231177709280679,0,0.04729186
15,0.231177709280679,1,0.04751332
15,0.231177709280679,2,0.04753045
15,0.231177709280679,3,0.04741905
15,0.231177709280679,4,0.04755447
15,0.231177709280679,5,0.04743949
15,0.231177709280679,6,0.04727864
15,0.231177709280679,7,0.04739312
15,0.231177709280679,8,0.04719718
15,0.231177709280679,9,0.04730878
15,0.231177709280679,10,0.04721056
15,0.231177709280679,11,0.04741521
15,0.231177709280679,12,0.04707708
15,0.231177709280679,13,0.04737312
15,0.231177709280679,14,0.04723361
15,0.231177709280679,15,0.04716232
15,0.231177709280679,16,0.04726268
15,0.231177709280679,17,0.04730481
15,0.231177709280679,18,0.04743019
15,0.231177709280679,19,0.04712943
15,0.231177709280679,20,0.04712124
15,0.231177709280679,21,0.04764795
15,0.231177709280679,22,0.04745127
15,0.231177709280679,23,0.04728962
16,0.246971037934507,0,0.04741839
16,0.246971037934507,1,0.04735696
16,0.246971037934507,2,0.04739918
16,0.246971037934507,3,0.04760499
16,0.246971037934507,4,0.04740925
16,0.246971037934507,5,0.04735914
16,0.246971037934507,6,0.04732501
16,0.246971037934507,7,0.0474584
16,0.246971037934507,8,0.04766179
16,0.246971037934507,9,0.04733304
16,0.246971037934507,10,0.04733595
16,0.246971037934507,11,0.04743912
16,0.246971037934507,12,0.04731384
16,0.246971037934507,13,0.04747901
16,0.246971037934507,14,0.04700204
16,0.246971037934507,15,0.04750048
16,0.246971037934507,16,0.04755672
16,0.246971037934507,17,0.04772415
16,0.246971037934507,18,0.04766019
16,0.246971037934507,19,0.04794734
16,0.246971037934507,20,0.04777721
16,0.246971037934507,21,0.04777357
16,0.246971037934507,22,0.04775627
16,0.246971037934507,23,0.04771301
17,0.262993255409406,0,0.04733391
17,0.262993255409406,1,0.04740804
17,0.262993255409406,2,0.04745421
17,0.262993255409406,3,0.04738506
17,0.262993255409406,4,0.04778035
17,0.262993255409406,5,0.04774429
17,0.262993255409406,6,0.04726068
17,0.262993255409406,7,0.04726733
17,0.262993255409406,8,0.04744117
17,0.262993255409406,9,0.0474975
17,0.262993255409406,10,0.04777734
17,0.262993255409406,11,0.0477635
17,0.262993255409406,12,0.04779652
17,0.262993255409406,13,0.0474711
17,0.262993255409406,14,0.04748352
17,0.262993255409406,15,0.0476169
17,0.262993255409406,16,0.04775045
17,0.262993255409406,17,0.04764507
17,0.262993255409406,18,0.04760804
17,0.262993255409406,19,0.0478848
17,0.262993255409406,20,0.04748399
17,0.262993255409406,21,0.04750346
17,0.262993255409406,22,0.04722224
17,0.262993255409406,23,0.04752571
18,0.278557695242164,0,0.04763296
18,0.278557695242164,1,0.04740333
18,0.278557695242164,2,0.04731975
18,0.278557695242164,3,0.0474431
18,0.278557695242164,4,0.04753872
18,0.278557695242164,5,0.04757807
18,0.278557695242164,6,0.04748064
18,0.278557695242164,7,0.04739098
18,0.278557695242164,8,0.04744261
18,0.278557695242164,9,0.04771383
18,0.278557695242164,10,0.04755263
18,0.278557695242164,11,0.0477364
18,0.278557695242164,12,0.04749145
18,0.278557695242164,13,0.04752782
18,0.278557695242164,14,0.04744702
18,0.278557695242164,15,0.04768093
18,0.278557695242164,16,0.04750844
18,0.278557695242164,17,0.04738345
18,0.278557695242164,18,0.04769608
18,0.278557695242164,19,0.04769909
18,0.278557695242164,20,0.04797661
18,0.278557695242164,21,0.04784867
18,0.278557695242164,22,0.04777561
18,0.278557695242164,23,0.04745327
19,0.294351023895993,0,0.04790003
19,0.294351023895993,1,0.04789314
19,0.294351023895993,2,0.04783289
19,0.294351023895993,3,0.0477444
19,0.294351023895993,4,0.04751855
19,0.294351023895993,5,0.04782365
19,0.294351023895993,6,0.04769318
19,0.294351023895993,7,0.04749155
19,0.294351023895993,8,0.04773834
19,0.294351023895993,9,0.04772626
19,0.294351023895993,10,0.04778849
19,0.294351023895993,11,0.0478358
19,0.294351023895993,12,0.04786483
19,0.294351023895993,13,0.04806068
19,0.294351023895993,14,0.04760275
19,0.294351023895993,15,0.0475436
19,0.294351023895993,16,0.04765012
19,0.294351023895993,17,0.04755557
19,0.294351023895993,18,0.04779548
19,0.294351023895993,19,0.04748542
19,0.294351023895993,20,0.04747422
19,0.294351023895993,21,0.04768401
19,0.294351023895993,22,0.04734385
19,0.294351023895993,23,0.04766491
20,0.309915463728752,0,0.04776845
20,0.309915463728752,1,0.04782974
20,0.309915463728752,2,0.04779274
20,0.309915463728752,3,0.04786781
20,0.309915463728752,4,0.0477734
20,0.309915463728752,5,0.04791244
20,0.309915463728752,6,0.04760285
20,0.309915463728752,7,0.04784171
20,0.309915463728752,8,0.04756236
20,0.309915463728752,9,0.04767511
20,0.309915463728752,10,0.04761188
20,0.309915463728752,11,0.04775592
20,0.309915463728752,12,0.04767518
20,0.309915463728752,13,0.04761372
20,0.309915463728752,14,0.04769301
20,0.309915463728752,15,0.04748556
20,0.309915463728752,16,0.04758783
20,0.309915463728752,17,0.04759756
20,0.309915463728752,18,0.04757184
20,0.309915463728752,19,0.04773747
20,0.309915463728752,20,0.04769248
20,0.309915463728752,21,0.04755678
20,0.309915463728752,22,0.04756084
20,0.309915463728752,23,0.04720742
21,0.32525101474044,0,0.04737108
21,0.32525101474044,1,0.04735402
21,0.32525101474044,2,0.04746442
21,0.32525101474044,3,0.04751443
21,0.32525101474044,4,0.04713222
21,0.32525101474044,5,0.04737001
21,0.32525101474044,6,0.04759344
21,0.32525101474044,7,0.04746846
21,0.32525101474044,8,0.04770418
21,0.32525101474044,9,0.04773581
21,0.32525101474044,10,0.04726352
21,0.32525101474044,11,0.04733692
21,0.32525101474044,12,0.04763587
21,0.32525101474044,13,0.04753657
21,0.32525101474044,14,0.04740246
21,0.32525101474044,15,0.04744354
21,0.32525101474044,16,0.04769445
21,0.32525101474044,17,0.0478026
21,0.32525101474044,18,0.04780555
21,0.32525101474044,19,0.04732782
21,0.32525101474044,20,0.04746746
21,0.32525101474044,21,0.04750329
21,0.32525101474044,22,0.04795225
21,0.32525101474044,23,0.04774232
22,0.340815454573199,0,0.04744936
22,0.340815454573199,1,0.04737814
22,0.340815454573199,2,0.04746074
22,0.340815454573199,3,0.04725275
22,0.340815454573199,4,0.04756371
22,0.340815454573199,5,0.04760479
22,0.340815454573199,6,0.04741527
22,0.340815454573199,7,0.04741715
22,0.340815454573199,8,0.04754277
22,0.340815454573199,9,0.04755457
22,0.340815454573199,10,0.0472764
22,0.340815454573199,11,0.04731284
22,0.340815454573199,12,0.04751356
22,0.340815454573199,13,0.04761693
22,0.340815454573199,14,0.04747576
22,0.340815454573199,15,0.04733288
22,0.340815454573199,16,0.04767086
22,0.340815454573199,17,0.04746653
22,0.340815454573199,18,0.04754207
22,0.340815454573199,19,0.04741296
22,0.340815454573199,20,0.04742648
22,0.340815454573199,21,0.04719595
22,0.340815454573199,22,0.04748154
22,0.340815454573199,23,0.04725435
23,0.356379894405957,0,0.04768712
23,0.356379894405957,1,0.04769626
23,0.356379894405957,2,0.04772342
23,0.356379894405957,3,0.04742337
23,0.356379894405957,4,0.04751353
23,0.356379894405957,5,0.04729775
23,0.356379894405957,6,0.04773744
23,0.356379894405957,7,0.04747995
23,0.356379894405957,8,0.04745224
23,0.356379894405957,9,0.04748753
23,0.356379894405957,10,0.04762891
23,0.356379894405957,11,0.04769221
23,0.356379894405957,12,0.04744732
23,0.356379894405957,13,0.04769774
23,0.356379894405957,14,0.04762112
23,0.356379894405957,15,0.04742092
23,0.356379894405957,16,0.04758104
23,0.356379894405957,17,0.0472847
23,0.356379894405957,18,0.04733703
23,0.356379894405957,19,0.04754381
23,0.356379894405957,20,0.04757101
23,0.356379894405957,21,0.04716108
23,0.356379894405957,22,0.04754069
23,0.356379894405957,23,0.04748345
24,0.371715445417646,0,0.04729259
24,0.371715445417646,1,0.0475055
24,0.371715445417646,2,0.04727456
24,0.371715445417646,3,0.04719638
24,0.371715445417646,4,0.04720247
24,0.371715445417646,5,0.04676913
24,0.371715445417646,6,0.04734997
24,0.371715445417646,7,0.04708896
24,0.371715445417646,8,0.04733076
24,0.371715445417646,9,0.04729781
24,0.371715445417646,10,0.04714041
24,0.371715445417646,11,0.04720645
24,0.371715445417646,12,0.04721946
24,0.371715445417646,13,0.04750061
24,0.371715445417646,14,0.04732581
24,0.371715445417646,15,0.04707102
24,0.371715445417646,16,0.04745732
24,0.371715445417646,17,0.04744742
24,0.371715445417646,18,0.04757783
24,0.371715445417646,19,0.04753886
24,0.371715445417646,20,0.0475426
24,0.371715445417646,21,0.04764608
24,0.371715445417646,22,0.04728352
24,0.371715445417646,23,0.04777464
25,0.387279885250404,0,0.04750494
25,0.387279885250404,1,0.04746331
25,0.387279885250404,2,0.04727061
25,0.387279885250404,3,0.04750463
25,0.387279885250404,4,0.04760506
25,0.387279885250404,5,0.04760161
25,0.387279885250404,6,0.04774208
25,0.387279885250404,7,0.04765313
25,0.387279885250404,8,0.04750352
25,0.387279885250404,9,0.04736496
25,0.387279885250404,10,0.04761704
25,0.387279885250404,11,0.04746826
25,0.387279885250404,12,0.04733485
25,0.387279885250404,13,0.04765608
25,0.387279885250404,14,0.04753879
25,0.387279885250404,15,0.04732491
25,0.387279885250404,16,0.04779641
25,0.387279885250404,17,0.04746873
25,0.387279885250404,18,0.04746522
25,0.387279885250404,19,0.04730574
25,0.387279885250404,20,0.04775948
25,0.387279885250404,21,0.04761051
25,0.387279885250404,22,0.04768715
25,0.387279885250404,23,0.04733662
26,0.402844325083163,0,0.04757994
26,0.402844325083163,1,0.04737339
26,0.402844325083163,2,0.04759904
26,0.402844325083163,3,0.04741711
26,0.402844325083163,4,0.0473682
26,0.402844325083163,5,0.04739811
26,0.402844325083163,6,0.04782593
26,0.402844325083163,7,0.04733381
26,0.402844325083163,8,0.04730982
26,0.402844325083163,9,0.04756906
26,0.402844325083163,10,0.04761396
26,0.402844325083163,11,0.04743621
26,0.402844325083163,12,0.04758586
26,0.402844325083163,13,0.04779056
26,0.402844325083163,14,0.04759416
26,0.402844325083163,15,0.04764768
26,0.402844325083163,16,0.04749851
26,0.402844325083163,17,0.04719226
26,0.402844325083163,18,0.04727968
26,0.402844325083163,19,0.04749121
26,0.402844325083163,20,0.04730674
26,0.402844325083163,21,0.04723583
26,0.402844325083163,22,0.04738402
26,0.402844325083163,23,0.04734194
27,0.418179876094852,0,0.04767892
27,0.418179876094852,1,0.04766507
27,0.418179876094852,2,0.04748235
27,0.418179876094852,3,0.04780639
27,0.418179876094852,4,0.04763808
27,0.418179876094852,5,0.0475066
27,0.418179876094852,6,0.04746625
27,0.418179876094852,7,0.04774243
27,0.418179876094852,8,0.04719738
27,0.418179876094852,9,0.04726362
27,0.418179876094852,10,0.04750369
27,0.418179876094852,11,0.04766722
27,0.418179876094852,12,0.04732535
27,0.418179876094852,13,0.04727356
27,0.418179876094852,14,0.04748743
27,0.418179876094852,15,0.04718942
27,0.418179876094852,16,0.04759305
27,0.418179876094852,17,0.04706494
27,0.418179876094852,18,0.04722752
27,0.418179876094852,19,0.04753544
27,0.418179876094852,20,0.04711214
27,0.418179876094852,21,0.04687669
27,0.418179876094852,22,0.04738503
27,0.418179876094852,23,0.04751242
28,0.43397320474868,0,0.04740423
28,0.43397320474868,1,0.04744317
28,0.43397320474868,2,0.04736565
28,0.43397320474868,3,0.04762226
28,0.43397320474868,4,0.04747539
28,0.43397320474868,5,0.04754772
28,0.43397320474868,6,0.04757643
28,0.43397320474868,7,0.0477816
28,0.43397320474868,8,0.04751346
28,0.43397320474868,9,0.04736365
28,0.43397320474868,10,0.04747227
28,0.43397320474868,11,0.04703974
28,0.43397320474868,12,0.04721618
28,0.43397320474868,13,0.04747141
28,0.43397320474868,14,0.04727459
28,0.43397320474868,15,0.04727092
28,0.43397320474868,16,0.04691736
28,0.43397320474868,17,0.04729075
28,0.43397320474868,18,0.04753243
28,0.43397320474868,19,0.04764795
28,0.43397320474868,20,0.04753594
28,0.43397320474868,21,0.04766411
28,0.43397320474868,22,0.0477733
28,0.43397320474868,23,0.04712893
29,0.449995422223579,0,0.04749667
29,0.449995422223579,1,0.04798323
29,0.449995422223579,2,0.04773325
29,0.449995422223579,3,0.04745016
29,0.449995422223579,4,0.04768003
29,0.449995422223579,5,0.04769598
29,0.449995422223579,6,0.0474522
29,0.449995422223579,7,0.04779807
29,0.449995422223579,8,0.0477255
29,0.449995422223579,9,0.04751574
29,0.449995422223579,10,0.04721047
29,0.449995422223579,11,0.04719795
29,0.449995422223579,12,0.04757572
29,0.449995422223579,13,0.04748148
29,0.449995422223579,14,0.04780552
29,0.449995422223579,15,0.0475887
29,0.449995422223579,16,0.04733384
29,0.449995422223579,17,0.04735114
29,0.449995422223579,18,0.04760192
29,0.449995422223579,19,0.04758
29,0.449995422223579,20,0.04751135
29,0.449995422223579,21,0.04752668
29,0.449995422223579,22,0.04756762
29,0.449995422223579,23,0.04776841
30,0.466017639698477,0,0.04788698
30,0.466017639698477,1,0.04766501
30,0.466017639698477,2,0.04780863
30,0.466017639698477,3,0.04735107
30,0.466017639698477,4,0.04727971
30,0.466017639698477,5,0.04740915
30,0.466017639698477,6,0.04750757
30,0.466017639698477,7,0.0477736
30,0.466017639698477,8,0.04769598
30,0.466017639698477,9,0.04750332
30,0.466017639698477,10,0.04751536
30,0.466017639698477,11,0.04718721
30,0.466017639698477,12,0.04768113
30,0.466017639698477,13,0.04747843
30,0.466017639698477,14,0.04749978
30,0.466017639698477,15,0.04769917
30,0.466017639698477,16,0.04773201
30,0.466017639698477,17,0.0474873
30,0.466017639698477,18,0.04791592
30,0.466017639698477,19,0.04733685
30,0.466017639698477,20,0.04759773
30,0.466017639698477,21,0.04772228
30,0.466017639698477,22,0.04755003
30,0.466017639698477,23,0.04755263
31,0.482268745994446,0,0.04758582
31,0.482268745994446,1,0.04759402
31,0.482268745994446,2,0.04776474
31,0.482268745994446,3,0.04757994
31,0.482268745994446,4,0.04768006
31,0.482268745994446,5,0.04757502
31,0.482268745994446,6,0.04717828
31,0.482268745994446,7,0.04710726
31,0.482268745994446,8,0.04737977
31,0.482268745994446,9,0.04732274
31,0.482268745994446,10,0.04760928
31,0.482268745994446,11,0.0474322
31,0.482268745994446,12,0.04741831
31,0.482268745994446,13,0.04751567
31,0.482268745994446,14,0.04729848
31,0.482268745994446,15,0.04771288
31,0.482268745994446,16,0.04754177
31,0.482268745994446,17,0.04749533
31,0.482268745994446,18,0.04763714
31,0.482268745994446,19,0.04737108
31,0.482268745994446,20,0.04723936
31,0.482268745994446,21,0.04764915
31,0.482268745994446,22,0.0473687
31,0.482268745994446,23,0.0474777
32,0.498290963469344,0,0.04749249
32,0.498290963469344,1,0.04747569
32,0.498290963469344,2,0.04731782
32,0.498290963469344,3,0.04747843
32,0.498290963469344,4,0.04732076
32,0.498290963469344,5,0.04718946
32,0.498290963469344,6,0.047414
32,0.498290963469344,7,0.04731966
32,0.498290963469344,8,0.04720611
32,0.498290963469344,9,0.04741815
32,0.498290963469344,10,0.04704202
32,0.498290963469344,11,0.04743144
32,0.498290963469344,12,0.04744043
32,0.498290963469344,13,0.04747937
32,0.498290963469344,14,0.04740126
32,0.498290963469344,15,0.04745317
32,0.498290963469344,16,0.04732478
32,0.498290963469344,17,0.04722645
32,0.498290963469344,18,0.04757475
32,0.498290963469344,19,0.04744715
32,0.498290963469344,20,0.04743839
32,0.498290963469344,21,0.04706206
32,0.498290963469344,22,0.0474126
32,0.498290963469344,23,0.0474141
33,0.514313180944243,0,0.04727483
33,0.514313180944243,1,0.0474305
33,0.514313180944243,2,0.04746024
33,0.514313180944243,3,0.0475047
33,0.514313180944243,4,0.04752353
33,0.514313180944243,5,0.04755862
33,0.514313180944243,6,0.04729266
33,0.514313180944243,7,0.04762459
33,0.514313180944243,8,0.0473028
33,0.514313180944243,9,0.04753989
33,0.514313180944243,10,0.047607
33,0.514313180944243,11,0.04738288
33,0.514313180944243,12,0.04741113
33,0.514313180944243,13,0.04756264
33,0.514313180944243,14,0.04749446
33,0.514313180944243,15,0.0476158
33,0.514313180944243,16,0.04768207
33,0.514313180944243,17,0.04765504
33,0.514313180944243,18,0.04759278
33,0.514313180944243,19,0.04755658
33,0.514313180944243,20,0.04772941
33,0.514313180944243,21,0.04774526
33,0.514313180944243,22,0.04784185
33,0.514313180944243,23,0.047702
34,0.530564287240211,0,0.04718443
34,0.530564287240211,1,0.04709026
34,0.530564287240211,2,0.04719611
34,0.530564287240211,3,0.04730297
34,0.530564287240211,4,0.0472385
34,0.530564287240211,5,0.04736505
34,0.530564287240211,6,0.04732374
34,0.530564287240211,7,0.04758465
34,0.530564287240211,8,0.04755668
34,0.530564287240211,9,0.04743525
34,0.530564287240211,10,0.04696468
34,0.530564287240211,11,0.04722635
34,0.530564287240211,12,0.04738423
34,0.530564287240211,13,0.04732598
34,0.530564287240211,14,0.04774118
34,0.530564287240211,15,0.04760777
34,0.530564287240211,16,0.04763587
34,0.530564287240211,17,0.04733291
34,0.530564287240211,18,0.0477355
34,0.530564287240211,19,0.04782569
34,0.530564287240211,20,0.04753333
34,0.530564287240211,21,0.04759586
34,0.530564287240211,22,0.0479291
34,0.530564287240211,23,0.04775132
35,0.54658650471511,0,0.0475066
35,0.54658650471511,1,0.04746836
35,0.54658650471511,2,0.0476342
35,0.54658650471511,3,0.0476342
35,0.54658650471511,4,0.04716918
35,0.54658650471511,5,0.04718129
35,0.54658650471511,6,0.04720528
35,0.54658650471511,7,0.04739236
35,0.54658650471511,8,0.0478007
35,0.54658650471511,9,0.04737727
35,0.54658650471511,10,0.04760385
35,0.54658650471511,11,0.04739232
35,0.54658650471511,12,0.04719514
35,0.54658650471511,13,0.04718678
35,0.54658650471511,14,0.04752858
35,0.54658650471511,15,0.04733986
35,0.54658650471511,16,0.04740891
35,0.54658650471511,17,0.04741015
35,0.54658650471511,18,0.04745227
35,0.54658650471511,19,0.04735572
35,0.54658650471511,20,0.0476919
35,0.54658650471511,21,0.04689121
35,0.54658650471511,22,0.04752624
35,0.54658650471511,23,0.04734522
36,0.562608722190008,0,0.04760255
36,0.562608722190008,1,0.04736038
36,0.562608722190008,2,0.04712619
36,0.562608722190008,3,0.04720658
36,0.562608722190008,4,0.04738332
36,0.562608722190008,5,0.04733786
36,0.562608722190008,6,0.04736793
36,0.562608722190008,7,0.04728463
36,0.562608722190008,8,0.04718748
36,0.562608722190008,9,0.04726771
36,0.562608722190008,10,0.04702764
36,0.562608722190008,11,0.04748279
36,0.562608722190008,12,0.04739447
36,0.562608722190008,13,0.04720143
36,0.562608722190008,14,0.04708979
36,0.562608722190008,15,0.04711415
36,0.562608722190008,16,0.0473761
36,0.562608722190008,17,0.04725131
36,0.562608722190008,18,0.04754966
36,0.562608722190008,19,0.04711542
36,0.562608722190008,20,0.04767317
36,0.562608722190008,21,0.04714834
36,0.562608722190008,22,0.04746917
36,0.562608722190008,23,0.04731674
37,0.578859828485977,0,0.04757097
37,0.578859828485977,1,0.04771041
37,0.578859828485977,2,0.04780357
37,0.578859828485977,3,0.04794924
37,0.578859828485977,4,0.04763008
37,0.578859828485977,5,0.0475797
37,0.578859828485977,6,0.0472495
37,0.578859828485977,7,0.04742888
37,0.578859828485977,8,0.04720618
37,0.578859828485977,9,0.04705061
37,0.578859828485977,10,0.04733796
37,0.578859828485977,11,0.04741561
37,0.578859828485977,12,0.04733896
37,0.578859828485977,13,0.04759894
37,0.578859828485977,14,0.04744839
37,0.578859828485977,15,0.04734378
37,0.578859828485977,16,0.04753042
37,0.578859828485977,17,0.04744666
37,0.578859828485977,18,0.0475059
37,0.578859828485977,19,0.0473972
37,0.578859828485977,20,0.04740798
37,0.578859828485977,21,0.04747519
37,0.578859828485977,22,0.04777896
37,0.578859828485977,23,0.04773817
38,0.594882045960875,0,0.04752443
38,0.594882045960875,1,0.04759884
38,0.594882045960875,2,0.04755505
38,0.594882045960875,3,0.04756669
38,0.594882045960875,4,0.04763493
38,0.594882045960875,5,0.04756491
38,0.594882045960875,6,0.04771134
38,0.594882045960875,7,0.04784486
38,0.594882045960875,8,0.04767387
38,0.594882045960875,9,0.04765825
38,0.594882045960875,10,0.04722662
38,0.594882045960875,11,0.04748117
38,0.594882045960875,12,0.04762109
38,0.594882045960875,13,0.047396
38,0.594882045960875,14,0.04740884
38,0.594882045960875,15,0.04723556
38,0.594882045960875,16,0.04725165
38,0.594882045960875,17,0.047312
38,0.594882045960875,18,0.04730179
38,0.594882045960875,19,0.04713385
38,0.594882045960875,20,0.047359
38,0.594882045960875,21,0.04705286
38,0.594882045960875,22,0.04683805
38,0.594882045960875,23,0.04693453
39,0.610904263435774,0,0.04770231
39,0.610904263435774,1,0.04772994
39,0.610904263435774,2,0.04772519
39,0.610904263435774,3,0.04757294
39,0.610904263435774,4,0.04749145
39,0.610904263435774,5,0.04745531
39,0.610904263435774,6,0.04787681
39,0.610904263435774,7,0.0477547
39,0.610904263435774,8,0.04764015
39,0.610904263435774,9,0.04737409
39,0.610904263435774,10,0.0473489
39,0.610904263435774,11,0.04719537
39,0.610904263435774,12,0.04734857
39,0.610904263435774,13,0.04731594
39,0.610904263435774,14,0.04732133
39,0.610904263435774,15,0.04742781
39,0.610904263435774,16,0.04755976
39,0.610904263435774,17,0.04753367
39,0.610904263435774,18,0.04733301
39,0.610904263435774,19,0.047452
39,0.610904263435774,20,0.04732484
39,0.610904263435774,21,0.04744216
39,0.610904263435774,22,0.04733166
39,0.610904263435774,23,0.04714175
40,0.626926480910672,0,0.04721264
40,0.626926480910672,1,0.04736378
40,0.626926480910672,2,0.04752821
40,0.626926480910672,3,0.04736195
40,0.626926480910672,4,0.04720116
40,0.626926480910672,5,0.04717332
40,0.626926480910672,6,0.04695537
40,0.626926480910672,7,0.04735786
40,0.626926480910672,8,0.04755291
40,0.626926480910672,9,0.04737967
40,0.626926480910672,10,0.04729982
40,0.626926480910672,11,0.04724964
40,0.626926480910672,12,0.04740403
40,0.626926480910672,13,0.04716332
40,0.626926480910672,14,0.04742424
40,0.626926480910672,15,0.04704356
40,0.626926480910672,16,0.0473671
40,0.626926480910672,17,0.04755076
40,0.626926480910672,18,0.04772533
40,0.626926480910672,19,0.04742036
40,0.626926480910672,20,0.04750747
40,0.626926480910672,21,0.04753125
40,0.626926480910672,22,0.04745127
40,0.626926480910672,23,0.04756146
41,0.643177587206641,0,0.04739316
41,0.643177587206641,1,0.04737004
41,0.643177587206641,2,0.04756856
41,0.643177587206641,3,0.04734224
41,0.643177587206641,4,0.04740627
41,0.643177587206641,5,0.04746947
41,0.643177587206641,6,0.04778561
41,0.643177587206641,7,0.04770445
41,0.643177587206641,8,0.0474151
41,0.643177587206641,9,0.04744732
41,0.643177587206641,10,0.04729584
41,0.643177587206641,11,0.04779527
41,0.643177587206641,12,0.04764591
41,0.643177587206641,13,0.04771131
41,0.643177587206641,14,0.04763988
41,0.643177587206641,15,0.04728684
41,0.643177587206641,16,0.04729045
41,0.643177587206641,17,0.04751075
41,0.643177587206641,18,0.04762493
41,0.643177587206641,19,0.04783767
41,0.643177587206641,20,0.04760479
41,0.643177587206641,21,0.04740326
41,0.643177587206641,22,0.04763272
41,0.643177587206641,23,0.04765822
42,0.659199804681539,0,0.04760402
42,0.659199804681539,1,0.04751242
42,0.659199804681539,2,0.04744532
42,0.659199804681539,3,0.04780652
42,0.659199804681539,4,0.04738554
42,0.659199804681539,5,0.04745726
42,0.659199804681539,6,0.04781091
42,0.659199804681539,7,0.0474505
42,0.659199804681539,8,0.04760811
42,0.659199804681539,9,0.04779368
42,0.659199804681539,10,0.04788785
42,0.659199804681539,11,0.04784466
42,0.659199804681539,12,0.04765065
42,0.659199804681539,13,0.04765581
42,0.659199804681539,14,0.04735107
42,0.659199804681539,15,0.0474414
42,0.659199804681539,16,0.04744247
42,0.659199804681539,17,0.04747041
42,0.659199804681539,18,0.04752373
42,0.659199804681539,19,0.04738697
42,0.659199804681539,20,0.04742517
42,0.659199804681539,21,0.0475815
42,0.659199804681539,22,0.04740243
42,0.659199804681539,23,0.04750941
43,0.675222022156438,0,0.04736308
43,0.675222022156438,1,0.04713419
43,0.675222022156438,2,0.04714395
43,0.675222022156438,3,0.04736944
43,0.675222022156438,4,0.04709484
43,0.675222022156438,5,0.04694363
43,0.675222022156438,6,0.04755277
43,0.675222022156438,7,0.04733438
43,0.675222022156438,8,0.04702891
43,0.675222022156438,9,0.04703781
43,0.675222022156438,10,0.047148
43,0.675222022156438,11,0.04744953
43,0.675222022156438,12,0.0474784
43,0.675222022156438,13,0.04746746
43,0.675222022156438,14,0.04730771
43,0.675222022156438,15,0.04734813
43,0.675222022156438,16,0.04747767
43,0.675222022156438,17,0.0473949
43,0.675222022156438,18,0.04741292
43,0.675222022156438,19,0.04725134
43,0.675222022156438,20,0.04696969
43,0.675222022156438,21,0.0473951
43,0.675222022156438,22,0.0475608
43,0.675222022156438,23,0.04732789
44,0.691244239631336,0,0.04722351
44,0.691244239631336,1,0.04745833
44,0.691244239631336,2,0.04753778
44,0.691244239631336,3,0.04770532
44,0.691244239631336,4,0.04750038
44,0.691244239631336,5,0.04733368
44,0.691244239631336,6,0.04706176
44,0.691244239631336,7,0.04727161
44,0.691244239631336,8,0.04728078
44,0.691244239631336,9,0.0473143
44,0.691244239631336,10,0.04713706
44,0.691244239631336,11,0.04736478
44,0.691244239631336,12,0.04740513
44,0.691244239631336,13,0.04712509
44,0.691244239631336,14,0.04725466
44,0.691244239631336,15,0.04724438
44,0.691244239631336,16,0.04776841
44,0.691244239631336,17,0.04744584
44,0.691244239631336,18,0.04764444
44,0.691244239631336,19,0.04739042
44,0.691244239631336,20,0.04775948
44,0.691244239631336,21,0.04787377
44,0.691244239631336,22,0.04755956
44,0.691244239631336,23,0.04767615
45,0.707266457106235,0,0.04761994
45,0.707266457106235,1,0.04760389
45,0.707266457106235,2,0.04726757
45,0.707266457106235,3,0.04715011
45,0.707266457106235,4,0.0475607
45,0.707266457106235,5,0.04708678
45,0.707266457106235,6,0.04782569
45,0.707266457106235,7,0.04739305
45,0.707266457106235,8,0.04719016
45,0.707266457106235,9,0.04743635
45,0.707266457106235,10,0.04723368
45,0.707266457106235,11,0.04736101
45,0.707266457106235,12,0.04735987
45,0.707266457106235,13,0.04760493
45,0.707266457106235,14,0.04752035
45,0.707266457106235,15,0.04744113
45,0.707266457106235,16,0.04765631
45,0.707266457106235,17,0.04764307
45,0.707266457106235,18,0.04743404
45,0.707266457106235,19,0.04766511
45,0.707266457106235,20,0.0472954
45,0.707266457106235,21,0.04746093
45,0.707266457106235,22,0.04757963
45,0.707266457106235,23,0.04767692
46,0.723288674581134,0,0.0471844
46,0.723288674581134,1,0.04731741
46,0.723288674581134,2,0.04760406
46,0.723288674581134,3,0.04751363
46,0.723288674581134,4,0.04727078
46,0.723288674581134,5,0.04740296
46,0.723288674581134,6,0.04729788
46,0.723288674581134,7,0.0473318
46,0.723288674581134,8,0.04727878
46,0.723288674581134,9,0.04792
46,0.723288674581134,10,0.04771827
46,0.723288674581134,11,0.0476457
46,0.723288674581134,12,0.04787435
46,0.723288674581134,13,0.04748559
46,0.723288674581134,14,0.04763255
46,0.723288674581134,15,0.04749325
46,0.723288674581134,16,0.04775593
46,0.723288674581134,17,0.04762701
46,0.723288674581134,18,0.04765587
46,0.723288674581134,19,0.04748452
46,0.723288674581134,20,0.04766705
46,0.723288674581134,21,0.04725345
46,0.723288674581134,22,0.04746341
46,0.723288674581134,23,0.04748037
47,0.739310892056032,0,0.04746511
47,0.739310892056032,1,0.04739216
47,0.739310892056032,2,0.04755973
47,0.739310892056032,3,0.04761981
47,0.739310892056032,4,0.04747947
47,0.739310892056032,5,0.0472503
47,0.739310892056032,6,0.04753792
47,0.739310892056032,7,0.04739817
47,0.739310892056032,8,0.04747539
47,0.739310892056032,9,0.04745923
47,0.739310892056032,10,0.04756665
47,0.739310892056032,11,0.04790996
47,0.739310892056032,12,0.04755872
47,0.739310892056032,13,0.04770097
47,0.739310892056032,14,0.04758388
47,0.739310892056032,15,0.04746712
47,0.739310892056032,16,0.04761147
47,0.739310892056032,17,0.04774423
47,0.739310892056032,18,0.0479672
47,0.739310892056032,19,0.04773201
47,0.739310892056032,20,0.04754862
47,0.739310892056032,21,0.04758177
47,0.739310892056032,22,0.04753329
47,0.739310892056032,23,0.0472974
48,0.755333109530931,0,0.04771131
48,0.755333109530931,1,0.04770702
48,0.755333109530931,2,0.04751343
48,0.755333109530931,3,0.0474512
48,0.755333109530931,4,0.04739894
48,0.755333109530931,5,0.04751547
48,0.755333109530931,6,0.0476261
48,0.755333109530931,7,0.04746525
48,0.755333109530931,8,0.04751002
48,0.755333109530931,9,0.04766276
48,0.755333109530931,10,0.04765919
48,0.755333109530931,11,0.04744625
48,0.755333109530931,12,0.04745552
48,0.755333109530931,13,0.04749965
48,0.755333109530931,14,0.04744324
48,0.755333109530931,15,0.04767283
48,0.755333109530931,16,0.04744264
48,0.755333109530931,17,0.04768027
48,0.755333109530931,18,0.04738998
48,0.755333109530931,19,0.04768341
48,0.755333109530931,20,0.0475336
48,0.755333109530931,21,0.04750443
48,0.755333109530931,22,0.04736395
48,0.755333109530931,23,0.04749145
49,0.771126438184759,0,0.04770529
49,0.771126438184759,1,0.04733966
49,0.771126438184759,2,0.0471934
49,0.771126438184759,3,0.04742715
49,0.771126438184759,4,0.04726878
49,0.771126438184759,5,0.04758288
49,0.771126438184759,6,0.04747695
49,0.771126438184759,7,0.04731334
49,0.771126438184759,8,0.04758278
49,0.771126438184759,9,0.04703289
49,0.771126438184759,10,0.04744009
49,0.771126438184759,11,0.04740731
49,0.771126438184759,12,0.04726649
49,0.771126438184759,13,0.04715721
49,0.771126438184759,14,0.04741444
49,0.771126438184759,15,0.04761573
49,0.771126438184759,16,0.04738614
49,0.771126438184759,17,0.04713372
49,0.771126438184759,18,0.04757188
49,0.771126438184759,19,0.04751145
49,0.771126438184759,20,0.04759586
49,0.771126438184759,21,0.04713566
49,0.771126438184759,22,0.04745435
49,0.771126438184759,23,0.04715402
50,0.786919766838588,0,0.0474803
50,0.786919766838588,1,0.04760673
50,0.786919766838588,2,0.04738389
50,0.786919766838588,3,0.04734612
50,0.786919766838588,4,0.04725552
50,0.786919766838588,5,0.04732581
50,0.786919766838588,6,0.04733288
50,0.786919766838588,7,0.0473861
50,0.786919766838588,8,0.04724452
50,0.786919766838588,9,0.04732675
50,0.786919766838588,10,0.04721337
50,0.786919766838588,11,0.04707792
50,0.786919766838588,12,0.04715359
50,0.786919766838588,13,0.04725255
50,0.786919766838588,14,0.04723565
50,0.786919766838588,15,0.04717828
50,0.786919766838588,16,0.0474239
50,0.786919766838588,17,0.0475054
50,0.786919766838588,18,0.04739797
50,0.786919766838588,19,0.04722043
50,0.786919766838588,20,0.04744206
50,0.786919766838588,21,0.04719936
50,0.786919766838588,22,0.04759977
50,0.786919766838588,23,0.04710803
51,0.802484206671346,0,0.04736094
51,0.802484206671346,1,0.04728165
51,0.802484206671346,2,0.04745635
51,0.802484206671346,3,0.04734796
51,0.802484206671346,4,0.04752817
51,0.802484206671346,5,0.04736696
51,0.802484206671346,6,0.04744404
51,0.802484206671346,7,0.04754792
51,0.802484206671346,8,0.0474132
51,0.802484206671346,9,0.04740403
51,0.802484206671346,10,0.04758509
51,0.802484206671346,11,0.04775042
51,0.802484206671346,12,0.04725843
51,0.802484206671346,13,0.04736613
51,0.802484206671346,14,0.04747141
51,0.802484206671346,15,0.04754249
51,0.802484206671346,16,0.04773242
51,0.802484206671346,17,0.04723248
51,0.802484206671346,18,0.04742213
51,0.802484206671346,19,0.04729855
51,0.802484206671346,20,0.04767732
51,0.802484206671346,21,0.04728259
51,0.802484206671346,22,0.04751062
51,0.802484206671346,23,0.04732795
52,0.818048646504105,0,0.04775938
52,0.818048646504105,1,0.0476839
52,0.818048646504105,2,0.04746123
52,0.818048646504105,3,0.04744521
52,0.818048646504105,4,0.04762794
52,0.818048646504105,5,0.0475252
52,0.818048646504105,6,0.04780278
52,0.818048646504105,7,0.04767618
52,0.818048646504105,8,0.04744046
52,0.818048646504105,9,0.04735596
52,0.818048646504105,10,0.04765913
52,0.818048646504105,11,0.04715439
52,0.818048646504105,12,0.04739614
52,0.818048646504105,13,0.04740614
52,0.818048646504105,14,0.04754769
52,0.818048646504105,15,0.04750747
52,0.818048646504105,16,0.04764788
52,0.818048646504105,17,0.04784265
52,0.818048646504105,18,0.04744843
52,0.818048646504105,19,0.04741517
52,0.818048646504105,20,0.04743735
52,0.818048646504105,21,0.04748432
52,0.818048646504105,22,0.04742594
52,0.818048646504105,23,0.04772509
53,0.833841975157933,0,0.04768425
53,0.833841975157933,1,0.04740624
53,0.833841975157933,2,0.04763704
53,0.833841975157933,3,0.04744932
53,0.833841975157933,4,0.04748767
53,0.833841975157933,5,0.04762663
53,0.833841975157933,6,0.04750905
53,0.833841975157933,7,0.04747151
53,0.833841975157933,8,0.04740828
53,0.833841975157933,9,0.04762102
53,0.833841975157933,10,0.04734311
53,0.833841975157933,11,0.04727352
53,0.833841975157933,12,0.04736602
53,0.833841975157933,13,0.04700489
53,0.833841975157933,14,0.04732983
53,0.833841975157933,15,0.0472947
53,0.833841975157933,16,0.04729359
53,0.833841975157933,17,0.04730892
53,0.833841975157933,18,0.04736094
53,0.833841975157933,19,0.047129
53,0.833841975157933,20,0.04705691
53,0.833841975157933,21,0.04726141
53,0.833841975157933,22,0.04744649
53,0.833841975157933,23,0.0474133
54,0.849635303811762,0,0.04758468
54,0.849635303811762,1,0.04740389
54,0.849635303811762,2,0.04730045
54,0.849635303811762,3,0.0471563
54,0.849635303811762,4,0.04702372
54,0.849635303811762,5,0.04715841
54,0.849635303811762,6,0.04741544
54,0.849635303811762,7,0.04721341
54,0.849635303811762,8,0.04741122
54,0.849635303811762,9,0.0471742
54,0.849635303811762,10,0.04732588
54,0.849635303811762,11,0.04743203
54,0.849635303811762,12,0.04731594
54,0.849635303811762,13,0.04745445
54,0.849635303811762,14,0.04745608
54,0.849635303811762,15,0.04744863
54,0.849635303811762,16,0.04757873
54,0.849635303811762,17,0.04753948
54,0.849635303811762,18,0.04751965
54,0.849635303811762,19,0.0474433
54,0.849635303811762,20,0.04738409
54,0.849635303811762,21,0.04753049
54,0.849635303811762,22,0.04744427
54,0.849635303811762,23,0.04739088
55,0.86519974364452,0,0.04760676
55,0.86519974364452,1,0.04743762
55,0.86519974364452,2,0.04751152
55,0.86519974364452,3,0.04723459
55,0.86519974364452,4,0.04749753
55,0.86519974364452,5,0.04759659
55,0.86519974364452,6,0.04772422
55,0.86519974364452,7,0.04750159
55,0.86519974364452,8,0.04713218
55,0.86519974364452,9,0.04736686
55,0.86519974364452,10,0.04795409
55,0.86519974364452,11,0.04758177
55,0.86519974364452,12,0.04742026
55,0.86519974364452,13,0.04758602
55,0.86519974364452,14,0.04766892
55,0.86519974364452,15,0.0473499
55,0.86519974364452,16,0.04726767
55,0.86519974364452,17,0.04720625
55,0.86519974364452,18,0.04736402
55,0.86519974364452,19,0.04722337
55,0.86519974364452,20,0.04729393
55,0.86519974364452,21,0.04738593
55,0.86519974364452,22,0.04755993
55,0.86519974364452,23,0.04733893
56,0.880993072298349,0,0.04733377
56,0.880993072298349,1,0.04701181
56,0.880993072298349,2,0.0472194
56,0.880993072298349,3,0.04740316
56,0.880993072298349,4,0.04762469
56,0.880993072298349,5,0.0475627
56,0.880993072298349,6,0.04760988
56,0.880993072298349,7,0.04782351
56,0.880993072298349,8,0.04757682
56,0.880993072298349,9,0.0475245
56,0.880993072298349,10,0.04758205
56,0.880993072298349,11,0.0473392
56,0.880993072298349,12,0.04738807
56,0.880993072298349,13,0.04722967
56,0.880993072298349,14,0.04754153
56,0.880993072298349,15,0.04768418
56,0.880993072298349,16,0.04723666
56,0.880993072298349,17,0.04718915
56,0.880993072298349,18,0.04757759
56,0.880993072298349,19,0.04748395
56,0.880993072298349,20,0.04753862
56,0.880993072298349,21,0.04750767
56,0.880993072298349,22,0.0473319
56,0.880993072298349,23,0.04740601
57,0.896557512131108,0,0.04728062
57,0.896557512131108,1,0.04753574
57,0.896557512131108,2,0.04710775
57,0.896557512131108,3,0.04740206
57,0.896557512131108,4,0.04719046
57,0.896557512131108,5,0.04712492
57,0.896557512131108,6,0.04718631
57,0.896557512131108,7,0.04722947
57,0.896557512131108,8,0.04728597
57,0.896557512131108,9,0.04745428
57,0.896557512131108,10,0.04751145
57,0.896557512131108,11,0.04741715
57,0.896557512131108,12,0.04740627
57,0.896557512131108,13,0.04750914
57,0.896557512131108,14,0.04743816
57,0.896557512131108,15,0.04756561
57,0.896557512131108,16,0.04751259
57,0.896557512131108,17,0.04740109
57,0.896557512131108,18,0.04740838
57,0.896557512131108,19,0.04729577
57,0.896557512131108,20,0.04755758
57,0.896557512131108,21,0.04743504
57,0.896557512131108,22,0.04717182
57,0.896557512131108,23,0.04719732
58,0.912350840784936,0,0.04752249
58,0.912350840784936,1,0.04764089
58,0.912350840784936,2,0.04727186
58,0.912350840784936,3,0.04748847
58,0.912350840784936,4,0.04753554
58,0.912350840784936,5,0.04694845
58,0.912350840784936,6,0.04708601
58,0.912350840784936,7,0.04730785
58,0.912350840784936,8,0.04731096
58,0.912350840784936,9,0.04701379
58,0.912350840784936,10,0.0470268
58,0.912350840784936,11,0.04703974
58,0.912350840784936,12,0.04697562
58,0.912350840784936,13,0.04694239
58,0.912350840784936,14,0.04673213
58,0.912350840784936,15,0.04731544
58,0.912350840784936,16,0.04710204
58,0.912350840784936,17,0.04735585
58,0.912350840784936,18,0.04727476
58,0.912350840784936,19,0.04747716
58,0.912350840784936,20,0.04746047
58,0.912350840784936,21,0.04746207
58,0.912350840784936,22,0.04747472
58,0.912350840784936,23,0.0472676
59,0.928144169438765,0,0.04765608
59,0.928144169438765,1,0.04760392
59,0.928144169438765,2,0.04752165
59,0.928144169438765,3,0.04743227
59,0.928144169438765,4,0.04732187
59,0.928144169438765,5,0.04731404
59,0.928144169438765,6,0.04733073
59,0.928144169438765,7,0.04775865
59,0.928144169438765,8,0.04745431
59,0.928144169438765,9,0.04744123
59,0.928144169438765,10,0.04754996
59,0.928144169438765,11,0.04752156
59,0.928144169438765,12,0.04770349
59,0.928144169438765,13,0.04739576
59,0.928144169438765,14,0.04742645
59,0.928144169438765,15,0.04757291
59,0.928144169438765,16,0.04734277
59,0.928144169438765,17,0.04730785
59,0.928144169438765,18,0.04741627
59,0.928144169438765,19,0.04726784
59,0.928144169438765,20,0.04743307
59,0.928144169438765,21,0.04770328
59,0.928144169438765,22,0.04776588
59,0.928144169438765,23,0.04778063
60,0.944166386913663,0,0.0474674
60,0.944166386913663,1,0.04755343
60,0.944166386913663,2,0.04759894
60,0.944166386913663,3,0.04734495
60,0.944166386913663,4,0.04741042
60,0.944166386913663,5,0.04741025
60,0.944166386913663,6,0.04763393
60,0.944166386913663,7,0.04735278
60,0.944166386913663,8,0.04745144
60,0.944166386913663,9,0.04741829
60,0.944166386913663,10,0.04739225
60,0.944166386913663,11,0.04732491
60,0.944166386913663,12,0.04742102
60,0.944166386913663,13,0.047369
60,0.944166386913663,14,0.04744297
60,0.944166386913663,15,0.04727958
60,0.944166386913663,16,0.04725726
60,0.944166386913663,17,0.04767903
60,0.944166386913663,18,0.0475056
60,0.944166386913663,19,0.04774841
60,0.944166386913663,20,0.04761704
60,0.944166386913663,21,0.04742735
60,0.944166386913663,22,0.04746964
60,0.944166386913663,23,0.04713854
61,0.960417493209632,0,0.04719786
61,0.960417493209632,1,0.04717717
61,0.960417493209632,2,0.04708203
61,0.960417493209632,3,0.04699
61,0.960417493209632,4,0.0474332
61,0.960417493209632,5,0.04740814
61,0.960417493209632,6,0.04757177
61,0.960417493209632,7,0.04734876
61,0.960417493209632,8,0.04718711
61,0.960417493209632,9,0.04725944
61,0.960417493209632,10,0.04723736
61,0.960417493209632,11,0.04737128
61,0.960417493209632,12,0.04711716
61,0.960417493209632,13,0.04718029
61,0.960417493209632,14,0.04708002
61,0.960417493209632,15,0.04696701
61,0.960417493209632,16,0.04716306
61,0.960417493209632,17,0.04704406
61,0.960417493209632,18,0.04719537
61,0.960417493209632,19,0.04737288
61,0.960417493209632,20,0.04723923
61,0.960417493209632,21,0.04737817
61,0.960417493209632,22,0.04732284
61,0.960417493209632,23,0.0474224
62,0.97643971068453,0,0.04754675
62,0.97643971068453,1,0.04761988
62,0.97643971068453,2,0.04779949
62,0.97643971068453,3,0.04764504
62,0.97643971068453,4,0.04731377
62,0.97643971068453,5,0.04749701
62,0.97643971068453,6,0.04770225
62,0.97643971068453,7,0.04724733
62,0.97643971068453,8,0.04729377
62,0.97643971068453,9,0.04754685
62,0.97643971068453,10,0.0475743
62,0.97643971068453,11,0.047617
62,0.97643971068453,12,0.04735412
62,0.97643971068453,13,0.04748037
62,0.97643971068453,14,0.047256
62,0.97643971068453,15,0.04747747
62,0.97643971068453,16,0.04770335
62,0.97643971068453,17,0.04753243
62,0.97643971068453,18,0.04749667
62,0.97643971068453,19,0.04767237
62,0.97643971068453,20,0.04743725
62,0.97643971068453,21,0.04759174
62,0.97643971068453,22,0.04734177
62,0.97643971068453,23,0.04758786
63,0.992004150517289,0,0.04750165
63,0.992004150517289,1,0.04755866
63,0.992004150517289,2,0.0472566
63,0.992004150517289,3,0.04710986
63,0.992004150517289,4,0.04767591
63,0.992004150517289,5,0.04743725
63,0.992004150517289,6,0.04771017
63,0.992004150517289,7,0.04744729
63,0.992004150517289,8,0.04722337
63,0.992004150517289,9,0.04747342
63,0.992004150517289,10,0.04731481
63,0.992004150517289,11,0.04720544
63,0.992004150517289,12,0.04713633
63,0.992004150517289,13,0.04712536
63,0.992004150517289,14,0.0474603
63,0.992004150517289,15,0.04720103
63,0.992004150517289,16,0.04724057
63,0.992004150517289,17,0.04725148
63,0.992004150517289,18,0.04733561
63,0.992004150517289,19,0.04714803
63,0.992004150517289,20,0.04698769
63,0.992004150517289,21,0.04692727
63,0.992004150517289,22,0.04719831
63,0.992004150517289,23,0.04712281
64,1.00802636799219,0,0.04748944
64,1.00802636799219,1,0.04718929
64,1.00802636799219,2,0.04728446
64,1.00802636799219,3,0.04751159
64,1.00802636799219,4,0.04767816
64,1.00802636799219,5,0.04732304
64,1.00802636799219,6,0.04717226
64,1.00802636799219,7,0.04727577
64,1.00802636799219,8,0.04734211
64,1.00802636799219,9,0.04742621
64,1.00802636799219,10,0.04722137
64,1.00802636799219,11,0.04705259
64,1.00802636799219,12,0.04727356
64,1.00802636799219,13,0.04738908
64,1.00802636799219,14,0.04724091
64,1.00802636799219,15,0.04743327
64,1.00802636799219,16,0.04732876
64,1.00802636799219,17,0.04773325
64,1.00802636799219,18,0.0475065
64,1.00802636799219,19,0.04696752
64,1.00802636799219,20,0.04680597
64,1.00802636799219,21,0.04707102
64,1.00802636799219,22,0.04703981
64,1.00802636799219,23,0.04701167
65,1.02404858546709,0,0.04746054
65,1.02404858546709,1,0.04763393
65,1.02404858546709,2,0.04703971
65,1.02404858546709,3,0.04741002
65,1.02404858546709,4,0.04731384
65,1.02404858546709,5,0.04722137
65,1.02404858546709,6,0.04725435
65,1.02404858546709,7,0.04702673
65,1.02404858546709,8,0.04708193
65,1.02404858546709,9,0.04763884
65,1.02404858546709,10,0.04761098
65,1.02404858546709,11,0.04750366
65,1.02404858546709,12,0.04695239
65,1.02404858546709,13,0.04735886
65,1.02404858546709,14,0.04731059
65,1.02404858546709,15,0.04748723
65,1.02404858546709,16,0.04761994
65,1.02404858546709,17,0.04748258
65,1.02404858546709,18,0.0474984
65,1.02404858546709,19,0.0476712
65,1.02404858546709,20,0.04774855
65,1.02404858546709,21,0.04756444
65,1.02404858546709,22,0.04734672
65,1.02404858546709,23,0.04762794
66,1.03984191412091,0,0.0473299
66,1.03984191412091,1,0.0474866
66,1.03984191412091,2,0.04721534
66,1.03984191412091,3,0.04754478
66,1.03984191412091,4,0.04704897
66,1.03984191412091,5,0.04719614
66,1.03984191412091,6,0.04737024
66,1.03984191412091,7,0.04671885
66,1.03984191412091,8,0.04740156
66,1.03984191412091,9,0.0472558
66,1.03984191412091,10,0.04713612
66,1.03984191412091,11,0.04714987
66,1.03984191412091,12,0.04743511
66,1.03984191412091,13,0.04704493
66,1.03984191412091,14,0.04734004
66,1.03984191412091,15,0.04732979
66,1.03984191412091,16,0.04736124
66,1.03984191412091,17,0.04705135
66,1.03984191412091,18,0.04700265
66,1.03984191412091,19,0.04724268
66,1.03984191412091,20,0.04735914
66,1.03984191412091,21,0.04715513
66,1.03984191412091,22,0.0471661
66,1.03984191412091,23,0.0472495
67,1.05586413159581,0,0.04746237
67,1.05586413159581,1,0.0477526
67,1.05586413159581,2,0.04751543
67,1.05586413159581,3,0.04755457
67,1.05586413159581,4,0.04760389
67,1.05586413159581,5,0.0476178
67,1.05586413159581,6,0.04768608
67,1.05586413159581,7,0.04768237
67,1.05586413159581,8,0.04772495
67,1.05586413159581,9,0.04768899
67,1.05586413159581,10,0.04773519
67,1.05586413159581,11,0.04755585
67,1.05586413159581,12,0.04727764
67,1.05586413159581,13,0.04755662
67,1.05586413159581,14,0.04760278
67,1.05586413159581,15,0.04748345
67,1.05586413159581,16,0.04722227
67,1.05586413159581,17,0.04736599
67,1.05586413159581,18,0.04778378
67,1.05586413159581,19,0.04751024
67,1.05586413159581,20,0.04782178
67,1.05586413159581,21,0.04767571
67,1.05586413159581,22,0.04793779
67,1.05586413159581,23,0.04764015
68,1.07165746024964,0,0.04714927
68,1.07165746024964,1,0.04739711
68,1.07165746024964,2,0.0471208
68,1.07165746024964,3,0.04734197
68,1.07165746024964,4,0.04713606
68,1.07165746024964,5,0.04703854
68,1.07165746024964,6,0.04724743
68,1.07165746024964,7,0.04717216
68,1.07165746024964,8,0.04732083
68,1.07165746024964,9,0.04745113
68,1.07165746024964,10,0.04743899
68,1.07165746024964,11,0.04764376
68,1.07165746024964,12,0.04761319
68,1.07165746024964,13,0.04741336
68,1.07165746024964,14,0.04787196
68,1.07165746024964,15,0.04764497
68,1.07165746024964,16,0.04778156
68,1.07165746024964,17,0.04739105
68,1.07165746024964,18,0.04759265
68,1.07165746024964,19,0.04764189
68,1.07165746024964,20,0.04771114
68,1.07165746024964,21,0.04775785
68,1.07165746024964,22,0.04768293
68,1.07165746024964,23,0.0477565
69,1.08699301126133,0,0.0477173
69,1.08699301126133,1,0.0475792
69,1.08699301126133,2,0.04748165
69,1.08699301126133,3,0.0474965
69,1.08699301126133,4,0.04786988
69,1.08699301126133,5,0.04773222
69,1.08699301126133,6,0.04758565
69,1.08699301126133,7,0.04760008
69,1.08699301126133,8,0.04746452
69,1.08699301126133,9,0.04748362
69,1.08699301126133,10,0.04754828
69,1.08699301126133,11,0.04755665
69,1.08699301126133,12,0.04753159
69,1.08699301126133,13,0.04736108
69,1.08699301126133,14,0.04777344
69,1.08699301126133,15,0.04772346
69,1.08699301126133,16,0.04740098
69,1.08699301126133,17,0.04767622
69,1.08699301126133,18,0.04785694
69,1.08699301126133,19,0.04763293
69,1.08699301126133,20,0.04731086
69,1.08699301126133,21,0.04760202
69,1.08699301126133,22,0.04728844
69,1.08699301126133,23,0.04789384
70,1.10278633991516,0,0.04959589
70,1.10278633991516,1,0.04968428
70,1.10278633991516,2,0.04996763
70,1.10278633991516,3,0.05030546
70,1.10278633991516,4,0.04941082
70,1.10278633991516,5,0.04975625
70,1.10278633991516,6,0.05002068
70,1.10278633991516,7,0.04970847
70,1.10278633991516,8,0.04958206
70,1.10278633991516,9,0.04950994
70,1.10278633991516,10,0.04919056
70,1.10278633991516,11,0.04944032
70,1.10278633991516,12,0.0489508
70,1.10278633991516,13,0.04921697
70,1.10278633991516,14,0.04965772
70,1.10278633991516,15,0.04917064
70,1.10278633991516,16,0.04909622
70,1.10278633991516,17,0.04938652
70,1.10278633991516,18,0.0492239
70,1.10278633991516,19,0.0492944
70,1.10278633991516,20,0.04898029
70,1.10278633991516,21,0.04916783
70,1.10278633991516,22,0.04921143
70,1.10278633991516,23,0.04955363
71,1.11857966856899,0,0.05268618
71,1.11857966856899,1,0.05253749
71,1.11857966856899,2,0.05258173
71,1.11857966856899,3,0.05280249
71,1.11857966856899,4,0.05226184
71,1.11857966856899,5,0.05252598
71,1.11857966856899,6,0.05227797
71,1.11857966856899,7,0.05253961
71,1.11857966856899,8,0.05214738
71,1.11857966856899,9,0.05210913
71,1.11857966856899,10,0.05171987
71,1.11857966856899,11,0.0522886
71,1.11857966856899,12,0.05261582
71,1.11857966856899,13,0.05245561
71,1.11857966856899,14,0.05253475
71,1.11857966856899,15,0.05250549
71,1.11857966856899,16,0.05237621
71,1.11857966856899,17,0.05218069
71,1.11857966856899,18,0.05191468
71,1.11857966856899,19,0.05218433
71,1.11857966856899,20,0.05203405
71,1.11857966856899,21,0.05204773
71,1.11857966856899,22,0.05248271
71,1.11857966856899,23,0.05220797
72,1.13414410840175,0,0.0545678
72,1.13414410840175,1,0.05407421
72,1.13414410840175,2,0.054271
72,1.13414410840175,3,0.05447883
72,1.13414410840175,4,0.05419484
72,1.13414410840175,5,0.05438634
72,1.13414410840175,6,0.05471553
72,1.13414410840175,7,0.05433924
72,1.13414410840175,8,0.05414875
72,1.13414410840175,9,0.05432863
72,1.13414410840175,10,0.05397114
72,1.13414410840175,11,0.05410323
72,1.13414410840175,12,0.0541455
72,1.13414410840175,13,0.05444852
72,1.13414410840175,14,0.05424583
72,1.13414410840175,15,0.05420078
72,1.13414410840175,16,0.05434816
72,1.13414410840175,17,0.05437935
72,1.13414410840175,18,0.05417963
72,1.13414410840175,19,0.05439286
72,1.13414410840175,20,0.05423355
72,1.13414410840175,21,0.05471978
72,1.13414410840175,22,0.05420985
72,1.13414410840175,23,0.05417889
73,1.15016632587664,0,0.0558675
73,1.15016632587664,1,0.05606421
73,1.15016632587664,2,0.05545312
73,1.15016632587664,3,0.05581326
73,1.15016632587664,4,0.0559009
73,1.15016632587664,5,0.05572635
73,1.15016632587664,6,0.05615871
73,1.15016632587664,7,0.05586886
73,1.15016632587664,8,0.05581575
73,1.15016632587664,9,0.0560722
73,1.15016632587664,10,0.0557695
73,1.15016632587664,11,0.05577046
73,1.15016632587664,12,0.05607268
73,1.15016632587664,13,0.05620592
73,1.15016632587664,14,0.05619284
73,1.15016632587664,15,0.05594297
73,1.15016632587664,16,0.05580736
73,1.15016632587664,17,0.05584482
73,1.15016632587664,18,0.05572707
73,1.15016632587664,19,0.05580034
73,1.15016632587664,20,0.05553871
73,1.15016632587664,21,0.05568648
73,1.15016632587664,22,0.05581471
73,1.15016632587664,23,0.05586083
74,1.1657307657094,0,0.05690285
74,1.1657307657094,1,0.05674383
74,1.1657307657094,2,0.05687904
74,1.1657307657094,3,0.05656495
74,1.1657307657094,4,0.05688438
74,1.1657307657094,5,0.05695399
74,1.1657307657094,6,0.05714561
74,1.1657307657094,7,0.05714921
74,1.1657307657094,8,0.05735019
74,1.1657307657094,9,0.05678004
74,1.1657307657094,10,0.0568165
74,1.1657307657094,11,0.05680132
74,1.1657307657094,12,0.0565142
74,1.1657307657094,13,0.05672982
74,1.1657307657094,14,0.05668643
74,1.1657307657094,15,0.0566525
74,1.1657307657094,16,0.05684853
74,1.1657307657094,17,0.05688731
74,1.1657307657094,18,0.05706022
74,1.1657307657094,19,0.05697976
74,1.1657307657094,20,0.05662849
74,1.1657307657094,21,0.05695275
74,1.1657307657094,22,0.05678944
74,1.1657307657094,23,0.05682521
75,1.1817529831843,0,0.05705884
75,1.1817529831843,1,0.05739744
75,1.1817529831843,2,0.05727588
75,1.1817529831843,3,0.05701092
75,1.1817529831843,4,0.05740598
75,1.1817529831843,5,0.05737368
75,1.1817529831843,6,0.05714123
75,1.1817529831843,7,0.05712517
75,1.1817529831843,8,0.05698362
75,1.1817529831843,9,0.0571544
75,1.1817529831843,10,0.05702765
75,1.1817529831843,11,0.05709314
75,1.1817529831843,12,0.05715857
75,1.1817529831843,13,0.05720478
75,1.1817529831843,14,0.05721101
75,1.1817529831843,15,0.05736379
75,1.1817529831843,16,0.05760294
75,1.1817529831843,17,0.05769452
75,1.1817529831843,18,0.05772153
75,1.1817529831843,19,0.0572124
75,1.1817529831843,20,0.05737403
75,1.1817529831843,21,0.05719217
75,1.1817529831843,22,0.05742225
75,1.1817529831843,23,0.05736031
76,1.1977752006592,0,0.05785201
76,1.1977752006592,1,0.0578408
76,1.1977752006592,2,0.0574983
76,1.1977752006592,3,0.0576742
76,1.1977752006592,4,0.05758705
76,1.1977752006592,5,0.0574585
76,1.1977752006592,6,0.05791628
76,1.1977752006592,7,0.05783402
76,1.1977752006592,8,0.0579172
76,1.1977752006592,9,0.0574659
76,1.1977752006592,10,0.05772823
76,1.1977752006592,11,0.05775039
76,1.1977752006592,12,0.05821478
76,1.1977752006592,13,0.05798942
76,1.1977752006592,14,0.0581934
76,1.1977752006592,15,0.05814867
76,1.1977752006592,16,0.05785276
76,1.1977752006592,17,0.05801363
76,1.1977752006592,18,0.0579604
76,1.1977752006592,19,0.05779472
76,1.1977752006592,20,0.05770857
76,1.1977752006592,21,0.05755381
76,1.1977752006592,22,0.057771
76,1.1977752006592,23,0.05748885
77,1.21356852931303,0,0.05819508
77,1.21356852931303,1,0.058275
77,1.21356852931303,2,0.05800691
77,1.21356852931303,3,0.05794246
77,1.21356852931303,4,0.05795726
77,1.21356852931303,5,0.05796158
77,1.21356852931303,6,0.05764454
77,1.21356852931303,7,0.05784591
77,1.21356852931303,8,0.05826688
77,1.21356852931303,9,0.05795408
77,1.21356852931303,10,0.05806386
77,1.21356852931303,11,0.05808063
77,1.21356852931303,12,0.05806946
77,1.21356852931303,13,0.05807523
77,1.21356852931303,14,0.05801359
77,1.21356852931303,15,0.05834057
77,1.21356852931303,16,0.05803299
77,1.21356852931303,17,0.05846251
77,1.21356852931303,18,0.05849116
77,1.21356852931303,19,0.05840354
77,1.21356852931303,20,0.05824906
77,1.21356852931303,21,0.05807988
77,1.21356852931303,22,0.05836198
77,1.21356852931303,23,0.0580059
78,1.22959074678793,0,0.05810593
78,1.22959074678793,1,0.05825229
78,1.22959074678793,2,0.05829678
78,1.22959074678793,3,0.05840125
78,1.22959074678793,4,0.05852666
78,1.22959074678793,5,0.05852708
78,1.22959074678793,6,0.05835596
78,1.22959074678793,7,0.05827533
78,1.22959074678793,8,0.05847004
78,1.22959074678793,9,0.05824179
78,1.22959074678793,10,0.05843114
78,1.22959074678793,11,0.05859767
78,1.22959074678793,12,0.05867018
78,1.22959074678793,13,0.05833208
78,1.22959074678793,14,0.05860645
78,1.22959074678793,15,0.05864479
78,1.22959074678793,16,0.05871697
78,1.22959074678793,17,0.05836478
78,1.22959074678793,18,0.05867767
78,1.22959074678793,19,0.05818889
78,1.22959074678793,20,0.0582755
78,1.22959074678793,21,0.05831556
78,1.22959074678793,22,0.05814377
78,1.22959074678793,23,0.0582323
79,1.24538407544176,0,0.05872199
79,1.24538407544176,1,0.05881219
79,1.24538407544176,2,0.05886363
79,1.24538407544176,3,0.05870012
79,1.24538407544176,4,0.05848104
79,1.24538407544176,5,0.05863062
79,1.24538407544176,6,0.05872274
79,1.24538407544176,7,0.05837695
79,1.24538407544176,8,0.05850529
79,1.24538407544176,9,0.05865424
79,1.24538407544176,10,0.05875607
79,1.24538407544176,11,0.058782
79,1.24538407544176,12,0.05848208
79,1.24538407544176,13,0.05852444
79,1.24538407544176,14,0.0585696
79,1.24538407544176,15,0.05866236
79,1.24538407544176,16,0.05850575
79,1.24538407544176,17,0.05839313
79,1.24538407544176,18,0.05871664
79,1.24538407544176,19,0.05850537
79,1.24538407544176,20,0.05852624
79,1.24538407544176,21,0.05896805
79,1.24538407544176,22,0.05906251
79,1.24538407544176,23,0.05854531
80,1.26049073763237,0,0.05897884
80,1.26049073763237,1,0.05877627
80,1.26049073763237,2,0.05861949
80,1.26049073763237,3,0.05842609
80,1.26049073763237,4,0.05876017
80,1.26049073763237,5,0.05860243
80,1.26049073763237,6,0.05874821
80,1.26049073763237,7,0.05861761
80,1.26049073763237,8,0.05876414
80,1.26049073763237,9,0.05874336
80,1.26049073763237,10,0.0588311
80,1.26049073763237,11,0.05877518
80,1.26049073763237,12,0.05871522
80,1.26049073763237,13,0.05913662
80,1.26049073763237,14,0.05853448
80,1.26049073763237,15,0.05887132
80,1.26049073763237,16,0.05864676
80,1.26049073763237,17,0.05877041
80,1.26049073763237,18,0.05875729
80,1.26049073763237,19,0.05849927
80,1.26049073763237,20,0.05889269
80,1.26049073763237,21,0.05884377
80,1.26049073763237,22,0.05852047
80,1.26049073763237,23,0.05858671
81,1.2762840662862,0,0.05903646
81,1.2762840662862,1,0.05880729
81,1.2762840662862,2,0.05891193
81,1.2762840662862,3,0.05864073
81,1.2762840662862,4,0.05879337
81,1.2762840662862,5,0.05898942
81,1.2762840662862,6,0.05874662
81,1.2762840662862,7,0.05871522
81,1.2762840662862,8,0.05830235
81,1.2762840662862,9,0.05871501
81,1.2762840662862,10,0.05883344
81,1.2762840662862,11,0.05883954
81,1.2762840662862,12,0.05879734
81,1.2762840662862,13,0.05876812
81,1.2762840662862,14,0.05906812
81,1.2762840662862,15,0.05915957
81,1.2762840662862,16,0.05879973
81,1.2762840662862,17,0.05917894
81,1.2762840662862,18,0.0592742
81,1.2762840662862,19,0.05905654
81,1.2762840662862,20,0.05929122
81,1.2762840662862,21,0.05894597
81,1.2762840662862,22,0.05911742
81,1.2762840662862,23,0.05890591
82,1.29207739494003,0,0.05877343
82,1.29207739494003,1,0.05840062
82,1.29207739494003,2,0.05897834
82,1.29207739494003,3,0.05871589
82,1.29207739494003,4,0.05893062
82,1.29207739494003,5,0.05885556
82,1.29207739494003,6,0.05887572
82,1.29207739494003,7,0.05877539
82,1.29207739494003,8,0.05877794
82,1.29207739494003,9,0.05901325
82,1.29207739494003,10,0.05915276
82,1.29207739494003,11,0.05903772
82,1.29207739494003,12,0.05869577
82,1.29207739494003,13,0.05869405
82,1.29207739494003,14,0.05895605
82,1.29207739494003,15,0.05878012
82,1.29207739494003,16,0.05875783
82,1.29207739494003,17,0.0586348
82,1.29207739494003,18,0.05876853
82,1.29207739494003,19,0.05864387
82,1.29207739494003,20,0.05884272
82,1.29207739494003,21,0.05875804
82,1.29207739494003,22,0.05902015
82,1.29207739494003,23,0.05867085
83,1.30764183477279,0,0.05875615
83,1.30764183477279,1,0.05895115
83,1.30764183477279,2,0.05915406
83,1.30764183477279,3,0.05892414
83,1.30764183477279,4,0.0586381
83,1.30764183477279,5,0.05907631
83,1.30764183477279,6,0.05898891
83,1.30764183477279,7,0.0592742
83,1.30764183477279,8,0.05930339
83,1.30764183477279,9,0.05910145
83,1.30764183477279,10,0.05885614
83,1.30764183477279,11,0.0586118
83,1.30764183477279,12,0.0587301
83,1.30764183477279,13,0.0587554
83,1.30764183477279,14,0.05870012
83,1.30764183477279,15,0.05880914
83,1.30764183477279,16,0.05891502
83,1.30764183477279,17,0.05890461
83,1.30764183477279,18,0.05895584
83,1.30764183477279,19,0.05877535
83,1.30764183477279,20,0.05869297
83,1.30764183477279,21,0.05888077
83,1.30764183477279,22,0.05887358
83,1.30764183477279,23,0.05878037
84,1.32343516342662,0,0.05910408
84,1.32343516342662,1,0.05911437
84,1.32343516342662,2,0.0591341
84,1.32343516342662,3,0.05931225
84,1.32343516342662,4,0.05920286
84,1.32343516342662,5,0.0590815
84,1.32343516342662,6,0.05898494
84,1.32343516342662,7,0.05917576
84,1.32343516342662,8,0.05883837
84,1.32343516342662,9,0.05883435
84,1.32343516342662,10,0.05875515
84,1.32343516342662,11,0.05905737
84,1.32343516342662,12,0.05864392
84,1.32343516342662,13,0.05870284
84,1.32343516342662,14,0.05870702
84,1.32343516342662,15,0.05936954
84,1.32343516342662,16,0.05895169
84,1.32343516342662,17,0.05890979
84,1.32343516342662,18,0.05881127
84,1.32343516342662,19,0.05880843
84,1.32343516342662,20,0.05901644
84,1.32343516342662,21,0.05834107
84,1.32343516342662,22,0.05847108
84,1.32343516342662,23,0.0586271
85,1.33854182561724,0,0.0590846
85,1.33854182561724,1,0.05905026
85,1.33854182561724,2,0.05877932
85,1.33854182561724,3,0.05896976
85,1.33854182561724,4,0.0590222
85,1.33854182561724,5,0.05877941
85,1.33854182561724,6,0.05887793
85,1.33854182561724,7,0.05907406
85,1.33854182561724,8,0.05887329
85,1.33854182561724,9,0.05926952
85,1.33854182561724,10,0.05908535
85,1.33854182561724,11,0.05900021
85,1.33854182561724,12,0.05936231
85,1.33854182561724,13,0.05909924
85,1.33854182561724,14,0.05928402
85,1.33854182561724,15,0.05936348
85,1.33854182561724,16,0.05886681
85,1.33854182561724,17,0.05867403
85,1.33854182561724,18,0.05888696
85,1.33854182561724,19,0.05899134
85,1.33854182561724,20,0.05926425
85,1.33854182561724,21,0.05904123
85,1.33854182561724,22,0.05900167
85,1.33854182561724,23,0.05896299
86,1.35456404309214,0,0.05919733
86,1.35456404309214,1,0.05924555
86,1.35456404309214,2,0.05925395
86,1.35456404309214,3,0.05892171
86,1.35456404309214,4,0.05912754
86,1.35456404309214,5,0.05943783
86,1.35456404309214,6,0.05903094
86,1.35456404309214,7,0.05915539
86,1.35456404309214,8,0.05909438
86,1.35456404309214,9,0.05874829
86,1.35456404309214,10,0.05922071
86,1.35456404309214,11,0.05890457
86,1.35456404309214,12,0.05935039
86,1.35456404309214,13,0.05933119
86,1.35456404309214,14,0.05910149
86,1.35456404309214,15,0.05907824
86,1.35456404309214,16,0.05928085
86,1.35456404309214,17,0.05919968
86,1.35456404309214,18,0.0589325
86,1.35456404309214,19,0.05929431
86,1.35456404309214,20,0.05920168
86,1.35456404309214,21,0.05925542
86,1.35456404309214,22,0.05924572
86,1.35456404309214,23,0.05919931
87,1.3708151493881,0,0.05881776
87,1.3708151493881,1,0.05876084
87,1.3708151493881,2,0.05862054
87,1.3708151493881,3,0.05878212
87,1.3708151493881,4,0.05871789
87,1.3708151493881,5,0.05865174
87,1.3708151493881,6,0.05903722
87,1.3708151493881,7,0.05900911
87,1.3708151493881,8,0.05908753
87,1.3708151493881,9,0.05897842
87,1.3708151493881,10,0.05896483
87,1.3708151493881,11,0.05930418
87,1.3708151493881,12,0.05914757
87,1.3708151493881,13,0.05899828
87,1.3708151493881,14,0.05879543
87,1.3708151493881,15,0.05900405
87,1.3708151493881,16,0.05890775
87,1.3708151493881,17,0.05904721
87,1.3708151493881,18,0.05922895
87,1.3708151493881,19,0.05897303
87,1.3708151493881,20,0.05888918
87,1.3708151493881,21,0.05884828
87,1.3708151493881,22,0.05866775
87,1.3708151493881,23,0.05870911
88,1.38706625568407,0,0.05884841
88,1.38706625568407,1,0.05908116
88,1.38706625568407,2,0.05892995
88,1.38706625568407,3,0.05872487
88,1.38706625568407,4,0.05896914
88,1.38706625568407,5,0.05919495
88,1.38706625568407,6,0.0590815
88,1.38706625568407,7,0.05921473
88,1.38706625568407,8,0.05896303
88,1.38706625568407,9,0.05894008
88,1.38706625568407,10,0.05908409
88,1.38706625568407,11,0.05900802
88,1.38706625568407,12,0.05893175
88,1.38706625568407,13,0.05890837
88,1.38706625568407,14,0.05912044
88,1.38706625568407,15,0.0590613
88,1.38706625568407,16,0.05919462
88,1.38706625568407,17,0.05897394
88,1.38706625568407,18,0.05893798
88,1.38706625568407,19,0.05911713
88,1.38706625568407,20,0.05872609
88,1.38706625568407,21,0.05894401
88,1.38706625568407,22,0.05874809
88,1.38706625568407,23,0.05927997
89,1.40331736198004,0,0.05888801
89,1.40331736198004,1,0.05918136
89,1.40331736198004,2,0.05917216
89,1.40331736198004,3,0.0591641
89,1.40331736198004,4,0.05924794
89,1.40331736198004,5,0.05882645
89,1.40331736198004,6,0.059174
89,1.40331736198004,7,0.05890495
89,1.40331736198004,8,0.05900121
89,1.40331736198004,9,0.05888387
89,1.40331736198004,10,0.05901597
89,1.40331736198004,11,0.05853235
89,1.40331736198004,12,0.0588515
89,1.40331736198004,13,0.05887287
89,1.40331736198004,14,0.05871518
89,1.40331736198004,15,0.05880186
89,1.40331736198004,16,0.0586862
89,1.40331736198004,17,0.05884055
89,1.40331736198004,18,0.05902839
89,1.40331736198004,19,0.05898933
89,1.40331736198004,20,0.05905449
89,1.40331736198004,21,0.05849032
89,1.40331736198004,22,0.05869017
89,1.40331736198004,23,0.05886944
90,1.4188818018128,0,0.05903241
90,1.4188818018128,1,0.05910743
90,1.4188818018128,2,0.05906152
90,1.4188818018128,3,0.05900874
90,1.4188818018128,4,0.05969099
90,1.4188818018128,5,0.05902722
90,1.4188818018128,6,0.05905984
90,1.4188818018128,7,0.05937967
90,1.4188818018128,8,0.05895751
90,1.4188818018128,9,0.05932739
90,1.4188818018128,10,0.05918421
90,1.4188818018128,11,0.05918902
90,1.4188818018128,12,0.05930247
90,1.4188818018128,13,0.05935148
90,1.4188818018128,14,0.05946297
90,1.4188818018128,15,0.05904541
90,1.4188818018128,16,0.05926717
90,1.4188818018128,17,0.05923205
90,1.4188818018128,18,0.05923297
90,1.4188818018128,19,0.05934224
90,1.4188818018128,20,0.05947841
90,1.4188818018128,21,0.05937134
90,1.4188818018128,22,0.05927512
90,1.4188818018128,23,0.05963459
91,1.43513290810877,0,0.0594929
91,1.43513290810877,1,0.05964475
91,1.43513290810877,2,0.05927429
91,1.43513290810877,3,0.05972859
91,1.43513290810877,4,0.05992998
91,1.43513290810877,5,0.0595338
91,1.43513290810877,6,0.05958482
91,1.43513290810877,7,0.0596483
91,1.43513290810877,8,0.05966009
91,1.43513290810877,9,0.05945979
91,1.43513290810877,10,0.05958641
91,1.43513290810877,11,0.05935198
91,1.43513290810877,12,0.05953974
91,1.43513290810877,13,0.05938874
91,1.43513290810877,14,0.0591357
91,1.43513290810877,15,0.05958202
91,1.43513290810877,16,0.05943077
91,1.43513290810877,17,0.05956927
91,1.43513290810877,18,0.0595139
91,1.43513290810877,19,0.05960619
91,1.43513290810877,20,0.05960565
91,1.43513290810877,21,0.05949735
91,1.43513290810877,22,0.059795
91,1.43513290810877,23,0.05959319
92,1.45115512558367,0,0.05964873
92,1.45115512558367,1,0.05932124
92,1.45115512558367,2,0.05945163
92,1.45115512558367,3,0.05933835
92,1.45115512558367,4,0.05939054
92,1.45115512558367,5,0.05918099
92,1.45115512558367,6,0.05935357
92,1.45115512558367,7,0.05915677
92,1.45115512558367,8,0.05948266
92,1.45115512558367,9,0.05939464
92,1.45115512558367,10,0.05925421
92,1.45115512558367,11,0.05924635
92,1.45115512558367,12,0.05926508
92,1.45115512558367,13,0.05915622
92,1.45115512558367,14,0.05914686
92,1.45115512558367,15,0.05921089
92,1.45115512558367,16,0.05939781
92,1.45115512558367,17,0.05923313
92,1.45115512558367,18,0.05950102
92,1.45115512558367,19,0.0592773
92,1.45115512558367,20,0.05939175
92,1.45115512558367,21,0.05929184
92,1.45115512558367,22,0.05936335
92,1.45115512558367,23,0.05939957
93,1.46717734305857,0,0.05923058
93,1.46717734305857,1,0.05917488
93,1.46717734305857,2,0.05958027
93,1.46717734305857,3,0.05937736
93,1.46717734305857,4,0.05936933
93,1.46717734305857,5,0.05935942
93,1.46717734305857,6,0.05925069
93,1.46717734305857,7,0.05969564
93,1.46717734305857,8,0.05971881
93,1.46717734305857,9,0.05952004
93,1.46717734305857,10,0.05944068
93,1.46717734305857,11,0.05973905
93,1.46717734305857,12,0.05975752
93,1.46717734305857,13,0.05945368
93,1.46717734305857,14,0.0594439
93,1.46717734305857,15,0.05949867
93,1.46717734305857,16,0.05902818
93,1.46717734305857,17,0.05941872
93,1.46717734305857,18,0.05931142
93,1.46717734305857,19,0.05923062
93,1.46717734305857,20,0.0594909
93,1.46717734305857,21,0.05938042
93,1.46717734305857,22,0.05916422
93,1.46717734305857,23,0.0593575
94,1.48319956053346,0,0.05948191
94,1.48319956053346,1,0.05975874
94,1.48319956053346,2,0.05931326
94,1.48319956053346,3,0.05922197
94,1.48319956053346,4,0.05901455
94,1.48319956053346,5,0.059253
94,1.48319956053346,6,0.05896316
94,1.48319956053346,7,0.05922607
94,1.48319956053346,8,0.0595594
94,1.48319956053346,9,0.05927913
94,1.48319956053346,10,0.05936553
94,1.48319956053346,11,0.05918492
94,1.48319956053346,12,0.05935963
94,1.48319956053346,13,0.05926374
94,1.48319956053346,14,0.05939652
94,1.48319956053346,15,0.05930247
94,1.48319956053346,16,0.05918592
94,1.48319956053346,17,0.05930017
94,1.48319956053346,18,0.05933446
94,1.48319956053346,19,0.05931594
94,1.48319956053346,20,0.05934123
94,1.48319956053346,21,0.05936636
94,1.48319956053346,22,0.05943248
94,1.48319956053346,23,0.0591878
95,1.49945066682943,0,0.0593736
95,1.49945066682943,1,0.0593723
95,1.49945066682943,2,0.05930706
95,1.49945066682943,3,0.05929532
95,1.49945066682943,4,0.05905553
95,1.49945066682943,5,0.05910069
95,1.49945066682943,6,0.05944294
95,1.49945066682943,7,0.05925513
95,1.49945066682943,8,0.05881755
95,1.49945066682943,9,0.0589678
95,1.49945066682943,10,0.0592397
95,1.49945066682943,11,0.05941475
95,1.49945066682943,12,0.05913335
95,1.49945066682943,13,0.05914729
95,1.49945066682943,14,0.05923309
95,1.49945066682943,15,0.05922602
95,1.49945066682943,16,0.05890076
95,1.49945066682943,17,0.05903634
95,1.49945066682943,18,0.05911086
95,1.49945066682943,19,0.05929816
95,1.49945066682943,20,0.05940463
95,1.49945066682943,21,0.05964148
95,1.49945066682943,22,0.05940865
95,1.49945066682943,23,0.05914557
96,1.5157017731254,0,0.05933517
96,1.5157017731254,1,0.05938808
96,1.5157017731254,2,0.05929649
96,1.5157017731254,3,0.05939125
96,1.5157017731254,4,0.0590935
96,1.5157017731254,5,0.05933425
96,1.5157017731254,6,0.0592995
96,1.5157017731254,7,0.05886706
96,1.5157017731254,8,0.05873198
96,1.5157017731254,9,0.0589755
96,1.5157017731254,10,0.05906038
96,1.5157017731254,11,0.05882699
96,1.5157017731254,12,0.05877447
96,1.5157017731254,13,0.05909651
96,1.5157017731254,14,0.05924208
96,1.5157017731254,15,0.05897394
96,1.5157017731254,16,0.05878008
96,1.5157017731254,17,0.05897101
96,1.5157017731254,18,0.05918705
96,1.5157017731254,19,0.05915714
96,1.5157017731254,20,0.05904407
96,1.5157017731254,21,0.05890093
96,1.5157017731254,22,0.05907037
96,1.5157017731254,23,0.0589417
97,1.53195287942137,0,0.05904713
97,1.53195287942137,1,0.05905938
97,1.53195287942137,2,0.05920746
97,1.53195287942137,3,0.05901798
97,1.53195287942137,4,0.05908317
97,1.53195287942137,5,0.059161
97,1.53195287942137,6,0.05916074
97,1.53195287942137,7,0.05921595
97,1.53195287942137,8,0.05929356
97,1.53195287942137,9,0.05910149
97,1.53195287942137,10,0.05928829
97,1.53195287942137,11,0.05946999
97,1.53195287942137,12,0.05944469
97,1.53195287942137,13,0.05928515
97,1.53195287942137,14,0.05953008
97,1.53195287942137,15,0.05951751
97,1.53195287942137,16,0.05942562
97,1.53195287942137,17,0.05929293
97,1.53195287942137,18,0.05928406
97,1.53195287942137,19,0.05953288
97,1.53195287942137,20,0.05953305
97,1.53195287942137,21,0.05950277
97,1.53195287942137,22,0.05946807
97,1.53195287942137,23,0.05947166
98,1.54797509689627,0,0.05922493
98,1.54797509689627,1,0.05891682
98,1.54797509689627,2,0.05934345
98,1.54797509689627,3,0.05930038
98,1.54797509689627,4,0.05902254
98,1.54797509689627,5,0.05925613
98,1.54797509689627,6,0.05905946
98,1.54797509689627,7,0.05946175
98,1.54797509689627,8,0.05913871
98,1.54797509689627,9,0.05949688
98,1.54797509689627,10,0.05924886
98,1.54797509689627,11,0.05919135
98,1.54797509689627,12,0.05928272
98,1.54797509689627,13,0.05882072
98,1.54797509689627,14,0.05897725
98,1.54797509689627,15,0.05902927
98,1.54797509689627,16,0.05904621
98,1.54797509689627,17,0.05918321
98,1.54797509689627,18,0.05922699
98,1.54797509689627,19,0.05934492
98,1.54797509689627,20,0.0589358
98,1.54797509689627,21,0.05931644
98,1.54797509689627,22,0.05909618
98,1.54797509689627,23,0.05905131
99,1.56422620319224,0,0.05922079
99,1.56422620319224,1,0.05921193
99,1.56422620319224,2,0.059232
99,1.56422620319224,3,0.05908024
99,1.56422620319224,4,0.05913181
99,1.56422620319224,5,0.05903659
99,1.56422620319224,6,0.05893777
99,1.56422620319224,7,0.05899912
99,1.56422620319224,8,0.05946874
99,1.56422620319224,9,0.05912056
99,1.56422620319224,10,0.05920469
99,1.56422620319224,11,0.05903224
99,1.56422620319224,12,0.05889918
99,1.56422620319224,13,0.05926153
99,1.56422620319224,14,0.05949207
99,1.56422620319224,15,0.0595019
99,1.56422620319224,16,0.05938033
99,1.56422620319224,17,0.05963145
99,1.56422620319224,18,0.05936733
99,1.56422620319224,19,0.05945786
99,1.56422620319224,20,0.05943269
99,1.56422620319224,21,0.05945468
99,1.56422620319224,22,0.05942257
99,1.56422620319224,23,0.05955492
100,1.5804773094882,0,0.05929248
100,1.5804773094882,1,0.05920198
100,1.5804773094882,2,0.05919897
100,1.5804773094882,3,0.05897503
100,1.5804773094882,4,0.05934755
100,1.5804773094882,5,0.05934174
100,1.5804773094882,6,0.05895308
100,1.5804773094882,7,0.05933638
100,1.5804773094882,8,0.05915054
100,1.5804773094882,9,0.05943896
100,1.5804773094882,10,0.05940333
100,1.5804773094882,11,0.05928812
100,1.5804773094882,12,0.05932007
100,1.5804773094882,13,0.05940903
100,1.5804773094882,14,0.05937745
100,1.5804773094882,15,0.05955388
100,1.5804773094882,16,0.05973143
100,1.5804773094882,17,0.05937933
100,1.5804773094882,18,0.05961343
100,1.5804773094882,19,0.05931104
100,1.5804773094882,20,0.05931108
100,1.5804773094882,21,0.05961896
100,1.5804773094882,22,0.05908347
100,1.5804773094882,23,0.05922699
101,1.59672841578417,0,0.05947138
101,1.59672841578417,1,0.05944268
101,1.59672841578417,2,0.05942776
101,1.59672841578417,3,0.05921285
101,1.59672841578417,4,0.05938853
101,1.59672841578417,5,0.05923247
101,1.59672841578417,6,0.059713
101,1.59672841578417,7,0.05912081
101,1.59672841578417,8,0.05926679
101,1.59672841578417,9,0.05938849
101,1.59672841578417,10,0.05931108
101,1.59672841578417,11,0.05937335
101,1.59672841578417,12,0.05942855
101,1.59672841578417,13,0.05960401
101,1.59672841578417,14,0.05903856
101,1.59672841578417,15,0.05942453
101,1.59672841578417,16,0.05947191
101,1.59672841578417,17,0.05923903
101,1.59672841578417,18,0.05944783
101,1.59672841578417,19,0.05967544
101,1.59672841578417,20,0.05948417
101,1.59672841578417,21,0.0595944
101,1.59672841578417,22,0.05942554
101,1.59672841578417,23,0.05962891
102,1.61275063325907,0,0.05894622
102,1.61275063325907,1,0.0589811
102,1.61275063325907,2,0.05940237
102,1.61275063325907,3,0.05932526
102,1.61275063325907,4,0.0590782
102,1.61275063325907,5,0.0594416
102,1.61275063325907,6,0.05923162
102,1.61275063325907,7,0.0591436
102,1.61275063325907,8,0.05906758
102,1.61275063325907,9,0.05930811
102,1.61275063325907,10,0.05902208
102,1.61275063325907,11,0.0588786
102,1.61275063325907,12,0.05918195
102,1.61275063325907,13,0.05942758
102,1.61275063325907,14,0.05911663
102,1.61275063325907,15,0.0591656
102,1.61275063325907,16,0.05918755
102,1.61275063325907,17,0.05927474
102,1.61275063325907,18,0.05911354
102,1.61275063325907,19,0.05931853
102,1.61275063325907,20,0.05933651
102,1.61275063325907,21,0.05947329
102,1.61275063325907,22,0.05910819
102,1.61275063325907,23,0.05927533
103,1.62900173955504,0,0.05935441
103,1.62900173955504,1,0.05947108
103,1.62900173955504,2,0.05932643
103,1.62900173955504,3,0.05918216
103,1.62900173955504,4,0.05927905
103,1.62900173955504,5,0.05928014
103,1.62900173955504,6,0.05936444
103,1.62900173955504,7,0.05904922
103,1.62900173955504,8,0.05925635
103,1.62900173955504,9,0.05928328
103,1.62900173955504,10,0.05939573
103,1.62900173955504,11,0.05939743
103,1.62900173955504,12,0.05941174
103,1.62900173955504,13,0.0594953
103,1.62900173955504,14,0.05934324
103,1.62900173955504,15,0.05930343
103,1.62900173955504,16,0.05932823
103,1.62900173955504,17,0.05967766
103,1.62900173955504,18,0.05918048
103,1.62900173955504,19,0.05921892
103,1.62900173955504,20,0.05897641
103,1.62900173955504,21,0.05918107
103,1.62900173955504,22,0.05914276
103,1.62900173955504,23,0.05904976
104,1.64502395702994,0,0.05923384
104,1.64502395702994,1,0.05926495
104,1.64502395702994,2,0.05922017
104,1.64502395702994,3,0.05938908
104,1.64502395702994,4,0.05931389
104,1.64502395702994,5,0.05891168
104,1.64502395702994,6,0.05913942
104,1.64502395702994,7,0.05904483
104,1.64502395702994,8,0.05893058
104,1.64502395702994,9,0.05882152
104,1.64502395702994,10,0.05916275
104,1.64502395702994,11,0.05939158
104,1.64502395702994,12,0.05898611
104,1.64502395702994,13,0.0591909
104,1.64502395702994,14,0.05901614
104,1.64502395702994,15,0.05911872
104,1.64502395702994,16,0.05903914
104,1.64502395702994,17,0.05916354
104,1.64502395702994,18,0.05915827
104,1.64502395702994,19,0.05936151
104,1.64502395702994,20,0.05907523
104,1.64502395702994,21,0.05889156
104,1.64502395702994,22,0.05907631
104,1.64502395702994,23,0.05908385
105,1.66104617450484,0,0.05936579
105,1.66104617450484,1,0.05923715
105,1.66104617450484,2,0.05942855
105,1.66104617450484,3,0.0594764
105,1.66104617450484,4,0.05931832
105,1.66104617450484,5,0.0592637
105,1.66104617450484,6,0.05954518
105,1.66104617450484,7,0.05955295
105,1.66104617450484,8,0.05938653
105,1.66104617450484,9,0.05917145
105,1.66104617450484,10,0.05937774
105,1.66104617450484,11,0.05954488
105,1.66104617450484,12,0.05947505
105,1.66104617450484,13,0.05948994
105,1.66104617450484,14,0.05939242
105,1.66104617450484,15,0.05916969
105,1.66104617450484,16,0.05933939
105,1.66104617450484,17,0.05915368
105,1.66104617450484,18,0.0589358
105,1.66104617450484,19,0.05918575
105,1.66104617450484,20,0.05910818
105,1.66104617450484,21,0.05939351
105,1.66104617450484,22,0.05951917
105,1.66104617450484,23,0.05931706
106,1.67706839197974,0,0.05930706
106,1.67706839197974,1,0.05935135
106,1.67706839197974,2,0.05956107
106,1.67706839197974,3,0.05943938
106,1.67706839197974,4,0.05962643
106,1.67706839197974,5,0.05930121
106,1.67706839197974,6,0.05904629
106,1.67706839197974,7,0.05911533
106,1.67706839197974,8,0.0590442
106,1.67706839197974,9,0.05888036
106,1.67706839197974,10,0.05937514
106,1.67706839197974,11,0.05901401
106,1.67706839197974,12,0.0589338
106,1.67706839197974,13,0.0589021
106,1.67706839197974,14,0.05917283
106,1.67706839197974,15,0.0590915
106,1.67706839197974,16,0.05900439
106,1.67706839197974,17,0.0589706
106,1.67706839197974,18,0.05880337
106,1.67706839197974,19,0.05929465
106,1.67706839197974,20,0.05924794
106,1.67706839197974,21,0.05927608
106,1.67706839197974,22,0.05935411
106,1.67706839197974,23,0.0593966
107,1.69286172063356,0,0.05900292
107,1.69286172063356,1,0.05916974
107,1.69286172063356,2,0.05914464
107,1.69286172063356,3,0.05957333
107,1.69286172063356,4,0.0595088
107,1.69286172063356,5,0.05951172
107,1.69286172063356,6,0.05933019
107,1.69286172063356,7,0.05911433
107,1.69286172063356,8,0.05937753
107,1.69286172063356,9,0.05904462
107,1.69286172063356,10,0.05927512
107,1.69286172063356,11,0.05922582
107,1.69286172063356,12,0.05948747
107,1.69286172063356,13,0.05909722
107,1.69286172063356,14,0.05919859
107,1.69286172063356,15,0.05914858
107,1.69286172063356,16,0.05914477
107,1.69286172063356,17,0.05907544
107,1.69286172063356,18,0.05934512
107,1.69286172063356,19,0.05905515
107,1.69286172063356,20,0.05934074
107,1.69286172063356,21,0.05912064
107,1.69286172063356,22,0.05964471
107,1.69286172063356,23,0.05948182
108,1.70888393810846,0,0.05947096
108,1.70888393810846,1,0.05923426
108,1.70888393810846,2,0.05943529
108,1.70888393810846,3,0.05983008
108,1.70888393810846,4,0.05933258
108,1.70888393810846,5,0.05948894
108,1.70888393810846,6,0.05933094
108,1.70888393810846,7,0.05957604
108,1.70888393810846,8,0.05927726
108,1.70888393810846,9,0.05932819
108,1.70888393810846,10,0.05950299
108,1.70888393810846,11,0.05965287
108,1.70888393810846,12,0.05942056
108,1.70888393810846,13,0.05948048
108,1.70888393810846,14,0.05950181
108,1.70888393810846,15,0.05965964
108,1.70888393810846,16,0.05955103
108,1.70888393810846,17,0.05931706
108,1.70888393810846,18,0.05943156
108,1.70888393810846,19,0.05950975
108,1.70888393810846,20,0.05934926
108,1.70888393810846,21,0.05928817
108,1.70888393810846,22,0.05939259
108,1.70888393810846,23,0.05965633
109,1.72467726676229,0,0.059519
109,1.72467726676229,1,0.05939848
109,1.72467726676229,2,0.05992368
109,1.72467726676229,3,0.059989
109,1.72467726676229,4,0.06002069
109,1.72467726676229,5,0.05972483
109,1.72467726676229,6,0.05962564
109,1.72467726676229,7,0.0593449
109,1.72467726676229,8,0.0592098
109,1.72467726676229,9,0.05929122
109,1.72467726676229,10,0.05921051
109,1.72467726676229,11,0.05936143
109,1.72467726676229,12,0.0593028
109,1.72467726676229,13,0.05943135
109,1.72467726676229,14,0.05954601
109,1.72467726676229,15,0.05956182
109,1.72467726676229,16,0.05906523
109,1.72467726676229,17,0.05951883
109,1.72467726676229,18,0.05942596
109,1.72467726676229,19,0.05950512
109,1.72467726676229,20,0.05943779
109,1.72467726676229,21,0.05944665
109,1.72467726676229,22,0.05929803
109,1.72467726676229,23,0.05968473
110,1.74047059541612,0,0.05954928
110,1.74047059541612,1,0.05938765
110,1.74047059541612,2,0.05941964
110,1.74047059541612,3,0.05943963
110,1.74047059541612,4,0.05943156
110,1.74047059541612,5,0.05935449
110,1.74047059541612,6,0.05899515
110,1.74047059541612,7,0.05912972
110,1.74047059541612,8,0.05937745
110,1.74047059541612,9,0.05940772
110,1.74047059541612,10,0.05983716
110,1.74047059541612,11,0.05935938
110,1.74047059541612,12,0.05918409
110,1.74047059541612,13,0.05957817
110,1.74047059541612,14,0.05965738
110,1.74047059541612,15,0.05937967
110,1.74047059541612,16,0.05940768
110,1.74047059541612,17,0.05943963
110,1.74047059541612,18,0.05972522
110,1.74047059541612,19,0.05939686
110,1.74047059541612,20,0.05979276
110,1.74047059541612,21,0.05971872
110,1.74047059541612,22,0.05951909
110,1.74047059541612,23,0.0594981
111,1.75649281289102,0,0.05950202
111,1.75649281289102,1,0.05939137
111,1.75649281289102,2,0.05938819
111,1.75649281289102,3,0.05942035
111,1.75649281289102,4,0.05957931
111,1.75649281289102,5,0.05908221
111,1.75649281289102,6,0.05956587
111,1.75649281289102,7,0.05945263
111,1.75649281289102,8,0.05945373
111,1.75649281289102,9,0.05944386
111,1.75649281289102,10,0.05896717
111,1.75649281289102,11,0.05933559
111,1.75649281289102,12,0.05918366
111,1.75649281289102,13,0.05976397
111,1.75649281289102,14,0.05960574
111,1.75649281289102,15,0.05950412
111,1.75649281289102,16,0.05968953
111,1.75649281289102,17,0.05948836
111,1.75649281289102,18,0.05944382
111,1.75649281289102,19,0.05944766
111,1.75649281289102,20,0.05936056
111,1.75649281289102,21,0.05927616
111,1.75649281289102,22,0.0595405
111,1.75649281289102,23,0.05929213
112,1.77228614154485,0,0.05954034
112,1.77228614154485,1,0.0590133
112,1.77228614154485,2,0.05923932
112,1.77228614154485,3,0.05940572
112,1.77228614154485,4,0.05912445
112,1.77228614154485,5,0.05967335
112,1.77228614154485,6,0.05924091
112,1.77228614154485,7,0.05919269
112,1.77228614154485,8,0.05905855
112,1.77228614154485,9,0.05916782
112,1.77228614154485,10,0.05951624
112,1.77228614154485,11,0.05928528
112,1.77228614154485,12,0.05906628
112,1.77228614154485,13,0.0591648
112,1.77228614154485,14,0.05898039
112,1.77228614154485,15,0.05910965
112,1.77228614154485,16,0.05952122
112,1.77228614154485,17,0.05918663
112,1.77228614154485,18,0.05956786
112,1.77228614154485,19,0.05921381
112,1.77228614154485,20,0.05951804
112,1.77228614154485,21,0.05960038
112,1.77228614154485,22,0.05955827
112,1.77228614154485,23,0.05922594
113,1.78807947019868,0,0.05951633
113,1.78807947019868,1,0.05964576
113,1.78807947019868,2,0.05954719
113,1.78807947019868,3,0.05905553
113,1.78807947019868,4,0.05916606
113,1.78807947019868,5,0.05926692
113,1.78807947019868,6,0.05950403
113,1.78807947019868,7,0.05939417
113,1.78807947019868,8,0.05962665
113,1.78807947019868,9,0.05940312
113,1.78807947019868,10,0.05902927
113,1.78807947019868,11,0.05935327
113,1.78807947019868,12,0.05955793
113,1.78807947019868,13,0.05926399
113,1.78807947019868,14,0.0594096
113,1.78807947019868,15,0.05947706
113,1.78807947019868,16,0.05941044
113,1.78807947019868,17,0.05944051
113,1.78807947019868,18,0.05950168
113,1.78807947019868,19,0.05917266
113,1.78807947019868,20,0.05943412
113,1.78807947019868,21,0.05952088
113,1.78807947019868,22,0.05940743
113,1.78807947019868,23,0.05937606
114,1.8038727988525,0,0.05938661
114,1.8038727988525,1,0.05944386
114,1.8038727988525,2,0.05941157
114,1.8038727988525,3,0.05948428
114,1.8038727988525,4,0.05914084
114,1.8038727988525,5,0.05930405
114,1.8038727988525,6,0.05886484
114,1.8038727988525,7,0.05906837
114,1.8038727988525,8,0.05908518
114,1.8038727988525,9,0.05920683
114,1.8038727988525,10,0.05912829
114,1.8038727988525,11,0.05911052
114,1.8038727988525,12,0.05907435
114,1.8038727988525,13,0.05919579
114,1.8038727988525,14,0.05938176
114,1.8038727988525,15,0.05918893
114,1.8038727988525,16,0.05924564
114,1.8038727988525,17,0.05903403
114,1.8038727988525,18,0.05923702
114,1.8038727988525,19,0.05921163
114,1.8038727988525,20,0.05891051
114,1.8038727988525,21,0.05926199
114,1.8038727988525,22,0.05928779
114,1.8038727988525,23,0.05926809
115,1.81966612750633,0,0.05970393
115,1.81966612750633,1,0.05937109
115,1.81966612750633,2,0.05956141
115,1.81966612750633,3,0.05938928
115,1.81966612750633,4,0.05949102
115,1.81966612750633,5,0.05981215
115,1.81966612750633,6,0.05941563
115,1.81966612750633,7,0.05984134
115,1.81966612750633,8,0.059056
115,1.81966612750633,9,0.05927227
115,1.81966612750633,10,0.05935122
115,1.81966612750633,11,0.05935981
115,1.81966612750633,12,0.05904926
115,1.81966612750633,13,0.05958746
115,1.81966612750633,14,0.05939254
115,1.81966612750633,15,0.05920194
115,1.81966612750633,16,0.05956246
115,1.81966612750633,17,0.05960068
115,1.81966612750633,18,0.05951821
115,1.81966612750633,19,0.05931488
115,1.81966612750633,20,0.05949792
115,1.81966612750633,21,0.05967736
115,1.81966612750633,22,0.05933015
115,1.81966612750633,23,0.05931706
116,1.83545945616016,0,0.05913628
116,1.83545945616016,1,0.05920834
116,1.83545945616016,2,0.05926107
116,1.83545945616016,3,0.05930937
116,1.83545945616016,4,0.05909702
116,1.83545945616016,5,0.0592461
116,1.83545945616016,6,0.05928716
116,1.83545945616016,7,0.05938639
116,1.83545945616016,8,0.05901514
116,1.83545945616016,9,0.05902534
116,1.83545945616016,10,0.0590733
116,1.83545945616016,11,0.0591786
116,1.83545945616016,12,0.05889177
116,1.83545945616016,13,0.05935056
116,1.83545945616016,14,0.05945891
116,1.83545945616016,15,0.05918052
116,1.83545945616016,16,0.0592218
116,1.83545945616016,17,0.05941789
116,1.83545945616016,18,0.0594326
116,1.83545945616016,19,0.0594467
116,1.83545945616016,20,0.0592499
116,1.83545945616016,21,0.05968259
116,1.83545945616016,22,0.05961932
116,1.83545945616016,23,0.05965833
117,1.85148167363506,0,0.05914256
117,1.85148167363506,1,0.0588957
117,1.85148167363506,2,0.05912675
117,1.85148167363506,3,0.05936361
117,1.85148167363506,4,0.05916113
117,1.85148167363506,5,0.05916694
117,1.85148167363506,6,0.0591648
117,1.85148167363506,7,0.0591638
117,1.85148167363506,8,0.05932401
117,1.85148167363506,9,0.05956822
117,1.85148167363506,10,0.05944461
117,1.85148167363506,11,0.05970973
117,1.85148167363506,12,0.05942872
117,1.85148167363506,13,0.05957311
117,1.85148167363506,14,0.05940668
117,1.85148167363506,15,0.05936256
117,1.85148167363506,16,0.05932714
117,1.85148167363506,17,0.05957382
117,1.85148167363506,18,0.05985129
117,1.85148167363506,19,0.0599496
117,1.85148167363506,20,0.05978387
117,1.85148167363506,21,0.05958001
117,1.85148167363506,22,0.05955204
117,1.85148167363506,23,0.05935144
118,1.86727500228889,0,0.0594487
118,1.86727500228889,1,0.05943017
118,1.86727500228889,2,0.05960034
118,1.86727500228889,3,0.05955601
118,1.86727500228889,4,0.05970856
118,1.86727500228889,5,0.05947439
118,1.86727500228889,6,0.05925801
118,1.86727500228889,7,0.05923824
118,1.86727500228889,8,0.05935194
118,1.86727500228889,9,0.05976154
118,1.86727500228889,10,0.05970844
118,1.86727500228889,11,0.05943653
118,1.86727500228889,12,0.05945097
118,1.86727500228889,13,0.05917183
118,1.86727500228889,14,0.05932305
118,1.86727500228889,15,0.05934002
118,1.86727500228889,16,0.05953201
118,1.86727500228889,17,0.05901802
118,1.86727500228889,18,0.05921302
118,1.86727500228889,19,0.05931196
118,1.86727500228889,20,0.05910739
118,1.86727500228889,21,0.05918526
118,1.86727500228889,22,0.05933939
118,1.86727500228889,23,0.05929728
119,1.88329721976379,0,0.05931836
119,1.88329721976379,1,0.05907862
119,1.88329721976379,2,0.05921197
119,1.88329721976379,3,0.05906188
119,1.88329721976379,4,0.05912985
119,1.88329721976379,5,0.05922699
119,1.88329721976379,6,0.05936645
119,1.88329721976379,7,0.05928127
119,1.88329721976379,8,0.05952904
119,1.88329721976379,9,0.05940459
119,1.88329721976379,10,0.05958471
119,1.88329721976379,11,0.05919173
119,1.88329721976379,12,0.05941684
119,1.88329721976379,13,0.05906444
119,1.88329721976379,14,0.05899436
119,1.88329721976379,15,0.0589205
119,1.88329721976379,16,0.0588676
119,1.88329721976379,17,0.0592944
119,1.88329721976379,18,0.05937331
119,1.88329721976379,19,0.0592193
119,1.88329721976379,20,0.05906335
119,1.88329721976379,21,0.05918972
119,1.88329721976379,22,0.05917358
119,1.88329721976379,23,0.05927479
120,1.89909054841762,0,0.05886246
120,1.89909054841762,1,0.05900593
120,1.89909054841762,2,0.05919491
120,1.89909054841762,3,0.0588364
120,1.89909054841762,4,0.05915037
120,1.89909054841762,5,0.05952402
120,1.89909054841762,6,0.05924112
120,1.89909054841762,7,0.05893786
120,1.89909054841762,8,0.05895613
120,1.89909054841762,9,0.05914155
120,1.89909054841762,10,0.05949378
120,1.89909054841762,11,0.05939739
120,1.89909054841762,12,0.05912955
120,1.89909054841762,13,0.05912942
120,1.89909054841762,14,0.05907807
120,1.89909054841762,15,0.05929096
120,1.89909054841762,16,0.05890277
120,1.89909054841762,17,0.05894526
120,1.89909054841762,18,0.05929088
120,1.89909054841762,19,0.05922067
120,1.89909054841762,20,0.05932242
120,1.89909054841762,21,0.05919997
120,1.89909054841762,22,0.05948379
120,1.89909054841762,23,0.05923288
121,1.91465498825037,0,0.05910969
121,1.91465498825037,1,0.05962744
121,1.91465498825037,2,0.05924706
121,1.91465498825037,3,0.05922385
121,1.91465498825037,4,0.05949837
121,1.91465498825037,5,0.05910354
121,1.91465498825037,6,0.05907569
121,1.91465498825037,7,0.05930309
121,1.91465498825037,8,0.05939096
121,1.91465498825037,9,0.05902045
121,1.91465498825037,10,0.05890285
121,1.91465498825037,11,0.05915623
121,1.91465498825037,12,0.05928206
121,1.91465498825037,13,0.05918387
121,1.91465498825037,14,0.05912182
121,1.91465498825037,15,0.0591288
121,1.91465498825037,16,0.05882553
121,1.91465498825037,17,0.05933508
121,1.91465498825037,18,0.05927926
121,1.91465498825037,19,0.05902107
121,1.91465498825037,20,0.05910655
121,1.91465498825037,21,0.0588216
121,1.91465498825037,22,0.0592458
121,1.91465498825037,23,0.05934441
122,1.9304483169042,0,0.05930025
122,1.9304483169042,1,0.05911846
122,1.9304483169042,2,0.05937657
122,1.9304483169042,3,0.05934747
122,1.9304483169042,4,0.05914443
122,1.9304483169042,5,0.05919303
122,1.9304483169042,6,0.05897386
122,1.9304483169042,7,0.05925409
122,1.9304483169042,8,0.05917655
122,1.9304483169042,9,0.05882419
122,1.9304483169042,10,0.05915255
122,1.9304483169042,11,0.0593092
122,1.9304483169042,12,0.05918893
122,1.9304483169042,13,0.05910751
122,1.9304483169042,14,0.05908122
122,1.9304483169042,15,0.05917471
122,1.9304483169042,16,0.05905294
122,1.9304483169042,17,0.0588714
122,1.9304483169042,18,0.0590524
122,1.9304483169042,19,0.05907134
122,1.9304483169042,20,0.05929109
122,1.9304483169042,21,0.05921917
122,1.9304483169042,22,0.05956429
122,1.9304483169042,23,0.05934082
123,1.94624164555803,0,0.05917517
123,1.94624164555803,1,0.05932609
123,1.94624164555803,2,0.05954134
123,1.94624164555803,3,0.05921264
123,1.94624164555803,4,0.05960933
123,1.94624164555803,5,0.05975093
123,1.94624164555803,6,0.05939856
123,1.94624164555803,7,0.05969276
123,1.94624164555803,8,0.05895667
123,1.94624164555803,9,0.05928817
123,1.94624164555803,10,0.05901518
123,1.94624164555803,11,0.05929403
123,1.94624164555803,12,0.05944473
123,1.94624164555803,13,0.05942065
123,1.94624164555803,14,0.05933233
123,1.94624164555803,15,0.05935737
123,1.94624164555803,16,0.05930824
123,1.94624164555803,17,0.05946071
123,1.94624164555803,18,0.05952854
123,1.94624164555803,19,0.05947008
123,1.94624164555803,20,0.05917877
123,1.94624164555803,21,0.05918868
123,1.94624164555803,22,0.05904784
123,1.94624164555803,23,0.05947021
124,1.96203497421186,0,0.05967975
124,1.96203497421186,1,0.05946677
124,1.96203497421186,2,0.05973412
124,1.96203497421186,3,0.06000677
124,1.96203497421186,4,0.05946083
124,1.96203497421186,5,0.05975934
124,1.96203497421186,6,0.05959005
124,1.96203497421186,7,0.05967399
124,1.96203497421186,8,0.05954339
124,1.96203497421186,9,0.05957994
124,1.96203497421186,10,0.05967849
124,1.96203497421186,11,0.05985571
124,1.96203497421186,12,0.0598083
124,1.96203497421186,13,0.05989842
124,1.96203497421186,14,0.05931464
124,1.96203497421186,15,0.05957922
124,1.96203497421186,16,0.05934563
124,1.96203497421186,17,0.05980914
124,1.96203497421186,18,0.05952389
124,1.96203497421186,19,0.05940572
124,1.96203497421186,20,0.05945795
124,1.96203497421186,21,0.05956997
124,1.96203497421186,22,0.0597237
124,1.96203497421186,23,0.05949333
125,1.97782830286569,0,0.05957625
125,1.97782830286569,1,0.05947911
125,1.97782830286569,2,0.05931322
125,1.97782830286569,3,0.0597319
125,1.97782830286569,4,0.05946555
125,1.97782830286569,5,0.05929745
125,1.97782830286569,6,0.05945242
125,1.97782830286569,7,0.05955768
125,1.97782830286569,8,0.05940622
125,1.97782830286569,9,0.05921089
125,1.97782830286569,10,0.05948086
125,1.97782830286569,11,0.05937142
125,1.97782830286569,12,0.05905415
125,1.97782830286569,13,0.05929515
125,1.97782830286569,14,0.05915271
125,1.97782830286569,15,0.05960134
125,1.97782830286569,16,0.0595855
125,1.97782830286569,17,0.0595464
125,1.97782830286569,18,0.05945259
125,1.97782830286569,19,0.05940096
125,1.97782830286569,20,0.05923815
125,1.97782830286569,21,0.05939618
125,1.97782830286569,22,0.05919583
125,1.97782830286569,23,0.05950186
126,1.99362163151952,0,0.05942788
126,1.99362163151952,1,0.05956592
126,1.99362163151952,2,0.0595159
126,1.99362163151952,3,0.05931836
126,1.99362163151952,4,0.05940367
126,1.99362163151952,5,0.05917563
126,1.99362163151952,6,0.05933371
126,1.99362163151952,7,0.05954095
126,1.99362163151952,8,0.05932948
126,1.99362163151952,9,0.05938853
126,1.99362163151952,10,0.05928859
126,1.99362163151952,11,0.05926248
126,1.99362163151952,12,0.05947516
126,1.99362163151952,13,0.0593675
126,1.99362163151952,14,0.05967971
126,1.99362163151952,15,0.05976711
126,1.99362163151952,16,0.05984335
126,1.99362163151952,17,0.05976991
126,1.99362163151952,18,0.05938405
126,1.99362163151952,19,0.0594278
126,1.99362163151952,20,0.05938543
126,1.99362163151952,21,0.05934525
126,1.99362163151952,22,0.05937761
126,1.99362163151952,23,0.05976891
127,2.00964384899442,0,0.05947978
127,2.00964384899442,1,0.05952113
127,2.00964384899442,2,0.05944791
127,2.00964384899442,3,0.05948697
127,2.00964384899442,4,0.05959921
127,2.00964384899442,5,0.05927821
127,2.00964384899442,6,0.05951127
127,2.00964384899442,7,0.05924902
127,2.00964384899442,8,0.05970425
127,2.00964384899442,9,0.05942073
127,2.00964384899442,10,0.05914428
127,2.00964384899442,11,0.05955208
127,2.00964384899442,12,0.05946049
127,2.00964384899442,13,0.05944779
127,2.00964384899442,14,0.05964952
127,2.00964384899442,15,0.05961343
127,2.00964384899442,16,0.05984396
127,2.00964384899442,17,0.05967055
127,2.00964384899442,18,0.05985321
127,2.00964384899442,19,0.05960711
127,2.00964384899442,20,0.05930903
127,2.00964384899442,21,0.05966147
127,2.00964384899442,22,0.05935186
127,2.00964384899442,23,0.05933852
128,2.02566606646931,0,0.05960937
128,2.02566606646931,1,0.05948973
128,2.02566606646931,2,0.05947296
128,2.02566606646931,3,0.05935144
128,2.02566606646931,4,0.059507
128,2.02566606646931,5,0.05957353
128,2.02566606646931,6,0.05990139
128,2.02566606646931,7,0.05966302
128,2.02566606646931,8,0.059806
128,2.02566606646931,9,0.05964763
128,2.02566606646931,10,0.05984256
128,2.02566606646931,11,0.05988446
128,2.02566606646931,12,0.05987909
128,2.02566606646931,13,0.05949479
128,2.02566606646931,14,0.05967046
128,2.02566606646931,15,0.05965513
128,2.02566606646931,16,0.05937105
128,2.02566606646931,17,0.05938054
128,2.02566606646931,18,0.05968552
128,2.02566606646931,19,0.05968142
128,2.02566606646931,20,0.0596041
128,2.02566606646931,21,0.05948338
128,2.02566606646931,22,0.05977786
128,2.02566606646931,23,0.05972182
129,2.04145939512314,0,0.05955697
129,2.04145939512314,1,0.05934332
129,2.04145939512314,2,0.05926006
129,2.04145939512314,3,0.05944796
129,2.04145939512314,4,0.05950252
129,2.04145939512314,5,0.0596859
129,2.04145939512314,6,0.06000974
129,2.04145939512314,7,0.05989126
129,2.04145939512314,8,0.05977061
129,2.04145939512314,9,0.05969333
129,2.04145939512314,10,0.05955291
129,2.04145939512314,11,0.05963668
129,2.04145939512314,12,0.05967984
129,2.04145939512314,13,0.05957787
129,2.04145939512314,14,0.05968953
129,2.04145939512314,15,0.05980529
129,2.04145939512314,16,0.05959218
129,2.04145939512314,17,0.05949496
129,2.04145939512314,18,0.05992731
129,2.04145939512314,19,0.05966696
129,2.04145939512314,20,0.05977877
129,2.04145939512314,21,0.05945285
129,2.04145939512314,22,0.05965262
129,2.04145939512314,23,0.05951106
130,2.05725272377697,0,0.05947593
130,2.05725272377697,1,0.05921917
130,2.05725272377697,2,0.05942496
130,2.05725272377697,3,0.05940994
130,2.05725272377697,4,0.05928214
130,2.05725272377697,5,0.05924999
130,2.05725272377697,6,0.0594786
130,2.05725272377697,7,0.05970271
130,2.05725272377697,8,0.05933237
130,2.05725272377697,9,0.05957023
130,2.05725272377697,10,0.05938037
130,2.05725272377697,11,0.05975264
130,2.05725272377697,12,0.05922917
130,2.05725272377697,13,0.05953414
130,2.05725272377697,14,0.05946769
130,2.05725272377697,15,0.05942842
130,2.05725272377697,16,0.05949086
130,2.05725272377697,17,0.05925998
130,2.05725272377697,18,0.05936608
130,2.05725272377697,19,0.05981202
130,2.05725272377697,20,0.05927578
130,2.05725272377697,21,0.0592499
130,2.05725272377697,22,0.05947589
130,2.05725272377697,23,0.0594398
131,2.07281716360973,0,0.05928704
131,2.07281716360973,1,0.05965902
131,2.07281716360973,2,0.05923568
131,2.07281716360973,3,0.05971367
131,2.07281716360973,4,0.05934061
131,2.07281716360973,5,0.05991247
131,2.07281716360973,6,0.05949195
131,2.07281716360973,7,0.05958746
131,2.07281716360973,8,0.05955906
131,2.07281716360973,9,0.05939418
131,2.07281716360973,10,0.05955472
131,2.07281716360973,11,0.05942537
131,2.07281716360973,12,0.05952904
131,2.07281716360973,13,0.05930711
131,2.07281716360973,14,0.05941994
131,2.07281716360973,15,0.0595619
131,2.07281716360973,16,0.05973579
131,2.07281716360973,17,0.05942558
131,2.07281716360973,18,0.05942348
131,2.07281716360973,19,0.05929431
131,2.07281716360973,20,0.05925274
131,2.07281716360973,21,0.05931464
131,2.07281716360973,22,0.05937435
131,2.07281716360973,23,0.0594929
132,2.08883938108463,0,0.05989139
132,2.08883938108463,1,0.05962927
132,2.08883938108463,2,0.05967854
132,2.08883938108463,3,0.05948588
132,2.08883938108463,4,0.05952782
132,2.08883938108463,5,0.05934659
132,2.08883938108463,6,0.05966892
132,2.08883938108463,7,0.0597487
132,2.08883938108463,8,0.05915263
132,2.08883938108463,9,0.05916154
132,2.08883938108463,10,0.05929143
132,2.08883938108463,11,0.05953572
132,2.08883938108463,12,0.05971789
132,2.08883938108463,13,0.05963128
132,2.08883938108463,14,0.05969585
132,2.08883938108463,15,0.05962652
132,2.08883938108463,16,0.05940738
132,2.08883938108463,17,0.0594035
132,2.08883938108463,18,0.05941889
132,2.08883938108463,19,0.0593562
132,2.08883938108463,20,0.05921498
132,2.08883938108463,21,0.05948283
132,2.08883938108463,22,0.05958607
132,2.08883938108463,23,0.05924196
133,2.10486159855953,0,0.05955731
133,2.10486159855953,1,0.05929173
133,2.10486159855953,2,0.05940433
133,2.10486159855953,3,0.05959545
133,2.10486159855953,4,0.059243
133,2.10486159855953,5,0.05929017
133,2.10486159855953,6,0.05923117
133,2.10486159855953,7,0.05950504
133,2.10486159855953,8,0.05934208
133,2.10486159855953,9,0.05967313
133,2.10486159855953,10,0.05970769
133,2.10486159855953,11,0.0595817
133,2.10486159855953,12,0.05914063
133,2.10486159855953,13,0.05931898
133,2.10486159855953,14,0.05956446
133,2.10486159855953,15,0.05916952
133,2.10486159855953,16,0.05921498
133,2.10486159855953,17,0.0589956
133,2.10486159855953,18,0.0591556
133,2.10486159855953,19,0.0590815
133,2.10486159855953,20,0.05963689
133,2.10486159855953,21,0.05973901
133,2.10486159855953,22,0.05970777
133,2.10486159855953,23,0.05987538
134,2.12042603839228,0,0.05971074
134,2.12042603839228,1,0.05960548
134,2.12042603839228,2,0.05975991
134,2.12042603839228,3,0.05935701
134,2.12042603839228,4,0.05961556
134,2.12042603839228,5,0.05933019
134,2.12042603839228,6,0.05958428
134,2.12042603839228,7,0.05958641
134,2.12042603839228,8,0.0594889
134,2.12042603839228,9,0.0594508
134,2.12042603839228,10,0.05958926
134,2.12042603839228,11,0.05914431
134,2.12042603839228,12,0.05950373
134,2.12042603839228,13,0.05976026
134,2.12042603839228,14,0.05947471
134,2.12042603839228,15,0.05969677
134,2.12042603839228,16,0.05977548
134,2.12042603839228,17,0.05945167
134,2.12042603839228,18,0.05958056
134,2.12042603839228,19,0.05966257
134,2.12042603839228,20,0.0596716
134,2.12042603839228,21,0.05943879
134,2.12042603839228,22,0.05987132
134,2.12042603839228,23,0.06016451
135,2.13599047822504,0,0.06003914
135,2.13599047822504,1,0.05997059
135,2.13599047822504,2,0.05956922
135,2.13599047822504,3,0.05952979
135,2.13599047822504,4,0.05969071
135,2.13599047822504,5,0.05939229
135,2.13599047822504,6,0.05977117
135,2.13599047822504,7,0.05989231
135,2.13599047822504,8,0.05963922
135,2.13599047822504,9,0.05970567
135,2.13599047822504,10,0.05964462
135,2.13599047822504,11,0.05993354
135,2.13599047822504,12,0.05966933
135,2.13599047822504,13,0.06002028
135,2.13599047822504,14,0.05983519
135,2.13599047822504,15,0.05980273
135,2.13599047822504,16,0.05980303
135,2.13599047822504,17,0.06002195
135,2.13599047822504,18,0.05999071
135,2.13599047822504,19,0.06005349
135,2.13599047822504,20,0.05993664
135,2.13599047822504,21,0.0599195
135,2.13599047822504,22,0.0597651
135,2.13599047822504,23,0.05978785
136,2.1515549180578,0,0.05984632
136,2.1515549180578,1,0.06012934
136,2.1515549180578,2,0.05953025
136,2.1515549180578,3,0.05957542
136,2.1515549180578,4,0.05941014
136,2.1515549180578,5,0.05957288
136,2.1515549180578,6,0.05943457
136,2.1515549180578,7,0.05988353
136,2.1515549180578,8,0.05958812
136,2.1515549180578,9,0.05988501
136,2.1515549180578,10,0.05986015
136,2.1515549180578,11,0.05969368
136,2.1515549180578,12,0.05963856
136,2.1515549180578,13,0.05968516
136,2.1515549180578,14,0.05969242
136,2.1515549180578,15,0.05960627
136,2.1515549180578,16,0.05978003
136,2.1515549180578,17,0.05982603
136,2.1515549180578,18,0.0595855
136,2.1515549180578,19,0.05989912
136,2.1515549180578,20,0.05981825
136,2.1515549180578,21,0.05982669
136,2.1515549180578,22,0.05995074
136,2.1515549180578,23,0.05999267
137,2.16666158024842,0,0.0598019
137,2.16666158024842,1,0.0599452
137,2.16666158024842,2,0.05996357
137,2.16666158024842,3,0.05964901
137,2.16666158024842,4,0.05972793
137,2.16666158024842,5,0.05966466
137,2.16666158024842,6,0.05969552
137,2.16666158024842,7,0.0597285
137,2.16666158024842,8,0.05988005
137,2.16666158024842,9,0.05971367
137,2.16666158024842,10,0.06002718
137,2.16666158024842,11,0.05953544
137,2.16666158024842,12,0.05990929
137,2.16666158024842,13,0.05953886
137,2.16666158024842,14,0.05983707
137,2.16666158024842,15,0.05996462
137,2.16666158024842,16,0.05978802
137,2.16666158024842,17,0.05989013
137,2.16666158024842,18,0.05988821
137,2.16666158024842,19,0.05985234
137,2.16666158024842,20,0.05967867
137,2.16666158024842,21,0.06004202
137,2.16666158024842,22,0.05987839
137,2.16666158024842,23,0.05979889
138,2.18199713126011,0,0.0598375
138,2.18199713126011,1,0.06017328
138,2.18199713126011,2,0.05973077
138,2.18199713126011,3,0.05991176
138,2.18199713126011,4,0.05989248
138,2.18199713126011,5,0.0598118
138,2.18199713126011,6,0.06023656
138,2.18199713126011,7,0.06000192
138,2.18199713126011,8,0.05993455
138,2.18199713126011,9,0.06008614
138,2.18199713126011,10,0.06025326
138,2.18199713126011,11,0.05997356
138,2.18199713126011,12,0.05984029
138,2.18199713126011,13,0.05952302
138,2.18199713126011,14,0.0598773
138,2.18199713126011,15,0.05941697
138,2.18199713126011,16,0.06005172
138,2.18199713126011,17,0.05998832
138,2.18199713126011,18,0.05999289
138,2.18199713126011,19,0.05991155
138,2.18199713126011,20,0.05977798
138,2.18199713126011,21,0.05992861
138,2.18199713126011,22,0.05980965
138,2.18199713126011,23,0.05995265
139,2.1973326822718,0,0.06009308
139,2.1973326822718,1,0.06030659
139,2.1973326822718,2,0.06022669
139,2.1973326822718,3,0.05994856
139,2.1973326822718,4,0.05979631
139,2.1973326822718,5,0.05984988
139,2.1973326822718,6,0.05983126
139,2.1973326822718,7,0.05999752
139,2.1973326822718,8,0.05992987
139,2.1973326822718,9,0.06010788
139,2.1973326822718,10,0.05994856
139,2.1973326822718,11,0.06017538
139,2.1973326822718,12,0.0600284
139,2.1973326822718,13,0.05983143
139,2.1973326822718,14,0.06018546
139,2.1973326822718,15,0.05987237
139,2.1973326822718,16,0.05979613
139,2.1973326822718,17,0.06004835
139,2.1973326822718,18,0.05990015
139,2.1973326822718,19,0.05993734
139,2.1973326822718,20,0.05992919
139,2.1973326822718,21,0.0599898
139,2.1973326822718,22,0.06014505
139,2.1973326822718,23,0.05991757
140,2.21289712210456,0,0.05996466
140,2.21289712210456,1,0.05991649
140,2.21289712210456,2,0.05960828
140,2.21289712210456,3,0.05987726
140,2.21289712210456,4,0.05982084
140,2.21289712210456,5,0.05983435
140,2.21289712210456,6,0.06004503
140,2.21289712210456,7,0.05993
140,2.21289712210456,8,0.05995755
140,2.21289712210456,9,0.05995926
140,2.21289712210456,10,0.06024729
140,2.21289712210456,11,0.06001031
140,2.21289712210456,12,0.06008392
140,2.21289712210456,13,0.06005669
140,2.21289712210456,14,0.06017613
140,2.21289712210456,15,0.05982043
140,2.21289712210456,16,0.05958851
140,2.21289712210456,17,0.06022159
140,2.21289712210456,18,0.06000371
140,2.21289712210456,19,0.06015238
140,2.21289712210456,20,0.05993668
140,2.21289712210456,21,0.05989759
140,2.21289712210456,22,0.059831
140,2.21289712210456,23,0.05981486
141,2.22869045075838,0,0.05980512
141,2.22869045075838,1,0.05998535
141,2.22869045075838,2,0.05995614
141,2.22869045075838,3,0.05991168
141,2.22869045075838,4,0.05996248
141,2.22869045075838,5,0.05981582
141,2.22869045075838,6,0.05990431
141,2.22869045075838,7,0.06024337
141,2.22869045075838,8,0.0597738
141,2.22869045075838,9,0.05995911
141,2.22869045075838,10,0.05974482
141,2.22869045075838,11,0.05967879
141,2.22869045075838,12,0.05974486
141,2.22869045075838,13,0.05973717
141,2.22869045075838,14,0.05976171
141,2.22869045075838,15,0.05968398
141,2.22869045075838,16,0.05991954
141,2.22869045075838,17,0.05985195
141,2.22869045075838,18,0.05974486
141,2.22869045075838,19,0.05954623
141,2.22869045075838,20,0.05969154
141,2.22869045075838,21,0.05964004
141,2.22869045075838,22,0.0595821
141,2.22869045075838,23,0.05955199
142,2.24448377941221,0,0.0598783
142,2.24448377941221,1,0.05982804
142,2.24448377941221,2,0.05964492
142,2.24448377941221,3,0.05948505
142,2.24448377941221,4,0.05973399
142,2.24448377941221,5,0.0598546
142,2.24448377941221,6,0.05995449
142,2.24448377941221,7,0.05957006
142,2.24448377941221,8,0.05970484
142,2.24448377941221,9,0.0598413
142,2.24448377941221,10,0.05993028
142,2.24448377941221,11,0.06010333
142,2.24448377941221,12,0.05998887
142,2.24448377941221,13,0.05981298
142,2.24448377941221,14,0.05954798
142,2.24448377941221,15,0.05928783
142,2.24448377941221,16,0.05993555
142,2.24448377941221,17,0.05972178
142,2.24448377941221,18,0.05961025
142,2.24448377941221,19,0.05950867
142,2.24448377941221,20,0.05971877
142,2.24448377941221,21,0.05985304
142,2.24448377941221,22,0.05991945
142,2.24448377941221,23,0.05958829
143,2.26004821924497,0,0.05995323
143,2.26004821924497,1,0.05970986
143,2.26004821924497,2,0.05950273
143,2.26004821924497,3,0.05986931
143,2.26004821924497,4,0.05997557
143,2.26004821924497,5,0.06002261
143,2.26004821924497,6,0.05992752
143,2.26004821924497,7,0.05979287
143,2.26004821924497,8,0.05986321
143,2.26004821924497,9,0.05970446
143,2.26004821924497,10,0.05976816
143,2.26004821924497,11,0.05956145
143,2.26004821924497,12,0.05953068
143,2.26004821924497,13,0.05980927
143,2.26004821924497,14,0.05983346
143,2.26004821924497,15,0.05962931
143,2.26004821924497,16,0.05965366
143,2.26004821924497,17,0.05981804
143,2.26004821924497,18,0.0598269
143,2.26004821924497,19,0.05963141
143,2.26004821924497,20,0.05978719
143,2.26004821924497,21,0.05951629
143,2.26004821924497,22,0.05984409
143,2.26004821924497,23,0.05926775
144,2.27607043671987,0,0.05978082
144,2.27607043671987,1,0.05945477
144,2.27607043671987,2,0.05932718
144,2.27607043671987,3,0.05983999
144,2.27607043671987,4,0.06005144
144,2.27607043671987,5,0.0600511
144,2.27607043671987,6,0.05961452
144,2.27607043671987,7,0.05970083
144,2.27607043671987,8,0.05992334
144,2.27607043671987,9,0.05962368
144,2.27607043671987,10,0.05961539
144,2.27607043671987,11,0.05954885
144,2.27607043671987,12,0.05965654
144,2.27607043671987,13,0.05983393
144,2.27607043671987,14,0.05973592
144,2.27607043671987,15,0.05930841
144,2.27607043671987,16,0.05957307
144,2.27607043671987,17,0.05949015
144,2.27607043671987,18,0.05967736
144,2.27607043671987,19,0.05954238
144,2.27607043671987,20,0.05958528
144,2.27607043671987,21,0.05966444
144,2.27607043671987,22,0.05974207
144,2.27607043671987,23,0.05957119
145,2.29232154301584,0,0.05971463
145,2.29232154301584,1,0.05981687
145,2.29232154301584,2,0.06009931
145,2.29232154301584,3,0.06002784
145,2.29232154301584,4,0.05980294
145,2.29232154301584,5,0.05995357
145,2.29232154301584,6,0.05989654
145,2.29232154301584,7,0.05964345
145,2.29232154301584,8,0.05948195
145,2.29232154301584,9,0.06003299
145,2.29232154301584,10,0.05998068
145,2.29232154301584,11,0.05987997
145,2.29232154301584,12,0.05996269
145,2.29232154301584,13,0.06002313
145,2.29232154301584,14,0.06014527
145,2.29232154301584,15,0.06001789
145,2.29232154301584,16,0.05998875
145,2.29232154301584,17,0.06026981
145,2.29232154301584,18,0.06018633
145,2.29232154301584,19,0.06005804
145,2.29232154301584,20,0.05993978
145,2.29232154301584,21,0.05993045
145,2.29232154301584,22,0.06017294
145,2.29232154301584,23,0.0601467
146,2.30834376049074,0,0.05974381
146,2.30834376049074,1,0.05994262
146,2.30834376049074,2,0.05976406
146,2.30834376049074,3,0.05976978
146,2.30834376049074,4,0.05968477
146,2.30834376049074,5,0.05968753
146,2.30834376049074,6,0.05998518
146,2.30834376049074,7,0.05996519
146,2.30834376049074,8,0.06009823
146,2.30834376049074,9,0.05998176
146,2.30834376049074,10,0.05946735
146,2.30834376049074,11,0.05979257
146,2.30834376049074,12,0.05980922
146,2.30834376049074,13,0.05985317
146,2.30834376049074,14,0.05969163
146,2.30834376049074,15,0.05987809
146,2.30834376049074,16,0.05980638
146,2.30834376049074,17,0.05965541
146,2.30834376049074,18,0.05982257
146,2.30834376049074,19,0.05970848
146,2.30834376049074,20,0.05983327
146,2.30834376049074,21,0.0600332
146,2.30834376049074,22,0.06002313
146,2.30834376049074,23,0.0599294
147,2.32436597796564,0,0.05993267
147,2.32436597796564,1,0.06004582
147,2.32436597796564,2,0.0602774
147,2.32436597796564,3,0.06008461
147,2.32436597796564,4,0.06010931
147,2.32436597796564,5,0.06006
147,2.32436597796564,6,0.05989423
147,2.32436597796564,7,0.0597669
147,2.32436597796564,8,0.05996927
147,2.32436597796564,9,0.05988842
147,2.32436597796564,10,0.05973634
147,2.32436597796564,11,0.06017198
147,2.32436597796564,12,0.06003207
147,2.32436597796564,13,0.06016321
147,2.32436597796564,14,0.05964961
147,2.32436597796564,15,0.05969677
147,2.32436597796564,16,0.0597789
147,2.32436597796564,17,0.05967845
147,2.32436597796564,18,0.05962522
147,2.32436597796564,19,0.05981458
147,2.32436597796564,20,0.05980818
147,2.32436597796564,21,0.06001358
147,2.32436597796564,22,0.059877
147,2.32436597796564,23,0.05972349
148,2.34015930661946,0,0.05982298
148,2.34015930661946,1,0.0599479
148,2.34015930661946,2,0.05981486
148,2.34015930661946,3,0.05991296
148,2.34015930661946,4,0.05975791
148,2.34015930661946,5,0.05977136
148,2.34015930661946,6,0.05994262
148,2.34015930661946,7,0.05998464
148,2.34015930661946,8,0.05979906
148,2.34015930661946,9,0.05971078
148,2.34015930661946,10,0.05968138
148,2.34015930661946,11,0.05962434
148,2.34015930661946,12,0.05953348
148,2.34015930661946,13,0.05960134
148,2.34015930661946,14,0.05968539
148,2.34015930661946,15,0.05953063
148,2.34015930661946,16,0.05967758
148,2.34015930661946,17,0.05960305
148,2.34015930661946,18,0.05969857
148,2.34015930661946,19,0.05944586
148,2.34015930661946,20,0.05936047
148,2.34015930661946,21,0.05968727
148,2.34015930661946,22,0.05977593
148,2.34015930661946,23,0.05967841
149,2.35618152409436,0,0.06009665
149,2.35618152409436,1,0.06023385
149,2.35618152409436,2,0.06003447
149,2.35618152409436,3,0.0599432
149,2.35618152409436,4,0.06002855
149,2.35618152409436,5,0.05985919
149,2.35618152409436,6,0.0601375
149,2.35618152409436,7,0.05980993
149,2.35618152409436,8,0.06025144
149,2.35618152409436,9,0.06015784
149,2.35618152409436,10,0.05996763
149,2.35618152409436,11,0.06000149
149,2.35618152409436,12,0.05983493
149,2.35618152409436,13,0.05998774
149,2.35618152409436,14,0.06009015
149,2.35618152409436,15,0.06011215
149,2.35618152409436,16,0.0597735
149,2.35618152409436,17,0.05960532
149,2.35618152409436,18,0.06008488
149,2.35618152409436,19,0.05961234
149,2.35618152409436,20,0.0596455
149,2.35618152409436,21,0.05989511
149,2.35618152409436,22,0.05940542
149,2.35618152409436,23,0.05969062
150,2.37174596392712,0,0.05978902
150,2.37174596392712,1,0.05965872
150,2.37174596392712,2,0.05995187
150,2.37174596392712,3,0.05972588
150,2.37174596392712,4,0.05983786
150,2.37174596392712,5,0.06005808
150,2.37174596392712,6,0.05983327
150,2.37174596392712,7,0.05977986
150,2.37174596392712,8,0.05983194
150,2.37174596392712,9,0.05990544
150,2.37174596392712,10,0.05964015
150,2.37174596392712,11,0.0596897
150,2.37174596392712,12,0.05951624
150,2.37174596392712,13,0.05961325
150,2.37174596392712,14,0.05978029
150,2.37174596392712,15,0.05957002
150,2.37174596392712,16,0.05963967
150,2.37174596392712,17,0.05961259
150,2.37174596392712,18,0.05961539
150,2.37174596392712,19,0.05955723
150,2.37174596392712,20,0.05964917
150,2.37174596392712,21,0.05969124
150,2.37174596392712,22,0.05946293
150,2.37174596392712,23,0.05977145
