position,voltage_mean,voltage_std,n_samples
-0.00610370189519944,0.0057095885624999995,0.0003018075506717751,16
0.98269600512711,0.0056786645625,0.00020888713462297316,16
1.97515793328654,0.064369914375,0.0006289222818239202,16
2.96761986144597,0.22278894999999999,0.0004413562719051322,16
3.93749809259316,0.35190406875,0.00045668377833950135,16
4.92629779961547,0.42648623750000003,0.00027587844668214013,16
