position,voltage_mean,voltage_std,n_samples
-0.00205999938962981,-0.11638018750000001,0.00016540555037165472,16
0.990630817590869,-0.11683246875,0.00021623633401544006,16
1.98721274452956,-0.11021205,0.00023602474181746338,16
2.98402356028932,-0.10887881875,0.00020719098441640102,16
3.98037659840693,-0.10886900625,0.00022594061296264903,16
4.97238074892422,-0.11018755625000001,0.0002293813363395951,16
