position,voltage_mean,voltage_std,n_samples
0.0,0.49651938125,2.3421550406352648e-05,16
0.998565630054628,0.49653335,8.459609920081317e-06,16
1.98980681783502,0.4964626625,1.1138496027295033e-05,16
2.9871517075106,0.496453825,2.120113499320303e-05,16
3.98632770775475,0.49637581875,1.417150392292434e-05,16
4.98428296761986,0.49632726875,1.4557288498805948e-05,16
