pos_index,position,sample_index,voltage
0,-0.0097659230323191,0,0.06764743
0,-0.0097659230323191,1,0.06782354
0,-0.0097659230323191,2,0.06788259
0,-0.0097659230323191,3,0.0678487
0,-0.0097659230323191,4,0.06796823
0,-0.0097659230323191,5,0.06770747
0,-0.0097659230323191,6,0.06814916
0,-0.0097659230323191,7,0.06829676
0,-0.0097659230323191,8,0.06824847
0,-0.0097659230323191,9,0.06806022
0,-0.0097659230323191,10,0.06829316
0,-0.0097659230323191,11,0.06835091
1,-0.0097659230323191,0,0.06794763
1,-0.0097659230323191,1,0.06781667
1,-0.0097659230323191,2,0.06782296
1,-0.0097659230323191,3,0.06812562
1,-0.0097659230323191,4,0.0681009
1,-0.0097659230323191,5,0.06801085
1,-0.0097659230323191,6,0.06817488
1,-0.0097659230323191,7,0.06784102
1,-0.0097659230323191,8,0.0680768
1,-0.0097659230323191,9,0.06812763
1,-0.0097659230323191,10,0.06799045
1,-0.0097659230323191,11,0.06805573
1,-0.0097659230323191,12,0.06809524
1,-0.0097659230323191,13,0.06793017
1,-0.0097659230323191,14,0.0679748
1,-0.0097659230323191,15,0.06803023
2,0.0,0,0.06842383
2,0.0,1,0.06837752
2,0.0,2,0.06826045
2,0.0,3,0.06807769
2,0.0,4,0.0683575
2,0.0,5,0.06800857
2,0.0,6,0.06811724
2,0.0,7,0.06816923
2,0.0,8,0.06819003
2,0.0,9,0.0684042
2,0.0,10,0.06812233
2,0.0,11,0.0681377
2,0.0,12,0.06807156
2,0.0,13,0.06803846
2,0.0,14,0.06799112
2,0.0,15,0.06789181
3,0.010986663411359,0,0.0685266
3,0.010986663411359,1,0.06835987
3,0.010986663411359,2,0.06826378
3,0.010986663411359,3,0.0684486
3,0.010986663411359,4,0.0684489
3,0.010986663411359,5,0.06854882
3,0.010986663411359,6,0.06819214
3,0.010986663411359,7,0.06823833
3,0.010986663411359,8,0.0679507
3,0.010986663411359,9,0.06819608
3,0.010986663411359,10,0.06794456
3,0.010986663411359,11,0.06803828
3,0.010986663411359,12,0.06780679
3,0.010986663411359,13,0.06815221
3,0.010986663411359,14,0.06806615
3,0.010986663411359,15,0.0681415
4,0.0207525864436781,0,0.06769074
4,0.0207525864436781,1,0.06778675
4,0.0207525864436781,2,0.06792172
4,0.0207525864436781,3,0.06759448
4,0.0207525864436781,4,0.06770116
4,0.0207525864436781,5,0.06775989
4,0.0207525864436781,6,0.06796722
4,0.0207525864436781,7,0.06788177
4,0.0207525864436781,8,0.06793846
4,0.0207525864436781,9,0.06821415
4,0.0207525864436781,10,0.0680659
4,0.0207525864436781,11,0.06803508
4,0.0207525864436781,12,0.06788196
4,0.0207525864436781,13,0.06787641
4,0.0207525864436781,14,0.06845891
4,0.0207525864436781,15,0.06799002
5,0.0305185094759972,0,0.06793167
5,0.0305185094759972,1,0.06777374
5,0.0305185094759972,2,0.06820458
5,0.0305185094759972,3,0.06796861
5,0.0305185094759972,4,0.06805422
5,0.0305185094759972,5,0.06821179
5,0.0305185094759972,6,0.06830124
5,0.0305185094759972,7,0.06803233
5,0.0305185094759972,8,0.06817546
5,0.0305185094759972,9,0.06816939
5,0.0305185094759972,10,0.06829481
5,0.0305185094759972,11,0.06826885
5,0.0305185094759972,12,0.06805967
5,0.0305185094759972,13,0.06826472
5,0.0305185094759972,14,0.06807788
5,0.0305185094759972,15,0.06805629
6,0.0408948026978362,0,0.06791557
6,0.0408948026978362,1,0.06802937
6,0.0408948026978362,2,0.0680503
6,0.0408948026978362,3,0.06811055
6,0.0408948026978362,4,0.06831818
6,0.0408948026978362,5,0.06836415
6,0.0408948026978362,6,0.06821042
6,0.0408948026978362,7,0.06817713
6,0.0408948026978362,8,0.0682018
6,0.0408948026978362,9,0.0683511
6,0.0408948026978362,10,0.06803492
6,0.0408948026978362,11,0.06829371
6,0.0408948026978362,12,0.06831139
6,0.0408948026978362,13,0.06809711
6,0.0408948026978362,14,0.06794231
6,0.0408948026978362,15,0.06803372
7,0.0506607257301553,0,0.06789593
7,0.0506607257301553,1,0.06776919
7,0.0506607257301553,2,0.06790899
7,0.0506607257301553,3,0.06781825
7,0.0506607257301553,4,0.06796083
7,0.0506607257301553,5,0.06820533
7,0.0506607257301553,6,0.06786513
7,0.0506607257301553,7,0.06803317
7,0.0506607257301553,8,0.06784868
7,0.0506607257301553,9,0.06797005
7,0.0506607257301553,10,0.06776889
7,0.0506607257301553,11,0.06786252
7,0.0506607257301553,12,0.0680351
7,0.0506607257301553,13,0.06789134
7,0.0506607257301553,14,0.06832293
7,0.0506607257301553,15,0.06812674
8,0.0604266487624744,0,0.06803229
8,0.0604266487624744,1,0.06810766
8,0.0604266487624744,2,0.06826465
8,0.0604266487624744,3,0.06808358
8,0.0604266487624744,4,0.06776815
8,0.0604266487624744,5,0.06799027
8,0.0604266487624744,6,0.06801683
8,0.0604266487624744,7,0.06809457
8,0.0604266487624744,8,0.06786513
8,0.0604266487624744,9,0.06829186
8,0.0604266487624744,10,0.06830457
8,0.0604266487624744,11,0.06788541
8,0.0604266487624744,12,0.06825242
8,0.0604266487624744,13,0.06807043
8,0.0604266487624744,14,0.06834435
8,0.0604266487624744,15,0.06808787
9,0.0701925717947936,0,0.06823578
9,0.0701925717947936,1,0.06811407
9,0.0701925717947936,2,0.06843211
9,0.0701925717947936,3,0.06802527
9,0.0701925717947936,4,0.06820048
9,0.0701925717947936,5,0.0681245
9,0.0701925717947936,6,0.06845199
9,0.0701925717947936,7,0.06834692
9,0.0701925717947936,8,0.0680192
9,0.0701925717947936,9,0.06819522
9,0.0701925717947936,10,0.06811052
9,0.0701925717947936,11,0.06803094
9,0.0701925717947936,12,0.06827667
9,0.0701925717947936,13,0.06834379
9,0.0701925717947936,14,0.06813164
9,0.0701925717947936,15,0.06808054
10,0.0805688650166326,0,0.06833708
10,0.0805688650166326,1,0.0682024
10,0.0805688650166326,2,0.06822614
10,0.0805688650166326,3,0.06830548
10,0.0805688650166326,4,0.06809075
10,0.0805688650166326,5,0.06835823
10,0.0805688650166326,6,0.06821537
10,0.0805688650166326,7,0.06810754
10,0.0805688650166326,8,0.06816249
10,0.0805688650166326,9,0.06795477
10,0.0805688650166326,10,0.06795947
10,0.0805688650166326,11,0.0678596
10,0.0805688650166326,12,0.0678971
10,0.0805688650166326,13,0.06830817
10,0.0805688650166326,14,0.06811158
10,0.0805688650166326,15,0.06799149
11,0.0903347880489517,0,0.06845772
11,0.0903347880489517,1,0.0683337
11,0.0903347880489517,2,0.06834043
11,0.0903347880489517,3,0.06855533
11,0.0903347880489517,4,0.06874695
11,0.0903347880489517,5,0.06837522
11,0.0903347880489517,6,0.06835554
11,0.0903347880489517,7,0.06853614
11,0.0903347880489517,8,0.06835911
11,0.0903347880489517,9,0.06823681
11,0.0903347880489517,10,0.06823647
11,0.0903347880489517,11,0.06841869
11,0.0903347880489517,12,0.0682264
11,0.0903347880489517,13,0.06844085
11,0.0903347880489517,14,0.06833576
11,0.0903347880489517,15,0.06816898
12,0.100711081270791,0,0.0685521
12,0.100711081270791,1,0.06866216
12,0.100711081270791,2,0.06864485
12,0.100711081270791,3,0.06838927
12,0.100711081270791,4,0.06858525
12,0.100711081270791,5,0.06846829
12,0.100711081270791,6,0.06833038
12,0.100711081270791,7,0.0681926
12,0.100711081270791,8,0.06825168
12,0.100711081270791,9,0.06824029
12,0.100711081270791,10,0.06845839
12,0.100711081270791,11,0.0682328
12,0.100711081270791,12,0.06814769
12,0.100711081270791,13,0.06828061
12,0.100711081270791,14,0.06839874
12,0.100711081270791,15,0.06843629
13,0.10986663411359,0,0.06817189
13,0.10986663411359,1,0.06808065
13,0.10986663411359,2,0.06809165
13,0.10986663411359,3,0.06832034
13,0.10986663411359,4,0.06796423
13,0.10986663411359,5,0.06809732
13,0.10986663411359,6,0.06831101
13,0.10986663411359,7,0.06848946
13,0.10986663411359,8,0.06829549
13,0.10986663411359,9,0.06802413
13,0.10986663411359,10,0.06813138
13,0.10986663411359,11,0.0681989
13,0.10986663411359,12,0.06810501
13,0.10986663411359,13,0.06794821
13,0.10986663411359,14,0.06819972
13,0.10986663411359,15,0.06835136
14,0.119632557145909,0,0.06832027
14,0.119632557145909,1,0.06830535
14,0.119632557145909,2,0.06810065
14,0.119632557145909,3,0.0681105
14,0.119632557145909,4,0.06803109
14,0.119632557145909,5,0.06813324
14,0.119632557145909,6,0.06809389
14,0.119632557145909,7,0.06797707
14,0.119632557145909,8,0.06821647
14,0.119632557145909,9,0.06801122
14,0.119632557145909,10,0.06819402
14,0.119632557145909,11,0.0681609
14,0.119632557145909,12,0.06831694
14,0.119632557145909,13,0.06818295
14,0.119632557145909,14,0.0683042
14,0.119632557145909,15,0.0681379
15,0.130619220557268,0,0.06813633
15,0.130619220557268,1,0.06799535
15,0.130619220557268,2,0.06831377
15,0.130619220557268,3,0.06806184
15,0.130619220557268,4,0.06844594
15,0.130619220557268,5,0.0681606
15,0.130619220557268,6,0.0682102
15,0.130619220557268,7,0.06819217
15,0.130619220557268,8,0.06826736
15,0.130619220557268,9,0.06843926
15,0.130619220557268,10,0.06833353
15,0.130619220557268,11,0.06863325
15,0.130619220557268,12,0.06829368
15,0.130619220557268,13,0.06846726
15,0.130619220557268,14,0.06836748
15,0.130619220557268,15,0.06826834
16,0.139774773400067,0,0.06813291
16,0.139774773400067,1,0.06805932
16,0.139774773400067,2,0.06801567
16,0.139774773400067,3,0.06833903
16,0.139774773400067,4,0.06812555
16,0.139774773400067,5,0.06830294
16,0.139774773400067,6,0.06829517
16,0.139774773400067,7,0.06821865
16,0.139774773400067,8,0.0681338
16,0.139774773400067,9,0.06794987
16,0.139774773400067,10,0.06776419
16,0.139774773400067,11,0.06827792
16,0.139774773400067,12,0.06834185
16,0.139774773400067,13,0.06812735
16,0.139774773400067,14,0.06809907
16,0.139774773400067,15,0.068348
17,0.150151066621906,0,0.06802417
17,0.150151066621906,1,0.06823786
17,0.150151066621906,2,0.06843103
17,0.150151066621906,3,0.06824546
17,0.150151066621906,4,0.06792658
17,0.150151066621906,5,0.06793692
17,0.150151066621906,6,0.06800613
17,0.150151066621906,7,0.06825437
17,0.150151066621906,8,0.06805831
17,0.150151066621906,9,0.06807107
17,0.150151066621906,10,0.0681797
17,0.150151066621906,11,0.06788397
17,0.150151066621906,12,0.0681785
17,0.150151066621906,13,0.0683651
17,0.150151066621906,14,0.06810896
17,0.150151066621906,15,0.06804267
18,0.159916989654225,0,0.06802762
18,0.159916989654225,1,0.06782211
18,0.159916989654225,2,0.06807905
18,0.159916989654225,3,0.06833573
18,0.159916989654225,4,0.06821854
18,0.159916989654225,5,0.06793231
18,0.159916989654225,6,0.06810399
18,0.159916989654225,7,0.0682056
18,0.159916989654225,8,0.06830729
18,0.159916989654225,9,0.06822496
18,0.159916989654225,10,0.06817763
18,0.159916989654225,11,0.06807442
18,0.159916989654225,12,0.06786843
18,0.159916989654225,13,0.06804135
18,0.159916989654225,14,0.06821158
18,0.159916989654225,15,0.06825738
19,0.170293282876064,0,0.06817975
19,0.170293282876064,1,0.06803001
19,0.170293282876064,2,0.06810362
19,0.170293282876064,3,0.06788826
19,0.170293282876064,4,0.06810208
19,0.170293282876064,5,0.06833071
19,0.170293282876064,6,0.06812739
19,0.170293282876064,7,0.0678333
19,0.170293282876064,8,0.06803337
19,0.170293282876064,9,0.06841436
19,0.170293282876064,10,0.06804609
19,0.170293282876064,11,0.06823994
19,0.170293282876064,12,0.06815403
19,0.170293282876064,13,0.06799009
19,0.170293282876064,14,0.06777987
19,0.170293282876064,15,0.06777799
20,0.180059205908383,0,0.06817954
20,0.180059205908383,1,0.06856652
20,0.180059205908383,2,0.06815618
20,0.180059205908383,3,0.06844755
20,0.180059205908383,4,0.06806012
20,0.180059205908383,5,0.0680435
20,0.180059205908383,6,0.06846745
20,0.180059205908383,7,0.06836518
20,0.180059205908383,8,0.06827388
20,0.180059205908383,9,0.06811997
20,0.180059205908383,10,0.06792448
20,0.180059205908383,11,0.06842604
20,0.180059205908383,12,0.06873743
20,0.180059205908383,13,0.06798765
20,0.180059205908383,14,0.06792421
20,0.180059205908383,15,0.06823599
21,0.189825128940703,0,0.06800587
21,0.189825128940703,1,0.06824379
21,0.189825128940703,2,0.06815907
21,0.189825128940703,3,0.06782036
21,0.189825128940703,4,0.06786144
21,0.189825128940703,5,0.06810977
21,0.189825128940703,6,0.06786881
21,0.189825128940703,7,0.06804518
21,0.189825128940703,8,0.06796983
21,0.189825128940703,9,0.06805621
21,0.189825128940703,10,0.0679695
21,0.189825128940703,11,0.06826004
21,0.189825128940703,12,0.0682817
21,0.189825128940703,13,0.06781646
21,0.189825128940703,14,0.0676729
21,0.189825128940703,15,0.06801037
22,0.199591051973022,0,0.0679177
22,0.199591051973022,1,0.06820112
22,0.199591051973022,2,0.06808792
22,0.199591051973022,3,0.06770849
22,0.199591051973022,4,0.06804614
22,0.199591051973022,5,0.0679088
22,0.199591051973022,6,0.06794008
22,0.199591051973022,7,0.06790241
22,0.199591051973022,8,0.06764506
22,0.199591051973022,9,0.06801222
22,0.199591051973022,10,0.06786155
22,0.199591051973022,11,0.06804912
22,0.199591051973022,12,0.06802721
22,0.199591051973022,13,0.06802791
22,0.199591051973022,14,0.06834128
22,0.199591051973022,15,0.06814186
23,0.210577715384381,0,0.06812982
23,0.210577715384381,1,0.06801915
23,0.210577715384381,2,0.06822921
23,0.210577715384381,3,0.0681707
23,0.210577715384381,4,0.06823718
23,0.210577715384381,5,0.06827585
23,0.210577715384381,6,0.06838273
23,0.210577715384381,7,0.06857998
23,0.210577715384381,8,0.06813324
23,0.210577715384381,9,0.06824868
23,0.210577715384381,10,0.06812894
23,0.210577715384381,11,0.06825618
23,0.210577715384381,12,0.06837813
23,0.210577715384381,13,0.06826071
23,0.210577715384381,14,0.06842905
23,0.210577715384381,15,0.06808481
24,0.2203436384167,0,0.06847597
24,0.2203436384167,1,0.06814751
24,0.2203436384167,2,0.06822994
24,0.2203436384167,3,0.06819356
24,0.2203436384167,4,0.06811824
24,0.2203436384167,5,0.06827447
24,0.2203436384167,6,0.06806618
24,0.2203436384167,7,0.06824884
24,0.2203436384167,8,0.06816981
24,0.2203436384167,9,0.06837348
24,0.2203436384167,10,0.06829916
24,0.2203436384167,11,0.06822294
24,0.2203436384167,12,0.06816711
24,0.2203436384167,13,0.06823698
24,0.2203436384167,14,0.06863648
24,0.2203436384167,15,0.06802466
25,0.231330301828059,0,0.06797543
25,0.231330301828059,1,0.06812931
25,0.231330301828059,2,0.06845298
25,0.231330301828059,3,0.0682961
25,0.231330301828059,4,0.06839614
25,0.231330301828059,5,0.06835588
25,0.231330301828059,6,0.06825245
25,0.231330301828059,7,0.06793031
25,0.231330301828059,8,0.06833828
25,0.231330301828059,9,0.06808602
25,0.231330301828059,10,0.06791101
25,0.231330301828059,11,0.06799085
25,0.231330301828059,12,0.06790676
25,0.231330301828059,13,0.06789482
25,0.231330301828059,14,0.06804345
25,0.231330301828059,15,0.06822792
26,0.239875484481338,0,0.06792559
26,0.239875484481338,1,0.06782501
26,0.239875484481338,2,0.06790695
26,0.239875484481338,3,0.06808331
26,0.239875484481338,4,0.06824815
26,0.239875484481338,5,0.06811707
26,0.239875484481338,6,0.06817542
26,0.239875484481338,7,0.0681138
26,0.239875484481338,8,0.06826644
26,0.239875484481338,9,0.06801185
26,0.239875484481338,10,0.06829116
26,0.239875484481338,11,0.06824264
26,0.239875484481338,12,0.06818224
26,0.239875484481338,13,0.0681184
26,0.239875484481338,14,0.06805639
26,0.239875484481338,15,0.06811327
27,0.249641407513657,0,0.06805374
27,0.249641407513657,1,0.06797624
27,0.249641407513657,2,0.06813479
27,0.249641407513657,3,0.06807777
27,0.249641407513657,4,0.06808193
27,0.249641407513657,5,0.06795061
27,0.249641407513657,6,0.06853627
27,0.249641407513657,7,0.06810221
27,0.249641407513657,8,0.06776372
27,0.249641407513657,9,0.06817933
27,0.249641407513657,10,0.06812321
27,0.249641407513657,11,0.06827358
27,0.249641407513657,12,0.06819941
27,0.249641407513657,13,0.06820788
27,0.249641407513657,14,0.06816398
27,0.249641407513657,15,0.06825578
28,0.260628070925016,0,0.06835233
28,0.260628070925016,1,0.0681213
28,0.260628070925016,2,0.06833725
28,0.260628070925016,3,0.06805792
28,0.260628070925016,4,0.06842053
28,0.260628070925016,5,0.06822548
28,0.260628070925016,6,0.06843022
28,0.260628070925016,7,0.06857157
28,0.260628070925016,8,0.06817407
28,0.260628070925016,9,0.06814977
28,0.260628070925016,10,0.06823789
28,0.260628070925016,11,0.0681072
28,0.260628070925016,12,0.06837165
28,0.260628070925016,13,0.06811888
28,0.260628070925016,14,0.06828119
28,0.260628070925016,15,0.06785895
29,0.270393993957335,0,0.06797376
29,0.270393993957335,1,0.06798869
29,0.270393993957335,2,0.06796718
29,0.270393993957335,3,0.06805261
29,0.270393993957335,4,0.06823481
29,0.270393993957335,5,0.06814186
29,0.270393993957335,6,0.06822371
29,0.270393993957335,7,0.06828555
29,0.270393993957335,8,0.06805051
29,0.270393993957335,9,0.06801534
29,0.270393993957335,10,0.06798699
29,0.270393993957335,11,0.06791482
29,0.270393993957335,12,0.06817897
29,0.270393993957335,13,0.0683196
29,0.270393993957335,14,0.06829958
29,0.270393993957335,15,0.06806752
30,0.280159916989654,0,0.06842335
30,0.280159916989654,1,0.0683818
30,0.280159916989654,2,0.06822061
30,0.280159916989654,3,0.06801406
30,0.280159916989654,4,0.06816734
30,0.280159916989654,5,0.06815843
30,0.280159916989654,6,0.06823642
30,0.280159916989654,7,0.06837583
30,0.280159916989654,8,0.06852865
30,0.280159916989654,9,0.06835864
30,0.280159916989654,10,0.06828364
30,0.280159916989654,11,0.06820522
30,0.280159916989654,12,0.06828364
30,0.280159916989654,13,0.06829517
30,0.280159916989654,14,0.06796784
30,0.280159916989654,15,0.06815958
31,0.291146580401013,0,0.0681721
31,0.291146580401013,1,0.06809731
31,0.291146580401013,2,0.06806228
31,0.291146580401013,3,0.06813025
31,0.291146580401013,4,0.06797975
31,0.291146580401013,5,0.06804086
31,0.291146580401013,6,0.06802385
31,0.291146580401013,7,0.06817645
31,0.291146580401013,8,0.06784397
31,0.291146580401013,9,0.06799173
31,0.291146580401013,10,0.06805325
31,0.291146580401013,11,0.06790663
31,0.291146580401013,12,0.06816989
31,0.291146580401013,13,0.06841306
31,0.291146580401013,14,0.06807019
31,0.291146580401013,15,0.06833733
32,0.300302133243812,0,0.06868573
32,0.300302133243812,1,0.0685301
32,0.300302133243812,2,0.06837747
32,0.300302133243812,3,0.06825238
32,0.300302133243812,4,0.0685252
32,0.300302133243812,5,0.06851567
32,0.300302133243812,6,0.0683528
32,0.300302133243812,7,0.06834878
32,0.300302133243812,8,0.06868008
32,0.300302133243812,9,0.06825116
32,0.300302133243812,10,0.06863114
32,0.300302133243812,11,0.06840486
32,0.300302133243812,12,0.06849093
32,0.300302133243812,13,0.0686596
32,0.300302133243812,14,0.0687006
32,0.300302133243812,15,0.06876674
33,0.310678426465651,0,0.06810508
33,0.310678426465651,1,0.06827886
33,0.310678426465651,2,0.06827226
33,0.310678426465651,3,0.06832866
33,0.310678426465651,4,0.06816389
33,0.310678426465651,5,0.06834251
33,0.310678426465651,6,0.06843169
33,0.310678426465651,7,0.06819319
33,0.310678426465651,8,0.06819873
33,0.310678426465651,9,0.06850584
33,0.310678426465651,10,0.06838249
33,0.310678426465651,11,0.06861886
33,0.310678426465651,12,0.06840562
33,0.310678426465651,13,0.06863335
33,0.310678426465651,14,0.06838193
33,0.310678426465651,15,0.06852459
34,0.32105471968749,0,0.06800952
34,0.32105471968749,1,0.06827652
34,0.32105471968749,2,0.06820196
34,0.32105471968749,3,0.0681008
34,0.32105471968749,4,0.06811506
34,0.32105471968749,5,0.06783044
34,0.32105471968749,6,0.0682728
34,0.32105471968749,7,0.06813414
34,0.32105471968749,8,0.06823811
34,0.32105471968749,9,0.06811226
34,0.32105471968749,10,0.06822925
34,0.32105471968749,11,0.06801955
34,0.32105471968749,12,0.06800795
34,0.32105471968749,13,0.06808272
34,0.32105471968749,14,0.06813255
34,0.32105471968749,15,0.0682622
35,0.33021027253029,0,0.06841636
35,0.33021027253029,1,0.06836097
35,0.33021027253029,2,0.06790749
35,0.33021027253029,3,0.06792105
35,0.33021027253029,4,0.06799392
35,0.33021027253029,5,0.06804896
35,0.33021027253029,6,0.06814903
35,0.33021027253029,7,0.06788486
35,0.33021027253029,8,0.06792546
35,0.33021027253029,9,0.06820994
35,0.33021027253029,10,0.06803048
35,0.33021027253029,11,0.0682176
35,0.33021027253029,12,0.06803706
35,0.33021027253029,13,0.06811418
35,0.33021027253029,14,0.06779172
35,0.33021027253029,15,0.06805381
36,0.340586565752129,0,0.06828976
36,0.340586565752129,1,0.06817307
36,0.340586565752129,2,0.06826314
36,0.340586565752129,3,0.06839343
36,0.340586565752129,4,0.06842927
36,0.340586565752129,5,0.06822523
36,0.340586565752129,6,0.06839839
36,0.340586565752129,7,0.0682999
36,0.340586565752129,8,0.06851879
36,0.340586565752129,9,0.06845164
36,0.340586565752129,10,0.06840824
36,0.340586565752129,11,0.06850503
36,0.340586565752129,12,0.06857298
36,0.340586565752129,13,0.06859276
36,0.340586565752129,14,0.06844628
36,0.340586565752129,15,0.06849851
37,0.350352488784448,0,0.06841796
37,0.350352488784448,1,0.06847314
37,0.350352488784448,2,0.06841999
37,0.350352488784448,3,0.06857563
37,0.350352488784448,4,0.06859932
37,0.350352488784448,5,0.06873462
37,0.350352488784448,6,0.06855609
37,0.350352488784448,7,0.0683995
37,0.350352488784448,8,0.0687696
37,0.350352488784448,9,0.0686546
37,0.350352488784448,10,0.0685242
37,0.350352488784448,11,0.06867496
37,0.350352488784448,12,0.06881807
37,0.350352488784448,13,0.06855724
37,0.350352488784448,14,0.06892832
37,0.350352488784448,15,0.06881156
38,0.361339152195807,0,0.06842293
38,0.361339152195807,1,0.06871178
38,0.361339152195807,2,0.06880507
38,0.361339152195807,3,0.06880859
38,0.361339152195807,4,0.06857264
38,0.361339152195807,5,0.06852848
38,0.361339152195807,6,0.06860214
38,0.361339152195807,7,0.06849105
38,0.361339152195807,8,0.06849279
38,0.361339152195807,9,0.06881249
38,0.361339152195807,10,0.06872813
38,0.361339152195807,11,0.06896749
38,0.361339152195807,12,0.06882847
38,0.361339152195807,13,0.06889731
38,0.361339152195807,14,0.06862128
38,0.361339152195807,15,0.06859232
39,0.369884334849086,0,0.06896068
39,0.369884334849086,1,0.06867951
39,0.369884334849086,2,0.06854295
39,0.369884334849086,3,0.0688283
39,0.369884334849086,4,0.06846535
39,0.369884334849086,5,0.06850993
39,0.369884334849086,6,0.06856011
39,0.369884334849086,7,0.06865871
39,0.369884334849086,8,0.06861959
39,0.369884334849086,9,0.0686864
39,0.369884334849086,10,0.06862686
39,0.369884334849086,11,0.06866003
39,0.369884334849086,12,0.0685945
39,0.369884334849086,13,0.06882715
39,0.369884334849086,14,0.06904537
39,0.369884334849086,15,0.06861514
40,0.380870998260445,0,0.06831349
40,0.380870998260445,1,0.06832121
40,0.380870998260445,2,0.06834137
40,0.380870998260445,3,0.06856167
40,0.380870998260445,4,0.06838629
40,0.380870998260445,5,0.06857379
40,0.380870998260445,6,0.06847918
40,0.380870998260445,7,0.06836761
40,0.380870998260445,8,0.06834754
40,0.380870998260445,9,0.06837845
40,0.380870998260445,10,0.06831057
40,0.380870998260445,11,0.06840739
40,0.380870998260445,12,0.06846608
40,0.380870998260445,13,0.06834655
40,0.380870998260445,14,0.06833938
40,0.380870998260445,15,0.06860806
41,0.390636921292764,0,0.06854699
41,0.390636921292764,1,0.06869636
41,0.390636921292764,2,0.06871794
41,0.390636921292764,3,0.06851342
41,0.390636921292764,4,0.06861634
41,0.390636921292764,5,0.06798179
41,0.390636921292764,6,0.068254
41,0.390636921292764,7,0.06828132
41,0.390636921292764,8,0.06839622
41,0.390636921292764,9,0.0686311
41,0.390636921292764,10,0.06847008
41,0.390636921292764,11,0.06853081
41,0.390636921292764,12,0.06859291
41,0.390636921292764,13,0.0684066
41,0.390636921292764,14,0.06869068
41,0.390636921292764,15,0.06824695
42,0.400402844325083,0,0.06834863
42,0.400402844325083,1,0.06821591
42,0.400402844325083,2,0.06831831
42,0.400402844325083,3,0.06820391
42,0.400402844325083,4,0.06819207
42,0.400402844325083,5,0.06821287
42,0.400402844325083,6,0.06831032
42,0.400402844325083,7,0.06812333
42,0.400402844325083,8,0.06867168
42,0.400402844325083,9,0.06839162
42,0.400402844325083,10,0.06846356
42,0.400402844325083,11,0.06854562
42,0.400402844325083,12,0.06841635
42,0.400402844325083,13,0.06847101
42,0.400402844325083,14,0.06845003
42,0.400402844325083,15,0.06835622
43,0.409558397167882,0,0.06850405
43,0.409558397167882,1,0.06844296
43,0.409558397167882,2,0.06866688
43,0.409558397167882,3,0.06830969
43,0.409558397167882,4,0.06830259
43,0.409558397167882,5,0.06850948
43,0.409558397167882,6,0.06827476
43,0.409558397167882,7,0.06850839
43,0.409558397167882,8,0.06842814
43,0.409558397167882,9,0.06841607
43,0.409558397167882,10,0.06837255
43,0.409558397167882,11,0.06820374
43,0.409558397167882,12,0.06830229
43,0.409558397167882,13,0.06831576
43,0.409558397167882,14,0.06833101
43,0.409558397167882,15,0.0684549
44,0.420545060579241,0,0.06829855
44,0.420545060579241,1,0.06832295
44,0.420545060579241,2,0.0683456
44,0.420545060579241,3,0.06834998
44,0.420545060579241,4,0.06823275
44,0.420545060579241,5,0.06813917
44,0.420545060579241,6,0.06831412
44,0.420545060579241,7,0.0684409
44,0.420545060579241,8,0.06814375
44,0.420545060579241,9,0.06807327
44,0.420545060579241,10,0.06839054
44,0.420545060579241,11,0.06868669
44,0.420545060579241,12,0.06835209
44,0.420545060579241,13,0.06862348
44,0.420545060579241,14,0.06855986
44,0.420545060579241,15,0.06843066
45,0.42970061342204,0,0.06839974
45,0.42970061342204,1,0.06850784
45,0.42970061342204,2,0.06843409
45,0.42970061342204,3,0.06822795
45,0.42970061342204,4,0.06820328
45,0.42970061342204,5,0.0684268
45,0.42970061342204,6,0.06837042
45,0.42970061342204,7,0.06846631
45,0.42970061342204,8,0.06830817
45,0.42970061342204,9,0.06840785
45,0.42970061342204,10,0.06829495
45,0.42970061342204,11,0.06821977
45,0.42970061342204,12,0.06796499
45,0.42970061342204,13,0.06827334
45,0.42970061342204,14,0.06839732
45,0.42970061342204,15,0.06844763
46,0.4406872768334,0,0.06819821
46,0.4406872768334,1,0.06839078
46,0.4406872768334,2,0.06846156
46,0.4406872768334,3,0.0682751
46,0.4406872768334,4,0.06831905
46,0.4406872768334,5,0.06821943
46,0.4406872768334,6,0.06842824
46,0.4406872768334,7,0.06817452
46,0.4406872768334,8,0.06829693
46,0.4406872768334,9,0.06812081
46,0.4406872768334,10,0.06833334
46,0.4406872768334,11,0.06841708
46,0.4406872768334,12,0.06827285
46,0.4406872768334,13,0.06811643
46,0.4406872768334,14,0.0683303
46,0.4406872768334,15,0.06838391
47,0.450453199865719,0,0.06853269
47,0.450453199865719,1,0.06827456
47,0.450453199865719,2,0.06809706
47,0.450453199865719,3,0.06817206
47,0.450453199865719,4,0.06848516
47,0.450453199865719,5,0.06829062
47,0.450453199865719,6,0.06820054
47,0.450453199865719,7,0.06842151
47,0.450453199865719,8,0.06812915
47,0.450453199865719,9,0.06839859
47,0.450453199865719,10,0.06824882
47,0.450453199865719,11,0.06828878
47,0.450453199865719,12,0.06833659
47,0.450453199865719,13,0.06855362
47,0.450453199865719,14,0.06837335
47,0.450453199865719,15,0.06855004
48,0.460219122898038,0,0.06844687
48,0.460219122898038,1,0.06866235
48,0.460219122898038,2,0.06887549
48,0.460219122898038,3,0.06857279
48,0.460219122898038,4,0.06873839
48,0.460219122898038,5,0.0686473
48,0.460219122898038,6,0.06878059
48,0.460219122898038,7,0.06825593
48,0.460219122898038,8,0.06829402
48,0.460219122898038,9,0.06837211
48,0.460219122898038,10,0.0685617
48,0.460219122898038,11,0.06847845
48,0.460219122898038,12,0.06840518
48,0.460219122898038,13,0.06860434
48,0.460219122898038,14,0.06861308
48,0.460219122898038,15,0.06846214
49,0.470595416119877,0,0.06838243
49,0.470595416119877,1,0.06851658
49,0.470595416119877,2,0.06873016
49,0.470595416119877,3,0.06825483
49,0.470595416119877,4,0.06859501
49,0.470595416119877,5,0.06844883
49,0.470595416119877,6,0.06854258
49,0.470595416119877,7,0.06862698
49,0.470595416119877,8,0.06864412
49,0.470595416119877,9,0.06866512
49,0.470595416119877,10,0.06855034
49,0.470595416119877,11,0.06880377
49,0.470595416119877,12,0.0687413
49,0.470595416119877,13,0.06857245
49,0.470595416119877,14,0.06831945
49,0.470595416119877,15,0.06840619
50,0.480361339152196,0,0.06875058
50,0.480361339152196,1,0.06836618
50,0.480361339152196,2,0.06869773
50,0.480361339152196,3,0.06844728
50,0.480361339152196,4,0.0686061
50,0.480361339152196,5,0.06826778
50,0.480361339152196,6,0.06834041
50,0.480361339152196,7,0.06815557
50,0.480361339152196,8,0.06821182
50,0.480361339152196,9,0.06812465
50,0.480361339152196,10,0.06840312
50,0.480361339152196,11,0.06804732
50,0.480361339152196,12,0.06821402
50,0.480361339152196,13,0.06838109
50,0.480361339152196,14,0.06821895
50,0.480361339152196,15,0.06819909
51,0.490737632374035,0,0.06843439
51,0.490737632374035,1,0.06846461
51,0.490737632374035,2,0.0683281
51,0.490737632374035,3,0.06800081
51,0.490737632374035,4,0.06813658
51,0.490737632374035,5,0.06826463
51,0.490737632374035,6,0.06823184
51,0.490737632374035,7,0.0682501
51,0.490737632374035,8,0.06810275
51,0.490737632374035,9,0.068652
51,0.490737632374035,10,0.06845
51,0.490737632374035,11,0.06829674
51,0.490737632374035,12,0.06829133
51,0.490737632374035,13,0.06837218
51,0.490737632374035,14,0.06829919
51,0.490737632374035,15,0.0683326
52,0.499893185216834,0,0.0683985
52,0.499893185216834,1,0.06849786
52,0.499893185216834,2,0.06834364
52,0.499893185216834,3,0.06829382
52,0.499893185216834,4,0.06831017
52,0.499893185216834,5,0.06819402
52,0.499893185216834,6,0.06844496
52,0.499893185216834,7,0.06845325
52,0.499893185216834,8,0.06824046
52,0.499893185216834,9,0.06852309
52,0.499893185216834,10,0.06810017
52,0.499893185216834,11,0.06813095
52,0.499893185216834,12,0.06848714
52,0.499893185216834,13,0.06811285
52,0.499893185216834,14,0.06828141
52,0.499893185216834,15,0.06827576
53,0.510879848628193,0,0.06831659
53,0.510879848628193,1,0.06846821
53,0.510879848628193,2,0.06876306
53,0.510879848628193,3,0.06858353
53,0.510879848628193,4,0.06846219
53,0.510879848628193,5,0.06856816
53,0.510879848628193,6,0.06866404
53,0.510879848628193,7,0.06872789
53,0.510879848628193,8,0.06887241
53,0.510879848628193,9,0.06860366
53,0.510879848628193,10,0.06846151
53,0.510879848628193,11,0.0687578
53,0.510879848628193,12,0.0687319
53,0.510879848628193,13,0.06860072
53,0.510879848628193,14,0.06884416
53,0.510879848628193,15,0.06842053
54,0.520645771660512,0,0.06831456
54,0.520645771660512,1,0.06844992
54,0.520645771660512,2,0.06846077
54,0.520645771660512,3,0.06863697
54,0.520645771660512,4,0.06811508
54,0.520645771660512,5,0.06857719
54,0.520645771660512,6,0.06863095
54,0.520645771660512,7,0.06870527
54,0.520645771660512,8,0.06849404
54,0.520645771660512,9,0.06858043
54,0.520645771660512,10,0.06858468
54,0.520645771660512,11,0.06857508
54,0.520645771660512,12,0.06845531
54,0.520645771660512,13,0.06867281
54,0.520645771660512,14,0.06870945
54,0.520645771660512,15,0.06846751
55,0.530411694692831,0,0.06877949
55,0.530411694692831,1,0.06875268
55,0.530411694692831,2,0.06837728
55,0.530411694692831,3,0.06849304
55,0.530411694692831,4,0.06853284
55,0.530411694692831,5,0.06875403
55,0.530411694692831,6,0.06872693
55,0.530411694692831,7,0.06898327
55,0.530411694692831,8,0.06860591
55,0.530411694692831,9,0.0682807
55,0.530411694692831,10,0.06871942
55,0.530411694692831,11,0.06857809
55,0.530411694692831,12,0.06847563
55,0.530411694692831,13,0.06858794
55,0.530411694692831,14,0.06879675
55,0.530411694692831,15,0.06860941
56,0.54017761772515,0,0.06910206
56,0.54017761772515,1,0.06898533
56,0.54017761772515,2,0.06886423
56,0.54017761772515,3,0.06917637
56,0.54017761772515,4,0.06903441
56,0.54017761772515,5,0.06884015
56,0.54017761772515,6,0.0686592
56,0.54017761772515,7,0.06863817
56,0.54017761772515,8,0.06836599
56,0.54017761772515,9,0.06867564
56,0.54017761772515,10,0.06843845
56,0.54017761772515,11,0.06852932
56,0.54017761772515,12,0.06900254
56,0.54017761772515,13,0.06856807
56,0.54017761772515,14,0.0688386
56,0.54017761772515,15,0.06864845
57,0.550553910946989,0,0.06932116
57,0.550553910946989,1,0.06917923
57,0.550553910946989,2,0.06911541
57,0.550553910946989,3,0.06932275
57,0.550553910946989,4,0.06959544
57,0.550553910946989,5,0.06945317
57,0.550553910946989,6,0.06949077
57,0.550553910946989,7,0.06937233
57,0.550553910946989,8,0.06907517
57,0.550553910946989,9,0.06939486
57,0.550553910946989,10,0.06905759
57,0.550553910946989,11,0.06927925
57,0.550553910946989,12,0.06869844
57,0.550553910946989,13,0.06915845
57,0.550553910946989,14,0.06899581
57,0.550553910946989,15,0.06871102
58,0.559709463789788,0,0.0696678
58,0.559709463789788,1,0.06984334
58,0.559709463789788,2,0.06964979
58,0.559709463789788,3,0.0696663
58,0.559709463789788,4,0.06985679
58,0.559709463789788,5,0.06929516
58,0.559709463789788,6,0.06938784
58,0.559709463789788,7,0.06955895
58,0.559709463789788,8,0.06928637
58,0.559709463789788,9,0.06975391
58,0.559709463789788,10,0.0695993
58,0.559709463789788,11,0.06969611
58,0.559709463789788,12,0.06973891
58,0.559709463789788,13,0.07005606
58,0.559709463789788,14,0.06991997
58,0.559709463789788,15,0.06986025
59,0.571306497390667,0,0.07041355
59,0.571306497390667,1,0.07011808
59,0.571306497390667,2,0.07021523
59,0.571306497390667,3,0.07055492
59,0.571306497390667,4,0.07006022
59,0.571306497390667,5,0.06999163
59,0.571306497390667,6,0.07011256
59,0.571306497390667,7,0.0705658
59,0.571306497390667,8,0.07027515
59,0.571306497390667,9,0.07054885
59,0.571306497390667,10,0.07049906
59,0.571306497390667,11,0.07022793
59,0.571306497390667,12,0.07010528
59,0.571306497390667,13,0.0703715
59,0.571306497390667,14,0.07053078
59,0.571306497390667,15,0.07043473
60,0.580462050233467,0,0.07056515
60,0.580462050233467,1,0.07051291
60,0.580462050233467,2,0.07093609
60,0.580462050233467,3,0.07064148
60,0.580462050233467,4,0.07071546
60,0.580462050233467,5,0.07111364
60,0.580462050233467,6,0.07106025
60,0.580462050233467,7,0.07109628
60,0.580462050233467,8,0.07095422
60,0.580462050233467,9,0.07082539
60,0.580462050233467,10,0.07069773
60,0.580462050233467,11,0.07089113
60,0.580462050233467,12,0.07043854
60,0.580462050233467,13,0.07051873
60,0.580462050233467,14,0.07058804
60,0.580462050233467,15,0.07098974
61,0.590227973265786,0,0.07113471
61,0.590227973265786,1,0.0713238
61,0.590227973265786,2,0.07110722
61,0.590227973265786,3,0.07092099
61,0.590227973265786,4,0.07086739
61,0.590227973265786,5,0.07064936
61,0.590227973265786,6,0.07067429
61,0.590227973265786,7,0.07084653
61,0.590227973265786,8,0.07093112
61,0.590227973265786,9,0.07084215
61,0.590227973265786,10,0.07103089
61,0.590227973265786,11,0.07084512
61,0.590227973265786,12,0.07080682
61,0.590227973265786,13,0.07093042
61,0.590227973265786,14,0.07065503
61,0.590227973265786,15,0.07082559
62,0.600604266487625,0,0.07120663
62,0.600604266487625,1,0.07098503
62,0.600604266487625,2,0.07115313
62,0.600604266487625,3,0.07096897
62,0.600604266487625,4,0.07097248
62,0.600604266487625,5,0.07116
62,0.600604266487625,6,0.07123774
62,0.600604266487625,7,0.07109507
62,0.600604266487625,8,0.07085682
62,0.600604266487625,9,0.07083207
62,0.600604266487625,10,0.07126443
62,0.600604266487625,11,0.07102672
62,0.600604266487625,12,0.07105472
62,0.600604266487625,13,0.07117928
62,0.600604266487625,14,0.0708946
62,0.600604266487625,15,0.07123342
63,0.610370189519944,0,0.07168511
63,0.610370189519944,1,0.07170268
63,0.610370189519944,2,0.07123908
63,0.610370189519944,3,0.07135571
63,0.610370189519944,4,0.07139647
63,0.610370189519944,5,0.07126641
63,0.610370189519944,6,0.07147404
63,0.610370189519944,7,0.07144825
63,0.610370189519944,8,0.07131392
63,0.610370189519944,9,0.07119077
63,0.610370189519944,10,0.0714314
63,0.610370189519944,11,0.07158544
63,0.610370189519944,12,0.07166746
63,0.610370189519944,13,0.07199698
63,0.610370189519944,14,0.07146812
63,0.610370189519944,15,0.07140967
64,0.620746482741783,0,0.07205455
64,0.620746482741783,1,0.07188221
64,0.620746482741783,2,0.07187194
64,0.620746482741783,3,0.07193717
64,0.620746482741783,4,0.07192034
64,0.620746482741783,5,0.07189634
64,0.620746482741783,6,0.07206209
64,0.620746482741783,7,0.07175909
64,0.620746482741783,8,0.07196767
64,0.620746482741783,9,0.07180595
64,0.620746482741783,10,0.07167757
64,0.620746482741783,11,0.071725
64,0.620746482741783,12,0.07169368
64,0.620746482741783,13,0.07187119
64,0.620746482741783,14,0.07183259
64,0.620746482741783,15,0.07181443
65,0.630512405774102,0,0.07212565
65,0.630512405774102,1,0.07208049
65,0.630512405774102,2,0.07238156
65,0.630512405774102,3,0.07210848
65,0.630512405774102,4,0.07248501
65,0.630512405774102,5,0.07247322
65,0.630512405774102,6,0.07244259
65,0.630512405774102,7,0.07254225
65,0.630512405774102,8,0.07218412
65,0.630512405774102,9,0.07208687
65,0.630512405774102,10,0.07215919
65,0.630512405774102,11,0.07219488
65,0.630512405774102,12,0.07230564
65,0.630512405774102,13,0.0722062
65,0.630512405774102,14,0.07253467
65,0.630512405774102,15,0.07193527
66,0.640888698995941,0,0.07273844
66,0.640888698995941,1,0.07231455
66,0.640888698995941,2,0.07229962
66,0.640888698995941,3,0.07233235
66,0.640888698995941,4,0.07233914
66,0.640888698995941,5,0.0724465
66,0.640888698995941,6,0.07259563
66,0.640888698995941,7,0.07206142
66,0.640888698995941,8,0.07255933
66,0.640888698995941,9,0.07270875
66,0.640888698995941,10,0.07258499
66,0.640888698995941,11,0.07239547
66,0.640888698995941,12,0.07235754
66,0.640888698995941,13,0.07208613
66,0.640888698995941,14,0.07197549
66,0.640888698995941,15,0.07241119
67,0.65004425183874,0,0.07265376
67,0.65004425183874,1,0.07292316
67,0.65004425183874,2,0.07303785
67,0.65004425183874,3,0.07292117
67,0.65004425183874,4,0.072689
67,0.65004425183874,5,0.07250428
67,0.65004425183874,6,0.07268478
67,0.65004425183874,7,0.07248483
67,0.65004425183874,8,0.07250576
67,0.65004425183874,9,0.07265853
67,0.65004425183874,10,0.07213407
67,0.65004425183874,11,0.07213996
67,0.65004425183874,12,0.07257381
67,0.65004425183874,13,0.07295866
67,0.65004425183874,14,0.0726599
67,0.65004425183874,15,0.07240366
68,0.661030915250099,0,0.07291391
68,0.661030915250099,1,0.07287578
68,0.661030915250099,2,0.07310383
68,0.661030915250099,3,0.07293019
68,0.661030915250099,4,0.07284995
68,0.661030915250099,5,0.07311456
68,0.661030915250099,6,0.07325601
68,0.661030915250099,7,0.07293722
68,0.661030915250099,8,0.07285877
68,0.661030915250099,9,0.07290488
68,0.661030915250099,10,0.07261796
68,0.661030915250099,11,0.07291625
68,0.661030915250099,12,0.073078
68,0.661030915250099,13,0.07307146
68,0.661030915250099,14,0.07315195
68,0.661030915250099,15,0.07301714
69,0.670186468092898,0,0.07260639
69,0.670186468092898,1,0.07323467
69,0.670186468092898,2,0.07299928
69,0.670186468092898,3,0.07290156
69,0.670186468092898,4,0.07318638
69,0.670186468092898,5,0.0728116
69,0.670186468092898,6,0.07296871
69,0.670186468092898,7,0.072978
69,0.670186468092898,8,0.07292571
69,0.670186468092898,9,0.07273386
69,0.670186468092898,10,0.07285935
69,0.670186468092898,11,0.07307798
69,0.670186468092898,12,0.07318089
69,0.670186468092898,13,0.07342826
69,0.670186468092898,14,0.07316188
69,0.670186468092898,15,0.07303927
70,0.680562761314737,0,0.07296629
70,0.680562761314737,1,0.07297066
70,0.680562761314737,2,0.0732718
70,0.680562761314737,3,0.07302443
70,0.680562761314737,4,0.07286867
70,0.680562761314737,5,0.07301491
70,0.680562761314737,6,0.07318354
70,0.680562761314737,7,0.07318988
70,0.680562761314737,8,0.07322109
70,0.680562761314737,9,0.07297297
70,0.680562761314737,10,0.07327085
70,0.680562761314737,11,0.07325643
70,0.680562761314737,12,0.07300404
70,0.680562761314737,13,0.07328872
70,0.680562761314737,14,0.07337338
70,0.680562761314737,15,0.07308983
71,0.690328684347056,0,0.07351019
71,0.690328684347056,1,0.07325606
71,0.690328684347056,2,0.0733197
71,0.690328684347056,3,0.07335367
71,0.690328684347056,4,0.07328702
71,0.690328684347056,5,0.07297156
71,0.690328684347056,6,0.07320525
71,0.690328684347056,7,0.0733728
71,0.690328684347056,8,0.07357406
71,0.690328684347056,9,0.07341252
71,0.690328684347056,10,0.07317556
71,0.690328684347056,11,0.07358214
71,0.690328684347056,12,0.07368155
71,0.690328684347056,13,0.0735824
71,0.690328684347056,14,0.07346493
71,0.690328684347056,15,0.0732942
72,0.701315347758416,0,0.07326356
72,0.701315347758416,1,0.07342716
72,0.701315347758416,2,0.07385793
72,0.701315347758416,3,0.07371651
72,0.701315347758416,4,0.07359028
72,0.701315347758416,5,0.07363316
72,0.701315347758416,6,0.07364325
72,0.701315347758416,7,0.07302354
72,0.701315347758416,8,0.07334401
72,0.701315347758416,9,0.07319653
72,0.701315347758416,10,0.07346889
72,0.701315347758416,11,0.07327777
72,0.701315347758416,12,0.07356951
72,0.701315347758416,13,0.07368155
72,0.701315347758416,14,0.07325611
72,0.701315347758416,15,0.07335284
73,0.710470900601215,0,0.07391672
73,0.710470900601215,1,0.07380754
73,0.710470900601215,2,0.07396542
73,0.710470900601215,3,0.073517
73,0.710470900601215,4,0.0734693
73,0.710470900601215,5,0.07376506
73,0.710470900601215,6,0.07388809
73,0.710470900601215,7,0.07391164
73,0.710470900601215,8,0.07343677
73,0.710470900601215,9,0.07364457
73,0.710470900601215,10,0.07371002
73,0.710470900601215,11,0.07374837
73,0.710470900601215,12,0.07362614
73,0.710470900601215,13,0.0737348
73,0.710470900601215,14,0.07359724
73,0.710470900601215,15,0.07394736
74,0.719016083254494,0,0.07368662
74,0.719016083254494,1,0.07384086
74,0.719016083254494,2,0.07379306
74,0.719016083254494,3,0.0738097
74,0.719016083254494,4,0.07379185
74,0.719016083254494,5,0.07370268
74,0.719016083254494,6,0.07394825
74,0.719016083254494,7,0.07358261
74,0.719016083254494,8,0.07395512
74,0.719016083254494,9,0.07401962
74,0.719016083254494,10,0.07373648
74,0.719016083254494,11,0.07380648
74,0.719016083254494,12,0.07386733
74,0.719016083254494,13,0.07375873
74,0.719016083254494,14,0.07369957
74,0.719016083254494,15,0.07364542
75,0.730002746665853,0,0.07404138
75,0.730002746665853,1,0.0739145
75,0.730002746665853,2,0.07398961
75,0.730002746665853,3,0.0739033
75,0.730002746665853,4,0.0742616
75,0.730002746665853,5,0.07402754
75,0.730002746665853,6,0.07378371
75,0.730002746665853,7,0.0741165
75,0.730002746665853,8,0.07385824
75,0.730002746665853,9,0.07401165
75,0.730002746665853,10,0.07416155
75,0.730002746665853,11,0.07390468
75,0.730002746665853,12,0.07390119
75,0.730002746665853,13,0.07411914
75,0.730002746665853,14,0.07397366
75,0.730002746665853,15,0.07379496
76,0.739768669698172,0,0.07405458
76,0.739768669698172,1,0.07404101
76,0.739768669698172,2,0.07416366
76,0.739768669698172,3,0.07423814
76,0.739768669698172,4,0.07435241
76,0.739768669698172,5,0.07425869
76,0.739768669698172,6,0.07407207
76,0.739768669698172,7,0.07423857
76,0.739768669698172,8,0.07416461
76,0.739768669698172,9,0.07391049
76,0.739768669698172,10,0.07438578
76,0.739768669698172,11,0.07419319
76,0.739768669698172,12,0.07437553
76,0.739768669698172,13,0.07427798
76,0.739768669698172,14,0.07430069
76,0.739768669698172,15,0.07389395
77,0.750144962920011,0,0.07459987
77,0.750144962920011,1,0.07436011
77,0.750144962920011,2,0.07437576
77,0.750144962920011,3,0.07461705
77,0.750144962920011,4,0.07437659
77,0.750144962920011,5,0.07453083
77,0.750144962920011,6,0.07410059
77,0.750144962920011,7,0.07454833
77,0.750144962920011,8,0.07422151
77,0.750144962920011,9,0.07394852
77,0.750144962920011,10,0.07424247
77,0.750144962920011,11,0.07418416
77,0.750144962920011,12,0.07397784
77,0.750144962920011,13,0.07418971
77,0.750144962920011,14,0.07429155
77,0.750144962920011,15,0.07434148
78,0.75991088595233,0,0.07481959
78,0.75991088595233,1,0.07448985
78,0.75991088595233,2,0.07431179
78,0.75991088595233,3,0.07445224
78,0.75991088595233,4,0.07447405
78,0.75991088595233,5,0.07465356
78,0.75991088595233,6,0.07444087
78,0.75991088595233,7,0.07481517
78,0.75991088595233,8,0.07464901
78,0.75991088595233,9,0.07481018
78,0.75991088595233,10,0.07459141
78,0.75991088595233,11,0.07481794
78,0.75991088595233,12,0.07468321
78,0.75991088595233,13,0.07481404
78,0.75991088595233,14,0.07486274
78,0.75991088595233,15,0.07474022
79,0.769676808984649,0,0.07485455
79,0.769676808984649,1,0.07458698
79,0.769676808984649,2,0.07449343
79,0.769676808984649,3,0.074753
79,0.769676808984649,4,0.07474191
79,0.769676808984649,5,0.07465803
79,0.769676808984649,6,0.07461812
79,0.769676808984649,7,0.07467947
79,0.769676808984649,8,0.07468494
79,0.769676808984649,9,0.07483136
79,0.769676808984649,10,0.07478923
79,0.769676808984649,11,0.07463072
79,0.769676808984649,12,0.07491322
79,0.769676808984649,13,0.07482052
79,0.769676808984649,14,0.0747681
79,0.769676808984649,15,0.07449079
80,0.780053102206488,0,0.07463744
80,0.780053102206488,1,0.07442281
80,0.780053102206488,2,0.07455894
80,0.780053102206488,3,0.07457943
80,0.780053102206488,4,0.074343
80,0.780053102206488,5,0.07438911
80,0.780053102206488,6,0.07425019
80,0.780053102206488,7,0.07442646
80,0.780053102206488,8,0.07437459
80,0.780053102206488,9,0.07453497
80,0.780053102206488,10,0.07470176
80,0.780053102206488,11,0.0747743
80,0.780053102206488,12,0.07451493
80,0.780053102206488,13,0.07441741
80,0.780053102206488,14,0.07469296
80,0.780053102206488,15,0.07455519
81,0.790429395428327,0,0.07461609
81,0.790429395428327,1,0.0746263
81,0.790429395428327,2,0.07479152
81,0.790429395428327,3,0.07471497
81,0.790429395428327,4,0.07477213
81,0.790429395428327,5,0.07466812
81,0.790429395428327,6,0.07418511
81,0.790429395428327,7,0.07455864
81,0.790429395428327,8,0.07447295
81,0.790429395428327,9,0.07446614
81,0.790429395428327,10,0.07469539
81,0.790429395428327,11,0.07490134
81,0.790429395428327,12,0.07425336
81,0.790429395428327,13,0.07491402
81,0.790429395428327,14,0.07454124
81,0.790429395428327,15,0.07464822
82,0.799584948271126,0,0.07475138
82,0.799584948271126,1,0.07486527
82,0.799584948271126,2,0.07499097
82,0.799584948271126,3,0.07502986
82,0.799584948271126,4,0.0747932
82,0.799584948271126,5,0.07489204
82,0.799584948271126,6,0.0750832
82,0.799584948271126,7,0.07506034
82,0.799584948271126,8,0.07505195
82,0.799584948271126,9,0.07539292
82,0.799584948271126,10,0.07511261
82,0.799584948271126,11,0.07523081
82,0.799584948271126,12,0.07494511
82,0.799584948271126,13,0.07502259
82,0.799584948271126,14,0.07494022
82,0.799584948271126,15,0.07497223
83,0.809961241492966,0,0.07469834
83,0.809961241492966,1,0.07485443
83,0.809961241492966,2,0.0746574
83,0.809961241492966,3,0.0748752
83,0.809961241492966,4,0.07502377
83,0.809961241492966,5,0.07489436
83,0.809961241492966,6,0.07481645
83,0.809961241492966,7,0.07454145
83,0.809961241492966,8,0.07467394
83,0.809961241492966,9,0.07489648
83,0.809961241492966,10,0.07475141
83,0.809961241492966,11,0.07447315
83,0.809961241492966,12,0.07462456
83,0.809961241492966,13,0.07473911
83,0.809961241492966,14,0.07497925
83,0.809961241492966,15,0.07469258
84,0.819727164525284,0,0.07494318
84,0.819727164525284,1,0.07494802
84,0.819727164525284,2,0.07483119
84,0.819727164525284,3,0.07479275
84,0.819727164525284,4,0.07487339
84,0.819727164525284,5,0.07502083
84,0.819727164525284,6,0.07504445
84,0.819727164525284,7,0.07497372
84,0.819727164525284,8,0.07502238
84,0.819727164525284,9,0.07507674
84,0.819727164525284,10,0.074969
84,0.819727164525284,11,0.0751306
84,0.819727164525284,12,0.07504027
84,0.819727164525284,13,0.0750342
84,0.819727164525284,14,0.07486034
84,0.819727164525284,15,0.07509529
85,0.830103457747124,0,0.07502177
85,0.830103457747124,1,0.07491387
85,0.830103457747124,2,0.07479409
85,0.830103457747124,3,0.0751818
85,0.830103457747124,4,0.07500327
85,0.830103457747124,5,0.07496828
85,0.830103457747124,6,0.07488897
85,0.830103457747124,7,0.07512161
85,0.830103457747124,8,0.07520602
85,0.830103457747124,9,0.07496024
85,0.830103457747124,10,0.07493217
85,0.830103457747124,11,0.07504845
85,0.830103457747124,12,0.07516002
85,0.830103457747124,13,0.07522531
85,0.830103457747124,14,0.07468671
85,0.830103457747124,15,0.07508663
86,0.839259010589923,0,0.07536132
86,0.839259010589923,1,0.07522316
86,0.839259010589923,2,0.0752226
86,0.839259010589923,3,0.07503732
86,0.839259010589923,4,0.07504659
86,0.839259010589923,5,0.07500803
86,0.839259010589923,6,0.07528167
86,0.839259010589923,7,0.07512265
86,0.839259010589923,8,0.07490862
86,0.839259010589923,9,0.07511423
86,0.839259010589923,10,0.07503345
86,0.839259010589923,11,0.07498289
86,0.839259010589923,12,0.07516251
86,0.839259010589923,13,0.07511415
86,0.839259010589923,14,0.07501777
86,0.839259010589923,15,0.07482068
87,0.849635303811762,0,0.07528832
87,0.849635303811762,1,0.07542281
87,0.849635303811762,2,0.07512007
87,0.849635303811762,3,0.07514496
87,0.849635303811762,4,0.07516905
87,0.849635303811762,5,0.0751505
87,0.849635303811762,6,0.07550193
87,0.849635303811762,7,0.07506571
87,0.849635303811762,8,0.07533994
87,0.849635303811762,9,0.07506483
87,0.849635303811762,10,0.07513832
87,0.849635303811762,11,0.07521859
87,0.849635303811762,12,0.075215
87,0.849635303811762,13,0.075214
87,0.849635303811762,14,0.07514844
87,0.849635303811762,15,0.07518199
88,0.859401226844081,0,0.07548954
88,0.859401226844081,1,0.07530242
88,0.859401226844081,2,0.07524871
88,0.859401226844081,3,0.07528113
88,0.859401226844081,4,0.07544589
88,0.859401226844081,5,0.07538684
88,0.859401226844081,6,0.07516002
88,0.859401226844081,7,0.07508157
88,0.859401226844081,8,0.07521489
88,0.859401226844081,9,0.07516192
88,0.859401226844081,10,0.07544161
88,0.859401226844081,11,0.07506537
88,0.859401226844081,12,0.07527559
88,0.859401226844081,13,0.07512584
88,0.859401226844081,14,0.07507519
88,0.859401226844081,15,0.0752133
89,0.86977752006592,0,0.07553432
89,0.86977752006592,1,0.07538649
89,0.86977752006592,2,0.07578862
89,0.86977752006592,3,0.07596271
89,0.86977752006592,4,0.07556934
89,0.86977752006592,5,0.07541519
89,0.86977752006592,6,0.07559326
89,0.86977752006592,7,0.07566278
89,0.86977752006592,8,0.07511517
89,0.86977752006592,9,0.07530566
89,0.86977752006592,10,0.07548566
89,0.86977752006592,11,0.07569303
89,0.86977752006592,12,0.07587399
89,0.86977752006592,13,0.07566059
89,0.86977752006592,14,0.07538797
89,0.86977752006592,15,0.07544047
90,0.880153813287759,0,0.07584531
90,0.880153813287759,1,0.07578154
90,0.880153813287759,2,0.07565974
90,0.880153813287759,3,0.07578442
90,0.880153813287759,4,0.07600462
90,0.880153813287759,5,0.07590757
90,0.880153813287759,6,0.07584719
90,0.880153813287759,7,0.07595457
90,0.880153813287759,8,0.0758088
90,0.880153813287759,9,0.07599211
90,0.880153813287759,10,0.07597852
90,0.880153813287759,11,0.07579616
90,0.880153813287759,12,0.07617255
90,0.880153813287759,13,0.0757457
90,0.880153813287759,14,0.07609718
90,0.880153813287759,15,0.07606112
91,0.889919736320078,0,0.07604875
91,0.889919736320078,1,0.07610135
91,0.889919736320078,2,0.07596263
91,0.889919736320078,3,0.07592326
91,0.889919736320078,4,0.07591385
91,0.889919736320078,5,0.07594077
91,0.889919736320078,6,0.07594983
91,0.889919736320078,7,0.0758618
91,0.889919736320078,8,0.07602219
91,0.889919736320078,9,0.07559901
91,0.889919736320078,10,0.07566233
91,0.889919736320078,11,0.07552596
91,0.889919736320078,12,0.07558
91,0.889919736320078,13,0.07577365
91,0.889919736320078,14,0.07571175
91,0.889919736320078,15,0.07614578
92,0.899075289162877,0,0.07576801
92,0.899075289162877,1,0.0760598
92,0.899075289162877,2,0.07579108
92,0.899075289162877,3,0.07592018
92,0.899075289162877,4,0.0758585
92,0.899075289162877,5,0.07582383
92,0.899075289162877,6,0.07575721
92,0.899075289162877,7,0.07593773
92,0.899075289162877,8,0.07587396
92,0.899075289162877,9,0.07599071
92,0.899075289162877,10,0.07615766
92,0.899075289162877,11,0.07606378
92,0.899075289162877,12,0.07581737
92,0.899075289162877,13,0.07591936
92,0.899075289162877,14,0.07582022
92,0.899075289162877,15,0.07612216
93,0.910061952574236,0,0.07615506
93,0.910061952574236,1,0.07619433
93,0.910061952574236,2,0.07609701
93,0.910061952574236,3,0.07620665
93,0.910061952574236,4,0.07632674
93,0.910061952574236,5,0.0763846
93,0.910061952574236,6,0.07617241
93,0.910061952574236,7,0.07593542
93,0.910061952574236,8,0.07607458
93,0.910061952574236,9,0.07613585
93,0.910061952574236,10,0.07578648
93,0.910061952574236,11,0.07607658
93,0.910061952574236,12,0.07596895
93,0.910061952574236,13,0.07585952
93,0.910061952574236,14,0.0762124
93,0.910061952574236,15,0.07606289
94,0.919827875606555,0,0.07636701
94,0.919827875606555,1,0.07647
94,0.919827875606555,2,0.07636013
94,0.919827875606555,3,0.07613924
94,0.919827875606555,4,0.07636546
94,0.919827875606555,5,0.07614736
94,0.919827875606555,6,0.07597347
94,0.919827875606555,7,0.07625366
94,0.919827875606555,8,0.07653256
94,0.919827875606555,9,0.07617575
94,0.919827875606555,10,0.07649808
94,0.919827875606555,11,0.07640909
94,0.919827875606555,12,0.07635408
94,0.919827875606555,13,0.07626844
94,0.919827875606555,14,0.07592807
94,0.919827875606555,15,0.07604189
95,0.928983428449354,0,0.07616539
95,0.928983428449354,1,0.07603579
95,0.928983428449354,2,0.07608005
95,0.928983428449354,3,0.07623966
95,0.928983428449354,4,0.07635931
95,0.928983428449354,5,0.07637087
95,0.928983428449354,6,0.07620904
95,0.928983428449354,7,0.07611331
95,0.928983428449354,8,0.07614754
95,0.928983428449354,9,0.07622556
95,0.928983428449354,10,0.07641128
95,0.928983428449354,11,0.07625656
95,0.928983428449354,12,0.07632117
95,0.928983428449354,13,0.0762672
95,0.928983428449354,14,0.07627891
95,0.928983428449354,15,0.07616371
96,0.939970091860714,0,0.07644858
96,0.939970091860714,1,0.07644819
96,0.939970091860714,2,0.07667857
96,0.939970091860714,3,0.07654738
96,0.939970091860714,4,0.07659712
96,0.939970091860714,5,0.07681352
96,0.939970091860714,6,0.07680671
96,0.939970091860714,7,0.07654588
96,0.939970091860714,8,0.07661708
96,0.939970091860714,9,0.07657772
96,0.939970091860714,10,0.07682495
96,0.939970091860714,11,0.07653801
96,0.939970091860714,12,0.07644784
96,0.939970091860714,13,0.07646396
96,0.939970091860714,14,0.07644128
96,0.939970091860714,15,0.07688148
97,0.949125644703513,0,0.07699919
97,0.949125644703513,1,0.07687178
97,0.949125644703513,2,0.07708282
97,0.949125644703513,3,0.07703755
97,0.949125644703513,4,0.0767606
97,0.949125644703513,5,0.0771165
97,0.949125644703513,6,0.07678001
97,0.949125644703513,7,0.07678619
97,0.949125644703513,8,0.07654761
97,0.949125644703513,9,0.07698029
97,0.949125644703513,10,0.0770066
97,0.949125644703513,11,0.07682589
97,0.949125644703513,12,0.07726443
97,0.949125644703513,13,0.07710963
97,0.949125644703513,14,0.07678299
97,0.949125644703513,15,0.07700946
98,0.960112308114872,0,0.07713457
98,0.960112308114872,1,0.07703777
98,0.960112308114872,2,0.07695748
98,0.960112308114872,3,0.07683436
98,0.960112308114872,4,0.07701702
98,0.960112308114872,5,0.07682109
98,0.960112308114872,6,0.07711839
98,0.960112308114872,7,0.07705317
98,0.960112308114872,8,0.07694538
98,0.960112308114872,9,0.07723348
98,0.960112308114872,10,0.07698887
98,0.960112308114872,11,0.07699567
98,0.960112308114872,12,0.07704674
98,0.960112308114872,13,0.07688082
98,0.960112308114872,14,0.07695788
98,0.960112308114872,15,0.07694066
99,0.969267860957671,0,0.07691912
99,0.969267860957671,1,0.07686197
99,0.969267860957671,2,0.07701764
99,0.969267860957671,3,0.07672
99,0.969267860957671,4,0.07695257
99,0.969267860957671,5,0.07676879
99,0.969267860957671,6,0.07691382
99,0.969267860957671,7,0.07668912
99,0.969267860957671,8,0.07706297
99,0.969267860957671,9,0.07708985
99,0.969267860957671,10,0.07704408
99,0.969267860957671,11,0.07682958
99,0.969267860957671,12,0.07740075
99,0.969267860957671,13,0.0772816
99,0.969267860957671,14,0.07707658
99,0.969267860957671,15,0.07709892
100,0.97964415417951,0,0.07725545
100,0.97964415417951,1,0.07736278
100,0.97964415417951,2,0.07730373
100,0.97964415417951,3,0.077451
100,0.97964415417951,4,0.07711595
100,0.97964415417951,5,0.07718174
100,0.97964415417951,6,0.07730023
100,0.97964415417951,7,0.07724831
100,0.97964415417951,8,0.07731762
100,0.97964415417951,9,0.07718626
100,0.97964415417951,10,0.07732035
100,0.97964415417951,11,0.0772259
100,0.97964415417951,12,0.07730468
100,0.97964415417951,13,0.07715894
100,0.97964415417951,14,0.07717867
100,0.97964415417951,15,0.07737052
101,0.988799707022309,0,0.07745283
101,0.988799707022309,1,0.07735581
101,0.988799707022309,2,0.07753891
101,0.988799707022309,3,0.07789315
101,0.988799707022309,4,0.07779925
101,0.988799707022309,5,0.07780862
101,0.988799707022309,6,0.07780176
101,0.988799707022309,7,0.07779892
101,0.988799707022309,8,0.07766878
101,0.988799707022309,9,0.07785384
101,0.988799707022309,10,0.07784977
101,0.988799707022309,11,0.07778013
101,0.988799707022309,12,0.0775058
101,0.988799707022309,13,0.07757679
101,0.988799707022309,14,0.07750703
101,0.988799707022309,15,0.07750022
102,0.999786370433668,0,0.07755041
102,0.999786370433668,1,0.07758966
102,0.999786370433668,2,0.07773301
102,0.999786370433668,3,0.07786784
102,0.999786370433668,4,0.07745758
102,0.999786370433668,5,0.07752258
102,0.999786370433668,6,0.07735704
102,0.999786370433668,7,0.07752012
102,0.999786370433668,8,0.07760053
102,0.999786370433668,9,0.07755375
102,0.999786370433668,10,0.07729208
102,0.999786370433668,11,0.07720375
102,0.999786370433668,12,0.07734388
102,0.999786370433668,13,0.0774584
102,0.999786370433668,14,0.07734087
102,0.999786370433668,15,0.07747386
103,1.00955229346599,0,0.07722662
103,1.00955229346599,1,0.07728863
103,1.00955229346599,2,0.07744658
103,1.00955229346599,3,0.07729771
103,1.00955229346599,4,0.07707709
103,1.00955229346599,5,0.07743331
103,1.00955229346599,6,0.07734109
103,1.00955229346599,7,0.07745305
103,1.00955229346599,8,0.07748763
103,1.00955229346599,9,0.07731383
103,1.00955229346599,10,0.07721107
103,1.00955229346599,11,0.07731399
103,1.00955229346599,12,0.07733151
103,1.00955229346599,13,0.07753535
103,1.00955229346599,14,0.07728317
103,1.00955229346599,15,0.07729643
104,1.01992858668783,0,0.07731199
104,1.01992858668783,1,0.07745411
104,1.01992858668783,2,0.0774903
104,1.01992858668783,3,0.0776264
104,1.01992858668783,4,0.07752687
104,1.01992858668783,5,0.07729342
104,1.01992858668783,6,0.07720717
104,1.01992858668783,7,0.07746504
104,1.01992858668783,8,0.07739284
104,1.01992858668783,9,0.07741836
104,1.01992858668783,10,0.07719093
104,1.01992858668783,11,0.07749303
104,1.01992858668783,12,0.07711333
104,1.01992858668783,13,0.07714578
104,1.01992858668783,14,0.07735603
104,1.01992858668783,15,0.07747608
105,1.02908413953063,0,0.07770765
105,1.02908413953063,1,0.07767162
105,1.02908413953063,2,0.07753196
105,1.02908413953063,3,0.07735939
105,1.02908413953063,4,0.07745311
105,1.02908413953063,5,0.07753485
105,1.02908413953063,6,0.07751472
105,1.02908413953063,7,0.07765824
105,1.02908413953063,8,0.07759155
105,1.02908413953063,9,0.07763232
105,1.02908413953063,10,0.07738665
105,1.02908413953063,11,0.07764219
105,1.02908413953063,12,0.07768406
105,1.02908413953063,13,0.07770357
105,1.02908413953063,14,0.07794846
105,1.02908413953063,15,0.07777294
106,1.04007080294198,0,0.07747647
106,1.04007080294198,1,0.07782596
106,1.04007080294198,2,0.0776888
106,1.04007080294198,3,0.07759591
106,1.04007080294198,4,0.07798605
106,1.04007080294198,5,0.07771751
106,1.04007080294198,6,0.07765697
106,1.04007080294198,7,0.07745406
106,1.04007080294198,8,0.07777718
106,1.04007080294198,9,0.07778542
106,1.04007080294198,10,0.07790068
106,1.04007080294198,11,0.07791495
106,1.04007080294198,12,0.07768624
106,1.04007080294198,13,0.07746231
106,1.04007080294198,14,0.07751712
106,1.04007080294198,15,0.07766649
107,1.0498367259743,0,0.07764157
107,1.0498367259743,1,0.07766365
107,1.0498367259743,2,0.07754957
107,1.0498367259743,3,0.07764152
107,1.0498367259743,4,0.07768701
107,1.0498367259743,5,0.07753173
107,1.0498367259743,6,0.07742574
107,1.0498367259743,7,0.07727735
107,1.0498367259743,8,0.07751996
107,1.0498367259743,9,0.07763031
107,1.0498367259743,10,0.07727965
107,1.0498367259743,11,0.07727497
107,1.0498367259743,12,0.07748043
107,1.0498367259743,13,0.07781559
107,1.0498367259743,14,0.07728233
107,1.0498367259743,15,0.07784057
108,1.0589922788171,0,0.07806817
108,1.0589922788171,1,0.07773925
108,1.0589922788171,2,0.07791846
108,1.0589922788171,3,0.07767385
108,1.0589922788171,4,0.07759797
108,1.0589922788171,5,0.07770915
108,1.0589922788171,6,0.07785713
108,1.0589922788171,7,0.07797205
108,1.0589922788171,8,0.07768657
108,1.0589922788171,9,0.07802808
108,1.0589922788171,10,0.07764531
108,1.0589922788171,11,0.07779501
108,1.0589922788171,12,0.07731829
108,1.0589922788171,13,0.07789945
108,1.0589922788171,14,0.07768345
108,1.0589922788171,15,0.07767998
109,1.07058931241798,0,0.07772833
109,1.07058931241798,1,0.07747698
109,1.07058931241798,2,0.07784575
109,1.07058931241798,3,0.07773948
109,1.07058931241798,4,0.07798783
109,1.07058931241798,5,0.07772582
109,1.07058931241798,6,0.0776375
109,1.07058931241798,7,0.07787296
109,1.07058931241798,8,0.07765719
109,1.07058931241798,9,0.07785239
109,1.07058931241798,10,0.07753541
109,1.07058931241798,11,0.07749019
109,1.07058931241798,12,0.07776313
109,1.07058931241798,13,0.07766259
109,1.07058931241798,14,0.07780555
109,1.07058931241798,15,0.07811981
110,1.07974486526078,0,0.07791908
110,1.07974486526078,1,0.07778141
110,1.07974486526078,2,0.07761464
110,1.07974486526078,3,0.077698
110,1.07974486526078,4,0.0776452
110,1.07974486526078,5,0.07759306
110,1.07974486526078,6,0.07757121
110,1.07974486526078,7,0.077608
110,1.07974486526078,8,0.07760265
110,1.07974486526078,9,0.07765534
110,1.07974486526078,10,0.07762841
110,1.07974486526078,11,0.07781091
110,1.07974486526078,12,0.07782624
110,1.07974486526078,13,0.07765991
110,1.07974486526078,14,0.07773597
110,1.07974486526078,15,0.07780366
111,1.0895107882931,0,0.07779485
111,1.0895107882931,1,0.07794858
111,1.0895107882931,2,0.07775638
111,1.0895107882931,3,0.07765117
111,1.0895107882931,4,0.07754517
111,1.0895107882931,5,0.077668
111,1.0895107882931,6,0.07792861
111,1.0895107882931,7,0.0780955
111,1.0895107882931,8,0.07798191
111,1.0895107882931,9,0.0780655
111,1.0895107882931,10,0.07807029
111,1.0895107882931,11,0.07778192
111,1.0895107882931,12,0.07795035
111,1.0895107882931,13,0.07758247
111,1.0895107882931,14,0.07756222
111,1.0895107882931,15,0.07748517
112,1.09988708151494,0,0.07766365
112,1.09988708151494,1,0.07789036
112,1.09988708151494,2,0.07790463
112,1.09988708151494,3,0.07757438
112,1.09988708151494,4,0.07792147
112,1.09988708151494,5,0.07760349
112,1.09988708151494,6,0.0776254
112,1.09988708151494,7,0.07765456
112,1.09988708151494,8,0.07792944
112,1.09988708151494,9,0.07772437
112,1.09988708151494,10,0.07784554
112,1.09988708151494,11,0.07776017
112,1.09988708151494,12,0.07757572
112,1.09988708151494,13,0.07776915
112,1.09988708151494,14,0.0778893
112,1.09988708151494,15,0.07769147
113,1.10965300454726,0,0.0779677
113,1.10965300454726,1,0.0779154
113,1.10965300454726,2,0.07802842
113,1.10965300454726,3,0.07803377
113,1.10965300454726,4,0.07783728
113,1.10965300454726,5,0.07805401
113,1.10965300454726,6,0.07771116
113,1.10965300454726,7,0.07808997
113,1.10965300454726,8,0.07796603
113,1.10965300454726,9,0.07785513
113,1.10965300454726,10,0.07762707
113,1.10965300454726,11,0.077744
113,1.10965300454726,12,0.07774667
113,1.10965300454726,13,0.07759508
113,1.10965300454726,14,0.07780784
113,1.10965300454726,15,0.0777576
114,1.1200292977691,0,0.0778234
114,1.1200292977691,1,0.07811853
114,1.1200292977691,2,0.07794751
114,1.1200292977691,3,0.07815142
114,1.1200292977691,4,0.07778949
114,1.1200292977691,5,0.07794099
114,1.1200292977691,6,0.07778832
114,1.1200292977691,7,0.07779362
114,1.1200292977691,8,0.07753792
114,1.1200292977691,9,0.07772878
114,1.1200292977691,10,0.07782651
114,1.1200292977691,11,0.07766583
114,1.1200292977691,12,0.0779982
114,1.1200292977691,13,0.07813676
114,1.1200292977691,14,0.07799452
114,1.1200292977691,15,0.0778859
115,1.13040559099094,0,0.07752225
115,1.13040559099094,1,0.07780471
115,1.13040559099094,2,0.07780232
115,1.13040559099094,3,0.07790352
115,1.13040559099094,4,0.0778486
115,1.13040559099094,5,0.07804135
115,1.13040559099094,6,0.07778665
115,1.13040559099094,7,0.07789555
115,1.13040559099094,8,0.0778181
115,1.13040559099094,9,0.07772013
115,1.13040559099094,10,0.07766103
115,1.13040559099094,11,0.07802133
115,1.13040559099094,12,0.07813732
115,1.13040559099094,13,0.07783829
115,1.13040559099094,14,0.0777455
115,1.13040559099094,15,0.07779212
116,1.13956114383374,0,0.07806778
116,1.13956114383374,1,0.07775008
116,1.13956114383374,2,0.07835393
116,1.13956114383374,3,0.07808518
116,1.13956114383374,4,0.07794913
116,1.13956114383374,5,0.07782155
116,1.13956114383374,6,0.07806075
116,1.13956114383374,7,0.07807046
116,1.13956114383374,8,0.07817183
116,1.13956114383374,9,0.07801241
116,1.13956114383374,10,0.07787369
116,1.13956114383374,11,0.07772041
116,1.13956114383374,12,0.07799418
116,1.13956114383374,13,0.07798827
116,1.13956114383374,14,0.07804838
116,1.13956114383374,15,0.07799234
117,1.15054780724509,0,0.07783645
117,1.15054780724509,1,0.07791975
117,1.15054780724509,2,0.07799652
117,1.15054780724509,3,0.07795437
117,1.15054780724509,4,0.07763594
117,1.15054780724509,5,0.07839469
117,1.15054780724509,6,0.07830013
117,1.15054780724509,7,0.07793313
117,1.15054780724509,8,0.07791495
117,1.15054780724509,9,0.07793541
117,1.15054780724509,10,0.07781604
117,1.15054780724509,11,0.07796904
117,1.15054780724509,12,0.0779503
117,1.15054780724509,13,0.07791763
117,1.15054780724509,14,0.07817049
117,1.15054780724509,15,0.0777861
118,1.16031373027741,0,0.07776262
118,1.16031373027741,1,0.07793385
118,1.16031373027741,2,0.0781135
118,1.16031373027741,3,0.07799223
118,1.16031373027741,4,0.07800662
118,1.16031373027741,5,0.07815421
118,1.16031373027741,6,0.07806249
118,1.16031373027741,7,0.07786293
118,1.16031373027741,8,0.0778989
118,1.16031373027741,9,0.07777255
118,1.16031373027741,10,0.07797595
118,1.16031373027741,11,0.07804447
118,1.16031373027741,12,0.07768238
118,1.16031373027741,13,0.07800633
118,1.16031373027741,14,0.07818644
118,1.16031373027741,15,0.07798989
119,1.17069002349925,0,0.07778102
119,1.17069002349925,1,0.07783014
119,1.17069002349925,2,0.0781168
119,1.17069002349925,3,0.07822897
119,1.17069002349925,4,0.07796915
119,1.17069002349925,5,0.07785267
119,1.17069002349925,6,0.0779304
119,1.17069002349925,7,0.07821877
119,1.17069002349925,8,0.07837891
119,1.17069002349925,9,0.07833754
119,1.17069002349925,10,0.07826667
119,1.17069002349925,11,0.07815437
119,1.17069002349925,12,0.07815153
119,1.17069002349925,13,0.07796352
119,1.17069002349925,14,0.07788874
119,1.17069002349925,15,0.07818716
120,1.17984557634205,0,0.07797779
120,1.17984557634205,1,0.07793681
120,1.17984557634205,2,0.07817712
120,1.17984557634205,3,0.07819603
120,1.17984557634205,4,0.07807162
120,1.17984557634205,5,0.07826282
120,1.17984557634205,6,0.0780883
120,1.17984557634205,7,0.07835298
120,1.17984557634205,8,0.0782399
120,1.17984557634205,9,0.07802881
120,1.17984557634205,10,0.07806566
120,1.17984557634205,11,0.07812253
120,1.17984557634205,12,0.0781517
120,1.17984557634205,13,0.07797517
120,1.17984557634205,14,0.07825953
120,1.17984557634205,15,0.07790653
121,1.19083223975341,0,0.07791874
121,1.19083223975341,1,0.07798788
121,1.19083223975341,2,0.07792086
121,1.19083223975341,3,0.07809076
121,1.19083223975341,4,0.0778593
121,1.19083223975341,5,0.07805903
121,1.19083223975341,6,0.07826461
121,1.19083223975341,7,0.07782853
121,1.19083223975341,8,0.07793056
121,1.19083223975341,9,0.07802407
121,1.19083223975341,10,0.0778748
121,1.19083223975341,11,0.07811144
121,1.19083223975341,12,0.07792633
121,1.19083223975341,13,0.07765936
121,1.19083223975341,14,0.0779111
121,1.19083223975341,15,0.07768378
122,1.20059816278573,0,0.07778442
122,1.20059816278573,1,0.07821387
122,1.20059816278573,2,0.07802786
122,1.20059816278573,3,0.07784949
122,1.20059816278573,4,0.07801403
122,1.20059816278573,5,0.07790475
122,1.20059816278573,6,0.07789471
122,1.20059816278573,7,0.07779931
122,1.20059816278573,8,0.07770642
122,1.20059816278573,9,0.07774695
122,1.20059816278573,10,0.07801849
122,1.20059816278573,11,0.07769431
122,1.20059816278573,12,0.07794133
122,1.20059816278573,13,0.07780282
122,1.20059816278573,14,0.07759763
122,1.20059816278573,15,0.07764213
123,1.21036408581805,0,0.07754577
123,1.21036408581805,1,0.07771311
123,1.21036408581805,2,0.07766175
123,1.21036408581805,3,0.07772509
123,1.21036408581805,4,0.07785741
123,1.21036408581805,5,0.07788467
123,1.21036408581805,6,0.0778554
123,1.21036408581805,7,0.07798214
123,1.21036408581805,8,0.07796792
123,1.21036408581805,9,0.07787904
123,1.21036408581805,10,0.07773373
123,1.21036408581805,11,0.07788295
123,1.21036408581805,12,0.07760766
123,1.21036408581805,13,0.07768044
123,1.21036408581805,14,0.07789532
123,1.21036408581805,15,0.07787336
124,1.22074037903989,0,0.07784235
124,1.22074037903989,1,0.0779793
124,1.22074037903989,2,0.07794712
124,1.22074037903989,3,0.07783321
124,1.22074037903989,4,0.07796447
124,1.22074037903989,5,0.07807637
124,1.22074037903989,6,0.07797656
124,1.22074037903989,7,0.07771199
124,1.22074037903989,8,0.07798666
124,1.22074037903989,9,0.07810531
124,1.22074037903989,10,0.07810798
124,1.22074037903989,11,0.07793368
124,1.22074037903989,12,0.07811964
124,1.22074037903989,13,0.07787503
124,1.22074037903989,14,0.07795722
124,1.22074037903989,15,0.07785356
125,1.23050630207221,0,0.07803053
125,1.23050630207221,1,0.07774127
125,1.23050630207221,2,0.078083
125,1.23050630207221,3,0.07822675
125,1.23050630207221,4,0.07800204
125,1.23050630207221,5,0.07785016
125,1.23050630207221,6,0.0779919
125,1.23050630207221,7,0.07805178
125,1.23050630207221,8,0.07797784
125,1.23050630207221,9,0.07810559
125,1.23050630207221,10,0.07799329
125,1.23050630207221,11,0.07798783
125,1.23050630207221,12,0.07799809
125,1.23050630207221,13,0.07833201
125,1.23050630207221,14,0.07820623
125,1.23050630207221,15,0.07816279
126,1.24088259529405,0,0.07809187
126,1.24088259529405,1,0.0783444
126,1.24088259529405,2,0.07829231
126,1.24088259529405,3,0.07833871
126,1.24088259529405,4,0.07813396
126,1.24088259529405,5,0.07827024
126,1.24088259529405,6,0.07814116
126,1.24088259529405,7,0.07815175
126,1.24088259529405,8,0.07807013
126,1.24088259529405,9,0.07817662
126,1.24088259529405,10,0.07809923
126,1.24088259529405,11,0.0781014
126,1.24088259529405,12,0.07824643
126,1.24088259529405,13,0.07818013
126,1.24088259529405,14,0.07823277
126,1.24088259529405,15,0.07841276
127,1.25003814813684,0,0.07860256
127,1.25003814813684,1,0.07816653
127,1.25003814813684,2,0.07818671
127,1.25003814813684,3,0.07815538
127,1.25003814813684,4,0.07836207
127,1.25003814813684,5,0.07831652
127,1.25003814813684,6,0.07824158
127,1.25003814813684,7,0.07814645
127,1.25003814813684,8,0.07825652
127,1.25003814813684,9,0.07808741
127,1.25003814813684,10,0.07813112
127,1.25003814813684,11,0.07831228
127,1.25003814813684,12,0.07856843
127,1.25003814813684,13,0.07835895
127,1.25003814813684,14,0.07840612
127,1.25003814813684,15,0.07836871
128,1.2610248115482,0,0.07838014
128,1.2610248115482,1,0.07847025
128,1.2610248115482,2,0.07824448
128,1.2610248115482,3,0.0780907
128,1.2610248115482,4,0.07813508
128,1.2610248115482,5,0.07814997
128,1.2610248115482,6,0.07816821
128,1.2610248115482,7,0.07812426
128,1.2610248115482,8,0.07831624
128,1.2610248115482,9,0.07809839
128,1.2610248115482,10,0.0781716
128,1.2610248115482,11,0.07836631
128,1.2610248115482,12,0.07822897
128,1.2610248115482,13,0.07833397
128,1.2610248115482,14,0.0785381
128,1.2610248115482,15,0.07853855
129,1.270180364391,0,0.07841365
129,1.270180364391,1,0.07867753
129,1.270180364391,2,0.07828161
129,1.270180364391,3,0.07845005
129,1.270180364391,4,0.0781716
129,1.270180364391,5,0.07842752
129,1.270180364391,6,0.07848987
129,1.270180364391,7,0.07879268
129,1.270180364391,8,0.07873859
129,1.270180364391,9,0.07847259
129,1.270180364391,10,0.07846516
129,1.270180364391,11,0.07835833
129,1.270180364391,12,0.07831195
129,1.270180364391,13,0.07833876
129,1.270180364391,14,0.07841103
129,1.270180364391,15,0.07864492
130,1.28055665761284,0,0.07827921
130,1.28055665761284,1,0.07835916
130,1.28055665761284,2,0.07843784
130,1.28055665761284,3,0.07854965
130,1.28055665761284,4,0.07851898
130,1.28055665761284,5,0.07851724
130,1.28055665761284,6,0.07837261
130,1.28055665761284,7,0.07848268
130,1.28055665761284,8,0.07845173
130,1.28055665761284,9,0.07839196
130,1.28055665761284,10,0.07835649
130,1.28055665761284,11,0.07815332
130,1.28055665761284,12,0.07865635
130,1.28055665761284,13,0.07841136
130,1.28055665761284,14,0.07834379
130,1.28055665761284,15,0.07840054
131,1.29032258064516,0,0.0784926
131,1.29032258064516,1,0.07853749
131,1.29032258064516,2,0.07828027
131,1.29032258064516,3,0.07838633
131,1.29032258064516,4,0.07860132
131,1.29032258064516,5,0.07863674
131,1.29032258064516,6,0.07832443
131,1.29032258064516,7,0.07863428
131,1.29032258064516,8,0.07837155
131,1.29032258064516,9,0.07834567
131,1.29032258064516,10,0.07859045
131,1.29032258064516,11,0.07835599
131,1.29032258064516,12,0.07836664
131,1.29032258064516,13,0.07841945
131,1.29032258064516,14,0.07850503
131,1.29032258064516,15,0.07839759
132,1.300698873867,0,0.07841242
132,1.300698873867,1,0.0783987
132,1.300698873867,2,0.078113
132,1.300698873867,3,0.07828468
132,1.300698873867,4,0.07810625
132,1.300698873867,5,0.07813079
132,1.300698873867,6,0.07851323
132,1.300698873867,7,0.0784863
132,1.300698873867,8,0.07838292
132,1.300698873867,9,0.07843255
132,1.300698873867,10,0.07850587
132,1.300698873867,11,0.0783701
132,1.300698873867,12,0.07844631
132,1.300698873867,13,0.07849082
132,1.300698873867,14,0.07846422
132,1.300698873867,15,0.07830437
133,1.3098544267098,0,0.07790687
133,1.3098544267098,1,0.0781474
133,1.3098544267098,2,0.07813151
133,1.3098544267098,3,0.07845334
133,1.3098544267098,4,0.07863228
133,1.3098544267098,5,0.07847325
133,1.3098544267098,6,0.0784548
133,1.3098544267098,7,0.07830018
133,1.3098544267098,8,0.07840941
133,1.3098544267098,9,0.07854261
133,1.3098544267098,10,0.07855154
133,1.3098544267098,11,0.07836631
133,1.3098544267098,12,0.07861247
133,1.3098544267098,13,0.07848479
133,1.3098544267098,14,0.07849823
133,1.3098544267098,15,0.07855894
134,1.32084109012116,0,0.07856458
134,1.32084109012116,1,0.07808841
134,1.32084109012116,2,0.07823706
134,1.32084109012116,3,0.07825094
134,1.32084109012116,4,0.07826645
134,1.32084109012116,5,0.07802942
134,1.32084109012116,6,0.07875171
134,1.32084109012116,7,0.07833035
134,1.32084109012116,8,0.07816871
134,1.32084109012116,9,0.07833926
134,1.32084109012116,10,0.07808696
134,1.32084109012116,11,0.07812086
134,1.32084109012116,12,0.07836826
134,1.32084109012116,13,0.07828423
134,1.32084109012116,14,0.07831189
134,1.32084109012116,15,0.07805412
135,1.33060701315348,0,0.07820428
135,1.33060701315348,1,0.07829706
135,1.33060701315348,2,0.07822312
135,1.33060701315348,3,0.0781014
135,1.33060701315348,4,0.07798041
135,1.33060701315348,5,0.07818398
135,1.33060701315348,6,0.0781406
135,1.33060701315348,7,0.07800305
135,1.33060701315348,8,0.07819179
135,1.33060701315348,9,0.07811897
135,1.33060701315348,10,0.07832906
135,1.33060701315348,11,0.07840996
135,1.33060701315348,12,0.07799374
135,1.33060701315348,13,0.07825185
135,1.33060701315348,14,0.07792392
135,1.33060701315348,15,0.07809756
136,1.3403729361858,0,0.07799318
136,1.3403729361858,1,0.07793229
136,1.3403729361858,2,0.07806365
136,1.3403729361858,3,0.07790302
136,1.3403729361858,4,0.07795716
136,1.3403729361858,5,0.07791127
136,1.3403729361858,6,0.07807887
136,1.3403729361858,7,0.0781609
136,1.3403729361858,8,0.0780781
136,1.3403729361858,9,0.07798504
136,1.3403729361858,10,0.0779546
136,1.3403729361858,11,0.07808428
136,1.3403729361858,12,0.07810559
136,1.3403729361858,13,0.07812583
136,1.3403729361858,14,0.07792058
136,1.3403729361858,15,0.07799964
137,1.35074922940764,0,0.07811819
137,1.35074922940764,1,0.07813848
137,1.35074922940764,2,0.07792532
137,1.35074922940764,3,0.07805914
137,1.35074922940764,4,0.07818822
137,1.35074922940764,5,0.0782288
137,1.35074922940764,6,0.07819904
137,1.35074922940764,7,0.07848044
137,1.35074922940764,8,0.07778469
137,1.35074922940764,9,0.07811902
137,1.35074922940764,10,0.07774644
137,1.35074922940764,11,0.07800255
137,1.35074922940764,12,0.07838203
137,1.35074922940764,13,0.07805055
137,1.35074922940764,14,0.07820718
137,1.35074922940764,15,0.0783392
138,1.36112552262947,0,0.07831306
138,1.36112552262947,1,0.0782844
138,1.36112552262947,2,0.07825078
138,1.36112552262947,3,0.07779769
138,1.36112552262947,4,0.07808612
138,1.36112552262947,5,0.07791049
138,1.36112552262947,6,0.07815376
138,1.36112552262947,7,0.07823422
138,1.36112552262947,8,0.07818978
138,1.36112552262947,9,0.07813743
138,1.36112552262947,10,0.07802803
138,1.36112552262947,11,0.07816575
138,1.36112552262947,12,0.07820283
138,1.36112552262947,13,0.07803427
138,1.36112552262947,14,0.07819089
138,1.36112552262947,15,0.07836882
139,1.37150181585131,0,0.07833676
139,1.37150181585131,1,0.07818872
139,1.37150181585131,2,0.07822859
139,1.37150181585131,3,0.07804425
139,1.37150181585131,4,0.07819965
139,1.37150181585131,5,0.07821632
139,1.37150181585131,6,0.07823639
139,1.37150181585131,7,0.07811735
139,1.37150181585131,8,0.07855728
139,1.37150181585131,9,0.07860707
139,1.37150181585131,10,0.07844704
139,1.37150181585131,11,0.07860032
139,1.37150181585131,12,0.07828161
139,1.37150181585131,13,0.07809326
139,1.37150181585131,14,0.07836007
139,1.37150181585131,15,0.07821069
140,1.38187810907315,0,0.07847743
140,1.38187810907315,1,0.07815476
140,1.38187810907315,2,0.07830698
140,1.38187810907315,3,0.07849511
140,1.38187810907315,4,0.07841013
140,1.38187810907315,5,0.07829427
140,1.38187810907315,6,0.07835248
140,1.38187810907315,7,0.07828674
140,1.38187810907315,8,0.07832371
140,1.38187810907315,9,0.0783856
140,1.38187810907315,10,0.07816408
140,1.38187810907315,11,0.07801281
140,1.38187810907315,12,0.07812421
140,1.38187810907315,13,0.07826896
140,1.38187810907315,14,0.07824197
140,1.38187810907315,15,0.07813737
141,1.39164403210547,0,0.07827855
141,1.39164403210547,1,0.07799351
141,1.39164403210547,2,0.07813865
141,1.39164403210547,3,0.07814729
141,1.39164403210547,4,0.07825669
141,1.39164403210547,5,0.0780815
141,1.39164403210547,6,0.07815526
141,1.39164403210547,7,0.07832945
141,1.39164403210547,8,0.0781086
141,1.39164403210547,9,0.07829779
141,1.39164403210547,10,0.07827476
141,1.39164403210547,11,0.07807124
141,1.39164403210547,12,0.07821816
141,1.39164403210547,13,0.07833569
141,1.39164403210547,14,0.07816291
141,1.39164403210547,15,0.07815555
142,1.40079958494827,0,0.07834306
142,1.40079958494827,1,0.07841866
142,1.40079958494827,2,0.07809734
142,1.40079958494827,3,0.07850609
142,1.40079958494827,4,0.07827275
142,1.40079958494827,5,0.07821498
142,1.40079958494827,6,0.07797232
142,1.40079958494827,7,0.07818163
142,1.40079958494827,8,0.0780636
142,1.40079958494827,9,0.07805401
142,1.40079958494827,10,0.07829533
142,1.40079958494827,11,0.07810815
142,1.40079958494827,12,0.07828724
142,1.40079958494827,13,0.07843444
142,1.40079958494827,14,0.07823773
142,1.40079958494827,15,0.07861521
143,1.41178624835963,0,0.0782157
143,1.41178624835963,1,0.07830592
143,1.41178624835963,2,0.07840651
143,1.41178624835963,3,0.07830648
143,1.41178624835963,4,0.07785027
143,1.41178624835963,5,0.07798894
143,1.41178624835963,6,0.07810252
143,1.41178624835963,7,0.07837284
143,1.41178624835963,8,0.07824364
143,1.41178624835963,9,0.07847002
143,1.41178624835963,10,0.07844258
143,1.41178624835963,11,0.07821498
143,1.41178624835963,12,0.07834735
143,1.41178624835963,13,0.07835153
143,1.41178624835963,14,0.07798699
143,1.41178624835963,15,0.07804732
144,1.42094180120243,0,0.07842056
144,1.42094180120243,1,0.07833653
144,1.42094180120243,2,0.07836497
144,1.42094180120243,3,0.07831624
144,1.42094180120243,4,0.07831925
144,1.42094180120243,5,0.07846071
144,1.42094180120243,6,0.07872667
144,1.42094180120243,7,0.07849394
144,1.42094180120243,8,0.0783027
144,1.42094180120243,9,0.07831044
144,1.42094180120243,10,0.07839357
144,1.42094180120243,11,0.07811853
144,1.42094180120243,12,0.07845307
144,1.42094180120243,13,0.07840395
144,1.42094180120243,14,0.07815214
144,1.42094180120243,15,0.07814021
145,1.43131809442427,0,0.07835639
145,1.43131809442427,1,0.07830336
145,1.43131809442427,2,0.07824392
145,1.43131809442427,3,0.07826109
145,1.43131809442427,4,0.07842497
145,1.43131809442427,5,0.07826589
145,1.43131809442427,6,0.07828401
145,1.43131809442427,7,0.0782588
145,1.43131809442427,8,0.0782878
145,1.43131809442427,9,0.07838187
145,1.43131809442427,10,0.07861743
145,1.43131809442427,11,0.07841849
145,1.43131809442427,12,0.07843544
145,1.43131809442427,13,0.07850063
145,1.43131809442427,14,0.07833675
145,1.43131809442427,15,0.0784907
146,1.44108401745659,0,0.07830904
146,1.44108401745659,1,0.07823288
146,1.44108401745659,2,0.07845475
146,1.44108401745659,3,0.07834646
146,1.44108401745659,4,0.0786011
146,1.44108401745659,5,0.07824314
146,1.44108401745659,6,0.07820294
146,1.44108401745659,7,0.0782195
146,1.44108401745659,8,0.07845368
146,1.44108401745659,9,0.07847732
146,1.44108401745659,10,0.07828657
146,1.44108401745659,11,0.07828418
146,1.44108401745659,12,0.07815862
146,1.44108401745659,13,0.07806499
146,1.44108401745659,14,0.07809281
146,1.44108401745659,15,0.07794907
147,1.45146031067843,0,0.07855577
147,1.45146031067843,1,0.07839848
147,1.45146031067843,2,0.07832934
147,1.45146031067843,3,0.07826009
147,1.45146031067843,4,0.07801832
147,1.45146031067843,5,0.07822742
147,1.45146031067843,6,0.07790815
147,1.45146031067843,7,0.07799569
147,1.45146031067843,8,0.07810152
147,1.45146031067843,9,0.07811016
147,1.45146031067843,10,0.07849566
147,1.45146031067843,11,0.07825463
147,1.45146031067843,12,0.07821805
147,1.45146031067843,13,0.07816764
147,1.45146031067843,14,0.07837868
147,1.45146031067843,15,0.07804325
148,1.46122623371075,0,0.07813977
148,1.46122623371075,1,0.07828423
148,1.46122623371075,2,0.07829516
148,1.46122623371075,3,0.07845502
148,1.46122623371075,4,0.07800907
148,1.46122623371075,5,0.0786306
148,1.46122623371075,6,0.07859815
148,1.46122623371075,7,0.07846282
148,1.46122623371075,8,0.07832767
148,1.46122623371075,9,0.07845368
148,1.46122623371075,10,0.07821387
148,1.46122623371075,11,0.07821292
148,1.46122623371075,12,0.07851791
148,1.46122623371075,13,0.07846411
148,1.46122623371075,14,0.07837144
148,1.46122623371075,15,0.07820489
149,1.47099215674306,0,0.07828948
149,1.47099215674306,1,0.07813932
149,1.47099215674306,2,0.07816592
149,1.47099215674306,3,0.07810971
149,1.47099215674306,4,0.07813966
149,1.47099215674306,5,0.07863712
149,1.47099215674306,6,0.07833481
149,1.47099215674306,7,0.07847292
149,1.47099215674306,8,0.07807759
149,1.47099215674306,9,0.07846645
149,1.47099215674306,10,0.07805864
149,1.47099215674306,11,0.07823679
149,1.47099215674306,12,0.07827012
149,1.47099215674306,13,0.07827475
149,1.47099215674306,14,0.07834629
149,1.47099215674306,15,0.07830916
150,1.48075807977538,0,0.07843819
150,1.48075807977538,1,0.07837635
150,1.48075807977538,2,0.07859012
150,1.48075807977538,3,0.07883139
150,1.48075807977538,4,0.07859023
150,1.48075807977538,5,0.07856949
150,1.48075807977538,6,0.07853715
150,1.48075807977538,7,0.07846717
150,1.48075807977538,8,0.07855231
150,1.48075807977538,9,0.07849912
150,1.48075807977538,10,0.07851401
150,1.48075807977538,11,0.0784539
150,1.48075807977538,12,0.07822897
150,1.48075807977538,13,0.07822937
150,1.48075807977538,14,0.07835744
150,1.48075807977538,15,0.07838075
151,1.4905240028077,0,0.0783174
151,1.4905240028077,1,0.07835119
151,1.4905240028077,2,0.07846862
151,1.4905240028077,3,0.0783193
151,1.4905240028077,4,0.07845101
151,1.4905240028077,5,0.07848251
151,1.4905240028077,6,0.07848831
151,1.4905240028077,7,0.07838136
151,1.4905240028077,8,0.07824531
151,1.4905240028077,9,0.07828429
151,1.4905240028077,10,0.07848792
151,1.4905240028077,11,0.07851518
151,1.4905240028077,12,0.07818928
151,1.4905240028077,13,0.07817712
151,1.4905240028077,14,0.07820918
151,1.4905240028077,15,0.07808239
152,1.50028992584002,0,0.07825535
152,1.50028992584002,1,0.07809644
152,1.50028992584002,2,0.07790101
152,1.50028992584002,3,0.07809795
152,1.50028992584002,4,0.07792995
152,1.50028992584002,5,0.07808021
152,1.50028992584002,6,0.07860216
152,1.50028992584002,7,0.07829493
152,1.50028992584002,8,0.07806488
152,1.50028992584002,9,0.07823712
152,1.50028992584002,10,0.07816368
152,1.50028992584002,11,0.07832833
152,1.50028992584002,12,0.07855521
152,1.50028992584002,13,0.07848419
152,1.50028992584002,14,0.07812833
152,1.50028992584002,15,0.07837757
153,1.51127658925138,0,0.07829365
153,1.51127658925138,1,0.07825256
153,1.51127658925138,2,0.07847442
153,1.51127658925138,3,0.07843478
153,1.51127658925138,4,0.07841749
153,1.51127658925138,5,0.07829288
153,1.51127658925138,6,0.07828094
153,1.51127658925138,7,0.07850999
153,1.51127658925138,8,0.07821637
153,1.51127658925138,9,0.07825898
153,1.51127658925138,10,0.07835494
153,1.51127658925138,11,0.07830013
153,1.51127658925138,12,0.07849216
153,1.51127658925138,13,0.07859848
153,1.51127658925138,14,0.07830107
153,1.51127658925138,15,0.0786306
154,1.5210425122837,0,0.0782883
154,1.5210425122837,1,0.07814851
154,1.5210425122837,2,0.07829884
154,1.5210425122837,3,0.07811757
154,1.5210425122837,4,0.07847922
154,1.5210425122837,5,0.07823204
154,1.5210425122837,6,0.07827202
154,1.5210425122837,7,0.07829416
154,1.5210425122837,8,0.07874367
154,1.5210425122837,9,0.07895568
154,1.5210425122837,10,0.07852589
154,1.5210425122837,11,0.0787677
154,1.5210425122837,12,0.07829694
154,1.5210425122837,13,0.07840455
154,1.5210425122837,14,0.07815198
154,1.5210425122837,15,0.07841007
155,1.52958769493698,0,0.07845368
155,1.52958769493698,1,0.07835148
155,1.52958769493698,2,0.0786965
155,1.52958769493698,3,0.07822719
155,1.52958769493698,4,0.07827386
155,1.52958769493698,5,0.07847459
155,1.52958769493698,6,0.07867549
155,1.52958769493698,7,0.07852315
155,1.52958769493698,8,0.07853062
155,1.52958769493698,9,0.07822005
155,1.52958769493698,10,0.07856274
155,1.52958769493698,11,0.07830971
155,1.52958769493698,12,0.07853715
155,1.52958769493698,13,0.0784248
155,1.52958769493698,14,0.0783876
155,1.52958769493698,15,0.07852789
156,1.54179509872738,0,0.07808696
156,1.54179509872738,1,0.07811311
156,1.54179509872738,2,0.07827085
156,1.54179509872738,3,0.0783013
156,1.54179509872738,4,0.07844482
156,1.54179509872738,5,0.07844743
156,1.54179509872738,6,0.07820205
156,1.54179509872738,7,0.07850381
156,1.54179509872738,8,0.07862123
156,1.54179509872738,9,0.07835561
156,1.54179509872738,10,0.07834038
156,1.54179509872738,11,0.07827827
156,1.54179509872738,12,0.07801487
156,1.54179509872738,13,0.07816251
156,1.54179509872738,14,0.07824142
156,1.54179509872738,15,0.07827922
157,1.55034028138066,0,0.0781551
157,1.55034028138066,1,0.07769281
157,1.55034028138066,2,0.07805172
157,1.55034028138066,3,0.07822998
157,1.55034028138066,4,0.07805083
157,1.55034028138066,5,0.07816642
157,1.55034028138066,6,0.07840913
157,1.55034028138066,7,0.07808819
157,1.55034028138066,8,0.07792944
157,1.55034028138066,9,0.07814651
157,1.55034028138066,10,0.07794199
157,1.55034028138066,11,0.07831981
157,1.55034028138066,12,0.07814952
157,1.55034028138066,13,0.0780946
157,1.55034028138066,14,0.07833804
157,1.55034028138066,15,0.07804313
158,1.56132694479202,0,0.0781633
158,1.56132694479202,1,0.07779869
158,1.56132694479202,2,0.078036
158,1.56132694479202,3,0.0779406
158,1.56132694479202,4,0.07788964
158,1.56132694479202,5,0.07799625
158,1.56132694479202,6,0.07803522
158,1.56132694479202,7,0.07801649
158,1.56132694479202,8,0.078175
158,1.56132694479202,9,0.07822195
158,1.56132694479202,10,0.07813363
158,1.56132694479202,11,0.07815003
158,1.56132694479202,12,0.07823712
158,1.56132694479202,13,0.07801515
158,1.56132694479202,14,0.07816218
158,1.56132694479202,15,0.07812951
159,1.57109286782434,0,0.07813497
159,1.57109286782434,1,0.07818577
159,1.57109286782434,2,0.07838108
159,1.57109286782434,3,0.0784413
159,1.57109286782434,4,0.0783033
159,1.57109286782434,5,0.0783299
159,1.57109286782434,6,0.07848568
159,1.57109286782434,7,0.07831953
159,1.57109286782434,8,0.07844799
159,1.57109286782434,9,0.07808674
159,1.57109286782434,10,0.07825848
159,1.57109286782434,11,0.07821772
159,1.57109286782434,12,0.07827977
159,1.57109286782434,13,0.07852042
159,1.57109286782434,14,0.07818794
159,1.57109286782434,15,0.07828724
160,1.58085879085665,0,0.07826901
160,1.58085879085665,1,0.0781725
160,1.58085879085665,2,0.07820255
160,1.58085879085665,3,0.07846132
160,1.58085879085665,4,0.07838443
160,1.58085879085665,5,0.07819145
160,1.58085879085665,6,0.07851981
160,1.58085879085665,7,0.07829288
160,1.58085879085665,8,0.07819352
160,1.58085879085665,9,0.07830179
160,1.58085879085665,10,0.07826567
160,1.58085879085665,11,0.07814328
160,1.58085879085665,12,0.07820629
160,1.58085879085665,13,0.07784782
160,1.58085879085665,14,0.07814707
160,1.58085879085665,15,0.07835717
161,1.59062471388897,0,0.07843746
161,1.59062471388897,1,0.07826951
161,1.59062471388897,2,0.07821822
161,1.59062471388897,3,0.07826126
161,1.59062471388897,4,0.07847001
161,1.59062471388897,5,0.0785391
161,1.59062471388897,6,0.07848886
161,1.59062471388897,7,0.07851094
161,1.59062471388897,8,0.07834389
161,1.59062471388897,9,0.07862626
161,1.59062471388897,10,0.07820706
161,1.59062471388897,11,0.07840239
161,1.59062471388897,12,0.07838889
161,1.59062471388897,13,0.07828975
161,1.59062471388897,14,0.07841967
161,1.59062471388897,15,0.07829789
162,1.60100100711081,0,0.07841905
162,1.60100100711081,1,0.07828301
162,1.60100100711081,2,0.07819758
162,1.60100100711081,3,0.07817746
162,1.60100100711081,4,0.07838136
162,1.60100100711081,5,0.0786306
162,1.60100100711081,6,0.07841443
162,1.60100100711081,7,0.07852433
162,1.60100100711081,8,0.07862006
162,1.60100100711081,9,0.07847939
162,1.60100100711081,10,0.07855973
162,1.60100100711081,11,0.07859664
162,1.60100100711081,12,0.07846244
162,1.60100100711081,13,0.07837656
162,1.60100100711081,14,0.0786674
162,1.60100100711081,15,0.07858638
163,1.61137730033265,0,0.07844532
163,1.61137730033265,1,0.07833575
163,1.61137730033265,2,0.07845837
163,1.61137730033265,3,0.07865664
163,1.61137730033265,4,0.0786457
163,1.61137730033265,5,0.0784863
163,1.61137730033265,6,0.07833625
163,1.61137730033265,7,0.07834044
163,1.61137730033265,8,0.07874674
163,1.61137730033265,9,0.07855888
163,1.61137730033265,10,0.07836246
163,1.61137730033265,11,0.07856792
163,1.61137730033265,12,0.07865334
163,1.61137730033265,13,0.07852136
163,1.61137730033265,14,0.07881287
163,1.61137730033265,15,0.07858783
164,1.62114322336497,0,0.0784001
164,1.62114322336497,1,0.07850309
164,1.62114322336497,2,0.07845168
164,1.62114322336497,3,0.07860511
164,1.62114322336497,4,0.07849421
164,1.62114322336497,5,0.07844688
164,1.62114322336497,6,0.07821515
164,1.62114322336497,7,0.07815883
164,1.62114322336497,8,0.07822558
164,1.62114322336497,9,0.07822596
164,1.62114322336497,10,0.07783087
164,1.62114322336497,11,0.07789577
164,1.62114322336497,12,0.07807414
164,1.62114322336497,13,0.07808133
164,1.62114322336497,14,0.07808518
164,1.62114322336497,15,0.07783026
165,1.63090914639729,0,0.07833409
165,1.63090914639729,1,0.07827286
165,1.63090914639729,2,0.07816163
165,1.63090914639729,3,0.07824169
165,1.63090914639729,4,0.07843315
165,1.63090914639729,5,0.07868228
165,1.63090914639729,6,0.07822809
165,1.63090914639729,7,0.07812922
165,1.63090914639729,8,0.07807899
165,1.63090914639729,9,0.0784433
165,1.63090914639729,10,0.0784025
165,1.63090914639729,11,0.07853291
165,1.63090914639729,12,0.07840032
165,1.63090914639729,13,0.07838444
165,1.63090914639729,14,0.07833163
165,1.63090914639729,15,0.07844738
166,1.64128543961913,0,0.07834333
166,1.64128543961913,1,0.0783309
166,1.64128543961913,2,0.0781265
166,1.64128543961913,3,0.07827001
166,1.64128543961913,4,0.07804236
166,1.64128543961913,5,0.07834273
166,1.64128543961913,6,0.07819274
166,1.64128543961913,7,0.07854043
166,1.64128543961913,8,0.07858521
166,1.64128543961913,9,0.07855717
166,1.64128543961913,10,0.07874949
166,1.64128543961913,11,0.07844186
166,1.64128543961913,12,0.07848836
166,1.64128543961913,13,0.07820126
166,1.64128543961913,14,0.07837841
166,1.64128543961913,15,0.0786674
167,1.65044099246193,0,0.07831306
167,1.65044099246193,1,0.07862591
167,1.65044099246193,2,0.07839864
167,1.65044099246193,3,0.0785323
167,1.65044099246193,4,0.07859246
167,1.65044099246193,5,0.07827598
167,1.65044099246193,6,0.07851323
167,1.65044099246193,7,0.0785953
167,1.65044099246193,8,0.07823288
167,1.65044099246193,9,0.07818732
167,1.65044099246193,10,0.07823037
167,1.65044099246193,11,0.07797099
167,1.65044099246193,12,0.07821197
167,1.65044099246193,13,0.0782607
167,1.65044099246193,14,0.07821722
167,1.65044099246193,15,0.07843674
168,1.66081728568377,0,0.07847916
168,1.66081728568377,1,0.07854401
168,1.66081728568377,2,0.07863992
168,1.66081728568377,3,0.07855812
168,1.66081728568377,4,0.07875137
168,1.66081728568377,5,0.07847811
168,1.66081728568377,6,0.0785637
168,1.66081728568377,7,0.07838839
168,1.66081728568377,8,0.07855533
168,1.66081728568377,9,0.07850871
168,1.66081728568377,10,0.07896408
168,1.66081728568377,11,0.07870726
168,1.66081728568377,12,0.07851908
168,1.66081728568377,13,0.07833201
168,1.66081728568377,14,0.07857864
168,1.66081728568377,15,0.0786283
169,1.67119357890561,0,0.07845641
169,1.67119357890561,1,0.07855198
169,1.67119357890561,2,0.07889194
169,1.67119357890561,3,0.07859018
169,1.67119357890561,4,0.07867654
169,1.67119357890561,5,0.07864543
169,1.67119357890561,6,0.07879525
169,1.67119357890561,7,0.07882883
169,1.67119357890561,8,0.07848056
169,1.67119357890561,9,0.07881738
169,1.67119357890561,10,0.07850805
169,1.67119357890561,11,0.07853118
169,1.67119357890561,12,0.07839731
169,1.67119357890561,13,0.07877172
169,1.67119357890561,14,0.078495
169,1.67119357890561,15,0.07831289
170,1.68095950193793,0,0.07868831
170,1.68095950193793,1,0.07866957
170,1.68095950193793,2,0.07875913
170,1.68095950193793,3,0.07859765
170,1.68095950193793,4,0.07850292
170,1.68095950193793,5,0.07812499
170,1.68095950193793,6,0.07824805
170,1.68095950193793,7,0.07842185
170,1.68095950193793,8,0.07819006
170,1.68095950193793,9,0.07836915
170,1.68095950193793,10,0.07839229
170,1.68095950193793,11,0.07805875
170,1.68095950193793,12,0.07849143
170,1.68095950193793,13,0.07825128
170,1.68095950193793,14,0.0784035
170,1.68095950193793,15,0.07814071
171,1.69194616534928,0,0.07836843
171,1.69194616534928,1,0.07846277
171,1.69194616534928,2,0.07830704
171,1.69194616534928,3,0.07839648
171,1.69194616534928,4,0.07835209
171,1.69194616534928,5,0.0779619
171,1.69194616534928,6,0.07806455
171,1.69194616534928,7,0.07833441
171,1.69194616534928,8,0.07826237
171,1.69194616534928,9,0.07841042
171,1.69194616534928,10,0.07848373
171,1.69194616534928,11,0.07829706
171,1.69194616534928,12,0.07805825
171,1.69194616534928,13,0.07820238
171,1.69194616534928,14,0.07817155
171,1.69194616534928,15,0.07829912
172,1.70049134800256,0,0.07843512
172,1.70049134800256,1,0.0782897
172,1.70049134800256,2,0.07840557
172,1.70049134800256,3,0.0783182
172,1.70049134800256,4,0.07841001
172,1.70049134800256,5,0.07854819
172,1.70049134800256,6,0.07843789
172,1.70049134800256,7,0.0783556
172,1.70049134800256,8,0.07833408
172,1.70049134800256,9,0.07843973
172,1.70049134800256,10,0.07808863
172,1.70049134800256,11,0.07839113
172,1.70049134800256,12,0.07843907
172,1.70049134800256,13,0.0784355
172,1.70049134800256,14,0.07833073
172,1.70049134800256,15,0.07841409
173,1.7108676412244,0,0.07861398
173,1.7108676412244,1,0.07829722
173,1.7108676412244,2,0.07815371
173,1.7108676412244,3,0.07854875
173,1.7108676412244,4,0.07844459
173,1.7108676412244,5,0.0783154
173,1.7108676412244,6,0.07881444
173,1.7108676412244,7,0.07840908
173,1.7108676412244,8,0.07883294
173,1.7108676412244,9,0.0785028
173,1.7108676412244,10,0.0784136
173,1.7108676412244,11,0.07870074
173,1.7108676412244,12,0.07833358
173,1.7108676412244,13,0.07833619
173,1.7108676412244,14,0.07812081
173,1.7108676412244,15,0.077974
174,1.72124393444624,0,0.07843673
174,1.72124393444624,1,0.0785187
174,1.72124393444624,2,0.07812036
174,1.72124393444624,3,0.07815192
174,1.72124393444624,4,0.07855271
174,1.72124393444624,5,0.07855701
174,1.72124393444624,6,0.07853876
174,1.72124393444624,7,0.07870369
174,1.72124393444624,8,0.07860768
174,1.72124393444624,9,0.07849572
174,1.72124393444624,10,0.078729
174,1.72124393444624,11,0.07841163
174,1.72124393444624,12,0.07859899
174,1.72124393444624,13,0.07853314
174,1.72124393444624,14,0.07848702
174,1.72124393444624,15,0.07828914
175,1.73100985747856,0,0.07865296
175,1.73100985747856,1,0.07874702
175,1.73100985747856,2,0.07867409
175,1.73100985747856,3,0.07837668
175,1.73100985747856,4,0.07850464
175,1.73100985747856,5,0.07868022
175,1.73100985747856,6,0.07834713
175,1.73100985747856,7,0.07857657
175,1.73100985747856,8,0.07873604
175,1.73100985747856,9,0.07847448
175,1.73100985747856,10,0.07869054
175,1.73100985747856,11,0.07884258
175,1.73100985747856,12,0.07848234
175,1.73100985747856,13,0.07874574
175,1.73100985747856,14,0.07867682
175,1.73100985747856,15,0.07841538
176,1.74016541032136,0,0.07847805
176,1.74016541032136,1,0.0786321
176,1.74016541032136,2,0.07848686
176,1.74016541032136,3,0.07828635
176,1.74016541032136,4,0.07823545
176,1.74016541032136,5,0.07816709
176,1.74016541032136,6,0.0784016
176,1.74016541032136,7,0.07868642
176,1.74016541032136,8,0.07837032
176,1.74016541032136,9,0.07846472
176,1.74016541032136,10,0.07842514
176,1.74016541032136,11,0.07844063
176,1.74016541032136,12,0.07843578
176,1.74016541032136,13,0.07831908
176,1.74016541032136,14,0.07857317
176,1.74016541032136,15,0.07830659
177,1.75115207373272,0,0.07835945
177,1.75115207373272,1,0.0784665
177,1.75115207373272,2,0.0782219
177,1.75115207373272,3,0.07871122
177,1.75115207373272,4,0.07856804
177,1.75115207373272,5,0.07834099
177,1.75115207373272,6,0.0785841
177,1.75115207373272,7,0.07885107
177,1.75115207373272,8,0.07824498
177,1.75115207373272,9,0.07838617
177,1.75115207373272,10,0.07848591
177,1.75115207373272,11,0.07859369
177,1.75115207373272,12,0.07853218
177,1.75115207373272,13,0.07865977
177,1.75115207373272,14,0.07842536
177,1.75115207373272,15,0.07825022
178,1.76091799676504,0,0.07857244
178,1.76091799676504,1,0.07857462
178,1.76091799676504,2,0.07872432
178,1.76091799676504,3,0.078449
178,1.76091799676504,4,0.07815387
178,1.76091799676504,5,0.07838856
178,1.76091799676504,6,0.07820539
178,1.76091799676504,7,0.07838716
178,1.76091799676504,8,0.07845189
178,1.76091799676504,9,0.07832851
178,1.76091799676504,10,0.0781217
178,1.76091799676504,11,0.07816837
178,1.76091799676504,12,0.07825418
178,1.76091799676504,13,0.0784171
178,1.76091799676504,14,0.07829639
178,1.76091799676504,15,0.0783914
179,1.77129428998688,0,0.07827302
179,1.77129428998688,1,0.07842775
179,1.77129428998688,2,0.07813714
179,1.77129428998688,3,0.07831295
179,1.77129428998688,4,0.07833408
179,1.77129428998688,5,0.07845173
179,1.77129428998688,6,0.07848089
179,1.77129428998688,7,0.07836007
179,1.77129428998688,8,0.07833213
179,1.77129428998688,9,0.07837635
179,1.77129428998688,10,0.07835822
179,1.77129428998688,11,0.07865017
179,1.77129428998688,12,0.07831663
179,1.77129428998688,13,0.07838772
179,1.77129428998688,14,0.07862056
179,1.77129428998688,15,0.0782316
180,1.78044984282968,0,0.07845468
180,1.78044984282968,1,0.07826991
180,1.78044984282968,2,0.07832137
180,1.78044984282968,3,0.07864008
180,1.78044984282968,4,0.07836101
180,1.78044984282968,5,0.07828981
180,1.78044984282968,6,0.07860122
180,1.78044984282968,7,0.07853369
180,1.78044984282968,8,0.0783536
180,1.78044984282968,9,0.07846929
180,1.78044984282968,10,0.07843912
180,1.78044984282968,11,0.078512
180,1.78044984282968,12,0.0782994
180,1.78044984282968,13,0.07811573
180,1.78044984282968,14,0.07841414
180,1.78044984282968,15,0.07840612
181,1.79082613605152,0,0.07862435
181,1.79082613605152,1,0.07866204
181,1.79082613605152,2,0.07875549
181,1.79082613605152,3,0.07849176
181,1.79082613605152,4,0.07837529
181,1.79082613605152,5,0.07836452
181,1.79082613605152,6,0.07856447
181,1.79082613605152,7,0.07856269
181,1.79082613605152,8,0.07859547
181,1.79082613605152,9,0.07856118
181,1.79082613605152,10,0.07866768
181,1.79082613605152,11,0.07886736
181,1.79082613605152,12,0.07860155
181,1.79082613605152,13,0.07834189
181,1.79082613605152,14,0.07863818
181,1.79082613605152,15,0.07863969
182,1.80059205908383,0,0.07828457
182,1.80059205908383,1,0.07835153
182,1.80059205908383,2,0.07838365
182,1.80059205908383,3,0.07838354
182,1.80059205908383,4,0.07819875
182,1.80059205908383,5,0.07833219
182,1.80059205908383,6,0.07821777
182,1.80059205908383,7,0.07829104
182,1.80059205908383,8,0.07824286
182,1.80059205908383,9,0.07864192
182,1.80059205908383,10,0.07852934
182,1.80059205908383,11,0.07812593
182,1.80059205908383,12,0.07845591
182,1.80059205908383,13,0.07831691
182,1.80059205908383,14,0.07852716
182,1.80059205908383,15,0.07813876
183,1.81035798211615,0,0.07821911
183,1.81035798211615,1,0.07839709
183,1.81035798211615,2,0.07839893
183,1.81035798211615,3,0.07838019
183,1.81035798211615,4,0.07839653
183,1.81035798211615,5,0.0784592
183,1.81035798211615,6,0.07830698
183,1.81035798211615,7,0.07884337
183,1.81035798211615,8,0.07861867
183,1.81035798211615,9,0.07875822
183,1.81035798211615,10,0.07847203
183,1.81035798211615,11,0.07864577
183,1.81035798211615,12,0.07840578
183,1.81035798211615,13,0.07823399
183,1.81035798211615,14,0.07836737
183,1.81035798211615,15,0.07853843
184,1.82134464552751,0,0.078496
184,1.82134464552751,1,0.07825641
184,1.82134464552751,2,0.07847659
184,1.82134464552751,3,0.0784529
184,1.82134464552751,4,0.07838833
184,1.82134464552751,5,0.07841749
184,1.82134464552751,6,0.07829851
184,1.82134464552751,7,0.07819775
184,1.82134464552751,8,0.07834991
184,1.82134464552751,9,0.07831702
184,1.82134464552751,10,0.07831267
184,1.82134464552751,11,0.07837913
184,1.82134464552751,12,0.07831791
184,1.82134464552751,13,0.0783115
184,1.82134464552751,14,0.07837205
184,1.82134464552751,15,0.07838655
185,1.83111056855983,0,0.07814885
185,1.83111056855983,1,0.07813977
185,1.83111056855983,2,0.07815956
185,1.83111056855983,3,0.07824292
185,1.83111056855983,4,0.07800851
185,1.83111056855983,5,0.07826266
185,1.83111056855983,6,0.07829086
185,1.83111056855983,7,0.07812744
185,1.83111056855983,8,0.07821197
185,1.83111056855983,9,0.07821158
185,1.83111056855983,10,0.07800929
185,1.83111056855983,11,0.07858688
185,1.83111056855983,12,0.07841705
185,1.83111056855983,13,0.07798766
185,1.83111056855983,14,0.07845781
185,1.83111056855983,15,0.07818554
186,1.84087649159215,0,0.07833888
186,1.84087649159215,1,0.07821877
186,1.84087649159215,2,0.07791963
186,1.84087649159215,3,0.07790787
186,1.84087649159215,4,0.07785317
186,1.84087649159215,5,0.07785908
186,1.84087649159215,6,0.07780472
186,1.84087649159215,7,0.07808908
186,1.84087649159215,8,0.07815198
186,1.84087649159215,9,0.07810475
186,1.84087649159215,10,0.0780229
186,1.84087649159215,11,0.07788746
186,1.84087649159215,12,0.07816965
186,1.84087649159215,13,0.07808005
186,1.84087649159215,14,0.07808713
186,1.84087649159215,15,0.07789789
187,1.85064241462447,0,0.07838783
187,1.85064241462447,1,0.0782936
187,1.85064241462447,2,0.07847615
187,1.85064241462447,3,0.07843355
187,1.85064241462447,4,0.07828066
187,1.85064241462447,5,0.07815643
187,1.85064241462447,6,0.07831942
187,1.85064241462447,7,0.07819168
187,1.85064241462447,8,0.0782989
187,1.85064241462447,9,0.07836765
187,1.85064241462447,10,0.07849154
187,1.85064241462447,11,0.07816458
187,1.85064241462447,12,0.07852081
187,1.85064241462447,13,0.07808758
187,1.85064241462447,14,0.078129
187,1.85064241462447,15,0.07816312
188,1.86101870784631,0,0.07794863
188,1.86101870784631,1,0.07814094
188,1.86101870784631,2,0.07802513
188,1.86101870784631,3,0.07795287
188,1.86101870784631,4,0.07784475
188,1.86101870784631,5,0.07832482
188,1.86101870784631,6,0.07795649
188,1.86101870784631,7,0.078128
188,1.86101870784631,8,0.07828909
188,1.86101870784631,9,0.07806851
188,1.86101870784631,10,0.07813028
188,1.86101870784631,11,0.07829499
188,1.86101870784631,12,0.07805657
188,1.86101870784631,13,0.07819424
188,1.86101870784631,14,0.07847029
188,1.86101870784631,15,0.0783265
189,1.87017426068911,0,0.07838643
189,1.87017426068911,1,0.07800522
189,1.87017426068911,2,0.07823316
189,1.87017426068911,3,0.07785223
189,1.87017426068911,4,0.07834361
189,1.87017426068911,5,0.07825975
189,1.87017426068911,6,0.0779227
189,1.87017426068911,7,0.07778721
189,1.87017426068911,8,0.07788439
189,1.87017426068911,9,0.07812594
189,1.87017426068911,10,0.07791289
189,1.87017426068911,11,0.07802351
189,1.87017426068911,12,0.07789738
189,1.87017426068911,13,0.07777662
189,1.87017426068911,14,0.07777087
189,1.87017426068911,15,0.0780457
190,1.88116092410047,0,0.07819379
190,1.88116092410047,1,0.07841092
190,1.88116092410047,2,0.07829907
190,1.88116092410047,3,0.07819513
190,1.88116092410047,4,0.07827514
190,1.88116092410047,5,0.07808423
190,1.88116092410047,6,0.07827186
190,1.88116092410047,7,0.07811122
190,1.88116092410047,8,0.07828813
190,1.88116092410047,9,0.07813436
190,1.88116092410047,10,0.07815136
190,1.88116092410047,11,0.07806985
190,1.88116092410047,12,0.07819747
190,1.88116092410047,13,0.07813335
190,1.88116092410047,14,0.07817729
190,1.88116092410047,15,0.07807247
191,1.89031647694327,0,0.07817199
191,1.89031647694327,1,0.07834005
191,1.89031647694327,2,0.07851741
191,1.89031647694327,3,0.07832532
191,1.89031647694327,4,0.07816602
191,1.89031647694327,5,0.07832678
191,1.89031647694327,6,0.07799982
191,1.89031647694327,7,0.07827609
191,1.89031647694327,8,0.0781251
191,1.89031647694327,9,0.0784224
191,1.89031647694327,10,0.07826009
191,1.89031647694327,11,0.07812221
191,1.89031647694327,12,0.07834339
191,1.89031647694327,13,0.07822413
191,1.89031647694327,14,0.07843155
191,1.89031647694327,15,0.07822145
192,1.90130314035462,0,0.07796898
192,1.90130314035462,1,0.07781614
192,1.90130314035462,2,0.07773586
192,1.90130314035462,3,0.07822853
192,1.90130314035462,4,0.07813419
192,1.90130314035462,5,0.0781488
192,1.90130314035462,6,0.07787832
192,1.90130314035462,7,0.07807141
192,1.90130314035462,8,0.07818259
192,1.90130314035462,9,0.07834333
192,1.90130314035462,10,0.07790553
192,1.90130314035462,11,0.0782321
192,1.90130314035462,12,0.07800271
192,1.90130314035462,13,0.07830224
192,1.90130314035462,14,0.07842391
192,1.90130314035462,15,0.07848612
193,1.91106906338694,0,0.07824498
193,1.91106906338694,1,0.07833698
193,1.91106906338694,2,0.07834518
193,1.91106906338694,3,0.07813904
193,1.91106906338694,4,0.07844392
193,1.91106906338694,5,0.07850921
193,1.91106906338694,6,0.07841582
193,1.91106906338694,7,0.078357
193,1.91106906338694,8,0.07843991
193,1.91106906338694,9,0.07865134
193,1.91106906338694,10,0.07835114
193,1.91106906338694,11,0.07849293
193,1.91106906338694,12,0.07849644
193,1.91106906338694,13,0.07813346
193,1.91106906338694,14,0.07796574
193,1.91106906338694,15,0.07816893
194,1.92083498641926,0,0.07810107
194,1.92083498641926,1,0.07837345
194,1.92083498641926,2,0.07833268
194,1.92083498641926,3,0.07831301
194,1.92083498641926,4,0.07813057
194,1.92083498641926,5,0.07842112
194,1.92083498641926,6,0.07805791
194,1.92083498641926,7,0.07815348
194,1.92083498641926,8,0.07838075
194,1.92083498641926,9,0.07850944
194,1.92083498641926,10,0.07812036
194,1.92083498641926,11,0.07836642
194,1.92083498641926,12,0.07830514
194,1.92083498641926,13,0.07803159
194,1.92083498641926,14,0.07821866
194,1.92083498641926,15,0.07832343
195,1.93060090945158,0,0.07834256
195,1.93060090945158,1,0.07840183
195,1.93060090945158,2,0.07829717
195,1.93060090945158,3,0.07820935
195,1.93060090945158,4,0.07869399
195,1.93060090945158,5,0.07848061
195,1.93060090945158,6,0.07826193
195,1.93060090945158,7,0.07820266
195,1.93060090945158,8,0.07819413
195,1.93060090945158,9,0.07839452
195,1.93060090945158,10,0.07841387
195,1.93060090945158,11,0.07819558
195,1.93060090945158,12,0.07819703
195,1.93060090945158,13,0.07848317
195,1.93060090945158,14,0.07845619
195,1.93060090945158,15,0.07841007
196,1.94097720267342,0,0.07836458
196,1.94097720267342,1,0.07853637
196,1.94097720267342,2,0.07834479
196,1.94097720267342,3,0.07845943
196,1.94097720267342,4,0.0785468
196,1.94097720267342,5,0.07835794
196,1.94097720267342,6,0.07812928
196,1.94097720267342,7,0.07825691
196,1.94097720267342,8,0.07814802
196,1.94097720267342,9,0.07850258
196,1.94097720267342,10,0.07850687
196,1.94097720267342,11,0.07830815
196,1.94097720267342,12,0.07839168
196,1.94097720267342,13,0.07831607
196,1.94097720267342,14,0.07853498
196,1.94097720267342,15,0.07833859
197,1.95074312570574,0,0.07845066
197,1.95074312570574,1,0.07841136
197,1.95074312570574,2,0.07842284
197,1.95074312570574,3,0.07871071
197,1.95074312570574,4,0.07849032
197,1.95074312570574,5,0.07849103
197,1.95074312570574,6,0.0784108
197,1.95074312570574,7,0.07849555
197,1.95074312570574,8,0.07850766
197,1.95074312570574,9,0.07857729
197,1.95074312570574,10,0.07844899
197,1.95074312570574,11,0.07850631
197,1.95074312570574,12,0.07843645
197,1.95074312570574,13,0.07854306
197,1.95074312570574,14,0.07838214
197,1.95074312570574,15,0.07863768
198,1.95989867854854,0,0.07832733
198,1.95989867854854,1,0.0782791
198,1.95989867854854,2,0.07818487
198,1.95989867854854,3,0.07819006
198,1.95989867854854,4,0.07812544
198,1.95989867854854,5,0.07818359
198,1.95989867854854,6,0.07785189
198,1.95989867854854,7,0.07808958
198,1.95989867854854,8,0.07832181
198,1.95989867854854,9,0.0783096
198,1.95989867854854,10,0.07820126
198,1.95989867854854,11,0.0780176
198,1.95989867854854,12,0.07824375
198,1.95989867854854,13,0.07809243
198,1.95989867854854,14,0.0781673
198,1.95989867854854,15,0.07811997
199,1.97027497177038,0,0.07819112
199,1.97027497177038,1,0.07840372
199,1.97027497177038,2,0.07829795
199,1.97027497177038,3,0.07829806
199,1.97027497177038,4,0.07834902
199,1.97027497177038,5,0.07819262
199,1.97027497177038,6,0.07825992
199,1.97027497177038,7,0.07846115
199,1.97027497177038,8,0.07808334
199,1.97027497177038,9,0.07839268
199,1.97027497177038,10,0.07822613
199,1.97027497177038,11,0.07825579
199,1.97027497177038,12,0.07829946
199,1.97027497177038,13,0.07824387
199,1.97027497177038,14,0.07815509
199,1.97027497177038,15,0.07809767
200,1.98065126499222,0,0.07815198
200,1.98065126499222,1,0.0782597
200,1.98065126499222,2,0.07792392
200,1.98065126499222,3,0.07802903
200,1.98065126499222,4,0.07849288
200,1.98065126499222,5,0.07808863
200,1.98065126499222,6,0.07817534
200,1.98065126499222,7,0.07814584
200,1.98065126499222,8,0.07849406
200,1.98065126499222,9,0.07860478
200,1.98065126499222,10,0.07830341
200,1.98065126499222,11,0.07821264
200,1.98065126499222,12,0.07835472
200,1.98065126499222,13,0.07819563
200,1.98065126499222,14,0.07798699
200,1.98065126499222,15,0.07822642
