position,voltage_mean,voltage_std,n_samples
0.993072298348949,0.014769316250000001,0.00015351173724975422,16
1.97759941404462,0.014579513749999998,0.000225237538553052,16
2.96212652974029,0.01464843625,0.00020836944527314333,16
3.95458845789972,0.01997331125,0.0001539252513752618,16
4.94644001586962,0.02008413625,0.0001984488408530961,16
5.93829157383953,0.019621359999999997,0.00026732757802927845,16
6.93075350199896,0.019341676875,0.00018425595711939503,16
7.92382580034791,0.018843790625000002,0.0002796198864858495,16
