position,voltage_mean,voltage_std,n_samples
0.0,0.7713712193548389,0.0002257886442748051,31
0.999328592791528,0.7716779129032255,0.00023015095851305125,31
1.97805719168676,0.7720321322580646,0.0001965005481189033,31
2.97761467329936,0.7727651516129035,0.00017008032233562076,31
3.97350993377484,0.7727165225806453,0.00019787993216754057,31
4.97283852656636,0.7732015612903224,0.00017269887587175438,31
