pos_index,position,sample_index,voltage
0,0.988799707022309,0,0.07118822
0,0.988799707022309,1,0.07132537
0,0.988799707022309,2,0.07105955
0,0.988799707022309,3,0.07117416
0,0.988799707022309,4,0.07108065
0,0.988799707022309,5,0.07115499
0,0.988799707022309,6,0.07087267
0,0.988799707022309,7,0.07135183
0,0.988799707022309,8,0.07132866
0,0.988799707022309,9,0.07123253
0,0.988799707022309,10,0.07119855
0,0.988799707022309,11,0.070966
1,0.986968596453749,0,0.07117381
1,0.986968596453749,1,0.07115068
1,0.986968596453749,2,0.07096533
1,0.986968596453749,3,0.07107415
1,0.986968596453749,4,0.0709594
1,0.986968596453749,5,0.07100829
1,0.986968596453749,6,0.07094214
1,0.986968596453749,7,0.07128441
1,0.986968596453749,8,0.07089239
1,0.986968596453749,9,0.07088114
1,0.986968596453749,10,0.07124181
1,0.986968596453749,11,0.0710363
1,0.986968596453749,12,0.07143702
1,0.986968596453749,13,0.07110803
1,0.986968596453749,14,0.07100236
1,0.986968596453749,15,0.07075118
2,0.997955259865108,0,0.07110839
2,0.997955259865108,1,0.07127658
2,0.997955259865108,2,0.07130831
2,0.997955259865108,3,0.07122246
2,0.997955259865108,4,0.07116413
2,0.997955259865108,5,0.07117563
2,0.997955259865108,6,0.0711128
2,0.997955259865108,7,0.07124466
2,0.997955259865108,8,0.07118712
2,0.997955259865108,9,0.0711312
2,0.997955259865108,10,0.07103442
2,0.997955259865108,11,0.07098147
2,0.997955259865108,12,0.07113683
2,0.997955259865108,13,0.07114661
2,0.997955259865108,14,0.07133997
2,0.997955259865108,15,0.0710844
3,1.00772118289743,0,0.07091136
3,1.00772118289743,1,0.07103597
3,1.00772118289743,2,0.07135554
3,1.00772118289743,3,0.0711434
3,1.00772118289743,4,0.07111445
3,1.00772118289743,5,0.07123967
3,1.00772118289743,6,0.07098839
3,1.00772118289743,7,0.07129405
3,1.00772118289743,8,0.07094408
3,1.00772118289743,9,0.07109278
3,1.00772118289743,10,0.07119069
3,1.00772118289743,11,0.07114692
3,1.00772118289743,12,0.07145832
3,1.00772118289743,13,0.071225
3,1.00772118289743,14,0.07110797
3,1.00772118289743,15,0.07099623
4,1.01809747611927,0,0.07148553
4,1.01809747611927,1,0.07153152
4,1.01809747611927,2,0.0717532
4,1.01809747611927,3,0.07145987
4,1.01809747611927,4,0.07141834
4,1.01809747611927,5,0.07149646
4,1.01809747611927,6,0.07180203
4,1.01809747611927,7,0.07163114
4,1.01809747611927,8,0.07145182
4,1.01809747611927,9,0.07129812
4,1.01809747611927,10,0.07156645
4,1.01809747611927,11,0.07103913
4,1.01809747611927,12,0.07108928
4,1.01809747611927,13,0.07170746
4,1.01809747611927,14,0.0711083
4,1.01809747611927,15,0.07110926
5,1.02847376934111,0,0.07101394
5,1.02847376934111,1,0.07105536
5,1.02847376934111,2,0.07087813
5,1.02847376934111,3,0.07123645
5,1.02847376934111,4,0.07138885
5,1.02847376934111,5,0.07108505
5,1.02847376934111,6,0.07130163
5,1.02847376934111,7,0.07126825
5,1.02847376934111,8,0.07161931
5,1.02847376934111,9,0.07147142
5,1.02847376934111,10,0.07136438
5,1.02847376934111,11,0.07120151
5,1.02847376934111,12,0.07117256
5,1.02847376934111,13,0.07128396
5,1.02847376934111,14,0.07133538
5,1.02847376934111,15,0.07097719
6,1.0376293221839,0,0.07155374
6,1.0376293221839,1,0.07134205
6,1.0376293221839,2,0.07125108
6,1.0376293221839,3,0.07111554
6,1.0376293221839,4,0.07104784
6,1.0376293221839,5,0.070982
6,1.0376293221839,6,0.0711768
6,1.0376293221839,7,0.07135109
6,1.0376293221839,8,0.07142241
6,1.0376293221839,9,0.07131547
6,1.0376293221839,10,0.07115352
6,1.0376293221839,11,0.07111943
6,1.0376293221839,12,0.0709077
6,1.0376293221839,13,0.07114285
6,1.0376293221839,14,0.07096855
6,1.0376293221839,15,0.07122201
7,1.04861598559526,0,0.07114986
7,1.04861598559526,1,0.07124756
7,1.04861598559526,2,0.07107589
7,1.04861598559526,3,0.07116964
7,1.04861598559526,4,0.0712681
7,1.04861598559526,5,0.07136311
7,1.04861598559526,6,0.07108513
7,1.04861598559526,7,0.07116403
7,1.04861598559526,8,0.07122212
7,1.04861598559526,9,0.07095551
7,1.04861598559526,10,0.07087512
7,1.04861598559526,11,0.0713417
7,1.04861598559526,12,0.07117561
7,1.04861598559526,13,0.07144281
7,1.04861598559526,14,0.07161637
7,1.04861598559526,15,0.07142372
8,1.05716116824854,0,0.07112494
8,1.05716116824854,1,0.07162926
8,1.05716116824854,2,0.07119423
8,1.05716116824854,3,0.07134965
8,1.05716116824854,4,0.07139655
8,1.05716116824854,5,0.07095577
8,1.05716116824854,6,0.07108203
8,1.05716116824854,7,0.07120537
8,1.05716116824854,8,0.07134152
8,1.05716116824854,9,0.07113527
8,1.05716116824854,10,0.07142936
8,1.05716116824854,11,0.07150779
8,1.05716116824854,12,0.0710066
8,1.05716116824854,13,0.07105996
8,1.05716116824854,14,0.07128808
8,1.05716116824854,15,0.07118032
9,1.0681478316599,0,0.07080872
9,1.0681478316599,1,0.07106491
9,1.0681478316599,2,0.0710913
9,1.0681478316599,3,0.07110091
9,1.0681478316599,4,0.07135743
9,1.0681478316599,5,0.07139036
9,1.0681478316599,6,0.07153572
9,1.0681478316599,7,0.07148804
9,1.0681478316599,8,0.07134998
9,1.0681478316599,9,0.07107095
9,1.0681478316599,10,0.07136314
9,1.0681478316599,11,0.0714335
9,1.0681478316599,12,0.07135025
9,1.0681478316599,13,0.07143407
9,1.0681478316599,14,0.07144849
9,1.0681478316599,15,0.07133541
10,1.0773033845027,0,0.07161979
10,1.0773033845027,1,0.07131441
10,1.0773033845027,2,0.07131383
10,1.0773033845027,3,0.07134193
10,1.0773033845027,4,0.07144745
10,1.0773033845027,5,0.0716131
10,1.0773033845027,6,0.07154351
10,1.0773033845027,7,0.07143388
10,1.0773033845027,8,0.07162435
10,1.0773033845027,9,0.07139009
10,1.0773033845027,10,0.07143015
10,1.0773033845027,11,0.07109139
10,1.0773033845027,12,0.07150961
10,1.0773033845027,13,0.0714979
10,1.0773033845027,14,0.07133811
10,1.0773033845027,15,0.07125516
11,1.08829004791406,0,0.07127813
11,1.08829004791406,1,0.071297
11,1.08829004791406,2,0.07119375
11,1.08829004791406,3,0.0710993
11,1.08829004791406,4,0.07116478
11,1.08829004791406,5,0.07113598
11,1.08829004791406,6,0.07128637
11,1.08829004791406,7,0.07105403
11,1.08829004791406,8,0.07104742
11,1.08829004791406,9,0.07109464
11,1.08829004791406,10,0.07071008
11,1.08829004791406,11,0.07121205
11,1.08829004791406,12,0.07117102
11,1.08829004791406,13,0.0712134
11,1.08829004791406,14,0.07107015
11,1.08829004791406,15,0.07092192
12,1.09805597094638,0,0.07119249
12,1.09805597094638,1,0.07103994
12,1.09805597094638,2,0.07108003
12,1.09805597094638,3,0.07104541
12,1.09805597094638,4,0.07148826
12,1.09805597094638,5,0.07118613
12,1.09805597094638,6,0.07119756
12,1.09805597094638,7,0.07094558
12,1.09805597094638,8,0.07100124
12,1.09805597094638,9,0.07126535
12,1.09805597094638,10,0.07121994
12,1.09805597094638,11,0.07153563
12,1.09805597094638,12,0.07118344
12,1.09805597094638,13,0.07113352
12,1.09805597094638,14,0.07133254
12,1.09805597094638,15,0.07156622
13,1.1078218939787,0,0.07135692
13,1.1078218939787,1,0.07154245
13,1.1078218939787,2,0.07113042
13,1.1078218939787,3,0.07137074
13,1.1078218939787,4,0.07140897
13,1.1078218939787,5,0.07157146
13,1.1078218939787,6,0.07174776
13,1.1078218939787,7,0.0718926
13,1.1078218939787,8,0.07167649
13,1.1078218939787,9,0.07168695
13,1.1078218939787,10,0.07182322
13,1.1078218939787,11,0.07185537
13,1.1078218939787,12,0.07159919
13,1.1078218939787,13,0.07179944
13,1.1078218939787,14,0.07181126
13,1.1078218939787,15,0.07185246
14,1.11758781701102,0,0.07121954
14,1.11758781701102,1,0.07130794
14,1.11758781701102,2,0.07160468
14,1.11758781701102,3,0.07163271
14,1.11758781701102,4,0.07173175
14,1.11758781701102,5,0.07136155
14,1.11758781701102,6,0.07182537
14,1.11758781701102,7,0.07165877
14,1.11758781701102,8,0.07138621
14,1.11758781701102,9,0.07165083
14,1.11758781701102,10,0.07151292
14,1.11758781701102,11,0.07132235
14,1.11758781701102,12,0.07155094
14,1.11758781701102,13,0.0713741
14,1.11758781701102,14,0.07126123
14,1.11758781701102,15,0.07150736
15,1.12796411023286,0,0.0718909
15,1.12796411023286,1,0.07164131
15,1.12796411023286,2,0.07127736
15,1.12796411023286,3,0.07144524
15,1.12796411023286,4,0.07146098
15,1.12796411023286,5,0.07165459
15,1.12796411023286,6,0.07144577
15,1.12796411023286,7,0.07162087
15,1.12796411023286,8,0.07149297
15,1.12796411023286,9,0.07154035
15,1.12796411023286,10,0.07157112
15,1.12796411023286,11,0.0712622
15,1.12796411023286,12,0.07136806
15,1.12796411023286,13,0.07152745
15,1.12796411023286,14,0.07145589
15,1.12796411023286,15,0.0715642
16,1.13773003326518,0,0.07156634
16,1.13773003326518,1,0.07148212
16,1.13773003326518,2,0.07146579
16,1.13773003326518,3,0.0716254
16,1.13773003326518,4,0.07137245
16,1.13773003326518,5,0.07154704
16,1.13773003326518,6,0.07152167
16,1.13773003326518,7,0.07138983
16,1.13773003326518,8,0.07107376
16,1.13773003326518,9,0.07163973
16,1.13773003326518,10,0.07153094
16,1.13773003326518,11,0.07163774
16,1.13773003326518,12,0.07129122
16,1.13773003326518,13,0.07098488
16,1.13773003326518,14,0.07110583
16,1.13773003326518,15,0.07108203
17,1.14871669667653,0,0.07143275
17,1.14871669667653,1,0.07120137
17,1.14871669667653,2,0.0711835
17,1.14871669667653,3,0.07119413
17,1.14871669667653,4,0.07127477
17,1.14871669667653,5,0.07092009
17,1.14871669667653,6,0.07088959
17,1.14871669667653,7,0.07103492
17,1.14871669667653,8,0.07131835
17,1.14871669667653,9,0.07130529
17,1.14871669667653,10,0.0712622
17,1.14871669667653,11,0.07124694
17,1.14871669667653,12,0.07123003
17,1.14871669667653,13,0.07135912
17,1.14871669667653,14,0.07136109
17,1.14871669667653,15,0.07120107
18,1.15848261970885,0,0.07093253
18,1.15848261970885,1,0.07122189
18,1.15848261970885,2,0.07106543
18,1.15848261970885,3,0.07124706
18,1.15848261970885,4,0.07110865
18,1.15848261970885,5,0.07121279
18,1.15848261970885,6,0.07127483
18,1.15848261970885,7,0.07157166
18,1.15848261970885,8,0.07147234
18,1.15848261970885,9,0.0715256
18,1.15848261970885,10,0.07136321
18,1.15848261970885,11,0.07177801
18,1.15848261970885,12,0.07132802
18,1.15848261970885,13,0.0711771
18,1.15848261970885,14,0.07143202
18,1.15848261970885,15,0.07112831
19,1.16824854274117,0,0.0715735
19,1.16824854274117,1,0.07132403
19,1.16824854274117,2,0.071487
19,1.16824854274117,3,0.07139858
19,1.16824854274117,4,0.07110172
19,1.16824854274117,5,0.07126512
19,1.16824854274117,6,0.07118826
19,1.16824854274117,7,0.07127317
19,1.16824854274117,8,0.07126337
19,1.16824854274117,9,0.07111837
19,1.16824854274117,10,0.07127599
19,1.16824854274117,11,0.07132311
19,1.16824854274117,12,0.07127362
19,1.16824854274117,13,0.07137356
19,1.16824854274117,14,0.07125944
19,1.16824854274117,15,0.0718041
20,1.17923520615253,0,0.07136341
20,1.17923520615253,1,0.07138686
20,1.17923520615253,2,0.07128573
20,1.17923520615253,3,0.07142504
20,1.17923520615253,4,0.07135939
20,1.17923520615253,5,0.07121393
20,1.17923520615253,6,0.07135823
20,1.17923520615253,7,0.07127673
20,1.17923520615253,8,0.07139965
20,1.17923520615253,9,0.07133948
20,1.17923520615253,10,0.07119849
20,1.17923520615253,11,0.07129776
20,1.17923520615253,12,0.07122608
20,1.17923520615253,13,0.07125681
20,1.17923520615253,14,0.07109423
20,1.17923520615253,15,0.07131209
21,1.18839075899533,0,0.07091475
21,1.18839075899533,1,0.07107873
21,1.18839075899533,2,0.07122339
21,1.18839075899533,3,0.07141154
21,1.18839075899533,4,0.07121848
21,1.18839075899533,5,0.07132568
21,1.18839075899533,6,0.07128805
21,1.18839075899533,7,0.07111059
21,1.18839075899533,8,0.07124811
21,1.18839075899533,9,0.07113368
21,1.18839075899533,10,0.07143632
21,1.18839075899533,11,0.07128366
21,1.18839075899533,12,0.07119501
21,1.18839075899533,13,0.07133322
21,1.18839075899533,14,0.07111297
21,1.18839075899533,15,0.07112837
22,1.19876705221717,0,0.07142434
22,1.19876705221717,1,0.07149275
22,1.19876705221717,2,0.07146778
22,1.19876705221717,3,0.07145577
22,1.19876705221717,4,0.07137395
22,1.19876705221717,5,0.07142503
22,1.19876705221717,6,0.07143425
22,1.19876705221717,7,0.07125608
22,1.19876705221717,8,0.07162973
22,1.19876705221717,9,0.07128783
22,1.19876705221717,10,0.0714104
22,1.19876705221717,11,0.07139761
22,1.19876705221717,12,0.07139055
22,1.19876705221717,13,0.07127875
22,1.19876705221717,14,0.07090304
22,1.19876705221717,15,0.07114752
23,1.20853297524949,0,0.0713063
23,1.20853297524949,1,0.07123088
23,1.20853297524949,2,0.07152028
23,1.20853297524949,3,0.07125942
23,1.20853297524949,4,0.07125283
23,1.20853297524949,5,0.07116667
23,1.20853297524949,6,0.07104503
23,1.20853297524949,7,0.07112156
23,1.20853297524949,8,0.07128237
23,1.20853297524949,9,0.07147217
23,1.20853297524949,10,0.07091556
23,1.20853297524949,11,0.07116694
23,1.20853297524949,12,0.07095242
23,1.20853297524949,13,0.07115222
23,1.20853297524949,14,0.07124259
23,1.20853297524949,15,0.07138866
24,1.21829889828181,0,0.07126531
24,1.21829889828181,1,0.07127869
24,1.21829889828181,2,0.07122939
24,1.21829889828181,3,0.07117272
24,1.21829889828181,4,0.07122018
24,1.21829889828181,5,0.07123424
24,1.21829889828181,6,0.07121945
24,1.21829889828181,7,0.07133944
24,1.21829889828181,8,0.07122191
24,1.21829889828181,9,0.07146427
24,1.21829889828181,10,0.07132433
24,1.21829889828181,11,0.07110601
24,1.21829889828181,12,0.07131148
24,1.21829889828181,13,0.0710908
24,1.21829889828181,14,0.07101297
24,1.21829889828181,15,0.07111306
25,1.22867519150365,0,0.07112816
25,1.22867519150365,1,0.07102007
25,1.22867519150365,2,0.07141345
25,1.22867519150365,3,0.07142226
25,1.22867519150365,4,0.07107095
25,1.22867519150365,5,0.07136618
25,1.22867519150365,6,0.07162947
25,1.22867519150365,7,0.07151639
25,1.22867519150365,8,0.07147341
25,1.22867519150365,9,0.07146452
25,1.22867519150365,10,0.07151321
25,1.22867519150365,11,0.07150661
25,1.22867519150365,12,0.07102839
25,1.22867519150365,13,0.07141013
25,1.22867519150365,14,0.07148817
25,1.22867519150365,15,0.07164435
26,1.23905148472549,0,0.07156917
26,1.23905148472549,1,0.07145277
26,1.23905148472549,2,0.07129812
26,1.23905148472549,3,0.07080998
26,1.23905148472549,4,0.07102004
26,1.23905148472549,5,0.07117789
26,1.23905148472549,6,0.07105525
26,1.23905148472549,7,0.07087627
26,1.23905148472549,8,0.07090399
26,1.23905148472549,9,0.07107024
26,1.23905148472549,10,0.0711642
26,1.23905148472549,11,0.07097308
26,1.23905148472549,12,0.07098105
26,1.23905148472549,13,0.07137355
26,1.23905148472549,14,0.0709942
26,1.23905148472549,15,0.07144366
27,1.24881740775781,0,0.07152756
27,1.24881740775781,1,0.07156157
27,1.24881740775781,2,0.07116756
27,1.24881740775781,3,0.07124799
27,1.24881740775781,4,0.07133718
27,1.24881740775781,5,0.07142398
27,1.24881740775781,6,0.07146062
27,1.24881740775781,7,0.07154955
27,1.24881740775781,8,0.07136425
27,1.24881740775781,9,0.07125091
27,1.24881740775781,10,0.07124539
27,1.24881740775781,11,0.07137851
27,1.24881740775781,12,0.07153942
27,1.24881740775781,13,0.071279
27,1.24881740775781,14,0.07138679
27,1.24881740775781,15,0.07149835
28,1.25919370097964,0,0.07130677
28,1.25919370097964,1,0.07145135
28,1.25919370097964,2,0.07131429
28,1.25919370097964,3,0.07127414
28,1.25919370097964,4,0.07152692
28,1.25919370097964,5,0.07135927
28,1.25919370097964,6,0.07161799
28,1.25919370097964,7,0.07165634
28,1.25919370097964,8,0.07160682
28,1.25919370097964,9,0.07131203
28,1.25919370097964,10,0.07153732
28,1.25919370097964,11,0.07159686
28,1.25919370097964,12,0.07141195
28,1.25919370097964,13,0.07153843
28,1.25919370097964,14,0.07161899
28,1.25919370097964,15,0.07173747
29,1.26895962401196,0,0.0712611
29,1.26895962401196,1,0.07119678
29,1.26895962401196,2,0.07126846
29,1.26895962401196,3,0.07131863
29,1.26895962401196,4,0.07154761
29,1.26895962401196,5,0.07115321
29,1.26895962401196,6,0.07149806
29,1.26895962401196,7,0.07137265
29,1.26895962401196,8,0.07142663
29,1.26895962401196,9,0.07122681
29,1.26895962401196,10,0.0711453
29,1.26895962401196,11,0.0712551
29,1.26895962401196,12,0.07112931
29,1.26895962401196,13,0.0711845
29,1.26895962401196,14,0.07126899
29,1.26895962401196,15,0.07112914
30,1.2793359172338,0,0.07129727
30,1.2793359172338,1,0.07122081
30,1.2793359172338,2,0.0713673
30,1.2793359172338,3,0.07140703
30,1.2793359172338,4,0.07135064
30,1.2793359172338,5,0.07139393
30,1.2793359172338,6,0.07121717
30,1.2793359172338,7,0.07131422
30,1.2793359172338,8,0.07125279
30,1.2793359172338,9,0.07112366
30,1.2793359172338,10,0.07147584
30,1.2793359172338,11,0.07143311
30,1.2793359172338,12,0.0714571
30,1.2793359172338,13,0.07150498
30,1.2793359172338,14,0.0714578
30,1.2793359172338,15,0.07142959
31,1.28910184026612,0,0.07121652
31,1.28910184026612,1,0.07112607
31,1.28910184026612,2,0.07154325
31,1.28910184026612,3,0.07121728
31,1.28910184026612,4,0.0711451
31,1.28910184026612,5,0.07121137
31,1.28910184026612,6,0.07111248
31,1.28910184026612,7,0.07146781
31,1.28910184026612,8,0.07147339
31,1.28910184026612,9,0.07153693
31,1.28910184026612,10,0.07155427
31,1.28910184026612,11,0.07129531
31,1.28910184026612,12,0.07145596
31,1.28910184026612,13,0.07147091
31,1.28910184026612,14,0.07128392
31,1.28910184026612,15,0.0713427
32,1.29947813348796,0,0.07140236
32,1.29947813348796,1,0.07144454
32,1.29947813348796,2,0.07127845
32,1.29947813348796,3,0.07114983
32,1.29947813348796,4,0.0713407
32,1.29947813348796,5,0.07131722
32,1.29947813348796,6,0.07122319
32,1.29947813348796,7,0.07137624
32,1.29947813348796,8,0.07153421
32,1.29947813348796,9,0.07123774
32,1.29947813348796,10,0.07141959
32,1.29947813348796,11,0.07145989
32,1.29947813348796,12,0.07154892
32,1.29947813348796,13,0.07138662
32,1.29947813348796,14,0.07152391
32,1.29947813348796,15,0.0714654
33,1.30924405652028,0,0.07121153
33,1.30924405652028,1,0.07150376
33,1.30924405652028,2,0.07146543
33,1.30924405652028,3,0.071089
33,1.30924405652028,4,0.07099003
33,1.30924405652028,5,0.07112698
33,1.30924405652028,6,0.07150515
33,1.30924405652028,7,0.07095318
33,1.30924405652028,8,0.07117953
33,1.30924405652028,9,0.07101616
33,1.30924405652028,10,0.07133561
33,1.30924405652028,11,0.0713646
33,1.30924405652028,12,0.07124992
33,1.30924405652028,13,0.0711428
33,1.30924405652028,14,0.07116408
33,1.30924405652028,15,0.07130092
34,1.31962034974212,0,0.07146371
34,1.31962034974212,1,0.0712228
34,1.31962034974212,2,0.07121149
34,1.31962034974212,3,0.07143432
34,1.31962034974212,4,0.07117521
34,1.31962034974212,5,0.07116701
34,1.31962034974212,6,0.071478
34,1.31962034974212,7,0.07160048
34,1.31962034974212,8,0.07117348
34,1.31962034974212,9,0.07140242
34,1.31962034974212,10,0.07136022
34,1.31962034974212,11,0.07147586
34,1.31962034974212,12,0.07161339
34,1.31962034974212,13,0.07153764
34,1.31962034974212,14,0.0717077
34,1.31962034974212,15,0.07148078
35,1.32877590258492,0,0.07155679
35,1.32877590258492,1,0.07141727
35,1.32877590258492,2,0.07137283
35,1.32877590258492,3,0.07101433
35,1.32877590258492,4,0.07131743
35,1.32877590258492,5,0.07146397
35,1.32877590258492,6,0.0711996
35,1.32877590258492,7,0.0712332
35,1.32877590258492,8,0.07127924
35,1.32877590258492,9,0.07113563
35,1.32877590258492,10,0.07106524
35,1.32877590258492,11,0.0711029
35,1.32877590258492,12,0.07127047
35,1.32877590258492,13,0.07123848
35,1.32877590258492,14,0.07132098
35,1.32877590258492,15,0.0712725
36,1.33854182561724,0,0.07124291
36,1.33854182561724,1,0.07130536
36,1.33854182561724,2,0.07135076
36,1.33854182561724,3,0.07133909
36,1.33854182561724,4,0.07155249
36,1.33854182561724,5,0.07130603
36,1.33854182561724,6,0.07131727
36,1.33854182561724,7,0.07120302
36,1.33854182561724,8,0.07145812
36,1.33854182561724,9,0.07104851
36,1.33854182561724,10,0.07130237
36,1.33854182561724,11,0.07123822
36,1.33854182561724,12,0.07100223
36,1.33854182561724,13,0.07121321
36,1.33854182561724,14,0.07092229
36,1.33854182561724,15,0.07103311
37,1.3495284890286,0,0.0712933
37,1.3495284890286,1,0.07115088
37,1.3495284890286,2,0.0713855
37,1.3495284890286,3,0.07098392
37,1.3495284890286,4,0.07112715
37,1.3495284890286,5,0.07132863
37,1.3495284890286,6,0.07106577
37,1.3495284890286,7,0.07137497
37,1.3495284890286,8,0.0710557
37,1.3495284890286,9,0.07093808
37,1.3495284890286,10,0.07136347
37,1.3495284890286,11,0.071286
37,1.3495284890286,12,0.07124958
37,1.3495284890286,13,0.07138152
37,1.3495284890286,14,0.07139322
37,1.3495284890286,15,0.07159391
38,1.35990478225043,0,0.07168709
38,1.35990478225043,1,0.07186942
38,1.35990478225043,2,0.07149965
38,1.35990478225043,3,0.0716114
38,1.35990478225043,4,0.07153021
38,1.35990478225043,5,0.07132936
38,1.35990478225043,6,0.07157831
38,1.35990478225043,7,0.07166079
38,1.35990478225043,8,0.07140514
38,1.35990478225043,9,0.07187127
38,1.35990478225043,10,0.07147839
38,1.35990478225043,11,0.07160804
38,1.35990478225043,12,0.07152872
38,1.35990478225043,13,0.07162843
38,1.35990478225043,14,0.07164077
38,1.35990478225043,15,0.07180907
39,1.36967070528275,0,0.07154808
39,1.36967070528275,1,0.0717548
39,1.36967070528275,2,0.07162352
39,1.36967070528275,3,0.07143971
39,1.36967070528275,4,0.0713806
39,1.36967070528275,5,0.07151172
39,1.36967070528275,6,0.07137039
39,1.36967070528275,7,0.07139895
39,1.36967070528275,8,0.07163585
39,1.36967070528275,9,0.07157267
39,1.36967070528275,10,0.07166868
39,1.36967070528275,11,0.07187143
39,1.36967070528275,12,0.07169145
39,1.36967070528275,13,0.07164705
39,1.36967070528275,14,0.07180498
39,1.36967070528275,15,0.07177075
40,1.37943662831507,0,0.07132877
40,1.37943662831507,1,0.0712882
40,1.37943662831507,2,0.07173237
40,1.37943662831507,3,0.07127911
40,1.37943662831507,4,0.07153451
40,1.37943662831507,5,0.07155313
40,1.37943662831507,6,0.07172065
40,1.37943662831507,7,0.07138036
40,1.37943662831507,8,0.07132187
40,1.37943662831507,9,0.07124214
40,1.37943662831507,10,0.07141886
40,1.37943662831507,11,0.07135333
40,1.37943662831507,12,0.07159732
40,1.37943662831507,13,0.07150809
40,1.37943662831507,14,0.07137359
40,1.37943662831507,15,0.07163027
41,1.38981292153691,0,0.07172784
41,1.38981292153691,1,0.07154759
41,1.38981292153691,2,0.07135665
41,1.38981292153691,3,0.07149277
41,1.38981292153691,4,0.07135794
41,1.38981292153691,5,0.07144544
41,1.38981292153691,6,0.07119002
41,1.38981292153691,7,0.07145669
41,1.38981292153691,8,0.07159989
41,1.38981292153691,9,0.07154472
41,1.38981292153691,10,0.07163812
41,1.38981292153691,11,0.0717216
41,1.38981292153691,12,0.07161704
41,1.38981292153691,13,0.07164981
41,1.38981292153691,14,0.07162191
41,1.38981292153691,15,0.07146218
42,1.39896847437971,0,0.07143643
42,1.39896847437971,1,0.07144789
42,1.39896847437971,2,0.07160769
42,1.39896847437971,3,0.07131433
42,1.39896847437971,4,0.07119305
42,1.39896847437971,5,0.07140572
42,1.39896847437971,6,0.07136044
42,1.39896847437971,7,0.07113597
42,1.39896847437971,8,0.07120661
42,1.39896847437971,9,0.07126892
42,1.39896847437971,10,0.07140952
42,1.39896847437971,11,0.07166607
42,1.39896847437971,12,0.07161591
42,1.39896847437971,13,0.07155436
42,1.39896847437971,14,0.07160298
42,1.39896847437971,15,0.07158761
43,1.40934476760155,0,0.07154137
43,1.40934476760155,1,0.07169166
43,1.40934476760155,2,0.07182279
43,1.40934476760155,3,0.07141783
43,1.40934476760155,4,0.07167414
43,1.40934476760155,5,0.07140461
43,1.40934476760155,6,0.07147264
43,1.40934476760155,7,0.07155319
43,1.40934476760155,8,0.07142708
43,1.40934476760155,9,0.07159303
43,1.40934476760155,10,0.07152294
43,1.40934476760155,11,0.07115036
43,1.40934476760155,12,0.07152271
43,1.40934476760155,13,0.07152924
43,1.40934476760155,14,0.07127838
43,1.40934476760155,15,0.07162409
44,1.41911069063387,0,0.07166794
44,1.41911069063387,1,0.07146686
44,1.41911069063387,2,0.07151563
44,1.41911069063387,3,0.07158394
44,1.41911069063387,4,0.07155947
44,1.41911069063387,5,0.07166213
44,1.41911069063387,6,0.07160834
44,1.41911069063387,7,0.07142849
44,1.41911069063387,8,0.0714458
44,1.41911069063387,9,0.0715431
44,1.41911069063387,10,0.07143667
44,1.41911069063387,11,0.07155076
44,1.41911069063387,12,0.0713963
44,1.41911069063387,13,0.07138878
44,1.41911069063387,14,0.07120774
44,1.41911069063387,15,0.07138155
45,1.42887661366619,0,0.07151684
45,1.42887661366619,1,0.07135615
45,1.42887661366619,2,0.07133804
45,1.42887661366619,3,0.07140664
45,1.42887661366619,4,0.07144412
45,1.42887661366619,5,0.0714072
45,1.42887661366619,6,0.07105347
45,1.42887661366619,7,0.07144048
45,1.42887661366619,8,0.07127804
45,1.42887661366619,9,0.07118353
45,1.42887661366619,10,0.07126784
45,1.42887661366619,11,0.07159497
45,1.42887661366619,12,0.0714712
45,1.42887661366619,13,0.07145417
45,1.42887661366619,14,0.07137856
45,1.42887661366619,15,0.07145069
46,1.43925290688803,0,0.07180073
46,1.43925290688803,1,0.07190473
46,1.43925290688803,2,0.07185544
46,1.43925290688803,3,0.07173085
46,1.43925290688803,4,0.07173621
46,1.43925290688803,5,0.07208417
46,1.43925290688803,6,0.07164329
46,1.43925290688803,7,0.07200604
46,1.43925290688803,8,0.07170784
46,1.43925290688803,9,0.07174341
46,1.43925290688803,10,0.07176563
46,1.43925290688803,11,0.07176509
46,1.43925290688803,12,0.07186811
46,1.43925290688803,13,0.07191379
46,1.43925290688803,14,0.07167903
46,1.43925290688803,15,0.07161286
47,1.44901882992035,0,0.07156643
47,1.44901882992035,1,0.07166414
47,1.44901882992035,2,0.07170229
47,1.44901882992035,3,0.07153419
47,1.44901882992035,4,0.07143302
47,1.44901882992035,5,0.07148676
47,1.44901882992035,6,0.0715692
47,1.44901882992035,7,0.07182325
47,1.44901882992035,8,0.07182286
47,1.44901882992035,9,0.07140443
47,1.44901882992035,10,0.07123922
47,1.44901882992035,11,0.07159637
47,1.44901882992035,12,0.07150654
47,1.44901882992035,13,0.07159249
47,1.44901882992035,14,0.07156961
47,1.44901882992035,15,0.07156022
48,1.45817438276315,0,0.07149505
48,1.45817438276315,1,0.0718828
48,1.45817438276315,2,0.07168528
48,1.45817438276315,3,0.07150714
48,1.45817438276315,4,0.07164168
48,1.45817438276315,5,0.07184944
48,1.45817438276315,6,0.07197864
48,1.45817438276315,7,0.07195107
48,1.45817438276315,8,0.07170264
48,1.45817438276315,9,0.07183326
48,1.45817438276315,10,0.07152078
48,1.45817438276315,11,0.07162076
48,1.45817438276315,12,0.07154504
48,1.45817438276315,13,0.07163788
48,1.45817438276315,14,0.07166269
48,1.45817438276315,15,0.07151548
49,1.46855067598498,0,0.07176162
49,1.46855067598498,1,0.0719208
49,1.46855067598498,2,0.07180414
49,1.46855067598498,3,0.07164077
49,1.46855067598498,4,0.07178375
49,1.46855067598498,5,0.07170006
49,1.46855067598498,6,0.07141098
49,1.46855067598498,7,0.07140937
49,1.46855067598498,8,0.07159432
49,1.46855067598498,9,0.07154231
49,1.46855067598498,10,0.07147885
49,1.46855067598498,11,0.07135187
49,1.46855067598498,12,0.07156485
49,1.46855067598498,13,0.07153665
49,1.46855067598498,14,0.07132062
49,1.46855067598498,15,0.07144681
50,1.47892696920682,0,0.0717082
50,1.47892696920682,1,0.07156057
50,1.47892696920682,2,0.07180114
50,1.47892696920682,3,0.07174741
50,1.47892696920682,4,0.071753
50,1.47892696920682,5,0.07190076
50,1.47892696920682,6,0.07171892
50,1.47892696920682,7,0.07142874
50,1.47892696920682,8,0.07181595
50,1.47892696920682,9,0.07181206
50,1.47892696920682,10,0.07180215
50,1.47892696920682,11,0.07159315
50,1.47892696920682,12,0.07159425
50,1.47892696920682,13,0.07157853
50,1.47892696920682,14,0.07176176
50,1.47892696920682,15,0.07163837
51,1.48869289223914,0,0.07162512
51,1.48869289223914,1,0.07150459
51,1.48869289223914,2,0.07173154
51,1.48869289223914,3,0.07178696
51,1.48869289223914,4,0.07171956
51,1.48869289223914,5,0.07179297
51,1.48869289223914,6,0.07147009
51,1.48869289223914,7,0.07172316
51,1.48869289223914,8,0.07162631
51,1.48869289223914,9,0.07156225
51,1.48869289223914,10,0.07161211
51,1.48869289223914,11,0.07175801
51,1.48869289223914,12,0.07166066
51,1.48869289223914,13,0.07155831
51,1.48869289223914,14,0.07153697
51,1.48869289223914,15,0.07147402
52,1.49906918546098,0,0.07201214
52,1.49906918546098,1,0.07178034
52,1.49906918546098,2,0.07141872
52,1.49906918546098,3,0.07141057
52,1.49906918546098,4,0.07143495
52,1.49906918546098,5,0.07152154
52,1.49906918546098,6,0.071689
52,1.49906918546098,7,0.0714943
52,1.49906918546098,8,0.07170316
52,1.49906918546098,9,0.07167553
52,1.49906918546098,10,0.0716894
52,1.49906918546098,11,0.07158711
52,1.49906918546098,12,0.07168915
52,1.49906918546098,13,0.0717803
52,1.49906918546098,14,0.07182656
52,1.49906918546098,15,0.07150009
53,1.5088351084933,0,0.07179485
53,1.5088351084933,1,0.0716869
53,1.5088351084933,2,0.07169418
53,1.5088351084933,3,0.07175456
53,1.5088351084933,4,0.07170868
53,1.5088351084933,5,0.07126542
53,1.5088351084933,6,0.07186157
53,1.5088351084933,7,0.07164372
53,1.5088351084933,8,0.07153282
53,1.5088351084933,9,0.07152822
53,1.5088351084933,10,0.07174227
53,1.5088351084933,11,0.07153179
53,1.5088351084933,12,0.07125533
53,1.5088351084933,13,0.07120483
53,1.5088351084933,14,0.07144968
53,1.5088351084933,15,0.07148673
54,1.51982177190466,0,0.07127612
54,1.51982177190466,1,0.07126333
54,1.51982177190466,2,0.07109958
54,1.51982177190466,3,0.07106531
54,1.51982177190466,4,0.07127479
54,1.51982177190466,5,0.07130498
54,1.51982177190466,6,0.07128127
54,1.51982177190466,7,0.07145067
54,1.51982177190466,8,0.07131859
54,1.51982177190466,9,0.07115138
54,1.51982177190466,10,0.07100363
54,1.51982177190466,11,0.07123709
54,1.51982177190466,12,0.07136174
54,1.51982177190466,13,0.071257
54,1.51982177190466,14,0.07097684
54,1.51982177190466,15,0.07093771
55,1.52836695455794,0,0.07136245
55,1.52836695455794,1,0.07176805
55,1.52836695455794,2,0.07134143
55,1.52836695455794,3,0.07133729
55,1.52836695455794,4,0.07131492
55,1.52836695455794,5,0.07116916
55,1.52836695455794,6,0.07144225
55,1.52836695455794,7,0.07117727
55,1.52836695455794,8,0.07127073
55,1.52836695455794,9,0.0714421
55,1.52836695455794,10,0.07156707
55,1.52836695455794,11,0.07158912
55,1.52836695455794,12,0.07121567
55,1.52836695455794,13,0.07113732
55,1.52836695455794,14,0.07097156
55,1.52836695455794,15,0.07119028
56,1.53874324777978,0,0.07152175
56,1.53874324777978,1,0.07152948
56,1.53874324777978,2,0.07141864
56,1.53874324777978,3,0.07135925
56,1.53874324777978,4,0.07150399
56,1.53874324777978,5,0.07127408
56,1.53874324777978,6,0.07141841
56,1.53874324777978,7,0.07158548
56,1.53874324777978,8,0.07156448
56,1.53874324777978,9,0.07128667
56,1.53874324777978,10,0.07122425
56,1.53874324777978,11,0.07152736
56,1.53874324777978,12,0.07144774
56,1.53874324777978,13,0.07147572
56,1.53874324777978,14,0.07129549
56,1.53874324777978,15,0.07146807
57,1.54911954100162,0,0.07092453
57,1.54911954100162,1,0.07126081
57,1.54911954100162,2,0.07127433
57,1.54911954100162,3,0.07142956
57,1.54911954100162,4,0.07145002
57,1.54911954100162,5,0.07123023
57,1.54911954100162,6,0.07167751
57,1.54911954100162,7,0.07131498
57,1.54911954100162,8,0.07123915
57,1.54911954100162,9,0.07132597
57,1.54911954100162,10,0.07168026
57,1.54911954100162,11,0.07121685
57,1.54911954100162,12,0.07133482
57,1.54911954100162,13,0.07146431
57,1.54911954100162,14,0.07149369
57,1.54911954100162,15,0.07125798
58,1.55888546403394,0,0.07142182
58,1.55888546403394,1,0.0713672
58,1.55888546403394,2,0.07135328
58,1.55888546403394,3,0.07121313
58,1.55888546403394,4,0.07161835
58,1.55888546403394,5,0.07149277
58,1.55888546403394,6,0.07145556
58,1.55888546403394,7,0.07142898
58,1.55888546403394,8,0.07153749
58,1.55888546403394,9,0.07128423
58,1.55888546403394,10,0.07126241
58,1.55888546403394,11,0.07145546
58,1.55888546403394,12,0.07145686
58,1.55888546403394,13,0.0710189
58,1.55888546403394,14,0.07094578
58,1.55888546403394,15,0.07120381
59,1.56865138706626,0,0.07142541
59,1.56865138706626,1,0.07176308
59,1.56865138706626,2,0.07171644
59,1.56865138706626,3,0.07151209
59,1.56865138706626,4,0.07169705
59,1.56865138706626,5,0.07113462
59,1.56865138706626,6,0.07153021
59,1.56865138706626,7,0.0713909
59,1.56865138706626,8,0.07108428
59,1.56865138706626,9,0.07116389
59,1.56865138706626,10,0.07158501
59,1.56865138706626,11,0.07170687
59,1.56865138706626,12,0.07116485
59,1.56865138706626,13,0.07143795
59,1.56865138706626,14,0.07128568
59,1.56865138706626,15,0.07128426
60,1.57902768028809,0,0.07122599
60,1.57902768028809,1,0.07117751
60,1.57902768028809,2,0.07126085
60,1.57902768028809,3,0.07122339
60,1.57902768028809,4,0.07138844
60,1.57902768028809,5,0.07133438
60,1.57902768028809,6,0.071631
60,1.57902768028809,7,0.07143512
60,1.57902768028809,8,0.07137859
60,1.57902768028809,9,0.07163248
60,1.57902768028809,10,0.07152022
60,1.57902768028809,11,0.07156794
60,1.57902768028809,12,0.07131523
60,1.57902768028809,13,0.07151893
60,1.57902768028809,14,0.0713635
60,1.57902768028809,15,0.07161269
61,1.58818323313089,0,0.07168848
61,1.58818323313089,1,0.0717883
61,1.58818323313089,2,0.07141535
61,1.58818323313089,3,0.07166046
61,1.58818323313089,4,0.07148623
61,1.58818323313089,5,0.07153375
61,1.58818323313089,6,0.07174414
61,1.58818323313089,7,0.07148804
61,1.58818323313089,8,0.0714163
61,1.58818323313089,9,0.07140163
61,1.58818323313089,10,0.07158042
61,1.58818323313089,11,0.07154776
61,1.58818323313089,12,0.07170039
61,1.58818323313089,13,0.07140751
61,1.58818323313089,14,0.07143191
61,1.58818323313089,15,0.07174226
62,1.59978026673177,0,0.07163139
62,1.59978026673177,1,0.07140549
62,1.59978026673177,2,0.07131495
62,1.59978026673177,3,0.07142455
62,1.59978026673177,4,0.071464
62,1.59978026673177,5,0.0711052
62,1.59978026673177,6,0.07136721
62,1.59978026673177,7,0.07159966
62,1.59978026673177,8,0.0714692
62,1.59978026673177,9,0.07144504
62,1.59978026673177,10,0.07169784
62,1.59978026673177,11,0.0716531
62,1.59978026673177,12,0.07164661
62,1.59978026673177,13,0.07176987
62,1.59978026673177,14,0.07156396
62,1.59978026673177,15,0.07143525
63,1.60893581957457,0,0.07134868
63,1.60893581957457,1,0.0712087
63,1.60893581957457,2,0.07157961
63,1.60893581957457,3,0.07126044
63,1.60893581957457,4,0.07125409
63,1.60893581957457,5,0.07143592
63,1.60893581957457,6,0.07156446
63,1.60893581957457,7,0.07128119
63,1.60893581957457,8,0.07131815
63,1.60893581957457,9,0.07147323
63,1.60893581957457,10,0.07159754
63,1.60893581957457,11,0.07142065
63,1.60893581957457,12,0.07154666
63,1.60893581957457,13,0.07137136
63,1.60893581957457,14,0.07112788
63,1.60893581957457,15,0.07141727
64,1.61931211279641,0,0.07170479
64,1.61931211279641,1,0.07145092
64,1.61931211279641,2,0.07146721
64,1.61931211279641,3,0.07150444
64,1.61931211279641,4,0.07152796
64,1.61931211279641,5,0.07145446
64,1.61931211279641,6,0.07180253
64,1.61931211279641,7,0.07151397
64,1.61931211279641,8,0.07171046
64,1.61931211279641,9,0.07138097
64,1.61931211279641,10,0.07152012
64,1.61931211279641,11,0.07153298
64,1.61931211279641,12,0.07133794
64,1.61931211279641,13,0.07139713
64,1.61931211279641,14,0.07184079
64,1.61931211279641,15,0.07153469
65,1.62907803582873,0,0.07166948
65,1.62907803582873,1,0.07136425
65,1.62907803582873,2,0.07136936
65,1.62907803582873,3,0.07150022
65,1.62907803582873,4,0.07129093
65,1.62907803582873,5,0.07155789
65,1.62907803582873,6,0.07122418
65,1.62907803582873,7,0.07139121
65,1.62907803582873,8,0.0710853
65,1.62907803582873,9,0.07127248
65,1.62907803582873,10,0.07154454
65,1.62907803582873,11,0.0715154
65,1.62907803582873,12,0.07110521
65,1.62907803582873,13,0.07138303
65,1.62907803582873,14,0.07171651
65,1.62907803582873,15,0.0716846
66,1.63884395886105,0,0.07185297
66,1.63884395886105,1,0.07205252
66,1.63884395886105,2,0.07201055
66,1.63884395886105,3,0.07172178
66,1.63884395886105,4,0.07170551
66,1.63884395886105,5,0.07148287
66,1.63884395886105,6,0.07193769
66,1.63884395886105,7,0.0715526
66,1.63884395886105,8,0.07156797
66,1.63884395886105,9,0.07182086
66,1.63884395886105,10,0.07183056
66,1.63884395886105,11,0.07180287
66,1.63884395886105,12,0.0718778
66,1.63884395886105,13,0.0715806
66,1.63884395886105,14,0.07176767
66,1.63884395886105,15,0.07176005
67,1.64922025208289,0,0.07188246
67,1.64922025208289,1,0.07192892
67,1.64922025208289,2,0.0721693
67,1.64922025208289,3,0.07212915
67,1.64922025208289,4,0.07176316
67,1.64922025208289,5,0.07193282
67,1.64922025208289,6,0.07188285
67,1.64922025208289,7,0.07169767
67,1.64922025208289,8,0.07167641
67,1.64922025208289,9,0.07170924
67,1.64922025208289,10,0.0716198
67,1.64922025208289,11,0.07155895
67,1.64922025208289,12,0.07146086
67,1.64922025208289,13,0.07156204
67,1.64922025208289,14,0.07166222
67,1.64922025208289,15,0.07155649
68,1.65898617511521,0,0.07159612
68,1.65898617511521,1,0.07142361
68,1.65898617511521,2,0.07155978
68,1.65898617511521,3,0.07170273
68,1.65898617511521,4,0.07170831
68,1.65898617511521,5,0.07165806
68,1.65898617511521,6,0.07149163
68,1.65898617511521,7,0.07152817
68,1.65898617511521,8,0.07126123
68,1.65898617511521,9,0.07128581
68,1.65898617511521,10,0.07127227
68,1.65898617511521,11,0.07147617
68,1.65898617511521,12,0.07142249
68,1.65898617511521,13,0.07154261
68,1.65898617511521,14,0.0717629
68,1.65898617511521,15,0.07159164
69,1.66936246833705,0,0.07170927
69,1.66936246833705,1,0.07169144
69,1.66936246833705,2,0.07154065
69,1.66936246833705,3,0.07170775
69,1.66936246833705,4,0.07164939
69,1.66936246833705,5,0.07170446
69,1.66936246833705,6,0.07203839
69,1.66936246833705,7,0.07199896
69,1.66936246833705,8,0.07176365
69,1.66936246833705,9,0.07183907
69,1.66936246833705,10,0.07158788
69,1.66936246833705,11,0.07171081
69,1.66936246833705,12,0.07171539
69,1.66936246833705,13,0.07177451
69,1.66936246833705,14,0.07190532
69,1.66936246833705,15,0.07213446
70,1.67912839136937,0,0.07169385
70,1.67912839136937,1,0.07169079
70,1.67912839136937,2,0.07171706
70,1.67912839136937,3,0.07179983
70,1.67912839136937,4,0.07177161
70,1.67912839136937,5,0.07164615
70,1.67912839136937,6,0.07201649
70,1.67912839136937,7,0.07199363
70,1.67912839136937,8,0.07203347
70,1.67912839136937,9,0.0720399
70,1.67912839136937,10,0.07211703
70,1.67912839136937,11,0.07234725
70,1.67912839136937,12,0.071967
70,1.67912839136937,13,0.07233371
70,1.67912839136937,14,0.07198857
70,1.67912839136937,15,0.07234664
71,1.6895046845912,0,0.07201461
71,1.6895046845912,1,0.07217758
71,1.6895046845912,2,0.07206564
71,1.6895046845912,3,0.07223683
71,1.6895046845912,4,0.07240278
71,1.6895046845912,5,0.07230426
71,1.6895046845912,6,0.07214789
71,1.6895046845912,7,0.07184294
71,1.6895046845912,8,0.07199197
71,1.6895046845912,9,0.07213718
71,1.6895046845912,10,0.07210425
71,1.6895046845912,11,0.07211165
71,1.6895046845912,12,0.07195828
71,1.6895046845912,13,0.07198862
71,1.6895046845912,14,0.07192729
71,1.6895046845912,15,0.07219565
72,1.69927060762352,0,0.07232022
72,1.69927060762352,1,0.07225975
72,1.69927060762352,2,0.07216943
72,1.69927060762352,3,0.07235358
72,1.69927060762352,4,0.07231998
72,1.69927060762352,5,0.07214868
72,1.69927060762352,6,0.07187045
72,1.69927060762352,7,0.07205048
72,1.69927060762352,8,0.07220237
72,1.69927060762352,9,0.07169778
72,1.69927060762352,10,0.07199376
72,1.69927060762352,11,0.07204358
72,1.69927060762352,12,0.07191703
72,1.69927060762352,13,0.07187613
72,1.69927060762352,14,0.07187811
72,1.69927060762352,15,0.07194021
73,1.70903653065584,0,0.07182238
73,1.70903653065584,1,0.07200576
73,1.70903653065584,2,0.07177593
73,1.70903653065584,3,0.07193805
73,1.70903653065584,4,0.07200897
73,1.70903653065584,5,0.07197248
73,1.70903653065584,6,0.07190423
73,1.70903653065584,7,0.07205319
73,1.70903653065584,8,0.07164747
73,1.70903653065584,9,0.07170129
73,1.70903653065584,10,0.0717617
73,1.70903653065584,11,0.07204174
73,1.70903653065584,12,0.0717885
73,1.70903653065584,13,0.07195941
73,1.70903653065584,14,0.07219017
73,1.70903653065584,15,0.07201623
74,1.71880245368816,0,0.07177945
74,1.71880245368816,1,0.07183447
74,1.71880245368816,2,0.07163207
74,1.71880245368816,3,0.07194977
74,1.71880245368816,4,0.07189688
74,1.71880245368816,5,0.07206535
74,1.71880245368816,6,0.07203321
74,1.71880245368816,7,0.07185951
74,1.71880245368816,8,0.07215417
74,1.71880245368816,9,0.07221855
74,1.71880245368816,10,0.07222386
74,1.71880245368816,11,0.07248732
74,1.71880245368816,12,0.0722875
74,1.71880245368816,13,0.07209922
74,1.71880245368816,14,0.07215702
74,1.71880245368816,15,0.07201875
75,1.72978911709952,0,0.07210167
75,1.72978911709952,1,0.07231838
75,1.72978911709952,2,0.07207583
75,1.72978911709952,3,0.07209904
75,1.72978911709952,4,0.07214765
75,1.72978911709952,5,0.07203463
75,1.72978911709952,6,0.07232989
75,1.72978911709952,7,0.07217995
75,1.72978911709952,8,0.072348
75,1.72978911709952,9,0.07232883
75,1.72978911709952,10,0.07202843
75,1.72978911709952,11,0.07224131
75,1.72978911709952,12,0.07207216
75,1.72978911709952,13,0.07200977
75,1.72978911709952,14,0.07217332
75,1.72978911709952,15,0.07197781
76,1.7383342997528,0,0.07212207
76,1.7383342997528,1,0.07188249
76,1.7383342997528,2,0.07177459
76,1.7383342997528,3,0.07194135
76,1.7383342997528,4,0.07181905
76,1.7383342997528,5,0.07184809
76,1.7383342997528,6,0.07197436
76,1.7383342997528,7,0.07228155
76,1.7383342997528,8,0.07223834
76,1.7383342997528,9,0.0723659
76,1.7383342997528,10,0.07232278
76,1.7383342997528,11,0.07203818
76,1.7383342997528,12,0.07223462
76,1.7383342997528,13,0.07237808
76,1.7383342997528,14,0.07204889
76,1.7383342997528,15,0.07208682
77,1.74871059297464,0,0.07223222
77,1.74871059297464,1,0.07222458
77,1.74871059297464,2,0.07225119
77,1.74871059297464,3,0.0723551
77,1.74871059297464,4,0.07239455
77,1.74871059297464,5,0.07223798
77,1.74871059297464,6,0.0723903
77,1.74871059297464,7,0.07239516
77,1.74871059297464,8,0.07237007
77,1.74871059297464,9,0.0723194
77,1.74871059297464,10,0.07243045
77,1.74871059297464,11,0.07247224
77,1.74871059297464,12,0.07239337
77,1.74871059297464,13,0.07264689
77,1.74871059297464,14,0.07232646
77,1.74871059297464,15,0.0725201
78,1.75908688619648,0,0.07273082
78,1.75908688619648,1,0.07245099
78,1.75908688619648,2,0.0724103
78,1.75908688619648,3,0.07229675
78,1.75908688619648,4,0.07239432
78,1.75908688619648,5,0.07255302
78,1.75908688619648,6,0.07232659
78,1.75908688619648,7,0.0723753
78,1.75908688619648,8,0.07223487
78,1.75908688619648,9,0.07237296
78,1.75908688619648,10,0.07233047
78,1.75908688619648,11,0.07228027
78,1.75908688619648,12,0.07232141
78,1.75908688619648,13,0.0723033
78,1.75908688619648,14,0.07238214
78,1.75908688619648,15,0.07243177
79,1.7688528092288,0,0.07236076
79,1.7688528092288,1,0.07280014
79,1.7688528092288,2,0.07251745
79,1.7688528092288,3,0.07243043
79,1.7688528092288,4,0.07249324
79,1.7688528092288,5,0.07250418
79,1.7688528092288,6,0.07242129
79,1.7688528092288,7,0.07242648
79,1.7688528092288,8,0.07228801
79,1.7688528092288,9,0.07213026
79,1.7688528092288,10,0.07232846
79,1.7688528092288,11,0.07251638
79,1.7688528092288,12,0.07228168
79,1.7688528092288,13,0.0726348
79,1.7688528092288,14,0.07254436
79,1.7688528092288,15,0.07242888
80,1.77922910245064,0,0.0723955
80,1.77922910245064,1,0.07231465
80,1.77922910245064,2,0.07234522
80,1.77922910245064,3,0.07224573
80,1.77922910245064,4,0.07235759
80,1.77922910245064,5,0.07260267
80,1.77922910245064,6,0.07227594
80,1.77922910245064,7,0.07228301
80,1.77922910245064,8,0.07258011
80,1.77922910245064,9,0.07253305
80,1.77922910245064,10,0.07243874
80,1.77922910245064,11,0.07244182
80,1.77922910245064,12,0.0724219
80,1.77922910245064,13,0.07251884
80,1.77922910245064,14,0.07242425
80,1.77922910245064,15,0.07239008
81,1.78899502548296,0,0.07215123
81,1.78899502548296,1,0.07259309
81,1.78899502548296,2,0.07214966
81,1.78899502548296,3,0.07218366
81,1.78899502548296,4,0.07225991
81,1.78899502548296,5,0.07227064
81,1.78899502548296,6,0.07260206
81,1.78899502548296,7,0.0725079
81,1.78899502548296,8,0.07253243
81,1.78899502548296,9,0.0726528
81,1.78899502548296,10,0.07257468
81,1.78899502548296,11,0.07251152
81,1.78899502548296,12,0.07244661
81,1.78899502548296,13,0.07224903
81,1.78899502548296,14,0.07228956
81,1.78899502548296,15,0.07225023
82,1.79876094851527,0,0.07239646
82,1.79876094851527,1,0.07207429
82,1.79876094851527,2,0.0722857
82,1.79876094851527,3,0.07220124
82,1.79876094851527,4,0.07245389
82,1.79876094851527,5,0.07237291
82,1.79876094851527,6,0.07258259
82,1.79876094851527,7,0.07236774
82,1.79876094851527,8,0.07245531
82,1.79876094851527,9,0.07210594
82,1.79876094851527,10,0.07255866
82,1.79876094851527,11,0.07238596
82,1.79876094851527,12,0.07230531
82,1.79876094851527,13,0.07255153
82,1.79876094851527,14,0.07239725
82,1.79876094851527,15,0.07226361
83,1.80913724173711,0,0.07252336
83,1.80913724173711,1,0.07242198
83,1.80913724173711,2,0.07250212
83,1.80913724173711,3,0.07217601
83,1.80913724173711,4,0.07222301
83,1.80913724173711,5,0.07234282
83,1.80913724173711,6,0.07212967
83,1.80913724173711,7,0.07227787
83,1.80913724173711,8,0.0721228
83,1.80913724173711,9,0.0720868
83,1.80913724173711,10,0.07228078
83,1.80913724173711,11,0.07217568
83,1.80913724173711,12,0.07247914
83,1.80913724173711,13,0.07227784
83,1.80913724173711,14,0.07231636
83,1.80913724173711,15,0.07223252
84,1.81890316476943,0,0.07206147
84,1.81890316476943,1,0.07206065
84,1.81890316476943,2,0.07224316
84,1.81890316476943,3,0.07221349
84,1.81890316476943,4,0.0721551
84,1.81890316476943,5,0.07236884
84,1.81890316476943,6,0.07220317
84,1.81890316476943,7,0.07221601
84,1.81890316476943,8,0.07186884
84,1.81890316476943,9,0.07218263
84,1.81890316476943,10,0.07190184
84,1.81890316476943,11,0.0721149
84,1.81890316476943,12,0.0720626
84,1.81890316476943,13,0.07172934
84,1.81890316476943,14,0.0719197
84,1.81890316476943,15,0.07207936
85,1.82927945799127,0,0.0720675
85,1.82927945799127,1,0.07229105
85,1.82927945799127,2,0.0720773
85,1.82927945799127,3,0.07207753
85,1.82927945799127,4,0.07239724
85,1.82927945799127,5,0.07243926
85,1.82927945799127,6,0.07213921
85,1.82927945799127,7,0.07236631
85,1.82927945799127,8,0.07210782
85,1.82927945799127,9,0.07218208
85,1.82927945799127,10,0.07228933
85,1.82927945799127,11,0.07220965
85,1.82927945799127,12,0.07196949
85,1.82927945799127,13,0.07236748
85,1.82927945799127,14,0.07192226
85,1.82927945799127,15,0.07195846
86,1.83904538102359,0,0.07223227
86,1.83904538102359,1,0.07225724
86,1.83904538102359,2,0.07249957
86,1.83904538102359,3,0.0722905
86,1.83904538102359,4,0.0720408
86,1.83904538102359,5,0.07202142
86,1.83904538102359,6,0.07216457
86,1.83904538102359,7,0.0723935
86,1.83904538102359,8,0.07202943
86,1.83904538102359,9,0.07190568
86,1.83904538102359,10,0.07221804
86,1.83904538102359,11,0.07212824
86,1.83904538102359,12,0.07233292
86,1.83904538102359,13,0.07236743
86,1.83904538102359,14,0.07217928
86,1.83904538102359,15,0.07232311
87,1.84820093386639,0,0.0722772
87,1.84820093386639,1,0.07230145
87,1.84820093386639,2,0.07230931
87,1.84820093386639,3,0.07234512
87,1.84820093386639,4,0.0721333
87,1.84820093386639,5,0.07214872
87,1.84820093386639,6,0.07229757
87,1.84820093386639,7,0.07227886
87,1.84820093386639,8,0.07214619
87,1.84820093386639,9,0.07231926
87,1.84820093386639,10,0.07206155
87,1.84820093386639,11,0.07201067
87,1.84820093386639,12,0.072122
87,1.84820093386639,13,0.07205815
87,1.84820093386639,14,0.07245646
87,1.84820093386639,15,0.07212774
88,1.85857722708823,0,0.072468
88,1.85857722708823,1,0.07233773
88,1.85857722708823,2,0.07264292
88,1.85857722708823,3,0.07237069
88,1.85857722708823,4,0.07252196
88,1.85857722708823,5,0.07235786
88,1.85857722708823,6,0.07238689
88,1.85857722708823,7,0.07249634
88,1.85857722708823,8,0.07243676
88,1.85857722708823,9,0.07249422
88,1.85857722708823,10,0.07256434
88,1.85857722708823,11,0.07275725
88,1.85857722708823,12,0.07241934
88,1.85857722708823,13,0.07240795
88,1.85857722708823,14,0.07243039
88,1.85857722708823,15,0.07254477
89,1.86834315012055,0,0.07263431
89,1.86834315012055,1,0.0724867
89,1.86834315012055,2,0.07252891
89,1.86834315012055,3,0.07208646
89,1.86834315012055,4,0.0721554
89,1.86834315012055,5,0.07252472
89,1.86834315012055,6,0.07222252
89,1.86834315012055,7,0.07236141
89,1.86834315012055,8,0.07229388
89,1.86834315012055,9,0.07247242
89,1.86834315012055,10,0.07232394
89,1.86834315012055,11,0.07253685
89,1.86834315012055,12,0.07245142
89,1.86834315012055,13,0.07248291
89,1.86834315012055,14,0.07251027
89,1.86834315012055,15,0.07248183
90,1.87932981353191,0,0.0723612
90,1.87932981353191,1,0.07239249
90,1.87932981353191,2,0.07244387
90,1.87932981353191,3,0.0724574
90,1.87932981353191,4,0.07255258
90,1.87932981353191,5,0.07251963
90,1.87932981353191,6,0.07235543
90,1.87932981353191,7,0.0721714
90,1.87932981353191,8,0.07260941
90,1.87932981353191,9,0.07228307
90,1.87932981353191,10,0.07255714
90,1.87932981353191,11,0.07257381
90,1.87932981353191,12,0.0723717
90,1.87932981353191,13,0.07240791
90,1.87932981353191,14,0.07257728
90,1.87932981353191,15,0.0725094
91,1.88909573656423,0,0.07260124
91,1.88909573656423,1,0.07234628
91,1.88909573656423,2,0.0722634
91,1.88909573656423,3,0.07239646
91,1.88909573656423,4,0.0723174
91,1.88909573656423,5,0.07226472
91,1.88909573656423,6,0.07236728
91,1.88909573656423,7,0.07226051
91,1.88909573656423,8,0.07232457
91,1.88909573656423,9,0.07265604
91,1.88909573656423,10,0.07263797
91,1.88909573656423,11,0.07209034
91,1.88909573656423,12,0.07223558
91,1.88909573656423,13,0.07214397
91,1.88909573656423,14,0.07238027
91,1.88909573656423,15,0.07242302
92,1.89886165959655,0,0.0723901
92,1.89886165959655,1,0.07218724
92,1.89886165959655,2,0.07218356
92,1.89886165959655,3,0.07217092
92,1.89886165959655,4,0.0725885
92,1.89886165959655,5,0.07233027
92,1.89886165959655,6,0.07235472
92,1.89886165959655,7,0.07218363
92,1.89886165959655,8,0.0724901
92,1.89886165959655,9,0.07213517
92,1.89886165959655,10,0.07224617
92,1.89886165959655,11,0.07243233
92,1.89886165959655,12,0.07238607
92,1.89886165959655,13,0.07238994
92,1.89886165959655,14,0.07221143
92,1.89886165959655,15,0.07214488
93,1.90923795281838,0,0.07230029
93,1.90923795281838,1,0.07234234
93,1.90923795281838,2,0.07250912
93,1.90923795281838,3,0.07250316
93,1.90923795281838,4,0.07259101
93,1.90923795281838,5,0.07269724
93,1.90923795281838,6,0.0726206
93,1.90923795281838,7,0.07260461
93,1.90923795281838,8,0.07236246
93,1.90923795281838,9,0.07247533
93,1.90923795281838,10,0.07232165
93,1.90923795281838,11,0.07238458
93,1.90923795281838,12,0.07244338
93,1.90923795281838,13,0.0722854
93,1.90923795281838,14,0.07250843
93,1.90923795281838,15,0.072396
94,1.9190038758507,0,0.07250137
94,1.9190038758507,1,0.07261498
94,1.9190038758507,2,0.07247804
94,1.9190038758507,3,0.07266571
94,1.9190038758507,4,0.07258599
94,1.9190038758507,5,0.07256545
94,1.9190038758507,6,0.0725449
94,1.9190038758507,7,0.07251786
94,1.9190038758507,8,0.07265422
94,1.9190038758507,9,0.07259431
94,1.9190038758507,10,0.07260766
94,1.9190038758507,11,0.07266727
94,1.9190038758507,12,0.07278325
94,1.9190038758507,13,0.0728097
94,1.9190038758507,14,0.07288849
94,1.9190038758507,15,0.07272387
95,1.92938016907254,0,0.07326157
95,1.92938016907254,1,0.07307231
95,1.92938016907254,2,0.07305927
95,1.92938016907254,3,0.07246438
95,1.92938016907254,4,0.07245328
95,1.92938016907254,5,0.07263565
95,1.92938016907254,6,0.07274858
95,1.92938016907254,7,0.07302248
95,1.92938016907254,8,0.07292125
95,1.92938016907254,9,0.07261997
95,1.92938016907254,10,0.07277445
95,1.92938016907254,11,0.07274517
95,1.92938016907254,12,0.07287891
95,1.92938016907254,13,0.07295946
95,1.92938016907254,14,0.0727201
95,1.92938016907254,15,0.07268639
96,1.93914609210486,0,0.0725913
96,1.93914609210486,1,0.0728816
96,1.93914609210486,2,0.07259494
96,1.93914609210486,3,0.07264253
96,1.93914609210486,4,0.07278127
96,1.93914609210486,5,0.07250271
96,1.93914609210486,6,0.07257786
96,1.93914609210486,7,0.07236509
96,1.93914609210486,8,0.07235926
96,1.93914609210486,9,0.07251679
96,1.93914609210486,10,0.072201
96,1.93914609210486,11,0.07240298
96,1.93914609210486,12,0.072692
96,1.93914609210486,13,0.07242529
96,1.93914609210486,14,0.072266
96,1.93914609210486,15,0.07230965
97,1.94891201513718,0,0.07266438
97,1.94891201513718,1,0.07247793
97,1.94891201513718,2,0.07266799
97,1.94891201513718,3,0.07233943
97,1.94891201513718,4,0.07250027
97,1.94891201513718,5,0.07278982
97,1.94891201513718,6,0.0723505
97,1.94891201513718,7,0.07270175
97,1.94891201513718,8,0.07269418
97,1.94891201513718,9,0.07244261
97,1.94891201513718,10,0.07237865
97,1.94891201513718,11,0.07250614
97,1.94891201513718,12,0.07262409
97,1.94891201513718,13,0.07254925
97,1.94891201513718,14,0.07254194
97,1.94891201513718,15,0.07264969
98,1.9586779381695,0,0.07232903
98,1.9586779381695,1,0.0724977
98,1.9586779381695,2,0.07257661
98,1.9586779381695,3,0.07260397
98,1.9586779381695,4,0.07269056
98,1.9586779381695,5,0.07259405
98,1.9586779381695,6,0.07278969
98,1.9586779381695,7,0.07239608
98,1.9586779381695,8,0.0725884
98,1.9586779381695,9,0.07281908
98,1.9586779381695,10,0.07279487
98,1.9586779381695,11,0.07277719
98,1.9586779381695,12,0.07249869
98,1.9586779381695,13,0.07232206
98,1.9586779381695,14,0.07235289
98,1.9586779381695,15,0.07276094
99,1.96905423139134,0,0.07198501
99,1.96905423139134,1,0.07233531
99,1.96905423139134,2,0.07245278
99,1.96905423139134,3,0.0724538
99,1.96905423139134,4,0.07200722
99,1.96905423139134,5,0.07231386
99,1.96905423139134,6,0.07207843
99,1.96905423139134,7,0.07235618
99,1.96905423139134,8,0.07233991
99,1.96905423139134,9,0.07214034
99,1.96905423139134,10,0.07246732
99,1.96905423139134,11,0.07225752
99,1.96905423139134,12,0.07218879
99,1.96905423139134,13,0.07190418
99,1.96905423139134,14,0.07198362
99,1.96905423139134,15,0.07221182
100,1.97820978423414,0,0.07236241
100,1.97820978423414,1,0.07234471
100,1.97820978423414,2,0.07213809
100,1.97820978423414,3,0.07213654
100,1.97820978423414,4,0.07204546
100,1.97820978423414,5,0.07238571
100,1.97820978423414,6,0.07240115
100,1.97820978423414,7,0.07246736
100,1.97820978423414,8,0.07254887
100,1.97820978423414,9,0.07219678
100,1.97820978423414,10,0.0722972
100,1.97820978423414,11,0.07209217
100,1.97820978423414,12,0.07238575
100,1.97820978423414,13,0.07253872
100,1.97820978423414,14,0.07219784
100,1.97820978423414,15,0.07249109
101,1.98858607745598,0,0.07202156
101,1.98858607745598,1,0.0721264
101,1.98858607745598,2,0.07201672
101,1.98858607745598,3,0.07193576
101,1.98858607745598,4,0.07191183
101,1.98858607745598,5,0.0719547
101,1.98858607745598,6,0.0718611
101,1.98858607745598,7,0.07243372
101,1.98858607745598,8,0.07201901
101,1.98858607745598,9,0.07223482
101,1.98858607745598,10,0.07230281
101,1.98858607745598,11,0.07218625
101,1.98858607745598,12,0.07204846
101,1.98858607745598,13,0.0718452
101,1.98858607745598,14,0.07214261
101,1.98858607745598,15,0.07196096
102,1.9983520004883,0,0.07211608
102,1.9983520004883,1,0.07210751
102,1.9983520004883,2,0.07203041
102,1.9983520004883,3,0.07187191
102,1.9983520004883,4,0.07213572
102,1.9983520004883,5,0.0718976
102,1.9983520004883,6,0.07216163
102,1.9983520004883,7,0.07214385
102,1.9983520004883,8,0.07233364
102,1.9983520004883,9,0.07204843
102,1.9983520004883,10,0.07218304
102,1.9983520004883,11,0.0722831
102,1.9983520004883,12,0.07224295
102,1.9983520004883,13,0.07224573
102,1.9983520004883,14,0.07209305
102,1.9983520004883,15,0.07197715
103,2.00933866389966,0,0.07220566
103,2.00933866389966,1,0.07210267
103,2.00933866389966,2,0.07199641
103,2.00933866389966,3,0.07225235
103,2.00933866389966,4,0.07197349
103,2.00933866389966,5,0.07231441
103,2.00933866389966,6,0.07222844
103,2.00933866389966,7,0.07268234
103,2.00933866389966,8,0.07260243
103,2.00933866389966,9,0.07267143
103,2.00933866389966,10,0.07251827
103,2.00933866389966,11,0.07252278
103,2.00933866389966,12,0.0722318
103,2.00933866389966,13,0.07232733
103,2.00933866389966,14,0.07240155
103,2.00933866389966,15,0.07243904
104,2.01849421674245,0,0.07233565
104,2.01849421674245,1,0.07226547
104,2.01849421674245,2,0.07222331
104,2.01849421674245,3,0.07248973
104,2.01849421674245,4,0.07267088
104,2.01849421674245,5,0.07213096
104,2.01849421674245,6,0.07237278
104,2.01849421674245,7,0.07235217
104,2.01849421674245,8,0.0723762
104,2.01849421674245,9,0.07223387
104,2.01849421674245,10,0.07213724
104,2.01849421674245,11,0.07230163
104,2.01849421674245,12,0.07230443
104,2.01849421674245,13,0.07233679
104,2.01849421674245,14,0.07234666
104,2.01849421674245,15,0.07208344
105,2.02826013977477,0,0.07224434
105,2.02826013977477,1,0.07224076
105,2.02826013977477,2,0.07217813
105,2.02826013977477,3,0.0724907
105,2.02826013977477,4,0.07197142
105,2.02826013977477,5,0.07206263
105,2.02826013977477,6,0.07213443
105,2.02826013977477,7,0.07240301
105,2.02826013977477,8,0.0723614
105,2.02826013977477,9,0.07258222
105,2.02826013977477,10,0.07241438
105,2.02826013977477,11,0.07247293
105,2.02826013977477,12,0.07220929
105,2.02826013977477,13,0.07239321
105,2.02826013977477,14,0.07244164
105,2.02826013977477,15,0.07213067
106,2.03802606280709,0,0.07210777
106,2.03802606280709,1,0.07232803
106,2.03802606280709,2,0.07234705
106,2.03802606280709,3,0.07237735
106,2.03802606280709,4,0.07245322
106,2.03802606280709,5,0.07223755
106,2.03802606280709,6,0.07224416
106,2.03802606280709,7,0.07246978
106,2.03802606280709,8,0.07200177
106,2.03802606280709,9,0.07206852
106,2.03802606280709,10,0.07234938
106,2.03802606280709,11,0.07240899
106,2.03802606280709,12,0.07243177
106,2.03802606280709,13,0.07254
106,2.03802606280709,14,0.07248802
106,2.03802606280709,15,0.07266564
107,2.04840235602893,0,0.07216395
107,2.04840235602893,1,0.07223461
107,2.04840235602893,2,0.07209367
107,2.04840235602893,3,0.07224802
107,2.04840235602893,4,0.07226957
107,2.04840235602893,5,0.07254484
107,2.04840235602893,6,0.07216019
107,2.04840235602893,7,0.0721336
107,2.04840235602893,8,0.07219375
107,2.04840235602893,9,0.0721151
107,2.04840235602893,10,0.07221495
107,2.04840235602893,11,0.0721627
107,2.04840235602893,12,0.07203777
107,2.04840235602893,13,0.07211922
107,2.04840235602893,14,0.07246859
107,2.04840235602893,15,0.07232522
108,2.05816827906125,0,0.0722352
108,2.05816827906125,1,0.0722973
108,2.05816827906125,2,0.07229555
108,2.05816827906125,3,0.07202794
108,2.05816827906125,4,0.07245361
108,2.05816827906125,5,0.07224828
108,2.05816827906125,6,0.07223711
108,2.05816827906125,7,0.07231245
108,2.05816827906125,8,0.07202459
108,2.05816827906125,9,0.07223749
108,2.05816827906125,10,0.07219215
108,2.05816827906125,11,0.07240129
108,2.05816827906125,12,0.07246754
108,2.05816827906125,13,0.07215133
108,2.05816827906125,14,0.07230248
108,2.05816827906125,15,0.07237437
109,2.06854457228309,0,0.07218021
109,2.06854457228309,1,0.07210743
109,2.06854457228309,2,0.07195961
109,2.06854457228309,3,0.07202395
109,2.06854457228309,4,0.07236075
109,2.06854457228309,5,0.07209979
109,2.06854457228309,6,0.07215965
109,2.06854457228309,7,0.07215826
109,2.06854457228309,8,0.07203507
109,2.06854457228309,9,0.07243804
109,2.06854457228309,10,0.07241338
109,2.06854457228309,11,0.07239149
109,2.06854457228309,12,0.07225208
109,2.06854457228309,13,0.07244964
109,2.06854457228309,14,0.07218852
109,2.06854457228309,15,0.07199562
110,2.07831049531541,0,0.072258
110,2.07831049531541,1,0.0723254
110,2.07831049531541,2,0.07219005
110,2.07831049531541,3,0.07228202
110,2.07831049531541,4,0.07229809
110,2.07831049531541,5,0.07233464
110,2.07831049531541,6,0.07265033
110,2.07831049531541,7,0.0726707
110,2.07831049531541,8,0.07269034
110,2.07831049531541,9,0.07250712
110,2.07831049531541,10,0.07248021
110,2.07831049531541,11,0.07238061
110,2.07831049531541,12,0.07227545
110,2.07831049531541,13,0.07246342
110,2.07831049531541,14,0.07255661
110,2.07831049531541,15,0.07213103
111,2.08807641834773,0,0.07230479
111,2.08807641834773,1,0.07231136
111,2.08807641834773,2,0.0724548
111,2.08807641834773,3,0.07211721
111,2.08807641834773,4,0.07204363
111,2.08807641834773,5,0.07221954
111,2.08807641834773,6,0.07232864
111,2.08807641834773,7,0.0723182
111,2.08807641834773,8,0.07198445
111,2.08807641834773,9,0.07202318
111,2.08807641834773,10,0.0720889
111,2.08807641834773,11,0.07182688
111,2.08807641834773,12,0.07226638
111,2.08807641834773,13,0.07228145
111,2.08807641834773,14,0.07217782
111,2.08807641834773,15,0.07210025
112,2.09906308175909,0,0.07230431
112,2.09906308175909,1,0.07244959
112,2.09906308175909,2,0.07252784
112,2.09906308175909,3,0.07237364
112,2.09906308175909,4,0.07271984
112,2.09906308175909,5,0.07231042
112,2.09906308175909,6,0.07226048
112,2.09906308175909,7,0.07238969
112,2.09906308175909,8,0.07213538
112,2.09906308175909,9,0.07220725
112,2.09906308175909,10,0.07259309
112,2.09906308175909,11,0.07242225
112,2.09906308175909,12,0.07235925
112,2.09906308175909,13,0.07268591
112,2.09906308175909,14,0.0723393
112,2.09906308175909,15,0.07251517
113,2.10821863460189,0,0.07255102
113,2.10821863460189,1,0.07242072
113,2.10821863460189,2,0.07223546
113,2.10821863460189,3,0.07270499
113,2.10821863460189,4,0.07265346
113,2.10821863460189,5,0.07271248
113,2.10821863460189,6,0.07267036
113,2.10821863460189,7,0.07251525
113,2.10821863460189,8,0.0724927
113,2.10821863460189,9,0.07250699
113,2.10821863460189,10,0.0725907
113,2.10821863460189,11,0.07261948
113,2.10821863460189,12,0.07235806
113,2.10821863460189,13,0.07223168
113,2.10821863460189,14,0.07236811
113,2.10821863460189,15,0.07227249
114,2.11798455763421,0,0.07245918
114,2.11798455763421,1,0.07246664
114,2.11798455763421,2,0.07241195
114,2.11798455763421,3,0.072175
114,2.11798455763421,4,0.07246816
114,2.11798455763421,5,0.07278989
114,2.11798455763421,6,0.07268418
114,2.11798455763421,7,0.07243342
114,2.11798455763421,8,0.0725963
114,2.11798455763421,9,0.07273662
114,2.11798455763421,10,0.07274023
114,2.11798455763421,11,0.0727405
114,2.11798455763421,12,0.07268164
114,2.11798455763421,13,0.07248264
114,2.11798455763421,14,0.07252752
114,2.11798455763421,15,0.07238689
115,2.12836085085604,0,0.07207081
115,2.12836085085604,1,0.07227532
115,2.12836085085604,2,0.07248237
115,2.12836085085604,3,0.0725177
115,2.12836085085604,4,0.0726613
115,2.12836085085604,5,0.07226209
115,2.12836085085604,6,0.07249334
115,2.12836085085604,7,0.07260224
115,2.12836085085604,8,0.07252634
115,2.12836085085604,9,0.07246511
115,2.12836085085604,10,0.07259858
115,2.12836085085604,11,0.07266833
115,2.12836085085604,12,0.07238849
115,2.12836085085604,13,0.07241826
115,2.12836085085604,14,0.07194701
115,2.12836085085604,15,0.07255936
116,2.13812677388836,0,0.07247344
116,2.13812677388836,1,0.072588
116,2.13812677388836,2,0.07253204
116,2.13812677388836,3,0.0725451
116,2.13812677388836,4,0.0723146
116,2.13812677388836,5,0.07249229
116,2.13812677388836,6,0.07238128
116,2.13812677388836,7,0.07272633
116,2.13812677388836,8,0.07275694
116,2.13812677388836,9,0.07261781
116,2.13812677388836,10,0.07240317
116,2.13812677388836,11,0.07239033
116,2.13812677388836,12,0.07233374
116,2.13812677388836,13,0.07237346
116,2.13812677388836,14,0.07249508
116,2.13812677388836,15,0.07230513
117,2.14789269692068,0,0.0722884
117,2.14789269692068,1,0.07235898
117,2.14789269692068,2,0.0723105
117,2.14789269692068,3,0.07243309
117,2.14789269692068,4,0.07211917
117,2.14789269692068,5,0.07234344
117,2.14789269692068,6,0.07243452
117,2.14789269692068,7,0.07203396
117,2.14789269692068,8,0.07253642
117,2.14789269692068,9,0.07242245
117,2.14789269692068,10,0.07241141
117,2.14789269692068,11,0.07235572
117,2.14789269692068,12,0.07232807
117,2.14789269692068,13,0.07258993
117,2.14789269692068,14,0.07200697
117,2.14789269692068,15,0.07220278
118,2.15826899014252,0,0.07208857
118,2.15826899014252,1,0.07191507
118,2.15826899014252,2,0.07196949
118,2.15826899014252,3,0.07213661
118,2.15826899014252,4,0.07222997
118,2.15826899014252,5,0.07231528
118,2.15826899014252,6,0.07214841
118,2.15826899014252,7,0.07227749
118,2.15826899014252,8,0.07215429
118,2.15826899014252,9,0.07211404
118,2.15826899014252,10,0.07245379
118,2.15826899014252,11,0.0721918
118,2.15826899014252,12,0.07215632
118,2.15826899014252,13,0.07221325
118,2.15826899014252,14,0.07254183
118,2.15826899014252,15,0.07235914
119,2.16803491317484,0,0.07203995
119,2.16803491317484,1,0.07214855
119,2.16803491317484,2,0.07220755
119,2.16803491317484,3,0.07217661
119,2.16803491317484,4,0.0720974
119,2.16803491317484,5,0.07216096
119,2.16803491317484,6,0.07225033
119,2.16803491317484,7,0.07210959
119,2.16803491317484,8,0.07216451
119,2.16803491317484,9,0.07228766
119,2.16803491317484,10,0.07226097
119,2.16803491317484,11,0.07251421
119,2.16803491317484,12,0.0720415
119,2.16803491317484,13,0.07231402
119,2.16803491317484,14,0.07238438
119,2.16803491317484,15,0.07228603
120,2.17780083620716,0,0.07250762
120,2.17780083620716,1,0.07232548
120,2.17780083620716,2,0.07212355
120,2.17780083620716,3,0.07250792
120,2.17780083620716,4,0.07233471
120,2.17780083620716,5,0.0723822
120,2.17780083620716,6,0.07239867
120,2.17780083620716,7,0.07227689
120,2.17780083620716,8,0.07227048
120,2.17780083620716,9,0.07252607
120,2.17780083620716,10,0.07265647
120,2.17780083620716,11,0.07255419
120,2.17780083620716,12,0.07272725
120,2.17780083620716,13,0.07230046
120,2.17780083620716,14,0.07236487
120,2.17780083620716,15,0.07264851
121,2.18756675923948,0,0.07236075
121,2.18756675923948,1,0.07250459
121,2.18756675923948,2,0.07269752
121,2.18756675923948,3,0.07243205
121,2.18756675923948,4,0.07267014
121,2.18756675923948,5,0.07240108
121,2.18756675923948,6,0.0724934
121,2.18756675923948,7,0.07243904
121,2.18756675923948,8,0.0725898
121,2.18756675923948,9,0.07228248
121,2.18756675923948,10,0.07257406
121,2.18756675923948,11,0.07275339
121,2.18756675923948,12,0.07267257
121,2.18756675923948,13,0.0726667
121,2.18756675923948,14,0.07256068
121,2.18756675923948,15,0.07265934
122,2.19855342265084,0,0.07269862
122,2.19855342265084,1,0.07247972
122,2.19855342265084,2,0.07252748
122,2.19855342265084,3,0.07274977
122,2.19855342265084,4,0.07275344
122,2.19855342265084,5,0.07249923
122,2.19855342265084,6,0.07259786
122,2.19855342265084,7,0.07227819
122,2.19855342265084,8,0.07215504
122,2.19855342265084,9,0.07232829
122,2.19855342265084,10,0.07219452
122,2.19855342265084,11,0.07255424
122,2.19855342265084,12,0.07253464
122,2.19855342265084,13,0.07239413
122,2.19855342265084,14,0.07262596
122,2.19855342265084,15,0.07215111
123,2.20831934568316,0,0.07229763
123,2.20831934568316,1,0.07221853
123,2.20831934568316,2,0.07216778
123,2.20831934568316,3,0.07233499
123,2.20831934568316,4,0.0720415
123,2.20831934568316,5,0.07218231
123,2.20831934568316,6,0.07231498
123,2.20831934568316,7,0.07193947
123,2.20831934568316,8,0.07211633
123,2.20831934568316,9,0.07177976
123,2.20831934568316,10,0.0719274
123,2.20831934568316,11,0.07203849
123,2.20831934568316,12,0.07203589
123,2.20831934568316,13,0.07197827
123,2.20831934568316,14,0.07207071
123,2.20831934568316,15,0.07229757
124,2.218695638905,0,0.07214182
124,2.218695638905,1,0.072018
124,2.218695638905,2,0.07206088
124,2.218695638905,3,0.0720109
124,2.218695638905,4,0.07223041
124,2.218695638905,5,0.07217795
124,2.218695638905,6,0.07249414
124,2.218695638905,7,0.07211379
124,2.218695638905,8,0.07248544
124,2.218695638905,9,0.07239033
124,2.218695638905,10,0.07199438
124,2.218695638905,11,0.07227326
124,2.218695638905,12,0.07224208
124,2.218695638905,13,0.07224941
124,2.218695638905,14,0.07226084
124,2.218695638905,15,0.07229723
125,2.22846156193732,0,0.07254165
125,2.22846156193732,1,0.07225081
125,2.22846156193732,2,0.07249582
125,2.22846156193732,3,0.0724391
125,2.22846156193732,4,0.07227834
125,2.22846156193732,5,0.07229745
125,2.22846156193732,6,0.07242762
125,2.22846156193732,7,0.0721677
125,2.22846156193732,8,0.07229605
125,2.22846156193732,9,0.07208502
125,2.22846156193732,10,0.07241563
125,2.22846156193732,11,0.07219326
125,2.22846156193732,12,0.07230813
125,2.22846156193732,13,0.0722291
125,2.22846156193732,14,0.07212356
125,2.22846156193732,15,0.07222787
126,2.23761711478011,0,0.07211055
126,2.23761711478011,1,0.07213453
126,2.23761711478011,2,0.07209071
126,2.23761711478011,3,0.07208756
126,2.23761711478011,4,0.07216425
126,2.23761711478011,5,0.0718943
126,2.23761711478011,6,0.07207197
126,2.23761711478011,7,0.07243495
126,2.23761711478011,8,0.07193967
126,2.23761711478011,9,0.07223557
126,2.23761711478011,10,0.07195823
126,2.23761711478011,11,0.07226045
126,2.23761711478011,12,0.07232395
126,2.23761711478011,13,0.07240606
126,2.23761711478011,14,0.07239731
126,2.23761711478011,15,0.07250071
127,2.24860377819147,0,0.07220085
127,2.24860377819147,1,0.07232286
127,2.24860377819147,2,0.07248746
127,2.24860377819147,3,0.0723138
127,2.24860377819147,4,0.07222563
127,2.24860377819147,5,0.07204498
127,2.24860377819147,6,0.07231154
127,2.24860377819147,7,0.07224794
127,2.24860377819147,8,0.07249071
127,2.24860377819147,9,0.07209217
127,2.24860377819147,10,0.07186767
127,2.24860377819147,11,0.07211111
127,2.24860377819147,12,0.07221363
127,2.24860377819147,13,0.07229285
127,2.24860377819147,14,0.07255357
127,2.24860377819147,15,0.07216513
128,2.25775933103427,0,0.07241968
128,2.25775933103427,1,0.07232203
128,2.25775933103427,2,0.07240771
128,2.25775933103427,3,0.07239353
128,2.25775933103427,4,0.07242546
128,2.25775933103427,5,0.07208458
128,2.25775933103427,6,0.07211255
128,2.25775933103427,7,0.07239092
128,2.25775933103427,8,0.07234615
128,2.25775933103427,9,0.07254543
128,2.25775933103427,10,0.07241131
128,2.25775933103427,11,0.0724684
128,2.25775933103427,12,0.07221732
128,2.25775933103427,13,0.07215103
128,2.25775933103427,14,0.07225708
128,2.25775933103427,15,0.07230925
129,2.26813562425611,0,0.07262578
129,2.26813562425611,1,0.07234599
129,2.26813562425611,2,0.07235532
129,2.26813562425611,3,0.07267352
129,2.26813562425611,4,0.07235333
129,2.26813562425611,5,0.07227175
129,2.26813562425611,6,0.07254682
129,2.26813562425611,7,0.07219835
129,2.26813562425611,8,0.07242978
129,2.26813562425611,9,0.07228745
129,2.26813562425611,10,0.07242438
129,2.26813562425611,11,0.07209598
129,2.26813562425611,12,0.07225087
129,2.26813562425611,13,0.07225111
129,2.26813562425611,14,0.07203273
129,2.26813562425611,15,0.0722919
130,2.27790154728843,0,0.07248309
130,2.27790154728843,1,0.07260272
130,2.27790154728843,2,0.07235904
130,2.27790154728843,3,0.07217982
130,2.27790154728843,4,0.07238253
130,2.27790154728843,5,0.07212038
130,2.27790154728843,6,0.07219292
130,2.27790154728843,7,0.07243205
130,2.27790154728843,8,0.07231349
130,2.27790154728843,9,0.0721763
130,2.27790154728843,10,0.07219122
130,2.27790154728843,11,0.07229594
130,2.27790154728843,12,0.07231024
130,2.27790154728843,13,0.07238483
130,2.27790154728843,14,0.07227067
130,2.27790154728843,15,0.07202097
131,2.28827784051027,0,0.0723061
131,2.28827784051027,1,0.07232127
131,2.28827784051027,2,0.07237443
131,2.28827784051027,3,0.07237132
131,2.28827784051027,4,0.07222965
131,2.28827784051027,5,0.07240345
131,2.28827784051027,6,0.07215067
131,2.28827784051027,7,0.07214979
131,2.28827784051027,8,0.07218909
131,2.28827784051027,9,0.0723812
131,2.28827784051027,10,0.07211077
131,2.28827784051027,11,0.07196615
131,2.28827784051027,12,0.07219887
131,2.28827784051027,13,0.0721403
131,2.28827784051027,14,0.07173032
131,2.28827784051027,15,0.07220294
132,2.29865413373211,0,0.07199986
132,2.29865413373211,1,0.07179052
132,2.29865413373211,2,0.07202094
132,2.29865413373211,3,0.07212462
132,2.29865413373211,4,0.07238755
132,2.29865413373211,5,0.07223055
132,2.29865413373211,6,0.07225809
132,2.29865413373211,7,0.07196337
132,2.29865413373211,8,0.07231794
132,2.29865413373211,9,0.07219511
132,2.29865413373211,10,0.07219354
132,2.29865413373211,11,0.0722613
132,2.29865413373211,12,0.07245211
132,2.29865413373211,13,0.07245938
132,2.29865413373211,14,0.07224484
132,2.29865413373211,15,0.07219375
133,2.30842005676443,0,0.07214053
133,2.30842005676443,1,0.07242799
133,2.30842005676443,2,0.07222087
133,2.30842005676443,3,0.07232407
133,2.30842005676443,4,0.07220746
133,2.30842005676443,5,0.07194091
133,2.30842005676443,6,0.07213984
133,2.30842005676443,7,0.07247034
133,2.30842005676443,8,0.07209624
133,2.30842005676443,9,0.07233677
133,2.30842005676443,10,0.07231353
133,2.30842005676443,11,0.07199822
133,2.30842005676443,12,0.07234664
133,2.30842005676443,13,0.07211593
133,2.30842005676443,14,0.07224602
133,2.30842005676443,15,0.0720645
134,2.31818597979675,0,0.07223767
134,2.31818597979675,1,0.0719374
134,2.31818597979675,2,0.07207975
134,2.31818597979675,3,0.0720517
134,2.31818597979675,4,0.07222326
134,2.31818597979675,5,0.07212535
134,2.31818597979675,6,0.07221197
134,2.31818597979675,7,0.07222759
134,2.31818597979675,8,0.07207411
134,2.31818597979675,9,0.07205684
134,2.31818597979675,10,0.07209763
134,2.31818597979675,11,0.07206363
134,2.31818597979675,12,0.07215283
134,2.31818597979675,13,0.07198394
134,2.31818597979675,14,0.07176519
134,2.31818597979675,15,0.0721345
135,2.32856227301859,0,0.0722577
135,2.32856227301859,1,0.07246345
135,2.32856227301859,2,0.07235795
135,2.32856227301859,3,0.07229339
135,2.32856227301859,4,0.07205874
135,2.32856227301859,5,0.07212673
135,2.32856227301859,6,0.07207218
135,2.32856227301859,7,0.07216806
135,2.32856227301859,8,0.07216274
135,2.32856227301859,9,0.07199755
135,2.32856227301859,10,0.07205887
135,2.32856227301859,11,0.07198793
135,2.32856227301859,12,0.07188983
135,2.32856227301859,13,0.07203661
135,2.32856227301859,14,0.07209536
135,2.32856227301859,15,0.07208209
136,2.33771782586138,0,0.07233911
136,2.33771782586138,1,0.07194009
136,2.33771782586138,2,0.07212725
136,2.33771782586138,3,0.07211294
136,2.33771782586138,4,0.07221024
136,2.33771782586138,5,0.07232417
136,2.33771782586138,6,0.07202534
136,2.33771782586138,7,0.0718214
136,2.33771782586138,8,0.07166565
136,2.33771782586138,9,0.07195112
136,2.33771782586138,10,0.07208326
136,2.33771782586138,11,0.07202601
136,2.33771782586138,12,0.07197783
136,2.33771782586138,13,0.07228088
136,2.33771782586138,14,0.07223731
136,2.33771782586138,15,0.07210892
137,2.34870448927274,0,0.07230527
137,2.34870448927274,1,0.0723263
137,2.34870448927274,2,0.07207105
137,2.34870448927274,3,0.0723367
137,2.34870448927274,4,0.07225709
137,2.34870448927274,5,0.07234386
137,2.34870448927274,6,0.07218284
137,2.34870448927274,7,0.07246808
137,2.34870448927274,8,0.07203393
137,2.34870448927274,9,0.07225013
137,2.34870448927274,10,0.07218427
137,2.34870448927274,11,0.07213657
137,2.34870448927274,12,0.07214549
137,2.34870448927274,13,0.07219367
137,2.34870448927274,14,0.07235106
137,2.34870448927274,15,0.07221296
138,2.35847041230506,0,0.07225288
138,2.35847041230506,1,0.07199454
138,2.35847041230506,2,0.07178263
138,2.35847041230506,3,0.07224378
138,2.35847041230506,4,0.07223832
138,2.35847041230506,5,0.07218567
138,2.35847041230506,6,0.07224303
138,2.35847041230506,7,0.07197868
138,2.35847041230506,8,0.07222848
138,2.35847041230506,9,0.07216621
138,2.35847041230506,10,0.0721963
138,2.35847041230506,11,0.07222779
138,2.35847041230506,12,0.07220128
138,2.35847041230506,13,0.07231519
138,2.35847041230506,14,0.07219026
138,2.35847041230506,15,0.07228135
139,2.36762596514786,0,0.07208461
139,2.36762596514786,1,0.07231048
139,2.36762596514786,2,0.07212867
139,2.36762596514786,3,0.07208765
139,2.36762596514786,4,0.07220995
139,2.36762596514786,5,0.07223204
139,2.36762596514786,6,0.07196984
139,2.36762596514786,7,0.07211482
139,2.36762596514786,8,0.07212748
139,2.36762596514786,9,0.07229954
139,2.36762596514786,10,0.07234512
139,2.36762596514786,11,0.07244086
139,2.36762596514786,12,0.07206927
139,2.36762596514786,13,0.07243254
139,2.36762596514786,14,0.07232141
139,2.36762596514786,15,0.07243892
140,2.37922299874874,0,0.07207815
140,2.37922299874874,1,0.07218371
140,2.37922299874874,2,0.07204894
140,2.37922299874874,3,0.07242714
140,2.37922299874874,4,0.07201924
140,2.37922299874874,5,0.07240233
140,2.37922299874874,6,0.07235685
140,2.37922299874874,7,0.07240206
140,2.37922299874874,8,0.07229353
140,2.37922299874874,9,0.07215151
140,2.37922299874874,10,0.07211466
140,2.37922299874874,11,0.07255888
140,2.37922299874874,12,0.07245012
140,2.37922299874874,13,0.07258785
140,2.37922299874874,14,0.07225538
140,2.37922299874874,15,0.07243359
141,2.38776818140202,0,0.07219923
141,2.38776818140202,1,0.07227869
141,2.38776818140202,2,0.07214849
141,2.38776818140202,3,0.07199127
141,2.38776818140202,4,0.0721326
141,2.38776818140202,5,0.07226021
141,2.38776818140202,6,0.0725767
141,2.38776818140202,7,0.07231166
141,2.38776818140202,8,0.07241831
141,2.38776818140202,9,0.07204487
141,2.38776818140202,10,0.07195015
141,2.38776818140202,11,0.0722532
141,2.38776818140202,12,0.07220726
141,2.38776818140202,13,0.07202593
141,2.38776818140202,14,0.07236651
141,2.38776818140202,15,0.07223207
142,2.39753410443434,0,0.07204869
142,2.39753410443434,1,0.07214609
142,2.39753410443434,2,0.07212365
142,2.39753410443434,3,0.07200979
142,2.39753410443434,4,0.07252123
142,2.39753410443434,5,0.07244868
142,2.39753410443434,6,0.07205079
142,2.39753410443434,7,0.07249089
142,2.39753410443434,8,0.07259282
142,2.39753410443434,9,0.07233264
142,2.39753410443434,10,0.07224187
142,2.39753410443434,11,0.0724297
142,2.39753410443434,12,0.07238927
142,2.39753410443434,13,0.07234787
142,2.39753410443434,14,0.07245645
142,2.39753410443434,15,0.07245221
143,2.4085207678457,0,0.07238244
143,2.4085207678457,1,0.07247732
143,2.4085207678457,2,0.07241287
143,2.4085207678457,3,0.07233471
143,2.4085207678457,4,0.07254616
143,2.4085207678457,5,0.0723988
143,2.4085207678457,6,0.07266881
143,2.4085207678457,7,0.07266299
143,2.4085207678457,8,0.07277357
143,2.4085207678457,9,0.07272413
143,2.4085207678457,10,0.07263508
143,2.4085207678457,11,0.07250257
143,2.4085207678457,12,0.07289296
143,2.4085207678457,13,0.072598
143,2.4085207678457,14,0.07290813
143,2.4085207678457,15,0.07234278
144,2.41828669087802,0,0.07235576
144,2.41828669087802,1,0.07278681
144,2.41828669087802,2,0.0723433
144,2.41828669087802,3,0.07265365
144,2.41828669087802,4,0.0724129
144,2.41828669087802,5,0.07250534
144,2.41828669087802,6,0.07262131
144,2.41828669087802,7,0.07249694
144,2.41828669087802,8,0.07276452
144,2.41828669087802,9,0.07283993
144,2.41828669087802,10,0.07268016
144,2.41828669087802,11,0.07272792
144,2.41828669087802,12,0.07268312
144,2.41828669087802,13,0.07284042
144,2.41828669087802,14,0.07262306
144,2.41828669087802,15,0.07247394
145,2.42805261391034,0,0.07253226
145,2.42805261391034,1,0.07276649
145,2.42805261391034,2,0.07253955
145,2.42805261391034,3,0.07237808
145,2.42805261391034,4,0.07263727
145,2.42805261391034,5,0.07252
145,2.42805261391034,6,0.0727026
145,2.42805261391034,7,0.07285723
145,2.42805261391034,8,0.07281079
145,2.42805261391034,9,0.07259018
145,2.42805261391034,10,0.07246843
145,2.42805261391034,11,0.07252816
145,2.42805261391034,12,0.07236226
145,2.42805261391034,13,0.07269895
145,2.42805261391034,14,0.0728014
145,2.42805261391034,15,0.0723227
146,2.4390392773217,0,0.07245027
146,2.4390392773217,1,0.07263088
146,2.4390392773217,2,0.07268249
146,2.4390392773217,3,0.07253647
146,2.4390392773217,4,0.07261092
146,2.4390392773217,5,0.07245227
146,2.4390392773217,6,0.0723558
146,2.4390392773217,7,0.07234061
146,2.4390392773217,8,0.07276933
146,2.4390392773217,9,0.07241596
146,2.4390392773217,10,0.07228868
146,2.4390392773217,11,0.07248171
146,2.4390392773217,12,0.07234687
146,2.4390392773217,13,0.07220571
146,2.4390392773217,14,0.07235441
146,2.4390392773217,15,0.07255171
147,2.44758445997498,0,0.07256857
147,2.44758445997498,1,0.07272775
147,2.44758445997498,2,0.07239134
147,2.44758445997498,3,0.07277684
147,2.44758445997498,4,0.07260922
147,2.44758445997498,5,0.07260007
147,2.44758445997498,6,0.07236799
147,2.44758445997498,7,0.07272249
147,2.44758445997498,8,0.07247317
147,2.44758445997498,9,0.07253606
147,2.44758445997498,10,0.07251937
147,2.44758445997498,11,0.07240585
147,2.44758445997498,12,0.07221569
147,2.44758445997498,13,0.07226551
147,2.44758445997498,14,0.07245116
147,2.44758445997498,15,0.07233047
148,2.45857112338633,0,0.07251657
148,2.45857112338633,1,0.0724969
148,2.45857112338633,2,0.07264161
148,2.45857112338633,3,0.07252599
148,2.45857112338633,4,0.07282152
148,2.45857112338633,5,0.0726236
148,2.45857112338633,6,0.0726178
148,2.45857112338633,7,0.07260114
148,2.45857112338633,8,0.07257377
148,2.45857112338633,9,0.07274562
148,2.45857112338633,10,0.07232391
148,2.45857112338633,11,0.07260816
148,2.45857112338633,12,0.07229511
148,2.45857112338633,13,0.07258854
148,2.45857112338633,14,0.07236914
148,2.45857112338633,15,0.07262427
149,2.46833704641865,0,0.07231483
149,2.46833704641865,1,0.07242525
149,2.46833704641865,2,0.0726466
149,2.46833704641865,3,0.07224756
149,2.46833704641865,4,0.07245374
149,2.46833704641865,5,0.07268341
149,2.46833704641865,6,0.07263903
149,2.46833704641865,7,0.07241719
149,2.46833704641865,8,0.07238874
149,2.46833704641865,9,0.07262645
149,2.46833704641865,10,0.07261758
149,2.46833704641865,11,0.0723306
149,2.46833704641865,12,0.07227136
149,2.46833704641865,13,0.07218708
149,2.46833704641865,14,0.07202066
149,2.46833704641865,15,0.07236021
150,2.47871333964049,0,0.07251959
150,2.47871333964049,1,0.07265788
150,2.47871333964049,2,0.07261399
150,2.47871333964049,3,0.07248948
150,2.47871333964049,4,0.07243395
150,2.47871333964049,5,0.07241028
150,2.47871333964049,6,0.07235307
150,2.47871333964049,7,0.07239541
150,2.47871333964049,8,0.07232063
150,2.47871333964049,9,0.0723787
150,2.47871333964049,10,0.07242057
150,2.47871333964049,11,0.07228891
150,2.47871333964049,12,0.0724118
150,2.47871333964049,13,0.0721205
150,2.47871333964049,14,0.07175209
150,2.47871333964049,15,0.07226722
151,2.48786889248329,0,0.07265836
151,2.48786889248329,1,0.07245383
151,2.48786889248329,2,0.07262714
151,2.48786889248329,3,0.07261936
151,2.48786889248329,4,0.07258354
151,2.48786889248329,5,0.07282898
151,2.48786889248329,6,0.07278233
151,2.48786889248329,7,0.07283718
151,2.48786889248329,8,0.0726799
151,2.48786889248329,9,0.07275857
151,2.48786889248329,10,0.07286245
151,2.48786889248329,11,0.07281983
151,2.48786889248329,12,0.07255725
151,2.48786889248329,13,0.07259507
151,2.48786889248329,14,0.07259139
151,2.48786889248329,15,0.07269997
152,2.49885555589465,0,0.0727201
152,2.49885555589465,1,0.072416
152,2.49885555589465,2,0.07252858
152,2.49885555589465,3,0.07254799
152,2.49885555589465,4,0.0724813
152,2.49885555589465,5,0.07244319
152,2.49885555589465,6,0.07264372
152,2.49885555589465,7,0.07243185
152,2.49885555589465,8,0.07260404
152,2.49885555589465,9,0.07251301
152,2.49885555589465,10,0.07251166
152,2.49885555589465,11,0.07266127
152,2.49885555589465,12,0.07247448
152,2.49885555589465,13,0.07261605
152,2.49885555589465,14,0.07259455
152,2.49885555589465,15,0.07241859
153,2.50862147892697,0,0.0725215
153,2.50862147892697,1,0.07245114
153,2.50862147892697,2,0.07254358
153,2.50862147892697,3,0.07232542
153,2.50862147892697,4,0.07214408
153,2.50862147892697,5,0.07267801
153,2.50862147892697,6,0.07264166
153,2.50862147892697,7,0.07272917
153,2.50862147892697,8,0.07251804
153,2.50862147892697,9,0.072404
153,2.50862147892697,10,0.07232108
153,2.50862147892697,11,0.07246427
153,2.50862147892697,12,0.07255159
153,2.50862147892697,13,0.07242365
153,2.50862147892697,14,0.07252029
153,2.50862147892697,15,0.07250357
154,2.51838740195929,0,0.07246052
154,2.51838740195929,1,0.07266379
154,2.51838740195929,2,0.07262513
154,2.51838740195929,3,0.07248483
154,2.51838740195929,4,0.07256682
154,2.51838740195929,5,0.07213917
154,2.51838740195929,6,0.07214053
154,2.51838740195929,7,0.07236416
154,2.51838740195929,8,0.07244993
154,2.51838740195929,9,0.07239968
154,2.51838740195929,10,0.07219792
154,2.51838740195929,11,0.07257699
154,2.51838740195929,12,0.07212646
154,2.51838740195929,13,0.07251461
154,2.51838740195929,14,0.07231405
154,2.51838740195929,15,0.07266234
155,2.52876369518113,0,0.07251333
155,2.52876369518113,1,0.07228899
155,2.52876369518113,2,0.07236519
155,2.52876369518113,3,0.07242823
155,2.52876369518113,4,0.07273012
155,2.52876369518113,5,0.07242837
155,2.52876369518113,6,0.07247488
155,2.52876369518113,7,0.07277974
155,2.52876369518113,8,0.07245147
155,2.52876369518113,9,0.07238959
155,2.52876369518113,10,0.07236585
155,2.52876369518113,11,0.07219304
155,2.52876369518113,12,0.07231297
155,2.52876369518113,13,0.0723298
155,2.52876369518113,14,0.07236632
155,2.52876369518113,15,0.07223716
156,2.53852961821345,0,0.07245461
156,2.53852961821345,1,0.07227824
156,2.53852961821345,2,0.07230925
156,2.53852961821345,3,0.07239997
156,2.53852961821345,4,0.07257942
156,2.53852961821345,5,0.072431
156,2.53852961821345,6,0.07247864
156,2.53852961821345,7,0.07194933
156,2.53852961821345,8,0.07224213
156,2.53852961821345,9,0.07199863
156,2.53852961821345,10,0.07242401
156,2.53852961821345,11,0.07218253
156,2.53852961821345,12,0.0724467
156,2.53852961821345,13,0.07224426
156,2.53852961821345,14,0.07248052
156,2.53852961821345,15,0.07249871
157,2.54951628162481,0,0.07241853
157,2.54951628162481,1,0.07247513
157,2.54951628162481,2,0.07264953
157,2.54951628162481,3,0.07252249
157,2.54951628162481,4,0.07229427
157,2.54951628162481,5,0.07240217
157,2.54951628162481,6,0.07236925
157,2.54951628162481,7,0.07248291
157,2.54951628162481,8,0.07251107
157,2.54951628162481,9,0.07197614
157,2.54951628162481,10,0.0726284
157,2.54951628162481,11,0.07238983
157,2.54951628162481,12,0.07248175
157,2.54951628162481,13,0.07268546
157,2.54951628162481,14,0.07249228
157,2.54951628162481,15,0.07233649
158,2.5586718344676,0,0.07247847
158,2.5586718344676,1,0.07255036
158,2.5586718344676,2,0.07252922
158,2.5586718344676,3,0.07264306
158,2.5586718344676,4,0.07272725
158,2.5586718344676,5,0.07270492
158,2.5586718344676,6,0.072791
158,2.5586718344676,7,0.07268637
158,2.5586718344676,8,0.07267668
158,2.5586718344676,9,0.07263567
158,2.5586718344676,10,0.07272395
158,2.5586718344676,11,0.0729185
158,2.5586718344676,12,0.07264462
158,2.5586718344676,13,0.07250678
158,2.5586718344676,14,0.07262474
158,2.5586718344676,15,0.07284985
159,2.56904812768944,0,0.07259362
159,2.56904812768944,1,0.0723142
159,2.56904812768944,2,0.07258866
159,2.56904812768944,3,0.07238017
159,2.56904812768944,4,0.07265216
159,2.56904812768944,5,0.07275523
159,2.56904812768944,6,0.07247134
159,2.56904812768944,7,0.07234672
159,2.56904812768944,8,0.07248139
159,2.56904812768944,9,0.07235826
159,2.56904812768944,10,0.07231076
159,2.56904812768944,11,0.07242142
159,2.56904812768944,12,0.07270838
159,2.56904812768944,13,0.07248668
159,2.56904812768944,14,0.07221778
159,2.56904812768944,15,0.07240708
160,2.57881405072176,0,0.07287911
160,2.57881405072176,1,0.07303468
160,2.57881405072176,2,0.07289395
160,2.57881405072176,3,0.07259885
160,2.57881405072176,4,0.07264872
160,2.57881405072176,5,0.0729922
160,2.57881405072176,6,0.07274015
160,2.57881405072176,7,0.07276606
160,2.57881405072176,8,0.07281718
160,2.57881405072176,9,0.0726802
160,2.57881405072176,10,0.07269786
160,2.57881405072176,11,0.07268798
160,2.57881405072176,12,0.07267592
160,2.57881405072176,13,0.07294112
160,2.57881405072176,14,0.07282316
160,2.57881405072176,15,0.07272072
161,2.5891903439436,0,0.07280428
161,2.5891903439436,1,0.07266282
161,2.5891903439436,2,0.07256085
161,2.5891903439436,3,0.07287328
161,2.5891903439436,4,0.07288392
161,2.5891903439436,5,0.072749
161,2.5891903439436,6,0.07249776
161,2.5891903439436,7,0.07247978
161,2.5891903439436,8,0.07252174
161,2.5891903439436,9,0.07238895
161,2.5891903439436,10,0.07256535
161,2.5891903439436,11,0.07259487
161,2.5891903439436,12,0.07250357
161,2.5891903439436,13,0.07288264
161,2.5891903439436,14,0.07258843
161,2.5891903439436,15,0.07250625
162,2.59895626697592,0,0.07254857
162,2.59895626697592,1,0.07284699
162,2.59895626697592,2,0.07300064
162,2.59895626697592,3,0.07248964
162,2.59895626697592,4,0.07278626
162,2.59895626697592,5,0.07259918
162,2.59895626697592,6,0.07255649
162,2.59895626697592,7,0.07281999
162,2.59895626697592,8,0.0726366
162,2.59895626697592,9,0.07274535
162,2.59895626697592,10,0.07271875
162,2.59895626697592,11,0.07268606
162,2.59895626697592,12,0.072827
162,2.59895626697592,13,0.07243029
162,2.59895626697592,14,0.07260956
162,2.59895626697592,15,0.0724514
163,2.60933256019776,0,0.07230835
163,2.60933256019776,1,0.07236733
163,2.60933256019776,2,0.07247928
163,2.60933256019776,3,0.0724894
163,2.60933256019776,4,0.07274531
163,2.60933256019776,5,0.07258153
163,2.60933256019776,6,0.07258471
163,2.60933256019776,7,0.07272861
163,2.60933256019776,8,0.07256761
163,2.60933256019776,9,0.07271386
163,2.60933256019776,10,0.07283098
163,2.60933256019776,11,0.07269812
163,2.60933256019776,12,0.07254288
163,2.60933256019776,13,0.07253437
163,2.60933256019776,14,0.07266185
163,2.60933256019776,15,0.07257061
164,2.61909848323008,0,0.07252439
164,2.61909848323008,1,0.07260464
164,2.61909848323008,2,0.07233681
164,2.61909848323008,3,0.07270807
164,2.61909848323008,4,0.07253832
164,2.61909848323008,5,0.07250023
164,2.61909848323008,6,0.07249435
164,2.61909848323008,7,0.07254808
164,2.61909848323008,8,0.07225278
164,2.61909848323008,9,0.07264881
164,2.61909848323008,10,0.07245198
164,2.61909848323008,11,0.07260624
164,2.61909848323008,12,0.07253644
164,2.61909848323008,13,0.07243485
164,2.61909848323008,14,0.07251112
164,2.61909848323008,15,0.0724096
165,2.62947477645192,0,0.07261515
165,2.62947477645192,1,0.07247619
165,2.62947477645192,2,0.07274294
165,2.62947477645192,3,0.07272953
165,2.62947477645192,4,0.07252158
165,2.62947477645192,5,0.07283466
165,2.62947477645192,6,0.07240175
165,2.62947477645192,7,0.07244921
165,2.62947477645192,8,0.07253154
165,2.62947477645192,9,0.07287058
165,2.62947477645192,10,0.07265946
165,2.62947477645192,11,0.07262819
165,2.62947477645192,12,0.07242823
165,2.62947477645192,13,0.07241104
165,2.62947477645192,14,0.07278537
165,2.62947477645192,15,0.07251117
166,2.63863032929472,0,0.0726504
166,2.63863032929472,1,0.07278724
166,2.63863032929472,2,0.0726628
166,2.63863032929472,3,0.07265271
166,2.63863032929472,4,0.07274116
166,2.63863032929472,5,0.07286908
166,2.63863032929472,6,0.07288034
166,2.63863032929472,7,0.07254644
166,2.63863032929472,8,0.07315761
166,2.63863032929472,9,0.07274062
166,2.63863032929472,10,0.07255694
166,2.63863032929472,11,0.07261305
166,2.63863032929472,12,0.07254365
166,2.63863032929472,13,0.07283487
166,2.63863032929472,14,0.07268462
166,2.63863032929472,15,0.07283666
167,2.64900662251656,0,0.07281177
167,2.64900662251656,1,0.07280979
167,2.64900662251656,2,0.0730225
167,2.64900662251656,3,0.0728929
167,2.64900662251656,4,0.07281245
167,2.64900662251656,5,0.07286961
167,2.64900662251656,6,0.07251555
167,2.64900662251656,7,0.07269209
167,2.64900662251656,8,0.07285516
167,2.64900662251656,9,0.07280712
167,2.64900662251656,10,0.07275074
167,2.64900662251656,11,0.0726506
167,2.64900662251656,12,0.07243793
167,2.64900662251656,13,0.07274114
167,2.64900662251656,14,0.07272429
167,2.64900662251656,15,0.07255521
168,2.65877254554888,0,0.0725169
168,2.65877254554888,1,0.07255352
168,2.65877254554888,2,0.0726729
168,2.65877254554888,3,0.07249466
168,2.65877254554888,4,0.07240492
168,2.65877254554888,5,0.07252899
168,2.65877254554888,6,0.07256141
168,2.65877254554888,7,0.07281209
168,2.65877254554888,8,0.072669
168,2.65877254554888,9,0.07262771
168,2.65877254554888,10,0.07252254
168,2.65877254554888,11,0.07246912
168,2.65877254554888,12,0.07231681
168,2.65877254554888,13,0.07225842
168,2.65877254554888,14,0.07228924
168,2.65877254554888,15,0.07232067
169,2.66792809839167,0,0.07247759
169,2.66792809839167,1,0.07256126
169,2.66792809839167,2,0.07239489
169,2.66792809839167,3,0.07259705
169,2.66792809839167,4,0.07220525
169,2.66792809839167,5,0.07241184
169,2.66792809839167,6,0.07268155
169,2.66792809839167,7,0.07261285
169,2.66792809839167,8,0.07247409
169,2.66792809839167,9,0.07256149
169,2.66792809839167,10,0.07245099
169,2.66792809839167,11,0.07229888
169,2.66792809839167,12,0.07250876
169,2.66792809839167,13,0.07253465
169,2.66792809839167,14,0.07266586
169,2.66792809839167,15,0.07228184
170,2.67891476180303,0,0.07245497
170,2.67891476180303,1,0.07254934
170,2.67891476180303,2,0.07224762
170,2.67891476180303,3,0.07244235
170,2.67891476180303,4,0.07231555
170,2.67891476180303,5,0.07238205
170,2.67891476180303,6,0.07225728
170,2.67891476180303,7,0.07213363
170,2.67891476180303,8,0.0725693
170,2.67891476180303,9,0.07238456
170,2.67891476180303,10,0.07253027
170,2.67891476180303,11,0.07237597
170,2.67891476180303,12,0.07259203
170,2.67891476180303,13,0.07246111
170,2.67891476180303,14,0.07245969
170,2.67891476180303,15,0.0723023
171,2.68929105502487,0,0.07257442
171,2.68929105502487,1,0.07237117
171,2.68929105502487,2,0.07242866
171,2.68929105502487,3,0.07247394
171,2.68929105502487,4,0.07253499
171,2.68929105502487,5,0.07230307
171,2.68929105502487,6,0.07254324
171,2.68929105502487,7,0.0724908
171,2.68929105502487,8,0.07251887
171,2.68929105502487,9,0.07236544
171,2.68929105502487,10,0.07228497
171,2.68929105502487,11,0.07267489
171,2.68929105502487,12,0.07241432
171,2.68929105502487,13,0.0724582
171,2.68929105502487,14,0.07233102
171,2.68929105502487,15,0.07236969
172,2.69905697805719,0,0.07262776
172,2.69905697805719,1,0.0728012
172,2.69905697805719,2,0.07244702
172,2.69905697805719,3,0.07256316
172,2.69905697805719,4,0.07269312
172,2.69905697805719,5,0.0725866
172,2.69905697805719,6,0.07258631
172,2.69905697805719,7,0.07248314
172,2.69905697805719,8,0.07220352
172,2.69905697805719,9,0.07201271
172,2.69905697805719,10,0.0721517
172,2.69905697805719,11,0.07243039
172,2.69905697805719,12,0.07206896
172,2.69905697805719,13,0.07242427
172,2.69905697805719,14,0.07201824
172,2.69905697805719,15,0.07211754
173,2.70821253089999,0,0.07188576
173,2.70821253089999,1,0.07214004
173,2.70821253089999,2,0.0721045
173,2.70821253089999,3,0.07221832
173,2.70821253089999,4,0.07204315
173,2.70821253089999,5,0.07229182
173,2.70821253089999,6,0.07211595
173,2.70821253089999,7,0.07190172
173,2.70821253089999,8,0.07189728
173,2.70821253089999,9,0.07204302
173,2.70821253089999,10,0.07215368
173,2.70821253089999,11,0.07211222
173,2.70821253089999,12,0.07210828
173,2.70821253089999,13,0.0720553
173,2.70821253089999,14,0.0722061
173,2.70821253089999,15,0.07222602
174,2.71919919431135,0,0.07223636
174,2.71919919431135,1,0.07202233
174,2.71919919431135,2,0.07232118
174,2.71919919431135,3,0.07229459
174,2.71919919431135,4,0.07248506
174,2.71919919431135,5,0.07194947
174,2.71919919431135,6,0.07203679
174,2.71919919431135,7,0.07228639
174,2.71919919431135,8,0.07214034
174,2.71919919431135,9,0.07246702
174,2.71919919431135,10,0.07233572
174,2.71919919431135,11,0.07235757
174,2.71919919431135,12,0.07209894
174,2.71919919431135,13,0.07242616
174,2.71919919431135,14,0.07229768
174,2.71919919431135,15,0.07246102
175,2.72896511734367,0,0.07233167
175,2.72896511734367,1,0.0724379
175,2.72896511734367,2,0.07228006
175,2.72896511734367,3,0.07249345
175,2.72896511734367,4,0.07273249
175,2.72896511734367,5,0.07249738
175,2.72896511734367,6,0.07282873
175,2.72896511734367,7,0.07247043
175,2.72896511734367,8,0.0724582
175,2.72896511734367,9,0.07224851
175,2.72896511734367,10,0.07229115
175,2.72896511734367,11,0.07250714
175,2.72896511734367,12,0.07236806
175,2.72896511734367,13,0.07219987
175,2.72896511734367,14,0.07233501
175,2.72896511734367,15,0.07227092
176,2.73873104037599,0,0.07255746
176,2.73873104037599,1,0.07259819
176,2.73873104037599,2,0.0727409
176,2.73873104037599,3,0.07258883
176,2.73873104037599,4,0.0724474
176,2.73873104037599,5,0.07250094
176,2.73873104037599,6,0.07251444
176,2.73873104037599,7,0.07242948
176,2.73873104037599,8,0.07234318
176,2.73873104037599,9,0.07243408
176,2.73873104037599,10,0.07267653
176,2.73873104037599,11,0.07246152
176,2.73873104037599,12,0.07256562
176,2.73873104037599,13,0.07258037
176,2.73873104037599,14,0.07222071
176,2.73873104037599,15,0.07240368
177,2.74849696340831,0,0.07236354
177,2.74849696340831,1,0.07237865
177,2.74849696340831,2,0.07267305
177,2.74849696340831,3,0.0728451
177,2.74849696340831,4,0.07248156
177,2.74849696340831,5,0.07279859
177,2.74849696340831,6,0.07238405
177,2.74849696340831,7,0.07256113
177,2.74849696340831,8,0.0726504
177,2.74849696340831,9,0.07261118
177,2.74849696340831,10,0.07241354
177,2.74849696340831,11,0.07232057
177,2.74849696340831,12,0.0724346
177,2.74849696340831,13,0.07249852
177,2.74849696340831,14,0.07245446
177,2.74849696340831,15,0.0723596
178,2.75887325663015,0,0.07241145
178,2.75887325663015,1,0.07238189
178,2.75887325663015,2,0.07212264
178,2.75887325663015,3,0.0724041
178,2.75887325663015,4,0.07263171
178,2.75887325663015,5,0.07230289
178,2.75887325663015,6,0.07232113
178,2.75887325663015,7,0.07228225
178,2.75887325663015,8,0.07262868
178,2.75887325663015,9,0.07253361
178,2.75887325663015,10,0.07255382
178,2.75887325663015,11,0.07221147
178,2.75887325663015,12,0.07228909
178,2.75887325663015,13,0.07241413
178,2.75887325663015,14,0.07255089
178,2.75887325663015,15,0.07239149
179,2.76863917966247,0,0.07240572
179,2.76863917966247,1,0.0723623
179,2.76863917966247,2,0.07203571
179,2.76863917966247,3,0.07230926
179,2.76863917966247,4,0.07212982
179,2.76863917966247,5,0.07225772
179,2.76863917966247,6,0.07259607
179,2.76863917966247,7,0.07266481
179,2.76863917966247,8,0.07278425
179,2.76863917966247,9,0.07247473
179,2.76863917966247,10,0.07243668
179,2.76863917966247,11,0.07246481
179,2.76863917966247,12,0.07281695
179,2.76863917966247,13,0.07257604
179,2.76863917966247,14,0.072578
179,2.76863917966247,15,0.07258894
180,2.7790154728843,0,0.07242934
180,2.7790154728843,1,0.07251661
180,2.7790154728843,2,0.07255024
180,2.7790154728843,3,0.07253401
180,2.7790154728843,4,0.07245182
180,2.7790154728843,5,0.07252889
180,2.7790154728843,6,0.07257961
180,2.7790154728843,7,0.07249811
180,2.7790154728843,8,0.07250567
180,2.7790154728843,9,0.07234663
180,2.7790154728843,10,0.07230394
180,2.7790154728843,11,0.07201898
180,2.7790154728843,12,0.07250398
180,2.7790154728843,13,0.07223634
180,2.7790154728843,14,0.07226218
180,2.7790154728843,15,0.07220314
181,2.7881710257271,0,0.07226526
181,2.7881710257271,1,0.07186788
181,2.7881710257271,2,0.07225142
181,2.7881710257271,3,0.0723715
181,2.7881710257271,4,0.07221984
181,2.7881710257271,5,0.07253481
181,2.7881710257271,6,0.07229784
181,2.7881710257271,7,0.07250709
181,2.7881710257271,8,0.07238691
181,2.7881710257271,9,0.07244753
181,2.7881710257271,10,0.072769
181,2.7881710257271,11,0.07255822
181,2.7881710257271,12,0.07241717
181,2.7881710257271,13,0.07222702
181,2.7881710257271,14,0.07228742
181,2.7881710257271,15,0.07236977
182,2.79854731894894,0,0.07259893
182,2.79854731894894,1,0.07271622
182,2.79854731894894,2,0.07263484
182,2.79854731894894,3,0.07256161
182,2.79854731894894,4,0.07228485
182,2.79854731894894,5,0.07243614
182,2.79854731894894,6,0.07235786
182,2.79854731894894,7,0.0722939
182,2.79854731894894,8,0.07241619
182,2.79854731894894,9,0.07230489
182,2.79854731894894,10,0.07222105
182,2.79854731894894,11,0.07242516
182,2.79854731894894,12,0.07213893
182,2.79854731894894,13,0.07220924
182,2.79854731894894,14,0.07233447
182,2.79854731894894,15,0.07236467
183,2.80831324198126,0,0.07220021
183,2.80831324198126,1,0.07237301
183,2.80831324198126,2,0.07214025
183,2.80831324198126,3,0.07252134
183,2.80831324198126,4,0.07235147
183,2.80831324198126,5,0.07211711
183,2.80831324198126,6,0.07233281
183,2.80831324198126,7,0.07232407
183,2.80831324198126,8,0.07213201
183,2.80831324198126,9,0.07247294
183,2.80831324198126,10,0.07230855
183,2.80831324198126,11,0.07243218
183,2.80831324198126,12,0.07259091
183,2.80831324198126,13,0.07220332
183,2.80831324198126,14,0.07246339
183,2.80831324198126,15,0.07243013
184,2.81929990539262,0,0.07242747
184,2.81929990539262,1,0.07249909
184,2.81929990539262,2,0.07236115
184,2.81929990539262,3,0.07219779
184,2.81929990539262,4,0.07215107
184,2.81929990539262,5,0.07242204
184,2.81929990539262,6,0.07233809
184,2.81929990539262,7,0.07243308
184,2.81929990539262,8,0.0722788
184,2.81929990539262,9,0.07240273
184,2.81929990539262,10,0.07270337
184,2.81929990539262,11,0.07226974
184,2.81929990539262,12,0.07214236
184,2.81929990539262,13,0.07217205
184,2.81929990539262,14,0.07217357
184,2.81929990539262,15,0.07221426
185,2.82906582842494,0,0.07227378
185,2.82906582842494,1,0.07268774
185,2.82906582842494,2,0.0723822
185,2.82906582842494,3,0.0726413
185,2.82906582842494,4,0.07279951
185,2.82906582842494,5,0.07268639
185,2.82906582842494,6,0.07252816
185,2.82906582842494,7,0.07269615
185,2.82906582842494,8,0.07284552
185,2.82906582842494,9,0.07242152
185,2.82906582842494,10,0.07230706
185,2.82906582842494,11,0.07221485
185,2.82906582842494,12,0.07223686
185,2.82906582842494,13,0.07239836
185,2.82906582842494,14,0.07236879
185,2.82906582842494,15,0.07227891
186,2.83822138126774,0,0.07222676
186,2.83822138126774,1,0.0721159
186,2.83822138126774,2,0.07215517
186,2.83822138126774,3,0.07236332
186,2.83822138126774,4,0.07245743
186,2.83822138126774,5,0.07209027
186,2.83822138126774,6,0.07225244
186,2.83822138126774,7,0.07215054
186,2.83822138126774,8,0.07232921
186,2.83822138126774,9,0.07244557
186,2.83822138126774,10,0.07223016
186,2.83822138126774,11,0.07228621
186,2.83822138126774,12,0.07225517
186,2.83822138126774,13,0.07239497
186,2.83822138126774,14,0.07230252
186,2.83822138126774,15,0.07261783
187,2.8492080446791,0,0.07251152
187,2.8492080446791,1,0.07255408
187,2.8492080446791,2,0.07256336
187,2.8492080446791,3,0.07229929
187,2.8492080446791,4,0.07261889
187,2.8492080446791,5,0.07237901
187,2.8492080446791,6,0.07245069
187,2.8492080446791,7,0.07251693
187,2.8492080446791,8,0.07250584
187,2.8492080446791,9,0.07260168
187,2.8492080446791,10,0.07281162
187,2.8492080446791,11,0.0726717
187,2.8492080446791,12,0.07288326
187,2.8492080446791,13,0.0723711
187,2.8492080446791,14,0.07237885
187,2.8492080446791,15,0.07251302
188,2.8583635975219,0,0.07208834
188,2.8583635975219,1,0.07223801
188,2.8583635975219,2,0.07239954
188,2.8583635975219,3,0.07207205
188,2.8583635975219,4,0.07222622
188,2.8583635975219,5,0.07254159
188,2.8583635975219,6,0.07269546
188,2.8583635975219,7,0.07269001
188,2.8583635975219,8,0.07253907
188,2.8583635975219,9,0.07251152
188,2.8583635975219,10,0.07262214
188,2.8583635975219,11,0.07259824
188,2.8583635975219,12,0.07259681
188,2.8583635975219,13,0.07277667
188,2.8583635975219,14,0.07258245
188,2.8583635975219,15,0.07256485
189,2.86873989074374,0,0.07252253
189,2.86873989074374,1,0.072336
189,2.86873989074374,2,0.07253889
189,2.86873989074374,3,0.07274768
189,2.86873989074374,4,0.07269063
189,2.86873989074374,5,0.0726395
189,2.86873989074374,6,0.07249345
189,2.86873989074374,7,0.07276097
189,2.86873989074374,8,0.07285282
189,2.86873989074374,9,0.07277595
189,2.86873989074374,10,0.07274265
189,2.86873989074374,11,0.07289752
189,2.86873989074374,12,0.07275317
189,2.86873989074374,13,0.07260705
189,2.86873989074374,14,0.07251409
189,2.86873989074374,15,0.07243326
190,2.87911618396558,0,0.07250644
190,2.87911618396558,1,0.0725828
190,2.87911618396558,2,0.07279954
190,2.87911618396558,3,0.07240846
190,2.87911618396558,4,0.07257585
190,2.87911618396558,5,0.07266447
190,2.87911618396558,6,0.07231349
190,2.87911618396558,7,0.07265555
190,2.87911618396558,8,0.07253214
190,2.87911618396558,9,0.07230738
190,2.87911618396558,10,0.07241692
190,2.87911618396558,11,0.07228801
190,2.87911618396558,12,0.07215797
190,2.87911618396558,13,0.07200444
190,2.87911618396558,14,0.07191841
190,2.87911618396558,15,0.07231171
191,2.88827173680837,0,0.07235994
191,2.88827173680837,1,0.0723621
191,2.88827173680837,2,0.07227267
191,2.88827173680837,3,0.07228192
191,2.88827173680837,4,0.07233947
191,2.88827173680837,5,0.07247932
191,2.88827173680837,6,0.07222725
191,2.88827173680837,7,0.07229565
191,2.88827173680837,8,0.07250538
191,2.88827173680837,9,0.07256073
191,2.88827173680837,10,0.07259964
191,2.88827173680837,11,0.07247258
191,2.88827173680837,12,0.07273048
191,2.88827173680837,13,0.07244477
191,2.88827173680837,14,0.07251745
191,2.88827173680837,15,0.07272636
192,2.89803765984069,0,0.07256744
192,2.89803765984069,1,0.07255348
192,2.89803765984069,2,0.0729671
192,2.89803765984069,3,0.07262418
192,2.89803765984069,4,0.07294483
192,2.89803765984069,5,0.07299453
192,2.89803765984069,6,0.07264663
192,2.89803765984069,7,0.07265819
192,2.89803765984069,8,0.07261397
192,2.89803765984069,9,0.07266144
192,2.89803765984069,10,0.07268151
192,2.89803765984069,11,0.07254258
192,2.89803765984069,12,0.07231557
192,2.89803765984069,13,0.07297323
192,2.89803765984069,14,0.07284571
192,2.89803765984069,15,0.07297815
193,2.90902432325205,0,0.07267002
193,2.90902432325205,1,0.07250626
193,2.90902432325205,2,0.07286491
193,2.90902432325205,3,0.07295015
193,2.90902432325205,4,0.07279465
193,2.90902432325205,5,0.07281625
193,2.90902432325205,6,0.07267319
193,2.90902432325205,7,0.07301603
193,2.90902432325205,8,0.07282367
193,2.90902432325205,9,0.07265391
193,2.90902432325205,10,0.07265578
193,2.90902432325205,11,0.07297795
193,2.90902432325205,12,0.07278661
193,2.90902432325205,13,0.07265526
193,2.90902432325205,14,0.07271454
193,2.90902432325205,15,0.0728478
194,2.91817987609485,0,0.07281759
194,2.91817987609485,1,0.07270347
194,2.91817987609485,2,0.07277611
194,2.91817987609485,3,0.07249338
194,2.91817987609485,4,0.07238312
194,2.91817987609485,5,0.07259978
194,2.91817987609485,6,0.07232059
194,2.91817987609485,7,0.07245863
194,2.91817987609485,8,0.07261397
194,2.91817987609485,9,0.07237299
194,2.91817987609485,10,0.07237973
194,2.91817987609485,11,0.07239714
194,2.91817987609485,12,0.07236637
194,2.91817987609485,13,0.07242512
194,2.91817987609485,14,0.07238124
194,2.91817987609485,15,0.07256791
195,2.92855616931669,0,0.07267587
195,2.92855616931669,1,0.0723705
195,2.92855616931669,2,0.07275235
195,2.92855616931669,3,0.07263368
195,2.92855616931669,4,0.07279259
195,2.92855616931669,5,0.07272913
195,2.92855616931669,6,0.07265273
195,2.92855616931669,7,0.0726079
195,2.92855616931669,8,0.07282779
195,2.92855616931669,9,0.07249735
195,2.92855616931669,10,0.07286135
195,2.92855616931669,11,0.07236414
195,2.92855616931669,12,0.0726359
195,2.92855616931669,13,0.07247978
195,2.92855616931669,14,0.07257769
195,2.92855616931669,15,0.07236746
196,2.93832209234901,0,0.07262122
196,2.93832209234901,1,0.07270703
196,2.93832209234901,2,0.07289217
196,2.93832209234901,3,0.07261159
196,2.93832209234901,4,0.07269374
196,2.93832209234901,5,0.0724668
196,2.93832209234901,6,0.07283086
196,2.93832209234901,7,0.07257694
196,2.93832209234901,8,0.0730459
196,2.93832209234901,9,0.07265497
196,2.93832209234901,10,0.07260422
196,2.93832209234901,11,0.07249213
196,2.93832209234901,12,0.07259501
196,2.93832209234901,13,0.07268305
196,2.93832209234901,14,0.07241808
196,2.93832209234901,15,0.07278534
197,2.94869838557085,0,0.0726623
197,2.94869838557085,1,0.07271487
197,2.94869838557085,2,0.07280356
197,2.94869838557085,3,0.0722332
197,2.94869838557085,4,0.07239883
197,2.94869838557085,5,0.07256682
197,2.94869838557085,6,0.07249132
197,2.94869838557085,7,0.07262523
197,2.94869838557085,8,0.07280306
197,2.94869838557085,9,0.07272589
197,2.94869838557085,10,0.07237045
197,2.94869838557085,11,0.07215363
197,2.94869838557085,12,0.07273619
197,2.94869838557085,13,0.07262915
197,2.94869838557085,14,0.07242626
197,2.94869838557085,15,0.07275277
198,2.95846430860317,0,0.07242548
198,2.95846430860317,1,0.07242601
198,2.95846430860317,2,0.07223222
198,2.95846430860317,3,0.07260793
198,2.95846430860317,4,0.07248589
198,2.95846430860317,5,0.07247355
198,2.95846430860317,6,0.07265972
198,2.95846430860317,7,0.07281835
198,2.95846430860317,8,0.07273302
198,2.95846430860317,9,0.07262365
198,2.95846430860317,10,0.07276012
198,2.95846430860317,11,0.07248016
198,2.95846430860317,12,0.07265819
198,2.95846430860317,13,0.07283614
198,2.95846430860317,14,0.07269376
198,2.95846430860317,15,0.07256144
199,2.96884060182501,0,0.07268501
199,2.96884060182501,1,0.07273484
199,2.96884060182501,2,0.07236179
199,2.96884060182501,3,0.07258254
199,2.96884060182501,4,0.07262709
199,2.96884060182501,5,0.0726548
199,2.96884060182501,6,0.07261472
199,2.96884060182501,7,0.07234588
199,2.96884060182501,8,0.0722447
199,2.96884060182501,9,0.07220926
199,2.96884060182501,10,0.07254227
199,2.96884060182501,11,0.0728487
199,2.96884060182501,12,0.07236813
199,2.96884060182501,13,0.07244273
199,2.96884060182501,14,0.07244574
199,2.96884060182501,15,0.07238544
200,2.97860652485733,0,0.07230036
200,2.97860652485733,1,0.07276221
200,2.97860652485733,2,0.0723554
200,2.97860652485733,3,0.07260267
200,2.97860652485733,4,0.07261875
200,2.97860652485733,5,0.07267727
200,2.97860652485733,6,0.07248094
200,2.97860652485733,7,0.07258206
200,2.97860652485733,8,0.07262649
200,2.97860652485733,9,0.07254729
200,2.97860652485733,10,0.07292372
200,2.97860652485733,11,0.07295232
200,2.97860652485733,12,0.072828
200,2.97860652485733,13,0.07272128
200,2.97860652485733,14,0.07292341
200,2.97860652485733,15,0.07276803
