pos_index,position,sample_index,voltage
0,-0.010376293221839,0,0.0687861
0,-0.010376293221839,1,0.06852429
0,-0.010376293221839,2,0.06831364
0,-0.010376293221839,3,0.06847842
0,-0.010376293221839,4,0.06830399
0,-0.010376293221839,5,0.06874238
0,-0.010376293221839,6,0.06874426
0,-0.010376293221839,7,0.0688449
0,-0.010376293221839,8,0.06901528
0,-0.010376293221839,9,0.06886828
0,-0.010376293221839,10,0.06871236
0,-0.010376293221839,11,0.06856809
1,-0.0097659230323191,0,0.06853589
1,-0.0097659230323191,1,0.0683301
1,-0.0097659230323191,2,0.06836809
1,-0.0097659230323191,3,0.06849854
1,-0.0097659230323191,4,0.06843906
1,-0.0097659230323191,5,0.06831896
1,-0.0097659230323191,6,0.06825434
1,-0.0097659230323191,7,0.0684621
1,-0.0097659230323191,8,0.06854867
1,-0.0097659230323191,9,0.06874835
1,-0.0097659230323191,10,0.06853597
1,-0.0097659230323191,11,0.06839064
1,-0.0097659230323191,12,0.06850363
1,-0.0097659230323191,13,0.06842843
1,-0.0097659230323191,14,0.06860642
1,-0.0097659230323191,15,0.06885155
2,0.0,0,0.06832851
2,0.0,1,0.06832235
2,0.0,2,0.06842993
2,0.0,3,0.06834298
2,0.0,4,0.06862669
2,0.0,5,0.06872749
2,0.0,6,0.06845688
2,0.0,7,0.06870994
2,0.0,8,0.06857646
2,0.0,9,0.06895552
2,0.0,10,0.06888476
2,0.0,11,0.06865974
2,0.0,12,0.06824264
2,0.0,13,0.06848129
2,0.0,14,0.06830037
2,0.0,15,0.06870815
3,0.0097659230323191,0,0.06855328
3,0.0097659230323191,1,0.06855423
3,0.0097659230323191,2,0.06831106
3,0.0097659230323191,3,0.06843872
3,0.0097659230323191,4,0.06846023
3,0.0097659230323191,5,0.06831595
3,0.0097659230323191,6,0.06822294
3,0.0097659230323191,7,0.06819196
3,0.0097659230323191,8,0.06819822
3,0.0097659230323191,9,0.06855056
3,0.0097659230323191,10,0.06843051
3,0.0097659230323191,11,0.06829374
3,0.0097659230323191,12,0.06864138
3,0.0097659230323191,13,0.06833052
3,0.0097659230323191,14,0.06863093
3,0.0097659230323191,15,0.06847673
4,0.0201422162541581,0,0.06839
4,0.0201422162541581,1,0.06829419
4,0.0201422162541581,2,0.06791782
4,0.0201422162541581,3,0.06838652
4,0.0201422162541581,4,0.06837287
4,0.0201422162541581,5,0.06841891
4,0.0201422162541581,6,0.06838269
4,0.0201422162541581,7,0.06858449
4,0.0201422162541581,8,0.06844486
4,0.0201422162541581,9,0.06842966
4,0.0201422162541581,10,0.06818654
4,0.0201422162541581,11,0.06830016
4,0.0201422162541581,12,0.06820372
4,0.0201422162541581,13,0.06839245
4,0.0201422162541581,14,0.06835657
4,0.0201422162541581,15,0.06844417
5,0.0292977690969573,0,0.06854048
5,0.0292977690969573,1,0.06870495
5,0.0292977690969573,2,0.06851634
5,0.0292977690969573,3,0.06853991
5,0.0292977690969573,4,0.06863168
5,0.0292977690969573,5,0.0686274
5,0.0292977690969573,6,0.0684033
5,0.0292977690969573,7,0.06829596
5,0.0292977690969573,8,0.06824472
5,0.0292977690969573,9,0.068339
5,0.0292977690969573,10,0.06864069
5,0.0292977690969573,11,0.06838422
5,0.0292977690969573,12,0.06824502
5,0.0292977690969573,13,0.06852001
5,0.0292977690969573,14,0.06859616
5,0.0292977690969573,15,0.06830208
6,0.0402844325083163,0,0.06843664
6,0.0402844325083163,1,0.06871308
6,0.0402844325083163,2,0.06862194
6,0.0402844325083163,3,0.06881939
6,0.0402844325083163,4,0.06860253
6,0.0402844325083163,5,0.06843007
6,0.0402844325083163,6,0.06860035
6,0.0402844325083163,7,0.06846239
6,0.0402844325083163,8,0.0682748
6,0.0402844325083163,9,0.06848714
6,0.0402844325083163,10,0.06853095
6,0.0402844325083163,11,0.06850445
6,0.0402844325083163,12,0.06825109
6,0.0402844325083163,13,0.06824844
6,0.0402844325083163,14,0.06841905
6,0.0402844325083163,15,0.06841512
7,0.0494399853511154,0,0.06856868
7,0.0494399853511154,1,0.06871548
7,0.0494399853511154,2,0.06863949
7,0.0494399853511154,3,0.06827224
7,0.0494399853511154,4,0.06833385
7,0.0494399853511154,5,0.06839398
7,0.0494399853511154,6,0.06826984
7,0.0494399853511154,7,0.06845199
7,0.0494399853511154,8,0.06867692
7,0.0494399853511154,9,0.06852403
7,0.0494399853511154,10,0.06825925
7,0.0494399853511154,11,0.06845105
7,0.0494399853511154,12,0.06847583
7,0.0494399853511154,13,0.06844645
7,0.0494399853511154,14,0.0685842
7,0.0494399853511154,15,0.06827828
8,0.0598162785729545,0,0.06798442
8,0.0598162785729545,1,0.06812972
8,0.0598162785729545,2,0.06840925
8,0.0598162785729545,3,0.06837557
8,0.0598162785729545,4,0.06845152
8,0.0598162785729545,5,0.06856985
8,0.0598162785729545,6,0.06831799
8,0.0598162785729545,7,0.06843226
8,0.0598162785729545,8,0.06860779
8,0.0598162785729545,9,0.06854928
8,0.0598162785729545,10,0.06840415
8,0.0598162785729545,11,0.0682914
8,0.0598162785729545,12,0.06813064
8,0.0598162785729545,13,0.06832484
8,0.0598162785729545,14,0.0686053
8,0.0598162785729545,15,0.06813016
9,0.0695822016052736,0,0.06872884
9,0.0695822016052736,1,0.06853653
9,0.0695822016052736,2,0.06825659
9,0.0695822016052736,3,0.06823181
9,0.0695822016052736,4,0.06833597
9,0.0695822016052736,5,0.06841595
9,0.0695822016052736,6,0.06830908
9,0.0695822016052736,7,0.06824358
9,0.0695822016052736,8,0.06865751
9,0.0695822016052736,9,0.06838068
9,0.0695822016052736,10,0.06852882
9,0.0695822016052736,11,0.0686295
9,0.0695822016052736,12,0.06870101
9,0.0695822016052736,13,0.06870941
9,0.0695822016052736,14,0.06866109
9,0.0695822016052736,15,0.06830496
10,0.0805688650166326,0,0.06831639
10,0.0805688650166326,1,0.06817547
10,0.0805688650166326,2,0.06824379
10,0.0805688650166326,3,0.06811909
10,0.0805688650166326,4,0.06868637
10,0.0805688650166326,5,0.06874478
10,0.0805688650166326,6,0.06843773
10,0.0805688650166326,7,0.06836104
10,0.0805688650166326,8,0.06827207
10,0.0805688650166326,9,0.06831632
10,0.0805688650166326,10,0.06827378
10,0.0805688650166326,11,0.06843923
10,0.0805688650166326,12,0.0683349
10,0.0805688650166326,13,0.06818034
10,0.0805688650166326,14,0.06839896
10,0.0805688650166326,15,0.06840476
11,0.0897244178594318,0,0.06837201
11,0.0897244178594318,1,0.06867379
11,0.0897244178594318,2,0.06877422
11,0.0897244178594318,3,0.06870133
11,0.0897244178594318,4,0.0685407
11,0.0897244178594318,5,0.06836799
11,0.0897244178594318,6,0.06868843
11,0.0897244178594318,7,0.06880713
11,0.0897244178594318,8,0.0688768
11,0.0897244178594318,9,0.06858906
11,0.0897244178594318,10,0.06842156
11,0.0897244178594318,11,0.06873844
11,0.0897244178594318,12,0.06866147
11,0.0897244178594318,13,0.06856894
11,0.0897244178594318,14,0.06839147
11,0.0897244178594318,15,0.06823436
12,0.100711081270791,0,0.06852963
12,0.100711081270791,1,0.06861859
12,0.100711081270791,2,0.06833628
12,0.100711081270791,3,0.06866334
12,0.100711081270791,4,0.06873523
12,0.100711081270791,5,0.06856439
12,0.100711081270791,6,0.06846452
12,0.100711081270791,7,0.06836976
12,0.100711081270791,8,0.06855822
12,0.100711081270791,9,0.06838185
12,0.100711081270791,10,0.06837302
12,0.100711081270791,11,0.06857765
12,0.100711081270791,12,0.06868204
12,0.100711081270791,13,0.0684756
12,0.100711081270791,14,0.06866921
12,0.100711081270791,15,0.06866667
13,0.10986663411359,0,0.06863111
13,0.10986663411359,1,0.06816251
13,0.10986663411359,2,0.06843857
13,0.10986663411359,3,0.06867332
13,0.10986663411359,4,0.06844812
13,0.10986663411359,5,0.06835517
13,0.10986663411359,6,0.06811891
13,0.10986663411359,7,0.06844959
13,0.10986663411359,8,0.06844155
13,0.10986663411359,9,0.06856327
13,0.10986663411359,10,0.06858096
13,0.10986663411359,11,0.06857183
13,0.10986663411359,12,0.06831682
13,0.10986663411359,13,0.06848034
13,0.10986663411359,14,0.0683912
13,0.10986663411359,15,0.06855389
14,0.119022186956389,0,0.0684171
14,0.119022186956389,1,0.06839693
14,0.119022186956389,2,0.06838366
14,0.119022186956389,3,0.06868478
14,0.119022186956389,4,0.06854402
14,0.119022186956389,5,0.06866306
14,0.119022186956389,6,0.0685579
14,0.119022186956389,7,0.06846364
14,0.119022186956389,8,0.06825181
14,0.119022186956389,9,0.06854723
14,0.119022186956389,10,0.06859753
14,0.119022186956389,11,0.06884661
14,0.119022186956389,12,0.06856325
14,0.119022186956389,13,0.06870585
14,0.119022186956389,14,0.06856605
14,0.119022186956389,15,0.0683892
15,0.129398480178228,0,0.06830249
15,0.129398480178228,1,0.06862935
15,0.129398480178228,2,0.06840116
15,0.129398480178228,3,0.06836691
15,0.129398480178228,4,0.06861594
15,0.129398480178228,5,0.06843257
15,0.129398480178228,6,0.06832327
15,0.129398480178228,7,0.0686815
15,0.129398480178228,8,0.06853239
15,0.129398480178228,9,0.06837223
15,0.129398480178228,10,0.06843289
15,0.129398480178228,11,0.06850532
15,0.129398480178228,12,0.06849132
15,0.129398480178228,13,0.06810115
15,0.129398480178228,14,0.06861641
15,0.129398480178228,15,0.06823419
16,0.139774773400067,0,0.06869827
16,0.139774773400067,1,0.0685582
16,0.139774773400067,2,0.06827714
16,0.139774773400067,3,0.06830161
16,0.139774773400067,4,0.06854951
16,0.139774773400067,5,0.06849174
16,0.139774773400067,6,0.06864045
16,0.139774773400067,7,0.06839609
16,0.139774773400067,8,0.06847556
16,0.139774773400067,9,0.06840051
16,0.139774773400067,10,0.06846183
16,0.139774773400067,11,0.06848623
16,0.139774773400067,12,0.06822021
16,0.139774773400067,13,0.06825911
16,0.139774773400067,14,0.06804222
16,0.139774773400067,15,0.06821858
17,0.149540696432386,0,0.06847331
17,0.149540696432386,1,0.06881761
17,0.149540696432386,2,0.0683691
17,0.149540696432386,3,0.06841204
17,0.149540696432386,4,0.0683571
17,0.149540696432386,5,0.06850346
17,0.149540696432386,6,0.0686367
17,0.149540696432386,7,0.06864321
17,0.149540696432386,8,0.06842488
17,0.149540696432386,9,0.06880245
17,0.149540696432386,10,0.06879912
17,0.149540696432386,11,0.06902837
17,0.149540696432386,12,0.06864095
17,0.149540696432386,13,0.0686767
17,0.149540696432386,14,0.06862733
17,0.149540696432386,15,0.06811144
18,0.159306619464705,0,0.06823319
18,0.159306619464705,1,0.06844594
18,0.159306619464705,2,0.06855731
18,0.159306619464705,3,0.06854074
18,0.159306619464705,4,0.06847612
18,0.159306619464705,5,0.06834462
18,0.159306619464705,6,0.06832858
18,0.159306619464705,7,0.06818714
18,0.159306619464705,8,0.06845634
18,0.159306619464705,9,0.06850796
18,0.159306619464705,10,0.06822751
18,0.159306619464705,11,0.06824856
18,0.159306619464705,12,0.06857761
18,0.159306619464705,13,0.06846156
18,0.159306619464705,14,0.06843453
18,0.159306619464705,15,0.06847203
19,0.169682912686544,0,0.06841732
19,0.169682912686544,1,0.06830449
19,0.169682912686544,2,0.06825428
19,0.169682912686544,3,0.06841857
19,0.169682912686544,4,0.06852026
19,0.169682912686544,5,0.06852818
19,0.169682912686544,6,0.06863719
19,0.169682912686544,7,0.06841958
19,0.169682912686544,8,0.06846337
19,0.169682912686544,9,0.06859051
19,0.169682912686544,10,0.06847086
19,0.169682912686544,11,0.06813946
19,0.169682912686544,12,0.06844344
19,0.169682912686544,13,0.06865538
19,0.169682912686544,14,0.06870681
19,0.169682912686544,15,0.06851685
20,0.179448835718864,0,0.06860569
20,0.179448835718864,1,0.06867097
20,0.179448835718864,2,0.0687492
20,0.179448835718864,3,0.06840996
20,0.179448835718864,4,0.06863971
20,0.179448835718864,5,0.06868358
20,0.179448835718864,6,0.06850185
20,0.179448835718864,7,0.06847695
20,0.179448835718864,8,0.06881902
20,0.179448835718864,9,0.06851399
20,0.179448835718864,10,0.06848789
20,0.179448835718864,11,0.06867345
20,0.179448835718864,12,0.06853404
20,0.179448835718864,13,0.06863019
20,0.179448835718864,14,0.06860676
20,0.179448835718864,15,0.06833033
21,0.189825128940703,0,0.06858867
21,0.189825128940703,1,0.06824237
21,0.189825128940703,2,0.06845881
21,0.189825128940703,3,0.0683009
21,0.189825128940703,4,0.06828026
21,0.189825128940703,5,0.06814715
21,0.189825128940703,6,0.06843182
21,0.189825128940703,7,0.06888313
21,0.189825128940703,8,0.06846349
21,0.189825128940703,9,0.06857675
21,0.189825128940703,10,0.06850228
21,0.189825128940703,11,0.06842131
21,0.189825128940703,12,0.06839806
21,0.189825128940703,13,0.06852973
21,0.189825128940703,14,0.06836256
21,0.189825128940703,15,0.068355
22,0.198980681783502,0,0.06844559
22,0.198980681783502,1,0.06875817
22,0.198980681783502,2,0.06856672
22,0.198980681783502,3,0.06886157
22,0.198980681783502,4,0.06875591
22,0.198980681783502,5,0.06858534
22,0.198980681783502,6,0.06863479
22,0.198980681783502,7,0.06862527
22,0.198980681783502,8,0.06832317
22,0.198980681783502,9,0.06853007
22,0.198980681783502,10,0.06850821
22,0.198980681783502,11,0.06876414
22,0.198980681783502,12,0.06836721
22,0.198980681783502,13,0.06843326
22,0.198980681783502,14,0.06829464
22,0.198980681783502,15,0.06830535
23,0.209967345194861,0,0.06864338
23,0.209967345194861,1,0.06885611
23,0.209967345194861,2,0.06840701
23,0.209967345194861,3,0.06898745
23,0.209967345194861,4,0.06890054
23,0.209967345194861,5,0.06861237
23,0.209967345194861,6,0.06891845
23,0.209967345194861,7,0.06888276
23,0.209967345194861,8,0.06887243
23,0.209967345194861,9,0.06901233
23,0.209967345194861,10,0.06885143
23,0.209967345194861,11,0.06883261
23,0.209967345194861,12,0.06903598
23,0.209967345194861,13,0.06903917
23,0.209967345194861,14,0.06921332
23,0.209967345194861,15,0.06866354
24,0.21973326822718,0,0.0687695
24,0.21973326822718,1,0.06876098
24,0.21973326822718,2,0.06862679
24,0.21973326822718,3,0.06841837
24,0.21973326822718,4,0.0684911
24,0.21973326822718,5,0.06846275
24,0.21973326822718,6,0.06846912
24,0.21973326822718,7,0.06831067
24,0.21973326822718,8,0.06834305
24,0.21973326822718,9,0.06838199
24,0.21973326822718,10,0.06846359
24,0.21973326822718,11,0.06866652
24,0.21973326822718,12,0.06842942
24,0.21973326822718,13,0.06831519
24,0.21973326822718,14,0.06844506
24,0.21973326822718,15,0.06862647
25,0.230719931638539,0,0.06838807
25,0.230719931638539,1,0.06863952
25,0.230719931638539,2,0.06832198
25,0.230719931638539,3,0.06871663
25,0.230719931638539,4,0.06870671
25,0.230719931638539,5,0.06831654
25,0.230719931638539,6,0.06876007
25,0.230719931638539,7,0.06860194
25,0.230719931638539,8,0.06832436
25,0.230719931638539,9,0.06861056
25,0.230719931638539,10,0.06853869
25,0.230719931638539,11,0.0685325
25,0.230719931638539,12,0.06858087
25,0.230719931638539,13,0.06854594
25,0.230719931638539,14,0.06842606
25,0.230719931638539,15,0.06842009
26,0.239265114291818,0,0.06816005
26,0.239265114291818,1,0.06822304
26,0.239265114291818,2,0.0685215
26,0.239265114291818,3,0.0683221
26,0.239265114291818,4,0.06855562
26,0.239265114291818,5,0.06833541
26,0.239265114291818,6,0.06867876
26,0.239265114291818,7,0.06874456
26,0.239265114291818,8,0.06871611
26,0.239265114291818,9,0.06888156
26,0.239265114291818,10,0.06851294
26,0.239265114291818,11,0.06837519
26,0.239265114291818,12,0.06856625
26,0.239265114291818,13,0.06863717
26,0.239265114291818,14,0.068531
26,0.239265114291818,15,0.06837872
27,0.249641407513657,0,0.0687168
27,0.249641407513657,1,0.06851688
27,0.249641407513657,2,0.06868997
27,0.249641407513657,3,0.06888945
27,0.249641407513657,4,0.06857815
27,0.249641407513657,5,0.0685804
27,0.249641407513657,6,0.06845762
27,0.249641407513657,7,0.06834095
27,0.249641407513657,8,0.06845325
27,0.249641407513657,9,0.06851862
27,0.249641407513657,10,0.06845213
27,0.249641407513657,11,0.06827079
27,0.249641407513657,12,0.06854513
27,0.249641407513657,13,0.06830472
27,0.249641407513657,14,0.06828288
27,0.249641407513657,15,0.06819864
28,0.260017700735496,0,0.0687381
28,0.260017700735496,1,0.06840635
28,0.260017700735496,2,0.06828415
28,0.260017700735496,3,0.06829701
28,0.260017700735496,4,0.06853888
28,0.260017700735496,5,0.06869017
28,0.260017700735496,6,0.06860187
28,0.260017700735496,7,0.0684852
28,0.260017700735496,8,0.0685852
28,0.260017700735496,9,0.068423
28,0.260017700735496,10,0.06869482
28,0.260017700735496,11,0.06833331
28,0.260017700735496,12,0.06826761
28,0.260017700735496,13,0.06851874
28,0.260017700735496,14,0.06819572
28,0.260017700735496,15,0.06826425
29,0.269783623767815,0,0.06866603
29,0.269783623767815,1,0.06876936
29,0.269783623767815,2,0.06848038
29,0.269783623767815,3,0.06846354
29,0.269783623767815,4,0.06881491
29,0.269783623767815,5,0.06840772
29,0.269783623767815,6,0.06866429
29,0.269783623767815,7,0.06843235
29,0.269783623767815,8,0.06868015
29,0.269783623767815,9,0.0684223
29,0.269783623767815,10,0.06853419
29,0.269783623767815,11,0.06844658
29,0.269783623767815,12,0.06825387
29,0.269783623767815,13,0.06853389
29,0.269783623767815,14,0.06839419
29,0.269783623767815,15,0.06830616
30,0.279549546800134,0,0.06851355
30,0.279549546800134,1,0.06852084
30,0.279549546800134,2,0.06825884
30,0.279549546800134,3,0.06858268
30,0.279549546800134,4,0.0682648
30,0.279549546800134,5,0.06835745
30,0.279549546800134,6,0.06847717
30,0.279549546800134,7,0.06825774
30,0.279549546800134,8,0.06814315
30,0.279549546800134,9,0.06823701
30,0.279549546800134,10,0.06784057
30,0.279549546800134,11,0.06818742
30,0.279549546800134,12,0.06814979
30,0.279549546800134,13,0.06804056
30,0.279549546800134,14,0.06845938
30,0.279549546800134,15,0.06817625
31,0.290536210211493,0,0.06825458
31,0.290536210211493,1,0.06842126
31,0.290536210211493,2,0.06830614
31,0.290536210211493,3,0.06840219
31,0.290536210211493,4,0.06838829
31,0.290536210211493,5,0.06850675
31,0.290536210211493,6,0.06820436
31,0.290536210211493,7,0.06840503
31,0.290536210211493,8,0.06819966
31,0.290536210211493,9,0.06843624
31,0.290536210211493,10,0.0681249
31,0.290536210211493,11,0.06832941
31,0.290536210211493,12,0.06821144
31,0.290536210211493,13,0.0681323
31,0.290536210211493,14,0.06817943
31,0.290536210211493,15,0.0685957
32,0.299691763054292,0,0.06820627
32,0.299691763054292,1,0.06820272
32,0.299691763054292,2,0.06811827
32,0.299691763054292,3,0.06818844
32,0.299691763054292,4,0.06814725
32,0.299691763054292,5,0.06804415
32,0.299691763054292,6,0.06825882
32,0.299691763054292,7,0.06818344
32,0.299691763054292,8,0.06806196
32,0.299691763054292,9,0.06838195
32,0.299691763054292,10,0.0683087
32,0.299691763054292,11,0.06821943
32,0.299691763054292,12,0.06847781
32,0.299691763054292,13,0.06830166
32,0.299691763054292,14,0.06821218
32,0.299691763054292,15,0.06831436
33,0.310068056276132,0,0.06832467
33,0.310068056276132,1,0.06845086
33,0.310068056276132,2,0.06839406
33,0.310068056276132,3,0.06807306
33,0.310068056276132,4,0.06825042
33,0.310068056276132,5,0.0684562
33,0.310068056276132,6,0.06816658
33,0.310068056276132,7,0.0681111
33,0.310068056276132,8,0.06843231
33,0.310068056276132,9,0.06812259
33,0.310068056276132,10,0.06857717
33,0.310068056276132,11,0.06817775
33,0.310068056276132,12,0.06837177
33,0.310068056276132,13,0.06848765
33,0.310068056276132,14,0.06856241
33,0.310068056276132,15,0.06847715
34,0.32044434949797,0,0.06834266
34,0.32044434949797,1,0.068501
34,0.32044434949797,2,0.06819691
34,0.32044434949797,3,0.06842682
34,0.32044434949797,4,0.06821676
34,0.32044434949797,5,0.0680807
34,0.32044434949797,6,0.06831288
34,0.32044434949797,7,0.06829239
34,0.32044434949797,8,0.0684903
34,0.32044434949797,9,0.06820946
34,0.32044434949797,10,0.06827138
34,0.32044434949797,11,0.06824724
34,0.32044434949797,12,0.06818256
34,0.32044434949797,13,0.06840976
34,0.32044434949797,14,0.06836334
34,0.32044434949797,15,0.06833715
35,0.32898953215125,0,0.06857306
35,0.32898953215125,1,0.06859443
35,0.32898953215125,2,0.06846642
35,0.32898953215125,3,0.06853093
35,0.32898953215125,4,0.06834298
35,0.32898953215125,5,0.06825221
35,0.32898953215125,6,0.06842785
35,0.32898953215125,7,0.06861007
35,0.32898953215125,8,0.06836963
35,0.32898953215125,9,0.06820935
35,0.32898953215125,10,0.06849139
35,0.32898953215125,11,0.06843551
35,0.32898953215125,12,0.06862899
35,0.32898953215125,13,0.06840739
35,0.32898953215125,14,0.06832095
35,0.32898953215125,15,0.06862525
36,0.339976195562609,0,0.06849272
36,0.339976195562609,1,0.06852873
36,0.339976195562609,2,0.06888191
36,0.339976195562609,3,0.06872725
36,0.339976195562609,4,0.0686665
36,0.339976195562609,5,0.06875712
36,0.339976195562609,6,0.06872074
36,0.339976195562609,7,0.06858779
36,0.339976195562609,8,0.06872
36,0.339976195562609,9,0.06860265
36,0.339976195562609,10,0.06850909
36,0.339976195562609,11,0.06838312
36,0.339976195562609,12,0.06846469
36,0.339976195562609,13,0.06829013
36,0.339976195562609,14,0.06829129
36,0.339976195562609,15,0.06846802
37,0.349742118594928,0,0.06868652
37,0.349742118594928,1,0.06828827
37,0.349742118594928,2,0.0684225
37,0.349742118594928,3,0.06861308
37,0.349742118594928,4,0.06867178
37,0.349742118594928,5,0.06838719
37,0.349742118594928,6,0.06848134
37,0.349742118594928,7,0.06822533
37,0.349742118594928,8,0.06830359
37,0.349742118594928,9,0.0683511
37,0.349742118594928,10,0.06843483
37,0.349742118594928,11,0.06856948
37,0.349742118594928,12,0.06838457
37,0.349742118594928,13,0.06848419
37,0.349742118594928,14,0.06853467
37,0.349742118594928,15,0.06838944
38,0.360118411816767,0,0.0685393
38,0.360118411816767,1,0.06864101
38,0.360118411816767,2,0.06833081
38,0.360118411816767,3,0.06862466
38,0.360118411816767,4,0.06864608
38,0.360118411816767,5,0.06844576
38,0.360118411816767,6,0.06873579
38,0.360118411816767,7,0.06845867
38,0.360118411816767,8,0.06838677
38,0.360118411816767,9,0.06874267
38,0.360118411816767,10,0.06891453
38,0.360118411816767,11,0.06872455
38,0.360118411816767,12,0.06879096
38,0.360118411816767,13,0.06872348
38,0.360118411816767,14,0.06900351
38,0.360118411816767,15,0.06898847
39,0.369273964659566,0,0.06873335
39,0.369273964659566,1,0.06879766
39,0.369273964659566,2,0.06917147
39,0.369273964659566,3,0.06896017
39,0.369273964659566,4,0.06932405
39,0.369273964659566,5,0.06930528
39,0.369273964659566,6,0.06912652
39,0.369273964659566,7,0.06896725
39,0.369273964659566,8,0.06890585
39,0.369273964659566,9,0.06890974
39,0.369273964659566,10,0.06909188
39,0.369273964659566,11,0.06887755
39,0.369273964659566,12,0.06913772
39,0.369273964659566,13,0.06890137
39,0.369273964659566,14,0.06885703
39,0.369273964659566,15,0.0690222
40,0.379650257881405,0,0.06857362
40,0.379650257881405,1,0.06880795
40,0.379650257881405,2,0.06856958
40,0.379650257881405,3,0.06850872
40,0.379650257881405,4,0.06890683
40,0.379650257881405,5,0.06857683
40,0.379650257881405,6,0.06882965
40,0.379650257881405,7,0.06867376
40,0.379650257881405,8,0.068525
40,0.379650257881405,9,0.06883971
40,0.379650257881405,10,0.0687663
40,0.379650257881405,11,0.06878991
40,0.379650257881405,12,0.06853896
40,0.379650257881405,13,0.06885776
40,0.379650257881405,14,0.06868713
40,0.379650257881405,15,0.06878485
41,0.390026551103244,0,0.06835461
41,0.390026551103244,1,0.06856471
41,0.390026551103244,2,0.06844334
41,0.390026551103244,3,0.06869903
41,0.390026551103244,4,0.06846114
41,0.390026551103244,5,0.06864845
41,0.390026551103244,6,0.06888732
41,0.390026551103244,7,0.06869724
41,0.390026551103244,8,0.06861315
41,0.390026551103244,9,0.06866147
41,0.390026551103244,10,0.06875054
41,0.390026551103244,11,0.06870762
41,0.390026551103244,12,0.06888831
41,0.390026551103244,13,0.06881817
41,0.390026551103244,14,0.06884198
41,0.390026551103244,15,0.06877775
42,0.399792474135563,0,0.06873009
42,0.399792474135563,1,0.06856992
42,0.399792474135563,2,0.06881785
42,0.399792474135563,3,0.06885939
42,0.399792474135563,4,0.06886008
42,0.399792474135563,5,0.06879498
42,0.399792474135563,6,0.069012
42,0.399792474135563,7,0.06865405
42,0.399792474135563,8,0.06852265
42,0.399792474135563,9,0.06875866
42,0.399792474135563,10,0.06841825
42,0.399792474135563,11,0.06876718
42,0.399792474135563,12,0.06865041
42,0.399792474135563,13,0.06881501
42,0.399792474135563,14,0.06877239
42,0.399792474135563,15,0.0687193
43,0.408948026978362,0,0.06861494
43,0.408948026978362,1,0.0688068
43,0.408948026978362,2,0.0685252
43,0.408948026978362,3,0.06859536
43,0.408948026978362,4,0.06886309
43,0.408948026978362,5,0.06871433
43,0.408948026978362,6,0.06869557
43,0.408948026978362,7,0.0686791
43,0.408948026978362,8,0.06883643
43,0.408948026978362,9,0.06899305
43,0.408948026978362,10,0.06852611
43,0.408948026978362,11,0.06854677
43,0.408948026978362,12,0.06883794
43,0.408948026978362,13,0.0685134
43,0.408948026978362,14,0.06865849
43,0.408948026978362,15,0.06883421
44,0.420545060579241,0,0.06848236
44,0.420545060579241,1,0.06868962
44,0.420545060579241,2,0.06857203
44,0.420545060579241,3,0.06861102
44,0.420545060579241,4,0.06880086
44,0.420545060579241,5,0.06877958
44,0.420545060579241,6,0.06893806
44,0.420545060579241,7,0.06865247
44,0.420545060579241,8,0.06867726
44,0.420545060579241,9,0.06876674
44,0.420545060579241,10,0.06862642
44,0.420545060579241,11,0.06894283
44,0.420545060579241,12,0.06884702
44,0.420545060579241,13,0.06852271
44,0.420545060579241,14,0.06879951
44,0.420545060579241,15,0.06866397
45,0.42970061342204,0,0.06883349
45,0.42970061342204,1,0.06875198
45,0.42970061342204,2,0.0687729
45,0.42970061342204,3,0.0686157
45,0.42970061342204,4,0.06871215
45,0.42970061342204,5,0.06892261
45,0.42970061342204,6,0.06859254
45,0.42970061342204,7,0.06902768
45,0.42970061342204,8,0.06906536
45,0.42970061342204,9,0.06910114
45,0.42970061342204,10,0.06877065
45,0.42970061342204,11,0.06877175
45,0.42970061342204,12,0.06868187
45,0.42970061342204,13,0.06872153
45,0.42970061342204,14,0.0689655
45,0.42970061342204,15,0.06861849
46,0.44007690664388,0,0.06895123
46,0.44007690664388,1,0.06871475
46,0.44007690664388,2,0.06857648
46,0.44007690664388,3,0.0687579
46,0.44007690664388,4,0.06867117
46,0.44007690664388,5,0.06886159
46,0.44007690664388,6,0.06863967
46,0.44007690664388,7,0.06882294
46,0.44007690664388,8,0.06894866
46,0.44007690664388,9,0.06912615
46,0.44007690664388,10,0.06876807
46,0.44007690664388,11,0.06897528
46,0.44007690664388,12,0.06883692
46,0.44007690664388,13,0.06893745
46,0.44007690664388,14,0.06894697
46,0.44007690664388,15,0.06912607
47,0.449842829676199,0,0.06877915
47,0.449842829676199,1,0.06890694
47,0.449842829676199,2,0.06880174
47,0.449842829676199,3,0.06855924
47,0.449842829676199,4,0.06877768
47,0.449842829676199,5,0.068659
47,0.449842829676199,6,0.06862339
47,0.449842829676199,7,0.06863685
47,0.449842829676199,8,0.0686707
47,0.449842829676199,9,0.06861152
47,0.449842829676199,10,0.06854601
47,0.449842829676199,11,0.06847825
47,0.449842829676199,12,0.06828883
47,0.449842829676199,13,0.06837157
47,0.449842829676199,14,0.06871327
47,0.449842829676199,15,0.06885137
48,0.460219122898038,0,0.0687074
48,0.460219122898038,1,0.06863139
48,0.460219122898038,2,0.06877506
48,0.460219122898038,3,0.06868975
48,0.460219122898038,4,0.06860483
48,0.460219122898038,5,0.06891963
48,0.460219122898038,6,0.06863758
48,0.460219122898038,7,0.06865411
48,0.460219122898038,8,0.06850853
48,0.460219122898038,9,0.06841204
48,0.460219122898038,10,0.06871223
48,0.460219122898038,11,0.06870074
48,0.460219122898038,12,0.06866701
48,0.460219122898038,13,0.0686511
48,0.460219122898038,14,0.06861325
48,0.460219122898038,15,0.06851306
49,0.470595416119877,0,0.06864106
49,0.470595416119877,1,0.06877941
49,0.470595416119877,2,0.06873319
49,0.470595416119877,3,0.06827133
49,0.470595416119877,4,0.06871427
49,0.470595416119877,5,0.06845179
49,0.470595416119877,6,0.06893699
49,0.470595416119877,7,0.06872544
49,0.470595416119877,8,0.06836843
49,0.470595416119877,9,0.06882066
49,0.470595416119877,10,0.0686881
49,0.470595416119877,11,0.06882435
49,0.470595416119877,12,0.06854241
49,0.470595416119877,13,0.06870089
49,0.470595416119877,14,0.06873865
49,0.470595416119877,15,0.06866306
50,0.479750968962676,0,0.06848779
50,0.479750968962676,1,0.06847416
50,0.479750968962676,2,0.06875952
50,0.479750968962676,3,0.06836586
50,0.479750968962676,4,0.06905612
50,0.479750968962676,5,0.06873516
50,0.479750968962676,6,0.06875956
50,0.479750968962676,7,0.06858718
50,0.479750968962676,8,0.06884772
50,0.479750968962676,9,0.06884174
50,0.479750968962676,10,0.06859935
50,0.479750968962676,11,0.06878306
50,0.479750968962676,12,0.06882085
50,0.479750968962676,13,0.06871413
50,0.479750968962676,14,0.06888257
50,0.479750968962676,15,0.06893518
51,0.490127262184515,0,0.06908619
51,0.490127262184515,1,0.06895141
51,0.490127262184515,2,0.06904449
51,0.490127262184515,3,0.06871547
51,0.490127262184515,4,0.06896426
51,0.490127262184515,5,0.06878656
51,0.490127262184515,6,0.06884062
51,0.490127262184515,7,0.06869596
51,0.490127262184515,8,0.06875376
51,0.490127262184515,9,0.06870098
51,0.490127262184515,10,0.06839597
51,0.490127262184515,11,0.06877346
51,0.490127262184515,12,0.06885305
51,0.490127262184515,13,0.06904871
51,0.490127262184515,14,0.06885131
51,0.490127262184515,15,0.06890555
52,0.499893185216834,0,0.0687836
52,0.499893185216834,1,0.06845149
52,0.499893185216834,2,0.06853315
52,0.499893185216834,3,0.06878175
52,0.499893185216834,4,0.06842616
52,0.499893185216834,5,0.06875339
52,0.499893185216834,6,0.0687941
52,0.499893185216834,7,0.06855908
52,0.499893185216834,8,0.06862894
52,0.499893185216834,9,0.06866434
52,0.499893185216834,10,0.06872879
52,0.499893185216834,11,0.0688633
52,0.499893185216834,12,0.06858997
52,0.499893185216834,13,0.06855281
52,0.499893185216834,14,0.06868327
52,0.499893185216834,15,0.0688094
53,0.509659108249153,0,0.06856197
53,0.509659108249153,1,0.06818806
53,0.509659108249153,2,0.06845673
53,0.509659108249153,3,0.06870016
53,0.509659108249153,4,0.06837922
53,0.509659108249153,5,0.06866807
53,0.509659108249153,6,0.06846072
53,0.509659108249153,7,0.06852493
53,0.509659108249153,8,0.06857291
53,0.509659108249153,9,0.06807718
53,0.509659108249153,10,0.06820798
53,0.509659108249153,11,0.06865993
53,0.509659108249153,12,0.06831551
53,0.509659108249153,13,0.06859022
53,0.509659108249153,14,0.06845157
53,0.509659108249153,15,0.06886832
54,0.520035401470992,0,0.06853186
54,0.520035401470992,1,0.06847039
54,0.520035401470992,2,0.06849955
54,0.520035401470992,3,0.0685004
54,0.520035401470992,4,0.06847899
54,0.520035401470992,5,0.06856143
54,0.520035401470992,6,0.06879792
54,0.520035401470992,7,0.06846692
54,0.520035401470992,8,0.06854349
54,0.520035401470992,9,0.06828518
54,0.520035401470992,10,0.0682953
54,0.520035401470992,11,0.06855756
54,0.520035401470992,12,0.06836314
54,0.520035401470992,13,0.06820773
54,0.520035401470992,14,0.0684633
54,0.520035401470992,15,0.06834634
55,0.529801324503311,0,0.0686168
55,0.529801324503311,1,0.06858412
55,0.529801324503311,2,0.06845845
55,0.529801324503311,3,0.06846182
55,0.529801324503311,4,0.068402
55,0.529801324503311,5,0.06833363
55,0.529801324503311,6,0.06872928
55,0.529801324503311,7,0.06841712
55,0.529801324503311,8,0.06854446
55,0.529801324503311,9,0.06861807
55,0.529801324503311,10,0.0686582
55,0.529801324503311,11,0.06864272
55,0.529801324503311,12,0.06863923
55,0.529801324503311,13,0.06860121
55,0.529801324503311,14,0.06854168
55,0.529801324503311,15,0.06864838
56,0.53956724753563,0,0.06878906
56,0.53956724753563,1,0.06876353
56,0.53956724753563,2,0.06840188
56,0.53956724753563,3,0.06863519
56,0.53956724753563,4,0.06881046
56,0.53956724753563,5,0.06861333
56,0.53956724753563,6,0.06859846
56,0.53956724753563,7,0.06847032
56,0.53956724753563,8,0.06869205
56,0.53956724753563,9,0.06865612
56,0.53956724753563,10,0.06846126
56,0.53956724753563,11,0.0686343
56,0.53956724753563,12,0.06874382
56,0.53956724753563,13,0.06860574
56,0.53956724753563,14,0.06845348
56,0.53956724753563,15,0.06858754
57,0.550553910946989,0,0.06840853
57,0.550553910946989,1,0.06853497
57,0.550553910946989,2,0.0684782
57,0.550553910946989,3,0.06859139
57,0.550553910946989,4,0.06855179
57,0.550553910946989,5,0.06856025
57,0.550553910946989,6,0.06826694
57,0.550553910946989,7,0.06817405
57,0.550553910946989,8,0.06804971
57,0.550553910946989,9,0.06820286
57,0.550553910946989,10,0.06831191
57,0.550553910946989,11,0.06827155
57,0.550553910946989,12,0.06830868
57,0.550553910946989,13,0.06807002
57,0.550553910946989,14,0.06835196
57,0.550553910946989,15,0.06843935
58,0.559709463789788,0,0.06849267
58,0.559709463789788,1,0.06859577
58,0.559709463789788,2,0.06863249
58,0.559709463789788,3,0.06829747
58,0.559709463789788,4,0.06844545
58,0.559709463789788,5,0.06841306
58,0.559709463789788,6,0.06857648
58,0.559709463789788,7,0.06835806
58,0.559709463789788,8,0.0686848
58,0.559709463789788,9,0.06877223
58,0.559709463789788,10,0.06853056
58,0.559709463789788,11,0.06863396
58,0.559709463789788,12,0.06880768
58,0.559709463789788,13,0.06882884
58,0.559709463789788,14,0.06870921
58,0.559709463789788,15,0.06867751
59,0.570696127201148,0,0.06848797
59,0.570696127201148,1,0.06878548
59,0.570696127201148,2,0.06867909
59,0.570696127201148,3,0.06871839
59,0.570696127201148,4,0.06871075
59,0.570696127201148,5,0.06862637
59,0.570696127201148,6,0.0688809
59,0.570696127201148,7,0.06883392
59,0.570696127201148,8,0.06876306
59,0.570696127201148,9,0.06890913
59,0.570696127201148,10,0.06893475
59,0.570696127201148,11,0.06880531
59,0.570696127201148,12,0.06861497
59,0.570696127201148,13,0.06849225
59,0.570696127201148,14,0.06863126
59,0.570696127201148,15,0.06872495
60,0.579851680043947,0,0.06857357
60,0.579851680043947,1,0.06899872
60,0.579851680043947,2,0.06873146
60,0.579851680043947,3,0.06864502
60,0.579851680043947,4,0.0687813
60,0.579851680043947,5,0.06882287
60,0.579851680043947,6,0.06884106
60,0.579851680043947,7,0.0687018
60,0.579851680043947,8,0.06821515
60,0.579851680043947,9,0.06874084
60,0.579851680043947,10,0.06850513
60,0.579851680043947,11,0.0689939
60,0.579851680043947,12,0.06849308
60,0.579851680043947,13,0.06850395
60,0.579851680043947,14,0.06862571
60,0.579851680043947,15,0.06863876
61,0.589617603076266,0,0.06937881
61,0.589617603076266,1,0.06941944
61,0.589617603076266,2,0.06894351
61,0.589617603076266,3,0.06896971
61,0.589617603076266,4,0.06886872
61,0.589617603076266,5,0.06892477
61,0.589617603076266,6,0.06884687
61,0.589617603076266,7,0.06896734
61,0.589617603076266,8,0.06929009
61,0.589617603076266,9,0.06877643
61,0.589617603076266,10,0.06881459
61,0.589617603076266,11,0.06872801
61,0.589617603076266,12,0.06875795
61,0.589617603076266,13,0.06885532
61,0.589617603076266,14,0.0687478
61,0.589617603076266,15,0.0688787
62,0.599993896298105,0,0.06909938
62,0.599993896298105,1,0.06925345
62,0.599993896298105,2,0.06909448
62,0.599993896298105,3,0.06875917
62,0.599993896298105,4,0.06927594
62,0.599993896298105,5,0.06912883
62,0.599993896298105,6,0.06924161
62,0.599993896298105,7,0.06898808
62,0.599993896298105,8,0.06911997
62,0.599993896298105,9,0.0691722
62,0.599993896298105,10,0.06880172
62,0.599993896298105,11,0.06898869
62,0.599993896298105,12,0.06880387
62,0.599993896298105,13,0.06890724
62,0.599993896298105,14,0.06883693
62,0.599993896298105,15,0.06893308
63,0.609759819330424,0,0.06907953
63,0.609759819330424,1,0.06889234
63,0.609759819330424,2,0.06839221
63,0.609759819330424,3,0.06903258
63,0.609759819330424,4,0.06888939
63,0.609759819330424,5,0.06913528
63,0.609759819330424,6,0.06902898
63,0.609759819330424,7,0.06885915
63,0.609759819330424,8,0.06903326
63,0.609759819330424,9,0.06909743
63,0.609759819330424,10,0.06907156
63,0.609759819330424,11,0.06918021
63,0.609759819330424,12,0.0691236
63,0.609759819330424,13,0.06885945
63,0.609759819330424,14,0.06894641
63,0.609759819330424,15,0.06910916
64,0.620136112552263,0,0.06924823
64,0.620136112552263,1,0.0691366
64,0.620136112552263,2,0.06908952
64,0.620136112552263,3,0.06920494
64,0.620136112552263,4,0.06940143
64,0.620136112552263,5,0.06931089
64,0.620136112552263,6,0.06921515
64,0.620136112552263,7,0.0692476
64,0.620136112552263,8,0.06907687
64,0.620136112552263,9,0.06918856
64,0.620136112552263,10,0.06928558
64,0.620136112552263,11,0.06933983
64,0.620136112552263,12,0.06908316
64,0.620136112552263,13,0.06932873
64,0.620136112552263,14,0.06923107
64,0.620136112552263,15,0.06942247
65,0.629902035584582,0,0.06914216
65,0.629902035584582,1,0.06896669
65,0.629902035584582,2,0.06899057
65,0.629902035584582,3,0.06909019
65,0.629902035584582,4,0.06926942
65,0.629902035584582,5,0.06929101
65,0.629902035584582,6,0.06919331
65,0.629902035584582,7,0.06930412
65,0.629902035584582,8,0.06925164
65,0.629902035584582,9,0.06950535
65,0.629902035584582,10,0.06946812
65,0.629902035584582,11,0.06919869
65,0.629902035584582,12,0.06931769
65,0.629902035584582,13,0.06937618
65,0.629902035584582,14,0.06935422
65,0.629902035584582,15,0.06905738
66,0.640278328806421,0,0.06944931
66,0.640278328806421,1,0.06949232
66,0.640278328806421,2,0.06930495
66,0.640278328806421,3,0.06954164
66,0.640278328806421,4,0.06942813
66,0.640278328806421,5,0.06956512
66,0.640278328806421,6,0.06996568
66,0.640278328806421,7,0.069626
66,0.640278328806421,8,0.06949759
66,0.640278328806421,9,0.06951083
66,0.640278328806421,10,0.06930648
66,0.640278328806421,11,0.06948785
66,0.640278328806421,12,0.06956781
66,0.640278328806421,13,0.06958772
66,0.640278328806421,14,0.06964292
66,0.640278328806421,15,0.06954857
67,0.64943388164922,0,0.06962208
67,0.64943388164922,1,0.0697649
67,0.64943388164922,2,0.06959479
67,0.64943388164922,3,0.06945919
67,0.64943388164922,4,0.0696399
67,0.64943388164922,5,0.06958738
67,0.64943388164922,6,0.06945879
67,0.64943388164922,7,0.0694858
67,0.64943388164922,8,0.06915164
67,0.64943388164922,9,0.06942581
67,0.64943388164922,10,0.06928948
67,0.64943388164922,11,0.06910679
67,0.64943388164922,12,0.06920442
67,0.64943388164922,13,0.06940342
67,0.64943388164922,14,0.06936751
67,0.64943388164922,15,0.06962664
68,0.659810174871059,0,0.06947561
68,0.659810174871059,1,0.06992503
68,0.659810174871059,2,0.06969135
68,0.659810174871059,3,0.06990124
68,0.659810174871059,4,0.06989712
68,0.659810174871059,5,0.07006263
68,0.659810174871059,6,0.07014769
68,0.659810174871059,7,0.07014001
68,0.659810174871059,8,0.07008611
68,0.659810174871059,9,0.07024007
68,0.659810174871059,10,0.07010323
68,0.659810174871059,11,0.06989744
68,0.659810174871059,12,0.07012606
68,0.659810174871059,13,0.07018694
68,0.659810174871059,14,0.0699278
68,0.659810174871059,15,0.06999985
69,0.669576097903378,0,0.06986436
69,0.669576097903378,1,0.07004537
69,0.669576097903378,2,0.0701506
69,0.669576097903378,3,0.07016189
69,0.669576097903378,4,0.06988323
69,0.669576097903378,5,0.06991936
69,0.669576097903378,6,0.06995364
69,0.669576097903378,7,0.07017434
69,0.669576097903378,8,0.06993271
69,0.669576097903378,9,0.06974036
69,0.669576097903378,10,0.06948846
69,0.669576097903378,11,0.06985358
69,0.669576097903378,12,0.06975668
69,0.669576097903378,13,0.06975452
69,0.669576097903378,14,0.06976756
69,0.669576097903378,15,0.0697486
70,0.679952391125217,0,0.06994987
70,0.679952391125217,1,0.07012551
70,0.679952391125217,2,0.06976545
70,0.679952391125217,3,0.07008105
70,0.679952391125217,4,0.07025237
70,0.679952391125217,5,0.07024916
70,0.679952391125217,6,0.07007508
70,0.679952391125217,7,0.07014152
70,0.679952391125217,8,0.07002811
70,0.679952391125217,9,0.07012913
70,0.679952391125217,10,0.07010945
70,0.679952391125217,11,0.06990445
70,0.679952391125217,12,0.07011387
70,0.679952391125217,13,0.06974117
70,0.679952391125217,14,0.07020073
70,0.679952391125217,15,0.07018588
71,0.689718314157536,0,0.07049635
71,0.689718314157536,1,0.07003795
71,0.689718314157536,2,0.07009194
71,0.689718314157536,3,0.07031108
71,0.689718314157536,4,0.07024379
71,0.689718314157536,5,0.07010825
71,0.689718314157536,6,0.07024234
71,0.689718314157536,7,0.07027264
71,0.689718314157536,8,0.07036583
71,0.689718314157536,9,0.07019185
71,0.689718314157536,10,0.07037075
71,0.689718314157536,11,0.07047302
71,0.689718314157536,12,0.07068799
71,0.689718314157536,13,0.07049169
71,0.689718314157536,14,0.07030235
71,0.689718314157536,15,0.07022592
72,0.700094607379376,0,0.0703835
72,0.700094607379376,1,0.07036718
72,0.700094607379376,2,0.07021382
72,0.700094607379376,3,0.06993045
72,0.700094607379376,4,0.06990205
72,0.700094607379376,5,0.07001781
72,0.700094607379376,6,0.0700682
72,0.700094607379376,7,0.0699705
72,0.700094607379376,8,0.07008054
72,0.700094607379376,9,0.07001862
72,0.700094607379376,10,0.0700286
72,0.700094607379376,11,0.07013028
72,0.700094607379376,12,0.06994992
72,0.700094607379376,13,0.07011823
72,0.700094607379376,14,0.07015612
72,0.700094607379376,15,0.07000934
73,0.709860530411695,0,0.07059696
73,0.709860530411695,1,0.07001737
73,0.709860530411695,2,0.07015205
73,0.709860530411695,3,0.07026315
73,0.709860530411695,4,0.07021749
73,0.709860530411695,5,0.07031655
73,0.709860530411695,6,0.07007237
73,0.709860530411695,7,0.07052793
73,0.709860530411695,8,0.07020304
73,0.709860530411695,9,0.06968696
73,0.709860530411695,10,0.07029106
73,0.709860530411695,11,0.06976967
73,0.709860530411695,12,0.07019551
73,0.709860530411695,13,0.07029557
73,0.709860530411695,14,0.07022879
73,0.709860530411695,15,0.07037466
74,0.718405713064974,0,0.07009219
74,0.718405713064974,1,0.07031675
74,0.718405713064974,2,0.07034481
74,0.718405713064974,3,0.07023109
74,0.718405713064974,4,0.07013098
74,0.718405713064974,5,0.07015432
74,0.718405713064974,6,0.07024926
74,0.718405713064974,7,0.07041195
74,0.718405713064974,8,0.0705223
74,0.718405713064974,9,0.07028564
74,0.718405713064974,10,0.07001722
74,0.718405713064974,11,0.07023315
74,0.718405713064974,12,0.07021543
74,0.718405713064974,13,0.07047994
74,0.718405713064974,14,0.07041712
74,0.718405713064974,15,0.07033406
75,0.729392376476333,0,0.07013479
75,0.729392376476333,1,0.07010327
75,0.729392376476333,2,0.0703697
75,0.729392376476333,3,0.07039715
75,0.729392376476333,4,0.07038219
75,0.729392376476333,5,0.07035629
75,0.729392376476333,6,0.0701784
75,0.729392376476333,7,0.07041094
75,0.729392376476333,8,0.07018127
75,0.729392376476333,9,0.07061634
75,0.729392376476333,10,0.07041817
75,0.729392376476333,11,0.07083027
75,0.729392376476333,12,0.07046182
75,0.729392376476333,13,0.07068177
75,0.729392376476333,14,0.07058096
75,0.729392376476333,15,0.07036583
76,0.739158299508652,0,0.07072669
76,0.739158299508652,1,0.07066762
76,0.739158299508652,2,0.07062021
76,0.739158299508652,3,0.07065844
76,0.739158299508652,4,0.07076939
76,0.739158299508652,5,0.07050288
76,0.739158299508652,6,0.07068469
76,0.739158299508652,7,0.07068323
76,0.739158299508652,8,0.07061248
76,0.739158299508652,9,0.07060901
76,0.739158299508652,10,0.07043267
76,0.739158299508652,11,0.07064214
76,0.739158299508652,12,0.07062919
76,0.739158299508652,13,0.07093918
76,0.739158299508652,14,0.07078595
76,0.739158299508652,15,0.07069492
77,0.749534592730491,0,0.07097162
77,0.749534592730491,1,0.07092939
77,0.749534592730491,2,0.07084391
77,0.749534592730491,3,0.07101361
77,0.749534592730491,4,0.07102282
77,0.749534592730491,5,0.07120488
77,0.749534592730491,6,0.07110897
77,0.749534592730491,7,0.07100248
77,0.749534592730491,8,0.07109363
77,0.749534592730491,9,0.07089163
77,0.749534592730491,10,0.07095777
77,0.749534592730491,11,0.07099382
77,0.749534592730491,12,0.07086141
77,0.749534592730491,13,0.07066014
77,0.749534592730491,14,0.07102418
77,0.749534592730491,15,0.07106968
78,0.75930051576281,0,0.07110922
78,0.75930051576281,1,0.07120908
78,0.75930051576281,2,0.07132972
78,0.75930051576281,3,0.07135748
78,0.75930051576281,4,0.0712694
78,0.75930051576281,5,0.07145393
78,0.75930051576281,6,0.07110541
78,0.75930051576281,7,0.07137354
78,0.75930051576281,8,0.07126243
78,0.75930051576281,9,0.07086835
78,0.75930051576281,10,0.07095955
78,0.75930051576281,11,0.0714046
78,0.75930051576281,12,0.0712781
78,0.75930051576281,13,0.07079278
78,0.75930051576281,14,0.07108353
78,0.75930051576281,15,0.0707287
79,0.769676808984649,0,0.07083588
79,0.769676808984649,1,0.07119724
79,0.769676808984649,2,0.07116789
79,0.769676808984649,3,0.07116563
79,0.769676808984649,4,0.07118049
79,0.769676808984649,5,0.07124963
79,0.769676808984649,6,0.07104409
79,0.769676808984649,7,0.07112804
79,0.769676808984649,8,0.07108865
79,0.769676808984649,9,0.07119559
79,0.769676808984649,10,0.07090539
79,0.769676808984649,11,0.07113537
79,0.769676808984649,12,0.07081862
79,0.769676808984649,13,0.07106913
79,0.769676808984649,14,0.07089882
79,0.769676808984649,15,0.0711519
80,0.778832361827448,0,0.07112227
80,0.778832361827448,1,0.07108252
80,0.778832361827448,2,0.07121272
80,0.778832361827448,3,0.07102583
80,0.778832361827448,4,0.07136369
80,0.778832361827448,5,0.07100027
80,0.778832361827448,6,0.07091819
80,0.778832361827448,7,0.07108573
80,0.778832361827448,8,0.07130919
80,0.778832361827448,9,0.07142704
80,0.778832361827448,10,0.07119467
80,0.778832361827448,11,0.07133055
80,0.778832361827448,12,0.07115955
80,0.778832361827448,13,0.07141515
80,0.778832361827448,14,0.07135814
80,0.778832361827448,15,0.07110069
81,0.789819025238807,0,0.07135601
81,0.789819025238807,1,0.07140499
81,0.789819025238807,2,0.07146361
81,0.789819025238807,3,0.0715419
81,0.789819025238807,4,0.07136379
81,0.789819025238807,5,0.07162101
81,0.789819025238807,6,0.07120436
81,0.789819025238807,7,0.07158957
81,0.789819025238807,8,0.07147636
81,0.789819025238807,9,0.07120137
81,0.789819025238807,10,0.07125515
81,0.789819025238807,11,0.07110941
81,0.789819025238807,12,0.07100379
81,0.789819025238807,13,0.07127236
81,0.789819025238807,14,0.07116399
81,0.789819025238807,15,0.07085165
82,0.798974578081606,0,0.07135161
82,0.798974578081606,1,0.07114847
82,0.798974578081606,2,0.07110707
82,0.798974578081606,3,0.07097465
82,0.798974578081606,4,0.07100786
82,0.798974578081606,5,0.0709249
82,0.798974578081606,6,0.07117809
82,0.798974578081606,7,0.07128755
82,0.798974578081606,8,0.07110226
82,0.798974578081606,9,0.07115424
82,0.798974578081606,10,0.07119779
82,0.798974578081606,11,0.07123329
82,0.798974578081606,12,0.07131375
82,0.798974578081606,13,0.07149673
82,0.798974578081606,14,0.07153618
82,0.798974578081606,15,0.07110817
83,0.809350871303446,0,0.0713962
83,0.809350871303446,1,0.07106908
83,0.809350871303446,2,0.07138829
83,0.809350871303446,3,0.07136847
83,0.809350871303446,4,0.07120036
83,0.809350871303446,5,0.07137644
83,0.809350871303446,6,0.07141232
83,0.809350871303446,7,0.07140885
83,0.809350871303446,8,0.07165963
83,0.809350871303446,9,0.0714324
83,0.809350871303446,10,0.07119121
83,0.809350871303446,11,0.07133013
83,0.809350871303446,12,0.07134791
83,0.809350871303446,13,0.0716706
83,0.809350871303446,14,0.07135134
83,0.809350871303446,15,0.07180084
84,0.819116794335765,0,0.07164466
84,0.819116794335765,1,0.07147889
84,0.819116794335765,2,0.07172863
84,0.819116794335765,3,0.07130094
84,0.819116794335765,4,0.07113346
84,0.819116794335765,5,0.07126585
84,0.819116794335765,6,0.07134316
84,0.819116794335765,7,0.0712687
84,0.819116794335765,8,0.07165471
84,0.819116794335765,9,0.07161083
84,0.819116794335765,10,0.07162896
84,0.819116794335765,11,0.07171047
84,0.819116794335765,12,0.07149947
84,0.819116794335765,13,0.07137752
84,0.819116794335765,14,0.07143147
84,0.819116794335765,15,0.07137412
85,0.829493087557604,0,0.07141376
85,0.829493087557604,1,0.07156702
85,0.829493087557604,2,0.07175248
85,0.829493087557604,3,0.07171403
85,0.829493087557604,4,0.07138888
85,0.829493087557604,5,0.07173634
85,0.829493087557604,6,0.07180098
85,0.829493087557604,7,0.0715754
85,0.829493087557604,8,0.07138883
85,0.829493087557604,9,0.07137112
85,0.829493087557604,10,0.07145329
85,0.829493087557604,11,0.07115024
85,0.829493087557604,12,0.07165508
85,0.829493087557604,13,0.07154246
85,0.829493087557604,14,0.07164411
85,0.829493087557604,15,0.0715884
86,0.838648640400403,0,0.07154545
86,0.838648640400403,1,0.07165953
86,0.838648640400403,2,0.07166308
86,0.838648640400403,3,0.07180902
86,0.838648640400403,4,0.07144092
86,0.838648640400403,5,0.07189191
86,0.838648640400403,6,0.07153737
86,0.838648640400403,7,0.07169376
86,0.838648640400403,8,0.07149729
86,0.838648640400403,9,0.07152203
86,0.838648640400403,10,0.07158049
86,0.838648640400403,11,0.07163493
86,0.838648640400403,12,0.07150973
86,0.838648640400403,13,0.07170459
86,0.838648640400403,14,0.07164226
86,0.838648640400403,15,0.07138402
87,0.849024933622242,0,0.07148979
87,0.849024933622242,1,0.07128983
87,0.849024933622242,2,0.0713765
87,0.849024933622242,3,0.0714325
87,0.849024933622242,4,0.07161696
87,0.849024933622242,5,0.07158493
87,0.849024933622242,6,0.07161035
87,0.849024933622242,7,0.07152924
87,0.849024933622242,8,0.07141181
87,0.849024933622242,9,0.07159252
87,0.849024933622242,10,0.07142808
87,0.849024933622242,11,0.07112328
87,0.849024933622242,12,0.07145718
87,0.849024933622242,13,0.07132771
87,0.849024933622242,14,0.07157723
87,0.849024933622242,15,0.07158891
88,0.858790856654561,0,0.071528
88,0.858790856654561,1,0.07161863
88,0.858790856654561,2,0.07137208
88,0.858790856654561,3,0.07177198
88,0.858790856654561,4,0.07178205
88,0.858790856654561,5,0.07210131
88,0.858790856654561,6,0.07195941
88,0.858790856654561,7,0.07176975
88,0.858790856654561,8,0.0717936
88,0.858790856654561,9,0.07179365
88,0.858790856654561,10,0.07169445
88,0.858790856654561,11,0.07212529
88,0.858790856654561,12,0.07200854
88,0.858790856654561,13,0.07179908
88,0.858790856654561,14,0.071782
88,0.858790856654561,15,0.07170549
89,0.86855677968688,0,0.07209501
89,0.86855677968688,1,0.07195218
89,0.86855677968688,2,0.07192232
89,0.86855677968688,3,0.07186648
89,0.86855677968688,4,0.07176972
89,0.86855677968688,5,0.071766
89,0.86855677968688,6,0.07182487
89,0.86855677968688,7,0.07196005
89,0.86855677968688,8,0.07199423
89,0.86855677968688,9,0.07186592
89,0.86855677968688,10,0.07179402
89,0.86855677968688,11,0.07187209
89,0.86855677968688,12,0.07176504
89,0.86855677968688,13,0.07156086
89,0.86855677968688,14,0.07198782
89,0.86855677968688,15,0.07185871
90,0.878933072908719,0,0.07185282
90,0.878933072908719,1,0.07209331
90,0.878933072908719,2,0.07181725
90,0.878933072908719,3,0.07180822
90,0.878933072908719,4,0.07204917
90,0.878933072908719,5,0.07172266
90,0.878933072908719,6,0.07150248
90,0.878933072908719,7,0.07187444
90,0.878933072908719,8,0.07200521
90,0.878933072908719,9,0.07180943
90,0.878933072908719,10,0.07194331
90,0.878933072908719,11,0.07176234
90,0.878933072908719,12,0.07204402
90,0.878933072908719,13,0.07194222
90,0.878933072908719,14,0.0719556
90,0.878933072908719,15,0.07200241
91,0.888698995941038,0,0.07193059
91,0.888698995941038,1,0.07194082
91,0.888698995941038,2,0.07206351
91,0.888698995941038,3,0.07206662
91,0.888698995941038,4,0.07224014
91,0.888698995941038,5,0.07228466
91,0.888698995941038,6,0.07203985
91,0.888698995941038,7,0.07202007
91,0.888698995941038,8,0.07201085
91,0.888698995941038,9,0.07170603
91,0.888698995941038,10,0.07189271
91,0.888698995941038,11,0.07228956
91,0.888698995941038,12,0.07173143
91,0.888698995941038,13,0.07178738
91,0.888698995941038,14,0.07213466
91,0.888698995941038,15,0.07212205
92,0.899075289162877,0,0.07174566
92,0.899075289162877,1,0.07184999
92,0.899075289162877,2,0.07218615
92,0.899075289162877,3,0.0718442
92,0.899075289162877,4,0.07189324
92,0.899075289162877,5,0.07173565
92,0.899075289162877,6,0.07193097
92,0.899075289162877,7,0.07170803
92,0.899075289162877,8,0.07195579
92,0.899075289162877,9,0.07162899
92,0.899075289162877,10,0.07190395
92,0.899075289162877,11,0.07188918
92,0.899075289162877,12,0.07223491
92,0.899075289162877,13,0.07220577
92,0.899075289162877,14,0.07233369
92,0.899075289162877,15,0.07189062
93,0.909451582384716,0,0.07238528
93,0.909451582384716,1,0.07220708
93,0.909451582384716,2,0.07223379
93,0.909451582384716,3,0.07227718
93,0.909451582384716,4,0.07211016
93,0.909451582384716,5,0.07222249
93,0.909451582384716,6,0.07245642
93,0.909451582384716,7,0.07236573
93,0.909451582384716,8,0.07220414
93,0.909451582384716,9,0.07222172
93,0.909451582384716,10,0.07199001
93,0.909451582384716,11,0.07213494
93,0.909451582384716,12,0.07233491
93,0.909451582384716,13,0.07230926
93,0.909451582384716,14,0.07205756
93,0.909451582384716,15,0.0720835
94,0.919217505417036,0,0.07239648
94,0.919217505417036,1,0.07216212
94,0.919217505417036,2,0.07213674
94,0.919217505417036,3,0.0722255
94,0.919217505417036,4,0.07240158
94,0.919217505417036,5,0.07228214
94,0.919217505417036,6,0.07232221
94,0.919217505417036,7,0.07231729
94,0.919217505417036,8,0.07194863
94,0.919217505417036,9,0.07235018
94,0.919217505417036,10,0.0720486
94,0.919217505417036,11,0.07210115
94,0.919217505417036,12,0.07224169
94,0.919217505417036,13,0.07251174
94,0.919217505417036,14,0.07215947
94,0.919217505417036,15,0.07204276
95,0.928373058259835,0,0.07230816
95,0.928373058259835,1,0.07212506
95,0.928373058259835,2,0.0722298
95,0.928373058259835,3,0.07225163
95,0.928373058259835,4,0.07250809
95,0.928373058259835,5,0.07250717
95,0.928373058259835,6,0.07233585
95,0.928373058259835,7,0.0722755
95,0.928373058259835,8,0.07252605
95,0.928373058259835,9,0.07251648
95,0.928373058259835,10,0.07239912
95,0.928373058259835,11,0.07235296
95,0.928373058259835,12,0.07235351
95,0.928373058259835,13,0.07228088
95,0.928373058259835,14,0.07224871
95,0.928373058259835,15,0.07180524
96,0.938749351481674,0,0.07230428
96,0.938749351481674,1,0.07241565
96,0.938749351481674,2,0.0723727
96,0.938749351481674,3,0.07207339
96,0.938749351481674,4,0.07239895
96,0.938749351481674,5,0.07228789
96,0.938749351481674,6,0.07249425
96,0.938749351481674,7,0.07242232
96,0.938749351481674,8,0.07255137
96,0.938749351481674,9,0.07253338
96,0.938749351481674,10,0.07260545
96,0.938749351481674,11,0.07256283
96,0.938749351481674,12,0.07260397
96,0.938749351481674,13,0.07259935
96,0.938749351481674,14,0.07251584
96,0.938749351481674,15,0.07225645
97,0.949125644703513,0,0.07228206
97,0.949125644703513,1,0.07203352
97,0.949125644703513,2,0.07207984
97,0.949125644703513,3,0.07222463
97,0.949125644703513,4,0.07244913
97,0.949125644703513,5,0.07197887
97,0.949125644703513,6,0.07226554
97,0.949125644703513,7,0.07215551
97,0.949125644703513,8,0.07225579
97,0.949125644703513,9,0.07231915
97,0.949125644703513,10,0.07235173
97,0.949125644703513,11,0.0722974
97,0.949125644703513,12,0.0722203
97,0.949125644703513,13,0.07200596
97,0.949125644703513,14,0.07195851
97,0.949125644703513,15,0.07217483
98,0.959501937925352,0,0.07222262
98,0.959501937925352,1,0.07203186
98,0.959501937925352,2,0.07240862
98,0.959501937925352,3,0.07214305
98,0.959501937925352,4,0.07186777
98,0.959501937925352,5,0.07201505
98,0.959501937925352,6,0.07222977
98,0.959501937925352,7,0.07213579
98,0.959501937925352,8,0.07212952
98,0.959501937925352,9,0.07198916
98,0.959501937925352,10,0.07222793
98,0.959501937925352,11,0.07206006
98,0.959501937925352,12,0.07203378
98,0.959501937925352,13,0.07197025
98,0.959501937925352,14,0.07214246
98,0.959501937925352,15,0.07207313
99,0.968657490768151,0,0.07203625
99,0.968657490768151,1,0.07226805
99,0.968657490768151,2,0.07200416
99,0.968657490768151,3,0.07195439
99,0.968657490768151,4,0.07229596
99,0.968657490768151,5,0.07186344
99,0.968657490768151,6,0.07214408
99,0.968657490768151,7,0.0722542
99,0.968657490768151,8,0.07249414
99,0.968657490768151,9,0.07258061
99,0.968657490768151,10,0.07242448
99,0.968657490768151,11,0.07253513
99,0.968657490768151,12,0.07242435
99,0.968657490768151,13,0.07235804
99,0.968657490768151,14,0.07241765
99,0.968657490768151,15,0.07236565
100,0.97903378398999,0,0.07236964
100,0.97903378398999,1,0.07243837
100,0.97903378398999,2,0.07214907
100,0.97903378398999,3,0.07232713
100,0.97903378398999,4,0.07231951
100,0.97903378398999,5,0.07223736
100,0.97903378398999,6,0.07221992
100,0.97903378398999,7,0.07231922
100,0.97903378398999,8,0.07215805
100,0.97903378398999,9,0.07236131
100,0.97903378398999,10,0.07210998
100,0.97903378398999,11,0.07226691
100,0.97903378398999,12,0.07216991
100,0.97903378398999,13,0.07238434
100,0.97903378398999,14,0.07233861
100,0.97903378398999,15,0.07202333
101,0.988189336832789,0,0.07252515
101,0.988189336832789,1,0.0725728
101,0.988189336832789,2,0.07245803
101,0.988189336832789,3,0.07245959
101,0.988189336832789,4,0.07230106
101,0.988189336832789,5,0.0722071
101,0.988189336832789,6,0.07232551
101,0.988189336832789,7,0.07209025
101,0.988189336832789,8,0.07205972
101,0.988189336832789,9,0.07225121
101,0.988189336832789,10,0.07223073
101,0.988189336832789,11,0.07232098
101,0.988189336832789,12,0.07239591
101,0.988189336832789,13,0.072124
101,0.988189336832789,14,0.0720937
101,0.988189336832789,15,0.07216739
102,0.998565630054628,0,0.07244048
102,0.998565630054628,1,0.07240348
102,0.998565630054628,2,0.07215039
102,0.998565630054628,3,0.0724813
102,0.998565630054628,4,0.07235078
102,0.998565630054628,5,0.072348
102,0.998565630054628,6,0.07244191
102,0.998565630054628,7,0.07254528
102,0.998565630054628,8,0.07271325
102,0.998565630054628,9,0.07227777
102,0.998565630054628,10,0.07247587
102,0.998565630054628,11,0.07250248
102,0.998565630054628,12,0.07247713
102,0.998565630054628,13,0.0725551
102,0.998565630054628,14,0.07250881
102,0.998565630054628,15,0.07251141
103,1.00894192327647,0,0.07252894
103,1.00894192327647,1,0.07268885
103,1.00894192327647,2,0.07271922
103,1.00894192327647,3,0.07283924
103,1.00894192327647,4,0.07266059
103,1.00894192327647,5,0.07245685
103,1.00894192327647,6,0.07236889
103,1.00894192327647,7,0.07244836
103,1.00894192327647,8,0.07271049
103,1.00894192327647,9,0.07285503
103,1.00894192327647,10,0.07263794
103,1.00894192327647,11,0.07261627
103,1.00894192327647,12,0.07258483
103,1.00894192327647,13,0.07308158
103,1.00894192327647,14,0.07298645
103,1.00894192327647,15,0.07263026
104,1.01931821649831,0,0.07255325
104,1.01931821649831,1,0.07235415
104,1.01931821649831,2,0.07232563
104,1.01931821649831,3,0.07254695
104,1.01931821649831,4,0.07267056
104,1.01931821649831,5,0.07252217
104,1.01931821649831,6,0.07251483
104,1.01931821649831,7,0.0727169
104,1.01931821649831,8,0.0726441
104,1.01931821649831,9,0.07273871
104,1.01931821649831,10,0.07275371
104,1.01931821649831,11,0.07293557
104,1.01931821649831,12,0.07264945
104,1.01931821649831,13,0.07257336
104,1.01931821649831,14,0.07259814
104,1.01931821649831,15,0.07263439
105,1.02908413953063,0,0.07254308
105,1.02908413953063,1,0.07260011
105,1.02908413953063,2,0.07272318
105,1.02908413953063,3,0.07293408
105,1.02908413953063,4,0.07263955
105,1.02908413953063,5,0.07270273
105,1.02908413953063,6,0.07244823
105,1.02908413953063,7,0.07254074
105,1.02908413953063,8,0.07255393
105,1.02908413953063,9,0.07280579
105,1.02908413953063,10,0.0727224
105,1.02908413953063,11,0.07275467
105,1.02908413953063,12,0.07275873
105,1.02908413953063,13,0.07281224
105,1.02908413953063,14,0.0725744
105,1.02908413953063,15,0.07265215
106,1.03946043275246,0,0.07276756
106,1.03946043275246,1,0.07286306
106,1.03946043275246,2,0.07274558
106,1.03946043275246,3,0.07259047
106,1.03946043275246,4,0.07247827
106,1.03946043275246,5,0.07246684
106,1.03946043275246,6,0.07236313
106,1.03946043275246,7,0.07228766
106,1.03946043275246,8,0.07262868
106,1.03946043275246,9,0.0723787
106,1.03946043275246,10,0.07240011
106,1.03946043275246,11,0.07253851
106,1.03946043275246,12,0.07269413
106,1.03946043275246,13,0.07250503
106,1.03946043275246,14,0.07233747
106,1.03946043275246,15,0.07270537
107,1.04922635578478,0,0.07301481
107,1.04922635578478,1,0.07292745
107,1.04922635578478,2,0.07289296
107,1.04922635578478,3,0.07286362
107,1.04922635578478,4,0.07271301
107,1.04922635578478,5,0.07263391
107,1.04922635578478,6,0.07270375
107,1.04922635578478,7,0.07279027
107,1.04922635578478,8,0.07261437
107,1.04922635578478,9,0.07278816
107,1.04922635578478,10,0.07260447
107,1.04922635578478,11,0.07308704
107,1.04922635578478,12,0.07293813
107,1.04922635578478,13,0.07276327
107,1.04922635578478,14,0.07271452
107,1.04922635578478,15,0.07271736
108,1.05838190862758,0,0.07289639
108,1.05838190862758,1,0.07276296
108,1.05838190862758,2,0.0726749
108,1.05838190862758,3,0.07280406
108,1.05838190862758,4,0.07306843
108,1.05838190862758,5,0.0728211
108,1.05838190862758,6,0.07264575
108,1.05838190862758,7,0.0723979
108,1.05838190862758,8,0.07266064
108,1.05838190862758,9,0.07266957
108,1.05838190862758,10,0.07271579
108,1.05838190862758,11,0.07270681
108,1.05838190862758,12,0.07276338
108,1.05838190862758,13,0.0723156
108,1.05838190862758,14,0.07243297
108,1.05838190862758,15,0.07227641
109,1.06936857203894,0,0.07255635
109,1.06936857203894,1,0.07279814
109,1.06936857203894,2,0.07292422
109,1.06936857203894,3,0.07280923
109,1.06936857203894,4,0.07275108
109,1.06936857203894,5,0.07273089
109,1.06936857203894,6,0.07287526
109,1.06936857203894,7,0.07258447
109,1.06936857203894,8,0.07287653
109,1.06936857203894,9,0.07302512
109,1.06936857203894,10,0.07317455
109,1.06936857203894,11,0.07284768
109,1.06936857203894,12,0.07292254
109,1.06936857203894,13,0.07314778
109,1.06936857203894,14,0.07292053
109,1.06936857203894,15,0.07306537
110,1.07913449507126,0,0.07295381
110,1.07913449507126,1,0.0728778
110,1.07913449507126,2,0.07283479
110,1.07913449507126,3,0.07282951
110,1.07913449507126,4,0.07270601
110,1.07913449507126,5,0.07271088
110,1.07913449507126,6,0.07278837
110,1.07913449507126,7,0.07285367
110,1.07913449507126,8,0.0727609
110,1.07913449507126,9,0.07271283
110,1.07913449507126,10,0.07268695
110,1.07913449507126,11,0.07258429
110,1.07913449507126,12,0.07276988
110,1.07913449507126,13,0.07283247
110,1.07913449507126,14,0.07247649
110,1.07913449507126,15,0.07264754
111,1.0895107882931,0,0.07274922
111,1.0895107882931,1,0.07255287
111,1.0895107882931,2,0.07240068
111,1.0895107882931,3,0.07247201
111,1.0895107882931,4,0.07266264
111,1.0895107882931,5,0.07237281
111,1.0895107882931,6,0.07276954
111,1.0895107882931,7,0.0725024
111,1.0895107882931,8,0.07264189
111,1.0895107882931,9,0.07254317
111,1.0895107882931,10,0.07266518
111,1.0895107882931,11,0.07283611
111,1.0895107882931,12,0.07298902
111,1.0895107882931,13,0.0726926
111,1.0895107882931,14,0.07279518
111,1.0895107882931,15,0.07301456
112,1.09927671132542,0,0.07264701
112,1.09927671132542,1,0.07298101
112,1.09927671132542,2,0.07255673
112,1.09927671132542,3,0.07271515
112,1.09927671132542,4,0.0724691
112,1.09927671132542,5,0.07245541
112,1.09927671132542,6,0.07262277
112,1.09927671132542,7,0.07288735
112,1.09927671132542,8,0.07281541
112,1.09927671132542,9,0.07296871
112,1.09927671132542,10,0.07280612
112,1.09927671132542,11,0.07295297
112,1.09927671132542,12,0.07286797
112,1.09927671132542,13,0.07283247
112,1.09927671132542,14,0.07265263
112,1.09927671132542,15,0.07311169
113,1.10904263435774,0,0.07308887
113,1.10904263435774,1,0.07319523
113,1.10904263435774,2,0.07319747
113,1.10904263435774,3,0.07286099
113,1.10904263435774,4,0.07296944
113,1.10904263435774,5,0.07279233
113,1.10904263435774,6,0.07304884
113,1.10904263435774,7,0.07297426
113,1.10904263435774,8,0.07270037
113,1.10904263435774,9,0.07301332
113,1.10904263435774,10,0.07269148
113,1.10904263435774,11,0.07281809
113,1.10904263435774,12,0.07292707
113,1.10904263435774,13,0.07286618
113,1.10904263435774,14,0.07289101
113,1.10904263435774,15,0.07282081
114,1.11880855739006,0,0.07311285
114,1.11880855739006,1,0.07294995
114,1.11880855739006,2,0.07276581
114,1.11880855739006,3,0.07277045
114,1.11880855739006,4,0.07276095
114,1.11880855739006,5,0.07285573
114,1.11880855739006,6,0.07293403
114,1.11880855739006,7,0.07291958
114,1.11880855739006,8,0.07285962
114,1.11880855739006,9,0.07301714
114,1.11880855739006,10,0.072777
114,1.11880855739006,11,0.07288587
114,1.11880855739006,12,0.07282396
114,1.11880855739006,13,0.07298977
114,1.11880855739006,14,0.07300941
114,1.11880855739006,15,0.07293463
115,1.1291848506119,0,0.07352652
115,1.1291848506119,1,0.07352853
115,1.1291848506119,2,0.07320296
115,1.1291848506119,3,0.07322331
115,1.1291848506119,4,0.07341547
115,1.1291848506119,5,0.07333323
115,1.1291848506119,6,0.07342932
115,1.1291848506119,7,0.07321471
115,1.1291848506119,8,0.07307234
115,1.1291848506119,9,0.07277369
115,1.1291848506119,10,0.07289611
115,1.1291848506119,11,0.07322093
115,1.1291848506119,12,0.07297894
115,1.1291848506119,13,0.0729585
115,1.1291848506119,14,0.07301909
115,1.1291848506119,15,0.0730884
116,1.13895077364422,0,0.07316805
116,1.13895077364422,1,0.07335076
116,1.13895077364422,2,0.07319991
116,1.13895077364422,3,0.07305934
116,1.13895077364422,4,0.07324973
116,1.13895077364422,5,0.07323852
116,1.13895077364422,6,0.07304936
116,1.13895077364422,7,0.07314931
116,1.13895077364422,8,0.07313067
116,1.13895077364422,9,0.07360046
116,1.13895077364422,10,0.07338193
116,1.13895077364422,11,0.07338712
116,1.13895077364422,12,0.07335189
116,1.13895077364422,13,0.07337176
116,1.13895077364422,14,0.07336198
116,1.13895077364422,15,0.07343354
117,1.14932706686605,0,0.07342067
117,1.14932706686605,1,0.07347935
117,1.14932706686605,2,0.07353217
117,1.14932706686605,3,0.07354136
117,1.14932706686605,4,0.0734701
117,1.14932706686605,5,0.07340127
117,1.14932706686605,6,0.07326557
117,1.14932706686605,7,0.07323381
117,1.14932706686605,8,0.07283
117,1.14932706686605,9,0.07326148
117,1.14932706686605,10,0.07318089
117,1.14932706686605,11,0.07324259
117,1.14932706686605,12,0.07367072
117,1.14932706686605,13,0.07323916
117,1.14932706686605,14,0.07328537
117,1.14932706686605,15,0.07323635
118,1.15970336008789,0,0.07338669
118,1.15970336008789,1,0.07347538
118,1.15970336008789,2,0.07340234
118,1.15970336008789,3,0.07366417
118,1.15970336008789,4,0.07360401
118,1.15970336008789,5,0.07341216
118,1.15970336008789,6,0.07310531
118,1.15970336008789,7,0.07313874
118,1.15970336008789,8,0.07312538
118,1.15970336008789,9,0.0733897
118,1.15970336008789,10,0.07325378
118,1.15970336008789,11,0.07324471
118,1.15970336008789,12,0.07327655
118,1.15970336008789,13,0.07335377
118,1.15970336008789,14,0.07347924
118,1.15970336008789,15,0.0734786
119,1.17007965330973,0,0.07372756
119,1.17007965330973,1,0.07351812
119,1.17007965330973,2,0.0734159
119,1.17007965330973,3,0.07339466
119,1.17007965330973,4,0.07338807
119,1.17007965330973,5,0.07354368
119,1.17007965330973,6,0.07345604
119,1.17007965330973,7,0.07358187
119,1.17007965330973,8,0.07313806
119,1.17007965330973,9,0.07346586
119,1.17007965330973,10,0.07329098
119,1.17007965330973,11,0.07339393
119,1.17007965330973,12,0.07338056
119,1.17007965330973,13,0.07337935
119,1.17007965330973,14,0.07334216
119,1.17007965330973,15,0.0734008
120,1.17923520615253,0,0.07335013
120,1.17923520615253,1,0.07332326
120,1.17923520615253,2,0.07355731
120,1.17923520615253,3,0.07343671
120,1.17923520615253,4,0.07310081
120,1.17923520615253,5,0.07318433
120,1.17923520615253,6,0.07321617
120,1.17923520615253,7,0.07367542
120,1.17923520615253,8,0.07343312
120,1.17923520615253,9,0.07353412
120,1.17923520615253,10,0.07312454
120,1.17923520615253,11,0.07347777
120,1.17923520615253,12,0.07347982
120,1.17923520615253,13,0.07332521
120,1.17923520615253,14,0.07359222
120,1.17923520615253,15,0.07325658
121,1.18961149937437,0,0.07326522
121,1.18961149937437,1,0.07332771
121,1.18961149937437,2,0.07373258
121,1.18961149937437,3,0.07363222
121,1.18961149937437,4,0.07352553
121,1.18961149937437,5,0.07356017
121,1.18961149937437,6,0.07324349
121,1.18961149937437,7,0.07336699
121,1.18961149937437,8,0.07314391
121,1.18961149937437,9,0.07332675
121,1.18961149937437,10,0.07325111
121,1.18961149937437,11,0.07337376
121,1.18961149937437,12,0.07325285
121,1.18961149937437,13,0.07317724
121,1.18961149937437,14,0.07335591
121,1.18961149937437,15,0.0731453
122,1.20059816278573,0,0.07309136
122,1.20059816278573,1,0.07327566
122,1.20059816278573,2,0.07318317
122,1.20059816278573,3,0.07303219
122,1.20059816278573,4,0.07316204
122,1.20059816278573,5,0.07344569
122,1.20059816278573,6,0.07299057
122,1.20059816278573,7,0.07314518
122,1.20059816278573,8,0.0730659
122,1.20059816278573,9,0.07340175
122,1.20059816278573,10,0.07347295
122,1.20059816278573,11,0.07314715
122,1.20059816278573,12,0.07308894
122,1.20059816278573,13,0.0730079
122,1.20059816278573,14,0.07308407
122,1.20059816278573,15,0.07329784
123,1.20975371562853,0,0.07326345
123,1.20975371562853,1,0.07343471
123,1.20975371562853,2,0.07340338
123,1.20975371562853,3,0.07336345
123,1.20975371562853,4,0.07335272
123,1.20975371562853,5,0.07319684
123,1.20975371562853,6,0.07321534
123,1.20975371562853,7,0.07337809
123,1.20975371562853,8,0.07324713
123,1.20975371562853,9,0.07313599
123,1.20975371562853,10,0.07317703
123,1.20975371562853,11,0.07338221
123,1.20975371562853,12,0.07357374
123,1.20975371562853,13,0.07330413
123,1.20975371562853,14,0.07313757
123,1.20975371562853,15,0.07314286
124,1.22013000885037,0,0.07328083
124,1.22013000885037,1,0.07355403
124,1.22013000885037,2,0.07351615
124,1.22013000885037,3,0.07347453
124,1.22013000885037,4,0.07365435
124,1.22013000885037,5,0.07361706
124,1.22013000885037,6,0.07371055
124,1.22013000885037,7,0.07363523
124,1.22013000885037,8,0.07384524
124,1.22013000885037,9,0.07362583
124,1.22013000885037,10,0.07355457
124,1.22013000885037,11,0.0734579
124,1.22013000885037,12,0.07345082
124,1.22013000885037,13,0.07352614
124,1.22013000885037,14,0.07333539
124,1.22013000885037,15,0.073399
125,1.22989593188269,0,0.07370104
125,1.22989593188269,1,0.0737424
125,1.22989593188269,2,0.07379517
125,1.22989593188269,3,0.07353074
125,1.22989593188269,4,0.07343666
125,1.22989593188269,5,0.07372407
125,1.22989593188269,6,0.07345684
125,1.22989593188269,7,0.07363343
125,1.22989593188269,8,0.07334507
125,1.22989593188269,9,0.07333461
125,1.22989593188269,10,0.07330502
125,1.22989593188269,11,0.07329114
125,1.22989593188269,12,0.07359904
125,1.22989593188269,13,0.0737592
125,1.22989593188269,14,0.07336667
125,1.22989593188269,15,0.07344696
126,1.23966185491501,0,0.07344311
126,1.23966185491501,1,0.07317366
126,1.23966185491501,2,0.07310229
126,1.23966185491501,3,0.07369676
126,1.23966185491501,4,0.07312633
126,1.23966185491501,5,0.07301281
126,1.23966185491501,6,0.07331131
126,1.23966185491501,7,0.07302861
126,1.23966185491501,8,0.0728985
126,1.23966185491501,9,0.07322264
126,1.23966185491501,10,0.0732969
126,1.23966185491501,11,0.0728142
126,1.23966185491501,12,0.0731951
126,1.23966185491501,13,0.07278212
126,1.23966185491501,14,0.07292598
126,1.23966185491501,15,0.07322659
127,1.25003814813684,0,0.07376052
127,1.25003814813684,1,0.07387198
127,1.25003814813684,2,0.07350481
127,1.25003814813684,3,0.0735142
127,1.25003814813684,4,0.07344934
127,1.25003814813684,5,0.07361029
127,1.25003814813684,6,0.07328486
127,1.25003814813684,7,0.07348457
127,1.25003814813684,8,0.07362398
127,1.25003814813684,9,0.0736498
127,1.25003814813684,10,0.07353523
127,1.25003814813684,11,0.07292354
127,1.25003814813684,12,0.0734654
127,1.25003814813684,13,0.07337802
127,1.25003814813684,14,0.07345853
127,1.25003814813684,15,0.07380532
128,1.25980407116916,0,0.07343566
128,1.25980407116916,1,0.07358335
128,1.25980407116916,2,0.07356809
128,1.25980407116916,3,0.07376665
128,1.25980407116916,4,0.07382528
128,1.25980407116916,5,0.07389279
128,1.25980407116916,6,0.07347824
128,1.25980407116916,7,0.07343683
128,1.25980407116916,8,0.07349298
128,1.25980407116916,9,0.07383151
128,1.25980407116916,10,0.07361937
128,1.25980407116916,11,0.07362562
128,1.25980407116916,12,0.07364752
128,1.25980407116916,13,0.07354996
128,1.25980407116916,14,0.0736309
128,1.25980407116916,15,0.07326214
129,1.26956999420148,0,0.07349941
129,1.26956999420148,1,0.07347602
129,1.26956999420148,2,0.073689
129,1.26956999420148,3,0.07390457
129,1.26956999420148,4,0.07345731
129,1.26956999420148,5,0.07359459
129,1.26956999420148,6,0.07360353
129,1.26956999420148,7,0.07373416
129,1.26956999420148,8,0.07374061
129,1.26956999420148,9,0.07376395
129,1.26956999420148,10,0.07383743
129,1.26956999420148,11,0.07351463
129,1.26956999420148,12,0.07350627
129,1.26956999420148,13,0.07367363
129,1.26956999420148,14,0.07356026
129,1.26956999420148,15,0.07379618
130,1.27994628742332,0,0.07380304
130,1.27994628742332,1,0.07384615
130,1.27994628742332,2,0.07366233
130,1.27994628742332,3,0.07374114
130,1.27994628742332,4,0.07395079
130,1.27994628742332,5,0.07359017
130,1.27994628742332,6,0.07358383
130,1.27994628742332,7,0.0735581
130,1.27994628742332,8,0.07374003
130,1.27994628742332,9,0.07339351
130,1.27994628742332,10,0.07336345
130,1.27994628742332,11,0.0734224
130,1.27994628742332,12,0.07343958
130,1.27994628742332,13,0.07370358
130,1.27994628742332,14,0.07348933
130,1.27994628742332,15,0.07374863
131,1.28971221045564,0,0.07339007
131,1.28971221045564,1,0.07357278
131,1.28971221045564,2,0.07375868
131,1.28971221045564,3,0.07391983
131,1.28971221045564,4,0.07361879
131,1.28971221045564,5,0.07346635
131,1.28971221045564,6,0.07334491
131,1.28971221045564,7,0.07329072
131,1.28971221045564,8,0.07343402
131,1.28971221045564,9,0.07372545
131,1.28971221045564,10,0.07364531
131,1.28971221045564,11,0.07376036
131,1.28971221045564,12,0.07390119
131,1.28971221045564,13,0.07369845
131,1.28971221045564,14,0.07390325
131,1.28971221045564,15,0.07376633
132,1.30008850367748,0,0.07402844
132,1.30008850367748,1,0.07379834
132,1.30008850367748,2,0.07374293
132,1.30008850367748,3,0.07384942
132,1.30008850367748,4,0.07384615
132,1.30008850367748,5,0.07379766
132,1.30008850367748,6,0.07382734
132,1.30008850367748,7,0.0737966
132,1.30008850367748,8,0.07403589
132,1.30008850367748,9,0.07368203
132,1.30008850367748,10,0.07361821
132,1.30008850367748,11,0.07343444
132,1.30008850367748,12,0.07362006
132,1.30008850367748,13,0.07351917
132,1.30008850367748,14,0.07342071
132,1.30008850367748,15,0.07366756
133,1.3098544267098,0,0.07359486
133,1.3098544267098,1,0.07358388
133,1.3098544267098,2,0.0737666
133,1.3098544267098,3,0.07368208
133,1.3098544267098,4,0.07337561
133,1.3098544267098,5,0.07336165
133,1.3098544267098,6,0.07332093
133,1.3098544267098,7,0.07363649
133,1.3098544267098,8,0.07356793
133,1.3098544267098,9,0.07344685
133,1.3098544267098,10,0.07335996
133,1.3098544267098,11,0.07359117
133,1.3098544267098,12,0.07374969
133,1.3098544267098,13,0.07360981
133,1.3098544267098,14,0.07341447
133,1.3098544267098,15,0.0735722
134,1.32023071993164,0,0.07342362
134,1.32023071993164,1,0.07390938
134,1.32023071993164,2,0.07350301
134,1.32023071993164,3,0.07332764
134,1.32023071993164,4,0.07333466
134,1.32023071993164,5,0.07347834
134,1.32023071993164,6,0.07350734
134,1.32023071993164,7,0.0732896
134,1.32023071993164,8,0.07338928
134,1.32023071993164,9,0.07358525
134,1.32023071993164,10,0.07330105
134,1.32023071993164,11,0.07336842
134,1.32023071993164,12,0.0729369
134,1.32023071993164,13,0.07308608
134,1.32023071993164,14,0.07329674
134,1.32023071993164,15,0.07326098
135,1.32999664296396,0,0.07335579
135,1.32999664296396,1,0.0732417
135,1.32999664296396,2,0.07340676
135,1.32999664296396,3,0.07369407
135,1.32999664296396,4,0.07364441
135,1.32999664296396,5,0.07351378
135,1.32999664296396,6,0.07368176
135,1.32999664296396,7,0.07378804
135,1.32999664296396,8,0.07365503
135,1.32999664296396,9,0.07362138
135,1.32999664296396,10,0.07341384
135,1.32999664296396,11,0.07338077
135,1.32999664296396,12,0.07342461
135,1.32999664296396,13,0.07325146
135,1.32999664296396,14,0.07313646
135,1.32999664296396,15,0.07318717
136,1.33976256599628,0,0.07351077
136,1.33976256599628,1,0.07339176
136,1.33976256599628,2,0.07331865
136,1.33976256599628,3,0.07339055
136,1.33976256599628,4,0.07371742
136,1.33976256599628,5,0.07336662
136,1.33976256599628,6,0.07377172
136,1.33976256599628,7,0.07349672
136,1.33976256599628,8,0.07328215
136,1.33976256599628,9,0.073226
136,1.33976256599628,10,0.07327656
136,1.33976256599628,11,0.07342023
136,1.33976256599628,12,0.07365694
136,1.33976256599628,13,0.07336736
136,1.33976256599628,14,0.07358932
136,1.33976256599628,15,0.07342176
137,1.35074922940764,0,0.07345547
137,1.35074922940764,1,0.07356693
137,1.35074922940764,2,0.07393949
137,1.35074922940764,3,0.07401967
137,1.35074922940764,4,0.07410313
137,1.35074922940764,5,0.07352688
137,1.35074922940764,6,0.07353777
137,1.35074922940764,7,0.07383944
137,1.35074922940764,8,0.07354616
137,1.35074922940764,9,0.07362344
137,1.35074922940764,10,0.07333947
137,1.35074922940764,11,0.07358885
137,1.35074922940764,12,0.07366712
137,1.35074922940764,13,0.07364479
137,1.35074922940764,14,0.0732885
137,1.35074922940764,15,0.07340644
138,1.36051515243995,0,0.07339652
138,1.36051515243995,1,0.07361906
138,1.36051515243995,2,0.07381112
138,1.36051515243995,3,0.07387114
138,1.36051515243995,4,0.0734616
138,1.36051515243995,5,0.07349615
138,1.36051515243995,6,0.07364056
138,1.36051515243995,7,0.07347881
138,1.36051515243995,8,0.07318126
138,1.36051515243995,9,0.07330137
138,1.36051515243995,10,0.07328676
138,1.36051515243995,11,0.07331602
138,1.36051515243995,12,0.07316336
138,1.36051515243995,13,0.07338226
138,1.36051515243995,14,0.07345246
138,1.36051515243995,15,0.07338823
139,1.37028107547227,0,0.07370231
139,1.37028107547227,1,0.07350575
139,1.37028107547227,2,0.07361008
139,1.37028107547227,3,0.07359608
139,1.37028107547227,4,0.07336202
139,1.37028107547227,5,0.07324813
139,1.37028107547227,6,0.0733363
139,1.37028107547227,7,0.07335696
139,1.37028107547227,8,0.07363634
139,1.37028107547227,9,0.07353412
139,1.37028107547227,10,0.0734112
139,1.37028107547227,11,0.07363269
139,1.37028107547227,12,0.07337476
139,1.37028107547227,13,0.07354463
139,1.37028107547227,14,0.07339007
139,1.37028107547227,15,0.07346778
140,1.38126773888363,0,0.0732962
140,1.38126773888363,1,0.07338478
140,1.38126773888363,2,0.07365709
140,1.38126773888363,3,0.07342039
140,1.38126773888363,4,0.07352473
140,1.38126773888363,5,0.07369032
140,1.38126773888363,6,0.07369745
140,1.38126773888363,7,0.07349102
140,1.38126773888363,8,0.07372745
140,1.38126773888363,9,0.07350776
140,1.38126773888363,10,0.0733794
140,1.38126773888363,11,0.07347163
140,1.38126773888363,12,0.07314756
140,1.38126773888363,13,0.07328728
140,1.38126773888363,14,0.07310145
140,1.38126773888363,15,0.0731718
141,1.39103366191595,0,0.07364547
141,1.39103366191595,1,0.07347712
141,1.39103366191595,2,0.07332109
141,1.39103366191595,3,0.07341897
141,1.39103366191595,4,0.07342795
141,1.39103366191595,5,0.07321079
141,1.39103366191595,6,0.07328596
141,1.39103366191595,7,0.07319542
141,1.39103366191595,8,0.07343407
141,1.39103366191595,9,0.07333123
141,1.39103366191595,10,0.07324867
141,1.39103366191595,11,0.07362571
141,1.39103366191595,12,0.07323594
141,1.39103366191595,13,0.0734879
141,1.39103366191595,14,0.07347475
141,1.39103366191595,15,0.07357088
142,1.40018921475875,0,0.07354991
142,1.40018921475875,1,0.07340534
142,1.40018921475875,2,0.07347728
142,1.40018921475875,3,0.07340723
142,1.40018921475875,4,0.07351257
142,1.40018921475875,5,0.07341828
142,1.40018921475875,6,0.07351024
142,1.40018921475875,7,0.07341553
142,1.40018921475875,8,0.07321793
142,1.40018921475875,9,0.0733932
142,1.40018921475875,10,0.07351668
142,1.40018921475875,11,0.07350232
142,1.40018921475875,12,0.07352059
142,1.40018921475875,13,0.07319378
142,1.40018921475875,14,0.07343851
142,1.40018921475875,15,0.07332442
143,1.41117587817011,0,0.07316362
143,1.41117587817011,1,0.07352366
143,1.41117587817011,2,0.07365271
143,1.41117587817011,3,0.07318971
143,1.41117587817011,4,0.07339166
143,1.41117587817011,5,0.07351214
143,1.41117587817011,6,0.07350586
143,1.41117587817011,7,0.07360812
143,1.41117587817011,8,0.07348114
143,1.41117587817011,9,0.07342508
143,1.41117587817011,10,0.07362117
143,1.41117587817011,11,0.073397
143,1.41117587817011,12,0.07335506
143,1.41117587817011,13,0.07373998
143,1.41117587817011,14,0.07373343
143,1.41117587817011,15,0.07341304
144,1.42033143101291,0,0.07343307
144,1.42033143101291,1,0.07338336
144,1.42033143101291,2,0.07334138
144,1.42033143101291,3,0.07331353
144,1.42033143101291,4,0.07342187
144,1.42033143101291,5,0.07342435
144,1.42033143101291,6,0.07317677
144,1.42033143101291,7,0.07303547
144,1.42033143101291,8,0.07322463
144,1.42033143101291,9,0.07321053
144,1.42033143101291,10,0.07327227
144,1.42033143101291,11,0.07367875
144,1.42033143101291,12,0.07365503
144,1.42033143101291,13,0.0736993
144,1.42033143101291,14,0.07349208
144,1.42033143101291,15,0.0731006
145,1.43009735404523,0,0.0733316
145,1.43009735404523,1,0.07315158
145,1.43009735404523,2,0.07338162
145,1.43009735404523,3,0.07340793
145,1.43009735404523,4,0.07335822
145,1.43009735404523,5,0.07338478
145,1.43009735404523,6,0.07356755
145,1.43009735404523,7,0.07351986
145,1.43009735404523,8,0.07357849
145,1.43009735404523,9,0.07330354
145,1.43009735404523,10,0.07350364
145,1.43009735404523,11,0.07349223
145,1.43009735404523,12,0.07342927
145,1.43009735404523,13,0.07361309
145,1.43009735404523,14,0.07358556
145,1.43009735404523,15,0.07342388
146,1.44047364726707,0,0.07346741
146,1.44047364726707,1,0.0735151
146,1.44047364726707,2,0.07350691
146,1.44047364726707,3,0.0734981
146,1.44047364726707,4,0.07369211
146,1.44047364726707,5,0.07337333
146,1.44047364726707,6,0.07353929
146,1.44047364726707,7,0.07326383
146,1.44047364726707,8,0.07356951
146,1.44047364726707,9,0.07349735
146,1.44047364726707,10,0.0735056
146,1.44047364726707,11,0.07314882
146,1.44047364726707,12,0.07343835
146,1.44047364726707,13,0.07348446
146,1.44047364726707,14,0.07337332
146,1.44047364726707,15,0.07336879
147,1.45023957029939,0,0.07354833
147,1.45023957029939,1,0.07318686
147,1.45023957029939,2,0.07337348
147,1.45023957029939,3,0.07343386
147,1.45023957029939,4,0.07351991
147,1.45023957029939,5,0.07365382
147,1.45023957029939,6,0.07359967
147,1.45023957029939,7,0.07353961
147,1.45023957029939,8,0.07340661
147,1.45023957029939,9,0.07358446
147,1.45023957029939,10,0.07355144
147,1.45023957029939,11,0.07318279
147,1.45023957029939,12,0.07357685
147,1.45023957029939,13,0.0735441
147,1.45023957029939,14,0.07361906
147,1.45023957029939,15,0.07338405
148,1.46000549333171,0,0.07330588
148,1.46000549333171,1,0.07334845
148,1.46000549333171,2,0.07313564
148,1.46000549333171,3,0.07334635
148,1.46000549333171,4,0.07330424
148,1.46000549333171,5,0.07306045
148,1.46000549333171,6,0.07310319
148,1.46000549333171,7,0.07312723
148,1.46000549333171,8,0.07291672
148,1.46000549333171,9,0.07312433
148,1.46000549333171,10,0.07334301
148,1.46000549333171,11,0.07335711
148,1.46000549333171,12,0.07331195
148,1.46000549333171,13,0.07315835
148,1.46000549333171,14,0.07333836
148,1.46000549333171,15,0.07313832
149,1.46977141636402,0,0.07321142
149,1.46977141636402,1,0.07321756
149,1.46977141636402,2,0.07298914
149,1.46977141636402,3,0.07309082
149,1.46977141636402,4,0.07307614
149,1.46977141636402,5,0.07326234
149,1.46977141636402,6,0.07339086
149,1.46977141636402,7,0.07328459
149,1.46977141636402,8,0.07316367
149,1.46977141636402,9,0.07323118
149,1.46977141636402,10,0.07299411
149,1.46977141636402,11,0.07339678
149,1.46977141636402,12,0.07320641
149,1.46977141636402,13,0.0731305
149,1.46977141636402,14,0.07316235
149,1.46977141636402,15,0.07341079
150,1.48014770958586,0,0.07345277
150,1.48014770958586,1,0.07327883
150,1.48014770958586,2,0.07335944
150,1.48014770958586,3,0.07326441
150,1.48014770958586,4,0.07329335
150,1.48014770958586,5,0.07338331
150,1.48014770958586,6,0.07324069
150,1.48014770958586,7,0.07337407
150,1.48014770958586,8,0.07351262
150,1.48014770958586,9,0.07297087
150,1.48014770958586,10,0.07304979
150,1.48014770958586,11,0.07318258
150,1.48014770958586,12,0.0732801
150,1.48014770958586,13,0.07315148
150,1.48014770958586,14,0.07339419
150,1.48014770958586,15,0.07357823
151,1.4905240028077,0,0.07346783
151,1.4905240028077,1,0.0733278
151,1.4905240028077,2,0.07313884
151,1.4905240028077,3,0.07343657
151,1.4905240028077,4,0.07315782
151,1.4905240028077,5,0.07318063
151,1.4905240028077,6,0.07339515
151,1.4905240028077,7,0.07329055
151,1.4905240028077,8,0.07336272
151,1.4905240028077,9,0.07318168
151,1.4905240028077,10,0.07341395
151,1.4905240028077,11,0.07314313
151,1.4905240028077,12,0.07332331
151,1.4905240028077,13,0.07354109
151,1.4905240028077,14,0.07337735
151,1.4905240028077,15,0.07343815
152,1.50028992584002,0,0.07325163
152,1.50028992584002,1,0.07329552
152,1.50028992584002,2,0.07308703
152,1.50028992584002,3,0.07304899
152,1.50028992584002,4,0.07293368
152,1.50028992584002,5,0.07329779
152,1.50028992584002,6,0.07332796
152,1.50028992584002,7,0.07347284
152,1.50028992584002,8,0.07301356
152,1.50028992584002,9,0.07316658
152,1.50028992584002,10,0.0733867
152,1.50028992584002,11,0.07339367
152,1.50028992584002,12,0.07317705
152,1.50028992584002,13,0.07344142
152,1.50028992584002,14,0.07337824
152,1.50028992584002,15,0.073357
153,1.51066621906186,0,0.07356227
153,1.51066621906186,1,0.07325718
153,1.51066621906186,2,0.07325161
153,1.51066621906186,3,0.07317138
153,1.51066621906186,4,0.07351986
153,1.51066621906186,5,0.07343914
153,1.51066621906186,6,0.07361087
153,1.51066621906186,7,0.07346275
153,1.51066621906186,8,0.07336271
153,1.51066621906186,9,0.07319653
153,1.51066621906186,10,0.07335716
153,1.51066621906186,11,0.07329399
153,1.51066621906186,12,0.07328396
153,1.51066621906186,13,0.07328347
153,1.51066621906186,14,0.07330307
153,1.51066621906186,15,0.07348045
154,1.52043214209418,0,0.07328702
154,1.52043214209418,1,0.07324723
154,1.52043214209418,2,0.07343064
154,1.52043214209418,3,0.07358848
154,1.52043214209418,4,0.0732446
154,1.52043214209418,5,0.0734626
154,1.52043214209418,6,0.07325121
154,1.52043214209418,7,0.07326578
154,1.52043214209418,8,0.07326911
154,1.52043214209418,9,0.07326075
154,1.52043214209418,10,0.07326213
154,1.52043214209418,11,0.07328558
154,1.52043214209418,12,0.07311444
154,1.52043214209418,13,0.07338262
154,1.52043214209418,14,0.0734356
154,1.52043214209418,15,0.07339942
155,1.52958769493698,0,0.07370136
155,1.52958769493698,1,0.07341188
155,1.52958769493698,2,0.07344258
155,1.52958769493698,3,0.07363829
155,1.52958769493698,4,0.07362925
155,1.52958769493698,5,0.073516
155,1.52958769493698,6,0.07328083
155,1.52958769493698,7,0.07315042
155,1.52958769493698,8,0.07336693
155,1.52958769493698,9,0.07333012
155,1.52958769493698,10,0.07319003
155,1.52958769493698,11,0.07363305
155,1.52958769493698,12,0.07345118
155,1.52958769493698,13,0.07382242
155,1.52958769493698,14,0.07345066
155,1.52958769493698,15,0.07334945
156,1.54057435834834,0,0.07332315
156,1.54057435834834,1,0.07346809
156,1.54057435834834,2,0.07328902
156,1.54057435834834,3,0.07326399
156,1.54057435834834,4,0.07313325
156,1.54057435834834,5,0.07324307
156,1.54057435834834,6,0.07317566
156,1.54057435834834,7,0.07319795
156,1.54057435834834,8,0.07321931
156,1.54057435834834,9,0.07340618
156,1.54057435834834,10,0.0732344
156,1.54057435834834,11,0.07350602
156,1.54057435834834,12,0.07350581
156,1.54057435834834,13,0.07338722
156,1.54057435834834,14,0.07362334
156,1.54057435834834,15,0.07330916
157,1.54972991119114,0,0.07340439
157,1.54972991119114,1,0.07339858
157,1.54972991119114,2,0.07331254
157,1.54972991119114,3,0.07354864
157,1.54972991119114,4,0.07322077
157,1.54972991119114,5,0.07339124
157,1.54972991119114,6,0.07329969
157,1.54972991119114,7,0.07327069
157,1.54972991119114,8,0.07316843
157,1.54972991119114,9,0.07332283
157,1.54972991119114,10,0.07301207
157,1.54972991119114,11,0.07338008
157,1.54972991119114,12,0.07344374
157,1.54972991119114,13,0.07329716
157,1.54972991119114,14,0.07322675
157,1.54972991119114,15,0.0733382
158,1.56010620441298,0,0.07342985
158,1.56010620441298,1,0.07348479
158,1.56010620441298,2,0.07351739
158,1.56010620441298,3,0.07343793
158,1.56010620441298,4,0.07337818
158,1.56010620441298,5,0.07337897
158,1.56010620441298,6,0.07328162
158,1.56010620441298,7,0.07327022
158,1.56010620441298,8,0.07339682
158,1.56010620441298,9,0.07352594
158,1.56010620441298,10,0.07368957
158,1.56010620441298,11,0.07369719
158,1.56010620441298,12,0.07361515
158,1.56010620441298,13,0.07337512
158,1.56010620441298,14,0.07332525
158,1.56010620441298,15,0.0735261
159,1.5698721274453,0,0.07366422
159,1.5698721274453,1,0.07339878
159,1.5698721274453,2,0.07344332
159,1.5698721274453,3,0.07351775
159,1.5698721274453,4,0.07353787
159,1.5698721274453,5,0.07343925
159,1.5698721274453,6,0.07358029
159,1.5698721274453,7,0.07339667
159,1.5698721274453,8,0.07331617
159,1.5698721274453,9,0.07314111
159,1.5698721274453,10,0.07329182
159,1.5698721274453,11,0.07352366
159,1.5698721274453,12,0.07345463
159,1.5698721274453,13,0.07348129
159,1.5698721274453,14,0.07368936
159,1.5698721274453,15,0.07368482
160,1.57963805047761,0,0.07323989
160,1.57963805047761,1,0.07349224
160,1.57963805047761,2,0.07334142
160,1.57963805047761,3,0.07362228
160,1.57963805047761,4,0.07353597
160,1.57963805047761,5,0.07333313
160,1.57963805047761,6,0.07299601
160,1.57963805047761,7,0.07322104
160,1.57963805047761,8,0.07319865
160,1.57963805047761,9,0.07348035
160,1.57963805047761,10,0.0733242
160,1.57963805047761,11,0.07335716
160,1.57963805047761,12,0.0731802
160,1.57963805047761,13,0.07318771
160,1.57963805047761,14,0.0731146
160,1.57963805047761,15,0.07334337
161,1.59001434369945,0,0.07360554
161,1.59001434369945,1,0.07362223
161,1.59001434369945,2,0.07328205
161,1.59001434369945,3,0.07315111
161,1.59001434369945,4,0.07326082
161,1.59001434369945,5,0.07339314
161,1.59001434369945,6,0.07363623
161,1.59001434369945,7,0.07344797
161,1.59001434369945,8,0.07340021
161,1.59001434369945,9,0.07327355
161,1.59001434369945,10,0.07348452
161,1.59001434369945,11,0.07339451
161,1.59001434369945,12,0.07350443
161,1.59001434369945,13,0.07337771
161,1.59001434369945,14,0.07353132
161,1.59001434369945,15,0.07311413
162,1.60039063692129,0,0.07305153
162,1.60039063692129,1,0.07334565
162,1.60039063692129,2,0.07337871
162,1.60039063692129,3,0.07330577
162,1.60039063692129,4,0.07333282
162,1.60039063692129,5,0.0733315
162,1.60039063692129,6,0.07338638
162,1.60039063692129,7,0.07328648
162,1.60039063692129,8,0.07334301
162,1.60039063692129,9,0.07331845
162,1.60039063692129,10,0.07305998
162,1.60039063692129,11,0.07305322
162,1.60039063692129,12,0.07304592
162,1.60039063692129,13,0.0730966
162,1.60039063692129,14,0.07334781
162,1.60039063692129,15,0.07342863
163,1.61015655995361,0,0.07333694
163,1.61015655995361,1,0.07306294
163,1.61015655995361,2,0.07316235
163,1.61015655995361,3,0.07318334
163,1.61015655995361,4,0.07314677
163,1.61015655995361,5,0.07303879
163,1.61015655995361,6,0.07332198
163,1.61015655995361,7,0.07319056
163,1.61015655995361,8,0.07325993
163,1.61015655995361,9,0.07296775
163,1.61015655995361,10,0.07338553
163,1.61015655995361,11,0.07359307
163,1.61015655995361,12,0.07314593
163,1.61015655995361,13,0.07337084
163,1.61015655995361,14,0.07336097
163,1.61015655995361,15,0.07339758
164,1.61992248298593,0,0.07326002
164,1.61992248298593,1,0.07305592
164,1.61992248298593,2,0.07320123
164,1.61992248298593,3,0.07331301
164,1.61992248298593,4,0.07336007
164,1.61992248298593,5,0.0735208
164,1.61992248298593,6,0.07334707
164,1.61992248298593,7,0.07365482
164,1.61992248298593,8,0.0733719
164,1.61992248298593,9,0.07322299
164,1.61992248298593,10,0.07333672
164,1.61992248298593,11,0.073282
164,1.61992248298593,12,0.07353196
164,1.61992248298593,13,0.07336999
164,1.61992248298593,14,0.07317065
164,1.61992248298593,15,0.07343993
165,1.63029877620777,0,0.07316056
165,1.63029877620777,1,0.07311282
165,1.63029877620777,2,0.07339355
165,1.63029877620777,3,0.07353724
165,1.63029877620777,4,0.07338279
165,1.63029877620777,5,0.07345843
165,1.63029877620777,6,0.07313272
165,1.63029877620777,7,0.07328099
165,1.63029877620777,8,0.07347163
165,1.63029877620777,9,0.07352117
165,1.63029877620777,10,0.07326457
165,1.63029877620777,11,0.07339937
165,1.63029877620777,12,0.07295978
165,1.63029877620777,13,0.07305454
165,1.63029877620777,14,0.07318585
165,1.63029877620777,15,0.07324011
166,1.64006469924009,0,0.07322299
166,1.64006469924009,1,0.07330165
166,1.64006469924009,2,0.07320894
166,1.64006469924009,3,0.07327101
166,1.64006469924009,4,0.07345029
166,1.64006469924009,5,0.07326984
166,1.64006469924009,6,0.07351863
166,1.64006469924009,7,0.07330085
166,1.64006469924009,8,0.07326488
166,1.64006469924009,9,0.07311524
166,1.64006469924009,10,0.07319653
166,1.64006469924009,11,0.0731232
166,1.64006469924009,12,0.0733278
166,1.64006469924009,13,0.07333943
166,1.64006469924009,14,0.07315549
166,1.64006469924009,15,0.073472
167,1.64983062227241,0,0.07313636
167,1.64983062227241,1,0.07321354
167,1.64983062227241,2,0.07306342
167,1.64983062227241,3,0.07308475
167,1.64983062227241,4,0.07331412
167,1.64983062227241,5,0.07339045
167,1.64983062227241,6,0.07338901
167,1.64983062227241,7,0.07315089
167,1.64983062227241,8,0.07307926
167,1.64983062227241,9,0.07334606
167,1.64983062227241,10,0.07317582
167,1.64983062227241,11,0.07309986
167,1.64983062227241,12,0.07329067
167,1.64983062227241,13,0.07333598
167,1.64983062227241,14,0.07334469
167,1.64983062227241,15,0.07338949
168,1.66020691549425,0,0.07332621
168,1.66020691549425,1,0.07331416
168,1.66020691549425,2,0.07347306
168,1.66020691549425,3,0.07348509
168,1.66020691549425,4,0.07344232
168,1.66020691549425,5,0.07318585
168,1.66020691549425,6,0.07325681
168,1.66020691549425,7,0.07334127
168,1.66020691549425,8,0.07330909
168,1.66020691549425,9,0.07352198
168,1.66020691549425,10,0.07307313
168,1.66020691549425,11,0.07299601
168,1.66020691549425,12,0.07310584
168,1.66020691549425,13,0.07312991
168,1.66020691549425,14,0.07290864
168,1.66020691549425,15,0.07279523
169,1.67058320871609,0,0.07333688
169,1.67058320871609,1,0.07323545
169,1.67058320871609,2,0.07336614
169,1.67058320871609,3,0.07343709
169,1.67058320871609,4,0.073328
169,1.67058320871609,5,0.07324987
169,1.67058320871609,6,0.07322907
169,1.67058320871609,7,0.07325622
169,1.67058320871609,8,0.073295
169,1.67058320871609,9,0.07329995
169,1.67058320871609,10,0.07331702
169,1.67058320871609,11,0.07334121
169,1.67058320871609,12,0.07301497
169,1.67058320871609,13,0.07281125
169,1.67058320871609,14,0.07264855
169,1.67058320871609,15,0.07258741
170,1.68034913174841,0,0.07278334
170,1.68034913174841,1,0.07291225
170,1.68034913174841,2,0.0729124
170,1.68034913174841,3,0.07303515
170,1.68034913174841,4,0.07298387
170,1.68034913174841,5,0.07301116
170,1.68034913174841,6,0.07315405
170,1.68034913174841,7,0.07312448
170,1.68034913174841,8,0.07314651
170,1.68034913174841,9,0.07300499
170,1.68034913174841,10,0.07309172
170,1.68034913174841,11,0.07293589
170,1.68034913174841,12,0.07295782
170,1.68034913174841,13,0.07307943
170,1.68034913174841,14,0.07309611
170,1.68034913174841,15,0.07277781
171,1.69133579515976,0,0.07317582
171,1.69133579515976,1,0.07282598
171,1.69133579515976,2,0.07301112
171,1.69133579515976,3,0.07287912
171,1.69133579515976,4,0.07296015
171,1.69133579515976,5,0.07301079
171,1.69133579515976,6,0.07314545
171,1.69133579515976,7,0.07328285
171,1.69133579515976,8,0.07319214
171,1.69133579515976,9,0.07317888
171,1.69133579515976,10,0.07320561
171,1.69133579515976,11,0.0729619
171,1.69133579515976,12,0.07295064
171,1.69133579515976,13,0.07292176
171,1.69133579515976,14,0.07315194
171,1.69133579515976,15,0.07345642
172,1.70049134800256,0,0.07333614
172,1.70049134800256,1,0.07320804
172,1.70049134800256,2,0.07310805
172,1.70049134800256,3,0.07322178
172,1.70049134800256,4,0.07320968
172,1.70049134800256,5,0.07342272
172,1.70049134800256,6,0.073094
172,1.70049134800256,7,0.07307456
172,1.70049134800256,8,0.07335812
172,1.70049134800256,9,0.07354574
172,1.70049134800256,10,0.07348648
172,1.70049134800256,11,0.07322109
172,1.70049134800256,12,0.07344079
172,1.70049134800256,13,0.07331697
172,1.70049134800256,14,0.07333858
172,1.70049134800256,15,0.07313097
173,1.71025727103488,0,0.07339837
173,1.71025727103488,1,0.07336905
173,1.71025727103488,2,0.07311084
173,1.71025727103488,3,0.07312787
173,1.71025727103488,4,0.07331622
173,1.71025727103488,5,0.07328104
173,1.71025727103488,6,0.07311978
173,1.71025727103488,7,0.07315691
173,1.71025727103488,8,0.07297345
173,1.71025727103488,9,0.07313863
173,1.71025727103488,10,0.07297996
173,1.71025727103488,11,0.07326218
173,1.71025727103488,12,0.07339188
173,1.71025727103488,13,0.07337327
173,1.71025727103488,14,0.07328686
173,1.71025727103488,15,0.07313795
174,1.72063356425672,0,0.07331046
174,1.72063356425672,1,0.07320937
174,1.72063356425672,2,0.07348362
174,1.72063356425672,3,0.07336747
174,1.72063356425672,4,0.07322493
174,1.72063356425672,5,0.07346772
174,1.72063356425672,6,0.07301155
174,1.72063356425672,7,0.07339842
174,1.72063356425672,8,0.07319975
174,1.72063356425672,9,0.07344458
174,1.72063356425672,10,0.07298566
174,1.72063356425672,11,0.07283289
174,1.72063356425672,12,0.07355778
174,1.72063356425672,13,0.07303548
174,1.72063356425672,14,0.0733353
174,1.72063356425672,15,0.07347966
175,1.73039948728904,0,0.07317878
175,1.73039948728904,1,0.07321681
175,1.73039948728904,2,0.07313092
175,1.73039948728904,3,0.07314956
175,1.73039948728904,4,0.07322204
175,1.73039948728904,5,0.07356106
175,1.73039948728904,6,0.07326023
175,1.73039948728904,7,0.0731472
175,1.73039948728904,8,0.07331046
175,1.73039948728904,9,0.07308862
175,1.73039948728904,10,0.07325998
175,1.73039948728904,11,0.07332109
175,1.73039948728904,12,0.07331163
175,1.73039948728904,13,0.0731454
175,1.73039948728904,14,0.07348923
175,1.73039948728904,15,0.07362286
176,1.73955504013184,0,0.07348199
176,1.73955504013184,1,0.07325681
176,1.73955504013184,2,0.07319451
176,1.73955504013184,3,0.07329234
176,1.73955504013184,4,0.07325611
176,1.73955504013184,5,0.07348114
176,1.73955504013184,6,0.07328749
176,1.73955504013184,7,0.07323271
176,1.73955504013184,8,0.0732576
176,1.73955504013184,9,0.0734354
176,1.73955504013184,10,0.07335094
176,1.73955504013184,11,0.07329753
176,1.73955504013184,12,0.07338452
176,1.73955504013184,13,0.07333709
176,1.73955504013184,14,0.07338802
176,1.73955504013184,15,0.07338152
177,1.74993133335368,0,0.07323994
177,1.74993133335368,1,0.07352835
177,1.74993133335368,2,0.07338774
177,1.74993133335368,3,0.07321068
177,1.74993133335368,4,0.07323161
177,1.74993133335368,5,0.07342451
177,1.74993133335368,6,0.07341141
177,1.74993133335368,7,0.07370627
177,1.74993133335368,8,0.07375682
177,1.74993133335368,9,0.07367273
177,1.74993133335368,10,0.07329376
177,1.74993133335368,11,0.07340623
177,1.74993133335368,12,0.07344819
177,1.74993133335368,13,0.07342763
177,1.74993133335368,14,0.07330889
177,1.74993133335368,15,0.07375349
178,1.76030762657552,0,0.07381514
178,1.76030762657552,1,0.07363605
178,1.76030762657552,2,0.07387044
178,1.76030762657552,3,0.07349086
178,1.76030762657552,4,0.07356159
178,1.76030762657552,5,0.07358853
178,1.76030762657552,6,0.07342758
178,1.76030762657552,7,0.07365419
178,1.76030762657552,8,0.07349255
178,1.76030762657552,9,0.07351612
178,1.76030762657552,10,0.07343762
178,1.76030762657552,11,0.07335442
178,1.76030762657552,12,0.07363459
178,1.76030762657552,13,0.07347623
178,1.76030762657552,14,0.07324386
178,1.76030762657552,15,0.07370828
179,1.77068391979736,0,0.07352001
179,1.77068391979736,1,0.07362027
179,1.77068391979736,2,0.07341522
179,1.77068391979736,3,0.07353909
179,1.77068391979736,4,0.07352287
179,1.77068391979736,5,0.07360237
179,1.77068391979736,6,0.07361467
179,1.77068391979736,7,0.07383268
179,1.77068391979736,8,0.07350787
179,1.77068391979736,9,0.07360216
179,1.77068391979736,10,0.07348611
179,1.77068391979736,11,0.07375471
179,1.77068391979736,12,0.07369063
179,1.77068391979736,13,0.07354796
179,1.77068391979736,14,0.07349006
179,1.77068391979736,15,0.07389764
180,1.77922910245064,0,0.07347079
180,1.77922910245064,1,0.07347919
180,1.77922910245064,2,0.07356143
180,1.77922910245064,3,0.0738444
180,1.77922910245064,4,0.07344411
180,1.77922910245064,5,0.07369798
180,1.77922910245064,6,0.07379628
180,1.77922910245064,7,0.07369111
180,1.77922910245064,8,0.07360025
180,1.77922910245064,9,0.0735487
180,1.77922910245064,10,0.07374008
180,1.77922910245064,11,0.07346234
180,1.77922910245064,12,0.07342732
180,1.77922910245064,13,0.07340872
180,1.77922910245064,14,0.07338452
180,1.77922910245064,15,0.07374816
181,1.790215765862,0,0.0737329
181,1.790215765862,1,0.07354685
181,1.790215765862,2,0.07358007
181,1.790215765862,3,0.07376147
181,1.790215765862,4,0.07335843
181,1.790215765862,5,0.07352171
181,1.790215765862,6,0.0734757
181,1.790215765862,7,0.0735264
181,1.790215765862,8,0.07359434
181,1.790215765862,9,0.07357743
181,1.790215765862,10,0.07359957
181,1.790215765862,11,0.07361584
181,1.790215765862,12,0.07331739
181,1.790215765862,13,0.07337032
181,1.790215765862,14,0.07353693
181,1.790215765862,15,0.07367864
182,1.80059205908383,0,0.07354543
182,1.80059205908383,1,0.07348072
182,1.80059205908383,2,0.07336974
182,1.80059205908383,3,0.07322489
182,1.80059205908383,4,0.07338469
182,1.80059205908383,5,0.07341991
182,1.80059205908383,6,0.07328104
182,1.80059205908383,7,0.07361531
182,1.80059205908383,8,0.07354067
182,1.80059205908383,9,0.07340745
182,1.80059205908383,10,0.07316051
182,1.80059205908383,11,0.07301789
182,1.80059205908383,12,0.07336815
182,1.80059205908383,13,0.07312659
182,1.80059205908383,14,0.07328822
182,1.80059205908383,15,0.07327935
183,1.80974761192663,0,0.07337084
183,1.80974761192663,1,0.07325917
183,1.80974761192663,2,0.07308871
183,1.80974761192663,3,0.07318243
183,1.80974761192663,4,0.07323541
183,1.80974761192663,5,0.07314403
183,1.80974761192663,6,0.07335817
183,1.80974761192663,7,0.07352006
183,1.80974761192663,8,0.07334824
183,1.80974761192663,9,0.07316551
183,1.80974761192663,10,0.07330751
183,1.80974761192663,11,0.07354289
183,1.80974761192663,12,0.07329372
183,1.80974761192663,13,0.07306024
183,1.80974761192663,14,0.0731518
183,1.80974761192663,15,0.07354627
184,1.82073427533799,0,0.07364849
184,1.82073427533799,1,0.07349625
184,1.82073427533799,2,0.07338104
184,1.82073427533799,3,0.07335669
184,1.82073427533799,4,0.07343481
184,1.82073427533799,5,0.07351083
184,1.82073427533799,6,0.07358678
184,1.82073427533799,7,0.07360058
184,1.82073427533799,8,0.07365408
184,1.82073427533799,9,0.07354003
184,1.82073427533799,10,0.07348959
184,1.82073427533799,11,0.07341532
184,1.82073427533799,12,0.07320504
184,1.82073427533799,13,0.07329796
184,1.82073427533799,14,0.0735488
184,1.82073427533799,15,0.07338923
185,1.83050019837031,0,0.07318312
185,1.83050019837031,1,0.07339989
185,1.83050019837031,2,0.07321154
185,1.83050019837031,3,0.07344289
185,1.83050019837031,4,0.07341363
185,1.83050019837031,5,0.07329853
185,1.83050019837031,6,0.07336276
185,1.83050019837031,7,0.07349376
185,1.83050019837031,8,0.07310119
185,1.83050019837031,9,0.07321444
185,1.83050019837031,10,0.07353106
185,1.83050019837031,11,0.07340581
185,1.83050019837031,12,0.07334153
185,1.83050019837031,13,0.07352646
185,1.83050019837031,14,0.07331469
185,1.83050019837031,15,0.0733587
186,1.84026612140263,0,0.0736751
186,1.84026612140263,1,0.07344612
186,1.84026612140263,2,0.07345352
186,1.84026612140263,3,0.0733691
186,1.84026612140263,4,0.07335468
186,1.84026612140263,5,0.07349978
186,1.84026612140263,6,0.07336276
186,1.84026612140263,7,0.07331143
186,1.84026612140263,8,0.07338706
186,1.84026612140263,9,0.07329663
186,1.84026612140263,10,0.07347945
186,1.84026612140263,11,0.07333551
186,1.84026612140263,12,0.07349117
186,1.84026612140263,13,0.07325817
186,1.84026612140263,14,0.07341458
186,1.84026612140263,15,0.07323235
187,1.85003204443495,0,0.07370643
187,1.85003204443495,1,0.07367849
187,1.85003204443495,2,0.07339383
187,1.85003204443495,3,0.07364917
187,1.85003204443495,4,0.07369286
187,1.85003204443495,5,0.0737095
187,1.85003204443495,6,0.0735075
187,1.85003204443495,7,0.07383146
187,1.85003204443495,8,0.0734375
187,1.85003204443495,9,0.07344712
187,1.85003204443495,10,0.07368076
187,1.85003204443495,11,0.07347818
187,1.85003204443495,12,0.07326742
187,1.85003204443495,13,0.07329842
187,1.85003204443495,14,0.07353237
187,1.85003204443495,15,0.0734814
188,1.86040833765679,0,0.07351404
188,1.86040833765679,1,0.07340534
188,1.86040833765679,2,0.0734644
188,1.86040833765679,3,0.07307334
188,1.86040833765679,4,0.07345087
188,1.86040833765679,5,0.07351558
188,1.86040833765679,6,0.07333883
188,1.86040833765679,7,0.07373168
188,1.86040833765679,8,0.07369819
188,1.86040833765679,9,0.07356095
188,1.86040833765679,10,0.07341527
188,1.86040833765679,11,0.07361753
188,1.86040833765679,12,0.07316611
188,1.86040833765679,13,0.07344818
188,1.86040833765679,14,0.07337095
188,1.86040833765679,15,0.07330614
189,1.86956389049959,0,0.0732156
189,1.86956389049959,1,0.07337829
189,1.86956389049959,2,0.07305713
189,1.86956389049959,3,0.07339647
189,1.86956389049959,4,0.07338162
189,1.86956389049959,5,0.07354114
189,1.86956389049959,6,0.07330847
189,1.86956389049959,7,0.07347396
189,1.86956389049959,8,0.07356608
189,1.86956389049959,9,0.07342383
189,1.86956389049959,10,0.07351584
189,1.86956389049959,11,0.07348568
189,1.86956389049959,12,0.07363053
189,1.86956389049959,13,0.07353143
189,1.86956389049959,14,0.07343698
189,1.86956389049959,15,0.07330112
190,1.88055055391095,0,0.07382951
190,1.88055055391095,1,0.07358208
190,1.88055055391095,2,0.07384493
190,1.88055055391095,3,0.07378582
190,1.88055055391095,4,0.07366063
190,1.88055055391095,5,0.07359704
190,1.88055055391095,6,0.07379544
190,1.88055055391095,7,0.0737162
190,1.88055055391095,8,0.07364383
190,1.88055055391095,9,0.073632
190,1.88055055391095,10,0.07385808
190,1.88055055391095,11,0.07354051
190,1.88055055391095,12,0.07345832
190,1.88055055391095,13,0.0736273
190,1.88055055391095,14,0.07343217
190,1.88055055391095,15,0.07363977
191,1.88970610675375,0,0.07365931
191,1.88970610675375,1,0.07360058
191,1.88970610675375,2,0.07363665
191,1.88970610675375,3,0.07346978
191,1.88970610675375,4,0.07358652
191,1.88970610675375,5,0.07392739
191,1.88970610675375,6,0.07375561
191,1.88970610675375,7,0.07375576
191,1.88970610675375,8,0.0737818
191,1.88970610675375,9,0.07359546
191,1.88970610675375,10,0.07379438
191,1.88970610675375,11,0.07353994
191,1.88970610675375,12,0.0733633
191,1.88970610675375,13,0.07336144
191,1.88970610675375,14,0.07352594
191,1.88970610675375,15,0.0733513
192,1.90008239997558,0,0.07370917
192,1.90008239997558,1,0.07368059
192,1.90008239997558,2,0.07345367
192,1.90008239997558,3,0.07381397
192,1.90008239997558,4,0.07346682
192,1.90008239997558,5,0.07349513
192,1.90008239997558,6,0.07344063
192,1.90008239997558,7,0.07351273
192,1.90008239997558,8,0.07336773
192,1.90008239997558,9,0.07363834
192,1.90008239997558,10,0.07327233
192,1.90008239997558,11,0.0732794
192,1.90008239997558,12,0.07320298
192,1.90008239997558,13,0.07336243
192,1.90008239997558,14,0.07335573
192,1.90008239997558,15,0.07348166
193,1.91045869319742,0,0.07360041
193,1.91045869319742,1,0.07352651
193,1.91045869319742,2,0.07372333
193,1.91045869319742,3,0.07365514
193,1.91045869319742,4,0.07366069
193,1.91045869319742,5,0.07360179
193,1.91045869319742,6,0.07363047
193,1.91045869319742,7,0.07387642
193,1.91045869319742,8,0.07362725
193,1.91045869319742,9,0.07383183
193,1.91045869319742,10,0.07357781
193,1.91045869319742,11,0.07371588
193,1.91045869319742,12,0.07345642
193,1.91045869319742,13,0.07329822
193,1.91045869319742,14,0.07332923
193,1.91045869319742,15,0.07332114
194,1.92022461622974,0,0.07352044
194,1.92022461622974,1,0.07363839
194,1.92022461622974,2,0.07366211
194,1.92022461622974,3,0.07340471
194,1.92022461622974,4,0.07353903
194,1.92022461622974,5,0.07356693
194,1.92022461622974,6,0.07357427
194,1.92022461622974,7,0.07356994
194,1.92022461622974,8,0.07387642
194,1.92022461622974,9,0.07369222
194,1.92022461622974,10,0.0736685
194,1.92022461622974,11,0.0735729
194,1.92022461622974,12,0.07352932
194,1.92022461622974,13,0.07377879
194,1.92022461622974,14,0.07381968
194,1.92022461622974,15,0.07393679
195,1.92999053926206,0,0.07370738
195,1.92999053926206,1,0.07345415
195,1.92999053926206,2,0.07345822
195,1.92999053926206,3,0.07321629
195,1.92999053926206,4,0.07353608
195,1.92999053926206,5,0.07347047
195,1.92999053926206,6,0.07347216
195,1.92999053926206,7,0.07351574
195,1.92999053926206,8,0.07346915
195,1.92999053926206,9,0.07333598
195,1.92999053926206,10,0.07322204
195,1.92999053926206,11,0.07341442
195,1.92999053926206,12,0.07345557
195,1.92999053926206,13,0.07335214
195,1.92999053926206,14,0.07321396
195,1.92999053926206,15,0.07337047
196,1.9403668324839,0,0.07315301
196,1.9403668324839,1,0.0733561
196,1.9403668324839,2,0.07344954
196,1.9403668324839,3,0.07383796
196,1.9403668324839,4,0.07368292
196,1.9403668324839,5,0.07371631
196,1.9403668324839,6,0.07385719
196,1.9403668324839,7,0.07361092
196,1.9403668324839,8,0.07389036
196,1.9403668324839,9,0.07350417
196,1.9403668324839,10,0.07344654
196,1.9403668324839,11,0.07338701
196,1.9403668324839,12,0.07322289
196,1.9403668324839,13,0.07331522
196,1.9403668324839,14,0.07333387
196,1.9403668324839,15,0.07335459
197,1.95074312570574,0,0.07354912
197,1.95074312570574,1,0.07329436
197,1.95074312570574,2,0.07323156
197,1.95074312570574,3,0.07358573
197,1.95074312570574,4,0.07372677
197,1.95074312570574,5,0.07364621
197,1.95074312570574,6,0.0733156
197,1.95074312570574,7,0.07352065
197,1.95074312570574,8,0.07324666
197,1.95074312570574,9,0.07344627
197,1.95074312570574,10,0.07355054
197,1.95074312570574,11,0.07368001
197,1.95074312570574,12,0.07395343
197,1.95074312570574,13,0.07359381
197,1.95074312570574,14,0.07365223
197,1.95074312570574,15,0.07374768
198,1.95928830835902,0,0.07389395
198,1.95928830835902,1,0.07376654
198,1.95928830835902,2,0.07391328
198,1.95928830835902,3,0.07352784
198,1.95928830835902,4,0.07368498
198,1.95928830835902,5,0.07368192
198,1.95928830835902,6,0.07356856
198,1.95928830835902,7,0.07368752
198,1.95928830835902,8,0.073546
198,1.95928830835902,9,0.07355567
198,1.95928830835902,10,0.07353085
198,1.95928830835902,11,0.07375091
198,1.95928830835902,12,0.07357056
198,1.95928830835902,13,0.0735356
198,1.95928830835902,14,0.07355953
198,1.95928830835902,15,0.07389723
199,1.97027497177038,0,0.07335083
199,1.97027497177038,1,0.0735402
199,1.97027497177038,2,0.07320502
199,1.97027497177038,3,0.0733859
199,1.97027497177038,4,0.07361214
199,1.97027497177038,5,0.07348642
199,1.97027497177038,6,0.07361378
199,1.97027497177038,7,0.07360934
199,1.97027497177038,8,0.0734231
199,1.97027497177038,9,0.07350428
199,1.97027497177038,10,0.07353676
199,1.97027497177038,11,0.07343502
199,1.97027497177038,12,0.07362805
199,1.97027497177038,13,0.0733391
199,1.97027497177038,14,0.07336414
199,1.97027497177038,15,0.07322246
200,1.9800408948027,0,0.07366803
200,1.9800408948027,1,0.07347712
200,1.9800408948027,2,0.0738276
200,1.9800408948027,3,0.07335372
200,1.9800408948027,4,0.07355276
200,1.9800408948027,5,0.07347327
200,1.9800408948027,6,0.07356413
200,1.9800408948027,7,0.07343011
200,1.9800408948027,8,0.07315343
200,1.9800408948027,9,0.07356291
200,1.9800408948027,10,0.07364315
200,1.9800408948027,11,0.0735468
200,1.9800408948027,12,0.0732382
200,1.9800408948027,13,0.07329495
200,1.9800408948027,14,0.07318714
200,1.9800408948027,15,0.0731857
