pos_index,position,sample_index,voltage
0,-0.010376293221839,0,0.07246445
0,-0.010376293221839,1,0.07241891
0,-0.010376293221839,2,0.07266217
0,-0.010376293221839,3,0.07243588
0,-0.010376293221839,4,0.07240622
0,-0.010376293221839,5,0.07244536
0,-0.010376293221839,6,0.07238173
0,-0.010376293221839,7,0.07220968
0,-0.010376293221839,8,0.07260408
0,-0.010376293221839,9,0.07200512
0,-0.010376293221839,10,0.07201356
0,-0.010376293221839,11,0.07211521
1,-0.010986663411359,0,0.07213116
1,-0.010986663411359,1,0.07223477
1,-0.010986663411359,2,0.07221474
1,-0.010986663411359,3,0.07218742
1,-0.010986663411359,4,0.07202874
1,-0.010986663411359,5,0.07198942
1,-0.010986663411359,6,0.07211132
1,-0.010986663411359,7,0.07192057
1,-0.010986663411359,8,0.07225522
1,-0.010986663411359,9,0.07211629
1,-0.010986663411359,10,0.07185808
1,-0.010986663411359,11,0.07205105
1,-0.010986663411359,12,0.07229251
1,-0.010986663411359,13,0.07228097
1,-0.010986663411359,14,0.07224023
1,-0.010986663411359,15,0.07207066
2,-0.00122074037903989,0,0.07228605
2,-0.00122074037903989,1,0.07229669
2,-0.00122074037903989,2,0.07177816
2,-0.00122074037903989,3,0.07214766
2,-0.00122074037903989,4,0.0722999
2,-0.00122074037903989,5,0.07233361
2,-0.00122074037903989,6,0.07212496
2,-0.00122074037903989,7,0.07234468
2,-0.00122074037903989,8,0.07253451
2,-0.00122074037903989,9,0.07242837
2,-0.00122074037903989,10,0.07243538
2,-0.00122074037903989,11,0.07230055
2,-0.00122074037903989,12,0.07231946
2,-0.00122074037903989,13,0.07243979
2,-0.00122074037903989,14,0.07225437
2,-0.00122074037903989,15,0.07214305
3,0.00915555284279916,0,0.07200573
3,0.00915555284279916,1,0.07177938
3,0.00915555284279916,2,0.07191558
3,0.00915555284279916,3,0.07195676
3,0.00915555284279916,4,0.072032
3,0.00915555284279916,5,0.07201459
3,0.00915555284279916,6,0.072124
3,0.00915555284279916,7,0.07196687
3,0.00915555284279916,8,0.07220406
3,0.00915555284279916,9,0.07244956
3,0.00915555284279916,10,0.0723611
3,0.00915555284279916,11,0.07253228
3,0.00915555284279916,12,0.07220133
3,0.00915555284279916,13,0.07228646
3,0.00915555284279916,14,0.07214889
3,0.00915555284279916,15,0.0721133
4,0.0195318460646382,0,0.07236646
4,0.0195318460646382,1,0.07214848
4,0.0195318460646382,2,0.07227255
4,0.0195318460646382,3,0.07237881
4,0.0195318460646382,4,0.07186232
4,0.0195318460646382,5,0.07201085
4,0.0195318460646382,6,0.07213844
4,0.0195318460646382,7,0.07219534
4,0.0195318460646382,8,0.07187678
4,0.0195318460646382,9,0.07210841
4,0.0195318460646382,10,0.07245383
4,0.0195318460646382,11,0.07208396
4,0.0195318460646382,12,0.07222331
4,0.0195318460646382,13,0.07229369
4,0.0195318460646382,14,0.07237883
4,0.0195318460646382,15,0.07220718
5,0.0286873989074374,0,0.07225795
5,0.0286873989074374,1,0.07224475
5,0.0286873989074374,2,0.07198218
5,0.0286873989074374,3,0.07204223
5,0.0286873989074374,4,0.07231009
5,0.0286873989074374,5,0.07241785
5,0.0286873989074374,6,0.0722623
5,0.0286873989074374,7,0.07232036
5,0.0286873989074374,8,0.07228483
5,0.0286873989074374,9,0.07217133
5,0.0286873989074374,10,0.0724405
5,0.0286873989074374,11,0.07231434
5,0.0286873989074374,12,0.07241599
5,0.0286873989074374,13,0.07212251
5,0.0286873989074374,14,0.07219141
5,0.0286873989074374,15,0.07241534
6,0.0390636921292764,0,0.0721553
6,0.0390636921292764,1,0.072086
6,0.0390636921292764,2,0.0721351
6,0.0390636921292764,3,0.07217666
6,0.0390636921292764,4,0.07220751
6,0.0390636921292764,5,0.0722088
6,0.0390636921292764,6,0.07210115
6,0.0390636921292764,7,0.07240537
6,0.0390636921292764,8,0.07227226
6,0.0390636921292764,9,0.07243184
6,0.0390636921292764,10,0.07222833
6,0.0390636921292764,11,0.07244799
6,0.0390636921292764,12,0.07223392
6,0.0390636921292764,13,0.07220301
6,0.0390636921292764,14,0.07242594
6,0.0390636921292764,15,0.07228041
7,0.0488296151615955,0,0.07215244
7,0.0488296151615955,1,0.07268814
7,0.0488296151615955,2,0.072375
7,0.0488296151615955,3,0.07220779
7,0.0488296151615955,4,0.07201708
7,0.0488296151615955,5,0.07234119
7,0.0488296151615955,6,0.07250139
7,0.0488296151615955,7,0.07229416
7,0.0488296151615955,8,0.07237109
7,0.0488296151615955,9,0.07229126
7,0.0488296151615955,10,0.07198098
7,0.0488296151615955,11,0.072242
7,0.0488296151615955,12,0.07245024
7,0.0488296151615955,13,0.07248618
7,0.0488296151615955,14,0.07223415
7,0.0488296151615955,15,0.07239839
8,0.0585955381939146,0,0.07256506
8,0.0585955381939146,1,0.07243061
8,0.0585955381939146,2,0.07249597
8,0.0585955381939146,3,0.07222053
8,0.0585955381939146,4,0.07239334
8,0.0585955381939146,5,0.07244778
8,0.0585955381939146,6,0.07220386
8,0.0585955381939146,7,0.07223068
8,0.0585955381939146,8,0.07216258
8,0.0585955381939146,9,0.07215967
8,0.0585955381939146,10,0.07221163
8,0.0585955381939146,11,0.07230084
8,0.0585955381939146,12,0.07202645
8,0.0585955381939146,13,0.0723556
8,0.0585955381939146,14,0.07216565
8,0.0585955381939146,15,0.07261678
9,0.0683614612262337,0,0.0723246
9,0.0683614612262337,1,0.07226737
9,0.0683614612262337,2,0.07238375
9,0.0683614612262337,3,0.07216549
9,0.0683614612262337,4,0.07246069
9,0.0683614612262337,5,0.07222265
9,0.0683614612262337,6,0.07235596
9,0.0683614612262337,7,0.07233773
9,0.0683614612262337,8,0.07224545
9,0.0683614612262337,9,0.07203131
9,0.0683614612262337,10,0.07193068
9,0.0683614612262337,11,0.07234684
9,0.0683614612262337,12,0.0721799
9,0.0683614612262337,13,0.07242906
9,0.0683614612262337,14,0.07221135
9,0.0683614612262337,15,0.0723161
10,0.0793481246375927,0,0.07201736
10,0.0793481246375927,1,0.07199892
10,0.0793481246375927,2,0.07217786
10,0.0793481246375927,3,0.072122
10,0.0793481246375927,4,0.07226313
10,0.0793481246375927,5,0.07224815
10,0.0793481246375927,6,0.07204258
10,0.0793481246375927,7,0.07206273
10,0.0793481246375927,8,0.07224849
10,0.0793481246375927,9,0.07262725
10,0.0793481246375927,10,0.07265635
10,0.0793481246375927,11,0.07241323
10,0.0793481246375927,12,0.07267362
10,0.0793481246375927,13,0.07210226
10,0.0793481246375927,14,0.07196752
10,0.0793481246375927,15,0.07254894
11,0.0891140476699118,0,0.07231222
11,0.0891140476699118,1,0.0724601
11,0.0891140476699118,2,0.07221407
11,0.0891140476699118,3,0.07206847
11,0.0891140476699118,4,0.07227175
11,0.0891140476699118,5,0.07229004
11,0.0891140476699118,6,0.07255442
11,0.0891140476699118,7,0.07266035
11,0.0891140476699118,8,0.07235805
11,0.0891140476699118,9,0.07234228
11,0.0891140476699118,10,0.07304651
11,0.0891140476699118,11,0.07258614
11,0.0891140476699118,12,0.07248618
11,0.0891140476699118,13,0.07281882
11,0.0891140476699118,14,0.07245441
11,0.0891140476699118,15,0.07243794
12,0.0994903408917508,0,0.0720645
12,0.0994903408917508,1,0.0723386
12,0.0994903408917508,2,0.07226632
12,0.0994903408917508,3,0.07223669
12,0.0994903408917508,4,0.072462
12,0.0994903408917508,5,0.0724
12,0.0994903408917508,6,0.07240526
12,0.0994903408917508,7,0.07217283
12,0.0994903408917508,8,0.07219496
12,0.0994903408917508,9,0.07194003
12,0.0994903408917508,10,0.07205308
12,0.0994903408917508,11,0.07220449
12,0.0994903408917508,12,0.07218626
12,0.0994903408917508,13,0.07216075
12,0.0994903408917508,14,0.0720651
12,0.0994903408917508,15,0.07220157
13,0.10864589373455,0,0.07235078
13,0.10864589373455,1,0.07229718
13,0.10864589373455,2,0.07235879
13,0.10864589373455,3,0.07245137
13,0.10864589373455,4,0.07223587
13,0.10864589373455,5,0.07210736
13,0.10864589373455,6,0.07215983
13,0.10864589373455,7,0.07222866
13,0.10864589373455,8,0.07254695
13,0.10864589373455,9,0.07234344
13,0.10864589373455,10,0.07254912
13,0.10864589373455,11,0.07230963
13,0.10864589373455,12,0.07238828
13,0.10864589373455,13,0.07245889
13,0.10864589373455,14,0.07247701
13,0.10864589373455,15,0.07239291
14,0.119022186956389,0,0.07229457
14,0.119022186956389,1,0.07229895
14,0.119022186956389,2,0.07234319
14,0.119022186956389,3,0.07212524
14,0.119022186956389,4,0.07216348
14,0.119022186956389,5,0.07212207
14,0.119022186956389,6,0.07213023
14,0.119022186956389,7,0.07232435
14,0.119022186956389,8,0.0722659
14,0.119022186956389,9,0.0724187
14,0.119022186956389,10,0.07219259
14,0.119022186956389,11,0.07253027
14,0.119022186956389,12,0.07225087
14,0.119022186956389,13,0.07234581
14,0.119022186956389,14,0.07255497
14,0.119022186956389,15,0.07268269
15,0.128177739799188,0,0.0722168
15,0.128177739799188,1,0.07218562
15,0.128177739799188,2,0.07223675
15,0.128177739799188,3,0.07216552
15,0.128177739799188,4,0.07244873
15,0.128177739799188,5,0.07244229
15,0.128177739799188,6,0.07232666
15,0.128177739799188,7,0.07189144
15,0.128177739799188,8,0.07232932
15,0.128177739799188,9,0.07214372
15,0.128177739799188,10,0.07197315
15,0.128177739799188,11,0.07214797
15,0.128177739799188,12,0.07227764
15,0.128177739799188,13,0.07206801
15,0.128177739799188,14,0.07218302
15,0.128177739799188,15,0.07210682
16,0.139164403210547,0,0.07205563
16,0.139164403210547,1,0.07236353
16,0.139164403210547,2,0.07193717
16,0.139164403210547,3,0.07220839
16,0.139164403210547,4,0.07208119
16,0.139164403210547,5,0.07189077
16,0.139164403210547,6,0.07223446
16,0.139164403210547,7,0.07192177
16,0.139164403210547,8,0.07205226
16,0.139164403210547,9,0.07223652
16,0.139164403210547,10,0.07223678
16,0.139164403210547,11,0.07221708
16,0.139164403210547,12,0.07228772
16,0.139164403210547,13,0.07225479
16,0.139164403210547,14,0.07226295
16,0.139164403210547,15,0.07221521
17,0.149540696432386,0,0.07263424
17,0.149540696432386,1,0.07249095
17,0.149540696432386,2,0.0725468
17,0.149540696432386,3,0.07243628
17,0.149540696432386,4,0.07255723
17,0.149540696432386,5,0.07252387
17,0.149540696432386,6,0.0727044
17,0.149540696432386,7,0.0725804
17,0.149540696432386,8,0.07253753
17,0.149540696432386,9,0.07201796
17,0.149540696432386,10,0.07223212
17,0.149540696432386,11,0.07269689
17,0.149540696432386,12,0.07214956
17,0.149540696432386,13,0.07202248
17,0.149540696432386,14,0.07245112
17,0.149540696432386,15,0.07226124
18,0.158696249275185,0,0.07251403
18,0.158696249275185,1,0.07251683
18,0.158696249275185,2,0.0723556
18,0.158696249275185,3,0.07249494
18,0.158696249275185,4,0.07268582
18,0.158696249275185,5,0.07232253
18,0.158696249275185,6,0.07245014
18,0.158696249275185,7,0.0724481
18,0.158696249275185,8,0.0726187
18,0.158696249275185,9,0.0725084
18,0.158696249275185,10,0.07243069
18,0.158696249275185,11,0.07254631
18,0.158696249275185,12,0.07237152
18,0.158696249275185,13,0.07256909
18,0.158696249275185,14,0.07278631
18,0.158696249275185,15,0.07244609
19,0.169072542497024,0,0.07190326
19,0.169072542497024,1,0.07217792
19,0.169072542497024,2,0.0723548
19,0.169072542497024,3,0.07252148
19,0.169072542497024,4,0.07210244
19,0.169072542497024,5,0.07267223
19,0.169072542497024,6,0.072298
19,0.169072542497024,7,0.07251653
19,0.169072542497024,8,0.07227723
19,0.169072542497024,9,0.07242063
19,0.169072542497024,10,0.07228372
19,0.169072542497024,11,0.07241065
19,0.169072542497024,12,0.0725307
19,0.169072542497024,13,0.07214735
19,0.169072542497024,14,0.07216202
19,0.169072542497024,15,0.07207496
20,0.178838465529344,0,0.07257853
20,0.178838465529344,1,0.07235456
20,0.178838465529344,2,0.07239379
20,0.178838465529344,3,0.07234321
20,0.178838465529344,4,0.07228564
20,0.178838465529344,5,0.07217045
20,0.178838465529344,6,0.07219213
20,0.178838465529344,7,0.07195824
20,0.178838465529344,8,0.07187222
20,0.178838465529344,9,0.0724122
20,0.178838465529344,10,0.07199407
20,0.178838465529344,11,0.07193249
20,0.178838465529344,12,0.07221318
20,0.178838465529344,13,0.07184343
20,0.178838465529344,14,0.07185827
20,0.178838465529344,15,0.07172275
21,0.188604388561663,0,0.07222345
21,0.188604388561663,1,0.07242975
21,0.188604388561663,2,0.07235114
21,0.188604388561663,3,0.07218847
21,0.188604388561663,4,0.07224859
21,0.188604388561663,5,0.07261797
21,0.188604388561663,6,0.07260468
21,0.188604388561663,7,0.07226413
21,0.188604388561663,8,0.07214483
21,0.188604388561663,9,0.07226872
21,0.188604388561663,10,0.07232448
21,0.188604388561663,11,0.07245979
21,0.188604388561663,12,0.07230172
21,0.188604388561663,13,0.07259714
21,0.188604388561663,14,0.07244858
21,0.188604388561663,15,0.0726912
22,0.198370311593982,0,0.0727044
22,0.198370311593982,1,0.07272407
22,0.198370311593982,2,0.07284644
22,0.198370311593982,3,0.07283778
22,0.198370311593982,4,0.07267743
22,0.198370311593982,5,0.07297477
22,0.198370311593982,6,0.0728645
22,0.198370311593982,7,0.07299382
22,0.198370311593982,8,0.07281598
22,0.198370311593982,9,0.07305118
22,0.198370311593982,10,0.0732111
22,0.198370311593982,11,0.07282796
22,0.198370311593982,12,0.07317166
22,0.198370311593982,13,0.07266872
22,0.198370311593982,14,0.0728811
22,0.198370311593982,15,0.07303394
23,0.209356975005341,0,0.07339598
23,0.209356975005341,1,0.07306273
23,0.209356975005341,2,0.07329102
23,0.209356975005341,3,0.07329229
23,0.209356975005341,4,0.07310303
23,0.209356975005341,5,0.07301775
23,0.209356975005341,6,0.07306151
23,0.209356975005341,7,0.07304073
23,0.209356975005341,8,0.07326349
23,0.209356975005341,9,0.07317538
23,0.209356975005341,10,0.072997
23,0.209356975005341,11,0.0731745
23,0.209356975005341,12,0.07297659
23,0.209356975005341,13,0.07312479
23,0.209356975005341,14,0.07288067
23,0.209356975005341,15,0.07296626
24,0.21851252784814,0,0.07275703
24,0.21851252784814,1,0.07302946
24,0.21851252784814,2,0.07289056
24,0.21851252784814,3,0.07298655
24,0.21851252784814,4,0.07278724
24,0.21851252784814,5,0.07286638
24,0.21851252784814,6,0.07282927
24,0.21851252784814,7,0.07312088
24,0.21851252784814,8,0.07312748
24,0.21851252784814,9,0.07292924
24,0.21851252784814,10,0.07286999
24,0.21851252784814,11,0.07321564
24,0.21851252784814,12,0.07331163
24,0.21851252784814,13,0.07290705
24,0.21851252784814,14,0.07287447
24,0.21851252784814,15,0.07313059
25,0.229499191259499,0,0.07279086
25,0.229499191259499,1,0.07296599
25,0.229499191259499,2,0.07286599
25,0.229499191259499,3,0.0728707
25,0.229499191259499,4,0.07289589
25,0.229499191259499,5,0.07300992
25,0.229499191259499,6,0.07311253
25,0.229499191259499,7,0.07306002
25,0.229499191259499,8,0.07262782
25,0.229499191259499,9,0.07268177
25,0.229499191259499,10,0.07289854
25,0.229499191259499,11,0.07291434
25,0.229499191259499,12,0.07274057
25,0.229499191259499,13,0.07279585
25,0.229499191259499,14,0.07298196
25,0.229499191259499,15,0.07300922
26,0.238654744102298,0,0.07253265
26,0.238654744102298,1,0.07274795
26,0.238654744102298,2,0.07289535
26,0.238654744102298,3,0.07275012
26,0.238654744102298,4,0.07311413
26,0.238654744102298,5,0.07320839
26,0.238654744102298,6,0.07313469
26,0.238654744102298,7,0.07289959
26,0.238654744102298,8,0.07294613
26,0.238654744102298,9,0.0728794
26,0.238654744102298,10,0.07281555
26,0.238654744102298,11,0.07291345
26,0.238654744102298,12,0.07281569
26,0.238654744102298,13,0.07290576
26,0.238654744102298,14,0.07279219
26,0.238654744102298,15,0.07305025
27,0.249031037324137,0,0.07296182
27,0.249031037324137,1,0.07328061
27,0.249031037324137,2,0.07317656
27,0.249031037324137,3,0.07321979
27,0.249031037324137,4,0.07300013
27,0.249031037324137,5,0.07332845
27,0.249031037324137,6,0.07312941
27,0.249031037324137,7,0.07302082
27,0.249031037324137,8,0.07324602
27,0.249031037324137,9,0.07327387
27,0.249031037324137,10,0.07306568
27,0.249031037324137,11,0.07315076
27,0.249031037324137,12,0.07305977
27,0.249031037324137,13,0.07309139
27,0.249031037324137,14,0.07327455
27,0.249031037324137,15,0.07313478
28,0.259407330545976,0,0.07319785
28,0.259407330545976,1,0.07320756
28,0.259407330545976,2,0.07303272
28,0.259407330545976,3,0.07294709
28,0.259407330545976,4,0.07348768
28,0.259407330545976,5,0.07317877
28,0.259407330545976,6,0.07314495
28,0.259407330545976,7,0.07306212
28,0.259407330545976,8,0.07324038
28,0.259407330545976,9,0.07317439
28,0.259407330545976,10,0.07332784
28,0.259407330545976,11,0.07338352
28,0.259407330545976,12,0.0730207
28,0.259407330545976,13,0.07300539
28,0.259407330545976,14,0.07307156
28,0.259407330545976,15,0.07318473
29,0.269173253578295,0,0.07315724
29,0.269173253578295,1,0.07338849
29,0.269173253578295,2,0.07335029
29,0.269173253578295,3,0.07305136
29,0.269173253578295,4,0.0733064
29,0.269173253578295,5,0.07305327
29,0.269173253578295,6,0.07330186
29,0.269173253578295,7,0.07306654
29,0.269173253578295,8,0.07326721
29,0.269173253578295,9,0.07318377
29,0.269173253578295,10,0.07287537
29,0.269173253578295,11,0.07304321
29,0.269173253578295,12,0.07299851
29,0.269173253578295,13,0.07296247
29,0.269173253578295,14,0.07311279
29,0.269173253578295,15,0.0729262
30,0.278939176610614,0,0.07314638
30,0.278939176610614,1,0.07316298
30,0.278939176610614,2,0.07293662
30,0.278939176610614,3,0.07314905
30,0.278939176610614,4,0.07333422
30,0.278939176610614,5,0.07319016
30,0.278939176610614,6,0.07289507
30,0.278939176610614,7,0.07287909
30,0.278939176610614,8,0.07293665
30,0.278939176610614,9,0.07322711
30,0.278939176610614,10,0.073058
30,0.278939176610614,11,0.07277404
30,0.278939176610614,12,0.07298034
30,0.278939176610614,13,0.07275827
30,0.278939176610614,14,0.0727767
30,0.278939176610614,15,0.0734849
31,0.289315469832453,0,0.0735345
31,0.289315469832453,1,0.07343411
31,0.289315469832453,2,0.07339688
31,0.289315469832453,3,0.07324693
31,0.289315469832453,4,0.07332157
31,0.289315469832453,5,0.07315737
31,0.289315469832453,6,0.07310241
31,0.289315469832453,7,0.0730536
31,0.289315469832453,8,0.07311943
31,0.289315469832453,9,0.07336916
31,0.289315469832453,10,0.07340612
31,0.289315469832453,11,0.07332511
31,0.289315469832453,12,0.07316015
31,0.289315469832453,13,0.07293408
31,0.289315469832453,14,0.07316149
31,0.289315469832453,15,0.07267686
32,0.299081392864772,0,0.07313832
32,0.299081392864772,1,0.07328764
32,0.299081392864772,2,0.07303119
32,0.299081392864772,3,0.07314664
32,0.299081392864772,4,0.07336968
32,0.299081392864772,5,0.07328426
32,0.299081392864772,6,0.07336561
32,0.299081392864772,7,0.0739622
32,0.299081392864772,8,0.0735235
32,0.299081392864772,9,0.07345409
32,0.299081392864772,10,0.07337385
32,0.299081392864772,11,0.07349249
32,0.299081392864772,12,0.07356662
32,0.299081392864772,13,0.07339768
32,0.299081392864772,14,0.07348696
32,0.299081392864772,15,0.07354959
33,0.308847315897092,0,0.07387467
33,0.308847315897092,1,0.07375856
33,0.308847315897092,2,0.07372143
33,0.308847315897092,3,0.07354623
33,0.308847315897092,4,0.07361706
33,0.308847315897092,5,0.0734372
33,0.308847315897092,6,0.07351542
33,0.308847315897092,7,0.07332045
33,0.308847315897092,8,0.07349155
33,0.308847315897092,9,0.07353496
33,0.308847315897092,10,0.07380045
33,0.308847315897092,11,0.07394847
33,0.308847315897092,12,0.0736722
33,0.308847315897092,13,0.0735787
33,0.308847315897092,14,0.07344433
33,0.308847315897092,15,0.07350184
34,0.319833979308451,0,0.07358456
34,0.319833979308451,1,0.07370923
34,0.319833979308451,2,0.07366607
34,0.319833979308451,3,0.07371177
34,0.319833979308451,4,0.07371725
34,0.319833979308451,5,0.07367489
34,0.319833979308451,6,0.07389966
34,0.319833979308451,7,0.07375038
34,0.319833979308451,8,0.07397245
34,0.319833979308451,9,0.07356364
34,0.319833979308451,10,0.07355023
34,0.319833979308451,11,0.07354167
34,0.319833979308451,12,0.07339662
34,0.319833979308451,13,0.07310577
34,0.319833979308451,14,0.07337274
34,0.319833979308451,15,0.07310349
35,0.32837916196173,0,0.07361642
35,0.32837916196173,1,0.07367796
35,0.32837916196173,2,0.07349925
35,0.32837916196173,3,0.07369042
35,0.32837916196173,4,0.07349958
35,0.32837916196173,5,0.07336952
35,0.32837916196173,6,0.07341366
35,0.32837916196173,7,0.07331509
35,0.32837916196173,8,0.07355571
35,0.32837916196173,9,0.07337788
35,0.32837916196173,10,0.07327336
35,0.32837916196173,11,0.07312695
35,0.32837916196173,12,0.07297134
35,0.32837916196173,13,0.07326714
35,0.32837916196173,14,0.07334387
35,0.32837916196173,15,0.0731831
36,0.339365825373089,0,0.07369624
36,0.339365825373089,1,0.07378778
36,0.339365825373089,2,0.0735347
36,0.339365825373089,3,0.07375787
36,0.339365825373089,4,0.07343037
36,0.339365825373089,5,0.07368414
36,0.339365825373089,6,0.07325405
36,0.339365825373089,7,0.07328775
36,0.339365825373089,8,0.07347927
36,0.339365825373089,9,0.07331548
36,0.339365825373089,10,0.07335942
36,0.339365825373089,11,0.07323229
36,0.339365825373089,12,0.07314846
36,0.339365825373089,13,0.07325616
36,0.339365825373089,14,0.07335003
36,0.339365825373089,15,0.07322464
37,0.349131748405408,0,0.07384134
37,0.349131748405408,1,0.07371725
37,0.349131748405408,2,0.07360791
37,0.349131748405408,3,0.07326581
37,0.349131748405408,4,0.0735862
37,0.349131748405408,5,0.07362872
37,0.349131748405408,6,0.07375503
37,0.349131748405408,7,0.07359297
37,0.349131748405408,8,0.07368524
37,0.349131748405408,9,0.07336289
37,0.349131748405408,10,0.07351606
37,0.349131748405408,11,0.07368329
37,0.349131748405408,12,0.07354142
37,0.349131748405408,13,0.07361082
37,0.349131748405408,14,0.07361266
37,0.349131748405408,15,0.07362296
38,0.359508041627247,0,0.07391814
38,0.359508041627247,1,0.07363528
38,0.359508041627247,2,0.07365213
38,0.359508041627247,3,0.07343028
38,0.359508041627247,4,0.07336327
38,0.359508041627247,5,0.07341976
38,0.359508041627247,6,0.07352234
38,0.359508041627247,7,0.07360844
38,0.359508041627247,8,0.0737855
38,0.359508041627247,9,0.0739032
38,0.359508041627247,10,0.07383527
38,0.359508041627247,11,0.07354362
38,0.359508041627247,12,0.07317608
38,0.359508041627247,13,0.07358187
38,0.359508041627247,14,0.07354141
38,0.359508041627247,15,0.07356032
39,0.368663594470046,0,0.07378229
39,0.368663594470046,1,0.07377335
39,0.368663594470046,2,0.07370939
39,0.368663594470046,3,0.07372734
39,0.368663594470046,4,0.07377684
39,0.368663594470046,5,0.07382274
39,0.368663594470046,6,0.0739136
39,0.368663594470046,7,0.07350805
39,0.368663594470046,8,0.07358018
39,0.368663594470046,9,0.07372248
39,0.368663594470046,10,0.07377906
39,0.368663594470046,11,0.07368921
39,0.368663594470046,12,0.07372048
39,0.368663594470046,13,0.07398808
39,0.368663594470046,14,0.07340588
39,0.368663594470046,15,0.07379872
40,0.379039887691885,0,0.0736675
40,0.379039887691885,1,0.07384784
40,0.379039887691885,2,0.07386627
40,0.379039887691885,3,0.0739407
40,0.379039887691885,4,0.07413826
40,0.379039887691885,5,0.07405125
40,0.379039887691885,6,0.07395411
40,0.379039887691885,7,0.07385861
40,0.379039887691885,8,0.07399315
40,0.379039887691885,9,0.07407583
40,0.379039887691885,10,0.07405612
40,0.379039887691885,11,0.0741493
40,0.379039887691885,12,0.07375592
40,0.379039887691885,13,0.07418648
40,0.379039887691885,14,0.07375672
40,0.379039887691885,15,0.07364204
41,0.389416180913724,0,0.07408454
41,0.389416180913724,1,0.07395586
41,0.389416180913724,2,0.07400329
41,0.389416180913724,3,0.07381139
41,0.389416180913724,4,0.07386295
41,0.389416180913724,5,0.07415099
41,0.389416180913724,6,0.07394736
41,0.389416180913724,7,0.07355393
41,0.389416180913724,8,0.07368308
41,0.389416180913724,9,0.0740623
41,0.389416180913724,10,0.07369243
41,0.389416180913724,11,0.07403964
41,0.389416180913724,12,0.0737939
41,0.389416180913724,13,0.07411724
41,0.389416180913724,14,0.0736047
41,0.389416180913724,15,0.07396294
42,0.399182103946043,0,0.07402781
42,0.399182103946043,1,0.07395163
42,0.399182103946043,2,0.07399717
42,0.399182103946043,3,0.07390061
42,0.399182103946043,4,0.07403388
42,0.399182103946043,5,0.07388803
42,0.399182103946043,6,0.07364526
42,0.399182103946043,7,0.07370891
42,0.399182103946043,8,0.07410773
42,0.399182103946043,9,0.07413825
42,0.399182103946043,10,0.07410329
42,0.399182103946043,11,0.0739577
42,0.399182103946043,12,0.07419362
42,0.399182103946043,13,0.07377225
42,0.399182103946043,14,0.07398127
42,0.399182103946043,15,0.07381023
43,0.408337656788842,0,0.07377357
43,0.408337656788842,1,0.07389839
43,0.408337656788842,2,0.07378202
43,0.408337656788842,3,0.07407492
43,0.408337656788842,4,0.07411443
43,0.408337656788842,5,0.07371045
43,0.408337656788842,6,0.07399769
43,0.408337656788842,7,0.07403447
43,0.408337656788842,8,0.0741782
43,0.408337656788842,9,0.07420042
43,0.408337656788842,10,0.07414755
43,0.408337656788842,11,0.07408934
43,0.408337656788842,12,0.07389543
43,0.408337656788842,13,0.07387203
43,0.408337656788842,14,0.07385195
43,0.408337656788842,15,0.0738546
44,0.419324320200201,0,0.0739548
44,0.419324320200201,1,0.07392845
44,0.419324320200201,2,0.073851
44,0.419324320200201,3,0.07384139
44,0.419324320200201,4,0.07387044
44,0.419324320200201,5,0.07379951
44,0.419324320200201,6,0.07388164
44,0.419324320200201,7,0.07373823
44,0.419324320200201,8,0.07368784
44,0.419324320200201,9,0.073805
44,0.419324320200201,10,0.07361817
44,0.419324320200201,11,0.0735525
44,0.419324320200201,12,0.0738331
44,0.419324320200201,13,0.07371943
44,0.419324320200201,14,0.07353354
44,0.419324320200201,15,0.0737319
45,0.428479873043001,0,0.07353794
45,0.428479873043001,1,0.0735824
45,0.428479873043001,2,0.07374319
45,0.428479873043001,3,0.07370738
45,0.428479873043001,4,0.0736132
45,0.428479873043001,5,0.07380838
45,0.428479873043001,6,0.07388169
45,0.428479873043001,7,0.07373983
45,0.428479873043001,8,0.07365863
45,0.428479873043001,9,0.07361821
45,0.428479873043001,10,0.07383717
45,0.428479873043001,11,0.07354055
45,0.428479873043001,12,0.07382195
45,0.428479873043001,13,0.07405807
45,0.428479873043001,14,0.07373776
45,0.428479873043001,15,0.07378381
46,0.43946653645436,0,0.07381625
46,0.43946653645436,1,0.07350224
46,0.43946653645436,2,0.07366628
46,0.43946653645436,3,0.07358836
46,0.43946653645436,4,0.07349154
46,0.43946653645436,5,0.07354384
46,0.43946653645436,6,0.07380315
46,0.43946653645436,7,0.07346661
46,0.43946653645436,8,0.07374662
46,0.43946653645436,9,0.07367225
46,0.43946653645436,10,0.07368705
46,0.43946653645436,11,0.07368197
46,0.43946653645436,12,0.07405744
46,0.43946653645436,13,0.07387694
46,0.43946653645436,14,0.07388639
46,0.43946653645436,15,0.07399637
47,0.449842829676199,0,0.07366054
47,0.449842829676199,1,0.07364421
47,0.449842829676199,2,0.07383864
47,0.449842829676199,3,0.07405601
47,0.449842829676199,4,0.07386532
47,0.449842829676199,5,0.07366253
47,0.449842829676199,6,0.07359914
47,0.449842829676199,7,0.07395311
47,0.449842829676199,8,0.07377484
47,0.449842829676199,9,0.07395163
47,0.449842829676199,10,0.07386273
47,0.449842829676199,11,0.07393436
47,0.449842829676199,12,0.0739174
47,0.449842829676199,13,0.07390911
47,0.449842829676199,14,0.07410884
47,0.449842829676199,15,0.07390203
48,0.458998382518998,0,0.07426974
48,0.458998382518998,1,0.07386733
48,0.458998382518998,2,0.07384356
48,0.458998382518998,3,0.07376469
48,0.458998382518998,4,0.07392649
48,0.458998382518998,5,0.07383384
48,0.458998382518998,6,0.07399658
48,0.458998382518998,7,0.07407334
48,0.458998382518998,8,0.07401001
48,0.458998382518998,9,0.0738901
48,0.458998382518998,10,0.07392079
48,0.458998382518998,11,0.07366624
48,0.458998382518998,12,0.07398237
48,0.458998382518998,13,0.07367563
48,0.458998382518998,14,0.07360268
48,0.458998382518998,15,0.07341543
49,0.468764305551317,0,0.07402305
49,0.468764305551317,1,0.07395776
49,0.468764305551317,2,0.07391846
49,0.468764305551317,3,0.07379221
49,0.468764305551317,4,0.07401122
49,0.468764305551317,5,0.07427835
49,0.468764305551317,6,0.07397403
49,0.468764305551317,7,0.07391925
49,0.468764305551317,8,0.07425716
49,0.468764305551317,9,0.07383722
49,0.468764305551317,10,0.07410276
49,0.468764305551317,11,0.07396632
49,0.468764305551317,12,0.07389855
49,0.468764305551317,13,0.07414967
49,0.468764305551317,14,0.07402664
49,0.468764305551317,15,0.07402521
50,0.479140598773156,0,0.07385534
50,0.479140598773156,1,0.07397947
50,0.479140598773156,2,0.073981
50,0.479140598773156,3,0.07432716
50,0.479140598773156,4,0.07394166
50,0.479140598773156,5,0.07408945
50,0.479140598773156,6,0.07392924
50,0.479140598773156,7,0.07422098
50,0.479140598773156,8,0.07399801
50,0.479140598773156,9,0.07407472
50,0.479140598773156,10,0.073807
50,0.479140598773156,11,0.07397778
50,0.479140598773156,12,0.07392797
50,0.479140598773156,13,0.07379464
50,0.479140598773156,14,0.07392079
50,0.479140598773156,15,0.07407049
51,0.489516891994995,0,0.07418717
51,0.489516891994995,1,0.07402817
51,0.489516891994995,2,0.07446693
51,0.489516891994995,3,0.07438426
51,0.489516891994995,4,0.07412653
51,0.489516891994995,5,0.07390103
51,0.489516891994995,6,0.07414618
51,0.489516891994995,7,0.07396241
51,0.489516891994995,8,0.07444531
51,0.489516891994995,9,0.07452547
51,0.489516891994995,10,0.0741166
51,0.489516891994995,11,0.07421063
51,0.489516891994995,12,0.07406964
51,0.489516891994995,13,0.07414207
51,0.489516891994995,14,0.07419816
51,0.489516891994995,15,0.07421786
52,0.498672444837794,0,0.07403684
52,0.498672444837794,1,0.07417323
52,0.498672444837794,2,0.0741708
52,0.498672444837794,3,0.07418574
52,0.498672444837794,4,0.07412425
52,0.498672444837794,5,0.07432351
52,0.498672444837794,6,0.07433397
52,0.498672444837794,7,0.07426656
52,0.498672444837794,8,0.07418396
52,0.498672444837794,9,0.0740213
52,0.498672444837794,10,0.07385069
52,0.498672444837794,11,0.07389569
52,0.498672444837794,12,0.07436191
52,0.498672444837794,13,0.07405665
52,0.498672444837794,14,0.07414476
52,0.498672444837794,15,0.07385951
53,0.509048738059633,0,0.07384767
53,0.509048738059633,1,0.07376063
53,0.509048738059633,2,0.07390039
53,0.509048738059633,3,0.07404888
53,0.509048738059633,4,0.07395601
53,0.509048738059633,5,0.07419287
53,0.509048738059633,6,0.07396389
53,0.509048738059633,7,0.07429326
53,0.509048738059633,8,0.07427116
53,0.509048738059633,9,0.07403499
53,0.509048738059633,10,0.07430883
53,0.509048738059633,11,0.07422884
53,0.509048738059633,12,0.07449518
53,0.509048738059633,13,0.07380737
53,0.509048738059633,14,0.07399955
53,0.509048738059633,15,0.07386353
54,0.519425031281472,0,0.07417285
54,0.519425031281472,1,0.07388608
54,0.519425031281472,2,0.0741417
54,0.519425031281472,3,0.0744599
54,0.519425031281472,4,0.07398892
54,0.519425031281472,5,0.07435858
54,0.519425031281472,6,0.07394424
54,0.519425031281472,7,0.07414767
54,0.519425031281472,8,0.07414059
54,0.519425031281472,9,0.07424232
54,0.519425031281472,10,0.07413076
54,0.519425031281472,11,0.07403906
54,0.519425031281472,12,0.07395818
54,0.519425031281472,13,0.07394128
54,0.519425031281472,14,0.07412531
54,0.519425031281472,15,0.07398143
55,0.529190954313791,0,0.07419949
55,0.529190954313791,1,0.07374968
55,0.529190954313791,2,0.07387309
55,0.529190954313791,3,0.07390916
55,0.529190954313791,4,0.07396759
55,0.529190954313791,5,0.07371345
55,0.529190954313791,6,0.07382238
55,0.529190954313791,7,0.07412516
55,0.529190954313791,8,0.07394513
55,0.529190954313791,9,0.07410318
55,0.529190954313791,10,0.07374917
55,0.529190954313791,11,0.07423566
55,0.529190954313791,12,0.07422098
55,0.529190954313791,13,0.07419652
55,0.529190954313791,14,0.07412748
55,0.529190954313791,15,0.07426847
56,0.53895687734611,0,0.07421036
56,0.53895687734611,1,0.07405749
56,0.53895687734611,2,0.07422589
56,0.53895687734611,3,0.07419568
56,0.53895687734611,4,0.07433259
56,0.53895687734611,5,0.07399495
56,0.53895687734611,6,0.07425969
56,0.53895687734611,7,0.07386015
56,0.53895687734611,8,0.07438922
56,0.53895687734611,9,0.07436671
56,0.53895687734611,10,0.07443527
56,0.53895687734611,11,0.07444787
56,0.53895687734611,12,0.07430751
56,0.53895687734611,13,0.07437681
56,0.53895687734611,14,0.07432456
56,0.53895687734611,15,0.07408544
57,0.54933317056795,0,0.07424718
57,0.54933317056795,1,0.07436407
57,0.54933317056795,2,0.07402823
57,0.54933317056795,3,0.07444464
57,0.54933317056795,4,0.07404281
57,0.54933317056795,5,0.07424755
57,0.54933317056795,6,0.07414497
57,0.54933317056795,7,0.07417371
57,0.54933317056795,8,0.07418136
57,0.54933317056795,9,0.07431068
57,0.54933317056795,10,0.07418701
57,0.54933317056795,11,0.07418595
57,0.54933317056795,12,0.07427619
57,0.54933317056795,13,0.07445193
57,0.54933317056795,14,0.07431526
57,0.54933317056795,15,0.0742346
58,0.558488723410749,0,0.07473789
58,0.558488723410749,1,0.07447807
58,0.558488723410749,2,0.07463501
58,0.558488723410749,3,0.07465155
58,0.558488723410749,4,0.07446259
58,0.558488723410749,5,0.07464526
58,0.558488723410749,6,0.07444911
58,0.558488723410749,7,0.07420921
58,0.558488723410749,8,0.07419869
58,0.558488723410749,9,0.07445884
58,0.558488723410749,10,0.07434876
58,0.558488723410749,11,0.07421707
58,0.558488723410749,12,0.07452174
58,0.558488723410749,13,0.07441939
58,0.558488723410749,14,0.07444283
58,0.558488723410749,15,0.07453149
59,0.569475386822108,0,0.07423873
59,0.569475386822108,1,0.0743111
59,0.569475386822108,2,0.07441358
59,0.569475386822108,3,0.07459761
59,0.569475386822108,4,0.07462338
59,0.569475386822108,5,0.07446956
59,0.569475386822108,6,0.07459758
59,0.569475386822108,7,0.07443306
59,0.569475386822108,8,0.07441565
59,0.569475386822108,9,0.07461996
59,0.569475386822108,10,0.07453222
59,0.569475386822108,11,0.07440374
59,0.569475386822108,12,0.07448615
59,0.569475386822108,13,0.07431822
59,0.569475386822108,14,0.07439719
59,0.569475386822108,15,0.07441035
60,0.578630939664907,0,0.0745957
60,0.578630939664907,1,0.07457414
60,0.578630939664907,2,0.07448483
60,0.578630939664907,3,0.07457441
60,0.578630939664907,4,0.07458847
60,0.578630939664907,5,0.07441088
60,0.578630939664907,6,0.07477333
60,0.578630939664907,7,0.07441088
60,0.578630939664907,8,0.07427708
60,0.578630939664907,9,0.0743518
60,0.578630939664907,10,0.07450452
60,0.578630939664907,11,0.07456174
60,0.578630939664907,12,0.0744263
60,0.578630939664907,13,0.07441155
60,0.578630939664907,14,0.0745275
60,0.578630939664907,15,0.07438996
61,0.589007232886746,0,0.07468381
61,0.589007232886746,1,0.07488772
61,0.589007232886746,2,0.07474783
61,0.589007232886746,3,0.07472528
61,0.589007232886746,4,0.07472624
61,0.589007232886746,5,0.07463823
61,0.589007232886746,6,0.07441727
61,0.589007232886746,7,0.07462634
61,0.589007232886746,8,0.07460731
61,0.589007232886746,9,0.07441796
61,0.589007232886746,10,0.07420819
61,0.589007232886746,11,0.07443861
61,0.589007232886746,12,0.07452756
61,0.589007232886746,13,0.07453862
61,0.589007232886746,14,0.07439445
61,0.589007232886746,15,0.07440692
62,0.599383526108585,0,0.07450745
62,0.599383526108585,1,0.07436602
62,0.599383526108585,2,0.07425974
62,0.599383526108585,3,0.07433835
62,0.599383526108585,4,0.0746862
62,0.599383526108585,5,0.07432161
62,0.599383526108585,6,0.07416821
62,0.599383526108585,7,0.07445171
62,0.599383526108585,8,0.07471852
62,0.599383526108585,9,0.07452286
62,0.599383526108585,10,0.07419494
62,0.599383526108585,11,0.07444152
62,0.599383526108585,12,0.07427581
62,0.599383526108585,13,0.07404249
62,0.599383526108585,14,0.07457083
62,0.599383526108585,15,0.0744215
63,0.609149449140904,0,0.07428204
63,0.609149449140904,1,0.07414703
63,0.609149449140904,2,0.07434881
63,0.609149449140904,3,0.07444295
63,0.609149449140904,4,0.07440063
63,0.609149449140904,5,0.07431141
63,0.609149449140904,6,0.07435025
63,0.609149449140904,7,0.07423566
63,0.609149449140904,8,0.07402939
63,0.609149449140904,9,0.07414022
63,0.609149449140904,10,0.07433639
63,0.609149449140904,11,0.07406653
63,0.609149449140904,12,0.07432541
63,0.609149449140904,13,0.0740454
63,0.609149449140904,14,0.07397293
63,0.609149449140904,15,0.074136
64,0.619525742362743,0,0.07396172
64,0.619525742362743,1,0.07439403
64,0.619525742362743,2,0.07442144
64,0.619525742362743,3,0.0743159
64,0.619525742362743,4,0.07433185
64,0.619525742362743,5,0.07437474
64,0.619525742362743,6,0.07442445
64,0.619525742362743,7,0.07452366
64,0.619525742362743,8,0.07457498
64,0.619525742362743,9,0.0745514
64,0.619525742362743,10,0.07454093
64,0.619525742362743,11,0.07435869
64,0.619525742362743,12,0.07472038
64,0.619525742362743,13,0.0747299
64,0.619525742362743,14,0.07428563
64,0.619525742362743,15,0.07438954
65,0.629291665395062,0,0.07434808
65,0.629291665395062,1,0.07424063
65,0.629291665395062,2,0.07436614
65,0.629291665395062,3,0.07416826
65,0.629291665395062,4,0.07453
65,0.629291665395062,5,0.07448822
65,0.629291665395062,6,0.07456967
65,0.629291665395062,7,0.07437474
65,0.629291665395062,8,0.07451203
65,0.629291665395062,9,0.07435281
65,0.629291665395062,10,0.074543
65,0.629291665395062,11,0.07439667
65,0.629291665395062,12,0.07436375
65,0.629291665395062,13,0.0745068
65,0.629291665395062,14,0.07445075
65,0.629291665395062,15,0.07442958
66,0.639057588427381,0,0.07470807
66,0.639057588427381,1,0.07466657
66,0.639057588427381,2,0.07444226
66,0.639057588427381,3,0.07430275
66,0.639057588427381,4,0.07435568
66,0.639057588427381,5,0.07445599
66,0.639057588427381,6,0.07460129
66,0.639057588427381,7,0.07467505
66,0.639057588427381,8,0.07455857
66,0.639057588427381,9,0.07465752
66,0.639057588427381,10,0.07459904
66,0.639057588427381,11,0.07459111
66,0.639057588427381,12,0.07452016
66,0.639057588427381,13,0.07458968
66,0.639057588427381,14,0.07444274
66,0.639057588427381,15,0.07462081
67,0.6488235114597,0,0.07478841
67,0.6488235114597,1,0.07467922
67,0.6488235114597,2,0.07433999
67,0.6488235114597,3,0.07454078
67,0.6488235114597,4,0.07460213
67,0.6488235114597,5,0.07442524
67,0.6488235114597,6,0.07425478
67,0.6488235114597,7,0.07431649
67,0.6488235114597,8,0.07445113
67,0.6488235114597,9,0.0745929
67,0.6488235114597,10,0.0745711
67,0.6488235114597,11,0.07461578
67,0.6488235114597,12,0.07438812
67,0.6488235114597,13,0.07413314
67,0.6488235114597,14,0.07436354
67,0.6488235114597,15,0.07443676
68,0.659199804681539,0,0.07426465
68,0.659199804681539,1,0.0745014
68,0.659199804681539,2,0.07447675
68,0.659199804681539,3,0.07413007
68,0.659199804681539,4,0.07434153
68,0.659199804681539,5,0.07445266
68,0.659199804681539,6,0.07454786
68,0.659199804681539,7,0.07420149
68,0.659199804681539,8,0.07417835
68,0.659199804681539,9,0.07432773
68,0.659199804681539,10,0.07412061
68,0.659199804681539,11,0.07424685
68,0.659199804681539,12,0.07417761
68,0.659199804681539,13,0.07436296
68,0.659199804681539,14,0.07386986
68,0.659199804681539,15,0.07446691
69,0.668965727713858,0,0.07466184
69,0.668965727713858,1,0.07443756
69,0.668965727713858,2,0.07445844
69,0.668965727713858,3,0.07443939
69,0.668965727713858,4,0.07456265
69,0.668965727713858,5,0.07442266
69,0.668965727713858,6,0.07467616
69,0.668965727713858,7,0.07437237
69,0.668965727713858,8,0.07462401
69,0.668965727713858,9,0.07449075
69,0.668965727713858,10,0.07438441
69,0.668965727713858,11,0.07478388
69,0.668965727713858,12,0.07434792
69,0.668965727713858,13,0.07460405
69,0.668965727713858,14,0.0746436
69,0.668965727713858,15,0.07450496
70,0.679342020935698,0,0.07442614
70,0.679342020935698,1,0.07453718
70,0.679342020935698,2,0.07443444
70,0.679342020935698,3,0.07457938
70,0.679342020935698,4,0.07469432
70,0.679342020935698,5,0.07438029
70,0.679342020935698,6,0.07455356
70,0.679342020935698,7,0.07438231
70,0.679342020935698,8,0.07459247
70,0.679342020935698,9,0.07451177
70,0.679342020935698,10,0.07470172
70,0.679342020935698,11,0.07465138
70,0.679342020935698,12,0.07471215
70,0.679342020935698,13,0.0746416
70,0.679342020935698,14,0.07441828
70,0.679342020935698,15,0.07415764
71,0.688497573778497,0,0.07475564
71,0.688497573778497,1,0.074722
71,0.688497573778497,2,0.07462857
71,0.688497573778497,3,0.07479256
71,0.688497573778497,4,0.07446608
71,0.688497573778497,5,0.07449461
71,0.688497573778497,6,0.07440032
71,0.688497573778497,7,0.07441901
71,0.688497573778497,8,0.07436826
71,0.688497573778497,9,0.07462338
71,0.688497573778497,10,0.07441694
71,0.688497573778497,11,0.07457675
71,0.688497573778497,12,0.07450853
71,0.688497573778497,13,0.07447637
71,0.688497573778497,14,0.07453722
71,0.688497573778497,15,0.07468216
72,0.699484237189856,0,0.07456157
72,0.699484237189856,1,0.07427131
72,0.699484237189856,2,0.07434904
72,0.699484237189856,3,0.07427428
72,0.699484237189856,4,0.07439413
72,0.699484237189856,5,0.07431601
72,0.699484237189856,6,0.07416647
72,0.699484237189856,7,0.07436592
72,0.699484237189856,8,0.07439346
72,0.699484237189856,9,0.07429371
72,0.699484237189856,10,0.07465547
72,0.699484237189856,11,0.07438838
72,0.699484237189856,12,0.07455006
72,0.699484237189856,13,0.07447279
72,0.699484237189856,14,0.07452066
72,0.699484237189856,15,0.07460543
73,0.708639790032655,0,0.07441135
73,0.708639790032655,1,0.07449593
73,0.708639790032655,2,0.07471928
73,0.708639790032655,3,0.07446529
73,0.708639790032655,4,0.07469828
73,0.708639790032655,5,0.07436217
73,0.708639790032655,6,0.0744934
73,0.708639790032655,7,0.07450507
73,0.708639790032655,8,0.07435472
73,0.708639790032655,9,0.07445863
73,0.708639790032655,10,0.07455818
73,0.708639790032655,11,0.07429814
73,0.708639790032655,12,0.07428014
73,0.708639790032655,13,0.07444306
73,0.708639790032655,14,0.07453792
73,0.708639790032655,15,0.07455604
74,0.717795342875454,0,0.07439202
74,0.717795342875454,1,0.07458863
74,0.717795342875454,2,0.07457568
74,0.717795342875454,3,0.07445757
74,0.717795342875454,4,0.07439915
74,0.717795342875454,5,0.07436445
74,0.717795342875454,6,0.07421681
74,0.717795342875454,7,0.0740839
74,0.717795342875454,8,0.07424744
74,0.717795342875454,9,0.07416075
74,0.717795342875454,10,0.07445018
74,0.717795342875454,11,0.07441495
74,0.717795342875454,12,0.07440713
74,0.717795342875454,13,0.07430613
74,0.717795342875454,14,0.07453803
74,0.717795342875454,15,0.07434132
75,0.728782006286813,0,0.07471736
75,0.728782006286813,1,0.07468461
75,0.728782006286813,2,0.0743382
75,0.728782006286813,3,0.07432024
75,0.728782006286813,4,0.07458092
75,0.728782006286813,5,0.07457522
75,0.728782006286813,6,0.07463326
75,0.728782006286813,7,0.07470136
75,0.728782006286813,8,0.07449164
75,0.728782006286813,9,0.07478237
75,0.728782006286813,10,0.07430613
75,0.728782006286813,11,0.07452867
75,0.728782006286813,12,0.07454838
75,0.728782006286813,13,0.0746498
75,0.728782006286813,14,0.07450771
75,0.728782006286813,15,0.07483432
76,0.738547929319132,0,0.07444896
76,0.738547929319132,1,0.07421032
76,0.738547929319132,2,0.07417486
76,0.738547929319132,3,0.07432351
76,0.738547929319132,4,0.07438336
76,0.738547929319132,5,0.0744217
76,0.738547929319132,6,0.07450808
76,0.738547929319132,7,0.07418426
76,0.738547929319132,8,0.07447997
76,0.738547929319132,9,0.07421681
76,0.738547929319132,10,0.07428141
76,0.738547929319132,11,0.07453036
76,0.738547929319132,12,0.07425114
76,0.738547929319132,13,0.07413703
76,0.738547929319132,14,0.07449344
76,0.738547929319132,15,0.07441527
77,0.748924222540971,0,0.07470062
77,0.748924222540971,1,0.0747287
77,0.748924222540971,2,0.07465848
77,0.748924222540971,3,0.07463323
77,0.748924222540971,4,0.074695
77,0.748924222540971,5,0.0743982
77,0.748924222540971,6,0.07448567
77,0.748924222540971,7,0.0745789
77,0.748924222540971,8,0.07410815
77,0.748924222540971,9,0.07438198
77,0.748924222540971,10,0.0744197
77,0.748924222540971,11,0.07457532
77,0.748924222540971,12,0.07429044
77,0.748924222540971,13,0.07456348
77,0.748924222540971,14,0.07432915
77,0.748924222540971,15,0.07422921
78,0.75869014557329,0,0.07453824
78,0.75869014557329,1,0.07442263
78,0.75869014557329,2,0.07446831
78,0.75869014557329,3,0.07449159
78,0.75869014557329,4,0.07453649
78,0.75869014557329,5,0.07467441
78,0.75869014557329,6,0.07433788
78,0.75869014557329,7,0.07430919
78,0.75869014557329,8,0.07447035
78,0.75869014557329,9,0.07430354
78,0.75869014557329,10,0.07427776
78,0.75869014557329,11,0.07424396
78,0.75869014557329,12,0.07409013
78,0.75869014557329,13,0.07396182
78,0.75869014557329,14,0.07449946
78,0.75869014557329,15,0.074404
79,0.769066438795129,0,0.07455169
79,0.769066438795129,1,0.07448446
79,0.769066438795129,2,0.07435271
79,0.769066438795129,3,0.07428806
79,0.769066438795129,4,0.07430376
79,0.769066438795129,5,0.07417607
79,0.769066438795129,6,0.07474962
79,0.769066438795129,7,0.0744525
79,0.769066438795129,8,0.07435753
79,0.769066438795129,9,0.07423968
79,0.769066438795129,10,0.07455406
79,0.769066438795129,11,0.07448366
79,0.769066438795129,12,0.07440761
79,0.769066438795129,13,0.07438505
79,0.769066438795129,14,0.07429498
79,0.769066438795129,15,0.0744685
80,0.778832361827448,0,0.07468656
80,0.778832361827448,1,0.07487983
80,0.778832361827448,2,0.07458878
80,0.778832361827448,3,0.0745533
80,0.778832361827448,4,0.07461002
80,0.778832361827448,5,0.07468725
80,0.778832361827448,6,0.07490683
80,0.778832361827448,7,0.07479534
80,0.778832361827448,8,0.07444631
80,0.778832361827448,9,0.07489792
80,0.778832361827448,10,0.07471518
80,0.778832361827448,11,0.07471096
80,0.778832361827448,12,0.07457823
80,0.778832361827448,13,0.07459317
80,0.778832361827448,14,0.07477517
80,0.778832361827448,15,0.07446813
81,0.789208655049287,0,0.07473713
81,0.789208655049287,1,0.07460333
81,0.789208655049287,2,0.07455229
81,0.789208655049287,3,0.0748902
81,0.789208655049287,4,0.0744842
81,0.789208655049287,5,0.07460292
81,0.789208655049287,6,0.07439191
81,0.789208655049287,7,0.07445884
81,0.789208655049287,8,0.07416061
81,0.789208655049287,9,0.07428136
81,0.789208655049287,10,0.07408416
81,0.789208655049287,11,0.07414554
81,0.789208655049287,12,0.07379407
81,0.789208655049287,13,0.07395052
81,0.789208655049287,14,0.0740933
81,0.789208655049287,15,0.0743272
82,0.798364207892086,0,0.07427701
82,0.798364207892086,1,0.07433048
82,0.798364207892086,2,0.07440528
82,0.798364207892086,3,0.07451208
82,0.798364207892086,4,0.07441009
82,0.798364207892086,5,0.07445425
82,0.798364207892086,6,0.07421527
82,0.798364207892086,7,0.07445602
82,0.798364207892086,8,0.0740857
82,0.798364207892086,9,0.07445319
82,0.798364207892086,10,0.07439635
82,0.798364207892086,11,0.07456274
82,0.798364207892086,12,0.07453064
82,0.798364207892086,13,0.07442899
82,0.798364207892086,14,0.07427339
82,0.798364207892086,15,0.07441361
83,0.808740501113926,0,0.07430989
83,0.808740501113926,1,0.07434037
83,0.808740501113926,2,0.07439915
83,0.808740501113926,3,0.07465403
83,0.808740501113926,4,0.07446042
83,0.808740501113926,5,0.07464505
83,0.808740501113926,6,0.07462303
83,0.808740501113926,7,0.07435193
83,0.808740501113926,8,0.07454106
83,0.808740501113926,9,0.07454664
83,0.808740501113926,10,0.07439652
83,0.808740501113926,11,0.07468694
83,0.808740501113926,12,0.07438225
83,0.808740501113926,13,0.07449245
83,0.808740501113926,14,0.07447702
83,0.808740501113926,15,0.07446243
84,0.818506424146245,0,0.07452202
84,0.818506424146245,1,0.07449719
84,0.818506424146245,2,0.07469533
84,0.818506424146245,3,0.07464314
84,0.818506424146245,4,0.07438219
84,0.818506424146245,5,0.07433882
84,0.818506424146245,6,0.07411786
84,0.818506424146245,7,0.07450137
84,0.818506424146245,8,0.07422525
84,0.818506424146245,9,0.0743636
84,0.818506424146245,10,0.07451744
84,0.818506424146245,11,0.07432072
84,0.818506424146245,12,0.07452784
84,0.818506424146245,13,0.07457896
84,0.818506424146245,14,0.07452433
84,0.818506424146245,15,0.07436433
85,0.828882717368084,0,0.07454738
85,0.828882717368084,1,0.07413604
85,0.828882717368084,2,0.07434178
85,0.828882717368084,3,0.07431944
85,0.828882717368084,4,0.07431325
85,0.828882717368084,5,0.07461205
85,0.828882717368084,6,0.07456078
85,0.828882717368084,7,0.07451795
85,0.828882717368084,8,0.0743653
85,0.828882717368084,9,0.0745546
85,0.828882717368084,10,0.07459159
85,0.828882717368084,11,0.07416831
85,0.828882717368084,12,0.07424956
85,0.828882717368084,13,0.07463915
85,0.828882717368084,14,0.07468385
85,0.828882717368084,15,0.07425921
86,0.838038270210883,0,0.07455762
86,0.838038270210883,1,0.07468862
86,0.838038270210883,2,0.0746854
86,0.838038270210883,3,0.07459227
86,0.838038270210883,4,0.07425283
86,0.838038270210883,5,0.07441436
86,0.838038270210883,6,0.07441657
86,0.838038270210883,7,0.07452373
86,0.838038270210883,8,0.07444087
86,0.838038270210883,9,0.07434094
86,0.838038270210883,10,0.07439656
86,0.838038270210883,11,0.074127
86,0.838038270210883,12,0.07438489
86,0.838038270210883,13,0.07449888
86,0.838038270210883,14,0.0742634
86,0.838038270210883,15,0.07445942
87,0.848414563432722,0,0.07462294
87,0.848414563432722,1,0.07454314
87,0.848414563432722,2,0.07470857
87,0.848414563432722,3,0.07464162
87,0.848414563432722,4,0.07433897
87,0.848414563432722,5,0.07452763
87,0.848414563432722,6,0.0745711
87,0.848414563432722,7,0.07467907
87,0.848414563432722,8,0.07444991
87,0.848414563432722,9,0.0745839
87,0.848414563432722,10,0.07480774
87,0.848414563432722,11,0.0746901
87,0.848414563432722,12,0.07480627
87,0.848414563432722,13,0.07454638
87,0.848414563432722,14,0.07464149
87,0.848414563432722,15,0.07451627
88,0.858180486465041,0,0.07466742
88,0.858180486465041,1,0.07452022
88,0.858180486465041,2,0.07456656
88,0.858180486465041,3,0.07477705
88,0.858180486465041,4,0.07449168
88,0.858180486465041,5,0.07482775
88,0.858180486465041,6,0.07453233
88,0.858180486465041,7,0.07447512
88,0.858180486465041,8,0.07479622
88,0.858180486465041,9,0.07492533
88,0.858180486465041,10,0.07453713
88,0.858180486465041,11,0.07480641
88,0.858180486465041,12,0.07481314
88,0.858180486465041,13,0.07467794
88,0.858180486465041,14,0.07488585
88,0.858180486465041,15,0.07472175
89,0.86794640949736,0,0.0745683
89,0.86794640949736,1,0.07455472
89,0.86794640949736,2,0.07449359
89,0.86794640949736,3,0.07450838
89,0.86794640949736,4,0.07447902
89,0.86794640949736,5,0.07450475
89,0.86794640949736,6,0.07449704
89,0.86794640949736,7,0.07451584
89,0.86794640949736,8,0.07466353
89,0.86794640949736,9,0.07451627
89,0.86794640949736,10,0.07457168
89,0.86794640949736,11,0.07456556
89,0.86794640949736,12,0.07469974
89,0.86794640949736,13,0.07482473
89,0.86794640949736,14,0.07463071
89,0.86794640949736,15,0.07443792
90,0.878933072908719,0,0.07445461
90,0.878933072908719,1,0.07452306
90,0.878933072908719,2,0.0746235
90,0.878933072908719,3,0.07458434
90,0.878933072908719,4,0.07434268
90,0.878933072908719,5,0.07456691
90,0.878933072908719,6,0.07480174
90,0.878933072908719,7,0.07483248
90,0.878933072908719,8,0.07464944
90,0.878933072908719,9,0.07467113
90,0.878933072908719,10,0.07444439
90,0.878933072908719,11,0.07419837
90,0.878933072908719,12,0.07440477
90,0.878933072908719,13,0.07446956
90,0.878933072908719,14,0.07443713
90,0.878933072908719,15,0.07480657
91,0.888088625751518,0,0.074709
91,0.888088625751518,1,0.07426166
91,0.888088625751518,2,0.07430703
91,0.888088625751518,3,0.07430612
91,0.888088625751518,4,0.07438537
91,0.888088625751518,5,0.07468531
91,0.888088625751518,6,0.07457061
91,0.888088625751518,7,0.07422953
91,0.888088625751518,8,0.07447734
91,0.888088625751518,9,0.07442593
91,0.888088625751518,10,0.0742906
91,0.888088625751518,11,0.07436132
91,0.888088625751518,12,0.07431321
91,0.888088625751518,13,0.07417344
91,0.888088625751518,14,0.07446149
91,0.888088625751518,15,0.07433556
92,0.898464918973357,0,0.07477462
92,0.898464918973357,1,0.07455973
92,0.898464918973357,2,0.07446022
92,0.898464918973357,3,0.07433073
92,0.898464918973357,4,0.07445446
92,0.898464918973357,5,0.07458591
92,0.898464918973357,6,0.07434089
92,0.898464918973357,7,0.07455815
92,0.898464918973357,8,0.07448888
92,0.898464918973357,9,0.0745936
92,0.898464918973357,10,0.07457657
92,0.898464918973357,11,0.07462229
92,0.898464918973357,12,0.07481956
92,0.898464918973357,13,0.07464181
92,0.898464918973357,14,0.07458298
92,0.898464918973357,15,0.07428822
93,0.908841212195196,0,0.07449517
93,0.908841212195196,1,0.07420297
93,0.908841212195196,2,0.07420814
93,0.908841212195196,3,0.07435764
93,0.908841212195196,4,0.07450859
93,0.908841212195196,5,0.07427908
93,0.908841212195196,6,0.07476835
93,0.908841212195196,7,0.0744357
93,0.908841212195196,8,0.0743299
93,0.908841212195196,9,0.07445356
93,0.908841212195196,10,0.07433207
93,0.908841212195196,11,0.07453834
93,0.908841212195196,12,0.07437109
93,0.908841212195196,13,0.07436518
93,0.908841212195196,14,0.0744509
93,0.908841212195196,15,0.07389569
94,0.917996765037996,0,0.07438362
94,0.917996765037996,1,0.0743366
94,0.917996765037996,2,0.07418516
94,0.917996765037996,3,0.07426646
94,0.917996765037996,4,0.074574
94,0.917996765037996,5,0.07433502
94,0.917996765037996,6,0.07439551
94,0.917996765037996,7,0.07436514
94,0.917996765037996,8,0.07423545
94,0.917996765037996,9,0.07410646
94,0.917996765037996,10,0.07427
94,0.917996765037996,11,0.07422082
94,0.917996765037996,12,0.07431184
94,0.917996765037996,13,0.07447797
94,0.917996765037996,14,0.07452535
94,0.917996765037996,15,0.07438742
95,0.927762688070315,0,0.07448921
95,0.927762688070315,1,0.07446576
95,0.927762688070315,2,0.07446856
95,0.927762688070315,3,0.07486433
95,0.927762688070315,4,0.07481529
95,0.927762688070315,5,0.07477382
95,0.927762688070315,6,0.07459733
95,0.927762688070315,7,0.07437745
95,0.927762688070315,8,0.07414322
95,0.927762688070315,9,0.07435071
95,0.927762688070315,10,0.0746406
95,0.927762688070315,11,0.07450697
95,0.927762688070315,12,0.07439864
95,0.927762688070315,13,0.07442605
95,0.927762688070315,14,0.07437332
95,0.927762688070315,15,0.07448964
96,0.938749351481674,0,0.0745808
96,0.938749351481674,1,0.07464572
96,0.938749351481674,2,0.07461675
96,0.938749351481674,3,0.07467473
96,0.938749351481674,4,0.07487726
96,0.938749351481674,5,0.0748302
96,0.938749351481674,6,0.07466372
96,0.938749351481674,7,0.07479527
96,0.938749351481674,8,0.07484395
96,0.938749351481674,9,0.07498031
96,0.938749351481674,10,0.07480961
96,0.938749351481674,11,0.07473583
96,0.938749351481674,12,0.07438748
96,0.938749351481674,13,0.07449592
96,0.938749351481674,14,0.07446412
96,0.938749351481674,15,0.07454595
97,0.947904904324473,0,0.07471805
97,0.947904904324473,1,0.0748063
97,0.947904904324473,2,0.07475279
97,0.947904904324473,3,0.07473771
97,0.947904904324473,4,0.07451513
97,0.947904904324473,5,0.07481111
97,0.947904904324473,6,0.07471551
97,0.947904904324473,7,0.07452429
97,0.947904904324473,8,0.07467056
97,0.947904904324473,9,0.07454003
97,0.947904904324473,10,0.07468518
97,0.947904904324473,11,0.07458006
97,0.947904904324473,12,0.0746574
97,0.947904904324473,13,0.07489813
97,0.947904904324473,14,0.07465316
97,0.947904904324473,15,0.07462851
98,0.958281197546312,0,0.07497243
98,0.958281197546312,1,0.07475126
98,0.958281197546312,2,0.07486453
98,0.958281197546312,3,0.07490199
98,0.958281197546312,4,0.07500397
98,0.958281197546312,5,0.0749421
98,0.958281197546312,6,0.07470897
98,0.958281197546312,7,0.07477468
98,0.958281197546312,8,0.07472263
98,0.958281197546312,9,0.07481001
98,0.958281197546312,10,0.0751119
98,0.958281197546312,11,0.07481778
98,0.958281197546312,12,0.07495464
98,0.958281197546312,13,0.07467637
98,0.958281197546312,14,0.07495441
98,0.958281197546312,15,0.07501909
99,0.967436750389111,0,0.07486673
99,0.967436750389111,1,0.07478727
99,0.967436750389111,2,0.07488256
99,0.967436750389111,3,0.07479008
99,0.967436750389111,4,0.07477993
99,0.967436750389111,5,0.07494708
99,0.967436750389111,6,0.07495396
99,0.967436750389111,7,0.07463474
99,0.967436750389111,8,0.07454287
99,0.967436750389111,9,0.07511163
99,0.967436750389111,10,0.07483409
99,0.967436750389111,11,0.07466934
99,0.967436750389111,12,0.07508548
99,0.967436750389111,13,0.07490593
99,0.967436750389111,14,0.07472247
99,0.967436750389111,15,0.07484392
100,0.97842341380047,0,0.07489891
100,0.97842341380047,1,0.07511229
100,0.97842341380047,2,0.07513693
100,0.97842341380047,3,0.0750913
100,0.97842341380047,4,0.07503491
100,0.97842341380047,5,0.07474693
100,0.97842341380047,6,0.07484321
100,0.97842341380047,7,0.07457083
100,0.97842341380047,8,0.07477769
100,0.97842341380047,9,0.07491913
100,0.97842341380047,10,0.07508482
100,0.97842341380047,11,0.07480534
100,0.97842341380047,12,0.07506853
100,0.97842341380047,13,0.07508332
100,0.97842341380047,14,0.07488631
100,0.97842341380047,15,0.07495327
101,0.987578966643269,0,0.07515144
101,0.987578966643269,1,0.07507979
101,0.987578966643269,2,0.07508224
101,0.987578966643269,3,0.0750498
101,0.987578966643269,4,0.07519828
101,0.987578966643269,5,0.07507535
101,0.987578966643269,6,0.07483958
101,0.987578966643269,7,0.07484192
101,0.987578966643269,8,0.07477375
101,0.987578966643269,9,0.07458815
101,0.987578966643269,10,0.07492467
101,0.987578966643269,11,0.07476489
101,0.987578966643269,12,0.07477088
101,0.987578966643269,13,0.07471193
101,0.987578966643269,14,0.07474186
101,0.987578966643269,15,0.07463474
102,0.998565630054628,0,0.07454573
102,0.998565630054628,1,0.0746797
102,0.998565630054628,2,0.07475185
102,0.998565630054628,3,0.07461951
102,0.998565630054628,4,0.07477862
102,0.998565630054628,5,0.07477039
102,0.998565630054628,6,0.07471471
102,0.998565630054628,7,0.07491971
102,0.998565630054628,8,0.0745481
102,0.998565630054628,9,0.07472249
102,0.998565630054628,10,0.07481153
102,0.998565630054628,11,0.0748324
102,0.998565630054628,12,0.07495913
102,0.998565630054628,13,0.07495938
102,0.998565630054628,14,0.07468116
102,0.998565630054628,15,0.0747558
103,1.00833155308695,0,0.07468215
103,1.00833155308695,1,0.07437403
103,1.00833155308695,2,0.07475607
103,1.00833155308695,3,0.07474957
103,1.00833155308695,4,0.07479345
103,1.00833155308695,5,0.07479949
103,1.00833155308695,6,0.07466753
103,1.00833155308695,7,0.07490136
103,1.00833155308695,8,0.07493852
103,1.00833155308695,9,0.07474295
103,1.00833155308695,10,0.07464637
103,1.00833155308695,11,0.07496461
103,1.00833155308695,12,0.07481902
103,1.00833155308695,13,0.07481743
103,1.00833155308695,14,0.07478639
103,1.00833155308695,15,0.07471745
104,1.01870784630879,0,0.07446523
104,1.01870784630879,1,0.07429947
104,1.01870784630879,2,0.07449919
104,1.01870784630879,3,0.07418263
104,1.01870784630879,4,0.07446597
104,1.01870784630879,5,0.07444568
104,1.01870784630879,6,0.07453663
104,1.01870784630879,7,0.07471097
104,1.01870784630879,8,0.07473467
104,1.01870784630879,9,0.07474705
104,1.01870784630879,10,0.07470061
104,1.01870784630879,11,0.07456028
104,1.01870784630879,12,0.0746114
104,1.01870784630879,13,0.07483537
104,1.01870784630879,14,0.07468671
104,1.01870784630879,15,0.07468288
105,1.02847376934111,0,0.0744497
105,1.02847376934111,1,0.0747055
105,1.02847376934111,2,0.07475971
105,1.02847376934111,3,0.07492946
105,1.02847376934111,4,0.07473891
105,1.02847376934111,5,0.07486771
105,1.02847376934111,6,0.07423218
105,1.02847376934111,7,0.07442334
105,1.02847376934111,8,0.07449993
105,1.02847376934111,9,0.07466713
105,1.02847376934111,10,0.07430486
105,1.02847376934111,11,0.07428919
105,1.02847376934111,12,0.0746381
105,1.02847376934111,13,0.07436144
105,1.02847376934111,14,0.07443756
105,1.02847376934111,15,0.07464384
106,1.03885006256294,0,0.07477205
106,1.03885006256294,1,0.07457637
106,1.03885006256294,2,0.07451188
106,1.03885006256294,3,0.07471798
106,1.03885006256294,4,0.07445942
106,1.03885006256294,5,0.07444595
106,1.03885006256294,6,0.07454214
106,1.03885006256294,7,0.07482677
106,1.03885006256294,8,0.07497636
106,1.03885006256294,9,0.07436418
106,1.03885006256294,10,0.07435207
106,1.03885006256294,11,0.07465121
106,1.03885006256294,12,0.07457084
106,1.03885006256294,13,0.07446413
106,1.03885006256294,14,0.07452575
106,1.03885006256294,15,0.07468797
107,1.04861598559526,0,0.07439202
107,1.04861598559526,1,0.07453896
107,1.04861598559526,2,0.07424644
107,1.04861598559526,3,0.07435875
107,1.04861598559526,4,0.07416673
107,1.04861598559526,5,0.07422452
107,1.04861598559526,6,0.07438748
107,1.04861598559526,7,0.07464129
107,1.04861598559526,8,0.07441273
107,1.04861598559526,9,0.07450186
107,1.04861598559526,10,0.07442831
107,1.04861598559526,11,0.07449208
107,1.04861598559526,12,0.07475993
107,1.04861598559526,13,0.07461309
107,1.04861598559526,14,0.07486024
107,1.04861598559526,15,0.07472315
108,1.05777153843806,0,0.07370495
108,1.05777153843806,1,0.07357173
108,1.05777153843806,2,0.07339108
108,1.05777153843806,3,0.07380194
108,1.05777153843806,4,0.07350228
108,1.05777153843806,5,0.07388017
108,1.05777153843806,6,0.07397123
108,1.05777153843806,7,0.07405183
108,1.05777153843806,8,0.07408062
108,1.05777153843806,9,0.07467455
108,1.05777153843806,10,0.07463942
108,1.05777153843806,11,0.07446591
108,1.05777153843806,12,0.0745067
108,1.05777153843806,13,0.07448354
108,1.05777153843806,14,0.07505748
108,1.05777153843806,15,0.07466897
109,1.06875820184942,0,0.074416
109,1.06875820184942,1,0.07455275
109,1.06875820184942,2,0.0748572
109,1.06875820184942,3,0.07442915
109,1.06875820184942,4,0.07454111
109,1.06875820184942,5,0.07449217
109,1.06875820184942,6,0.07460526
109,1.06875820184942,7,0.07448235
109,1.06875820184942,8,0.07442206
109,1.06875820184942,9,0.07449123
109,1.06875820184942,10,0.07465318
109,1.06875820184942,11,0.07482311
109,1.06875820184942,12,0.07467505
109,1.06875820184942,13,0.07468291
109,1.06875820184942,14,0.07478247
109,1.06875820184942,15,0.07464646
110,1.07852412488174,0,0.07476795
110,1.07852412488174,1,0.07479944
110,1.07852412488174,2,0.07489832
110,1.07852412488174,3,0.07472143
110,1.07852412488174,4,0.07476495
110,1.07852412488174,5,0.07481245
110,1.07852412488174,6,0.07485656
110,1.07852412488174,7,0.07451314
110,1.07852412488174,8,0.07468656
110,1.07852412488174,9,0.07494102
110,1.07852412488174,10,0.07490002
110,1.07852412488174,11,0.07450433
110,1.07852412488174,12,0.07444579
110,1.07852412488174,13,0.07432672
110,1.07852412488174,14,0.07456559
110,1.07852412488174,15,0.07476856
111,1.08890041810358,0,0.07456808
111,1.08890041810358,1,0.07465202
111,1.08890041810358,2,0.0744433
111,1.08890041810358,3,0.07458666
111,1.08890041810358,4,0.07453506
111,1.08890041810358,5,0.07424919
111,1.08890041810358,6,0.07450053
111,1.08890041810358,7,0.07430645
111,1.08890041810358,8,0.07435425
111,1.08890041810358,9,0.07460742
111,1.08890041810358,10,0.07446945
111,1.08890041810358,11,0.0743757
111,1.08890041810358,12,0.07442418
111,1.08890041810358,13,0.07467301
111,1.08890041810358,14,0.07414401
111,1.08890041810358,15,0.07444409
112,1.09805597094638,0,0.07459524
112,1.09805597094638,1,0.07448196
112,1.09805597094638,2,0.0743923
112,1.09805597094638,3,0.07445536
112,1.09805597094638,4,0.07441141
112,1.09805597094638,5,0.07443776
112,1.09805597094638,6,0.07432441
112,1.09805597094638,7,0.07414825
112,1.09805597094638,8,0.07399104
112,1.09805597094638,9,0.07402865
112,1.09805597094638,10,0.07391772
112,1.09805597094638,11,0.0742726
112,1.09805597094638,12,0.07430085
112,1.09805597094638,13,0.07427813
112,1.09805597094638,14,0.07418691
112,1.09805597094638,15,0.07434242
113,1.1078218939787,0,0.07448093
113,1.1078218939787,1,0.0746447
113,1.1078218939787,2,0.07474282
113,1.1078218939787,3,0.07469019
113,1.1078218939787,4,0.0748354
113,1.1078218939787,5,0.07444526
113,1.1078218939787,6,0.07481344
113,1.1078218939787,7,0.07469014
113,1.1078218939787,8,0.07433756
113,1.1078218939787,9,0.07446787
113,1.1078218939787,10,0.07452452
113,1.1078218939787,11,0.07464628
113,1.1078218939787,12,0.07452951
113,1.1078218939787,13,0.07458393
113,1.1078218939787,14,0.07454886
113,1.1078218939787,15,0.07470663
114,1.11819818720054,0,0.0746791
114,1.11819818720054,1,0.07461628
114,1.11819818720054,2,0.0745986
114,1.11819818720054,3,0.07463437
114,1.11819818720054,4,0.07441581
114,1.11819818720054,5,0.0746685
114,1.11819818720054,6,0.07466524
114,1.11819818720054,7,0.07435816
114,1.11819818720054,8,0.0743674
114,1.11819818720054,9,0.07417561
114,1.11819818720054,10,0.07398897
114,1.11819818720054,11,0.07424416
114,1.11819818720054,12,0.07437463
114,1.11819818720054,13,0.07457045
114,1.11819818720054,14,0.07430401
114,1.11819818720054,15,0.07427771
115,1.1291848506119,0,0.07411597
115,1.1291848506119,1,0.07386141
115,1.1291848506119,2,0.07416677
115,1.1291848506119,3,0.07439541
115,1.1291848506119,4,0.07428474
115,1.1291848506119,5,0.07434718
115,1.1291848506119,6,0.07404841
115,1.1291848506119,7,0.07395813
115,1.1291848506119,8,0.07401565
115,1.1291848506119,9,0.07416736
115,1.1291848506119,10,0.07419235
115,1.1291848506119,11,0.07421036
115,1.1291848506119,12,0.07407191
115,1.1291848506119,13,0.07419547
115,1.1291848506119,14,0.07404687
115,1.1291848506119,15,0.07427682
116,1.13773003326518,0,0.07421242
116,1.13773003326518,1,0.07402981
116,1.13773003326518,2,0.07408765
116,1.13773003326518,3,0.07432921
116,1.13773003326518,4,0.07419457
116,1.13773003326518,5,0.07405157
116,1.13773003326518,6,0.07429487
116,1.13773003326518,7,0.07420381
116,1.13773003326518,8,0.07400467
116,1.13773003326518,9,0.07430223
116,1.13773003326518,10,0.07415769
116,1.13773003326518,11,0.07412447
116,1.13773003326518,12,0.07416203
116,1.13773003326518,13,0.07437081
116,1.13773003326518,14,0.07420466
116,1.13773003326518,15,0.0741465
117,1.14932706686605,0,0.07413228
117,1.14932706686605,1,0.07430693
117,1.14932706686605,2,0.07451987
117,1.14932706686605,3,0.07440142
117,1.14932706686605,4,0.07443069
117,1.14932706686605,5,0.07424686
117,1.14932706686605,6,0.07399511
117,1.14932706686605,7,0.07404487
117,1.14932706686605,8,0.07406932
117,1.14932706686605,9,0.0737872
117,1.14932706686605,10,0.07422351
117,1.14932706686605,11,0.07411354
117,1.14932706686605,12,0.07402056
117,1.14932706686605,13,0.07421733
117,1.14932706686605,14,0.07431548
117,1.14932706686605,15,0.07419453
118,1.15909298989837,0,0.07427946
118,1.15909298989837,1,0.07413303
118,1.15909298989837,2,0.07412088
118,1.15909298989837,3,0.07407281
118,1.15909298989837,4,0.07396695
118,1.15909298989837,5,0.07397123
118,1.15909298989837,6,0.07426821
118,1.15909298989837,7,0.07413049
118,1.15909298989837,8,0.0742625
118,1.15909298989837,9,0.07426848
118,1.15909298989837,10,0.07419948
118,1.15909298989837,11,0.07434987
118,1.15909298989837,12,0.07410223
118,1.15909298989837,13,0.07425563
118,1.15909298989837,14,0.07417476
118,1.15909298989837,15,0.07411919
119,1.16946928312021,0,0.07443184
119,1.16946928312021,1,0.07426821
119,1.16946928312021,2,0.0741082
119,1.16946928312021,3,0.07427882
119,1.16946928312021,4,0.07397937
119,1.16946928312021,5,0.07436544
119,1.16946928312021,6,0.07427502
119,1.16946928312021,7,0.07422879
119,1.16946928312021,8,0.07431436
119,1.16946928312021,9,0.07437914
119,1.16946928312021,10,0.07464183
119,1.16946928312021,11,0.07481519
119,1.16946928312021,12,0.0744359
119,1.16946928312021,13,0.07454146
119,1.16946928312021,14,0.074386
119,1.16946928312021,15,0.07430111
120,1.17923520615253,0,0.0740735
120,1.17923520615253,1,0.07423106
120,1.17923520615253,2,0.07441923
120,1.17923520615253,3,0.07416789
120,1.17923520615253,4,0.07447258
120,1.17923520615253,5,0.07446034
120,1.17923520615253,6,0.07445979
120,1.17923520615253,7,0.07453972
120,1.17923520615253,8,0.07422584
120,1.17923520615253,9,0.07425965
120,1.17923520615253,10,0.07406922
120,1.17923520615253,11,0.07415823
120,1.17923520615253,12,0.07395274
120,1.17923520615253,13,0.07405654
120,1.17923520615253,14,0.07426904
120,1.17923520615253,15,0.07440845
121,1.18900112918485,0,0.07423969
121,1.18900112918485,1,0.07441173
121,1.18900112918485,2,0.07426144
121,1.18900112918485,3,0.07424317
121,1.18900112918485,4,0.07417956
121,1.18900112918485,5,0.0743461
121,1.18900112918485,6,0.07435536
121,1.18900112918485,7,0.07423614
121,1.18900112918485,8,0.07444231
121,1.18900112918485,9,0.07444067
121,1.18900112918485,10,0.07417259
121,1.18900112918485,11,0.07439893
121,1.18900112918485,12,0.07432214
121,1.18900112918485,13,0.0743866
121,1.18900112918485,14,0.07441061
121,1.18900112918485,15,0.07466026
122,1.19998779259621,0,0.07445947
122,1.19998779259621,1,0.07392438
122,1.19998779259621,2,0.07401565
122,1.19998779259621,3,0.07400958
122,1.19998779259621,4,0.07416071
122,1.19998779259621,5,0.07420994
122,1.19998779259621,6,0.0740951
122,1.19998779259621,7,0.07406462
122,1.19998779259621,8,0.07418764
122,1.19998779259621,9,0.07407952
122,1.19998779259621,10,0.07387039
122,1.19998779259621,11,0.074052
122,1.19998779259621,12,0.07397657
122,1.19998779259621,13,0.07402548
122,1.19998779259621,14,0.07406853
122,1.19998779259621,15,0.0744456
123,1.20914334543901,0,0.07379808
123,1.20914334543901,1,0.07400049
123,1.20914334543901,2,0.07414803
123,1.20914334543901,3,0.07441721
123,1.20914334543901,4,0.07399362
123,1.20914334543901,5,0.07420243
123,1.20914334543901,6,0.07430281
123,1.20914334543901,7,0.07421733
123,1.20914334543901,8,0.0742421
123,1.20914334543901,9,0.07406578
123,1.20914334543901,10,0.07391846
123,1.20914334543901,11,0.07416598
123,1.20914334543901,12,0.07402316
123,1.20914334543901,13,0.07380109
123,1.20914334543901,14,0.07383987
123,1.20914334543901,15,0.07382739
124,1.21951963866085,0,0.07391465
124,1.21951963866085,1,0.0739724
124,1.21951963866085,2,0.07393452
124,1.21951963866085,3,0.07413457
124,1.21951963866085,4,0.07418268
124,1.21951963866085,5,0.07368466
124,1.21951963866085,6,0.07398454
124,1.21951963866085,7,0.07388925
124,1.21951963866085,8,0.07397409
124,1.21951963866085,9,0.0738631
124,1.21951963866085,10,0.07388116
124,1.21951963866085,11,0.07389522
124,1.21951963866085,12,0.07454601
124,1.21951963866085,13,0.07382856
124,1.21951963866085,14,0.07415644
124,1.21951963866085,15,0.07414164
125,1.22928556169317,0,0.07397958
125,1.22928556169317,1,0.07403938
125,1.22928556169317,2,0.07390647
125,1.22928556169317,3,0.07401275
125,1.22928556169317,4,0.07379749
125,1.22928556169317,5,0.07367843
125,1.22928556169317,6,0.07407212
125,1.22928556169317,7,0.07419473
125,1.22928556169317,8,0.07421279
125,1.22928556169317,9,0.07423989
125,1.22928556169317,10,0.07438362
125,1.22928556169317,11,0.07391735
125,1.22928556169317,12,0.0740184
125,1.22928556169317,13,0.07401413
125,1.22928556169317,14,0.07397282
125,1.22928556169317,15,0.07395322
126,1.23966185491501,0,0.07425532
126,1.23966185491501,1,0.07421358
126,1.23966185491501,2,0.07443359
126,1.23966185491501,3,0.07440714
126,1.23966185491501,4,0.07439356
126,1.23966185491501,5,0.07442984
126,1.23966185491501,6,0.07443352
126,1.23966185491501,7,0.07428433
126,1.23966185491501,8,0.07440566
126,1.23966185491501,9,0.07418807
126,1.23966185491501,10,0.07425748
126,1.23966185491501,11,0.07441933
126,1.23966185491501,12,0.07434341
126,1.23966185491501,13,0.07473414
126,1.23966185491501,14,0.07429641
126,1.23966185491501,15,0.07437305
127,1.24942777794732,0,0.07406172
127,1.24942777794732,1,0.07420782
127,1.24942777794732,2,0.07423208
127,1.24942777794732,3,0.07431321
127,1.24942777794732,4,0.07422842
127,1.24942777794732,5,0.07426001
127,1.24942777794732,6,0.07433565
127,1.24942777794732,7,0.07419086
127,1.24942777794732,8,0.07447264
127,1.24942777794732,9,0.07412215
127,1.24942777794732,10,0.07437479
127,1.24942777794732,11,0.07421143
127,1.24942777794732,12,0.07436772
127,1.24942777794732,13,0.07413403
127,1.24942777794732,14,0.07424751
127,1.24942777794732,15,0.07428951
128,1.25980407116916,0,0.07408612
128,1.25980407116916,1,0.07422816
128,1.25980407116916,2,0.07406689
128,1.25980407116916,3,0.0742586
128,1.25980407116916,4,0.07432973
128,1.25980407116916,5,0.07436116
128,1.25980407116916,6,0.07412706
128,1.25980407116916,7,0.074038
128,1.25980407116916,8,0.07427709
128,1.25980407116916,9,0.07436872
128,1.25980407116916,10,0.07423171
128,1.25980407116916,11,0.0741697
128,1.25980407116916,12,0.073863
128,1.25980407116916,13,0.07409716
128,1.25980407116916,14,0.07424169
128,1.25980407116916,15,0.07412532
129,1.26895962401196,0,0.07397044
129,1.26895962401196,1,0.07406472
129,1.26895962401196,2,0.07417461
129,1.26895962401196,3,0.07451172
129,1.26895962401196,4,0.07409374
129,1.26895962401196,5,0.07401439
129,1.26895962401196,6,0.07404328
129,1.26895962401196,7,0.07418949
129,1.26895962401196,8,0.07429683
129,1.26895962401196,9,0.07421707
129,1.26895962401196,10,0.07397012
129,1.26895962401196,11,0.07442436
129,1.26895962401196,12,0.07417688
129,1.26895962401196,13,0.07414913
129,1.26895962401196,14,0.07408052
129,1.26895962401196,15,0.07404708
130,1.2793359172338,0,0.07421581
130,1.2793359172338,1,0.07417825
130,1.2793359172338,2,0.07429574
130,1.2793359172338,3,0.07425531
130,1.2793359172338,4,0.07386865
130,1.2793359172338,5,0.07439365
130,1.2793359172338,6,0.07429102
130,1.2793359172338,7,0.07414047
130,1.2793359172338,8,0.07463838
130,1.2793359172338,9,0.07442529
130,1.2793359172338,10,0.07467198
130,1.2793359172338,11,0.07432166
130,1.2793359172338,12,0.07424856
130,1.2793359172338,13,0.07434634
130,1.2793359172338,14,0.07449377
130,1.2793359172338,15,0.07453397
131,1.28910184026612,0,0.074384
131,1.28910184026612,1,0.07437263
131,1.28910184026612,2,0.07433434
131,1.28910184026612,3,0.07443116
131,1.28910184026612,4,0.07441347
131,1.28910184026612,5,0.07423768
131,1.28910184026612,6,0.07393357
131,1.28910184026612,7,0.07429075
131,1.28910184026612,8,0.07450131
131,1.28910184026612,9,0.07446651
131,1.28910184026612,10,0.07434284
131,1.28910184026612,11,0.07429276
131,1.28910184026612,12,0.07470298
131,1.28910184026612,13,0.07432891
131,1.28910184026612,14,0.0744045
131,1.28910184026612,15,0.07463712
132,1.30008850367748,0,0.07411385
132,1.30008850367748,1,0.07410223
132,1.30008850367748,2,0.07442915
132,1.30008850367748,3,0.07447525
132,1.30008850367748,4,0.07424174
132,1.30008850367748,5,0.07416842
132,1.30008850367748,6,0.07431099
132,1.30008850367748,7,0.07421317
132,1.30008850367748,8,0.07427846
132,1.30008850367748,9,0.07416414
132,1.30008850367748,10,0.07386976
132,1.30008850367748,11,0.07404106
132,1.30008850367748,12,0.07444564
132,1.30008850367748,13,0.07418099
132,1.30008850367748,14,0.07427391
132,1.30008850367748,15,0.07411185
133,1.30924405652028,0,0.07443089
133,1.30924405652028,1,0.07444689
133,1.30924405652028,2,0.07436819
133,1.30924405652028,3,0.07455427
133,1.30924405652028,4,0.07453448
133,1.30924405652028,5,0.07410609
133,1.30924405652028,6,0.07406996
133,1.30924405652028,7,0.0740549
133,1.30924405652028,8,0.07416933
133,1.30924405652028,9,0.07418691
133,1.30924405652028,10,0.07435129
133,1.30924405652028,11,0.07433525
133,1.30924405652028,12,0.07455636
133,1.30924405652028,13,0.07462549
133,1.30924405652028,14,0.07396416
133,1.30924405652028,15,0.07436201
134,1.31962034974212,0,0.07427786
134,1.31962034974212,1,0.07451839
134,1.31962034974212,2,0.07428954
134,1.31962034974212,3,0.07421173
134,1.31962034974212,4,0.07411375
134,1.31962034974212,5,0.07430132
134,1.31962034974212,6,0.07396626
134,1.31962034974212,7,0.07417407
134,1.31962034974212,8,0.0741633
134,1.31962034974212,9,0.0742131
134,1.31962034974212,10,0.07417645
134,1.31962034974212,11,0.07423571
134,1.31962034974212,12,0.07450015
134,1.31962034974212,13,0.07437587
134,1.31962034974212,14,0.07433748
134,1.31962034974212,15,0.07428785
135,1.32938627277444,0,0.07457245
135,1.32938627277444,1,0.07427514
135,1.32938627277444,2,0.07448059
135,1.32938627277444,3,0.07444545
135,1.32938627277444,4,0.07415352
135,1.32938627277444,5,0.07427649
135,1.32938627277444,6,0.07435378
135,1.32938627277444,7,0.07443195
135,1.32938627277444,8,0.07420808
135,1.32938627277444,9,0.07460305
135,1.32938627277444,10,0.07465661
135,1.32938627277444,11,0.07450956
135,1.32938627277444,12,0.0743439
135,1.32938627277444,13,0.07443153
135,1.32938627277444,14,0.07448734
135,1.32938627277444,15,0.07451642
136,1.33915219580676,0,0.0743496
136,1.33915219580676,1,0.07422435
136,1.33915219580676,2,0.07456114
136,1.33915219580676,3,0.0744582
136,1.33915219580676,4,0.07429821
136,1.33915219580676,5,0.07429989
136,1.33915219580676,6,0.07452738
136,1.33915219580676,7,0.07466369
136,1.33915219580676,8,0.07444973
136,1.33915219580676,9,0.07482113
136,1.33915219580676,10,0.07449719
136,1.33915219580676,11,0.07469881
136,1.33915219580676,12,0.07492351
136,1.33915219580676,13,0.07498584
136,1.33915219580676,14,0.07449544
136,1.33915219580676,15,0.07471489
137,1.35013885921812,0,0.07448991
137,1.35013885921812,1,0.07466678
137,1.35013885921812,2,0.07479507
137,1.35013885921812,3,0.07432155
137,1.35013885921812,4,0.07439825
137,1.35013885921812,5,0.07429662
137,1.35013885921812,6,0.07452716
137,1.35013885921812,7,0.07462597
137,1.35013885921812,8,0.07479205
137,1.35013885921812,9,0.07465492
137,1.35013885921812,10,0.0747539
137,1.35013885921812,11,0.07477573
137,1.35013885921812,12,0.07464689
137,1.35013885921812,13,0.07457823
137,1.35013885921812,14,0.07456073
137,1.35013885921812,15,0.07483721
138,1.35929441206092,0,0.07457602
138,1.35929441206092,1,0.07426768
138,1.35929441206092,2,0.07434533
138,1.35929441206092,3,0.07434838
138,1.35929441206092,4,0.07449957
138,1.35929441206092,5,0.07446101
138,1.35929441206092,6,0.07458209
138,1.35929441206092,7,0.07454003
138,1.35929441206092,8,0.07450505
138,1.35929441206092,9,0.07469209
138,1.35929441206092,10,0.07452927
138,1.35929441206092,11,0.07455845
138,1.35929441206092,12,0.07448948
138,1.35929441206092,13,0.07466189
138,1.35929441206092,14,0.07442182
138,1.35929441206092,15,0.07449386
139,1.36967070528275,0,0.07439356
139,1.36967070528275,1,0.07462582
139,1.36967070528275,2,0.07459265
139,1.36967070528275,3,0.07459019
139,1.36967070528275,4,0.07431173
139,1.36967070528275,5,0.07432589
139,1.36967070528275,6,0.07459334
139,1.36967070528275,7,0.07457945
139,1.36967070528275,8,0.07445986
139,1.36967070528275,9,0.07467251
139,1.36967070528275,10,0.07482195
139,1.36967070528275,11,0.07440887
139,1.36967070528275,12,0.0745424
139,1.36967070528275,13,0.07453296
139,1.36967070528275,14,0.07455734
139,1.36967070528275,15,0.07467278
140,1.38065736869411,0,0.07470965
140,1.38065736869411,1,0.07460911
140,1.38065736869411,2,0.0749004
140,1.38065736869411,3,0.07481805
140,1.38065736869411,4,0.07486305
140,1.38065736869411,5,0.07461292
140,1.38065736869411,6,0.07490139
140,1.38065736869411,7,0.0748127
140,1.38065736869411,8,0.07463115
140,1.38065736869411,9,0.0745544
140,1.38065736869411,10,0.07449365
140,1.38065736869411,11,0.0745561
140,1.38065736869411,12,0.07451627
140,1.38065736869411,13,0.07479006
140,1.38065736869411,14,0.07476266
140,1.38065736869411,15,0.07431805
141,1.38981292153691,0,0.07461791
141,1.38981292153691,1,0.07442968
141,1.38981292153691,2,0.07433867
141,1.38981292153691,3,0.07417671
141,1.38981292153691,4,0.07471462
141,1.38981292153691,5,0.07433898
141,1.38981292153691,6,0.07438399
141,1.38981292153691,7,0.07441917
141,1.38981292153691,8,0.07432795
141,1.38981292153691,9,0.07439656
141,1.38981292153691,10,0.07448747
141,1.38981292153691,11,0.07467727
141,1.38981292153691,12,0.07452519
141,1.38981292153691,13,0.07467691
141,1.38981292153691,14,0.07462951
141,1.38981292153691,15,0.0744833
142,1.39957884456923,0,0.0740978
142,1.39957884456923,1,0.07418384
142,1.39957884456923,2,0.07443248
142,1.39957884456923,3,0.07434306
142,1.39957884456923,4,0.07433456
142,1.39957884456923,5,0.07427829
142,1.39957884456923,6,0.07407551
142,1.39957884456923,7,0.07445124
142,1.39957884456923,8,0.07442493
142,1.39957884456923,9,0.07464076
142,1.39957884456923,10,0.07428893
142,1.39957884456923,11,0.0738181
142,1.39957884456923,12,0.07413673
142,1.39957884456923,13,0.07422314
142,1.39957884456923,14,0.07440244
142,1.39957884456923,15,0.07448976
143,1.41056550798059,0,0.07447686
143,1.41056550798059,1,0.07456037
143,1.41056550798059,2,0.07433618
143,1.41056550798059,3,0.07417497
143,1.41056550798059,4,0.07443559
143,1.41056550798059,5,0.07438763
143,1.41056550798059,6,0.07451648
143,1.41056550798059,7,0.07448932
143,1.41056550798059,8,0.07428579
143,1.41056550798059,9,0.07423592
143,1.41056550798059,10,0.07439746
143,1.41056550798059,11,0.07426672
143,1.41056550798059,12,0.07465719
143,1.41056550798059,13,0.07427453
143,1.41056550798059,14,0.07413001
143,1.41056550798059,15,0.07441938
144,1.41972106082339,0,0.07450213
144,1.41972106082339,1,0.0742186
144,1.41972106082339,2,0.07456876
144,1.41972106082339,3,0.07462712
144,1.41972106082339,4,0.07476748
144,1.41972106082339,5,0.07461893
144,1.41972106082339,6,0.07446188
144,1.41972106082339,7,0.07483464
144,1.41972106082339,8,0.07478163
144,1.41972106082339,9,0.07473062
144,1.41972106082339,10,0.07468397
144,1.41972106082339,11,0.07467081
144,1.41972106082339,12,0.074591
144,1.41972106082339,13,0.07477619
144,1.41972106082339,14,0.07443454
144,1.41972106082339,15,0.07471734
145,1.43009735404523,0,0.07442413
145,1.43009735404523,1,0.07459608
145,1.43009735404523,2,0.0749407
145,1.43009735404523,3,0.07475111
145,1.43009735404523,4,0.07477695
145,1.43009735404523,5,0.07463461
145,1.43009735404523,6,0.07502838
145,1.43009735404523,7,0.0745348
145,1.43009735404523,8,0.07465281
145,1.43009735404523,9,0.07509986
145,1.43009735404523,10,0.07472449
145,1.43009735404523,11,0.07483763
145,1.43009735404523,12,0.07503945
145,1.43009735404523,13,0.07483082
145,1.43009735404523,14,0.07467721
145,1.43009735404523,15,0.07481509
146,1.43986327707755,0,0.07439899
146,1.43986327707755,1,0.07429423
146,1.43986327707755,2,0.07460818
146,1.43986327707755,3,0.07423921
146,1.43986327707755,4,0.07445632
146,1.43986327707755,5,0.07471482
146,1.43986327707755,6,0.07453437
146,1.43986327707755,7,0.07463812
146,1.43986327707755,8,0.07457559
146,1.43986327707755,9,0.07464895
146,1.43986327707755,10,0.07457031
146,1.43986327707755,11,0.07476471
146,1.43986327707755,12,0.07468959
146,1.43986327707755,13,0.07467955
146,1.43986327707755,14,0.07482444
146,1.43986327707755,15,0.07491586
147,1.44962920010987,0,0.07508078
147,1.44962920010987,1,0.0748746
147,1.44962920010987,2,0.07476144
147,1.44962920010987,3,0.07488463
147,1.44962920010987,4,0.07490697
147,1.44962920010987,5,0.07494348
147,1.44962920010987,6,0.07502748
147,1.44962920010987,7,0.07481675
147,1.44962920010987,8,0.07493639
147,1.44962920010987,9,0.07497469
147,1.44962920010987,10,0.07488863
147,1.44962920010987,11,0.07476676
147,1.44962920010987,12,0.07476047
147,1.44962920010987,13,0.07487197
147,1.44962920010987,14,0.07478803
147,1.44962920010987,15,0.07458546
148,1.45939512314219,0,0.07465746
148,1.45939512314219,1,0.07496893
148,1.45939512314219,2,0.07476235
148,1.45939512314219,3,0.07491297
148,1.45939512314219,4,0.07468039
148,1.45939512314219,5,0.07486431
148,1.45939512314219,6,0.07498334
148,1.45939512314219,7,0.07483449
148,1.45939512314219,8,0.07487225
148,1.45939512314219,9,0.07496536
148,1.45939512314219,10,0.07475819
148,1.45939512314219,11,0.07476896
148,1.45939512314219,12,0.07459769
148,1.45939512314219,13,0.07483657
148,1.45939512314219,14,0.07449803
148,1.45939512314219,15,0.07466079
149,1.4691610461745,0,0.07465831
149,1.4691610461745,1,0.07505079
149,1.4691610461745,2,0.07509594
149,1.4691610461745,3,0.07493037
149,1.4691610461745,4,0.07476397
149,1.4691610461745,5,0.07489566
149,1.4691610461745,6,0.0751417
149,1.4691610461745,7,0.07495878
149,1.4691610461745,8,0.07516082
149,1.4691610461745,9,0.07503151
149,1.4691610461745,10,0.07506365
149,1.4691610461745,11,0.07530185
149,1.4691610461745,12,0.07514222
149,1.4691610461745,13,0.0752569
149,1.4691610461745,14,0.07518059
149,1.4691610461745,15,0.07504587
150,1.47953733939634,0,0.07502598
150,1.47953733939634,1,0.07496864
150,1.47953733939634,2,0.07507415
150,1.47953733939634,3,0.07503477
150,1.47953733939634,4,0.07484327
150,1.47953733939634,5,0.07482593
150,1.47953733939634,6,0.07493895
150,1.47953733939634,7,0.07473933
150,1.47953733939634,8,0.07480451
150,1.47953733939634,9,0.07480558
150,1.47953733939634,10,0.07482704
150,1.47953733939634,11,0.07474964
150,1.47953733939634,12,0.07450993
150,1.47953733939634,13,0.07483086
150,1.47953733939634,14,0.07474747
150,1.47953733939634,15,0.07481313
151,1.48930326242866,0,0.0749417
151,1.48930326242866,1,0.07494418
151,1.48930326242866,2,0.07505647
151,1.48930326242866,3,0.07499567
151,1.48930326242866,4,0.07511698
151,1.48930326242866,5,0.07508426
151,1.48930326242866,6,0.07476935
151,1.48930326242866,7,0.07504704
151,1.48930326242866,8,0.07499295
151,1.48930326242866,9,0.07478356
151,1.48930326242866,10,0.0751036
151,1.48930326242866,11,0.07498942
151,1.48930326242866,12,0.07479037
151,1.48930326242866,13,0.07473691
151,1.48930326242866,14,0.07495003
151,1.48930326242866,15,0.07487907
152,1.4996795556505,0,0.07478144
152,1.4996795556505,1,0.0746583
152,1.4996795556505,2,0.0747772
152,1.4996795556505,3,0.07478164
152,1.4996795556505,4,0.07479068
152,1.4996795556505,5,0.07505182
152,1.4996795556505,6,0.074788
152,1.4996795556505,7,0.07491386
152,1.4996795556505,8,0.07463522
152,1.4996795556505,9,0.07467515
152,1.4996795556505,10,0.07482338
152,1.4996795556505,11,0.07498223
152,1.4996795556505,12,0.07487268
152,1.4996795556505,13,0.07492126
152,1.4996795556505,14,0.07499605
152,1.4996795556505,15,0.0749701
153,1.51005584887234,0,0.07506409
153,1.51005584887234,1,0.07516364
153,1.51005584887234,2,0.07504134
153,1.51005584887234,3,0.07522819
153,1.51005584887234,4,0.07508039
153,1.51005584887234,5,0.07515808
153,1.51005584887234,6,0.07496706
153,1.51005584887234,7,0.07494786
153,1.51005584887234,8,0.07498769
153,1.51005584887234,9,0.07511188
153,1.51005584887234,10,0.07537444
153,1.51005584887234,11,0.07528147
153,1.51005584887234,12,0.07480066
153,1.51005584887234,13,0.07505946
153,1.51005584887234,14,0.07508627
153,1.51005584887234,15,0.07533026
154,1.51982177190466,0,0.07471862
154,1.51982177190466,1,0.07490975
154,1.51982177190466,2,0.07489116
154,1.51982177190466,3,0.07509401
154,1.51982177190466,4,0.07484412
154,1.51982177190466,5,0.07494041
154,1.51982177190466,6,0.07487231
154,1.51982177190466,7,0.07490984
154,1.51982177190466,8,0.07512069
154,1.51982177190466,9,0.07489618
154,1.51982177190466,10,0.07501714
154,1.51982177190466,11,0.07472345
154,1.51982177190466,12,0.07489169
154,1.51982177190466,13,0.07494883
154,1.51982177190466,14,0.07506458
154,1.51982177190466,15,0.07510798
155,1.52897732474746,0,0.07505956
155,1.52897732474746,1,0.07537854
155,1.52897732474746,2,0.07521692
155,1.52897732474746,3,0.07519362
155,1.52897732474746,4,0.0750512
155,1.52897732474746,5,0.07533149
155,1.52897732474746,6,0.07536479
155,1.52897732474746,7,0.0753672
155,1.52897732474746,8,0.07511287
155,1.52897732474746,9,0.07496575
155,1.52897732474746,10,0.07515983
155,1.52897732474746,11,0.07525683
155,1.52897732474746,12,0.0753781
155,1.52897732474746,13,0.07513997
155,1.52897732474746,14,0.07505209
155,1.52897732474746,15,0.07533291
156,1.5393536179693,0,0.07528774
156,1.5393536179693,1,0.07507785
156,1.5393536179693,2,0.07505755
156,1.5393536179693,3,0.07512902
156,1.5393536179693,4,0.07510833
156,1.5393536179693,5,0.07542958
156,1.5393536179693,6,0.07509258
156,1.5393536179693,7,0.0749673
156,1.5393536179693,8,0.07532499
156,1.5393536179693,9,0.07518645
156,1.5393536179693,10,0.07538132
156,1.5393536179693,11,0.07537766
156,1.5393536179693,12,0.07532056
156,1.5393536179693,13,0.07537886
156,1.5393536179693,14,0.0752573
156,1.5393536179693,15,0.07528584
157,1.54911954100162,0,0.07520185
157,1.54911954100162,1,0.07527968
157,1.54911954100162,2,0.07503444
157,1.54911954100162,3,0.07548431
157,1.54911954100162,4,0.07532094
157,1.54911954100162,5,0.07534427
157,1.54911954100162,6,0.0751003
157,1.54911954100162,7,0.07505865
157,1.54911954100162,8,0.07554554
157,1.54911954100162,9,0.07517754
157,1.54911954100162,10,0.07495596
157,1.54911954100162,11,0.07515317
157,1.54911954100162,12,0.07514597
157,1.54911954100162,13,0.0752259
157,1.54911954100162,14,0.07519308
157,1.54911954100162,15,0.07532157
158,1.55949583422346,0,0.07517984
158,1.55949583422346,1,0.0749318
158,1.55949583422346,2,0.07490128
158,1.55949583422346,3,0.07513975
158,1.55949583422346,4,0.07453328
158,1.55949583422346,5,0.07494323
158,1.55949583422346,6,0.07493045
158,1.55949583422346,7,0.07483425
158,1.55949583422346,8,0.07503536
158,1.55949583422346,9,0.07523482
158,1.55949583422346,10,0.07527635
158,1.55949583422346,11,0.07499596
158,1.55949583422346,12,0.07497656
158,1.55949583422346,13,0.07518564
158,1.55949583422346,14,0.07531954
158,1.55949583422346,15,0.0751911
159,1.56926175725578,0,0.07508836
159,1.56926175725578,1,0.07518469
159,1.56926175725578,2,0.07487816
159,1.56926175725578,3,0.07514649
159,1.56926175725578,4,0.07515616
159,1.56926175725578,5,0.07512411
159,1.56926175725578,6,0.07493358
159,1.56926175725578,7,0.07478904
159,1.56926175725578,8,0.07451589
159,1.56926175725578,9,0.0747931
159,1.56926175725578,10,0.07495517
159,1.56926175725578,11,0.07490192
159,1.56926175725578,12,0.0749172
159,1.56926175725578,13,0.07517584
159,1.56926175725578,14,0.07505257
159,1.56926175725578,15,0.07508788
160,1.57963805047761,0,0.07500587
160,1.57963805047761,1,0.07524695
160,1.57963805047761,2,0.07521663
160,1.57963805047761,3,0.07521859
160,1.57963805047761,4,0.07534751
160,1.57963805047761,5,0.07545663
160,1.57963805047761,6,0.07504381
160,1.57963805047761,7,0.0747574
160,1.57963805047761,8,0.07528079
160,1.57963805047761,9,0.07507571
160,1.57963805047761,10,0.07520337
160,1.57963805047761,11,0.07510627
160,1.57963805047761,12,0.074975
160,1.57963805047761,13,0.07480494
160,1.57963805047761,14,0.07507085
160,1.57963805047761,15,0.07488631
161,1.58940397350993,0,0.07520704
161,1.58940397350993,1,0.07508236
161,1.58940397350993,2,0.07511976
161,1.58940397350993,3,0.07511713
161,1.58940397350993,4,0.0749604
161,1.58940397350993,5,0.07514537
161,1.58940397350993,6,0.07523464
161,1.58940397350993,7,0.07522566
161,1.58940397350993,8,0.07510666
161,1.58940397350993,9,0.07547008
161,1.58940397350993,10,0.07514877
161,1.58940397350993,11,0.07487386
161,1.58940397350993,12,0.07496853
161,1.58940397350993,13,0.07508183
161,1.58940397350993,14,0.07496381
161,1.58940397350993,15,0.07513864
162,1.60039063692129,0,0.07518759
162,1.60039063692129,1,0.07474601
162,1.60039063692129,2,0.07506845
162,1.60039063692129,3,0.07513553
162,1.60039063692129,4,0.07491884
162,1.60039063692129,5,0.07497076
162,1.60039063692129,6,0.074854
162,1.60039063692129,7,0.07492414
162,1.60039063692129,8,0.07492828
162,1.60039063692129,9,0.07507963
162,1.60039063692129,10,0.07476992
162,1.60039063692129,11,0.07495116
162,1.60039063692129,12,0.07486872
162,1.60039063692129,13,0.0745376
162,1.60039063692129,14,0.07469843
162,1.60039063692129,15,0.07491704
163,1.60954618976409,0,0.07473177
163,1.60954618976409,1,0.0746546
163,1.60954618976409,2,0.07478904
163,1.60954618976409,3,0.07460944
163,1.60954618976409,4,0.07499696
163,1.60954618976409,5,0.07500413
163,1.60954618976409,6,0.07478127
163,1.60954618976409,7,0.07471174
163,1.60954618976409,8,0.0748079
163,1.60954618976409,9,0.07470154
163,1.60954618976409,10,0.07472068
163,1.60954618976409,11,0.07470089
163,1.60954618976409,12,0.07474226
163,1.60954618976409,13,0.07472074
163,1.60954618976409,14,0.07480785
163,1.60954618976409,15,0.07469428
164,1.61992248298593,0,0.07455945
164,1.61992248298593,1,0.07497525
164,1.61992248298593,2,0.07476422
164,1.61992248298593,3,0.07491181
164,1.61992248298593,4,0.07508004
164,1.61992248298593,5,0.07465392
164,1.61992248298593,6,0.07478856
164,1.61992248298593,7,0.07509089
164,1.61992248298593,8,0.07492751
164,1.61992248298593,9,0.07489258
164,1.61992248298593,10,0.07504547
164,1.61992248298593,11,0.07481884
164,1.61992248298593,12,0.07474516
164,1.61992248298593,13,0.07486009
164,1.61992248298593,14,0.07481482
164,1.61992248298593,15,0.07483929
165,1.62968840601825,0,0.07485534
165,1.62968840601825,1,0.07455589
165,1.62968840601825,2,0.07468992
165,1.62968840601825,3,0.07494138
165,1.62968840601825,4,0.07455012
165,1.62968840601825,5,0.07447147
165,1.62968840601825,6,0.07458652
165,1.62968840601825,7,0.07525214
165,1.62968840601825,8,0.07484329
165,1.62968840601825,9,0.07472523
165,1.62968840601825,10,0.07445092
165,1.62968840601825,11,0.07465968
165,1.62968840601825,12,0.07481836
165,1.62968840601825,13,0.07482143
165,1.62968840601825,14,0.07463812
165,1.62968840601825,15,0.07492029
166,1.64006469924009,0,0.07475666
166,1.64006469924009,1,0.07467864
166,1.64006469924009,2,0.07480691
166,1.64006469924009,3,0.07464898
166,1.64006469924009,4,0.07514501
166,1.64006469924009,5,0.07515343
166,1.64006469924009,6,0.07492161
166,1.64006469924009,7,0.07489176
166,1.64006469924009,8,0.07517362
166,1.64006469924009,9,0.07487616
166,1.64006469924009,10,0.07493164
166,1.64006469924009,11,0.07482627
166,1.64006469924009,12,0.0749934
166,1.64006469924009,13,0.07497271
166,1.64006469924009,14,0.07480684
166,1.64006469924009,15,0.07498462
167,1.64983062227241,0,0.07480324
167,1.64983062227241,1,0.07457785
167,1.64983062227241,2,0.07471218
167,1.64983062227241,3,0.0747178
167,1.64983062227241,4,0.07493378
167,1.64983062227241,5,0.07476653
167,1.64983062227241,6,0.07485043
167,1.64983062227241,7,0.07470769
167,1.64983062227241,8,0.07479912
167,1.64983062227241,9,0.07478983
167,1.64983062227241,10,0.07456515
167,1.64983062227241,11,0.07494629
167,1.64983062227241,12,0.07484834
167,1.64983062227241,13,0.07459613
167,1.64983062227241,14,0.07479548
167,1.64983062227241,15,0.07478947
168,1.65959654530473,0,0.07500985
168,1.65959654530473,1,0.0749471
168,1.65959654530473,2,0.07492632
168,1.65959654530473,3,0.07493879
168,1.65959654530473,4,0.07468821
168,1.65959654530473,5,0.07492758
168,1.65959654530473,6,0.07476221
168,1.65959654530473,7,0.07497759
168,1.65959654530473,8,0.07506282
168,1.65959654530473,9,0.07520209
168,1.65959654530473,10,0.07501148
168,1.65959654530473,11,0.07473958
168,1.65959654530473,12,0.07489151
168,1.65959654530473,13,0.07488919
168,1.65959654530473,14,0.07494113
168,1.65959654530473,15,0.07471898
169,1.67058320871609,0,0.07485063
169,1.67058320871609,1,0.07479759
169,1.67058320871609,2,0.07497551
169,1.67058320871609,3,0.07501096
169,1.67058320871609,4,0.07484259
169,1.67058320871609,5,0.07486135
169,1.67058320871609,6,0.07475081
169,1.67058320871609,7,0.07500179
169,1.67058320871609,8,0.07491928
169,1.67058320871609,9,0.07468054
169,1.67058320871609,10,0.07488068
169,1.67058320871609,11,0.07474266
169,1.67058320871609,12,0.07487287
169,1.67058320871609,13,0.07472296
169,1.67058320871609,14,0.07478223
169,1.67058320871609,15,0.07480991
170,1.67973876155889,0,0.07479712
170,1.67973876155889,1,0.07476025
170,1.67973876155889,2,0.07495522
170,1.67973876155889,3,0.07493097
170,1.67973876155889,4,0.07481071
170,1.67973876155889,5,0.07453954
170,1.67973876155889,6,0.07488123
170,1.67973876155889,7,0.07510384
170,1.67973876155889,8,0.07478969
170,1.67973876155889,9,0.07481862
170,1.67973876155889,10,0.07487605
170,1.67973876155889,11,0.07464039
170,1.67973876155889,12,0.07453422
170,1.67973876155889,13,0.07480849
170,1.67973876155889,14,0.07488611
170,1.67973876155889,15,0.07485649
171,1.69072542497024,0,0.07487023
171,1.69072542497024,1,0.07477947
171,1.69072542497024,2,0.07468821
171,1.69072542497024,3,0.07447147
171,1.69072542497024,4,0.07485101
171,1.69072542497024,5,0.07485407
171,1.69072542497024,6,0.07486384
171,1.69072542497024,7,0.07483543
171,1.69072542497024,8,0.07487515
171,1.69072542497024,9,0.07501541
171,1.69072542497024,10,0.07462842
171,1.69072542497024,11,0.07482343
171,1.69072542497024,12,0.07497713
171,1.69072542497024,13,0.07478455
171,1.69072542497024,14,0.07502447
171,1.69072542497024,15,0.07498322
172,1.69927060762352,0,0.0746481
172,1.69927060762352,1,0.07480445
172,1.69927060762352,2,0.0747931
172,1.69927060762352,3,0.0747024
172,1.69927060762352,4,0.07450902
172,1.69927060762352,5,0.07479554
172,1.69927060762352,6,0.07474747
172,1.69927060762352,7,0.07459702
172,1.69927060762352,8,0.07464883
172,1.69927060762352,9,0.07462221
172,1.69927060762352,10,0.07468671
172,1.69927060762352,11,0.07503171
172,1.69927060762352,12,0.07488275
172,1.69927060762352,13,0.07489078
172,1.69927060762352,14,0.07508554
172,1.69927060762352,15,0.07496718
173,1.70964690084536,0,0.07477007
173,1.70964690084536,1,0.07524247
173,1.70964690084536,2,0.07516236
173,1.70964690084536,3,0.07508168
173,1.70964690084536,4,0.07498228
173,1.70964690084536,5,0.07502048
173,1.70964690084536,6,0.07481281
173,1.70964690084536,7,0.07492697
173,1.70964690084536,8,0.0747286
173,1.70964690084536,9,0.07489128
173,1.70964690084536,10,0.07489105
173,1.70964690084536,11,0.07497133
173,1.70964690084536,12,0.07473331
173,1.70964690084536,13,0.0750358
173,1.70964690084536,14,0.07484921
173,1.70964690084536,15,0.07475449
174,1.7200231940672,0,0.07470423
174,1.7200231940672,1,0.07468365
174,1.7200231940672,2,0.0748572
174,1.7200231940672,3,0.07470758
174,1.7200231940672,4,0.07463199
174,1.7200231940672,5,0.07493088
174,1.7200231940672,6,0.07483252
174,1.7200231940672,7,0.07504213
174,1.7200231940672,8,0.07481717
174,1.7200231940672,9,0.07490954
174,1.7200231940672,10,0.07482642
174,1.7200231940672,11,0.07461203
174,1.7200231940672,12,0.07467938
174,1.7200231940672,13,0.07473157
174,1.7200231940672,14,0.0749374
174,1.7200231940672,15,0.0748708
175,1.72978911709952,0,0.07479401
175,1.72978911709952,1,0.07527305
175,1.72978911709952,2,0.07486843
175,1.72978911709952,3,0.07510978
175,1.72978911709952,4,0.07492855
175,1.72978911709952,5,0.07466235
175,1.72978911709952,6,0.07489794
175,1.72978911709952,7,0.07487331
175,1.72978911709952,8,0.07477165
175,1.72978911709952,9,0.07500328
175,1.72978911709952,10,0.07512505
175,1.72978911709952,11,0.07500359
175,1.72978911709952,12,0.07527771
175,1.72978911709952,13,0.07488737
175,1.72978911709952,14,0.07501414
175,1.72978911709952,15,0.07497053
176,1.73894466994232,0,0.07504389
176,1.73894466994232,1,0.0748867
176,1.73894466994232,2,0.07488602
176,1.73894466994232,3,0.07494269
176,1.73894466994232,4,0.07507318
176,1.73894466994232,5,0.07498113
176,1.73894466994232,6,0.07504006
176,1.73894466994232,7,0.07491462
176,1.73894466994232,8,0.07499344
176,1.73894466994232,9,0.07483605
176,1.73894466994232,10,0.07466109
176,1.73894466994232,11,0.07490382
176,1.73894466994232,12,0.07467535
176,1.73894466994232,13,0.07491983
176,1.73894466994232,14,0.07509772
176,1.73894466994232,15,0.07484253
177,1.74993133335368,0,0.07519417
177,1.74993133335368,1,0.07506097
177,1.74993133335368,2,0.07486429
177,1.74993133335368,3,0.0751149
177,1.74993133335368,4,0.07478028
177,1.74993133335368,5,0.07481364
177,1.74993133335368,6,0.07484303
177,1.74993133335368,7,0.07511168
177,1.74993133335368,8,0.07497433
177,1.74993133335368,9,0.07508367
177,1.74993133335368,10,0.07520724
177,1.74993133335368,11,0.07506051
177,1.74993133335368,12,0.0749541
177,1.74993133335368,13,0.07469459
177,1.74993133335368,14,0.07484419
177,1.74993133335368,15,0.07465101
178,1.75908688619648,0,0.07491388
178,1.75908688619648,1,0.07486754
178,1.75908688619648,2,0.07509731
178,1.75908688619648,3,0.07494667
178,1.75908688619648,4,0.07475486
178,1.75908688619648,5,0.07504296
178,1.75908688619648,6,0.07498328
178,1.75908688619648,7,0.07500961
178,1.75908688619648,8,0.07514608
178,1.75908688619648,9,0.07522007
178,1.75908688619648,10,0.07536039
178,1.75908688619648,11,0.07510496
178,1.75908688619648,12,0.07493936
178,1.75908688619648,13,0.07521839
178,1.75908688619648,14,0.0749862
178,1.75908688619648,15,0.07490646
179,1.77007354960784,0,0.0750524
179,1.77007354960784,1,0.07503142
179,1.77007354960784,2,0.07494301
179,1.77007354960784,3,0.0749697
179,1.77007354960784,4,0.0749978
179,1.77007354960784,5,0.0750045
179,1.77007354960784,6,0.0750234
179,1.77007354960784,7,0.07496013
179,1.77007354960784,8,0.07527553
179,1.77007354960784,9,0.07493799
179,1.77007354960784,10,0.07506499
179,1.77007354960784,11,0.0751344
179,1.77007354960784,12,0.07510985
179,1.77007354960784,13,0.07502024
179,1.77007354960784,14,0.07522071
179,1.77007354960784,15,0.0754566
180,1.77922910245064,0,0.07486209
180,1.77922910245064,1,0.07527655
180,1.77922910245064,2,0.07531902
180,1.77922910245064,3,0.07511184
180,1.77922910245064,4,0.07517679
180,1.77922910245064,5,0.07547415
180,1.77922910245064,6,0.07556966
180,1.77922910245064,7,0.07493816
180,1.77922910245064,8,0.07520518
180,1.77922910245064,9,0.07523859
180,1.77922910245064,10,0.07509191
180,1.77922910245064,11,0.07488184
180,1.77922910245064,12,0.07535139
180,1.77922910245064,13,0.07504281
180,1.77922910245064,14,0.07522243
180,1.77922910245064,15,0.07492869
181,1.78960539567248,0,0.07514724
181,1.78960539567248,1,0.07488226
181,1.78960539567248,2,0.07487349
181,1.78960539567248,3,0.07487029
181,1.78960539567248,4,0.07501398
181,1.78960539567248,5,0.07508475
181,1.78960539567248,6,0.07499426
181,1.78960539567248,7,0.07503864
181,1.78960539567248,8,0.0746967
181,1.78960539567248,9,0.07516159
181,1.78960539567248,10,0.07497131
181,1.78960539567248,11,0.07510186
181,1.78960539567248,12,0.07502007
181,1.78960539567248,13,0.07486204
181,1.78960539567248,14,0.0748812
181,1.78960539567248,15,0.07463449
182,1.79998168889431,0,0.07521984
182,1.79998168889431,1,0.07481353
182,1.79998168889431,2,0.07468
182,1.79998168889431,3,0.07487388
182,1.79998168889431,4,0.07497781
182,1.79998168889431,5,0.07501227
182,1.79998168889431,6,0.07514422
182,1.79998168889431,7,0.07487952
182,1.79998168889431,8,0.07483968
182,1.79998168889431,9,0.07489943
182,1.79998168889431,10,0.07502171
182,1.79998168889431,11,0.07485358
182,1.79998168889431,12,0.07491788
182,1.79998168889431,13,0.07496988
182,1.79998168889431,14,0.07491838
182,1.79998168889431,15,0.07495143
183,1.80913724173711,0,0.07511423
183,1.80913724173711,1,0.07520226
183,1.80913724173711,2,0.07507122
183,1.80913724173711,3,0.07509471
183,1.80913724173711,4,0.07518064
183,1.80913724173711,5,0.07507437
183,1.80913724173711,6,0.07526489
183,1.80913724173711,7,0.07512197
183,1.80913724173711,8,0.07521448
183,1.80913724173711,9,0.0752381
183,1.80913724173711,10,0.07508209
183,1.80913724173711,11,0.0746481
183,1.80913724173711,12,0.07511412
183,1.80913724173711,13,0.07490742
183,1.80913724173711,14,0.074636
183,1.80913724173711,15,0.07487482
184,1.82073427533799,0,0.0749717
184,1.82073427533799,1,0.07480461
184,1.82073427533799,2,0.07436951
184,1.82073427533799,3,0.07474463
184,1.82073427533799,4,0.07478745
184,1.82073427533799,5,0.07491608
184,1.82073427533799,6,0.07473272
184,1.82073427533799,7,0.07496957
184,1.82073427533799,8,0.07516477
184,1.82073427533799,9,0.07494041
184,1.82073427533799,10,0.07503355
184,1.82073427533799,11,0.07499821
184,1.82073427533799,12,0.07500318
184,1.82073427533799,13,0.07495258
184,1.82073427533799,14,0.07466052
184,1.82073427533799,15,0.07496004
185,1.82988982818079,0,0.07471561
185,1.82988982818079,1,0.07481425
185,1.82988982818079,2,0.07466959
185,1.82988982818079,3,0.07453797
185,1.82988982818079,4,0.07456248
185,1.82988982818079,5,0.07482454
185,1.82988982818079,6,0.0748593
185,1.82988982818079,7,0.07466774
185,1.82988982818079,8,0.07466727
185,1.82988982818079,9,0.07462303
185,1.82988982818079,10,0.07479157
185,1.82988982818079,11,0.07492439
185,1.82988982818079,12,0.0751505
185,1.82988982818079,13,0.07517257
185,1.82988982818079,14,0.07514728
185,1.82988982818079,15,0.07495227
186,1.83965575121311,0,0.07524622
186,1.83965575121311,1,0.07491872
186,1.83965575121311,2,0.07492025
186,1.83965575121311,3,0.07484142
186,1.83965575121311,4,0.07473859
186,1.83965575121311,5,0.07485916
186,1.83965575121311,6,0.07486599
186,1.83965575121311,7,0.0747444
186,1.83965575121311,8,0.0747695
186,1.83965575121311,9,0.07482094
186,1.83965575121311,10,0.07517634
186,1.83965575121311,11,0.07513137
186,1.83965575121311,12,0.07491703
186,1.83965575121311,13,0.07473093
186,1.83965575121311,14,0.07510393
186,1.83965575121311,15,0.07525045
187,1.85003204443495,0,0.07493133
187,1.85003204443495,1,0.07521792
187,1.85003204443495,2,0.07488319
187,1.85003204443495,3,0.07470504
187,1.85003204443495,4,0.07486525
187,1.85003204443495,5,0.07489551
187,1.85003204443495,6,0.07514267
187,1.85003204443495,7,0.07502186
187,1.85003204443495,8,0.07496207
187,1.85003204443495,9,0.07479781
187,1.85003204443495,10,0.07454325
187,1.85003204443495,11,0.07468498
187,1.85003204443495,12,0.0749853
187,1.85003204443495,13,0.07500465
187,1.85003204443495,14,0.07512491
187,1.85003204443495,15,0.07507744
188,1.85979796746727,0,0.07501183
188,1.85979796746727,1,0.07524981
188,1.85979796746727,2,0.07538176
188,1.85979796746727,3,0.07529918
188,1.85979796746727,4,0.07512202
188,1.85979796746727,5,0.07471699
188,1.85979796746727,6,0.07495876
188,1.85979796746727,7,0.07511982
188,1.85979796746727,8,0.07508229
188,1.85979796746727,9,0.07509573
188,1.85979796746727,10,0.07527309
188,1.85979796746727,11,0.07528522
188,1.85979796746727,12,0.07506616
188,1.85979796746727,13,0.07485725
188,1.85979796746727,14,0.07524977
188,1.85979796746727,15,0.07513967
189,1.86895352031007,0,0.0750007
189,1.86895352031007,1,0.0749538
189,1.86895352031007,2,0.07493745
189,1.86895352031007,3,0.07522757
189,1.86895352031007,4,0.07495641
189,1.86895352031007,5,0.07515546
189,1.86895352031007,6,0.07501712
189,1.86895352031007,7,0.07499015
189,1.86895352031007,8,0.07490007
189,1.86895352031007,9,0.07498457
189,1.86895352031007,10,0.07466221
189,1.86895352031007,11,0.0750007
189,1.86895352031007,12,0.07495083
189,1.86895352031007,13,0.07482875
189,1.86895352031007,14,0.07473193
189,1.86895352031007,15,0.07486387
190,1.87994018372143,0,0.07495099
190,1.87994018372143,1,0.07492983
190,1.87994018372143,2,0.07487889
190,1.87994018372143,3,0.07529411
190,1.87994018372143,4,0.07484819
190,1.87994018372143,5,0.07520075
190,1.87994018372143,6,0.07509739
190,1.87994018372143,7,0.07527375
190,1.87994018372143,8,0.07504234
190,1.87994018372143,9,0.0752947
190,1.87994018372143,10,0.07500667
190,1.87994018372143,11,0.07490749
190,1.87994018372143,12,0.07483138
190,1.87994018372143,13,0.0749109
190,1.87994018372143,14,0.07504293
190,1.87994018372143,15,0.07476147
191,1.88909573656423,0,0.07476078
191,1.88909573656423,1,0.07518036
191,1.88909573656423,2,0.07517765
191,1.88909573656423,3,0.07497897
191,1.88909573656423,4,0.07498282
191,1.88909573656423,5,0.07465946
191,1.88909573656423,6,0.07481719
191,1.88909573656423,7,0.07505038
191,1.88909573656423,8,0.07511222
191,1.88909573656423,9,0.07503134
191,1.88909573656423,10,0.07484947
191,1.88909573656423,11,0.07476526
191,1.88909573656423,12,0.07459337
191,1.88909573656423,13,0.07495026
191,1.88909573656423,14,0.07474311
191,1.88909573656423,15,0.07483299
192,1.90008239997558,0,0.07475454
192,1.90008239997558,1,0.07497747
192,1.90008239997558,2,0.07495357
192,1.90008239997558,3,0.07503345
192,1.90008239997558,4,0.07489765
192,1.90008239997558,5,0.07491838
192,1.90008239997558,6,0.07478455
192,1.90008239997558,7,0.07512609
192,1.90008239997558,8,0.07495595
192,1.90008239997558,9,0.07479332
192,1.90008239997558,10,0.07484787
192,1.90008239997558,11,0.07482227
192,1.90008239997558,12,0.0748494
192,1.90008239997558,13,0.07489092
192,1.90008239997558,14,0.07477996
192,1.90008239997558,15,0.07515263
193,1.9098483230079,0,0.07499249
193,1.9098483230079,1,0.07491464
193,1.9098483230079,2,0.07489495
193,1.9098483230079,3,0.0748584
193,1.9098483230079,4,0.07476375
193,1.9098483230079,5,0.07460717
193,1.9098483230079,6,0.07488374
193,1.9098483230079,7,0.07474055
193,1.9098483230079,8,0.07441298
193,1.9098483230079,9,0.07502874
193,1.9098483230079,10,0.07491144
193,1.9098483230079,11,0.07498442
193,1.9098483230079,12,0.07476803
193,1.9098483230079,13,0.07484069
193,1.9098483230079,14,0.07489134
193,1.9098483230079,15,0.07476442
194,1.9190038758507,0,0.07481686
194,1.9190038758507,1,0.07504508
194,1.9190038758507,2,0.07505844
194,1.9190038758507,3,0.07526932
194,1.9190038758507,4,0.07503843
194,1.9190038758507,5,0.07502259
194,1.9190038758507,6,0.0749578
194,1.9190038758507,7,0.07510593
194,1.9190038758507,8,0.07498379
194,1.9190038758507,9,0.07509246
194,1.9190038758507,10,0.07504421
194,1.9190038758507,11,0.07497708
194,1.9190038758507,12,0.07498813
194,1.9190038758507,13,0.07501311
194,1.9190038758507,14,0.07470939
194,1.9190038758507,15,0.0749755
195,1.92999053926206,0,0.07450283
195,1.92999053926206,1,0.07481577
195,1.92999053926206,2,0.07499097
195,1.92999053926206,3,0.074827
195,1.92999053926206,4,0.07487606
195,1.92999053926206,5,0.0748499
195,1.92999053926206,6,0.07487483
195,1.92999053926206,7,0.074944
195,1.92999053926206,8,0.07496949
195,1.92999053926206,9,0.07516091
195,1.92999053926206,10,0.07507752
195,1.92999053926206,11,0.07514457
195,1.92999053926206,12,0.07490453
195,1.92999053926206,13,0.07508095
195,1.92999053926206,14,0.07527106
195,1.92999053926206,15,0.07502404
196,1.93975646229438,0,0.07511161
196,1.93975646229438,1,0.07515687
196,1.93975646229438,2,0.07524318
196,1.93975646229438,3,0.07496807
196,1.93975646229438,4,0.07510071
196,1.93975646229438,5,0.07532361
196,1.93975646229438,6,0.0751223
196,1.93975646229438,7,0.07536587
196,1.93975646229438,8,0.07547917
196,1.93975646229438,9,0.07528843
196,1.93975646229438,10,0.07509534
196,1.93975646229438,11,0.07540043
196,1.93975646229438,12,0.07543461
196,1.93975646229438,13,0.075445
196,1.93975646229438,14,0.07534802
196,1.93975646229438,15,0.07550032
197,1.95013275551622,0,0.07530314
197,1.95013275551622,1,0.07542023
197,1.95013275551622,2,0.07540404
197,1.95013275551622,3,0.07524495
197,1.95013275551622,4,0.0752607
197,1.95013275551622,5,0.07531585
197,1.95013275551622,6,0.07544842
197,1.95013275551622,7,0.07513804
197,1.95013275551622,8,0.07526201
197,1.95013275551622,9,0.0751086
197,1.95013275551622,10,0.07523106
197,1.95013275551622,11,0.07513573
197,1.95013275551622,12,0.07538827
197,1.95013275551622,13,0.07518589
197,1.95013275551622,14,0.07535266
197,1.95013275551622,15,0.07530251
198,1.95928830835902,0,0.07536571
198,1.95928830835902,1,0.07534257
198,1.95928830835902,2,0.07531089
198,1.95928830835902,3,0.07551574
198,1.95928830835902,4,0.07545034
198,1.95928830835902,5,0.07543561
198,1.95928830835902,6,0.07556022
198,1.95928830835902,7,0.07552778
198,1.95928830835902,8,0.07540718
198,1.95928830835902,9,0.07556704
198,1.95928830835902,10,0.07577521
198,1.95928830835902,11,0.07537877
198,1.95928830835902,12,0.07553288
198,1.95928830835902,13,0.07537032
198,1.95928830835902,14,0.07545335
198,1.95928830835902,15,0.07565966
199,1.96966460158086,0,0.07534514
199,1.96966460158086,1,0.07549066
199,1.96966460158086,2,0.07564881
199,1.96966460158086,3,0.07542035
199,1.96966460158086,4,0.07543296
199,1.96966460158086,5,0.07539496
199,1.96966460158086,6,0.07541867
199,1.96966460158086,7,0.0753617
199,1.96966460158086,8,0.07560058
199,1.96966460158086,9,0.07572903
199,1.96966460158086,10,0.0755177
199,1.96966460158086,11,0.0754301
199,1.96966460158086,12,0.07555901
199,1.96966460158086,13,0.0754326
199,1.96966460158086,14,0.0753356
199,1.96966460158086,15,0.0756691
200,1.9800408948027,0,0.07581384
200,1.9800408948027,1,0.07548858
200,1.9800408948027,2,0.07554267
200,1.9800408948027,3,0.07577913
200,1.9800408948027,4,0.07552996
200,1.9800408948027,5,0.07559603
200,1.9800408948027,6,0.07574845
200,1.9800408948027,7,0.07577096
200,1.9800408948027,8,0.07574044
200,1.9800408948027,9,0.07544994
200,1.9800408948027,10,0.07556278
200,1.9800408948027,11,0.07547602
200,1.9800408948027,12,0.0752489
200,1.9800408948027,13,0.07555192
200,1.9800408948027,14,0.07553448
200,1.9800408948027,15,0.07560978
