position,voltage_mean,voltage_std,n_samples
0.0,-4.0996506129032255,0.0010237164639406626,31
0.994903408917508,-4.099162129032258,0.0009361616810295519,31
1.99346903897214,-4.09926164516129,0.0011329301020031888,31
2.98837244788964,-4.096989774193548,0.0008427978255891781,31
3.98815881832331,-4.097981419354839,0.0007518748941145065,31
4.98306222724082,-4.098657419354838,0.0008136232295266599,31
5.98162785729545,-4.081378806451613,0.0013585675905241862,31
6.97653126621296,-4.076774354838711,0.0009512649150502687,31
7.94885097811823,-4.064037774193548,0.0012757450374679907,31
