pos_index,position,sample_index,voltage
0,0.988189336832789,0,0.07184178
0,0.988189336832789,1,0.07194916
0,0.988189336832789,2,0.07196618
0,0.988189336832789,3,0.07212439
0,0.988189336832789,4,0.07195797
0,0.988189336832789,5,0.07219017
0,0.988189336832789,6,0.07192776
0,0.988189336832789,7,0.0720386
0,0.988189336832789,8,0.07211299
0,0.988189336832789,9,0.07206386
0,0.988189336832789,10,0.07218929
0,0.988189336832789,11,0.07211839
1,0.985747856074709,0,0.07156923
1,0.985747856074709,1,0.07225031
1,0.985747856074709,2,0.07170212
1,0.985747856074709,3,0.07174628
1,0.985747856074709,4,0.07172204
1,0.985747856074709,5,0.07174191
1,0.985747856074709,6,0.0719117
1,0.985747856074709,7,0.07172865
1,0.985747856074709,8,0.07177425
1,0.985747856074709,9,0.07168747
1,0.985747856074709,10,0.07180181
1,0.985747856074709,11,0.07192305
1,0.985747856074709,12,0.07172837
1,0.985747856074709,13,0.0718305
1,0.985747856074709,14,0.07196119
1,0.985747856074709,15,0.0717373
2,0.996734519486068,0,0.07204418
2,0.996734519486068,1,0.07220047
2,0.996734519486068,2,0.07219382
2,0.996734519486068,3,0.07203206
2,0.996734519486068,4,0.07238297
2,0.996734519486068,5,0.07201366
2,0.996734519486068,6,0.07209931
2,0.996734519486068,7,0.07210743
2,0.996734519486068,8,0.07208878
2,0.996734519486068,9,0.0718217
2,0.996734519486068,10,0.07176764
2,0.996734519486068,11,0.07203239
2,0.996734519486068,12,0.07190565
2,0.996734519486068,13,0.07191468
2,0.996734519486068,14,0.07191432
2,0.996734519486068,15,0.07226655
3,1.00772118289743,0,0.07178248
3,1.00772118289743,1,0.07215831
3,1.00772118289743,2,0.07199387
3,1.00772118289743,3,0.07204109
3,1.00772118289743,4,0.07188532
3,1.00772118289743,5,0.07175086
3,1.00772118289743,6,0.07178872
3,1.00772118289743,7,0.07198808
3,1.00772118289743,8,0.0719983
3,1.00772118289743,9,0.07194179
3,1.00772118289743,10,0.07191849
3,1.00772118289743,11,0.07216693
3,1.00772118289743,12,0.07215931
3,1.00772118289743,13,0.07207792
3,1.00772118289743,14,0.07206914
3,1.00772118289743,15,0.07187158
4,1.01748710592975,0,0.0718492
4,1.01748710592975,1,0.07189659
4,1.01748710592975,2,0.07172121
4,1.01748710592975,3,0.07206085
4,1.01748710592975,4,0.0718818
4,1.01748710592975,5,0.07188933
4,1.01748710592975,6,0.07184979
4,1.01748710592975,7,0.07189981
4,1.01748710592975,8,0.07183336
4,1.01748710592975,9,0.07190014
4,1.01748710592975,10,0.07206621
4,1.01748710592975,11,0.07157988
4,1.01748710592975,12,0.07178241
4,1.01748710592975,13,0.07141267
4,1.01748710592975,14,0.07182095
4,1.01748710592975,15,0.07191813
5,1.02725302896207,0,0.07135053
5,1.02725302896207,1,0.07154079
5,1.02725302896207,2,0.07166201
5,1.02725302896207,3,0.0715588
5,1.02725302896207,4,0.07180869
5,1.02725302896207,5,0.071925
5,1.02725302896207,6,0.07205298
5,1.02725302896207,7,0.07165961
5,1.02725302896207,8,0.07190343
5,1.02725302896207,9,0.07185667
5,1.02725302896207,10,0.07167623
5,1.02725302896207,11,0.0716994
5,1.02725302896207,12,0.07190498
5,1.02725302896207,13,0.07176604
5,1.02725302896207,14,0.07187613
5,1.02725302896207,15,0.07188329
6,1.03701895199438,0,0.07157408
6,1.03701895199438,1,0.07159849
6,1.03701895199438,2,0.07176977
6,1.03701895199438,3,0.07170559
6,1.03701895199438,4,0.07152268
6,1.03701895199438,5,0.07160072
6,1.03701895199438,6,0.07174368
6,1.03701895199438,7,0.07164329
6,1.03701895199438,8,0.07161745
6,1.03701895199438,9,0.07175233
6,1.03701895199438,10,0.07183877
6,1.03701895199438,11,0.07172734
6,1.03701895199438,12,0.07182711
6,1.03701895199438,13,0.07144117
6,1.03701895199438,14,0.07171879
6,1.03701895199438,15,0.07164648
7,1.0467848750267,0,0.07193056
7,1.0467848750267,1,0.07197788
7,1.0467848750267,2,0.07183807
7,1.0467848750267,3,0.07181793
7,1.0467848750267,4,0.07154455
7,1.0467848750267,5,0.07168473
7,1.0467848750267,6,0.07164898
7,1.0467848750267,7,0.07192668
7,1.0467848750267,8,0.07170454
7,1.0467848750267,9,0.07163636
7,1.0467848750267,10,0.07163862
7,1.0467848750267,11,0.07162118
7,1.0467848750267,12,0.07162945
7,1.0467848750267,13,0.0716377
7,1.0467848750267,14,0.07170831
7,1.0467848750267,15,0.07165214
8,1.05655079805902,0,0.07184824
8,1.05655079805902,1,0.07166609
8,1.05655079805902,2,0.07162821
8,1.05655079805902,3,0.07166772
8,1.05655079805902,4,0.07167732
8,1.05655079805902,5,0.07172114
8,1.05655079805902,6,0.07170691
8,1.05655079805902,7,0.07163238
8,1.05655079805902,8,0.07158778
8,1.05655079805902,9,0.07175778
8,1.05655079805902,10,0.07186612
8,1.05655079805902,11,0.07173233
8,1.05655079805902,12,0.07176144
8,1.05655079805902,13,0.07178643
8,1.05655079805902,14,0.07185825
8,1.05655079805902,15,0.07170966
9,1.06692709128086,0,0.07204889
9,1.06692709128086,1,0.07170317
9,1.06692709128086,2,0.07168641
9,1.06692709128086,3,0.07167628
9,1.06692709128086,4,0.07178123
9,1.06692709128086,5,0.0719722
9,1.06692709128086,6,0.07167422
9,1.06692709128086,7,0.07183368
9,1.06692709128086,8,0.07161722
9,1.06692709128086,9,0.07195321
9,1.06692709128086,10,0.07177906
9,1.06692709128086,11,0.07163732
9,1.06692709128086,12,0.0720144
9,1.06692709128086,13,0.07167457
9,1.06692709128086,14,0.07191045
9,1.06692709128086,15,0.07187405
10,1.07669301431318,0,0.07193653
10,1.07669301431318,1,0.07188388
10,1.07669301431318,2,0.07214118
10,1.07669301431318,3,0.07182469
10,1.07669301431318,4,0.07197745
10,1.07669301431318,5,0.07176987
10,1.07669301431318,6,0.07192961
10,1.07669301431318,7,0.07196211
10,1.07669301431318,8,0.07175676
10,1.07669301431318,9,0.07154203
10,1.07669301431318,10,0.07149193
10,1.07669301431318,11,0.0715076
10,1.07669301431318,12,0.07159325
10,1.07669301431318,13,0.07193188
10,1.07669301431318,14,0.07136939
10,1.07669301431318,15,0.07146567
11,1.0864589373455,0,0.07171275
11,1.0864589373455,1,0.07151214
11,1.0864589373455,2,0.07141486
11,1.0864589373455,3,0.07151596
11,1.0864589373455,4,0.0715879
11,1.0864589373455,5,0.07147864
11,1.0864589373455,6,0.07152133
11,1.0864589373455,7,0.07157429
11,1.0864589373455,8,0.07167123
11,1.0864589373455,9,0.07168645
11,1.0864589373455,10,0.07165096
11,1.0864589373455,11,0.07170608
11,1.0864589373455,12,0.07152558
11,1.0864589373455,13,0.07179066
11,1.0864589373455,14,0.0716568
11,1.0864589373455,15,0.07175899
12,1.09683523056734,0,0.07171299
12,1.09683523056734,1,0.07168038
12,1.09683523056734,2,0.07178707
12,1.09683523056734,3,0.07178161
12,1.09683523056734,4,0.07156613
12,1.09683523056734,5,0.07177209
12,1.09683523056734,6,0.07193591
12,1.09683523056734,7,0.07181496
12,1.09683523056734,8,0.07187475
12,1.09683523056734,9,0.07153793
12,1.09683523056734,10,0.07154626
12,1.09683523056734,11,0.07171424
12,1.09683523056734,12,0.07158346
12,1.09683523056734,13,0.07165981
12,1.09683523056734,14,0.07147796
12,1.09683523056734,15,0.07148233
13,1.10721152378918,0,0.07189497
13,1.10721152378918,1,0.07178835
13,1.10721152378918,2,0.07170947
13,1.10721152378918,3,0.07154644
13,1.10721152378918,4,0.07157353
13,1.10721152378918,5,0.07169577
13,1.10721152378918,6,0.07182556
13,1.10721152378918,7,0.07157818
13,1.10721152378918,8,0.07160666
13,1.10721152378918,9,0.07155894
13,1.10721152378918,10,0.07161675
13,1.10721152378918,11,0.07161469
13,1.10721152378918,12,0.0715016
13,1.10721152378918,13,0.07152946
13,1.10721152378918,14,0.07140535
13,1.10721152378918,15,0.07130002
14,1.11636707663198,0,0.07157844
14,1.11636707663198,1,0.071749
14,1.11636707663198,2,0.07164542
14,1.11636707663198,3,0.07183293
14,1.11636707663198,4,0.0717565
14,1.11636707663198,5,0.07193241
14,1.11636707663198,6,0.07167968
14,1.11636707663198,7,0.07171017
14,1.11636707663198,8,0.07192565
14,1.11636707663198,9,0.07157215
14,1.11636707663198,10,0.07182531
14,1.11636707663198,11,0.071817
14,1.11636707663198,12,0.07155173
14,1.11636707663198,13,0.07180997
14,1.11636707663198,14,0.07159503
14,1.11636707663198,15,0.0718827
15,1.12735374004334,0,0.07122296
15,1.12735374004334,1,0.071091
15,1.12735374004334,2,0.07132552
15,1.12735374004334,3,0.07125848
15,1.12735374004334,4,0.07105361
15,1.12735374004334,5,0.0715824
15,1.12735374004334,6,0.07110431
15,1.12735374004334,7,0.07147535
15,1.12735374004334,8,0.07172964
15,1.12735374004334,9,0.07100936
15,1.12735374004334,10,0.07130206
15,1.12735374004334,11,0.0713981
15,1.12735374004334,12,0.07135221
15,1.12735374004334,13,0.07053113
15,1.12735374004334,14,0.0714537
15,1.12735374004334,15,0.07107756
16,1.13711966307566,0,0.07219822
16,1.13711966307566,1,0.0721823
16,1.13711966307566,2,0.07230757
16,1.13711966307566,3,0.07259783
16,1.13711966307566,4,0.07293738
16,1.13711966307566,5,0.07264291
16,1.13711966307566,6,0.0726861
16,1.13711966307566,7,0.07211665
16,1.13711966307566,8,0.072464
16,1.13711966307566,9,0.0722516
16,1.13711966307566,10,0.07205156
16,1.13711966307566,11,0.07236397
16,1.13711966307566,12,0.07260464
16,1.13711966307566,13,0.07237429
16,1.13711966307566,14,0.07242109
16,1.13711966307566,15,0.07237121
17,1.14810632648701,0,0.07334077
17,1.14810632648701,1,0.07326112
17,1.14810632648701,2,0.07341531
17,1.14810632648701,3,0.0730632
17,1.14810632648701,4,0.07354616
17,1.14810632648701,5,0.07378159
17,1.14810632648701,6,0.07360628
17,1.14810632648701,7,0.07341719
17,1.14810632648701,8,0.07369174
17,1.14810632648701,9,0.07383543
17,1.14810632648701,10,0.07344168
17,1.14810632648701,11,0.07382268
17,1.14810632648701,12,0.07388296
17,1.14810632648701,13,0.07357363
17,1.14810632648701,14,0.07340539
17,1.14810632648701,15,0.07390853
18,1.15726187932981,0,0.07442947
18,1.15726187932981,1,0.07421903
18,1.15726187932981,2,0.0748003
18,1.15726187932981,3,0.07480087
18,1.15726187932981,4,0.07465134
18,1.15726187932981,5,0.07470188
18,1.15726187932981,6,0.07484968
18,1.15726187932981,7,0.07451952
18,1.15726187932981,8,0.07466522
18,1.15726187932981,9,0.07483666
18,1.15726187932981,10,0.07473915
18,1.15726187932981,11,0.07452957
18,1.15726187932981,12,0.07420952
18,1.15726187932981,13,0.07461162
18,1.15726187932981,14,0.074068
18,1.15726187932981,15,0.07459696
19,1.16763817255165,0,0.0749843
19,1.16763817255165,1,0.07503337
19,1.16763817255165,2,0.0751716
19,1.16763817255165,3,0.07487932
19,1.16763817255165,4,0.07520963
19,1.16763817255165,5,0.07520542
19,1.16763817255165,6,0.07514342
19,1.16763817255165,7,0.0749881
19,1.16763817255165,8,0.07484646
19,1.16763817255165,9,0.07532574
19,1.16763817255165,10,0.07519419
19,1.16763817255165,11,0.07514016
19,1.16763817255165,12,0.07556739
19,1.16763817255165,13,0.07525922
19,1.16763817255165,14,0.0754876
19,1.16763817255165,15,0.07563742
20,1.17801446577349,0,0.07607035
20,1.17801446577349,1,0.07607181
20,1.17801446577349,2,0.07591445
20,1.17801446577349,3,0.07556265
20,1.17801446577349,4,0.07592957
20,1.17801446577349,5,0.07604366
20,1.17801446577349,6,0.07543077
20,1.17801446577349,7,0.07590339
20,1.17801446577349,8,0.07586142
20,1.17801446577349,9,0.07579187
20,1.17801446577349,10,0.07570827
20,1.17801446577349,11,0.07578227
20,1.17801446577349,12,0.07554294
20,1.17801446577349,13,0.07577074
20,1.17801446577349,14,0.07609454
20,1.17801446577349,15,0.07600747
21,1.18717001861629,0,0.07627007
21,1.18717001861629,1,0.07658467
21,1.18717001861629,2,0.07649502
21,1.18717001861629,3,0.07625005
21,1.18717001861629,4,0.07623624
21,1.18717001861629,5,0.07620589
21,1.18717001861629,6,0.07628822
21,1.18717001861629,7,0.07641416
21,1.18717001861629,8,0.07621869
21,1.18717001861629,9,0.07681889
21,1.18717001861629,10,0.07633318
21,1.18717001861629,11,0.07647207
21,1.18717001861629,12,0.07660376
21,1.18717001861629,13,0.07620936
21,1.18717001861629,14,0.07661796
21,1.18717001861629,15,0.076565
22,1.19815668202765,0,0.0769569
22,1.19815668202765,1,0.07692458
22,1.19815668202765,2,0.0770323
22,1.19815668202765,3,0.07741579
22,1.19815668202765,4,0.07750484
22,1.19815668202765,5,0.07735023
22,1.19815668202765,6,0.07712916
22,1.19815668202765,7,0.07698921
22,1.19815668202765,8,0.07748424
22,1.19815668202765,9,0.07717326
22,1.19815668202765,10,0.07741062
22,1.19815668202765,11,0.07694358
22,1.19815668202765,12,0.07725881
22,1.19815668202765,13,0.07764826
22,1.19815668202765,14,0.0772067
22,1.19815668202765,15,0.07759954
23,1.20792260505997,0,0.07855171
23,1.20792260505997,1,0.07813927
23,1.20792260505997,2,0.0786916
23,1.20792260505997,3,0.07833402
23,1.20792260505997,4,0.07805278
23,1.20792260505997,5,0.07809806
23,1.20792260505997,6,0.07835867
23,1.20792260505997,7,0.07831218
23,1.20792260505997,8,0.07844454
23,1.20792260505997,9,0.0784146
23,1.20792260505997,10,0.07825167
23,1.20792260505997,11,0.07780689
23,1.20792260505997,12,0.07816948
23,1.20792260505997,13,0.0782738
23,1.20792260505997,14,0.07874647
23,1.20792260505997,15,0.07873136
24,1.21768852809229,0,0.07890076
24,1.21768852809229,1,0.07846466
24,1.21768852809229,2,0.07924785
24,1.21768852809229,3,0.07882057
24,1.21768852809229,4,0.07887845
24,1.21768852809229,5,0.07878204
24,1.21768852809229,6,0.07914153
24,1.21768852809229,7,0.07904477
24,1.21768852809229,8,0.07891537
24,1.21768852809229,9,0.0793364
24,1.21768852809229,10,0.07902163
24,1.21768852809229,11,0.07930857
24,1.21768852809229,12,0.0787283
24,1.21768852809229,13,0.07923078
24,1.21768852809229,14,0.07916017
24,1.21768852809229,15,0.07890342
25,1.22806482131413,0,0.07934269
25,1.22806482131413,1,0.0794038
25,1.22806482131413,2,0.07955914
25,1.22806482131413,3,0.07971326
25,1.22806482131413,4,0.07984449
25,1.22806482131413,5,0.07967747
25,1.22806482131413,6,0.07928206
25,1.22806482131413,7,0.07932894
25,1.22806482131413,8,0.07953574
25,1.22806482131413,9,0.07912832
25,1.22806482131413,10,0.07931285
25,1.22806482131413,11,0.07936565
25,1.22806482131413,12,0.07960321
25,1.22806482131413,13,0.07930766
25,1.22806482131413,14,0.07972038
25,1.22806482131413,15,0.07953473
26,1.23783074434645,0,0.07969128
26,1.23783074434645,1,0.07958756
26,1.23783074434645,2,0.0797049
26,1.23783074434645,3,0.07953003
26,1.23783074434645,4,0.07965861
26,1.23783074434645,5,0.07986273
26,1.23783074434645,6,0.08021675
26,1.23783074434645,7,0.07955247
26,1.23783074434645,8,0.07973456
26,1.23783074434645,9,0.07951475
26,1.23783074434645,10,0.07973601
26,1.23783074434645,11,0.079661
26,1.23783074434645,12,0.07967075
26,1.23783074434645,13,0.07972959
26,1.23783074434645,14,0.07931384
26,1.23783074434645,15,0.0793906
27,1.24698629718925,0,0.08006859
27,1.24698629718925,1,0.0801699
27,1.24698629718925,2,0.08007167
27,1.24698629718925,3,0.08010317
27,1.24698629718925,4,0.08004152
27,1.24698629718925,5,0.07997647
27,1.24698629718925,6,0.08001556
27,1.24698629718925,7,0.08014951
27,1.24698629718925,8,0.07993401
27,1.24698629718925,9,0.08011883
27,1.24698629718925,10,0.07970677
27,1.24698629718925,11,0.07924093
27,1.24698629718925,12,0.07991329
27,1.24698629718925,13,0.07988316
27,1.24698629718925,14,0.0795495
27,1.24698629718925,15,0.07989411
28,1.25858333079012,0,0.08003031
28,1.25858333079012,1,0.08020972
28,1.25858333079012,2,0.07989886
28,1.25858333079012,3,0.08036406
28,1.25858333079012,4,0.08005512
28,1.25858333079012,5,0.07962576
28,1.25858333079012,6,0.07980584
28,1.25858333079012,7,0.07981203
28,1.25858333079012,8,0.07955817
28,1.25858333079012,9,0.07991295
28,1.25858333079012,10,0.0795987
28,1.25858333079012,11,0.079762
28,1.25858333079012,12,0.07961664
28,1.25858333079012,13,0.07959264
28,1.25858333079012,14,0.08018148
28,1.25858333079012,15,0.0801674
29,1.26773888363292,0,0.08063266
29,1.26773888363292,1,0.08033825
29,1.26773888363292,2,0.08034398
29,1.26773888363292,3,0.0804666
29,1.26773888363292,4,0.08070806
29,1.26773888363292,5,0.0806031
29,1.26773888363292,6,0.08070177
29,1.26773888363292,7,0.08059403
29,1.26773888363292,8,0.08090122
29,1.26773888363292,9,0.08056881
29,1.26773888363292,10,0.08065357
29,1.26773888363292,11,0.08088484
29,1.26773888363292,12,0.08095399
29,1.26773888363292,13,0.08057961
29,1.26773888363292,14,0.08093008
29,1.26773888363292,15,0.08076766
30,1.27750480666524,0,0.08109178
30,1.27750480666524,1,0.08122078
30,1.27750480666524,2,0.08113777
30,1.27750480666524,3,0.08115266
30,1.27750480666524,4,0.0810524
30,1.27750480666524,5,0.08103327
30,1.27750480666524,6,0.08099172
30,1.27750480666524,7,0.08145078
30,1.27750480666524,8,0.08124039
30,1.27750480666524,9,0.08101501
30,1.27750480666524,10,0.0809517
30,1.27750480666524,11,0.08088437
30,1.27750480666524,12,0.08076844
30,1.27750480666524,13,0.08075838
30,1.27750480666524,14,0.08098184
30,1.27750480666524,15,0.08120304
31,1.28727072969756,0,0.08124615
31,1.28727072969756,1,0.0815874
31,1.28727072969756,2,0.0814843
31,1.28727072969756,3,0.08144287
31,1.28727072969756,4,0.08124869
31,1.28727072969756,5,0.08140466
31,1.28727072969756,6,0.08131251
31,1.28727072969756,7,0.08145419
31,1.28727072969756,8,0.08140645
31,1.28727072969756,9,0.08166398
31,1.28727072969756,10,0.08144806
31,1.28727072969756,11,0.08148095
31,1.28727072969756,12,0.08159193
31,1.28727072969756,13,0.08129858
31,1.28727072969756,14,0.08137123
31,1.28727072969756,15,0.08150733
32,1.2976470229194,0,0.0820238
32,1.2976470229194,1,0.08178363
32,1.2976470229194,2,0.08177401
32,1.2976470229194,3,0.08202437
32,1.2976470229194,4,0.08194538
32,1.2976470229194,5,0.08201509
32,1.2976470229194,6,0.08173004
32,1.2976470229194,7,0.08189782
32,1.2976470229194,8,0.08170131
32,1.2976470229194,9,0.08167334
32,1.2976470229194,10,0.0817825
32,1.2976470229194,11,0.08192856
32,1.2976470229194,12,0.08212274
32,1.2976470229194,13,0.0817306
32,1.2976470229194,14,0.08187462
32,1.2976470229194,15,0.08123501
33,1.30741294595172,0,0.08193943
33,1.30741294595172,1,0.08206765
33,1.30741294595172,2,0.0819291
33,1.30741294595172,3,0.08233131
33,1.30741294595172,4,0.08183125
33,1.30741294595172,5,0.08235209
33,1.30741294595172,6,0.08207083
33,1.30741294595172,7,0.08215272
33,1.30741294595172,8,0.08215775
33,1.30741294595172,9,0.08228627
33,1.30741294595172,10,0.08217528
33,1.30741294595172,11,0.08202042
33,1.30741294595172,12,0.0820784
33,1.30741294595172,13,0.08203188
33,1.30741294595172,14,0.08193181
33,1.30741294595172,15,0.08203146
34,1.31839960936308,0,0.08221348
34,1.31839960936308,1,0.08265071
34,1.31839960936308,2,0.08236709
34,1.31839960936308,3,0.08262473
34,1.31839960936308,4,0.08258264
34,1.31839960936308,5,0.08239525
34,1.31839960936308,6,0.08289967
34,1.31839960936308,7,0.08283214
34,1.31839960936308,8,0.08263028
34,1.31839960936308,9,0.08252118
34,1.31839960936308,10,0.08285174
34,1.31839960936308,11,0.08244041
34,1.31839960936308,12,0.08270939
34,1.31839960936308,13,0.08259001
34,1.31839960936308,14,0.08234496
34,1.31839960936308,15,0.08277097
35,1.3281655323954,0,0.08278029
35,1.3281655323954,1,0.0830116
35,1.3281655323954,2,0.08256026
35,1.3281655323954,3,0.08288532
35,1.3281655323954,4,0.08237471
35,1.3281655323954,5,0.08267007
35,1.3281655323954,6,0.08278761
35,1.3281655323954,7,0.08268483
35,1.3281655323954,8,0.08252638
35,1.3281655323954,9,0.08277965
35,1.3281655323954,10,0.08291986
35,1.3281655323954,11,0.08278974
35,1.3281655323954,12,0.08304277
35,1.3281655323954,13,0.08281744
35,1.3281655323954,14,0.08306811
35,1.3281655323954,15,0.08304095
36,1.33793145542772,0,0.08360564
36,1.33793145542772,1,0.0836179
36,1.33793145542772,2,0.08324587
36,1.33793145542772,3,0.08347861
36,1.33793145542772,4,0.08334499
36,1.33793145542772,5,0.0831576
36,1.33793145542772,6,0.08332173
36,1.33793145542772,7,0.0833981
36,1.33793145542772,8,0.08325785
36,1.33793145542772,9,0.08330686
36,1.33793145542772,10,0.0834982
36,1.33793145542772,11,0.0832927
36,1.33793145542772,12,0.08351029
36,1.33793145542772,13,0.08338178
36,1.33793145542772,14,0.08342471
36,1.33793145542772,15,0.08316102
37,1.34830774864956,0,0.08359288
37,1.34830774864956,1,0.08331335
37,1.34830774864956,2,0.08345493
37,1.34830774864956,3,0.08338448
37,1.34830774864956,4,0.08335191
37,1.34830774864956,5,0.08341427
37,1.34830774864956,6,0.08348432
37,1.34830774864956,7,0.08366919
37,1.34830774864956,8,0.0839882
37,1.34830774864956,9,0.08365652
37,1.34830774864956,10,0.08343514
37,1.34830774864956,11,0.08340257
37,1.34830774864956,12,0.08353502
37,1.34830774864956,13,0.08339244
37,1.34830774864956,14,0.08360518
37,1.34830774864956,15,0.0833745
38,1.3586840418714,0,0.08372301
38,1.3586840418714,1,0.08376068
38,1.3586840418714,2,0.08364327
38,1.3586840418714,3,0.08393522
38,1.3586840418714,4,0.08397462
38,1.3586840418714,5,0.08404258
38,1.3586840418714,6,0.08407778
38,1.3586840418714,7,0.08410425
38,1.3586840418714,8,0.08380394
38,1.3586840418714,9,0.08385974
38,1.3586840418714,10,0.08393075
38,1.3586840418714,11,0.08381663
38,1.3586840418714,12,0.08386475
38,1.3586840418714,13,0.08377238
38,1.3586840418714,14,0.08374818
38,1.3586840418714,15,0.08377013
39,1.36844996490371,0,0.08414524
39,1.36844996490371,1,0.08424982
39,1.36844996490371,2,0.0843949
39,1.36844996490371,3,0.08422191
39,1.36844996490371,4,0.08437997
39,1.36844996490371,5,0.08424062
39,1.36844996490371,6,0.08417517
39,1.36844996490371,7,0.08412017
39,1.36844996490371,8,0.08451013
39,1.36844996490371,9,0.08418559
39,1.36844996490371,10,0.08408939
39,1.36844996490371,11,0.08435291
39,1.36844996490371,12,0.08439003
39,1.36844996490371,13,0.08422133
39,1.36844996490371,14,0.08401896
39,1.36844996490371,15,0.0840917
40,1.37882625812555,0,0.08411359
40,1.37882625812555,1,0.08433256
40,1.37882625812555,2,0.08456329
40,1.37882625812555,3,0.08460052
40,1.37882625812555,4,0.08422489
40,1.37882625812555,5,0.08422932
40,1.37882625812555,6,0.08415733
40,1.37882625812555,7,0.08414805
40,1.37882625812555,8,0.08405985
40,1.37882625812555,9,0.08432154
40,1.37882625812555,10,0.08408395
40,1.37882625812555,11,0.08406241
40,1.37882625812555,12,0.08392332
40,1.37882625812555,13,0.08417147
40,1.37882625812555,14,0.08431417
40,1.37882625812555,15,0.08422201
41,1.38859218115787,0,0.08477452
41,1.38859218115787,1,0.08502792
41,1.38859218115787,2,0.084867
41,1.38859218115787,3,0.08476764
41,1.38859218115787,4,0.08470508
41,1.38859218115787,5,0.08491144
41,1.38859218115787,6,0.08457278
41,1.38859218115787,7,0.0845315
41,1.38859218115787,8,0.08464892
41,1.38859218115787,9,0.08475807
41,1.38859218115787,10,0.08469419
41,1.38859218115787,11,0.08516742
41,1.38859218115787,12,0.08458889
41,1.38859218115787,13,0.0846973
41,1.38859218115787,14,0.08504337
41,1.38859218115787,15,0.08485682
42,1.39774773400067,0,0.08518972
42,1.39774773400067,1,0.0849281
42,1.39774773400067,2,0.08495834
42,1.39774773400067,3,0.08536919
42,1.39774773400067,4,0.08500487
42,1.39774773400067,5,0.08510465
42,1.39774773400067,6,0.08485576
42,1.39774773400067,7,0.08496922
42,1.39774773400067,8,0.08542342
42,1.39774773400067,9,0.08515958
42,1.39774773400067,10,0.08522835
42,1.39774773400067,11,0.08514629
42,1.39774773400067,12,0.0851472
42,1.39774773400067,13,0.08507816
42,1.39774773400067,14,0.08504209
42,1.39774773400067,15,0.08500584
43,1.40873439741203,0,0.08535782
43,1.40873439741203,1,0.08569091
43,1.40873439741203,2,0.08533862
43,1.40873439741203,3,0.08523926
43,1.40873439741203,4,0.08511867
43,1.40873439741203,5,0.08519449
43,1.40873439741203,6,0.08527689
43,1.40873439741203,7,0.08519078
43,1.40873439741203,8,0.0852389
43,1.40873439741203,9,0.08501527
43,1.40873439741203,10,0.08543123
43,1.40873439741203,11,0.08534651
43,1.40873439741203,12,0.08538669
43,1.40873439741203,13,0.0852138
43,1.40873439741203,14,0.08565545
43,1.40873439741203,15,0.08512019
44,1.41850032044435,0,0.08540741
44,1.41850032044435,1,0.08531976
44,1.41850032044435,2,0.08540826
44,1.41850032044435,3,0.08580398
44,1.41850032044435,4,0.08565483
44,1.41850032044435,5,0.08561563
44,1.41850032044435,6,0.08549064
44,1.41850032044435,7,0.08567898
44,1.41850032044435,8,0.08557448
44,1.41850032044435,9,0.08584177
44,1.41850032044435,10,0.08581607
44,1.41850032044435,11,0.08578227
44,1.41850032044435,12,0.08566501
44,1.41850032044435,13,0.08561778
44,1.41850032044435,14,0.08571266
44,1.41850032044435,15,0.08561716
45,1.42826624347667,0,0.08571574
45,1.42826624347667,1,0.08590433
45,1.42826624347667,2,0.08578686
45,1.42826624347667,3,0.08580832
45,1.42826624347667,4,0.08583989
45,1.42826624347667,5,0.08550869
45,1.42826624347667,6,0.08552575
45,1.42826624347667,7,0.08561891
45,1.42826624347667,8,0.08575777
45,1.42826624347667,9,0.08586823
45,1.42826624347667,10,0.08562333
45,1.42826624347667,11,0.08575706
45,1.42826624347667,12,0.08594102
45,1.42826624347667,13,0.08559857
45,1.42826624347667,14,0.08565389
45,1.42826624347667,15,0.08584528
46,1.43803216650899,0,0.08589127
46,1.43803216650899,1,0.08612774
46,1.43803216650899,2,0.08597437
46,1.43803216650899,3,0.08630401
46,1.43803216650899,4,0.0863739
46,1.43803216650899,5,0.08613858
46,1.43803216650899,6,0.08614632
46,1.43803216650899,7,0.08604482
46,1.43803216650899,8,0.08593953
46,1.43803216650899,9,0.08601847
46,1.43803216650899,10,0.0860299
46,1.43803216650899,11,0.08610499
46,1.43803216650899,12,0.08606878
46,1.43803216650899,13,0.08632885
46,1.43803216650899,14,0.0864645
46,1.43803216650899,15,0.08623098
47,1.44840845973083,0,0.08675355
47,1.44840845973083,1,0.08670603
47,1.44840845973083,2,0.08637802
47,1.44840845973083,3,0.08655625
47,1.44840845973083,4,0.08664655
47,1.44840845973083,5,0.08653567
47,1.44840845973083,6,0.08660647
47,1.44840845973083,7,0.08673536
47,1.44840845973083,8,0.08660421
47,1.44840845973083,9,0.08638489
47,1.44840845973083,10,0.08631939
47,1.44840845973083,11,0.08614556
47,1.44840845973083,12,0.08670835
47,1.44840845973083,13,0.08635751
47,1.44840845973083,14,0.08623032
47,1.44840845973083,15,0.08669146
48,1.45756401257363,0,0.08706234
48,1.45756401257363,1,0.08686545
48,1.45756401257363,2,0.0869766
48,1.45756401257363,3,0.08678142
48,1.45756401257363,4,0.0866907
48,1.45756401257363,5,0.08683216
48,1.45756401257363,6,0.08703835
48,1.45756401257363,7,0.08660692
48,1.45756401257363,8,0.08664655
48,1.45756401257363,9,0.08674724
48,1.45756401257363,10,0.08677838
48,1.45756401257363,11,0.0864932
48,1.45756401257363,12,0.08642579
48,1.45756401257363,13,0.08672051
48,1.45756401257363,14,0.08667044
48,1.45756401257363,15,0.08667922
49,1.46794030579546,0,0.08691827
49,1.46794030579546,1,0.0867394
49,1.46794030579546,2,0.08692547
49,1.46794030579546,3,0.08666893
49,1.46794030579546,4,0.0871973
49,1.46794030579546,5,0.08688724
49,1.46794030579546,6,0.08700725
49,1.46794030579546,7,0.08733674
49,1.46794030579546,8,0.08711706
49,1.46794030579546,9,0.08653626
49,1.46794030579546,10,0.08677264
49,1.46794030579546,11,0.08669993
49,1.46794030579546,12,0.08647639
49,1.46794030579546,13,0.08658294
49,1.46794030579546,14,0.08670899
49,1.46794030579546,15,0.0867978
50,1.4783165990173,0,0.08672214
50,1.4783165990173,1,0.08686575
50,1.4783165990173,2,0.08689506
50,1.4783165990173,3,0.08668908
50,1.4783165990173,4,0.08679978
50,1.4783165990173,5,0.08697732
50,1.4783165990173,6,0.08698788
50,1.4783165990173,7,0.08685572
50,1.4783165990173,8,0.08666031
50,1.4783165990173,9,0.08706212
50,1.4783165990173,10,0.08676115
50,1.4783165990173,11,0.08694461
50,1.4783165990173,12,0.08696993
50,1.4783165990173,13,0.08700999
50,1.4783165990173,14,0.08675268
50,1.4783165990173,15,0.08697833
51,1.48869289223914,0,0.0873844
51,1.48869289223914,1,0.08725908
51,1.48869289223914,2,0.08752718
51,1.48869289223914,3,0.08714323
51,1.48869289223914,4,0.08744487
51,1.48869289223914,5,0.08717126
51,1.48869289223914,6,0.08736974
51,1.48869289223914,7,0.08730738
51,1.48869289223914,8,0.08717891
51,1.48869289223914,9,0.08752929
51,1.48869289223914,10,0.08696546
51,1.48869289223914,11,0.08751037
51,1.48869289223914,12,0.08763387
51,1.48869289223914,13,0.08750428
51,1.48869289223914,14,0.08726573
51,1.48869289223914,15,0.08729591
52,1.49784844508194,0,0.08765902
52,1.49784844508194,1,0.08764366
52,1.49784844508194,2,0.08719622
52,1.49784844508194,3,0.08736766
52,1.49784844508194,4,0.0872735
52,1.49784844508194,5,0.08763043
52,1.49784844508194,6,0.08750817
52,1.49784844508194,7,0.08747128
52,1.49784844508194,8,0.08742713
52,1.49784844508194,9,0.08736371
52,1.49784844508194,10,0.08767527
52,1.49784844508194,11,0.08770294
52,1.49784844508194,12,0.08747611
52,1.49784844508194,13,0.08795899
52,1.49784844508194,14,0.08789796
52,1.49784844508194,15,0.08768506
53,1.50761436811426,0,0.08784664
53,1.50761436811426,1,0.08796125
53,1.50761436811426,2,0.08789294
53,1.50761436811426,3,0.08761882
53,1.50761436811426,4,0.08776234
53,1.50761436811426,5,0.08790561
53,1.50761436811426,6,0.08786145
53,1.50761436811426,7,0.08782876
53,1.50761436811426,8,0.08777965
53,1.50761436811426,9,0.08741019
53,1.50761436811426,10,0.08775306
53,1.50761436811426,11,0.08777846
53,1.50761436811426,12,0.08777269
53,1.50761436811426,13,0.08757673
53,1.50761436811426,14,0.08782262
53,1.50761436811426,15,0.08772708
54,1.51860103152562,0,0.08778561
54,1.51860103152562,1,0.08798327
54,1.51860103152562,2,0.08780123
54,1.51860103152562,3,0.08770262
54,1.51860103152562,4,0.08791684
54,1.51860103152562,5,0.08770237
54,1.51860103152562,6,0.08809022
54,1.51860103152562,7,0.08809479
54,1.51860103152562,8,0.087841
54,1.51860103152562,9,0.08816549
54,1.51860103152562,10,0.08797367
54,1.51860103152562,11,0.08830693
54,1.51860103152562,12,0.08809748
54,1.51860103152562,13,0.08809028
54,1.51860103152562,14,0.08805892
54,1.51860103152562,15,0.08819366
55,1.52775658436842,0,0.08803753
55,1.52775658436842,1,0.08833486
55,1.52775658436842,2,0.08846942
55,1.52775658436842,3,0.08817333
55,1.52775658436842,4,0.08808143
55,1.52775658436842,5,0.08833881
55,1.52775658436842,6,0.08833554
55,1.52775658436842,7,0.08809981
55,1.52775658436842,8,0.08801582
55,1.52775658436842,9,0.08819052
55,1.52775658436842,10,0.08816868
55,1.52775658436842,11,0.08820613
55,1.52775658436842,12,0.08838385
55,1.52775658436842,13,0.0880869
55,1.52775658436842,14,0.08865439
55,1.52775658436842,15,0.08838271
56,1.53813287759026,0,0.08825633
56,1.53813287759026,1,0.08837267
56,1.53813287759026,2,0.08830046
56,1.53813287759026,3,0.08812729
56,1.53813287759026,4,0.08813161
56,1.53813287759026,5,0.08800434
56,1.53813287759026,6,0.08843464
56,1.53813287759026,7,0.0884092
56,1.53813287759026,8,0.08831189
56,1.53813287759026,9,0.08782124
56,1.53813287759026,10,0.08810521
56,1.53813287759026,11,0.08801758
56,1.53813287759026,12,0.0883585
56,1.53813287759026,13,0.08813939
56,1.53813287759026,14,0.08825737
56,1.53813287759026,15,0.08827476
57,1.54789880062258,0,0.08858897
57,1.54789880062258,1,0.0881905
57,1.54789880062258,2,0.08862109
57,1.54789880062258,3,0.08840102
57,1.54789880062258,4,0.08829685
57,1.54789880062258,5,0.08843558
57,1.54789880062258,6,0.08851164
57,1.54789880062258,7,0.08829685
57,1.54789880062258,8,0.08844324
57,1.54789880062258,9,0.08842267
57,1.54789880062258,10,0.08832093
57,1.54789880062258,11,0.08808841
57,1.54789880062258,12,0.08817817
57,1.54789880062258,13,0.0883489
57,1.54789880062258,14,0.08810972
57,1.54789880062258,15,0.0881527
58,1.5576647236549,0,0.08837052
58,1.5576647236549,1,0.08840593
58,1.5576647236549,2,0.08846457
58,1.5576647236549,3,0.08843931
58,1.5576647236549,4,0.08857673
58,1.5576647236549,5,0.08831917
58,1.5576647236549,6,0.08847919
58,1.5576647236549,7,0.08864745
58,1.5576647236549,8,0.08854242
58,1.5576647236549,9,0.08842397
58,1.5576647236549,10,0.08846206
58,1.5576647236549,11,0.08858652
58,1.5576647236549,12,0.08844789
58,1.5576647236549,13,0.08847211
58,1.5576647236549,14,0.08864391
58,1.5576647236549,15,0.08855616
59,1.56804101687674,0,0.08846702
59,1.56804101687674,1,0.08829326
59,1.56804101687674,2,0.08862289
59,1.56804101687674,3,0.08847144
59,1.56804101687674,4,0.08833422
59,1.56804101687674,5,0.08846415
59,1.56804101687674,6,0.08863851
59,1.56804101687674,7,0.08859475
59,1.56804101687674,8,0.08864435
59,1.56804101687674,9,0.08843108
59,1.56804101687674,10,0.08840841
59,1.56804101687674,11,0.08861056
59,1.56804101687674,12,0.0883541
59,1.56804101687674,13,0.08837224
59,1.56804101687674,14,0.08856475
59,1.56804101687674,15,0.08834688
60,1.57780693990906,0,0.08834729
60,1.57780693990906,1,0.08830042
60,1.57780693990906,2,0.08830104
60,1.57780693990906,3,0.08828041
60,1.57780693990906,4,0.08827157
60,1.57780693990906,5,0.08813952
60,1.57780693990906,6,0.08810596
60,1.57780693990906,7,0.0885167
60,1.57780693990906,8,0.08863984
60,1.57780693990906,9,0.0886838
60,1.57780693990906,10,0.08832469
60,1.57780693990906,11,0.08797611
60,1.57780693990906,12,0.08837833
60,1.57780693990906,13,0.08822714
60,1.57780693990906,14,0.08839766
60,1.57780693990906,15,0.08833472
61,1.58696249275185,0,0.08831459
61,1.58696249275185,1,0.08855388
61,1.58696249275185,2,0.08853626
61,1.58696249275185,3,0.08846854
61,1.58696249275185,4,0.08842776
61,1.58696249275185,5,0.08829325
61,1.58696249275185,6,0.08833065
61,1.58696249275185,7,0.08837976
61,1.58696249275185,8,0.0886938
61,1.58696249275185,9,0.08860591
61,1.58696249275185,10,0.08878303
61,1.58696249275185,11,0.08825519
61,1.58696249275185,12,0.08853921
61,1.58696249275185,13,0.08867093
61,1.58696249275185,14,0.08845568
61,1.58696249275185,15,0.08866926
62,1.59855952635273,0,0.08894832
62,1.59855952635273,1,0.08896842
62,1.59855952635273,2,0.08861736
62,1.59855952635273,3,0.08857075
62,1.59855952635273,4,0.08886598
62,1.59855952635273,5,0.08873873
62,1.59855952635273,6,0.08883578
62,1.59855952635273,7,0.08878359
62,1.59855952635273,8,0.08869101
62,1.59855952635273,9,0.08856263
62,1.59855952635273,10,0.08857333
62,1.59855952635273,11,0.08880686
62,1.59855952635273,12,0.08901338
62,1.59855952635273,13,0.08865721
62,1.59855952635273,14,0.0887849
62,1.59855952635273,15,0.0885793
63,1.60771507919553,0,0.08923239
63,1.60771507919553,1,0.08906323
63,1.60771507919553,2,0.08912588
63,1.60771507919553,3,0.08889374
63,1.60771507919553,4,0.08892517
63,1.60771507919553,5,0.08908439
63,1.60771507919553,6,0.08901662
63,1.60771507919553,7,0.08909049
63,1.60771507919553,8,0.08865228
63,1.60771507919553,9,0.0888373
63,1.60771507919553,10,0.08897116
63,1.60771507919553,11,0.08871403
63,1.60771507919553,12,0.08908758
63,1.60771507919553,13,0.08931819
63,1.60771507919553,14,0.08879802
63,1.60771507919553,15,0.08906147
64,1.61809137241737,0,0.0888432
64,1.61809137241737,1,0.08903644
64,1.61809137241737,2,0.08881678
64,1.61809137241737,3,0.08911037
64,1.61809137241737,4,0.08904842
64,1.61809137241737,5,0.08863429
64,1.61809137241737,6,0.08926442
64,1.61809137241737,7,0.08903256
64,1.61809137241737,8,0.08914189
64,1.61809137241737,9,0.08938189
64,1.61809137241737,10,0.08890177
64,1.61809137241737,11,0.08920466
64,1.61809137241737,12,0.08914253
64,1.61809137241737,13,0.08907346
64,1.61809137241737,14,0.0893338
64,1.61809137241737,15,0.08904207
65,1.62846766563921,0,0.08962528
65,1.62846766563921,1,0.089225
65,1.62846766563921,2,0.0890237
65,1.62846766563921,3,0.08898569
65,1.62846766563921,4,0.08920753
65,1.62846766563921,5,0.08910369
65,1.62846766563921,6,0.08935203
65,1.62846766563921,7,0.08913725
65,1.62846766563921,8,0.08904716
65,1.62846766563921,9,0.08915956
65,1.62846766563921,10,0.08912522
65,1.62846766563921,11,0.08952566
65,1.62846766563921,12,0.08925001
65,1.62846766563921,13,0.08935059
65,1.62846766563921,14,0.08935343
65,1.62846766563921,15,0.08933956
66,1.63823358867153,0,0.08932272
66,1.63823358867153,1,0.08980491
66,1.63823358867153,2,0.089379
66,1.63823358867153,3,0.08926196
66,1.63823358867153,4,0.0898044
66,1.63823358867153,5,0.08946452
66,1.63823358867153,6,0.08950288
66,1.63823358867153,7,0.08942021
66,1.63823358867153,8,0.08969361
66,1.63823358867153,9,0.08943616
66,1.63823358867153,10,0.08943676
66,1.63823358867153,11,0.08955071
66,1.63823358867153,12,0.08957458
66,1.63823358867153,13,0.08938312
66,1.63823358867153,14,0.08938999
66,1.63823358867153,15,0.08937628
67,1.64860988189337,0,0.08958699
67,1.64860988189337,1,0.08958193
67,1.64860988189337,2,0.08970309
67,1.64860988189337,3,0.0897877
67,1.64860988189337,4,0.08958261
67,1.64860988189337,5,0.08997913
67,1.64860988189337,6,0.08988976
67,1.64860988189337,7,0.08976372
67,1.64860988189337,8,0.0894241
67,1.64860988189337,9,0.08958045
67,1.64860988189337,10,0.0897055
67,1.64860988189337,11,0.08947264
67,1.64860988189337,12,0.08924347
67,1.64860988189337,13,0.08941054
67,1.64860988189337,14,0.0892471
67,1.64860988189337,15,0.0896173
68,1.65837580492569,0,0.08964501
68,1.65837580492569,1,0.08955314
68,1.65837580492569,2,0.08923318
68,1.65837580492569,3,0.08938483
68,1.65837580492569,4,0.08978405
68,1.65837580492569,5,0.08973207
68,1.65837580492569,6,0.0897035
68,1.65837580492569,7,0.08960239
68,1.65837580492569,8,0.08932314
68,1.65837580492569,9,0.08928481
68,1.65837580492569,10,0.08989974
68,1.65837580492569,11,0.08964402
68,1.65837580492569,12,0.08943055
68,1.65837580492569,13,0.08971674
68,1.65837580492569,14,0.08951409
68,1.65837580492569,15,0.08941348
69,1.66814172795801,0,0.0896058
69,1.66814172795801,1,0.0899213
69,1.66814172795801,2,0.089886
69,1.66814172795801,3,0.08971719
69,1.66814172795801,4,0.08975379
69,1.66814172795801,5,0.0894246
69,1.66814172795801,6,0.08985721
69,1.66814172795801,7,0.0899045
69,1.66814172795801,8,0.08982255
69,1.66814172795801,9,0.08971313
69,1.66814172795801,10,0.08980175
69,1.66814172795801,11,0.08965743
69,1.66814172795801,12,0.08945671
69,1.66814172795801,13,0.08978701
69,1.66814172795801,14,0.08980188
69,1.66814172795801,15,0.08975902
70,1.67790765099033,0,0.08991091
70,1.67790765099033,1,0.0901496
70,1.67790765099033,2,0.09006952
70,1.67790765099033,3,0.09008808
70,1.67790765099033,4,0.090035
70,1.67790765099033,5,0.08975774
70,1.67790765099033,6,0.08978809
70,1.67790765099033,7,0.08999092
70,1.67790765099033,8,0.0899775
70,1.67790765099033,9,0.08991554
70,1.67790765099033,10,0.08995509
70,1.67790765099033,11,0.08986355
70,1.67790765099033,12,0.09003439
70,1.67790765099033,13,0.09006017
70,1.67790765099033,14,0.0901069
70,1.67790765099033,15,0.09031132
71,1.68828394421216,0,0.08997971
71,1.68828394421216,1,0.09005253
71,1.68828394421216,2,0.09001802
71,1.68828394421216,3,0.09021728
71,1.68828394421216,4,0.09010405
71,1.68828394421216,5,0.09018049
71,1.68828394421216,6,0.09028395
71,1.68828394421216,7,0.08997433
71,1.68828394421216,8,0.09019326
71,1.68828394421216,9,0.09032314
71,1.68828394421216,10,0.09030849
71,1.68828394421216,11,0.09035794
71,1.68828394421216,12,0.0901868
71,1.68828394421216,13,0.08999776
71,1.68828394421216,14,0.09003754
71,1.68828394421216,15,0.08997043
72,1.69804986724448,0,0.09001883
72,1.69804986724448,1,0.09035537
72,1.69804986724448,2,0.09029104
72,1.69804986724448,3,0.090351
72,1.69804986724448,4,0.09039785
72,1.69804986724448,5,0.09009384
72,1.69804986724448,6,0.09010816
72,1.69804986724448,7,0.09021111
72,1.69804986724448,8,0.09035148
72,1.69804986724448,9,0.09007488
72,1.69804986724448,10,0.08998653
72,1.69804986724448,11,0.09017767
72,1.69804986724448,12,0.09016571
72,1.69804986724448,13,0.09051673
72,1.69804986724448,14,0.09016263
72,1.69804986724448,15,0.09017884
73,1.70842616046632,0,0.0902587
73,1.70842616046632,1,0.09010039
73,1.70842616046632,2,0.09031616
73,1.70842616046632,3,0.09004778
73,1.70842616046632,4,0.08996557
73,1.70842616046632,5,0.08975618
73,1.70842616046632,6,0.09028059
73,1.70842616046632,7,0.09020179
73,1.70842616046632,8,0.09004259
73,1.70842616046632,9,0.09034068
73,1.70842616046632,10,0.0905181
73,1.70842616046632,11,0.09039198
73,1.70842616046632,12,0.0902589
73,1.70842616046632,13,0.09012219
73,1.70842616046632,14,0.09039293
73,1.70842616046632,15,0.08996595
74,1.71758171330912,0,0.09032458
74,1.71758171330912,1,0.09024108
74,1.71758171330912,2,0.08203655
74,1.71758171330912,3,0.08178201
74,1.71758171330912,4,0.0817285
74,1.71758171330912,5,0.08197549
74,1.71758171330912,6,0.08201703
74,1.71758171330912,7,0.08164255
74,1.71758171330912,8,0.08201164
74,1.71758171330912,9,0.08175465
74,1.71758171330912,10,0.08182996
74,1.71758171330912,11,0.08123815
74,1.71758171330912,12,0.08181486
74,1.71758171330912,13,0.08176033
74,1.71758171330912,14,0.08183033
74,1.71758171330912,15,0.08140066
75,1.72856837672048,0,0.08160441
75,1.72856837672048,1,0.08182995
75,1.72856837672048,2,0.0818402
75,1.72856837672048,3,0.08184496
75,1.72856837672048,4,0.08176929
75,1.72856837672048,5,0.08177744
75,1.72856837672048,6,0.08185878
75,1.72856837672048,7,0.08199617
75,1.72856837672048,8,0.08205018
75,1.72856837672048,9,0.08170482
75,1.72856837672048,10,0.08199158
75,1.72856837672048,11,0.08195481
75,1.72856837672048,12,0.08195782
75,1.72856837672048,13,0.08181915
75,1.72856837672048,14,0.08203589
75,1.72856837672048,15,0.08195492
76,1.73772392956328,0,0.08164225
76,1.73772392956328,1,0.08193767
76,1.73772392956328,2,0.08191787
76,1.73772392956328,3,0.08192825
76,1.73772392956328,4,0.08191203
76,1.73772392956328,5,0.08207527
76,1.73772392956328,6,0.08178808
76,1.73772392956328,7,0.08171178
76,1.73772392956328,8,0.08189946
76,1.73772392956328,9,0.08215285
76,1.73772392956328,10,0.08182662
76,1.73772392956328,11,0.08202469
76,1.73772392956328,12,0.0821079
76,1.73772392956328,13,0.08204731
76,1.73772392956328,14,0.0816161
76,1.73772392956328,15,0.08196145
77,1.74810022278512,0,0.08208046
77,1.74810022278512,1,0.08206577
77,1.74810022278512,2,0.08226182
77,1.74810022278512,3,0.08223478
77,1.74810022278512,4,0.08231474
77,1.74810022278512,5,0.08197875
77,1.74810022278512,6,0.08202714
77,1.74810022278512,7,0.08189799
77,1.74810022278512,8,0.081884
77,1.74810022278512,9,0.08192899
77,1.74810022278512,10,0.08181197
77,1.74810022278512,11,0.08199415
77,1.74810022278512,12,0.0819089
77,1.74810022278512,13,0.08201133
77,1.74810022278512,14,0.08180658
77,1.74810022278512,15,0.08187325
78,1.75786614581744,0,0.08151323
78,1.75786614581744,1,0.0814872
78,1.75786614581744,2,0.08183192
78,1.75786614581744,3,0.08158862
78,1.75786614581744,4,0.08172364
78,1.75786614581744,5,0.08144785
78,1.75786614581744,6,0.08165617
78,1.75786614581744,7,0.08166473
78,1.75786614581744,8,0.08158681
78,1.75786614581744,9,0.08153815
78,1.75786614581744,10,0.08190741
78,1.75786614581744,11,0.08147669
78,1.75786614581744,12,0.08176999
78,1.75786614581744,13,0.08199327
78,1.75786614581744,14,0.08181266
78,1.75786614581744,15,0.08176842
79,1.76763206884976,0,0.08150844
79,1.76763206884976,1,0.08137429
79,1.76763206884976,2,0.08156253
79,1.76763206884976,3,0.08124846
79,1.76763206884976,4,0.08158315
79,1.76763206884976,5,0.08159795
79,1.76763206884976,6,0.08167624
79,1.76763206884976,7,0.08146984
79,1.76763206884976,8,0.08197301
79,1.76763206884976,9,0.08170972
79,1.76763206884976,10,0.08178534
79,1.76763206884976,11,0.08192065
79,1.76763206884976,12,0.08187171
79,1.76763206884976,13,0.08202644
79,1.76763206884976,14,0.08183394
79,1.76763206884976,15,0.08179963
80,1.7780083620716,0,0.08185262
80,1.7780083620716,1,0.08199507
80,1.7780083620716,2,0.08181237
80,1.7780083620716,3,0.08160179
80,1.7780083620716,4,0.08198654
80,1.7780083620716,5,0.08181053
80,1.7780083620716,6,0.08151478
80,1.7780083620716,7,0.08171501
80,1.7780083620716,8,0.08186363
80,1.7780083620716,9,0.08212724
80,1.7780083620716,10,0.08213229
80,1.7780083620716,11,0.08206949
80,1.7780083620716,12,0.08227351
80,1.7780083620716,13,0.08178729
80,1.7780083620716,14,0.08180418
80,1.7780083620716,15,0.08238155
81,1.78777428510392,0,0.08201689
81,1.78777428510392,1,0.0819177
81,1.78777428510392,2,0.08173016
81,1.78777428510392,3,0.08190519
81,1.78777428510392,4,0.08179827
81,1.78777428510392,5,0.08192524
81,1.78777428510392,6,0.08209847
81,1.78777428510392,7,0.08209267
81,1.78777428510392,8,0.08183736
81,1.78777428510392,9,0.08185996
81,1.78777428510392,10,0.08147458
81,1.78777428510392,11,0.08182354
81,1.78777428510392,12,0.08199072
81,1.78777428510392,13,0.0816671
81,1.78777428510392,14,0.08185068
81,1.78777428510392,15,0.08163531
82,1.79815057832575,0,0.08178576
82,1.79815057832575,1,0.0817988
82,1.79815057832575,2,0.08183977
82,1.79815057832575,3,0.08155181
82,1.79815057832575,4,0.08166648
82,1.79815057832575,5,0.0818814
82,1.79815057832575,6,0.08169408
82,1.79815057832575,7,0.08183262
82,1.79815057832575,8,0.08174802
82,1.79815057832575,9,0.08205579
82,1.79815057832575,10,0.08201593
82,1.79815057832575,11,0.08202462
82,1.79815057832575,12,0.08190837
82,1.79815057832575,13,0.0817246
82,1.79815057832575,14,0.08196589
82,1.79815057832575,15,0.08197962
83,1.80791650135807,0,0.08182523
83,1.80791650135807,1,0.08176719
83,1.80791650135807,2,0.08184775
83,1.80791650135807,3,0.08187398
83,1.80791650135807,4,0.08200078
83,1.80791650135807,5,0.08216736
83,1.80791650135807,6,0.08212232
83,1.80791650135807,7,0.08170338
83,1.80791650135807,8,0.08192161
83,1.80791650135807,9,0.08211524
83,1.80791650135807,10,0.08163142
83,1.80791650135807,11,0.08162597
83,1.80791650135807,12,0.08184791
83,1.80791650135807,13,0.08186905
83,1.80791650135807,14,0.08173805
83,1.80791650135807,15,0.08169453
84,1.81829279457991,0,0.08173846
84,1.81829279457991,1,0.08136407
84,1.81829279457991,2,0.08164384
84,1.81829279457991,3,0.08177703
84,1.81829279457991,4,0.08166216
84,1.81829279457991,5,0.08200484
84,1.81829279457991,6,0.08198015
84,1.81829279457991,7,0.08191807
84,1.81829279457991,8,0.08158184
84,1.81829279457991,9,0.08181162
84,1.81829279457991,10,0.08152799
84,1.81829279457991,11,0.08174998
84,1.81829279457991,12,0.08149615
84,1.81829279457991,13,0.08170216
84,1.81829279457991,14,0.08183341
84,1.81829279457991,15,0.08160266
85,1.82805871761223,0,0.0816479
85,1.82805871761223,1,0.08177473
85,1.82805871761223,2,0.08158318
85,1.82805871761223,3,0.08172549
85,1.82805871761223,4,0.08155575
85,1.82805871761223,5,0.08171325
85,1.82805871761223,6,0.0817704
85,1.82805871761223,7,0.0816356
85,1.82805871761223,8,0.08166917
85,1.82805871761223,9,0.08161578
85,1.82805871761223,10,0.08161605
85,1.82805871761223,11,0.08174342
85,1.82805871761223,12,0.08179832
85,1.82805871761223,13,0.08166789
85,1.82805871761223,14,0.08191102
85,1.82805871761223,15,0.08159829
86,1.83782464064455,0,0.08176125
86,1.83782464064455,1,0.08175126
86,1.83782464064455,2,0.08164092
86,1.83782464064455,3,0.08173131
86,1.83782464064455,4,0.08191172
86,1.83782464064455,5,0.08167274
86,1.83782464064455,6,0.08181898
86,1.83782464064455,7,0.08174728
86,1.83782464064455,8,0.08165792
86,1.83782464064455,9,0.0816751
86,1.83782464064455,10,0.08163992
86,1.83782464064455,11,0.08186992
86,1.83782464064455,12,0.08179919
86,1.83782464064455,13,0.0814098
86,1.83782464064455,14,0.08159282
86,1.83782464064455,15,0.08166873
87,1.84759056367687,0,0.08192565
87,1.84759056367687,1,0.08150256
87,1.84759056367687,2,0.08183815
87,1.84759056367687,3,0.08179814
87,1.84759056367687,4,0.08159149
87,1.84759056367687,5,0.08165102
87,1.84759056367687,6,0.0815414
87,1.84759056367687,7,0.08156068
87,1.84759056367687,8,0.08149616
87,1.84759056367687,9,0.08164677
87,1.84759056367687,10,0.08202361
87,1.84759056367687,11,0.08166727
87,1.84759056367687,12,0.08178405
87,1.84759056367687,13,0.08167113
87,1.84759056367687,14,0.08141612
87,1.84759056367687,15,0.08163404
88,1.85796685689871,0,0.08171412
88,1.85796685689871,1,0.08148427
88,1.85796685689871,2,0.08136988
88,1.85796685689871,3,0.0816865
88,1.85796685689871,4,0.08133176
88,1.85796685689871,5,0.08156531
88,1.85796685689871,6,0.08167004
88,1.85796685689871,7,0.08161356
88,1.85796685689871,8,0.08171401
88,1.85796685689871,9,0.08166053
88,1.85796685689871,10,0.08203649
88,1.85796685689871,11,0.08186476
88,1.85796685689871,12,0.08199948
88,1.85796685689871,13,0.08207398
88,1.85796685689871,14,0.08179007
88,1.85796685689871,15,0.0817404
89,1.86773277993103,0,0.08177703
89,1.86773277993103,1,0.08163453
89,1.86773277993103,2,0.08177778
89,1.86773277993103,3,0.08203766
89,1.86773277993103,4,0.08154846
89,1.86773277993103,5,0.08159513
89,1.86773277993103,6,0.08174215
89,1.86773277993103,7,0.08171009
89,1.86773277993103,8,0.08142468
89,1.86773277993103,9,0.08151715
89,1.86773277993103,10,0.08157187
89,1.86773277993103,11,0.08150531
89,1.86773277993103,12,0.08164105
89,1.86773277993103,13,0.08148102
89,1.86773277993103,14,0.08140025
89,1.86773277993103,15,0.0813549
90,1.87871944334239,0,0.0817355
90,1.87871944334239,1,0.08175331
90,1.87871944334239,2,0.08165831
90,1.87871944334239,3,0.08190578
90,1.87871944334239,4,0.0817211
90,1.87871944334239,5,0.08175423
90,1.87871944334239,6,0.08166488
90,1.87871944334239,7,0.08195274
90,1.87871944334239,8,0.08196074
90,1.87871944334239,9,0.08167696
90,1.87871944334239,10,0.0814326
90,1.87871944334239,11,0.08112497
90,1.87871944334239,12,0.08167795
90,1.87871944334239,13,0.08157535
90,1.87871944334239,14,0.08160964
90,1.87871944334239,15,0.08182681
91,1.88787499618519,0,0.08165503
91,1.88787499618519,1,0.08145408
91,1.88787499618519,2,0.08164281
91,1.88787499618519,3,0.08136245
91,1.88787499618519,4,0.0817973
91,1.88787499618519,5,0.08176311
91,1.88787499618519,6,0.08164627
91,1.88787499618519,7,0.08183498
91,1.88787499618519,8,0.08153684
91,1.88787499618519,9,0.08163977
91,1.88787499618519,10,0.08188315
91,1.88787499618519,11,0.0817471
91,1.88787499618519,12,0.0817607
91,1.88787499618519,13,0.08207207
91,1.88787499618519,14,0.08178475
91,1.88787499618519,15,0.08160904
92,1.89764091921751,0,0.08153368
92,1.89764091921751,1,0.0817255
92,1.89764091921751,2,0.08158375
92,1.89764091921751,3,0.08137487
92,1.89764091921751,4,0.08149954
92,1.89764091921751,5,0.0817934
92,1.89764091921751,6,0.08158821
92,1.89764091921751,7,0.08156299
92,1.89764091921751,8,0.08178413
92,1.89764091921751,9,0.08166769
92,1.89764091921751,10,0.08171088
92,1.89764091921751,11,0.08177092
92,1.89764091921751,12,0.0818714
92,1.89764091921751,13,0.08166032
92,1.89764091921751,14,0.0814868
92,1.89764091921751,15,0.08169167
93,1.90801721243934,0,0.08167362
93,1.90801721243934,1,0.08172382
93,1.90801721243934,2,0.08160651
93,1.90801721243934,3,0.08132763
93,1.90801721243934,4,0.08158869
93,1.90801721243934,5,0.08162422
93,1.90801721243934,6,0.08145721
93,1.90801721243934,7,0.08152343
93,1.90801721243934,8,0.08170949
93,1.90801721243934,9,0.08157564
93,1.90801721243934,10,0.08164442
93,1.90801721243934,11,0.08173417
93,1.90801721243934,12,0.08176291
93,1.90801721243934,13,0.08174331
93,1.90801721243934,14,0.08162761
93,1.90801721243934,15,0.08175752
94,1.91839350566118,0,0.0819932
94,1.91839350566118,1,0.08184831
94,1.91839350566118,2,0.08199114
94,1.91839350566118,3,0.08170352
94,1.91839350566118,4,0.08198889
94,1.91839350566118,5,0.08204874
94,1.91839350566118,6,0.08185621
94,1.91839350566118,7,0.08183198
94,1.91839350566118,8,0.08189307
94,1.91839350566118,9,0.08203348
94,1.91839350566118,10,0.08178388
94,1.91839350566118,11,0.08214469
94,1.91839350566118,12,0.08185081
94,1.91839350566118,13,0.08183023
94,1.91839350566118,14,0.08184113
94,1.91839350566118,15,0.08177665
95,1.9281594286935,0,0.08176827
95,1.9281594286935,1,0.08169897
95,1.9281594286935,2,0.0818538
95,1.9281594286935,3,0.08146131
95,1.9281594286935,4,0.08156493
95,1.9281594286935,5,0.08149818
95,1.9281594286935,6,0.08155026
95,1.9281594286935,7,0.08174652
95,1.9281594286935,8,0.08174196
95,1.9281594286935,9,0.08187232
95,1.9281594286935,10,0.08178861
95,1.9281594286935,11,0.08200183
95,1.9281594286935,12,0.0819736
95,1.9281594286935,13,0.08170044
95,1.9281594286935,14,0.08185261
95,1.9281594286935,15,0.08174974
96,1.93853572191534,0,0.08180635
96,1.93853572191534,1,0.0817645
96,1.93853572191534,2,0.08182275
96,1.93853572191534,3,0.08205549
96,1.93853572191534,4,0.08187087
96,1.93853572191534,5,0.08191137
96,1.93853572191534,6,0.08177605
96,1.93853572191534,7,0.08180489
96,1.93853572191534,8,0.08173086
96,1.93853572191534,9,0.08166423
96,1.93853572191534,10,0.08187914
96,1.93853572191534,11,0.08163976
96,1.93853572191534,12,0.08136225
96,1.93853572191534,13,0.08165103
96,1.93853572191534,14,0.08158413
96,1.93853572191534,15,0.08142355
97,1.94769127475814,0,0.08174006
97,1.94769127475814,1,0.08167881
97,1.94769127475814,2,0.0819902
97,1.94769127475814,3,0.08172931
97,1.94769127475814,4,0.08153516
97,1.94769127475814,5,0.08170449
97,1.94769127475814,6,0.08177053
97,1.94769127475814,7,0.08170725
97,1.94769127475814,8,0.08141654
97,1.94769127475814,9,0.08137647
97,1.94769127475814,10,0.08134542
97,1.94769127475814,11,0.0814485
97,1.94769127475814,12,0.08161112
97,1.94769127475814,13,0.08134957
97,1.94769127475814,14,0.08146225
97,1.94769127475814,15,0.08177553
98,1.95745719779046,0,0.08206454
98,1.95745719779046,1,0.0816846
98,1.95745719779046,2,0.08206546
98,1.95745719779046,3,0.08179991
98,1.95745719779046,4,0.08188637
98,1.95745719779046,5,0.08178296
98,1.95745719779046,6,0.08177501
98,1.95745719779046,7,0.0818697
98,1.95745719779046,8,0.08186951
98,1.95745719779046,9,0.08179518
98,1.95745719779046,10,0.08190978
98,1.95745719779046,11,0.08182628
98,1.95745719779046,12,0.08199332
98,1.95745719779046,13,0.08194392
98,1.95745719779046,14,0.08205099
98,1.95745719779046,15,0.08220917
99,1.9678334910123,0,0.08214629
99,1.9678334910123,1,0.0821839
99,1.9678334910123,2,0.08191144
99,1.9678334910123,3,0.08204579
99,1.9678334910123,4,0.08177086
99,1.9678334910123,5,0.0819984
99,1.9678334910123,6,0.0820269
99,1.9678334910123,7,0.08190541
99,1.9678334910123,8,0.08180322
99,1.9678334910123,9,0.08192886
99,1.9678334910123,10,0.08189846
99,1.9678334910123,11,0.08195275
99,1.9678334910123,12,0.08170016
99,1.9678334910123,13,0.08170693
99,1.9678334910123,14,0.08172987
99,1.9678334910123,15,0.08191922
100,1.97759941404462,0,0.08150361
100,1.97759941404462,1,0.08175283
100,1.97759941404462,2,0.08187772
100,1.97759941404462,3,0.08188796
100,1.97759941404462,4,0.08169856
100,1.97759941404462,5,0.08175123
100,1.97759941404462,6,0.08197642
100,1.97759941404462,7,0.08187903
100,1.97759941404462,8,0.08166444
100,1.97759941404462,9,0.0819377
100,1.97759941404462,10,0.08198565
100,1.97759941404462,11,0.0818437
100,1.97759941404462,12,0.08198984
100,1.97759941404462,13,0.08201806
100,1.97759941404462,14,0.08195115
100,1.97759941404462,15,0.0817639
101,1.98797570726646,0,0.08200076
101,1.98797570726646,1,0.0818693
101,1.98797570726646,2,0.08191977
101,1.98797570726646,3,0.08173457
101,1.98797570726646,4,0.08191204
101,1.98797570726646,5,0.08217374
101,1.98797570726646,6,0.08182437
101,1.98797570726646,7,0.08225449
101,1.98797570726646,8,0.08214718
101,1.98797570726646,9,0.08209102
101,1.98797570726646,10,0.08198506
101,1.98797570726646,11,0.08183699
101,1.98797570726646,12,0.08195355
101,1.98797570726646,13,0.08199893
101,1.98797570726646,14,0.08183308
101,1.98797570726646,15,0.08179124
102,1.99713126010926,0,0.08206692
102,1.99713126010926,1,0.08205974
102,1.99713126010926,2,0.08185844
102,1.99713126010926,3,0.08155752
102,1.99713126010926,4,0.08182336
102,1.99713126010926,5,0.08205095
102,1.99713126010926,6,0.08185626
102,1.99713126010926,7,0.08176266
102,1.99713126010926,8,0.08191668
102,1.99713126010926,9,0.08173296
102,1.99713126010926,10,0.08187633
102,1.99713126010926,11,0.08227746
102,1.99713126010926,12,0.08208282
102,1.99713126010926,13,0.08235859
102,1.99713126010926,14,0.08224742
102,1.99713126010926,15,0.08221432
103,2.0075075533311,0,0.08183321
103,2.0075075533311,1,0.08196026
103,2.0075075533311,2,0.0819289
103,2.0075075533311,3,0.08187028
103,2.0075075533311,4,0.0817527
103,2.0075075533311,5,0.08158155
103,2.0075075533311,6,0.08158367
103,2.0075075533311,7,0.08164512
103,2.0075075533311,8,0.08152665
103,2.0075075533311,9,0.08159088
103,2.0075075533311,10,0.08157669
103,2.0075075533311,11,0.08176149
103,2.0075075533311,12,0.08177294
103,2.0075075533311,13,0.08181792
103,2.0075075533311,14,0.08190146
103,2.0075075533311,15,0.08200463
104,2.01788384655293,0,0.08184566
104,2.01788384655293,1,0.08197556
104,2.01788384655293,2,0.08203196
104,2.01788384655293,3,0.08182713
104,2.01788384655293,4,0.0821286
104,2.01788384655293,5,0.08216618
104,2.01788384655293,6,0.08218785
104,2.01788384655293,7,0.08187035
104,2.01788384655293,8,0.08217707
104,2.01788384655293,9,0.08200105
104,2.01788384655293,10,0.08218755
104,2.01788384655293,11,0.08234195
104,2.01788384655293,12,0.08209894
104,2.01788384655293,13,0.08181957
104,2.01788384655293,14,0.0820203
104,2.01788384655293,15,0.08200122
105,2.02703939939573,0,0.08207477
105,2.02703939939573,1,0.08202498
105,2.02703939939573,2,0.0818743
105,2.02703939939573,3,0.08181109
105,2.02703939939573,4,0.0818462
105,2.02703939939573,5,0.0818556
105,2.02703939939573,6,0.08151983
105,2.02703939939573,7,0.08177059
105,2.02703939939573,8,0.08184467
105,2.02703939939573,9,0.08147043
105,2.02703939939573,10,0.08173935
105,2.02703939939573,11,0.08184999
105,2.02703939939573,12,0.08184125
105,2.02703939939573,13,0.08144392
105,2.02703939939573,14,0.08188292
105,2.02703939939573,15,0.08190428
106,2.03741569261757,0,0.0816981
106,2.03741569261757,1,0.08199716
106,2.03741569261757,2,0.0818419
106,2.03741569261757,3,0.08181915
106,2.03741569261757,4,0.08192418
106,2.03741569261757,5,0.08182262
106,2.03741569261757,6,0.08190513
106,2.03741569261757,7,0.08179761
106,2.03741569261757,8,0.08204109
106,2.03741569261757,9,0.08174918
106,2.03741569261757,10,0.08167801
106,2.03741569261757,11,0.08201528
106,2.03741569261757,12,0.08189731
106,2.03741569261757,13,0.08208649
106,2.03741569261757,14,0.0819549
106,2.03741569261757,15,0.08179101
107,2.04718161564989,0,0.08210774
107,2.04718161564989,1,0.08209386
107,2.04718161564989,2,0.08194388
107,2.04718161564989,3,0.08171725
107,2.04718161564989,4,0.08157231
107,2.04718161564989,5,0.08195028
107,2.04718161564989,6,0.08176816
107,2.04718161564989,7,0.08193541
107,2.04718161564989,8,0.08168355
107,2.04718161564989,9,0.081752
107,2.04718161564989,10,0.08183492
107,2.04718161564989,11,0.08173422
107,2.04718161564989,12,0.08154209
107,2.04718161564989,13,0.08200601
107,2.04718161564989,14,0.08165543
107,2.04718161564989,15,0.08182474
108,2.05694753868221,0,0.08201434
108,2.05694753868221,1,0.08195365
108,2.05694753868221,2,0.08201045
108,2.05694753868221,3,0.08186898
108,2.05694753868221,4,0.08189066
108,2.05694753868221,5,0.08214894
108,2.05694753868221,6,0.08155109
108,2.05694753868221,7,0.08192053
108,2.05694753868221,8,0.08199574
108,2.05694753868221,9,0.08228881
108,2.05694753868221,10,0.08185242
108,2.05694753868221,11,0.08227834
108,2.05694753868221,12,0.08201707
108,2.05694753868221,13,0.08228408
108,2.05694753868221,14,0.08201098
108,2.05694753868221,15,0.08180045
109,2.06732383190405,0,0.08224996
109,2.06732383190405,1,0.08226347
109,2.06732383190405,2,0.08202168
109,2.06732383190405,3,0.0818578
109,2.06732383190405,4,0.0820127
109,2.06732383190405,5,0.08246876
109,2.06732383190405,6,0.08228958
109,2.06732383190405,7,0.08209669
109,2.06732383190405,8,0.08205654
109,2.06732383190405,9,0.08183251
109,2.06732383190405,10,0.08205171
109,2.06732383190405,11,0.08212806
109,2.06732383190405,12,0.08218472
109,2.06732383190405,13,0.08224913
109,2.06732383190405,14,0.08261871
109,2.06732383190405,15,0.08242235
110,2.07708975493637,0,0.08237217
110,2.07708975493637,1,0.08259657
110,2.07708975493637,2,0.08249444
110,2.07708975493637,3,0.08212911
110,2.07708975493637,4,0.08236438
110,2.07708975493637,5,0.08235917
110,2.07708975493637,6,0.0822741
110,2.07708975493637,7,0.08219577
110,2.07708975493637,8,0.0824622
110,2.07708975493637,9,0.08218491
110,2.07708975493637,10,0.08228863
110,2.07708975493637,11,0.08216412
110,2.07708975493637,12,0.08221631
110,2.07708975493637,13,0.08224601
110,2.07708975493637,14,0.08220195
110,2.07708975493637,15,0.08223078
111,2.08685567796869,0,0.0824566
111,2.08685567796869,1,0.08238745
111,2.08685567796869,2,0.08238841
111,2.08685567796869,3,0.08235771
111,2.08685567796869,4,0.08229943
111,2.08685567796869,5,0.08207151
111,2.08685567796869,6,0.08230965
111,2.08685567796869,7,0.08205259
111,2.08685567796869,8,0.08236556
111,2.08685567796869,9,0.08246421
111,2.08685567796869,10,0.08243422
111,2.08685567796869,11,0.08248889
111,2.08685567796869,12,0.08216578
111,2.08685567796869,13,0.08203308
111,2.08685567796869,14,0.08217085
111,2.08685567796869,15,0.08218474
112,2.09784234138005,0,0.0824916
112,2.09784234138005,1,0.08231685
112,2.09784234138005,2,0.0824005
112,2.09784234138005,3,0.08254698
112,2.09784234138005,4,0.08222671
112,2.09784234138005,5,0.08255725
112,2.09784234138005,6,0.08247525
112,2.09784234138005,7,0.082069
112,2.09784234138005,8,0.08215922
112,2.09784234138005,9,0.0822646
112,2.09784234138005,10,0.08223296
112,2.09784234138005,11,0.08206887
112,2.09784234138005,12,0.08233917
112,2.09784234138005,13,0.08236431
112,2.09784234138005,14,0.08243263
112,2.09784234138005,15,0.08229069
113,2.10699789422285,0,0.08209723
113,2.10699789422285,1,0.08222038
113,2.10699789422285,2,0.08206276
113,2.10699789422285,3,0.08215102
113,2.10699789422285,4,0.08230174
113,2.10699789422285,5,0.08191829
113,2.10699789422285,6,0.08211341
113,2.10699789422285,7,0.08220179
113,2.10699789422285,8,0.08208501
113,2.10699789422285,9,0.08194834
113,2.10699789422285,10,0.08195323
113,2.10699789422285,11,0.0819605
113,2.10699789422285,12,0.08193493
113,2.10699789422285,13,0.08224671
113,2.10699789422285,14,0.08212835
113,2.10699789422285,15,0.08186387
114,2.11737418744469,0,0.08199281
114,2.11737418744469,1,0.08189121
114,2.11737418744469,2,0.08202042
114,2.11737418744469,3,0.08197638
114,2.11737418744469,4,0.08200974
114,2.11737418744469,5,0.08204551
114,2.11737418744469,6,0.08214498
114,2.11737418744469,7,0.08195087
114,2.11737418744469,8,0.08209705
114,2.11737418744469,9,0.08224736
114,2.11737418744469,10,0.08223089
114,2.11737418744469,11,0.08207197
114,2.11737418744469,12,0.08187179
114,2.11737418744469,13,0.0822244
114,2.11737418744469,14,0.08215497
114,2.11737418744469,15,0.0818207
115,2.127140110477,0,0.0823182
115,2.127140110477,1,0.0823165
115,2.127140110477,2,0.08244231
115,2.127140110477,3,0.08246291
115,2.127140110477,4,0.08251563
115,2.127140110477,5,0.0823936
115,2.127140110477,6,0.08227215
115,2.127140110477,7,0.08243421
115,2.127140110477,8,0.08230913
115,2.127140110477,9,0.08222358
115,2.127140110477,10,0.08239141
115,2.127140110477,11,0.08238562
115,2.127140110477,12,0.08212635
115,2.127140110477,13,0.08215479
115,2.127140110477,14,0.08223266
115,2.127140110477,15,0.08196937
116,2.13751640369884,0,0.08215024
116,2.13751640369884,1,0.08232129
116,2.13751640369884,2,0.08205736
116,2.13751640369884,3,0.08196361
116,2.13751640369884,4,0.082146
116,2.13751640369884,5,0.08165456
116,2.13751640369884,6,0.08187351
116,2.13751640369884,7,0.08219323
116,2.13751640369884,8,0.08179018
116,2.13751640369884,9,0.08187024
116,2.13751640369884,10,0.08196813
116,2.13751640369884,11,0.0817057
116,2.13751640369884,12,0.08181323
116,2.13751640369884,13,0.08185995
116,2.13751640369884,14,0.08189975
116,2.13751640369884,15,0.08228551
117,2.14728232673116,0,0.0815235
117,2.14728232673116,1,0.08186149
117,2.14728232673116,2,0.08207203
117,2.14728232673116,3,0.08199823
117,2.14728232673116,4,0.08209486
117,2.14728232673116,5,0.08235097
117,2.14728232673116,6,0.08207279
117,2.14728232673116,7,0.0821918
117,2.14728232673116,8,0.082087
117,2.14728232673116,9,0.08202473
117,2.14728232673116,10,0.08193074
117,2.14728232673116,11,0.08219735
117,2.14728232673116,12,0.08211745
117,2.14728232673116,13,0.08210415
117,2.14728232673116,14,0.08191667
117,2.14728232673116,15,0.0821369
118,2.15704824976348,0,0.08207504
118,2.15704824976348,1,0.08189712
118,2.15704824976348,2,0.08177678
118,2.15704824976348,3,0.08185589
118,2.15704824976348,4,0.08168973
118,2.15704824976348,5,0.08178636
118,2.15704824976348,6,0.08173251
118,2.15704824976348,7,0.08182309
118,2.15704824976348,8,0.08192787
118,2.15704824976348,9,0.08178456
118,2.15704824976348,10,0.08170629
118,2.15704824976348,11,0.08186875
118,2.15704824976348,12,0.08209143
118,2.15704824976348,13,0.08182146
118,2.15704824976348,14,0.0817031
118,2.15704824976348,15,0.08184604
119,2.16742454298532,0,0.08223952
119,2.16742454298532,1,0.08204422
119,2.16742454298532,2,0.08212067
119,2.16742454298532,3,0.08236089
119,2.16742454298532,4,0.08197344
119,2.16742454298532,5,0.082113
119,2.16742454298532,6,0.08185613
119,2.16742454298532,7,0.08243711
119,2.16742454298532,8,0.0822864
119,2.16742454298532,9,0.08241425
119,2.16742454298532,10,0.08235747
119,2.16742454298532,11,0.0823417
119,2.16742454298532,12,0.08241166
119,2.16742454298532,13,0.08245517
119,2.16742454298532,14,0.08247035
119,2.16742454298532,15,0.0825762
120,2.17719046601764,0,0.08220846
120,2.17719046601764,1,0.08216204
120,2.17719046601764,2,0.08236981
120,2.17719046601764,3,0.08229057
120,2.17719046601764,4,0.08237877
120,2.17719046601764,5,0.08207551
120,2.17719046601764,6,0.08210704
120,2.17719046601764,7,0.08203011
120,2.17719046601764,8,0.08187874
120,2.17719046601764,9,0.08217988
120,2.17719046601764,10,0.08218178
120,2.17719046601764,11,0.08202596
120,2.17719046601764,12,0.08202845
120,2.17719046601764,13,0.08191055
120,2.17719046601764,14,0.08256263
120,2.17719046601764,15,0.082127
121,2.18695638904996,0,0.08201198
121,2.18695638904996,1,0.08212215
121,2.18695638904996,2,0.08215627
121,2.18695638904996,3,0.08202843
121,2.18695638904996,4,0.08210208
121,2.18695638904996,5,0.08218921
121,2.18695638904996,6,0.08206618
121,2.18695638904996,7,0.0819631
121,2.18695638904996,8,0.08218833
121,2.18695638904996,9,0.08206258
121,2.18695638904996,10,0.08187898
121,2.18695638904996,11,0.08212232
121,2.18695638904996,12,0.08197999
121,2.18695638904996,13,0.08197962
121,2.18695638904996,14,0.08192357
121,2.18695638904996,15,0.08197132
122,2.1973326822718,0,0.08186965
122,2.1973326822718,1,0.08176702
122,2.1973326822718,2,0.08207104
122,2.1973326822718,3,0.08190405
122,2.1973326822718,4,0.08187851
122,2.1973326822718,5,0.08218808
122,2.1973326822718,6,0.08222257
122,2.1973326822718,7,0.08210071
122,2.1973326822718,8,0.08238009
122,2.1973326822718,9,0.08218319
122,2.1973326822718,10,0.0821683
122,2.1973326822718,11,0.08211625
122,2.1973326822718,12,0.08215248
122,2.1973326822718,13,0.08221667
122,2.1973326822718,14,0.08231514
122,2.1973326822718,15,0.08255825
123,2.20709860530412,0,0.08200791
123,2.20709860530412,1,0.08200926
123,2.20709860530412,2,0.08213867
123,2.20709860530412,3,0.08200017
123,2.20709860530412,4,0.0820317
123,2.20709860530412,5,0.08201718
123,2.20709860530412,6,0.08206309
123,2.20709860530412,7,0.08197218
123,2.20709860530412,8,0.08223473
123,2.20709860530412,9,0.08204617
123,2.20709860530412,10,0.08183299
123,2.20709860530412,11,0.08179455
123,2.20709860530412,12,0.08214021
123,2.20709860530412,13,0.0819801
123,2.20709860530412,14,0.08225185
123,2.20709860530412,15,0.08197443
124,2.21747489852596,0,0.08210862
124,2.21747489852596,1,0.08191745
124,2.21747489852596,2,0.08211802
124,2.21747489852596,3,0.08233986
124,2.21747489852596,4,0.08227789
124,2.21747489852596,5,0.08236545
124,2.21747489852596,6,0.08221884
124,2.21747489852596,7,0.08238598
124,2.21747489852596,8,0.08216287
124,2.21747489852596,9,0.08202721
124,2.21747489852596,10,0.0820733
124,2.21747489852596,11,0.08214149
124,2.21747489852596,12,0.08204835
124,2.21747489852596,13,0.08199359
124,2.21747489852596,14,0.0819018
124,2.21747489852596,15,0.08200703
125,2.2278511917478,0,0.0823133
125,2.2278511917478,1,0.0819976
125,2.2278511917478,2,0.08216306
125,2.2278511917478,3,0.08193956
125,2.2278511917478,4,0.08217953
125,2.2278511917478,5,0.08215315
125,2.2278511917478,6,0.0821803
125,2.2278511917478,7,0.0822302
125,2.2278511917478,8,0.08201511
125,2.2278511917478,9,0.08239751
125,2.2278511917478,10,0.08195779
125,2.2278511917478,11,0.0821458
125,2.2278511917478,12,0.08195258
125,2.2278511917478,13,0.08213419
125,2.2278511917478,14,0.08233184
125,2.2278511917478,15,0.08229075
126,2.23639637440107,0,0.0821424
126,2.23639637440107,1,0.08208647
126,2.23639637440107,2,0.08200017
126,2.23639637440107,3,0.08217184
126,2.23639637440107,4,0.08224759
126,2.23639637440107,5,0.08196971
126,2.23639637440107,6,0.08225078
126,2.23639637440107,7,0.0822437
126,2.23639637440107,8,0.08208625
126,2.23639637440107,9,0.08240664
126,2.23639637440107,10,0.08243805
126,2.23639637440107,11,0.08198364
126,2.23639637440107,12,0.08206033
126,2.23639637440107,13,0.08220108
126,2.23639637440107,14,0.08194976
126,2.23639637440107,15,0.08205619
127,2.24677266762291,0,0.08225232
127,2.24677266762291,1,0.08208084
127,2.24677266762291,2,0.08207823
127,2.24677266762291,3,0.08201903
127,2.24677266762291,4,0.08209416
127,2.24677266762291,5,0.08194193
127,2.24677266762291,6,0.08182807
127,2.24677266762291,7,0.08187009
127,2.24677266762291,8,0.08218088
127,2.24677266762291,9,0.0819798
127,2.24677266762291,10,0.08191793
127,2.24677266762291,11,0.08203506
127,2.24677266762291,12,0.08220072
127,2.24677266762291,13,0.08200318
127,2.24677266762291,14,0.08208596
127,2.24677266762291,15,0.08202816
128,2.25714896084475,0,0.08195017
128,2.25714896084475,1,0.08208684
128,2.25714896084475,2,0.08221288
128,2.25714896084475,3,0.08200519
128,2.25714896084475,4,0.0824514
128,2.25714896084475,5,0.08187034
128,2.25714896084475,6,0.08216058
128,2.25714896084475,7,0.08221625
128,2.25714896084475,8,0.0818476
128,2.25714896084475,9,0.0823058
128,2.25714896084475,10,0.08230244
128,2.25714896084475,11,0.08246581
128,2.25714896084475,12,0.08238999
128,2.25714896084475,13,0.08234572
128,2.25714896084475,14,0.0823159
128,2.25714896084475,15,0.08227092
129,2.26691488387707,0,0.08216258
129,2.26691488387707,1,0.08229323
129,2.26691488387707,2,0.0824504
129,2.26691488387707,3,0.0826209
129,2.26691488387707,4,0.08239748
129,2.26691488387707,5,0.08230411
129,2.26691488387707,6,0.08240234
129,2.26691488387707,7,0.08241969
129,2.26691488387707,8,0.08242495
129,2.26691488387707,9,0.0821542
129,2.26691488387707,10,0.08228958
129,2.26691488387707,11,0.08231532
129,2.26691488387707,12,0.08214848
129,2.26691488387707,13,0.08254232
129,2.26691488387707,14,0.08215413
129,2.26691488387707,15,0.08221938
130,2.27729117709891,0,0.08243056
130,2.27729117709891,1,0.08237187
130,2.27729117709891,2,0.08248428
130,2.27729117709891,3,0.08230805
130,2.27729117709891,4,0.08204464
130,2.27729117709891,5,0.0820794
130,2.27729117709891,6,0.08219758
130,2.27729117709891,7,0.08214289
130,2.27729117709891,8,0.08210404
130,2.27729117709891,9,0.0820827
130,2.27729117709891,10,0.08224723
130,2.27729117709891,11,0.08224818
130,2.27729117709891,12,0.08195321
130,2.27729117709891,13,0.08235983
130,2.27729117709891,14,0.08208796
130,2.27729117709891,15,0.08232228
131,2.28705710013123,0,0.0823531
131,2.28705710013123,1,0.08234054
131,2.28705710013123,2,0.08243847
131,2.28705710013123,3,0.08255312
131,2.28705710013123,4,0.08239183
131,2.28705710013123,5,0.08226295
131,2.28705710013123,6,0.08232865
131,2.28705710013123,7,0.08209575
131,2.28705710013123,8,0.0819822
131,2.28705710013123,9,0.0822316
131,2.28705710013123,10,0.08238174
131,2.28705710013123,11,0.08244685
131,2.28705710013123,12,0.08199479
131,2.28705710013123,13,0.08203643
131,2.28705710013123,14,0.08213441
131,2.28705710013123,15,0.08214588
132,2.29743339335307,0,0.08213536
132,2.29743339335307,1,0.08236998
132,2.29743339335307,2,0.08227818
132,2.29743339335307,3,0.08223538
132,2.29743339335307,4,0.08232725
132,2.29743339335307,5,0.08209506
132,2.29743339335307,6,0.08218461
132,2.29743339335307,7,0.08237801
132,2.29743339335307,8,0.08248033
132,2.29743339335307,9,0.08239785
132,2.29743339335307,10,0.08239673
132,2.29743339335307,11,0.08232205
132,2.29743339335307,12,0.08257874
132,2.29743339335307,13,0.08232364
132,2.29743339335307,14,0.0825347
132,2.29743339335307,15,0.08230185
133,2.30719931638539,0,0.08228786
133,2.30719931638539,1,0.08233085
133,2.30719931638539,2,0.0821503
133,2.30719931638539,3,0.0824798
133,2.30719931638539,4,0.08249915
133,2.30719931638539,5,0.08238085
133,2.30719931638539,6,0.08254752
133,2.30719931638539,7,0.08253481
133,2.30719931638539,8,0.08226719
133,2.30719931638539,9,0.08250985
133,2.30719931638539,10,0.08254603
133,2.30719931638539,11,0.08248652
133,2.30719931638539,12,0.0823257
133,2.30719931638539,13,0.08235239
133,2.30719931638539,14,0.0822071
133,2.30719931638539,15,0.08224789
134,2.31696523941771,0,0.08204356
134,2.31696523941771,1,0.08219199
134,2.31696523941771,2,0.08253328
134,2.31696523941771,3,0.0825246
134,2.31696523941771,4,0.08233633
134,2.31696523941771,5,0.08208553
134,2.31696523941771,6,0.08232063
134,2.31696523941771,7,0.08265307
134,2.31696523941771,8,0.08235363
134,2.31696523941771,9,0.08241916
134,2.31696523941771,10,0.08252867
134,2.31696523941771,11,0.08259728
134,2.31696523941771,12,0.08232655
134,2.31696523941771,13,0.08256853
134,2.31696523941771,14,0.08215716
134,2.31696523941771,15,0.08231217
135,2.32795190282907,0,0.082146
135,2.32795190282907,1,0.08254137
135,2.32795190282907,2,0.08237316
135,2.32795190282907,3,0.08250642
135,2.32795190282907,4,0.08231154
135,2.32795190282907,5,0.08218064
135,2.32795190282907,6,0.08236255
135,2.32795190282907,7,0.08231449
135,2.32795190282907,8,0.08230681
135,2.32795190282907,9,0.08229737
135,2.32795190282907,10,0.0825295
135,2.32795190282907,11,0.08262479
135,2.32795190282907,12,0.08231243
135,2.32795190282907,13,0.08233918
135,2.32795190282907,14,0.08229648
135,2.32795190282907,15,0.08235411
136,2.33710745567187,0,0.0825517
136,2.33710745567187,1,0.08227878
136,2.33710745567187,2,0.08245676
136,2.33710745567187,3,0.08251291
136,2.33710745567187,4,0.08243428
136,2.33710745567187,5,0.08226649
136,2.33710745567187,6,0.08215716
136,2.33710745567187,7,0.08180186
136,2.33710745567187,8,0.08219318
136,2.33710745567187,9,0.08220167
136,2.33710745567187,10,0.0823874
136,2.33710745567187,11,0.08217782
136,2.33710745567187,12,0.08275786
136,2.33710745567187,13,0.08231597
136,2.33710745567187,14,0.08248434
136,2.33710745567187,15,0.0824974
137,2.34809411908322,0,0.08222658
137,2.34809411908322,1,0.08235262
137,2.34809411908322,2,0.08245458
137,2.34809411908322,3,0.08211979
137,2.34809411908322,4,0.08240978
137,2.34809411908322,5,0.08195565
137,2.34809411908322,6,0.08217983
137,2.34809411908322,7,0.08203318
137,2.34809411908322,8,0.08207635
137,2.34809411908322,9,0.0819931
137,2.34809411908322,10,0.08215153
137,2.34809411908322,11,0.08236283
137,2.34809411908322,12,0.08218951
137,2.34809411908322,13,0.08216301
137,2.34809411908322,14,0.08217711
137,2.34809411908322,15,0.08212451
138,2.35786004211554,0,0.0821133
138,2.35786004211554,1,0.08215976
138,2.35786004211554,2,0.08210549
138,2.35786004211554,3,0.08214394
138,2.35786004211554,4,0.08223189
138,2.35786004211554,5,0.08221661
138,2.35786004211554,6,0.08204747
138,2.35786004211554,7,0.08233876
138,2.35786004211554,8,0.0825654
138,2.35786004211554,9,0.08245353
138,2.35786004211554,10,0.08247578
138,2.35786004211554,11,0.08237571
138,2.35786004211554,12,0.08268501
138,2.35786004211554,13,0.0823956
138,2.35786004211554,14,0.08242412
138,2.35786004211554,15,0.08230924
139,2.36640522476882,0,0.08203885
139,2.36640522476882,1,0.08187937
139,2.36640522476882,2,0.08208968
139,2.36640522476882,3,0.08236531
139,2.36640522476882,4,0.08216318
139,2.36640522476882,5,0.08210219
139,2.36640522476882,6,0.08225593
139,2.36640522476882,7,0.08208349
139,2.36640522476882,8,0.08219288
139,2.36640522476882,9,0.08216884
139,2.36640522476882,10,0.08222806
139,2.36640522476882,11,0.08232475
139,2.36640522476882,12,0.08217356
139,2.36640522476882,13,0.08200946
139,2.36640522476882,14,0.0822577
139,2.36640522476882,15,0.0821806
140,2.37739188818018,0,0.08173168
140,2.37739188818018,1,0.08198261
140,2.37739188818018,2,0.08209097
140,2.37739188818018,3,0.08193801
140,2.37739188818018,4,0.08213814
140,2.37739188818018,5,0.08213826
140,2.37739188818018,6,0.08171768
140,2.37739188818018,7,0.08194429
140,2.37739188818018,8,0.08221281
140,2.37739188818018,9,0.0821186
140,2.37739188818018,10,0.08204646
140,2.37739188818018,11,0.08204372
140,2.37739188818018,12,0.08202952
140,2.37739188818018,13,0.08205827
140,2.37739188818018,14,0.08191799
140,2.37739188818018,15,0.08195573
141,2.3871578112125,0,0.08194941
141,2.3871578112125,1,0.08204716
141,2.3871578112125,2,0.08197567
141,2.3871578112125,3,0.08187345
141,2.3871578112125,4,0.08191112
141,2.3871578112125,5,0.08185873
141,2.3871578112125,6,0.08208011
141,2.3871578112125,7,0.08210243
141,2.3871578112125,8,0.08197092
141,2.3871578112125,9,0.08205508
141,2.3871578112125,10,0.08190978
141,2.3871578112125,11,0.08224063
141,2.3871578112125,12,0.0820078
141,2.3871578112125,13,0.08174141
141,2.3871578112125,14,0.08183812
141,2.3871578112125,15,0.08198336
142,2.39692373424482,0,0.08222805
142,2.39692373424482,1,0.08220249
142,2.39692373424482,2,0.08237861
142,2.39692373424482,3,0.08206806
142,2.39692373424482,4,0.08233734
142,2.39692373424482,5,0.08208608
142,2.39692373424482,6,0.08211233
142,2.39692373424482,7,0.08212484
142,2.39692373424482,8,0.08192331
142,2.39692373424482,9,0.08215947
142,2.39692373424482,10,0.08229484
142,2.39692373424482,11,0.08219554
142,2.39692373424482,12,0.08197602
142,2.39692373424482,13,0.08201742
142,2.39692373424482,14,0.08200998
142,2.39692373424482,15,0.08170032
143,2.40730002746666,0,0.08201358
143,2.40730002746666,1,0.08228225
143,2.40730002746666,2,0.08228088
143,2.40730002746666,3,0.08214515
143,2.40730002746666,4,0.08225475
143,2.40730002746666,5,0.08207498
143,2.40730002746666,6,0.0821856
143,2.40730002746666,7,0.08220473
143,2.40730002746666,8,0.08201789
143,2.40730002746666,9,0.08212782
143,2.40730002746666,10,0.08212717
143,2.40730002746666,11,0.08203282
143,2.40730002746666,12,0.08233449
143,2.40730002746666,13,0.08195142
143,2.40730002746666,14,0.08215992
143,2.40730002746666,15,0.08215927
144,2.41706595049898,0,0.08201612
144,2.41706595049898,1,0.08199953
144,2.41706595049898,2,0.08209693
144,2.41706595049898,3,0.08207645
144,2.41706595049898,4,0.08202362
144,2.41706595049898,5,0.0821692
144,2.41706595049898,6,0.08172364
144,2.41706595049898,7,0.08240192
144,2.41706595049898,8,0.08215722
144,2.41706595049898,9,0.08198205
144,2.41706595049898,10,0.08238079
144,2.41706595049898,11,0.08211613
144,2.41706595049898,12,0.08215608
144,2.41706595049898,13,0.08175523
144,2.41706595049898,14,0.08198629
144,2.41706595049898,15,0.08196316
145,2.42744224372082,0,0.08218662
145,2.42744224372082,1,0.08216123
145,2.42744224372082,2,0.0823443
145,2.42744224372082,3,0.08231201
145,2.42744224372082,4,0.08203843
145,2.42744224372082,5,0.08208696
145,2.42744224372082,6,0.08200867
145,2.42744224372082,7,0.08217634
145,2.42744224372082,8,0.08237369
145,2.42744224372082,9,0.0822043
145,2.42744224372082,10,0.08185017
145,2.42744224372082,11,0.08195394
145,2.42744224372082,12,0.08217446
145,2.42744224372082,13,0.08195863
145,2.42744224372082,14,0.08224144
145,2.42744224372082,15,0.08245128
146,2.43781853694266,0,0.08217564
146,2.43781853694266,1,0.08244532
146,2.43781853694266,2,0.08249396
146,2.43781853694266,3,0.08237766
146,2.43781853694266,4,0.08270183
146,2.43781853694266,5,0.0824753
146,2.43781853694266,6,0.0824769
146,2.43781853694266,7,0.08241391
146,2.43781853694266,8,0.08254816
146,2.43781853694266,9,0.08247466
146,2.43781853694266,10,0.0821881
146,2.43781853694266,11,0.08218986
146,2.43781853694266,12,0.08249284
146,2.43781853694266,13,0.08238132
146,2.43781853694266,14,0.08215386
146,2.43781853694266,15,0.08239472
147,2.44697408978546,0,0.08217145
147,2.44697408978546,1,0.0822143
147,2.44697408978546,2,0.08218827
147,2.44697408978546,3,0.08218762
147,2.44697408978546,4,0.08225334
147,2.44697408978546,5,0.08241449
147,2.44697408978546,6,0.08230375
147,2.44697408978546,7,0.08228403
147,2.44697408978546,8,0.08222529
147,2.44697408978546,9,0.08234819
147,2.44697408978546,10,0.08218437
147,2.44697408978546,11,0.08247814
147,2.44697408978546,12,0.08242047
147,2.44697408978546,13,0.08245351
147,2.44697408978546,14,0.08238209
147,2.44697408978546,15,0.08187047
148,2.45735038300729,0,0.08227144
148,2.45735038300729,1,0.08232772
148,2.45735038300729,2,0.08183369
148,2.45735038300729,3,0.08172406
148,2.45735038300729,4,0.08189662
148,2.45735038300729,5,0.08205791
148,2.45735038300729,6,0.08227592
148,2.45735038300729,7,0.08212638
148,2.45735038300729,8,0.0821206
148,2.45735038300729,9,0.08231308
148,2.45735038300729,10,0.08188588
148,2.45735038300729,11,0.08231201
148,2.45735038300729,12,0.08238516
148,2.45735038300729,13,0.08220079
148,2.45735038300729,14,0.08231892
148,2.45735038300729,15,0.08228461
149,2.46711630603961,0,0.08186904
149,2.46711630603961,1,0.08211595
149,2.46711630603961,2,0.08181644
149,2.46711630603961,3,0.08201298
149,2.46711630603961,4,0.08184422
149,2.46711630603961,5,0.08226194
149,2.46711630603961,6,0.08199344
149,2.46711630603961,7,0.0817063
149,2.46711630603961,8,0.08170476
149,2.46711630603961,9,0.08163925
149,2.46711630603961,10,0.08180228
149,2.46711630603961,11,0.08178683
149,2.46711630603961,12,0.08184206
149,2.46711630603961,13,0.08169179
149,2.46711630603961,14,0.08166214
149,2.46711630603961,15,0.08173347
150,2.47749259926145,0,0.08196168
150,2.47749259926145,1,0.08208477
150,2.47749259926145,2,0.08210244
150,2.47749259926145,3,0.08229659
150,2.47749259926145,4,0.08226578
150,2.47749259926145,5,0.08203951
150,2.47749259926145,6,0.08190744
150,2.47749259926145,7,0.08204806
150,2.47749259926145,8,0.08211596
150,2.47749259926145,9,0.08219576
150,2.47749259926145,10,0.08233125
150,2.47749259926145,11,0.08211441
150,2.47749259926145,12,0.08184492
150,2.47749259926145,13,0.08204665
150,2.47749259926145,14,0.08237082
150,2.47749259926145,15,0.0823351
151,2.48664815210425,0,0.0822146
151,2.48664815210425,1,0.08198145
151,2.48664815210425,2,0.08214965
151,2.48664815210425,3,0.08224158
151,2.48664815210425,4,0.08210432
151,2.48664815210425,5,0.08208842
151,2.48664815210425,6,0.08219919
151,2.48664815210425,7,0.08204594
151,2.48664815210425,8,0.08236148
151,2.48664815210425,9,0.08215964
151,2.48664815210425,10,0.08226146
151,2.48664815210425,11,0.08222605
151,2.48664815210425,12,0.08209333
151,2.48664815210425,13,0.0820742
151,2.48664815210425,14,0.08210532
151,2.48664815210425,15,0.08210692
152,2.49763481551561,0,0.08197255
152,2.49763481551561,1,0.08228739
152,2.49763481551561,2,0.08211528
152,2.49763481551561,3,0.08206382
152,2.49763481551561,4,0.08211382
152,2.49763481551561,5,0.08228621
152,2.49763481551561,6,0.08216519
152,2.49763481551561,7,0.08210421
152,2.49763481551561,8,0.08212262
152,2.49763481551561,9,0.08231319
152,2.49763481551561,10,0.08207107
152,2.49763481551561,11,0.08234501
152,2.49763481551561,12,0.08213189
152,2.49763481551561,13,0.08213902
152,2.49763481551561,14,0.08227959
152,2.49763481551561,15,0.08235599
153,2.50801110873745,0,0.0822003
153,2.50801110873745,1,0.08233509
153,2.50801110873745,2,0.08229949
153,2.50801110873745,3,0.08236496
153,2.50801110873745,4,0.08220108
153,2.50801110873745,5,0.08188605
153,2.50801110873745,6,0.08191504
153,2.50801110873745,7,0.08231094
153,2.50801110873745,8,0.08214576
153,2.50801110873745,9,0.0824171
153,2.50801110873745,10,0.08216264
153,2.50801110873745,11,0.08216825
153,2.50801110873745,12,0.08190873
153,2.50801110873745,13,0.08197509
153,2.50801110873745,14,0.08200355
153,2.50801110873745,15,0.08199114
154,2.51838740195929,0,0.08224671
154,2.51838740195929,1,0.0821114
154,2.51838740195929,2,0.08237659
154,2.51838740195929,3,0.08249969
154,2.51838740195929,4,0.08236909
154,2.51838740195929,5,0.08253446
154,2.51838740195929,6,0.08203849
154,2.51838740195929,7,0.08214759
154,2.51838740195929,8,0.08231118
154,2.51838740195929,9,0.08236855
154,2.51838740195929,10,0.08202704
154,2.51838740195929,11,0.08222429
154,2.51838740195929,12,0.08222694
154,2.51838740195929,13,0.08203781
154,2.51838740195929,14,0.08199976
154,2.51838740195929,15,0.08236603
155,2.52754295480209,0,0.08233615
155,2.52754295480209,1,0.08220913
155,2.52754295480209,2,0.08219889
155,2.52754295480209,3,0.08256286
155,2.52754295480209,4,0.08226207
155,2.52754295480209,5,0.08222416
155,2.52754295480209,6,0.08241202
155,2.52754295480209,7,0.08235209
155,2.52754295480209,8,0.08251687
155,2.52754295480209,9,0.082228
155,2.52754295480209,10,0.08243115
155,2.52754295480209,11,0.08244461
155,2.52754295480209,12,0.08230475
155,2.52754295480209,13,0.08268265
155,2.52754295480209,14,0.08233155
155,2.52754295480209,15,0.08239502
156,2.53791924802393,0,0.08246515
156,2.53791924802393,1,0.08247147
156,2.53791924802393,2,0.08230315
156,2.53791924802393,3,0.08236349
156,2.53791924802393,4,0.08214872
156,2.53791924802393,5,0.08229164
156,2.53791924802393,6,0.08233497
156,2.53791924802393,7,0.08231331
156,2.53791924802393,8,0.08216868
156,2.53791924802393,9,0.08225131
156,2.53791924802393,10,0.082407
156,2.53791924802393,11,0.08240394
156,2.53791924802393,12,0.0824312
156,2.53791924802393,13,0.08218752
156,2.53791924802393,14,0.0821359
156,2.53791924802393,15,0.08256782
157,2.54768517105625,0,0.08234129
157,2.54768517105625,1,0.08251332
157,2.54768517105625,2,0.08254644
157,2.54768517105625,3,0.08240782
157,2.54768517105625,4,0.08277044
157,2.54768517105625,5,0.08227392
157,2.54768517105625,6,0.08234631
157,2.54768517105625,7,0.08233545
157,2.54768517105625,8,0.0823772
157,2.54768517105625,9,0.082326
157,2.54768517105625,10,0.08220999
157,2.54768517105625,11,0.08216099
157,2.54768517105625,12,0.08231832
157,2.54768517105625,13,0.08221967
157,2.54768517105625,14,0.08233533
157,2.54768517105625,15,0.08258542
158,2.55806146427808,0,0.08257218
158,2.55806146427808,1,0.08230196
158,2.55806146427808,2,0.08249343
158,2.55806146427808,3,0.08264923
158,2.55806146427808,4,0.08241303
158,2.55806146427808,5,0.08220758
158,2.55806146427808,6,0.0820256
158,2.55806146427808,7,0.08208861
158,2.55806146427808,8,0.08240452
158,2.55806146427808,9,0.08238409
158,2.55806146427808,10,0.08254644
158,2.55806146427808,11,0.08232322
158,2.55806146427808,12,0.08253039
158,2.55806146427808,13,0.08228403
158,2.55806146427808,14,0.08238599
158,2.55806146427808,15,0.08242872
159,2.56843775749992,0,0.08246202
159,2.56843775749992,1,0.08246066
159,2.56843775749992,2,0.08219583
159,2.56843775749992,3,0.08273944
159,2.56843775749992,4,0.08235528
159,2.56843775749992,5,0.08223827
159,2.56843775749992,6,0.08263459
159,2.56843775749992,7,0.0824103
159,2.56843775749992,8,0.08248547
159,2.56843775749992,9,0.0824132
159,2.56843775749992,10,0.08248393
159,2.56843775749992,11,0.08215649
159,2.56843775749992,12,0.08231715
159,2.56843775749992,13,0.08231791
159,2.56843775749992,14,0.08257898
159,2.56843775749992,15,0.08265974
160,2.57759331034272,0,0.08263577
160,2.57759331034272,1,0.08234288
160,2.57759331034272,2,0.08240363
160,2.57759331034272,3,0.08266889
160,2.57759331034272,4,0.08259149
160,2.57759331034272,5,0.08279866
160,2.57759331034272,6,0.08276028
160,2.57759331034272,7,0.08251486
160,2.57759331034272,8,0.08228265
160,2.57759331034272,9,0.08255731
160,2.57759331034272,10,0.08243303
160,2.57759331034272,11,0.08237364
160,2.57759331034272,12,0.08217416
160,2.57759331034272,13,0.08217085
160,2.57759331034272,14,0.08223744
160,2.57759331034272,15,0.08220219
161,2.58796960356456,0,0.08230835
161,2.58796960356456,1,0.08207835
161,2.58796960356456,2,0.08227576
161,2.58796960356456,3,0.08234471
161,2.58796960356456,4,0.08232842
161,2.58796960356456,5,0.08235168
161,2.58796960356456,6,0.08244738
161,2.58796960356456,7,0.08219146
161,2.58796960356456,8,0.08214269
161,2.58796960356456,9,0.08218803
161,2.58796960356456,10,0.08186588
161,2.58796960356456,11,0.08216607
161,2.58796960356456,12,0.08219583
161,2.58796960356456,13,0.08208596
161,2.58796960356456,14,0.08215225
161,2.58796960356456,15,0.08216701
162,2.59773552659688,0,0.08202536
162,2.59773552659688,1,0.08221933
162,2.59773552659688,2,0.08228244
162,2.59773552659688,3,0.08255094
162,2.59773552659688,4,0.08193985
162,2.59773552659688,5,0.08213749
162,2.59773552659688,6,0.08193579
162,2.59773552659688,7,0.08225475
162,2.59773552659688,8,0.08237612
162,2.59773552659688,9,0.08236438
162,2.59773552659688,10,0.08201281
162,2.59773552659688,11,0.08216543
162,2.59773552659688,12,0.08230143
162,2.59773552659688,13,0.0821696
162,2.59773552659688,14,0.08212851
162,2.59773552659688,15,0.0822564
163,2.60872219000824,0,0.0823534
163,2.60872219000824,1,0.08214812
163,2.60872219000824,2,0.08227642
163,2.60872219000824,3,0.08228533
163,2.60872219000824,4,0.08203353
163,2.60872219000824,5,0.08227713
163,2.60872219000824,6,0.08229624
163,2.60872219000824,7,0.08213314
163,2.60872219000824,8,0.08210281
163,2.60872219000824,9,0.08215486
163,2.60872219000824,10,0.08229133
163,2.60872219000824,11,0.08254267
163,2.60872219000824,12,0.08261416
163,2.60872219000824,13,0.08204481
163,2.60872219000824,14,0.08221886
163,2.60872219000824,15,0.08248086
164,2.61787774285104,0,0.08221567
164,2.61787774285104,1,0.08224381
164,2.61787774285104,2,0.08234064
164,2.61787774285104,3,0.08249331
164,2.61787774285104,4,0.08231833
164,2.61787774285104,5,0.08234754
164,2.61787774285104,6,0.08261889
164,2.61787774285104,7,0.08239938
164,2.61787774285104,8,0.08256652
164,2.61787774285104,9,0.0826523
164,2.61787774285104,10,0.08252307
164,2.61787774285104,11,0.0825811
164,2.61787774285104,12,0.0826814
164,2.61787774285104,13,0.08240317
164,2.61787774285104,14,0.08234969
164,2.61787774285104,15,0.08257744
165,2.62825403607288,0,0.08213537
165,2.62825403607288,1,0.08220808
165,2.62825403607288,2,0.08236018
165,2.62825403607288,3,0.08204062
165,2.62825403607288,4,0.08204599
165,2.62825403607288,5,0.08189586
165,2.62825403607288,6,0.08195571
165,2.62825403607288,7,0.08227576
165,2.62825403607288,8,0.08254019
165,2.62825403607288,9,0.08225574
165,2.62825403607288,10,0.08234158
165,2.62825403607288,11,0.08237423
165,2.62825403607288,12,0.0824772
165,2.62825403607288,13,0.08205255
165,2.62825403607288,14,0.08216382
165,2.62825403607288,15,0.08216695
166,2.63740958891568,0,0.08232849
166,2.63740958891568,1,0.08241905
166,2.63740958891568,2,0.08250908
166,2.63740958891568,3,0.08217096
166,2.63740958891568,4,0.08234188
166,2.63740958891568,5,0.08234897
166,2.63740958891568,6,0.08255967
166,2.63740958891568,7,0.08240583
166,2.63740958891568,8,0.08241769
166,2.63740958891568,9,0.08198297
166,2.63740958891568,10,0.08228078
166,2.63740958891568,11,0.0820066
166,2.63740958891568,12,0.08246604
166,2.63740958891568,13,0.08201569
166,2.63740958891568,14,0.0822268
166,2.63740958891568,15,0.08186977
167,2.64778588213752,0,0.08230275
167,2.64778588213752,1,0.0821088
167,2.64778588213752,2,0.08209452
167,2.64778588213752,3,0.08231001
167,2.64778588213752,4,0.08211321
167,2.64778588213752,5,0.08218367
167,2.64778588213752,6,0.08224311
167,2.64778588213752,7,0.08236183
167,2.64778588213752,8,0.08235156
167,2.64778588213752,9,0.08231396
167,2.64778588213752,10,0.08253971
167,2.64778588213752,11,0.08243959
167,2.64778588213752,12,0.08233876
167,2.64778588213752,13,0.08273967
167,2.64778588213752,14,0.0825941
167,2.64778588213752,15,0.08217475
168,2.65816217535936,0,0.0822129
168,2.65816217535936,1,0.08238079
168,2.65816217535936,2,0.08234718
168,2.65816217535936,3,0.08230339
168,2.65816217535936,4,0.08206859
168,2.65816217535936,5,0.08219049
168,2.65816217535936,6,0.08206229
168,2.65816217535936,7,0.08200294
168,2.65816217535936,8,0.08226863
168,2.65816217535936,9,0.08226278
168,2.65816217535936,10,0.08213449
168,2.65816217535936,11,0.08200957
168,2.65816217535936,12,0.0821254
168,2.65816217535936,13,0.0821408
168,2.65816217535936,14,0.08223987
168,2.65816217535936,15,0.08216749
169,2.66792809839167,0,0.08202065
169,2.66792809839167,1,0.0821007
169,2.66792809839167,2,0.08218408
169,2.66792809839167,3,0.08213597
169,2.66792809839167,4,0.08216389
169,2.66792809839167,5,0.0821662
169,2.66792809839167,6,0.08211147
169,2.66792809839167,7,0.08188357
169,2.66792809839167,8,0.08235151
169,2.66792809839167,9,0.08196085
169,2.66792809839167,10,0.0821359
169,2.66792809839167,11,0.0821627
169,2.66792809839167,12,0.0823064
169,2.66792809839167,13,0.08214192
169,2.66792809839167,14,0.08235067
169,2.66792809839167,15,0.08197238
170,2.67769402142399,0,0.0821761
170,2.67769402142399,1,0.08224205
170,2.67769402142399,2,0.08234482
170,2.67769402142399,3,0.08250955
170,2.67769402142399,4,0.08227823
170,2.67769402142399,5,0.08235269
170,2.67769402142399,6,0.08230175
170,2.67769402142399,7,0.08233786
170,2.67769402142399,8,0.08257266
170,2.67769402142399,9,0.08256191
170,2.67769402142399,10,0.08234478
170,2.67769402142399,11,0.08229554
170,2.67769402142399,12,0.0822094
170,2.67769402142399,13,0.08238934
170,2.67769402142399,14,0.08240817
170,2.67769402142399,15,0.08250146
171,2.68807031464583,0,0.08243068
171,2.68807031464583,1,0.08206894
171,2.68807031464583,2,0.08241686
171,2.68807031464583,3,0.08240263
171,2.68807031464583,4,0.08249379
171,2.68807031464583,5,0.08272345
171,2.68807031464583,6,0.08244561
171,2.68807031464583,7,0.0826245
171,2.68807031464583,8,0.0823776
171,2.68807031464583,9,0.08247378
171,2.68807031464583,10,0.08235847
171,2.68807031464583,11,0.0823437
171,2.68807031464583,12,0.08223981
171,2.68807031464583,13,0.08233404
171,2.68807031464583,14,0.08245305
171,2.68807031464583,15,0.08241515
172,2.69783623767815,0,0.0824625
172,2.69783623767815,1,0.08245783
172,2.69783623767815,2,0.08249202
172,2.69783623767815,3,0.08250489
172,2.69783623767815,4,0.08223243
172,2.69783623767815,5,0.08226921
172,2.69783623767815,6,0.08259775
172,2.69783623767815,7,0.08246462
172,2.69783623767815,8,0.08234691
172,2.69783623767815,9,0.08241922
172,2.69783623767815,10,0.08246816
172,2.69783623767815,11,0.08261576
172,2.69783623767815,12,0.08224671
172,2.69783623767815,13,0.08253317
172,2.69783623767815,14,0.08253794
172,2.69783623767815,15,0.08255406
173,2.70699179052095,0,0.08243982
173,2.70699179052095,1,0.08234154
173,2.70699179052095,2,0.08233528
173,2.70699179052095,3,0.08242512
173,2.70699179052095,4,0.08243757
173,2.70699179052095,5,0.0819885
173,2.70699179052095,6,0.08219092
173,2.70699179052095,7,0.08229712
173,2.70699179052095,8,0.08224022
173,2.70699179052095,9,0.08229624
173,2.70699179052095,10,0.08246268
173,2.70699179052095,11,0.08239431
173,2.70699179052095,12,0.08267839
173,2.70699179052095,13,0.08226614
173,2.70699179052095,14,0.08243109
173,2.70699179052095,15,0.08263098
174,2.71858882412183,0,0.08254272
174,2.71858882412183,1,0.08266529
174,2.71858882412183,2,0.08238274
174,2.71858882412183,3,0.08252402
174,2.71858882412183,4,0.08258618
174,2.71858882412183,5,0.08291377
174,2.71858882412183,6,0.08271199
174,2.71858882412183,7,0.08267078
174,2.71858882412183,8,0.08269847
174,2.71858882412183,9,0.08265036
174,2.71858882412183,10,0.08272097
174,2.71858882412183,11,0.0824913
174,2.71858882412183,12,0.08248215
174,2.71858882412183,13,0.08232665
174,2.71858882412183,14,0.08224352
174,2.71858882412183,15,0.08210225
175,2.72774437696463,0,0.08232389
175,2.72774437696463,1,0.08269504
175,2.72774437696463,2,0.08284637
175,2.72774437696463,3,0.08284517
175,2.72774437696463,4,0.0825341
175,2.72774437696463,5,0.08242843
175,2.72774437696463,6,0.08264091
175,2.72774437696463,7,0.08241397
175,2.72774437696463,8,0.08230238
175,2.72774437696463,9,0.08236886
175,2.72774437696463,10,0.08239111
175,2.72774437696463,11,0.08249503
175,2.72774437696463,12,0.08235729
175,2.72774437696463,13,0.08226242
175,2.72774437696463,14,0.08250795
175,2.72774437696463,15,0.08239567
176,2.73751029999695,0,0.08229117
176,2.73751029999695,1,0.08257254
176,2.73751029999695,2,0.08251705
176,2.73751029999695,3,0.0827248
176,2.73751029999695,4,0.08267456
176,2.73751029999695,5,0.08249609
176,2.73751029999695,6,0.08217622
176,2.73751029999695,7,0.08197468
176,2.73751029999695,8,0.0819287
176,2.73751029999695,9,0.08223809
176,2.73751029999695,10,0.08235038
176,2.73751029999695,11,0.08227535
176,2.73751029999695,12,0.08237813
176,2.73751029999695,13,0.08235269
176,2.73751029999695,14,0.0824459
176,2.73751029999695,15,0.08225091
177,2.74727622302927,0,0.08287817
177,2.74727622302927,1,0.08249532
177,2.74727622302927,2,0.08265661
177,2.74727622302927,3,0.08251239
177,2.74727622302927,4,0.08276831
177,2.74727622302927,5,0.08265585
177,2.74727622302927,6,0.08258753
177,2.74727622302927,7,0.08238392
177,2.74727622302927,8,0.08228189
177,2.74727622302927,9,0.08219464
177,2.74727622302927,10,0.08232646
177,2.74727622302927,11,0.08231425
177,2.74727622302927,12,0.08249018
177,2.74727622302927,13,0.08255424
177,2.74727622302927,14,0.08278466
177,2.74727622302927,15,0.08254042
178,2.75826288644063,0,0.08217403
178,2.75826288644063,1,0.08192236
178,2.75826288644063,2,0.08209146
178,2.75826288644063,3,0.08206206
178,2.75826288644063,4,0.08228283
178,2.75826288644063,5,0.08233445
178,2.75826288644063,6,0.0823489
178,2.75826288644063,7,0.08255028
178,2.75826288644063,8,0.08223609
178,2.75826288644063,9,0.08233657
178,2.75826288644063,10,0.08241119
178,2.75826288644063,11,0.08252697
178,2.75826288644063,12,0.08238056
178,2.75826288644063,13,0.08248688
178,2.75826288644063,14,0.08229122
178,2.75826288644063,15,0.08236165
179,2.76802880947295,0,0.08232797
179,2.76802880947295,1,0.08209227
179,2.76802880947295,2,0.08180831
179,2.76802880947295,3,0.08222794
179,2.76802880947295,4,0.08221164
179,2.76802880947295,5,0.08235665
179,2.76802880947295,6,0.08256965
179,2.76802880947295,7,0.08258688
179,2.76802880947295,8,0.08230345
179,2.76802880947295,9,0.08259952
179,2.76802880947295,10,0.08253057
179,2.76802880947295,11,0.08239945
179,2.76802880947295,12,0.08260838
179,2.76802880947295,13,0.0826124
179,2.76802880947295,14,0.08239353
179,2.76802880947295,15,0.08232335
180,2.77779473250526,0,0.08243274
180,2.77779473250526,1,0.08252272
180,2.77779473250526,2,0.08239313
180,2.77779473250526,3,0.0825762
180,2.77779473250526,4,0.08222971
180,2.77779473250526,5,0.0823701
180,2.77779473250526,6,0.08238001
180,2.77779473250526,7,0.08264109
180,2.77779473250526,8,0.08269068
180,2.77779473250526,9,0.08252501
180,2.77779473250526,10,0.08252531
180,2.77779473250526,11,0.08245423
180,2.77779473250526,12,0.08265212
180,2.77779473250526,13,0.082586
180,2.77779473250526,14,0.08277014
180,2.77779473250526,15,0.08251232
181,2.78695028534806,0,0.08212858
181,2.78695028534806,1,0.08193251
181,2.78695028534806,2,0.08232966
181,2.78695028534806,3,0.08217357
181,2.78695028534806,4,0.08224575
181,2.78695028534806,5,0.08210521
181,2.78695028534806,6,0.0821388
181,2.78695028534806,7,0.0821538
181,2.78695028534806,8,0.08210849
181,2.78695028534806,9,0.08237648
181,2.78695028534806,10,0.08238457
181,2.78695028534806,11,0.08223384
181,2.78695028534806,12,0.08214688
181,2.78695028534806,13,0.08192349
181,2.78695028534806,14,0.08185647
181,2.78695028534806,15,0.08221602
182,2.79793694875942,0,0.08241101
182,2.79793694875942,1,0.08217344
182,2.79793694875942,2,0.08205242
182,2.79793694875942,3,0.08218431
182,2.79793694875942,4,0.08196288
182,2.79793694875942,5,0.08222913
182,2.79793694875942,6,0.08213956
182,2.79793694875942,7,0.08202172
182,2.79793694875942,8,0.08209063
182,2.79793694875942,9,0.08213041
182,2.79793694875942,10,0.08206765
182,2.79793694875942,11,0.08245251
182,2.79793694875942,12,0.0822482
182,2.79793694875942,13,0.08245429
182,2.79793694875942,14,0.08225965
182,2.79793694875942,15,0.08217752
183,2.80770287179174,0,0.08208153
183,2.80770287179174,1,0.08202946
183,2.80770287179174,2,0.08220538
183,2.80770287179174,3,0.08219741
183,2.80770287179174,4,0.08198766
183,2.80770287179174,5,0.08225835
183,2.80770287179174,6,0.08227109
183,2.80770287179174,7,0.08217103
183,2.80770287179174,8,0.08201553
183,2.80770287179174,9,0.08205205
183,2.80770287179174,10,0.08245051
183,2.80770287179174,11,0.08247873
183,2.80770287179174,12,0.08215561
183,2.80770287179174,13,0.08209404
183,2.80770287179174,14,0.08221862
183,2.80770287179174,15,0.08213949
184,2.81807916501358,0,0.08205879
184,2.81807916501358,1,0.08222895
184,2.81807916501358,2,0.08245228
184,2.81807916501358,3,0.08237577
184,2.81807916501358,4,0.08229606
184,2.81807916501358,5,0.08229831
184,2.81807916501358,6,0.0823907
184,2.81807916501358,7,0.08238036
184,2.81807916501358,8,0.08226082
184,2.81807916501358,9,0.08230055
184,2.81807916501358,10,0.08231662
184,2.81807916501358,11,0.08229967
184,2.81807916501358,12,0.08233591
184,2.81807916501358,13,0.08241539
184,2.81807916501358,14,0.0823129
184,2.81807916501358,15,0.08247589
185,2.8278450880459,0,0.08230639
185,2.8278450880459,1,0.08229679
185,2.8278450880459,2,0.08207628
185,2.8278450880459,3,0.08195414
185,2.8278450880459,4,0.08214737
185,2.8278450880459,5,0.08213507
185,2.8278450880459,6,0.08181444
185,2.8278450880459,7,0.08198185
185,2.8278450880459,8,0.08197834
185,2.8278450880459,9,0.08213765
185,2.8278450880459,10,0.0820664
185,2.8278450880459,11,0.08200836
185,2.8278450880459,12,0.08183699
185,2.8278450880459,13,0.08210532
185,2.8278450880459,14,0.08214304
185,2.8278450880459,15,0.08208811
186,2.8370006408887,0,0.08199836
186,2.8370006408887,1,0.08205572
186,2.8370006408887,2,0.08205591
186,2.8370006408887,3,0.08199981
186,2.8370006408887,4,0.08204491
186,2.8370006408887,5,0.0821616
186,2.8370006408887,6,0.08187832
186,2.8370006408887,7,0.08178999
186,2.8370006408887,8,0.08170839
186,2.8370006408887,9,0.08194757
186,2.8370006408887,10,0.08188369
186,2.8370006408887,11,0.08210715
186,2.8370006408887,12,0.08216055
186,2.8370006408887,13,0.08204316
186,2.8370006408887,14,0.08197436
186,2.8370006408887,15,0.08229253
187,2.84859767448958,0,0.0819523
187,2.84859767448958,1,0.08175928
187,2.84859767448958,2,0.0821091
187,2.84859767448958,3,0.08176287
187,2.84859767448958,4,0.08195744
187,2.84859767448958,5,0.08199599
187,2.84859767448958,6,0.08214285
187,2.84859767448958,7,0.08209587
187,2.84859767448958,8,0.08215363
187,2.84859767448958,9,0.0823224
187,2.84859767448958,10,0.0823264
187,2.84859767448958,11,0.08229087
187,2.84859767448958,12,0.08236821
187,2.84859767448958,13,0.08229855
187,2.84859767448958,14,0.08229483
187,2.84859767448958,15,0.08221275
188,2.85714285714286,0,0.08235848
188,2.85714285714286,1,0.08202349
188,2.85714285714286,2,0.08225516
188,2.85714285714286,3,0.08217994
188,2.85714285714286,4,0.0820675
188,2.85714285714286,5,0.08232422
188,2.85714285714286,6,0.08182326
188,2.85714285714286,7,0.08211789
188,2.85714285714286,8,0.08227458
188,2.85714285714286,9,0.08207428
188,2.85714285714286,10,0.0819893
188,2.85714285714286,11,0.08220634
188,2.85714285714286,12,0.08220728
188,2.85714285714286,13,0.08210798
188,2.85714285714286,14,0.0824678
188,2.85714285714286,15,0.08261109
189,2.8675191503647,0,0.082375
189,2.8675191503647,1,0.08215384
189,2.8675191503647,2,0.08214989
189,2.8675191503647,3,0.08238503
189,2.8675191503647,4,0.08223868
189,2.8675191503647,5,0.08242571
189,2.8675191503647,6,0.08246745
189,2.8675191503647,7,0.0824645
189,2.8675191503647,8,0.08229513
189,2.8675191503647,9,0.0820886
189,2.8675191503647,10,0.08205189
189,2.8675191503647,11,0.08192419
189,2.8675191503647,12,0.08188184
189,2.8675191503647,13,0.08212692
189,2.8675191503647,14,0.08225261
189,2.8675191503647,15,0.0821075
190,2.87789544358654,0,0.08200558
190,2.87789544358654,1,0.08196533
190,2.87789544358654,2,0.0819523
190,2.87789544358654,3,0.08222604
190,2.87789544358654,4,0.08215669
190,2.87789544358654,5,0.08224376
190,2.87789544358654,6,0.08248872
190,2.87789544358654,7,0.08236844
190,2.87789544358654,8,0.08236431
190,2.87789544358654,9,0.08226962
190,2.87789544358654,10,0.08208957
190,2.87789544358654,11,0.08193894
190,2.87789544358654,12,0.08215673
190,2.87789544358654,13,0.0819957
190,2.87789544358654,14,0.08177561
190,2.87789544358654,15,0.08215881
191,2.88827173680837,0,0.08172742
191,2.88827173680837,1,0.08204404
191,2.88827173680837,2,0.08202503
191,2.88827173680837,3,0.08195302
191,2.88827173680837,4,0.08178776
191,2.88827173680837,5,0.08186749
191,2.88827173680837,6,0.08171573
191,2.88827173680837,7,0.08194505
191,2.88827173680837,8,0.08173472
191,2.88827173680837,9,0.08165634
191,2.88827173680837,10,0.08185825
191,2.88827173680837,11,0.08188436
191,2.88827173680837,12,0.08215816
191,2.88827173680837,13,0.08177388
191,2.88827173680837,14,0.08161565
191,2.88827173680837,15,0.08176938
192,2.89803765984069,0,0.08185109
192,2.89803765984069,1,0.0817472
192,2.89803765984069,2,0.08193635
192,2.89803765984069,3,0.08177845
192,2.89803765984069,4,0.08194244
192,2.89803765984069,5,0.08201116
192,2.89803765984069,6,0.08192921
192,2.89803765984069,7,0.08222428
192,2.89803765984069,8,0.0819749
192,2.89803765984069,9,0.08162518
192,2.89803765984069,10,0.08213578
192,2.89803765984069,11,0.08174135
192,2.89803765984069,12,0.08202668
192,2.89803765984069,13,0.08194697
192,2.89803765984069,14,0.0817815
192,2.89803765984069,15,0.08199279
193,2.90841395306253,0,0.08233397
193,2.90841395306253,1,0.08215332
193,2.90841395306253,2,0.08201021
193,2.90841395306253,3,0.08182447
193,2.90841395306253,4,0.08172251
193,2.90841395306253,5,0.08180828
193,2.90841395306253,6,0.08184267
193,2.90841395306253,7,0.08213348
193,2.90841395306253,8,0.08230615
193,2.90841395306253,9,0.08214375
193,2.90841395306253,10,0.08216974
193,2.90841395306253,11,0.08230033
193,2.90841395306253,12,0.0821261
193,2.90841395306253,13,0.08220043
193,2.90841395306253,14,0.08200331
193,2.90841395306253,15,0.08212363
194,2.91756950590533,0,0.08223739
194,2.91756950590533,1,0.08221234
194,2.91756950590533,2,0.08235659
194,2.91756950590533,3,0.08199528
194,2.91756950590533,4,0.08187968
194,2.91756950590533,5,0.08210155
194,2.91756950590533,6,0.08205472
194,2.91756950590533,7,0.08208053
194,2.91756950590533,8,0.08221927
194,2.91756950590533,9,0.08203796
194,2.91756950590533,10,0.08184832
194,2.91756950590533,11,0.08206487
194,2.91756950590533,12,0.08216323
194,2.91756950590533,13,0.082054
194,2.91756950590533,14,0.08230179
194,2.91756950590533,15,0.08216424
195,2.92794579912717,0,0.08210255
195,2.92794579912717,1,0.08225073
195,2.92794579912717,2,0.08223089
195,2.92794579912717,3,0.08224399
195,2.92794579912717,4,0.08226821
195,2.92794579912717,5,0.0821339
195,2.92794579912717,6,0.08252531
195,2.92794579912717,7,0.08226813
195,2.92794579912717,8,0.08218636
195,2.92794579912717,9,0.08243812
195,2.92794579912717,10,0.0823417
195,2.92794579912717,11,0.08251929
195,2.92794579912717,12,0.08235186
195,2.92794579912717,13,0.08211465
195,2.92794579912717,14,0.08257059
195,2.92794579912717,15,0.08230451
196,2.93771172215949,0,0.08196465
196,2.93771172215949,1,0.08183724
196,2.93771172215949,2,0.08217481
196,2.93771172215949,3,0.08225067
196,2.93771172215949,4,0.08214682
196,2.93771172215949,5,0.08203153
196,2.93771172215949,6,0.08190536
196,2.93771172215949,7,0.08223025
196,2.93771172215949,8,0.08207244
196,2.93771172215949,9,0.0819958
196,2.93771172215949,10,0.08225575
196,2.93771172215949,11,0.08222783
196,2.93771172215949,12,0.0822538
196,2.93771172215949,13,0.08230268
196,2.93771172215949,14,0.08234984
196,2.93771172215949,15,0.08246149
197,2.94808801538133,0,0.08201478
197,2.94808801538133,1,0.08198577
197,2.94808801538133,2,0.0816902
197,2.94808801538133,3,0.08173767
197,2.94808801538133,4,0.08180637
197,2.94808801538133,5,0.08162491
197,2.94808801538133,6,0.08171751
197,2.94808801538133,7,0.08164022
197,2.94808801538133,8,0.08161384
197,2.94808801538133,9,0.08194669
197,2.94808801538133,10,0.08204935
197,2.94808801538133,11,0.0821924
197,2.94808801538133,12,0.08209936
197,2.94808801538133,13,0.08219623
197,2.94808801538133,14,0.08235913
197,2.94808801538133,15,0.08208856
198,2.95785393841365,0,0.08191369
198,2.95785393841365,1,0.08205035
198,2.95785393841365,2,0.08180825
198,2.95785393841365,3,0.08181974
198,2.95785393841365,4,0.08185245
198,2.95785393841365,5,0.08210225
198,2.95785393841365,6,0.08224767
198,2.95785393841365,7,0.08164024
198,2.95785393841365,8,0.08213019
198,2.95785393841365,9,0.08180299
198,2.95785393841365,10,0.08222658
198,2.95785393841365,11,0.08180857
198,2.95785393841365,12,0.08207114
198,2.95785393841365,13,0.08179095
198,2.95785393841365,14,0.08202361
198,2.95785393841365,15,0.08181428
199,2.96761986144597,0,0.08237996
199,2.96761986144597,1,0.08205101
199,2.96761986144597,2,0.08239567
199,2.96761986144597,3,0.08227906
199,2.96761986144597,4,0.08248676
199,2.96761986144597,5,0.08200903
199,2.96761986144597,6,0.08227122
199,2.96761986144597,7,0.08204221
199,2.96761986144597,8,0.08210462
199,2.96761986144597,9,0.08223148
199,2.96761986144597,10,0.08234011
199,2.96761986144597,11,0.08246008
199,2.96761986144597,12,0.08253942
199,2.96761986144597,13,0.08261688
199,2.96761986144597,14,0.08220502
199,2.96761986144597,15,0.08237536
200,2.97860652485733,0,0.08202941
200,2.97860652485733,1,0.08196881
200,2.97860652485733,2,0.08211345
200,2.97860652485733,3,0.08219123
200,2.97860652485733,4,0.08235658
200,2.97860652485733,5,0.08235823
200,2.97860652485733,6,0.08236875
200,2.97860652485733,7,0.08230109
200,2.97860652485733,8,0.08213378
200,2.97860652485733,9,0.08219016
200,2.97860652485733,10,0.08203112
200,2.97860652485733,11,0.08207085
200,2.97860652485733,12,0.0819523
200,2.97860652485733,13,0.08235009
200,2.97860652485733,14,0.08207987
200,2.97860652485733,15,0.08212245
