position,voltage_mean,voltage_std,n_samples
0.0,5.933337312500001,7.827493113210752e-05,16
0.997344889675588,5.9334170625,7.83585259798577e-05,16
1.99713126010926,5.933431687500001,4.75824531078241e-05,16
2.9963072603534,5.93345025,9.972180052533254e-05,16
3.98693807794427,5.9334943125,6.727807847844136e-05,16
4.98489333780938,5.9334514375,5.587818083785366e-05,16
