position,voltage_mean,voltage_std,n_samples
-0.00610370189519944,0.023129650624999998,0.00027043781894986365,16
0.985747856074709,0.0233300375,0.00019027443346716308,16
1.97820978423414,0.12886915000000002,0.0005171122472442524,16
2.93954283272805,0.22355113125,0.0003555535169259856,16
3.92712179937132,0.2478826375,0.00024410244231418574,16
