position,voltage_mean,voltage_std,n_samples
0.0,0.75861448125,0.00015330699681825785,16
0.498062074648274,0.7582659500000001,0.000195998864792649,16
0.997497482222968,0.7582379125,0.0001394515591298644,16
1.48915066988128,0.76222328125,0.00019086253960231346,16
1.98744163335063,0.76532570625,0.00021375479956234702,16
2.48733481856746,0.76532254375,0.0001503941570039806,16
2.9780724509415,0.7650292125,0.00017165509705149086,16
