position,voltage_mean,voltage_std,n_samples
0.0,0.7344390749999999,0.00020820922019690061,16
0.499435407574694,0.734573025,0.00018189298192893398,16
0.989257484664449,0.73433069375,0.00013322360652653803,16
1.48731955931272,0.73690318125,0.0003827450362492499,16
1.98515274513993,0.7409745187500001,0.00017902329882849417,16
2.48458815271462,0.741208375,0.00016928898923142846,16
2.98402356028932,0.74105448125,0.00013572632490948695,16
