position,voltage_mean,voltage_std,n_samples
0.0,0.756585675,0.00022825503691046233,16
0.498748741111484,0.7918162249999999,0.024615605968533964,16
0.997497482222968,0.8335990937500001,0.0003219613553455576,16
1.4973906674398,0.83788709375,0.0002583669180370021,16
1.99613940855129,0.8417923125,0.00017607266211354505,16
2.49511703848384,0.84221196875,0.00029579995503454094,16
2.9947813348796,0.84224885625,0.00018760185889519864,16
