pos_index,position,sample_index,voltage
0,-0.00411999877925962,0,0.04619689
0,-0.00411999877925962,1,0.04612848
0,-0.00411999877925962,2,0.04616889
0,-0.00411999877925962,3,0.046255
0,-0.00411999877925962,4,0.04640856
0,-0.00411999877925962,5,0.04655221
0,-0.00411999877925962,6,0.04680088
0,-0.00411999877925962,7,0.04644061
0,-0.00411999877925962,8,0.04659226
0,-0.00411999877925962,9,0.04638832
0,-0.00411999877925962,10,0.0463833
0,-0.00411999877925962,11,0.04682607
0,-0.00411999877925962,12,0.04650407
0,-0.00411999877925962,13,0.04669553
0,-0.00411999877925962,14,0.0464307
0,-0.00411999877925962,15,0.04643743
0,-0.00411999877925962,16,0.04624821
0,-0.00411999877925962,17,0.04652191
0,-0.00411999877925962,18,0.046513
0,-0.00411999877925962,19,0.04620161
0,-0.00411999877925962,20,0.04630639
0,-0.00411999877925962,21,0.04660423
0,-0.00411999877925962,22,0.0462921
0,-0.00411999877925962,23,0.04640869
1,0.0114444410534989,0,0.04636637
1,0.0114444410534989,1,0.04638952
1,0.0114444410534989,2,0.04653294
1,0.0114444410534989,3,0.04634627
1,0.0114444410534989,4,0.04626922
1,0.0114444410534989,5,0.04651304
1,0.0114444410534989,6,0.04627103
1,0.0114444410534989,7,0.04643362
1,0.0114444410534989,8,0.04663826
1,0.0114444410534989,9,0.04642462
1,0.0114444410534989,10,0.04662755
1,0.0114444410534989,11,0.04643863
1,0.0114444410534989,12,0.0464275
1,0.0114444410534989,13,0.04619783
1,0.0114444410534989,14,0.04635948
1,0.0114444410534989,15,0.04620763
1,0.0114444410534989,16,0.04634811
1,0.0114444410534989,17,0.04659115
1,0.0114444410534989,18,0.04635152
1,0.0114444410534989,19,0.04655626
1,0.0114444410534989,20,0.04628521
1,0.0114444410534989,21,0.04622804
1,0.0114444410534989,22,0.04611971
1,0.0114444410534989,23,0.0461707
2,0.0272377697073275,0,0.04626888
2,0.0272377697073275,1,0.04633927
2,0.0272377697073275,2,0.04623901
2,0.0272377697073275,3,0.04643569
2,0.0272377697073275,4,0.04618498
2,0.0272377697073275,5,0.04638952
2,0.0272377697073275,6,0.04619896
2,0.0272377697073275,7,0.04600921
2,0.0272377697073275,8,0.04610242
2,0.0272377697073275,9,0.04605949
2,0.0272377697073275,10,0.04636731
2,0.0272377697073275,11,0.04630719
2,0.0272377697073275,12,0.0462078
2,0.0272377697073275,13,0.04625383
2,0.0272377697073275,14,0.04628993
2,0.0272377697073275,15,0.04616548
2,0.0272377697073275,16,0.04612703
2,0.0272377697073275,17,0.0465109
2,0.0272377697073275,18,0.04643763
2,0.0272377697073275,19,0.04655107
2,0.0272377697073275,20,0.04660621
2,0.0272377697073275,21,0.04671263
2,0.0272377697073275,22,0.04698863
2,0.0272377697073275,23,0.04668666
3,0.043031098361156,0,0.0460784
3,0.043031098361156,1,0.04633633
3,0.043031098361156,2,0.04612087
3,0.043031098361156,3,0.04642555
3,0.043031098361156,4,0.0461264
3,0.043031098361156,5,0.04630197
3,0.043031098361156,6,0.0464196
3,0.043031098361156,7,0.04645626
3,0.043031098361156,8,0.04636744
3,0.043031098361156,9,0.04627919
3,0.043031098361156,10,0.04644469
3,0.043031098361156,11,0.04629414
3,0.043031098361156,12,0.04644737
3,0.043031098361156,13,0.04665211
3,0.043031098361156,14,0.04633669
3,0.043031098361156,15,0.0463202
3,0.043031098361156,16,0.04632833
3,0.043031098361156,17,0.04648196
3,0.043031098361156,18,0.04635744
3,0.043031098361156,19,0.04625092
3,0.043031098361156,20,0.0463662
3,0.043031098361156,21,0.046522
3,0.043031098361156,22,0.04683621
3,0.043031098361156,23,0.04628353
4,0.0585955381939146,0,0.04607652
4,0.0585955381939146,1,0.04641358
4,0.0585955381939146,2,0.04620272
4,0.0585955381939146,3,0.04624102
4,0.0585955381939146,4,0.04596408
4,0.0585955381939146,5,0.04626685
4,0.0585955381939146,6,0.04604946
4,0.0585955381939146,7,0.04645968
4,0.0585955381939146,8,0.04634603
4,0.0585955381939146,9,0.04614607
4,0.0585955381939146,10,0.04654783
4,0.0585955381939146,11,0.04617582
4,0.0585955381939146,12,0.04620268
4,0.0585955381939146,13,0.04628327
4,0.0585955381939146,14,0.04607338
4,0.0585955381939146,15,0.04612654
4,0.0585955381939146,16,0.04623085
4,0.0585955381939146,17,0.04630616
4,0.0585955381939146,18,0.04644543
4,0.0585955381939146,19,0.04640575
4,0.0585955381939146,20,0.04645453
4,0.0585955381939146,21,0.04639481
4,0.0585955381939146,22,0.04624202
4,0.0585955381939146,23,0.04620803
5,0.0739310892056032,0,0.04642361
5,0.0739310892056032,1,0.04630127
5,0.0739310892056032,2,0.04673885
5,0.0739310892056032,3,0.04640053
5,0.0739310892056032,4,0.0465221
5,0.0739310892056032,5,0.04646674
5,0.0739310892056032,6,0.04642692
5,0.0739310892056032,7,0.0465481
5,0.0739310892056032,8,0.0465123
5,0.0739310892056032,9,0.04670971
5,0.0739310892056032,10,0.04635329
5,0.0739310892056032,11,0.04613945
5,0.0739310892056032,12,0.0464465
5,0.0739310892056032,13,0.04635122
5,0.0739310892056032,14,0.04618893
5,0.0739310892056032,15,0.04614205
5,0.0739310892056032,16,0.0464296
5,0.0739310892056032,17,0.04631506
5,0.0739310892056032,18,0.04635918
5,0.0739310892056032,19,0.04644345
5,0.0739310892056032,20,0.04623141
5,0.0739310892056032,21,0.04647296
5,0.0739310892056032,22,0.04644783
5,0.0739310892056032,23,0.04628608
6,0.0897244178594318,0,0.04670466
6,0.0897244178594318,1,0.04662447
6,0.0897244178594318,2,0.0459405
6,0.0897244178594318,3,0.04622292
6,0.0897244178594318,4,0.04664833
6,0.0897244178594318,5,0.0462437
6,0.0897244178594318,6,0.04656121
6,0.0897244178594318,7,0.04668884
6,0.0897244178594318,8,0.04659821
6,0.0897244178594318,9,0.04632409
6,0.0897244178594318,10,0.04644566
6,0.0897244178594318,11,0.0465038
6,0.0897244178594318,12,0.04649791
6,0.0897244178594318,13,0.04644064
6,0.0897244178594318,14,0.04645871
6,0.0897244178594318,15,0.04641464
6,0.0897244178594318,16,0.04630321
6,0.0897244178594318,17,0.04623208
6,0.0897244178594318,18,0.04632532
6,0.0897244178594318,19,0.04628906
6,0.0897244178594318,20,0.04656897
6,0.0897244178594318,21,0.04627724
6,0.0897244178594318,22,0.04625105
6,0.0897244178594318,23,0.04614108
7,0.10528885769219,0,0.04647978
7,0.10528885769219,1,0.04625225
7,0.10528885769219,2,0.04631914
7,0.10528885769219,3,0.04640358
7,0.10528885769219,4,0.04653997
7,0.10528885769219,5,0.04628779
7,0.10528885769219,6,0.04649367
7,0.10528885769219,7,0.04652391
7,0.10528885769219,8,0.0464579
7,0.10528885769219,9,0.04653254
7,0.10528885769219,10,0.04661832
7,0.10528885769219,11,0.04648179
7,0.10528885769219,12,0.04636122
7,0.10528885769219,13,0.04626501
7,0.10528885769219,14,0.04643064
7,0.10528885769219,15,0.04662933
7,0.10528885769219,16,0.04651478
7,0.10528885769219,17,0.04649708
7,0.10528885769219,18,0.04649781
7,0.10528885769219,19,0.04646272
7,0.10528885769219,20,0.04615169
7,0.10528885769219,21,0.04628605
7,0.10528885769219,22,0.04626795
7,0.10528885769219,23,0.04631626
8,0.121082186346019,0,0.0460603
8,0.121082186346019,1,0.04624306
8,0.121082186346019,2,0.04600195
8,0.121082186346019,3,0.04625403
8,0.121082186346019,4,0.04655816
8,0.121082186346019,5,0.04618562
8,0.121082186346019,6,0.04662829
8,0.121082186346019,7,0.04644064
8,0.121082186346019,8,0.04628411
8,0.121082186346019,9,0.04618261
8,0.121082186346019,10,0.04650092
8,0.121082186346019,11,0.04625908
8,0.121082186346019,12,0.04616481
8,0.121082186346019,13,0.04645305
8,0.121082186346019,14,0.04645687
8,0.121082186346019,15,0.04641762
8,0.121082186346019,16,0.0463644
8,0.121082186346019,17,0.04610864
8,0.121082186346019,18,0.04623393
8,0.121082186346019,19,0.04643559
8,0.121082186346019,20,0.04622305
8,0.121082186346019,21,0.0462807
8,0.121082186346019,22,0.04650277
8,0.121082186346019,23,0.04625581
9,0.136646626178777,0,0.04606337
9,0.136646626178777,1,0.04662531
9,0.136646626178777,2,0.04650504
9,0.136646626178777,3,0.04620282
9,0.136646626178777,4,0.04633021
9,0.136646626178777,5,0.0462167
9,0.136646626178777,6,0.04624882
9,0.136646626178777,7,0.04637055
9,0.136646626178777,8,0.04652425
9,0.136646626178777,9,0.046262
9,0.136646626178777,10,0.04651996
9,0.136646626178777,11,0.0463923
9,0.136646626178777,12,0.04639166
9,0.136646626178777,13,0.04636443
9,0.136646626178777,14,0.04651782
9,0.136646626178777,15,0.04609037
9,0.136646626178777,16,0.04625373
9,0.136646626178777,17,0.04666449
9,0.136646626178777,18,0.04652411
9,0.136646626178777,19,0.0464848
9,0.136646626178777,20,0.04611456
9,0.136646626178777,21,0.04624125
9,0.136646626178777,22,0.04630123
9,0.136646626178777,23,0.04625791
10,0.152439954832606,0,0.04626795
10,0.152439954832606,1,0.04608161
10,0.152439954832606,2,0.04589175
10,0.152439954832606,3,0.04603796
10,0.152439954832606,4,0.04609209
10,0.152439954832606,5,0.04615868
10,0.152439954832606,6,0.04602731
10,0.152439954832606,7,0.04607387
10,0.152439954832606,8,0.04616859
10,0.152439954832606,9,0.046282
10,0.152439954832606,10,0.04620187
10,0.152439954832606,11,0.04599998
10,0.152439954832606,12,0.04591484
10,0.152439954832606,13,0.04600928
10,0.152439954832606,14,0.04611152
10,0.152439954832606,15,0.0459408
10,0.152439954832606,16,0.04634637
10,0.152439954832606,17,0.0460431
10,0.152439954832606,18,0.04588262
10,0.152439954832606,19,0.04628605
10,0.152439954832606,20,0.04593465
10,0.152439954832606,21,0.04593368
10,0.152439954832606,22,0.04600633
10,0.152439954832606,23,0.04623807
11,0.168004394665365,0,0.04600477
11,0.168004394665365,1,0.04581531
11,0.168004394665365,2,0.04592082
11,0.168004394665365,3,0.04613052
11,0.168004394665365,4,0.04624677
11,0.168004394665365,5,0.04596819
11,0.168004394665365,6,0.04617287
11,0.168004394665365,7,0.04608737
11,0.168004394665365,8,0.04636041
11,0.168004394665365,9,0.04638347
11,0.168004394665365,10,0.04617361
11,0.168004394665365,11,0.04636514
11,0.168004394665365,12,0.04653696
11,0.168004394665365,13,0.04646155
11,0.168004394665365,14,0.04653411
11,0.168004394665365,15,0.04621175
11,0.168004394665365,16,0.04621275
11,0.168004394665365,17,0.04596434
11,0.168004394665365,18,0.04633717
11,0.168004394665365,19,0.04650397
11,0.168004394665365,20,0.04644599
11,0.168004394665365,21,0.04659219
11,0.168004394665365,22,0.04648403
11,0.168004394665365,23,0.04631846
12,0.183797723319193,0,0.04634817
12,0.183797723319193,1,0.04639156
12,0.183797723319193,2,0.04608017
12,0.183797723319193,3,0.04626008
12,0.183797723319193,4,0.04618545
12,0.183797723319193,5,0.04645971
12,0.183797723319193,6,0.04639461
12,0.183797723319193,7,0.04649601
12,0.183797723319193,8,0.0464006
12,0.183797723319193,9,0.04623697
12,0.183797723319193,10,0.04633164
12,0.183797723319193,11,0.04621984
12,0.183797723319193,12,0.04618672
12,0.183797723319193,13,0.04630803
12,0.183797723319193,14,0.04616166
12,0.183797723319193,15,0.04650374
12,0.183797723319193,16,0.04634443
12,0.183797723319193,17,0.04669958
12,0.183797723319193,18,0.04660514
12,0.183797723319193,19,0.04643897
12,0.183797723319193,20,0.04614337
12,0.183797723319193,21,0.04615655
12,0.183797723319193,22,0.0462082
12,0.183797723319193,23,0.04625413
13,0.199819940794092,0,0.04663448
13,0.199819940794092,1,0.04649075
13,0.199819940794092,2,0.04659453
13,0.199819940794092,3,0.0467047
13,0.199819940794092,4,0.04630305
13,0.199819940794092,5,0.04610556
13,0.199819940794092,6,0.04634238
13,0.199819940794092,7,0.04672477
13,0.199819940794092,8,0.04672581
13,0.199819940794092,9,0.04650391
13,0.199819940794092,10,0.04654599
13,0.199819940794092,11,0.04681988
13,0.199819940794092,12,0.04634102
13,0.199819940794092,13,0.04664281
13,0.199819940794092,14,0.04665666
13,0.199819940794092,15,0.04652842
13,0.199819940794092,16,0.04661484
13,0.199819940794092,17,0.04643663
13,0.199819940794092,18,0.0462265
13,0.199819940794092,19,0.04654612
13,0.199819940794092,20,0.04647577
13,0.199819940794092,21,0.0463114
13,0.199819940794092,22,0.04627799
13,0.199819940794092,23,0.04648383
14,0.21584215826899,0,0.04576517
14,0.21584215826899,1,0.04619854
14,0.21584215826899,2,0.04572103
14,0.21584215826899,3,0.04576131
14,0.21584215826899,4,0.04596404
14,0.21584215826899,5,0.04584225
14,0.21584215826899,6,0.04558855
14,0.21584215826899,7,0.04562177
14,0.21584215826899,8,0.04548819
14,0.21584215826899,9,0.04573201
14,0.21584215826899,10,0.04566894
14,0.21584215826899,11,0.0459046
14,0.21584215826899,12,0.04549208
14,0.21584215826899,13,0.04602513
14,0.21584215826899,14,0.0462358
14,0.21584215826899,15,0.04569947
14,0.21584215826899,16,0.04546366
14,0.21584215826899,17,0.0456852
14,0.21584215826899,18,0.04568494
14,0.21584215826899,19,0.04568591
14,0.21584215826899,20,0.04602705
14,0.21584215826899,21,0.04581745
14,0.21584215826899,22,0.04590834
14,0.21584215826899,23,0.04581039
15,0.231177709280679,0,0.04883016
15,0.231177709280679,1,0.04896194
15,0.231177709280679,2,0.04919085
15,0.231177709280679,3,0.04898271
15,0.231177709280679,4,0.04911809
15,0.231177709280679,5,0.04891585
15,0.231177709280679,6,0.04898908
15,0.231177709280679,7,0.04913411
15,0.231177709280679,8,0.04895478
15,0.231177709280679,9,0.04839984
15,0.231177709280679,10,0.04888051
15,0.231177709280679,11,0.04918071
15,0.231177709280679,12,0.04906016
15,0.231177709280679,13,0.04888256
15,0.231177709280679,14,0.04846203
15,0.231177709280679,15,0.04910401
15,0.231177709280679,16,0.048919
15,0.231177709280679,17,0.04954631
15,0.231177709280679,18,0.04918852
15,0.231177709280679,19,0.04939043
15,0.231177709280679,20,0.04894571
15,0.231177709280679,21,0.048977
15,0.231177709280679,22,0.04870851
15,0.231177709280679,23,0.04940147
16,0.246742149113437,0,0.05183763
16,0.246742149113437,1,0.05214218
16,0.246742149113437,2,0.05190859
16,0.246742149113437,3,0.05208497
16,0.246742149113437,4,0.05157301
16,0.246742149113437,5,0.051746
16,0.246742149113437,6,0.05186841
16,0.246742149113437,7,0.05205118
16,0.246742149113437,8,0.05178124
16,0.246742149113437,9,0.05125916
16,0.246742149113437,10,0.05154323
16,0.246742149113437,11,0.05227707
16,0.246742149113437,12,0.05205735
16,0.246742149113437,13,0.05221786
16,0.246742149113437,14,0.05196806
16,0.246742149113437,15,0.0519106
16,0.246742149113437,16,0.05167166
16,0.246742149113437,17,0.05172894
16,0.246742149113437,18,0.05155286
16,0.246742149113437,19,0.05138024
16,0.246742149113437,20,0.05177306
16,0.246742149113437,21,0.05181852
16,0.246742149113437,22,0.05219704
16,0.246742149113437,23,0.05198267
17,0.262535477767266,0,0.05417384
17,0.262535477767266,1,0.05361281
17,0.262535477767266,2,0.05393173
17,0.262535477767266,3,0.05355278
17,0.262535477767266,4,0.05418658
17,0.262535477767266,5,0.05387136
17,0.262535477767266,6,0.05373733
17,0.262535477767266,7,0.0536941
17,0.262535477767266,8,0.05425784
17,0.262535477767266,9,0.05398596
17,0.262535477767266,10,0.05411285
17,0.262535477767266,11,0.05394373
17,0.262535477767266,12,0.05396798
17,0.262535477767266,13,0.05433306
17,0.262535477767266,14,0.05376532
17,0.262535477767266,15,0.05382338
17,0.262535477767266,16,0.05373602
17,0.262535477767266,17,0.05356447
17,0.262535477767266,18,0.05349021
17,0.262535477767266,19,0.05368422
17,0.262535477767266,20,0.05352445
17,0.262535477767266,21,0.05355066
17,0.262535477767266,22,0.05375536
17,0.262535477767266,23,0.05357996
18,0.278099917600024,0,0.05541317
18,0.278099917600024,1,0.05528579
18,0.278099917600024,2,0.0554978
18,0.278099917600024,3,0.05547588
18,0.278099917600024,4,0.05555974
18,0.278099917600024,5,0.05552117
18,0.278099917600024,6,0.05499188
18,0.278099917600024,7,0.05523236
18,0.278099917600024,8,0.05495347
18,0.278099917600024,9,0.05527641
18,0.278099917600024,10,0.05511265
18,0.278099917600024,11,0.05512513
18,0.278099917600024,12,0.05535701
18,0.278099917600024,13,0.05538371
18,0.278099917600024,14,0.0549356
18,0.278099917600024,15,0.05529547
18,0.278099917600024,16,0.05532915
18,0.278099917600024,17,0.05521373
18,0.278099917600024,18,0.05511359
18,0.278099917600024,19,0.05529162
18,0.278099917600024,20,0.05524946
18,0.278099917600024,21,0.05510285
18,0.278099917600024,22,0.05515376
18,0.278099917600024,23,0.05526926
19,0.293893246253853,0,0.05595297
19,0.293893246253853,1,0.05596236
19,0.293893246253853,2,0.05580491
19,0.293893246253853,3,0.05604498
19,0.293893246253853,4,0.05618718
19,0.293893246253853,5,0.05598416
19,0.293893246253853,6,0.05632656
19,0.293893246253853,7,0.05645298
19,0.293893246253853,8,0.05645494
19,0.293893246253853,9,0.0559209
19,0.293893246253853,10,0.05564136
19,0.293893246253853,11,0.0559382
19,0.293893246253853,12,0.05592302
19,0.293893246253853,13,0.05590696
19,0.293893246253853,14,0.05585357
19,0.293893246253853,15,0.05597244
19,0.293893246253853,16,0.05577444
19,0.293893246253853,17,0.05598528
19,0.293893246253853,18,0.05596987
19,0.293893246253853,19,0.05599954
19,0.293893246253853,20,0.05583879
19,0.293893246253853,21,0.05600632
19,0.293893246253853,22,0.05600452
19,0.293893246253853,23,0.05597368
20,0.309457686086612,0,0.05695901
20,0.309457686086612,1,0.05652909
20,0.309457686086612,2,0.05651392
20,0.309457686086612,3,0.05670012
20,0.309457686086612,4,0.05650714
20,0.309457686086612,5,0.05655515
20,0.309457686086612,6,0.05690269
20,0.309457686086612,7,0.05640059
20,0.309457686086612,8,0.05631239
20,0.309457686086612,9,0.05645531
20,0.309457686086612,10,0.05635141
20,0.309457686086612,11,0.05647337
20,0.309457686086612,12,0.05658438
20,0.309457686086612,13,0.05649405
20,0.309457686086612,14,0.05654338
20,0.309457686086612,15,0.05652741
20,0.309457686086612,16,0.05686226
20,0.309457686086612,17,0.05656748
20,0.309457686086612,18,0.0565804
20,0.309457686086612,19,0.05661553
20,0.309457686086612,20,0.05616177
20,0.309457686086612,21,0.05633282
20,0.309457686086612,22,0.05633849
20,0.309457686086612,23,0.05598067
21,0.32433545945616,0,0.05675214
21,0.32433545945616,1,0.05698558
21,0.32433545945616,2,0.0571188
21,0.32433545945616,3,0.05683063
21,0.32433545945616,4,0.05682818
21,0.32433545945616,5,0.05679634
21,0.32433545945616,6,0.05682701
21,0.32433545945616,7,0.05691485
21,0.32433545945616,8,0.05663685
21,0.32433545945616,9,0.05701417
21,0.32433545945616,10,0.05688044
21,0.32433545945616,11,0.0567741
21,0.32433545945616,12,0.05686041
21,0.32433545945616,13,0.0571106
21,0.32433545945616,14,0.05681601
21,0.32433545945616,15,0.05694846
21,0.32433545945616,16,0.05701509
21,0.32433545945616,17,0.05662135
21,0.32433545945616,18,0.05678856
21,0.32433545945616,19,0.05672404
21,0.32433545945616,20,0.05658245
21,0.32433545945616,21,0.05703196
21,0.32433545945616,22,0.05717308
21,0.32433545945616,23,0.05692577
22,0.339213232825709,0,0.05649244
22,0.339213232825709,1,0.05674282
22,0.339213232825709,2,0.05706407
22,0.339213232825709,3,0.05709748
22,0.339213232825709,4,0.0568621
22,0.339213232825709,5,0.05694701
22,0.339213232825709,6,0.05693497
22,0.339213232825709,7,0.05683565
22,0.339213232825709,8,0.0569336
22,0.339213232825709,9,0.05731418
22,0.339213232825709,10,0.05739214
22,0.339213232825709,11,0.05712007
22,0.339213232825709,12,0.05725433
22,0.339213232825709,13,0.0572562
22,0.339213232825709,14,0.05716159
22,0.339213232825709,15,0.05733798
22,0.339213232825709,16,0.05703798
22,0.339213232825709,17,0.0569933
22,0.339213232825709,18,0.05702012
22,0.339213232825709,19,0.05695877
22,0.339213232825709,20,0.05695838
22,0.339213232825709,21,0.05698274
22,0.339213232825709,22,0.05731457
22,0.339213232825709,23,0.05740154
23,0.354548783837397,0,0.05759307
23,0.354548783837397,1,0.05709422
23,0.354548783837397,2,0.05724983
23,0.354548783837397,3,0.05707382
23,0.354548783837397,4,0.05720972
23,0.354548783837397,5,0.05731631
23,0.354548783837397,6,0.05736713
23,0.354548783837397,7,0.05701602
23,0.354548783837397,8,0.05706274
23,0.354548783837397,9,0.05745419
23,0.354548783837397,10,0.05730515
23,0.354548783837397,11,0.05727994
23,0.354548783837397,12,0.05697306
23,0.354548783837397,13,0.0573092
23,0.354548783837397,14,0.05740145
23,0.354548783837397,15,0.05752076
23,0.354548783837397,16,0.05740133
23,0.354548783837397,17,0.05691746
23,0.354548783837397,18,0.05689353
23,0.354548783837397,19,0.05702802
23,0.354548783837397,20,0.05731744
23,0.354548783837397,21,0.05750082
23,0.354548783837397,22,0.05729628
23,0.354548783837397,23,0.05721109
24,0.369884334849086,0,0.05732891
24,0.369884334849086,1,0.05690867
24,0.369884334849086,2,0.05699093
24,0.369884334849086,3,0.05713144
24,0.369884334849086,4,0.05700602
24,0.369884334849086,5,0.05715356
24,0.369884334849086,6,0.05728231
24,0.369884334849086,7,0.05715331
24,0.369884334849086,8,0.05708206
24,0.369884334849086,9,0.05727547
24,0.369884334849086,10,0.05699226
24,0.369884334849086,11,0.05694203
24,0.369884334849086,12,0.05701301
24,0.369884334849086,13,0.05678522
24,0.369884334849086,14,0.05714051
24,0.369884334849086,15,0.05721783
24,0.369884334849086,16,0.05719571
24,0.369884334849086,17,0.05738138
24,0.369884334849086,18,0.0572929
24,0.369884334849086,19,0.0569776
24,0.369884334849086,20,0.05705537
24,0.369884334849086,21,0.05718555
24,0.369884334849086,22,0.05739793
24,0.369884334849086,23,0.05728913
25,0.385448774681845,0,0.0576555
25,0.385448774681845,1,0.05754811
25,0.385448774681845,2,0.05750755
25,0.385448774681845,3,0.05740907
25,0.385448774681845,4,0.05764605
25,0.385448774681845,5,0.05723309
25,0.385448774681845,6,0.05740961
25,0.385448774681845,7,0.05742161
25,0.385448774681845,8,0.05745268
25,0.385448774681845,9,0.05735369
25,0.385448774681845,10,0.05738235
25,0.385448774681845,11,0.05747335
25,0.385448774681845,12,0.0574763
25,0.385448774681845,13,0.05748898
25,0.385448774681845,14,0.05746536
25,0.385448774681845,15,0.05785882
25,0.385448774681845,16,0.05782608
25,0.385448774681845,17,0.05789211
25,0.385448774681845,18,0.05775951
25,0.385448774681845,19,0.05771108
25,0.385448774681845,20,0.05773483
25,0.385448774681845,21,0.05770523
25,0.385448774681845,22,0.0577013
25,0.385448774681845,23,0.05765107
26,0.401013214514603,0,0.05754092
26,0.401013214514603,1,0.05758219
26,0.401013214514603,2,0.05771396
26,0.401013214514603,3,0.05750342
26,0.401013214514603,4,0.05760419
26,0.401013214514603,5,0.05761527
26,0.401013214514603,6,0.05740564
26,0.401013214514603,7,0.05754426
26,0.401013214514603,8,0.05754168
26,0.401013214514603,9,0.05761339
26,0.401013214514603,10,0.05738996
26,0.401013214514603,11,0.05744412
26,0.401013214514603,12,0.05726965
26,0.401013214514603,13,0.05775787
26,0.401013214514603,14,0.05798168
26,0.401013214514603,15,0.05764622
26,0.401013214514603,16,0.05726613
26,0.401013214514603,17,0.05738343
26,0.401013214514603,18,0.05761323
26,0.401013214514603,19,0.05740936
26,0.401013214514603,20,0.05739314
26,0.401013214514603,21,0.0577133
26,0.401013214514603,22,0.05757705
26,0.401013214514603,23,0.05744172
27,0.416577654347362,0,0.05776373
27,0.416577654347362,1,0.05789913
27,0.416577654347362,2,0.0576846
27,0.416577654347362,3,0.0578763
27,0.416577654347362,4,0.05819106
27,0.416577654347362,5,0.05793514
27,0.416577654347362,6,0.05763924
27,0.416577654347362,7,0.05771977
27,0.416577654347362,8,0.0576113
27,0.416577654347362,9,0.05771058
27,0.416577654347362,10,0.05813792
27,0.416577654347362,11,0.05775436
27,0.416577654347362,12,0.05797871
27,0.416577654347362,13,0.05784686
27,0.416577654347362,14,0.05760737
27,0.416577654347362,15,0.05808055
27,0.416577654347362,16,0.05812307
27,0.416577654347362,17,0.05820437
27,0.416577654347362,18,0.05785979
27,0.416577654347362,19,0.05789177
27,0.416577654347362,20,0.05777143
27,0.416577654347362,21,0.05783996
27,0.416577654347362,22,0.05802877
27,0.416577654347362,23,0.05785021
28,0.43237098300119,0,0.05731519
28,0.43237098300119,1,0.05779263
28,0.43237098300119,2,0.05806699
28,0.43237098300119,3,0.05815899
28,0.43237098300119,4,0.05802217
28,0.43237098300119,5,0.05789918
28,0.43237098300119,6,0.05785631
28,0.43237098300119,7,0.05782783
28,0.43237098300119,8,0.05768637
28,0.43237098300119,9,0.05793443
28,0.43237098300119,10,0.05820763
28,0.43237098300119,11,0.05786401
28,0.43237098300119,12,0.05802463
28,0.43237098300119,13,0.05800974
28,0.43237098300119,14,0.05807322
28,0.43237098300119,15,0.05814222
28,0.43237098300119,16,0.05795538
28,0.43237098300119,17,0.05765433
28,0.43237098300119,18,0.05787295
28,0.43237098300119,19,0.05777372
28,0.43237098300119,20,0.0578387
28,0.43237098300119,21,0.05786835
28,0.43237098300119,22,0.05804186
28,0.43237098300119,23,0.05776975
29,0.448164311655019,0,0.0580164
29,0.448164311655019,1,0.05810275
29,0.448164311655019,2,0.05820893
29,0.448164311655019,3,0.0579333
29,0.448164311655019,4,0.05841701
29,0.448164311655019,5,0.05815916
29,0.448164311655019,6,0.05820441
29,0.448164311655019,7,0.05807903
29,0.448164311655019,8,0.05832263
29,0.448164311655019,9,0.05794325
29,0.448164311655019,10,0.05833576
29,0.448164311655019,11,0.05815891
29,0.448164311655019,12,0.05811901
29,0.448164311655019,13,0.05804349
29,0.448164311655019,14,0.05792573
29,0.448164311655019,15,0.0578288
29,0.448164311655019,16,0.05808848
29,0.448164311655019,17,0.05785506
29,0.448164311655019,18,0.05793777
29,0.448164311655019,19,0.05780274
29,0.448164311655019,20,0.05768821
29,0.448164311655019,21,0.05785526
29,0.448164311655019,22,0.05767014
29,0.448164311655019,23,0.05775809
30,0.464186529129917,0,0.05810387
30,0.464186529129917,1,0.05813282
30,0.464186529129917,2,0.05795927
30,0.464186529129917,3,0.05789307
30,0.464186529129917,4,0.05796412
30,0.464186529129917,5,0.05804136
30,0.464186529129917,6,0.05801986
30,0.464186529129917,7,0.05797646
30,0.464186529129917,8,0.05787212
30,0.464186529129917,9,0.05813365
30,0.464186529129917,10,0.0579895
30,0.464186529129917,11,0.05802957
30,0.464186529129917,12,0.0581712
30,0.464186529129917,13,0.0581436
30,0.464186529129917,14,0.05795835
30,0.464186529129917,15,0.05783302
30,0.464186529129917,16,0.05789737
30,0.464186529129917,17,0.05790395
30,0.464186529129917,18,0.05803994
30,0.464186529129917,19,0.05804211
30,0.464186529129917,20,0.05765386
30,0.464186529129917,21,0.0580386
30,0.464186529129917,22,0.05795337
30,0.464186529129917,23,0.05818149
31,0.479979857783746,0,0.05781487
31,0.479979857783746,1,0.05791026
31,0.479979857783746,2,0.05767629
31,0.479979857783746,3,0.0578541
31,0.479979857783746,4,0.0577779
31,0.479979857783746,5,0.05814695
31,0.479979857783746,6,0.05785414
31,0.479979857783746,7,0.0582118
31,0.479979857783746,8,0.0580056
31,0.479979857783746,9,0.05810705
31,0.479979857783746,10,0.05772961
31,0.479979857783746,11,0.05781161
31,0.479979857783746,12,0.05797135
31,0.479979857783746,13,0.05802225
31,0.479979857783746,14,0.05835512
31,0.479979857783746,15,0.05801548
31,0.479979857783746,16,0.05815326
31,0.479979857783746,17,0.05831004
31,0.479979857783746,18,0.05802785
31,0.479979857783746,19,0.05810605
31,0.479979857783746,20,0.0578094
31,0.479979857783746,21,0.05796073
31,0.479979857783746,22,0.05786334
31,0.479979857783746,23,0.05805775
32,0.495315408795434,0,0.0580877
32,0.495315408795434,1,0.05818019
32,0.495315408795434,2,0.05816422
32,0.495315408795434,3,0.0578027
32,0.495315408795434,4,0.05858261
32,0.495315408795434,5,0.05838765
32,0.495315408795434,6,0.05827558
32,0.495315408795434,7,0.058102
32,0.495315408795434,8,0.05813222
32,0.495315408795434,9,0.0580046
32,0.495315408795434,10,0.05820809
32,0.495315408795434,11,0.05855451
32,0.495315408795434,12,0.05814615
32,0.495315408795434,13,0.05821319
32,0.495315408795434,14,0.05832488
32,0.495315408795434,15,0.05815857
32,0.495315408795434,16,0.05804575
32,0.495315408795434,17,0.058241
32,0.495315408795434,18,0.05830147
32,0.495315408795434,19,0.05850328
32,0.495315408795434,20,0.05810785
32,0.495315408795434,21,0.05825141
32,0.495315408795434,22,0.05824744
32,0.495315408795434,23,0.0583859
33,0.511566515091403,0,0.05834395
33,0.511566515091403,1,0.05829285
33,0.511566515091403,2,0.05826442
33,0.511566515091403,3,0.05849697
33,0.511566515091403,4,0.05809593
33,0.511566515091403,5,0.05826057
33,0.511566515091403,6,0.0583309
33,0.511566515091403,7,0.05832455
33,0.511566515091403,8,0.05813779
33,0.511566515091403,9,0.05822435
33,0.511566515091403,10,0.05800573
33,0.511566515091403,11,0.05804868
33,0.511566515091403,12,0.05813127
33,0.511566515091403,13,0.05791419
33,0.511566515091403,14,0.05807436
33,0.511566515091403,15,0.05834956
33,0.511566515091403,16,0.05838109
33,0.511566515091403,17,0.05784373
33,0.511566515091403,18,0.05821641
33,0.511566515091403,19,0.05774169
33,0.511566515091403,20,0.05773441
33,0.511566515091403,21,0.05793414
33,0.511566515091403,22,0.05816543
33,0.511566515091403,23,0.05789361
34,0.527588732566302,0,0.05830778
34,0.527588732566302,1,0.05835349
34,0.527588732566302,2,0.05786718
34,0.527588732566302,3,0.05820433
34,0.527588732566302,4,0.05812977
34,0.527588732566302,5,0.05787546
34,0.527588732566302,6,0.05788634
34,0.527588732566302,7,0.05792924
34,0.527588732566302,8,0.05815849
34,0.527588732566302,9,0.0579213
34,0.527588732566302,10,0.05818257
34,0.527588732566302,11,0.05855948
34,0.527588732566302,12,0.05846226
34,0.527588732566302,13,0.05803563
34,0.527588732566302,14,0.0582162
34,0.527588732566302,15,0.05851052
34,0.527588732566302,16,0.05857262
34,0.527588732566302,17,0.05825334
34,0.527588732566302,18,0.05823836
34,0.527588732566302,19,0.05833961
34,0.527588732566302,20,0.05830523
34,0.527588732566302,21,0.05850512
34,0.527588732566302,22,0.05838611
34,0.527588732566302,23,0.05820934
35,0.5436109500412,0,0.05841241
35,0.5436109500412,1,0.05832095
35,0.5436109500412,2,0.05829541
35,0.5436109500412,3,0.05817522
35,0.5436109500412,4,0.05798239
35,0.5436109500412,5,0.05821541
35,0.5436109500412,6,0.05808581
35,0.5436109500412,7,0.05848145
35,0.5436109500412,8,0.05814921
35,0.5436109500412,9,0.05852143
35,0.5436109500412,10,0.0585405
35,0.5436109500412,11,0.05822419
35,0.5436109500412,12,0.05837105
35,0.5436109500412,13,0.05828658
35,0.5436109500412,14,0.05807631
35,0.5436109500412,15,0.05826266
35,0.5436109500412,16,0.05821896
35,0.5436109500412,17,0.05782708
35,0.5436109500412,18,0.058115
35,0.5436109500412,19,0.05792418
35,0.5436109500412,20,0.0581413
35,0.5436109500412,21,0.05812504
35,0.5436109500412,22,0.05827349
35,0.5436109500412,23,0.05859666
36,0.559404278695029,0,0.058334
36,0.559404278695029,1,0.05810392
36,0.559404278695029,2,0.0582354
36,0.559404278695029,3,0.05809656
36,0.559404278695029,4,0.05842671
36,0.559404278695029,5,0.05834985
36,0.559404278695029,6,0.05806285
36,0.559404278695029,7,0.05800828
36,0.559404278695029,8,0.05804237
36,0.559404278695029,9,0.0579078
36,0.559404278695029,10,0.05792648
36,0.559404278695029,11,0.05820252
36,0.559404278695029,12,0.05811571
36,0.559404278695029,13,0.05787509
36,0.559404278695029,14,0.05804659
36,0.559404278695029,15,0.05799452
36,0.559404278695029,16,0.05792122
36,0.559404278695029,17,0.05789901
36,0.559404278695029,18,0.05832493
36,0.559404278695029,19,0.05821729
36,0.559404278695029,20,0.05794781
36,0.559404278695029,21,0.05796232
36,0.559404278695029,22,0.05786657
36,0.559404278695029,23,0.05823046
37,0.575655384990997,0,0.05829072
37,0.575655384990997,1,0.05826517
37,0.575655384990997,2,0.05829541
37,0.575655384990997,3,0.05837465
37,0.575655384990997,4,0.05827893
37,0.575655384990997,5,0.05838163
37,0.575655384990997,6,0.05829745
37,0.575655384990997,7,0.05817309
37,0.575655384990997,8,0.05797996
37,0.575655384990997,9,0.05779572
37,0.575655384990997,10,0.05753168
37,0.575655384990997,11,0.05814729
37,0.575655384990997,12,0.05786392
37,0.575655384990997,13,0.05809756
37,0.575655384990997,14,0.05807887
37,0.575655384990997,15,0.05827219
37,0.575655384990997,16,0.05803772
37,0.575655384990997,17,0.05808393
37,0.575655384990997,18,0.05828754
37,0.575655384990997,19,0.05801355
37,0.575655384990997,20,0.057653
37,0.575655384990997,21,0.0581439
37,0.575655384990997,22,0.05829465
37,0.575655384990997,23,0.05796454
38,0.591677602465896,0,0.05851859
38,0.591677602465896,1,0.05839564
38,0.591677602465896,2,0.05841542
38,0.591677602465896,3,0.05819726
38,0.591677602465896,4,0.05824732
38,0.591677602465896,5,0.0582489
38,0.591677602465896,6,0.0581449
38,0.591677602465896,7,0.05849939
38,0.591677602465896,8,0.05853339
38,0.591677602465896,9,0.05878539
38,0.591677602465896,10,0.05838004
38,0.591677602465896,11,0.05860782
38,0.591677602465896,12,0.05857278
38,0.591677602465896,13,0.05866788
38,0.591677602465896,14,0.05865011
38,0.591677602465896,15,0.05876841
38,0.591677602465896,16,0.05868787
38,0.591677602465896,17,0.05836855
38,0.591677602465896,18,0.05833041
38,0.591677602465896,19,0.05828758
38,0.591677602465896,20,0.05804174
38,0.591677602465896,21,0.05807481
38,0.591677602465896,22,0.05846953
38,0.591677602465896,23,0.05829511
39,0.607470931119724,0,0.05780685
39,0.607470931119724,1,0.05804077
39,0.607470931119724,2,0.05835048
39,0.607470931119724,3,0.05809974
39,0.607470931119724,4,0.05826358
39,0.607470931119724,5,0.05791917
39,0.607470931119724,6,0.05799544
39,0.607470931119724,7,0.05808719
39,0.607470931119724,8,0.05800477
39,0.607470931119724,9,0.05838305
39,0.607470931119724,10,0.05811881
39,0.607470931119724,11,0.05837628
39,0.607470931119724,12,0.0583928
39,0.607470931119724,13,0.05843901
39,0.607470931119724,14,0.05844708
39,0.607470931119724,15,0.05850437
39,0.607470931119724,16,0.05833948
39,0.607470931119724,17,0.0586026
39,0.607470931119724,18,0.05837778
39,0.607470931119724,19,0.05844837
39,0.607470931119724,20,0.0584232
39,0.607470931119724,21,0.05854727
39,0.607470931119724,22,0.05840468
39,0.607470931119724,23,0.05818601
40,0.623493148594623,0,0.05864483
40,0.623493148594623,1,0.0586862
40,0.623493148594623,2,0.05839907
40,0.623493148594623,3,0.05844248
40,0.623493148594623,4,0.05846401
40,0.623493148594623,5,0.05815322
40,0.623493148594623,6,0.05817434
40,0.623493148594623,7,0.05797453
40,0.623493148594623,8,0.05803964
40,0.623493148594623,9,0.05829708
40,0.623493148594623,10,0.05826755
40,0.623493148594623,11,0.05808263
40,0.623493148594623,12,0.05826977
40,0.623493148594623,13,0.0583427
40,0.623493148594623,14,0.05832484
40,0.623493148594623,15,0.05802735
40,0.623493148594623,16,0.05825263
40,0.623493148594623,17,0.05808184
40,0.623493148594623,18,0.05837097
40,0.623493148594623,19,0.05810572
40,0.623493148594623,20,0.05829871
40,0.623493148594623,21,0.0581804
40,0.623493148594623,22,0.0582635
40,0.623493148594623,23,0.05820525
41,0.639515366069521,0,0.05824903
41,0.639515366069521,1,0.05843282
41,0.639515366069521,2,0.05831782
41,0.639515366069521,3,0.05816731
41,0.639515366069521,4,0.05822857
41,0.639515366069521,5,0.05825948
41,0.639515366069521,6,0.05819454
41,0.639515366069521,7,0.05805896
41,0.639515366069521,8,0.05840037
41,0.639515366069521,9,0.05815816
41,0.639515366069521,10,0.05834835
41,0.639515366069521,11,0.0582415
41,0.639515366069521,12,0.05826755
41,0.639515366069521,13,0.05821687
41,0.639515366069521,14,0.05825626
41,0.639515366069521,15,0.05838987
41,0.639515366069521,16,0.05797947
41,0.639515366069521,17,0.05813202
41,0.639515366069521,18,0.05794969
41,0.639515366069521,19,0.0584071
41,0.639515366069521,20,0.05803446
41,0.639515366069521,21,0.05811918
41,0.639515366069521,22,0.05819746
41,0.639515366069521,23,0.05846586
42,0.65530869472335,0,0.05816815
42,0.65530869472335,1,0.05811471
42,0.65530869472335,2,0.0583036
42,0.65530869472335,3,0.0581132
42,0.65530869472335,4,0.05828512
42,0.65530869472335,5,0.05807473
42,0.65530869472335,6,0.05806294
42,0.65530869472335,7,0.05822632
42,0.65530869472335,8,0.05825952
42,0.65530869472335,9,0.05845427
42,0.65530869472335,10,0.05817576
42,0.65530869472335,11,0.05788638
42,0.65530869472335,12,0.05824773
42,0.65530869472335,13,0.05770259
42,0.65530869472335,14,0.05764225
42,0.65530869472335,15,0.05798537
42,0.65530869472335,16,0.05799733
42,0.65530869472335,17,0.05819742
42,0.65530869472335,18,0.0581439
42,0.65530869472335,19,0.05809898
42,0.65530869472335,20,0.05820219
42,0.65530869472335,21,0.05848346
42,0.65530869472335,22,0.05854874
42,0.65530869472335,23,0.0581495
43,0.671330912198248,0,0.0582617
43,0.671330912198248,1,0.05836227
43,0.671330912198248,2,0.05832196
43,0.671330912198248,3,0.0584301
43,0.671330912198248,4,0.05846824
43,0.671330912198248,5,0.05856358
43,0.671330912198248,6,0.05824936
43,0.671330912198248,7,0.05850156
43,0.671330912198248,8,0.05859378
43,0.671330912198248,9,0.0584079
43,0.671330912198248,10,0.05853974
43,0.671330912198248,11,0.05843035
43,0.671330912198248,12,0.05832585
43,0.671330912198248,13,0.05837177
43,0.671330912198248,14,0.05848321
43,0.671330912198248,15,0.05853544
43,0.671330912198248,16,0.05857433
43,0.671330912198248,17,0.05849023
43,0.671330912198248,18,0.05827546
43,0.671330912198248,19,0.05847099
43,0.671330912198248,20,0.05824522
43,0.671330912198248,21,0.0583299
43,0.671330912198248,22,0.05823736
43,0.671330912198248,23,0.05811082
44,0.687353129673147,0,0.05832246
44,0.687353129673147,1,0.05832175
44,0.687353129673147,2,0.05845181
44,0.687353129673147,3,0.05852139
44,0.687353129673147,4,0.0582645
44,0.687353129673147,5,0.05847606
44,0.687353129673147,6,0.05841178
44,0.687353129673147,7,0.05831933
44,0.687353129673147,8,0.05819897
44,0.687353129673147,9,0.05826797
44,0.687353129673147,10,0.05845327
44,0.687353129673147,11,0.05868293
44,0.687353129673147,12,0.05840291
44,0.687353129673147,13,0.05853456
44,0.687353129673147,14,0.05862807
44,0.687353129673147,15,0.05835274
44,0.687353129673147,16,0.05812863
44,0.687353129673147,17,0.05837582
44,0.687353129673147,18,0.05863392
44,0.687353129673147,19,0.05834868
44,0.687353129673147,20,0.05832865
44,0.687353129673147,21,0.05825175
44,0.687353129673147,22,0.05832171
44,0.687353129673147,23,0.05859867
45,0.703146458326975,0,0.05843834
45,0.703146458326975,1,0.05844168
45,0.703146458326975,2,0.0584219
45,0.703146458326975,3,0.05845628
45,0.703146458326975,4,0.05843207
45,0.703146458326975,5,0.05817313
45,0.703146458326975,6,0.05840597
45,0.703146458326975,7,0.05819881
45,0.703146458326975,8,0.05855861
45,0.703146458326975,9,0.05856488
45,0.703146458326975,10,0.05852545
45,0.703146458326975,11,0.05855459
45,0.703146458326975,12,0.05857897
45,0.703146458326975,13,0.05845473
45,0.703146458326975,14,0.05862773
45,0.703146458326975,15,0.05859482
45,0.703146458326975,16,0.05861619
45,0.703146458326975,17,0.05841793
45,0.703146458326975,18,0.05843186
45,0.703146458326975,19,0.05844327
45,0.703146458326975,20,0.05848952
45,0.703146458326975,21,0.05815193
45,0.703146458326975,22,0.05837185
45,0.703146458326975,23,0.0581541
46,0.719168675801874,0,0.05844206
46,0.719168675801874,1,0.05854242
46,0.719168675801874,2,0.05857387
46,0.719168675801874,3,0.05871392
46,0.719168675801874,4,0.0584012
46,0.719168675801874,5,0.05860699
46,0.719168675801874,6,0.05865136
46,0.719168675801874,7,0.05892682
46,0.719168675801874,8,0.05867327
46,0.719168675801874,9,0.05854456
46,0.719168675801874,10,0.05856363
46,0.719168675801874,11,0.05869594
46,0.719168675801874,12,0.05857747
46,0.719168675801874,13,0.05858625
46,0.719168675801874,14,0.0583649
46,0.719168675801874,15,0.05856245
46,0.719168675801874,16,0.05860971
46,0.719168675801874,17,0.05866554
46,0.719168675801874,18,0.05843286
46,0.719168675801874,19,0.05837352
46,0.719168675801874,20,0.05871802
46,0.719168675801874,21,0.05863229
46,0.719168675801874,22,0.05825848
46,0.719168675801874,23,0.0585433
47,0.734733115634632,0,0.05811186
47,0.734733115634632,1,0.05842587
47,0.734733115634632,2,0.05836394
47,0.734733115634632,3,0.05815402
47,0.734733115634632,4,0.05818605
47,0.734733115634632,5,0.05834659
47,0.734733115634632,6,0.05859967
47,0.734733115634632,7,0.05819512
47,0.734733115634632,8,0.05831381
47,0.734733115634632,9,0.05863467
47,0.734733115634632,10,0.05847915
47,0.734733115634632,11,0.05850508
47,0.734733115634632,12,0.05860887
47,0.734733115634632,13,0.05822486
47,0.734733115634632,14,0.05861799
47,0.734733115634632,15,0.05855346
47,0.734733115634632,16,0.05874261
47,0.734733115634632,17,0.05841605
47,0.734733115634632,18,0.05847501
47,0.734733115634632,19,0.05829474
47,0.734733115634632,20,0.05856944
47,0.734733115634632,21,0.05868682
47,0.734733115634632,22,0.05855715
47,0.734733115634632,23,0.05853444
48,0.750526444288461,0,0.05858871
48,0.750526444288461,1,0.0585083
48,0.750526444288461,2,0.05834788
48,0.750526444288461,3,0.05842709
48,0.750526444288461,4,0.05843006
48,0.750526444288461,5,0.05858629
48,0.750526444288461,6,0.05853427
48,0.750526444288461,7,0.05865236
48,0.750526444288461,8,0.05905913
48,0.750526444288461,9,0.05855781
48,0.750526444288461,10,0.05874424
48,0.750526444288461,11,0.05890448
48,0.750526444288461,12,0.05866303
48,0.750526444288461,13,0.0587204
48,0.750526444288461,14,0.0589103
48,0.750526444288461,15,0.05900653
48,0.750526444288461,16,0.05879024
48,0.750526444288461,17,0.05840304
48,0.750526444288461,18,0.05846075
48,0.750526444288461,19,0.0583051
48,0.750526444288461,20,0.05916271
48,0.750526444288461,21,0.05888558
48,0.750526444288461,22,0.05902826
48,0.750526444288461,23,0.05883423
49,0.76631977294229,0,0.05854782
49,0.76631977294229,1,0.05849931
49,0.76631977294229,2,0.05866583
49,0.76631977294229,3,0.05848488
49,0.76631977294229,4,0.05822231
49,0.76631977294229,5,0.05839898
49,0.76631977294229,6,0.05840283
49,0.76631977294229,7,0.05830678
49,0.76631977294229,8,0.05832049
49,0.76631977294229,9,0.05852883
49,0.76631977294229,10,0.05826182
49,0.76631977294229,11,0.05845825
49,0.76631977294229,12,0.05827972
49,0.76631977294229,13,0.05850642
49,0.76631977294229,14,0.05864584
49,0.76631977294229,15,0.05858069
49,0.76631977294229,16,0.0584334
49,0.76631977294229,17,0.05832229
49,0.76631977294229,18,0.05844754
49,0.76631977294229,19,0.05873708
49,0.76631977294229,20,0.05843303
49,0.76631977294229,21,0.05850044
49,0.76631977294229,22,0.05847635
49,0.76631977294229,23,0.05836587
50,0.781655323953978,0,0.0587562
50,0.781655323953978,1,0.05874102
50,0.781655323953978,2,0.05883034
50,0.781655323953978,3,0.05888249
50,0.781655323953978,4,0.05896461
50,0.781655323953978,5,0.05908003
50,0.781655323953978,6,0.05899548
50,0.781655323953978,7,0.05886756
50,0.781655323953978,8,0.05867193
50,0.781655323953978,9,0.05858478
50,0.781655323953978,10,0.0585024
50,0.781655323953978,11,0.05873517
50,0.781655323953978,12,0.05852252
50,0.781655323953978,13,0.05851549
50,0.781655323953978,14,0.05844386
50,0.781655323953978,15,0.05825542
50,0.781655323953978,16,0.05823611
50,0.781655323953978,17,0.05840798
50,0.781655323953978,18,0.05811968
50,0.781655323953978,19,0.05851006
50,0.781655323953978,20,0.05841421
50,0.781655323953978,21,0.05853966
50,0.781655323953978,22,0.05868097
50,0.781655323953978,23,0.05855744
51,0.797448652607807,0,0.05878225
51,0.797448652607807,1,0.0588446
51,0.797448652607807,2,0.05855631
51,0.797448652607807,3,0.05876757
51,0.797448652607807,4,0.05869577
51,0.797448652607807,5,0.05838903
51,0.797448652607807,6,0.05857872
51,0.797448652607807,7,0.05842596
51,0.797448652607807,8,0.05871024
51,0.797448652607807,9,0.05852954
51,0.797448652607807,10,0.05841981
51,0.797448652607807,11,0.05855242
51,0.797448652607807,12,0.05846334
51,0.797448652607807,13,0.05850127
51,0.797448652607807,14,0.05883444
51,0.797448652607807,15,0.05861083
51,0.797448652607807,16,0.05876933
51,0.797448652607807,17,0.05839602
51,0.797448652607807,18,0.05846214
51,0.797448652607807,19,0.05883775
51,0.797448652607807,20,0.05839995
51,0.797448652607807,21,0.05843617
51,0.797448652607807,22,0.05875565
51,0.797448652607807,23,0.0586831
52,0.813013092440565,0,0.05839995
52,0.813013092440565,1,0.05854631
52,0.813013092440565,2,0.05849659
52,0.813013092440565,3,0.05842103
52,0.813013092440565,4,0.05867072
52,0.813013092440565,5,0.05850253
52,0.813013092440565,6,0.05830866
52,0.813013092440565,7,0.05845803
52,0.813013092440565,8,0.05856647
52,0.813013092440565,9,0.05879822
52,0.813013092440565,10,0.05836277
52,0.813013092440565,11,0.05842512
52,0.813013092440565,12,0.05827796
52,0.813013092440565,13,0.05843825
52,0.813013092440565,14,0.05852452
52,0.813013092440565,15,0.05839497
52,0.813013092440565,16,0.05856438
52,0.813013092440565,17,0.05845883
52,0.813013092440565,18,0.05843018
52,0.813013092440565,19,0.05871622
52,0.813013092440565,20,0.05877957
52,0.813013092440565,21,0.05850818
52,0.813013092440565,22,0.05874349
52,0.813013092440565,23,0.05866675
53,0.828577532273324,0,0.05900962
53,0.828577532273324,1,0.05873487
53,0.828577532273324,2,0.05857742
53,0.828577532273324,3,0.0587079
53,0.828577532273324,4,0.05850842
53,0.828577532273324,5,0.05849542
53,0.828577532273324,6,0.05857157
53,0.828577532273324,7,0.05849032
53,0.828577532273324,8,0.058725
53,0.828577532273324,9,0.05846184
53,0.828577532273324,10,0.05827353
53,0.828577532273324,11,0.05857086
53,0.828577532273324,12,0.05843278
53,0.828577532273324,13,0.0584444
53,0.828577532273324,14,0.05857057
53,0.828577532273324,15,0.05868113
53,0.828577532273324,16,0.0584462
53,0.828577532273324,17,0.05870029
53,0.828577532273324,18,0.05855254
53,0.828577532273324,19,0.0586542
53,0.828577532273324,20,0.05853974
53,0.828577532273324,21,0.05839995
53,0.828577532273324,22,0.05831999
53,0.828577532273324,23,0.0586675
54,0.844141972106082,0,0.05851533
54,0.844141972106082,1,0.05811299
54,0.844141972106082,2,0.05830356
54,0.844141972106082,3,0.05844101
54,0.844141972106082,4,0.05865199
54,0.844141972106082,5,0.05825426
54,0.844141972106082,6,0.05850917
54,0.844141972106082,7,0.0583064
54,0.844141972106082,8,0.0582967
54,0.844141972106082,9,0.05827153
54,0.844141972106082,10,0.05865872
54,0.844141972106082,11,0.05849383
54,0.844141972106082,12,0.05833961
54,0.844141972106082,13,0.05855254
54,0.844141972106082,14,0.05854318
54,0.844141972106082,15,0.05849224
54,0.844141972106082,16,0.05843462
54,0.844141972106082,17,0.05861155
54,0.844141972106082,18,0.0584209
54,0.844141972106082,19,0.05849308
54,0.844141972106082,20,0.05838481
54,0.844141972106082,21,0.05863309
54,0.844141972106082,22,0.05837172
54,0.844141972106082,23,0.05863982
55,0.859935300759911,0,0.058403
55,0.859935300759911,1,0.05845318
55,0.859935300759911,2,0.05866307
55,0.859935300759911,3,0.05817601
55,0.859935300759911,4,0.0584181
55,0.859935300759911,5,0.05848697
55,0.859935300759911,6,0.05835801
55,0.859935300759911,7,0.05859508
55,0.859935300759911,8,0.0583018
55,0.859935300759911,9,0.05856768
55,0.859935300759911,10,0.0585627
55,0.859935300759911,11,0.05822657
55,0.859935300759911,12,0.05848104
55,0.859935300759911,13,0.0584252
55,0.859935300759911,14,0.05804684
55,0.859935300759911,15,0.058115
55,0.859935300759911,16,0.05825049
55,0.859935300759911,17,0.05853669
55,0.859935300759911,18,0.05853159
55,0.859935300759911,19,0.05820441
55,0.859935300759911,20,0.05824108
55,0.859935300759911,21,0.05841902
55,0.859935300759911,22,0.05851829
55,0.859935300759911,23,0.05853945
56,0.87549974059267,0,0.05845009
56,0.87549974059267,1,0.05835056
56,0.87549974059267,2,0.05867193
56,0.87549974059267,3,0.05865099
56,0.87549974059267,4,0.05827341
56,0.87549974059267,5,0.05855643
56,0.87549974059267,6,0.0587843
56,0.87549974059267,7,0.05844925
56,0.87549974059267,8,0.05841605
56,0.87549974059267,9,0.0584232
56,0.87549974059267,10,0.05828357
56,0.87549974059267,11,0.05834676
56,0.87549974059267,12,0.05828934
56,0.87549974059267,13,0.05811998
56,0.87549974059267,14,0.05842508
56,0.87549974059267,15,0.05859779
56,0.87549974059267,16,0.05840714
56,0.87549974059267,17,0.05840898
56,0.87549974059267,18,0.05862891
56,0.87549974059267,19,0.05826362
56,0.87549974059267,20,0.05833187
56,0.87549974059267,21,0.0582944
56,0.87549974059267,22,0.05813127
56,0.87549974059267,23,0.05858575
57,0.891293069246498,0,0.05873023
57,0.891293069246498,1,0.0585397
57,0.891293069246498,2,0.0584252
57,0.891293069246498,3,0.05834283
57,0.891293069246498,4,0.05863196
57,0.891293069246498,5,0.05832472
57,0.891293069246498,6,0.05828457
57,0.891293069246498,7,0.05872973
57,0.891293069246498,8,0.05858541
57,0.891293069246498,9,0.05835588
57,0.891293069246498,10,0.05845218
57,0.891293069246498,11,0.05845958
57,0.891293069246498,12,0.05847313
57,0.891293069246498,13,0.05790813
57,0.891293069246498,14,0.05847953
57,0.891293069246498,15,0.05835738
57,0.891293069246498,16,0.05835478
57,0.891293069246498,17,0.05836779
57,0.891293069246498,18,0.05798144
57,0.891293069246498,19,0.05825329
57,0.891293069246498,20,0.05834312
57,0.891293069246498,21,0.05849458
57,0.891293069246498,22,0.0584771
57,0.891293069246498,23,0.05831151
58,0.907086397900326,0,0.05831347
58,0.907086397900326,1,0.05852461
58,0.907086397900326,2,0.05804563
58,0.907086397900326,3,0.05828039
58,0.907086397900326,4,0.05839552
58,0.907086397900326,5,0.05815217
58,0.907086397900326,6,0.05801476
58,0.907086397900326,7,0.05827374
58,0.907086397900326,8,0.05845808
58,0.907086397900326,9,0.05850215
58,0.907086397900326,10,0.05823765
58,0.907086397900326,11,0.05844105
58,0.907086397900326,12,0.05855639
58,0.907086397900326,13,0.05837507
58,0.907086397900326,14,0.05833965
58,0.907086397900326,15,0.05834479
58,0.907086397900326,16,0.05839401
58,0.907086397900326,17,0.05847923
58,0.907086397900326,18,0.05841985
58,0.907086397900326,19,0.05846677
58,0.907086397900326,20,0.05842328
58,0.907086397900326,21,0.05861682
58,0.907086397900326,22,0.05854866
58,0.907086397900326,23,0.05836896
59,0.922650837733085,0,0.05860486
59,0.922650837733085,1,0.05857375
59,0.922650837733085,2,0.05840397
59,0.922650837733085,3,0.05816497
59,0.922650837733085,4,0.05794434
59,0.922650837733085,5,0.05822821
59,0.922650837733085,6,0.05808585
59,0.922650837733085,7,0.05828273
59,0.922650837733085,8,0.0583744
59,0.922650837733085,9,0.05837594
59,0.922650837733085,10,0.05799699
59,0.922650837733085,11,0.05802551
59,0.922650837733085,12,0.05823309
59,0.922650837733085,13,0.05846841
59,0.922650837733085,14,0.05851554
59,0.922650837733085,15,0.05860578
59,0.922650837733085,16,0.0585558
59,0.922650837733085,17,0.05876828
59,0.922650837733085,18,0.05851754
59,0.922650837733085,19,0.05849458
59,0.922650837733085,20,0.05841317
59,0.922650837733085,21,0.05862188
59,0.922650837733085,22,0.05861075
59,0.922650837733085,23,0.05826074
60,0.938444166386914,0,0.05827425
60,0.938444166386914,1,0.0585962
60,0.938444166386914,2,0.05861594
60,0.938444166386914,3,0.05860879
60,0.938444166386914,4,0.0582203
60,0.938444166386914,5,0.05827956
60,0.938444166386914,6,0.05837586
60,0.938444166386914,7,0.05887178
60,0.938444166386914,8,0.05890386
60,0.938444166386914,9,0.05860252
60,0.938444166386914,10,0.05855254
60,0.938444166386914,11,0.05872517
60,0.938444166386914,12,0.05864392
60,0.938444166386914,13,0.05875105
60,0.938444166386914,14,0.05891172
60,0.938444166386914,15,0.05884552
60,0.938444166386914,16,0.05887856
60,0.938444166386914,17,0.0587222
60,0.938444166386914,18,0.05891155
60,0.938444166386914,19,0.0589466
60,0.938444166386914,20,0.0590102
60,0.938444166386914,21,0.05895433
60,0.938444166386914,22,0.05873027
60,0.938444166386914,23,0.05861874
61,0.954466383861812,0,0.05894245
61,0.954466383861812,1,0.05874164
61,0.954466383861812,2,0.0589711
61,0.954466383861812,3,0.05886542
61,0.954466383861812,4,0.0589729
61,0.954466383861812,5,0.05875114
61,0.954466383861812,6,0.05871229
61,0.954466383861812,7,0.0587398
61,0.954466383861812,8,0.05876536
61,0.954466383861812,9,0.05902316
61,0.954466383861812,10,0.05908915
61,0.954466383861812,11,0.05899836
61,0.954466383861812,12,0.0588837
61,0.954466383861812,13,0.05855053
61,0.954466383861812,14,0.05889955
61,0.954466383861812,15,0.05871622
61,0.954466383861812,16,0.05866913
61,0.954466383861812,17,0.0589381
61,0.954466383861812,18,0.05849208
61,0.954466383861812,19,0.05885154
61,0.954466383861812,20,0.05889683
61,0.954466383861812,21,0.05909835
61,0.954466383861812,22,0.05877522
61,0.954466383861812,23,0.05875716
62,0.970488601336711,0,0.05817296
62,0.970488601336711,1,0.05841023
62,0.970488601336711,2,0.05833685
62,0.970488601336711,3,0.05836152
62,0.970488601336711,4,0.05833681
62,0.970488601336711,5,0.05831364
62,0.970488601336711,6,0.05842182
62,0.970488601336711,7,0.05852523
62,0.970488601336711,8,0.05856274
62,0.970488601336711,9,0.0584904
62,0.970488601336711,10,0.05867586
62,0.970488601336711,11,0.05862577
62,0.970488601336711,12,0.05850353
62,0.970488601336711,13,0.05827157
62,0.970488601336711,14,0.05871279
62,0.970488601336711,15,0.05852925
62,0.970488601336711,16,0.05871408
62,0.970488601336711,17,0.0584636
62,0.970488601336711,18,0.0583895
62,0.970488601336711,19,0.05881056
62,0.970488601336711,20,0.05859691
62,0.970488601336711,21,0.05855543
62,0.970488601336711,22,0.05855053
62,0.970488601336711,23,0.05847752
63,0.986510818811609,0,0.05816309
63,0.986510818811609,1,0.05855229
63,0.986510818811609,2,0.05825961
63,0.986510818811609,3,0.05804662
63,0.986510818811609,4,0.05834876
63,0.986510818811609,5,0.05836599
63,0.986510818811609,6,0.05861117
63,0.986510818811609,7,0.05830581
63,0.986510818811609,8,0.05864969
63,0.986510818811609,9,0.05851261
63,0.986510818811609,10,0.0582985
63,0.986510818811609,11,0.05815811
63,0.986510818811609,12,0.05822448
63,0.986510818811609,13,0.05863698
63,0.986510818811609,14,0.05855154
63,0.986510818811609,15,0.05871722
63,0.986510818811609,16,0.05872316
63,0.986510818811609,17,0.05871689
63,0.986510818811609,18,0.0586008
63,0.986510818811609,19,0.05895609
63,0.986510818811609,20,0.05883029
63,0.986510818811609,21,0.05877331
63,0.986510818811609,22,0.05860193
63,0.986510818811609,23,0.05841697
64,1.00230414746544,0,0.05840769
64,1.00230414746544,1,0.05830356
64,1.00230414746544,2,0.05828879
64,1.00230414746544,3,0.05824205
64,1.00230414746544,4,0.05828842
64,1.00230414746544,5,0.05830469
64,1.00230414746544,6,0.05843914
64,1.00230414746544,7,0.05864559
64,1.00230414746544,8,0.05841099
64,1.00230414746544,9,0.0583005
64,1.00230414746544,10,0.05822594
64,1.00230414746544,11,0.05841701
64,1.00230414746544,12,0.05835525
64,1.00230414746544,13,0.05828666
64,1.00230414746544,14,0.05771539
64,1.00230414746544,15,0.05832255
64,1.00230414746544,16,0.05838008
64,1.00230414746544,17,0.05844938
64,1.00230414746544,18,0.05825752
64,1.00230414746544,19,0.05823933
64,1.00230414746544,20,0.0581408
64,1.00230414746544,21,0.05817012
64,1.00230414746544,22,0.05844286
64,1.00230414746544,23,0.0584802
65,1.0178685872982,0,0.0581702
65,1.0178685872982,1,0.05846832
65,1.0178685872982,2,0.05833969
65,1.0178685872982,3,0.05802099
65,1.0178685872982,4,0.05823439
65,1.0178685872982,5,0.05848764
65,1.0178685872982,6,0.05861678
65,1.0178685872982,7,0.0581592
65,1.0178685872982,8,0.05819065
65,1.0178685872982,9,0.05839715
65,1.0178685872982,10,0.05824994
65,1.0178685872982,11,0.05821846
65,1.0178685872982,12,0.05819312
65,1.0178685872982,13,0.0581896
65,1.0178685872982,14,0.05823631
65,1.0178685872982,15,0.05851252
65,1.0178685872982,16,0.05841676
65,1.0178685872982,17,0.05824764
65,1.0178685872982,18,0.05803107
65,1.0178685872982,19,0.05795325
65,1.0178685872982,20,0.05849893
65,1.0178685872982,21,0.05845523
65,1.0178685872982,22,0.05844733
65,1.0178685872982,23,0.05845109
66,1.03366191595202,0,0.05821649
66,1.03366191595202,1,0.0582875
66,1.03366191595202,2,0.05831564
66,1.03366191595202,3,0.05839079
66,1.03366191595202,4,0.05815912
66,1.03366191595202,5,0.0576412
66,1.03366191595202,6,0.05818814
66,1.03366191595202,7,0.05837084
66,1.03366191595202,8,0.05839681
66,1.03366191595202,9,0.05827746
66,1.03366191595202,10,0.05801225
66,1.03366191595202,11,0.05813227
66,1.03366191595202,12,0.05788814
66,1.03366191595202,13,0.0583018
66,1.03366191595202,14,0.05828156
66,1.03366191595202,15,0.05844332
66,1.03366191595202,16,0.05841805
66,1.03366191595202,17,0.05814113
66,1.03366191595202,18,0.05837883
66,1.03366191595202,19,0.05830402
66,1.03366191595202,20,0.05810371
66,1.03366191595202,21,0.05789073
66,1.03366191595202,22,0.05805311
66,1.03366191595202,23,0.05828223
67,1.04945524460585,0,0.05865186
67,1.04945524460585,1,0.05820893
67,1.04945524460585,2,0.05829523
67,1.04945524460585,3,0.05847426
67,1.04945524460585,4,0.05841358
67,1.04945524460585,5,0.05828566
67,1.04945524460585,6,0.05817861
67,1.04945524460585,7,0.05811086
67,1.04945524460585,8,0.05807393
67,1.04945524460585,9,0.05840417
67,1.04945524460585,10,0.05842914
67,1.04945524460585,11,0.05870434
67,1.04945524460585,12,0.05882632
67,1.04945524460585,13,0.05841588
67,1.04945524460585,14,0.05866608
67,1.04945524460585,15,0.05851131
67,1.04945524460585,16,0.05825125
67,1.04945524460585,17,0.0584408
67,1.04945524460585,18,0.05835588
67,1.04945524460585,19,0.05824744
67,1.04945524460585,20,0.05812428
67,1.04945524460585,21,0.05837649
67,1.04945524460585,22,0.05844716
67,1.04945524460585,23,0.05836557
68,1.06547746208075,0,0.05816707
68,1.06547746208075,1,0.05861456
68,1.06547746208075,2,0.05841513
68,1.06547746208075,3,0.05836315
68,1.06547746208075,4,0.05817342
68,1.06547746208075,5,0.05805386
68,1.06547746208075,6,0.05799532
68,1.06547746208075,7,0.05807377
68,1.06547746208075,8,0.05827943
68,1.06547746208075,9,0.05820002
68,1.06547746208075,10,0.05834818
68,1.06547746208075,11,0.05829369
68,1.06547746208075,12,0.05834161
68,1.06547746208075,13,0.05847652
68,1.06547746208075,14,0.0583235
68,1.06547746208075,15,0.05826734
68,1.06547746208075,16,0.0585423
68,1.06547746208075,17,0.05824088
68,1.06547746208075,18,0.058379
68,1.06547746208075,19,0.05829419
68,1.06547746208075,20,0.05857855
68,1.06547746208075,21,0.05832953
68,1.06547746208075,22,0.05825317
68,1.06547746208075,23,0.05838703
69,1.08149967955565,0,0.05826651
69,1.08149967955565,1,0.05835859
69,1.08149967955565,2,0.05833836
69,1.08149967955565,3,0.05845825
69,1.08149967955565,4,0.05849337
69,1.08149967955565,5,0.05837904
69,1.08149967955565,6,0.05849847
69,1.08149967955565,7,0.05865299
69,1.08149967955565,8,0.0584171
69,1.08149967955565,9,0.05860808
69,1.08149967955565,10,0.05852038
69,1.08149967955565,11,0.0584408
69,1.08149967955565,12,0.05853456
69,1.08149967955565,13,0.05850504
69,1.08149967955565,14,0.05876661
69,1.08149967955565,15,0.05823832
69,1.08149967955565,16,0.05821039
69,1.08149967955565,17,0.0585098
69,1.08149967955565,18,0.05839694
69,1.08149967955565,19,0.05832104
69,1.08149967955565,20,0.05851926
69,1.08149967955565,21,0.05846515
69,1.08149967955565,22,0.05871639
69,1.08149967955565,23,0.05814703
70,1.09706411938841,0,0.05818814
70,1.09706411938841,1,0.05857441
70,1.09706411938841,2,0.05863789
70,1.09706411938841,3,0.05824137
70,1.09706411938841,4,0.05863589
70,1.09706411938841,5,0.05867394
70,1.09706411938841,6,0.05868778
70,1.09706411938841,7,0.05847585
70,1.09706411938841,8,0.05855652
70,1.09706411938841,9,0.05834985
70,1.09706411938841,10,0.05859553
70,1.09706411938841,11,0.05830247
70,1.09706411938841,12,0.05843252
70,1.09706411938841,13,0.05820127
70,1.09706411938841,14,0.05839945
70,1.09706411938841,15,0.0585024
70,1.09706411938841,16,0.05877702
70,1.09706411938841,17,0.05856856
70,1.09706411938841,18,0.05848835
70,1.09706411938841,19,0.05860369
70,1.09706411938841,20,0.05871705
70,1.09706411938841,21,0.05866114
70,1.09706411938841,22,0.05901609
70,1.09706411938841,23,0.05902517
71,1.11285744804224,0,0.05857868
71,1.11285744804224,1,0.05848312
71,1.11285744804224,2,0.05871408
71,1.11285744804224,3,0.05839004
71,1.11285744804224,4,0.05848927
71,1.11285744804224,5,0.05841095
71,1.11285744804224,6,0.05869573
71,1.11285744804224,7,0.05864864
71,1.11285744804224,8,0.05880078
71,1.11285744804224,9,0.05836386
71,1.11285744804224,10,0.05879337
71,1.11285744804224,11,0.05857939
71,1.11285744804224,12,0.05873203
71,1.11285744804224,13,0.05861878
71,1.11285744804224,14,0.05870832
71,1.11285744804224,15,0.05864279
71,1.11285744804224,16,0.0586632
71,1.11285744804224,17,0.05861083
71,1.11285744804224,18,0.05881746
71,1.11285744804224,19,0.05872329
71,1.11285744804224,20,0.05892476
71,1.11285744804224,21,0.05864375
71,1.11285744804224,22,0.05858859
71,1.11285744804224,23,0.05880437
72,1.12865077669607,0,0.05843311
72,1.12865077669607,1,0.05823736
72,1.12865077669607,2,0.05853828
72,1.12865077669607,3,0.05835763
72,1.12865077669607,4,0.05850333
72,1.12865077669607,5,0.05839882
72,1.12865077669607,6,0.05858637
72,1.12865077669607,7,0.05848518
72,1.12865077669607,8,0.05844156
72,1.12865077669607,9,0.05864881
72,1.12865077669607,10,0.0583568
72,1.12865077669607,11,0.05869682
72,1.12865077669607,12,0.05858353
72,1.12865077669607,13,0.05852833
72,1.12865077669607,14,0.05851336
72,1.12865077669607,15,0.05869218
72,1.12865077669607,16,0.0586647
72,1.12865077669607,17,0.05855405
72,1.12865077669607,18,0.05854715
72,1.12865077669607,19,0.05876402
72,1.12865077669607,20,0.0587153
72,1.12865077669607,21,0.05862359
72,1.12865077669607,22,0.05877749
72,1.12865077669607,23,0.05848037
73,1.14421521652882,0,0.05867829
73,1.14421521652882,1,0.05886706
73,1.14421521652882,2,0.05872421
73,1.14421521652882,3,0.05842909
73,1.14421521652882,4,0.05836788
73,1.14421521652882,5,0.05864567
73,1.14421521652882,6,0.05892109
73,1.14421521652882,7,0.05852557
73,1.14421521652882,8,0.05867102
73,1.14421521652882,9,0.05853
73,1.14421521652882,10,0.05866378
73,1.14421521652882,11,0.05874186
73,1.14421521652882,12,0.0587664
73,1.14421521652882,13,0.05860072
73,1.14421521652882,14,0.05852436
73,1.14421521652882,15,0.05908112
73,1.14421521652882,16,0.05869518
73,1.14421521652882,17,0.05880404
73,1.14421521652882,18,0.05845419
73,1.14421521652882,19,0.05862669
73,1.14421521652882,20,0.05886041
73,1.14421521652882,21,0.05899406
73,1.14421521652882,22,0.0588947
73,1.14421521652882,23,0.05860176
74,1.16023743400372,0,0.05855476
74,1.16023743400372,1,0.05833868
74,1.16023743400372,2,0.05839915
74,1.16023743400372,3,0.05877092
74,1.16023743400372,4,0.05883285
74,1.16023743400372,5,0.05900247
74,1.16023743400372,6,0.0587738
74,1.16023743400372,7,0.05878263
74,1.16023743400372,8,0.05883925
74,1.16023743400372,9,0.05873843
74,1.16023743400372,10,0.05879555
74,1.16023743400372,11,0.05858503
74,1.16023743400372,12,0.05873512
74,1.16023743400372,13,0.05871689
74,1.16023743400372,14,0.05879459
74,1.16023743400372,15,0.05855162
74,1.16023743400372,16,0.05871254
74,1.16023743400372,17,0.05874942
74,1.16023743400372,18,0.05865626
74,1.16023743400372,19,0.0587792
74,1.16023743400372,20,0.05859152
74,1.16023743400372,21,0.05910458
74,1.16023743400372,22,0.05871518
74,1.16023743400372,23,0.05866294
75,1.17625965147862,0,0.05887329
75,1.17625965147862,1,0.05885263
75,1.17625965147862,2,0.05870631
75,1.17625965147862,3,0.05867695
75,1.17625965147862,4,0.05905332
75,1.17625965147862,5,0.05912876
75,1.17625965147862,6,0.05885225
75,1.17625965147862,7,0.05906649
75,1.17625965147862,8,0.05902948
75,1.17625965147862,9,0.05885037
75,1.17625965147862,10,0.05891398
75,1.17625965147862,11,0.0588868
75,1.17625965147862,12,0.05875649
75,1.17625965147862,13,0.05902521
75,1.17625965147862,14,0.05925169
75,1.17625965147862,15,0.05905001
75,1.17625965147862,16,0.05881733
75,1.17625965147862,17,0.05895003
75,1.17625965147862,18,0.05875243
75,1.17625965147862,19,0.05920311
75,1.17625965147862,20,0.0590171
75,1.17625965147862,21,0.05891561
75,1.17625965147862,22,0.05873124
75,1.17625965147862,23,0.05921172
76,1.19205298013245,0,0.05865876
76,1.19205298013245,1,0.05875645
76,1.19205298013245,2,0.058656
76,1.19205298013245,3,0.05885531
76,1.19205298013245,4,0.05868695
76,1.19205298013245,5,0.05904328
76,1.19205298013245,6,0.05890507
76,1.19205298013245,7,0.05883398
76,1.19205298013245,8,0.05852616
76,1.19205298013245,9,0.05846924
76,1.19205298013245,10,0.05865876
76,1.19205298013245,11,0.05838247
76,1.19205298013245,12,0.05869029
76,1.19205298013245,13,0.05862589
76,1.19205298013245,14,0.05883754
76,1.19205298013245,15,0.05863894
76,1.19205298013245,16,0.05852323
76,1.19205298013245,17,0.05871614
76,1.19205298013245,18,0.05883745
76,1.19205298013245,19,0.05898532
76,1.19205298013245,20,0.05867285
76,1.19205298013245,21,0.05835976
76,1.19205298013245,22,0.05888588
76,1.19205298013245,23,0.05840706
77,1.20761741996521,0,0.058564
77,1.20761741996521,1,0.05875937
77,1.20761741996521,2,0.05880663
77,1.20761741996521,3,0.05858366
77,1.20761741996521,4,0.05878719
77,1.20761741996521,5,0.05896905
77,1.20761741996521,6,0.05873659
77,1.20761741996521,7,0.05863777
77,1.20761741996521,8,0.05869142
77,1.20761741996521,9,0.05860494
77,1.20761741996521,10,0.05863275
77,1.20761741996521,11,0.0588855
77,1.20761741996521,12,0.05882239
77,1.20761741996521,13,0.05869201
77,1.20761741996521,14,0.05893221
77,1.20761741996521,15,0.05848693
77,1.20761741996521,16,0.05834881
77,1.20761741996521,17,0.05847338
77,1.20761741996521,18,0.05859441
77,1.20761741996521,19,0.05860662
77,1.20761741996521,20,0.05873257
77,1.20761741996521,21,0.0583596
77,1.20761741996521,22,0.05862748
77,1.20761741996521,23,0.05844302
78,1.22318185979797,0,0.05861079
78,1.22318185979797,1,0.05906026
78,1.22318185979797,2,0.05898594
78,1.22318185979797,3,0.05904968
78,1.22318185979797,4,0.05886388
78,1.22318185979797,5,0.05867578
78,1.22318185979797,6,0.05869314
78,1.22318185979797,7,0.05904701
78,1.22318185979797,8,0.05900832
78,1.22318185979797,9,0.05887316
78,1.22318185979797,10,0.0588714
78,1.22318185979797,11,0.05870723
78,1.22318185979797,12,0.05869092
78,1.22318185979797,13,0.05861686
78,1.22318185979797,14,0.05866482
78,1.22318185979797,15,0.05861736
78,1.22318185979797,16,0.05862205
78,1.22318185979797,17,0.05858378
78,1.22318185979797,18,0.05856258
78,1.22318185979797,19,0.05850759
78,1.22318185979797,20,0.05871304
78,1.22318185979797,21,0.05895805
78,1.22318185979797,22,0.05851416
78,1.22318185979797,23,0.05873027
79,1.23851741080966,0,0.05897131
79,1.23851741080966,1,0.05891185
79,1.23851741080966,2,0.05877602
79,1.23851741080966,3,0.05880031
79,1.23851741080966,4,0.05877226
79,1.23851741080966,5,0.05885577
79,1.23851741080966,6,0.05888023
79,1.23851741080966,7,0.05855568
79,1.23851741080966,8,0.05855656
79,1.23851741080966,9,0.05874206
79,1.23851741080966,10,0.05894889
79,1.23851741080966,11,0.05863973
79,1.23851741080966,12,0.05860377
79,1.23851741080966,13,0.05858763
79,1.23851741080966,14,0.0582806
79,1.23851741080966,15,0.05863066
79,1.23851741080966,16,0.05831761
79,1.23851741080966,17,0.05860419
79,1.23851741080966,18,0.05848329
79,1.23851741080966,19,0.05844599
79,1.23851741080966,20,0.05880441
79,1.23851741080966,21,0.05868406
79,1.23851741080966,22,0.05885359
79,1.23851741080966,23,0.05857065
80,1.25408185064241,0,0.05875114
80,1.25408185064241,1,0.05854677
80,1.25408185064241,2,0.05872241
80,1.25408185064241,3,0.05869259
80,1.25408185064241,4,0.05846214
80,1.25408185064241,5,0.05870911
80,1.25408185064241,6,0.0584439
80,1.25408185064241,7,0.05869289
80,1.25408185064241,8,0.05832836
80,1.25408185064241,9,0.05856258
80,1.25408185064241,10,0.05882156
80,1.25408185064241,11,0.058415
80,1.25408185064241,12,0.05846184
80,1.25408185064241,13,0.05856166
80,1.25408185064241,14,0.05872835
80,1.25408185064241,15,0.05917818
80,1.25408185064241,16,0.05886568
80,1.25408185064241,17,0.05852248
80,1.25408185064241,18,0.05897905
80,1.25408185064241,19,0.05901263
80,1.25408185064241,20,0.05905423
80,1.25408185064241,21,0.05864684
80,1.25408185064241,22,0.05853653
80,1.25408185064241,23,0.05874528
81,1.2694174016541,0,0.05902421
81,1.2694174016541,1,0.05878731
81,1.2694174016541,2,0.05888462
81,1.2694174016541,3,0.05877811
81,1.2694174016541,4,0.05870916
81,1.2694174016541,5,0.05902421
81,1.2694174016541,6,0.05864191
81,1.2694174016541,7,0.0585612
81,1.2694174016541,8,0.05851658
81,1.2694174016541,9,0.05874537
81,1.2694174016541,10,0.0588645
81,1.2694174016541,11,0.05882445
81,1.2694174016541,12,0.05870162
81,1.2694174016541,13,0.05848384
81,1.2694174016541,14,0.05847317
81,1.2694174016541,15,0.05869811
81,1.2694174016541,16,0.05872713
81,1.2694174016541,17,0.05898139
81,1.2694174016541,18,0.0588528
81,1.2694174016541,19,0.05876201
81,1.2694174016541,20,0.05863137
81,1.2694174016541,21,0.05887484
81,1.2694174016541,22,0.05908246
81,1.2694174016541,23,0.05884556
82,1.28475295266579,0,0.05852829
82,1.28475295266579,1,0.05849341
82,1.28475295266579,2,0.05889474
82,1.28475295266579,3,0.0591196
82,1.28475295266579,4,0.05870393
82,1.28475295266579,5,0.05874001
82,1.28475295266579,6,0.05896867
82,1.28475295266579,7,0.05893158
82,1.28475295266579,8,0.05889972
82,1.28475295266579,9,0.05889265
82,1.28475295266579,10,0.0588576
82,1.28475295266579,11,0.05891402
82,1.28475295266579,12,0.05874382
82,1.28475295266579,13,0.05924706
82,1.28475295266579,14,0.05891887
82,1.28475295266579,15,0.05867516
82,1.28475295266579,16,0.05857759
82,1.28475295266579,17,0.05873441
82,1.28475295266579,18,0.05863074
82,1.28475295266579,19,0.05888662
82,1.28475295266579,20,0.05873416
82,1.28475295266579,21,0.05846405
82,1.28475295266579,22,0.05886075
82,1.28475295266579,23,0.05903345
83,1.30054628131962,0,0.05899197
83,1.30054628131962,1,0.05881261
83,1.30054628131962,2,0.05898837
83,1.30054628131962,3,0.05892284
83,1.30054628131962,4,0.05904679
83,1.30054628131962,5,0.05879642
83,1.30054628131962,6,0.05892966
83,1.30054628131962,7,0.05868607
83,1.30054628131962,8,0.05896194
83,1.30054628131962,9,0.05884774
83,1.30054628131962,10,0.05886881
83,1.30054628131962,11,0.05884657
83,1.30054628131962,12,0.05858763
83,1.30054628131962,13,0.05856773
83,1.30054628131962,14,0.05853151
83,1.30054628131962,15,0.05839602
83,1.30054628131962,16,0.05898891
83,1.30054628131962,17,0.05872722
83,1.30054628131962,18,0.0591093
83,1.30054628131962,19,0.05877331
83,1.30054628131962,20,0.05877577
83,1.30054628131962,21,0.05878351
83,1.30054628131962,22,0.05876398
83,1.30054628131962,23,0.05872935
84,1.31611072115238,0,0.05875687
84,1.31611072115238,1,0.05896203
84,1.31611072115238,2,0.0588617
84,1.31611072115238,3,0.05891084
84,1.31611072115238,4,0.05883365
84,1.31611072115238,5,0.05851256
84,1.31611072115238,6,0.05878823
84,1.31611072115238,7,0.05901743
84,1.31611072115238,8,0.05889687
84,1.31611072115238,9,0.05879718
84,1.31611072115238,10,0.05872208
84,1.31611072115238,11,0.05920971
84,1.31611072115238,12,0.05867904
84,1.31611072115238,13,0.05867403
84,1.31611072115238,14,0.05880249
84,1.31611072115238,15,0.05888788
84,1.31611072115238,16,0.05874106
84,1.31611072115238,17,0.05909363
84,1.31611072115238,18,0.05879086
84,1.31611072115238,19,0.05870806
84,1.31611072115238,20,0.05885313
84,1.31611072115238,21,0.05868912
84,1.31611072115238,22,0.05850625
84,1.31611072115238,23,0.0589348
85,1.33167516098514,0,0.0585837
85,1.33167516098514,1,0.05902003
85,1.33167516098514,2,0.05873939
85,1.33167516098514,3,0.05889696
85,1.33167516098514,4,0.05880462
85,1.33167516098514,5,0.05871321
85,1.33167516098514,6,0.05864994
85,1.33167516098514,7,0.05860339
85,1.33167516098514,8,0.05893986
85,1.33167516098514,9,0.05910997
85,1.33167516098514,10,0.05844658
85,1.33167516098514,11,0.05885568
85,1.33167516098514,12,0.0589177
85,1.33167516098514,13,0.05873223
85,1.33167516098514,14,0.05894605
85,1.33167516098514,15,0.05879333
85,1.33167516098514,16,0.05898988
85,1.33167516098514,17,0.0585916
85,1.33167516098514,18,0.05886864
85,1.33167516098514,19,0.05904035
85,1.33167516098514,20,0.05904926
85,1.33167516098514,21,0.05866415
85,1.33167516098514,22,0.05871814
85,1.33167516098514,23,0.05862225
86,1.3472396008179,0,0.05881537
86,1.3472396008179,1,0.05863371
86,1.3472396008179,2,0.05900857
86,1.3472396008179,3,0.05908434
86,1.3472396008179,4,0.05920469
86,1.3472396008179,5,0.05901418
86,1.3472396008179,6,0.05909346
86,1.3472396008179,7,0.05911123
86,1.3472396008179,8,0.05927337
86,1.3472396008179,9,0.05911395
86,1.3472396008179,10,0.05890097
86,1.3472396008179,11,0.05872513
86,1.3472396008179,12,0.05867298
86,1.3472396008179,13,0.05867089
86,1.3472396008179,14,0.05899958
86,1.3472396008179,15,0.0589279
86,1.3472396008179,16,0.05861778
86,1.3472396008179,17,0.05864471
86,1.3472396008179,18,0.05868477
86,1.3472396008179,19,0.058644
86,1.3472396008179,20,0.05879195
86,1.3472396008179,21,0.05908539
86,1.3472396008179,22,0.05873064
86,1.3472396008179,23,0.05864906
87,1.36326181829279,0,0.05868001
87,1.36326181829279,1,0.058839
87,1.36326181829279,2,0.05888036
87,1.36326181829279,3,0.05901418
87,1.36326181829279,4,0.05891285
87,1.36326181829279,5,0.05841513
87,1.36326181829279,6,0.0582796
87,1.36326181829279,7,0.05851842
87,1.36326181829279,8,0.05863493
87,1.36326181829279,9,0.05868088
87,1.36326181829279,10,0.05887923
87,1.36326181829279,11,0.05881998
87,1.36326181829279,12,0.0586156
87,1.36326181829279,13,0.05888291
87,1.36326181829279,14,0.05884506
87,1.36326181829279,15,0.05877129
87,1.36326181829279,16,0.05881118
87,1.36326181829279,17,0.05858658
87,1.36326181829279,18,0.05888312
87,1.36326181829279,19,0.05925479
87,1.36326181829279,20,0.05923087
87,1.36326181829279,21,0.0589348
87,1.36326181829279,22,0.05918362
87,1.36326181829279,23,0.05894655
88,1.37951292458876,0,0.05902308
88,1.37951292458876,1,0.05897905
88,1.37951292458876,2,0.05886145
88,1.37951292458876,3,0.05887258
88,1.37951292458876,4,0.05907711
88,1.37951292458876,5,0.05901016
88,1.37951292458876,6,0.05888889
88,1.37951292458876,7,0.05919286
88,1.37951292458876,8,0.05903236
88,1.37951292458876,9,0.05906925
88,1.37951292458876,10,0.05894676
88,1.37951292458876,11,0.0587787
88,1.37951292458876,12,0.05921607
88,1.37951292458876,13,0.05908573
88,1.37951292458876,14,0.05913369
88,1.37951292458876,15,0.05927437
88,1.37951292458876,16,0.05932819
88,1.37951292458876,17,0.05914875
88,1.37951292458876,18,0.05924907
88,1.37951292458876,19,0.05893505
88,1.37951292458876,20,0.05904834
88,1.37951292458876,21,0.05888124
88,1.37951292458876,22,0.05881165
88,1.37951292458876,23,0.05884849
89,1.39576403088473,0,0.05909655
89,1.39576403088473,1,0.05917333
89,1.39576403088473,2,0.05885029
89,1.39576403088473,3,0.05918425
89,1.39576403088473,4,0.05890169
89,1.39576403088473,5,0.05908184
89,1.39576403088473,6,0.05871697
89,1.39576403088473,7,0.05861343
89,1.39576403088473,8,0.058931
89,1.39576403088473,9,0.05881048
89,1.39576403088473,10,0.05914343
89,1.39576403088473,11,0.05904127
89,1.39576403088473,12,0.05916145
89,1.39576403088473,13,0.05900087
89,1.39576403088473,14,0.05867578
89,1.39576403088473,15,0.05912863
89,1.39576403088473,16,0.0589609
89,1.39576403088473,17,0.05914256
89,1.39576403088473,18,0.05900653
89,1.39576403088473,19,0.05885158
89,1.39576403088473,20,0.05906314
89,1.39576403088473,21,0.05917388
89,1.39576403088473,22,0.05915966
89,1.39576403088473,23,0.05924802
90,1.4120151371807,0,0.05915778
90,1.4120151371807,1,0.05902015
90,1.4120151371807,2,0.0589581
90,1.4120151371807,3,0.05923807
90,1.4120151371807,4,0.05908426
90,1.4120151371807,5,0.05929081
90,1.4120151371807,6,0.05931225
90,1.4120151371807,7,0.05905398
90,1.4120151371807,8,0.05888684
90,1.4120151371807,9,0.05898712
90,1.4120151371807,10,0.05901835
90,1.4120151371807,11,0.05873035
90,1.4120151371807,12,0.0589831
90,1.4120151371807,13,0.05895831
90,1.4120151371807,14,0.05876431
90,1.4120151371807,15,0.05912812
90,1.4120151371807,16,0.05910785
90,1.4120151371807,17,0.05897821
90,1.4120151371807,18,0.05906745
90,1.4120151371807,19,0.05911261
90,1.4120151371807,20,0.0587544
90,1.4120151371807,21,0.0588004
90,1.4120151371807,22,0.05893296
90,1.4120151371807,23,0.05898302
91,1.42780846583453,0,0.05895007
91,1.42780846583453,1,0.05889646
91,1.42780846583453,2,0.05907845
91,1.42780846583453,3,0.05890962
91,1.42780846583453,4,0.05903944
91,1.42780846583453,5,0.05883064
91,1.42780846583453,6,0.05898318
91,1.42780846583453,7,0.05892393
91,1.42780846583453,8,0.05903215
91,1.42780846583453,9,0.05886384
91,1.42780846583453,10,0.05880533
91,1.42780846583453,11,0.05896796
91,1.42780846583453,12,0.05906152
91,1.42780846583453,13,0.05917384
91,1.42780846583453,14,0.05897608
91,1.42780846583453,15,0.05890699
91,1.42780846583453,16,0.05894776
91,1.42780846583453,17,0.05893995
91,1.42780846583453,18,0.05889282
91,1.42780846583453,19,0.05919269
91,1.42780846583453,20,0.0588206
91,1.42780846583453,21,0.05877761
91,1.42780846583453,22,0.05896826
91,1.42780846583453,23,0.05885844
92,1.44360179448836,0,0.05868728
92,1.44360179448836,1,0.05872613
92,1.44360179448836,2,0.05894513
92,1.44360179448836,3,0.05879755
92,1.44360179448836,4,0.05909609
92,1.44360179448836,5,0.0588257
92,1.44360179448836,6,0.05921001
92,1.44360179448836,7,0.05890745
92,1.44360179448836,8,0.05905595
92,1.44360179448836,9,0.0590235
92,1.44360179448836,10,0.05907849
92,1.44360179448836,11,0.0588137
92,1.44360179448836,12,0.05892568
92,1.44360179448836,13,0.05889842
92,1.44360179448836,14,0.0590713
92,1.44360179448836,15,0.05910555
92,1.44360179448836,16,0.05911324
92,1.44360179448836,17,0.05895099
92,1.44360179448836,18,0.05904821
92,1.44360179448836,19,0.058851
92,1.44360179448836,20,0.05894564
92,1.44360179448836,21,0.05880931
92,1.44360179448836,22,0.05918417
92,1.44360179448836,23,0.05898473
93,1.45962401196326,0,0.05910153
93,1.45962401196326,1,0.05898913
93,1.45962401196326,2,0.05916857
93,1.45962401196326,3,0.05922941
93,1.45962401196326,4,0.05897198
93,1.45962401196326,5,0.05916375
93,1.45962401196326,6,0.05935771
93,1.45962401196326,7,0.05929946
93,1.45962401196326,8,0.05917659
93,1.45962401196326,9,0.05926203
93,1.45962401196326,10,0.05909467
93,1.45962401196326,11,0.05914725
93,1.45962401196326,12,0.05916371
93,1.45962401196326,13,0.05887655
93,1.45962401196326,14,0.05918932
93,1.45962401196326,15,0.0592458
93,1.45962401196326,16,0.05912449
93,1.45962401196326,17,0.05932095
93,1.45962401196326,18,0.0594549
93,1.45962401196326,19,0.05935972
93,1.45962401196326,20,0.05907021
93,1.45962401196326,21,0.0592302
93,1.45962401196326,22,0.0591937
93,1.45962401196326,23,0.05910638
94,1.47564622943815,0,0.05904249
94,1.47564622943815,1,0.05897779
94,1.47564622943815,2,0.05874315
94,1.47564622943815,3,0.05905603
94,1.47564622943815,4,0.0590657
94,1.47564622943815,5,0.05928214
94,1.47564622943815,6,0.05921394
94,1.47564622943815,7,0.05934145
94,1.47564622943815,8,0.0587973
94,1.47564622943815,9,0.05909739
94,1.47564622943815,10,0.05910149
94,1.47564622943815,11,0.05934981
94,1.47564622943815,12,0.05919011
94,1.47564622943815,13,0.0591436
94,1.47564622943815,14,0.05904144
94,1.47564622943815,15,0.05951595
94,1.47564622943815,16,0.05919361
94,1.47564622943815,17,0.05897691
94,1.47564622943815,18,0.05896947
94,1.47564622943815,19,0.05897604
94,1.47564622943815,20,0.05894099
94,1.47564622943815,21,0.05903613
94,1.47564622943815,22,0.05913055
94,1.47564622943815,23,0.05900096
95,1.49166844691305,0,0.05902822
95,1.49166844691305,1,0.0591265
95,1.49166844691305,2,0.05918738
95,1.49166844691305,3,0.05937452
95,1.49166844691305,4,0.05940333
95,1.49166844691305,5,0.05933425
95,1.49166844691305,6,0.05932647
95,1.49166844691305,7,0.0594335
95,1.49166844691305,8,0.05931213
95,1.49166844691305,9,0.05914829
95,1.49166844691305,10,0.05934629
95,1.49166844691305,11,0.05927809
95,1.49166844691305,12,0.05939639
95,1.49166844691305,13,0.05936858
95,1.49166844691305,14,0.0591025
95,1.49166844691305,15,0.05882537
95,1.49166844691305,16,0.05895225
95,1.49166844691305,17,0.05903621
95,1.49166844691305,18,0.05895734
95,1.49166844691305,19,0.05893062
95,1.49166844691305,20,0.0589632
95,1.49166844691305,21,0.05915079
95,1.49166844691305,22,0.05871885
95,1.49166844691305,23,0.05911554
96,1.50700399792474,0,0.05943967
96,1.50700399792474,1,0.0592402
96,1.50700399792474,2,0.05909935
96,1.50700399792474,3,0.05924221
96,1.50700399792474,4,0.05891958
96,1.50700399792474,5,0.05859649
96,1.50700399792474,6,0.05907866
96,1.50700399792474,7,0.05901204
96,1.50700399792474,8,0.05927712
96,1.50700399792474,9,0.05915464
96,1.50700399792474,10,0.05902212
96,1.50700399792474,11,0.05907853
96,1.50700399792474,12,0.05924204
96,1.50700399792474,13,0.05891381
96,1.50700399792474,14,0.05915297
96,1.50700399792474,15,0.05881265
96,1.50700399792474,16,0.05925806
96,1.50700399792474,17,0.05920675
96,1.50700399792474,18,0.0592499
96,1.50700399792474,19,0.05892243
96,1.50700399792474,20,0.05925208
96,1.50700399792474,21,0.05916877
96,1.50700399792474,22,0.05939041
96,1.50700399792474,23,0.05936728
97,1.52302621539964,0,0.05878814
97,1.52302621539964,1,0.05908071
97,1.52302621539964,2,0.05881926
97,1.52302621539964,3,0.0588783
97,1.52302621539964,4,0.05894961
97,1.52302621539964,5,0.05897127
97,1.52302621539964,6,0.05900126
97,1.52302621539964,7,0.05906152
97,1.52302621539964,8,0.05892397
97,1.52302621539964,9,0.05910103
97,1.52302621539964,10,0.05905319
97,1.52302621539964,11,0.05886542
97,1.52302621539964,12,0.05876853
97,1.52302621539964,13,0.05870907
97,1.52302621539964,14,0.05862388
97,1.52302621539964,15,0.05872178
97,1.52302621539964,16,0.05874604
97,1.52302621539964,17,0.05861075
97,1.52302621539964,18,0.05882921
97,1.52302621539964,19,0.05879242
97,1.52302621539964,20,0.05878304
97,1.52302621539964,21,0.05928733
97,1.52302621539964,22,0.05922272
97,1.52302621539964,23,0.05946501
98,1.53904843287454,0,0.0589831
98,1.53904843287454,1,0.05881349
98,1.53904843287454,2,0.05879224
98,1.53904843287454,3,0.05888483
98,1.53904843287454,4,0.05902024
98,1.53904843287454,5,0.0590677
98,1.53904843287454,6,0.05900339
98,1.53904843287454,7,0.05924087
98,1.53904843287454,8,0.05899557
98,1.53904843287454,9,0.058701
98,1.53904843287454,10,0.058644
98,1.53904843287454,11,0.05881056
98,1.53904843287454,12,0.05894797
98,1.53904843287454,13,0.05899611
98,1.53904843287454,14,0.05890984
98,1.53904843287454,15,0.05877819
98,1.53904843287454,16,0.05872776
98,1.53904843287454,17,0.05904633
98,1.53904843287454,18,0.05904019
98,1.53904843287454,19,0.05912177
98,1.53904843287454,20,0.05905009
98,1.53904843287454,21,0.05894906
98,1.53904843287454,22,0.05904236
98,1.53904843287454,23,0.05917493
99,1.55507065034944,0,0.0591272
99,1.55507065034944,1,0.05877636
99,1.55507065034944,2,0.05893075
99,1.55507065034944,3,0.058862
99,1.55507065034944,4,0.05860364
99,1.55507065034944,5,0.05888266
99,1.55507065034944,6,0.05881896
99,1.55507065034944,7,0.05876
99,1.55507065034944,8,0.058955
99,1.55507065034944,9,0.05893798
99,1.55507065034944,10,0.05888985
99,1.55507065034944,11,0.05873073
99,1.55507065034944,12,0.05872136
99,1.55507065034944,13,0.0587692
99,1.55507065034944,14,0.05875812
99,1.55507065034944,15,0.05855355
99,1.55507065034944,16,0.05897052
99,1.55507065034944,17,0.05886969
99,1.55507065034944,18,0.05882938
99,1.55507065034944,19,0.05910926
99,1.55507065034944,20,0.05911855
99,1.55507065034944,21,0.05897696
99,1.55507065034944,22,0.05874528
99,1.55507065034944,23,0.05896533
100,1.57132175664541,0,0.05894392
100,1.57132175664541,1,0.05894614
100,1.57132175664541,2,0.05899778
100,1.57132175664541,3,0.05910856
100,1.57132175664541,4,0.05871217
100,1.57132175664541,5,0.05895596
100,1.57132175664541,6,0.05869205
100,1.57132175664541,7,0.05921394
100,1.57132175664541,8,0.05907749
100,1.57132175664541,9,0.05885865
100,1.57132175664541,10,0.05891565
100,1.57132175664541,11,0.05905018
100,1.57132175664541,12,0.0587743
100,1.57132175664541,13,0.05874817
100,1.57132175664541,14,0.05916221
100,1.57132175664541,15,0.05907125
100,1.57132175664541,16,0.05941977
100,1.57132175664541,17,0.0593887
100,1.57132175664541,18,0.05903462
100,1.57132175664541,19,0.05907046
100,1.57132175664541,20,0.05920473
100,1.57132175664541,21,0.05900225
100,1.57132175664541,22,0.05870911
100,1.57132175664541,23,0.05870597
101,1.5873439741203,0,0.05878622
101,1.5873439741203,1,0.0593117
101,1.5873439741203,2,0.05900928
101,1.5873439741203,3,0.05924003
101,1.5873439741203,4,0.05897076
101,1.5873439741203,5,0.05877924
101,1.5873439741203,6,0.05855773
101,1.5873439741203,7,0.05899038
101,1.5873439741203,8,0.05888165
101,1.5873439741203,9,0.05915598
101,1.5873439741203,10,0.05906117
101,1.5873439741203,11,0.05900309
101,1.5873439741203,12,0.05918584
101,1.5873439741203,13,0.05905427
101,1.5873439741203,14,0.05896604
101,1.5873439741203,15,0.05891699
101,1.5873439741203,16,0.05880554
101,1.5873439741203,17,0.05917166
101,1.5873439741203,18,0.05929231
101,1.5873439741203,19,0.05949278
101,1.5873439741203,20,0.05908092
101,1.5873439741203,21,0.05918726
101,1.5873439741203,22,0.05916694
101,1.5873439741203,23,0.05918467
102,1.60359508041627,0,0.05880759
102,1.60359508041627,1,0.05903771
102,1.60359508041627,2,0.05922201
102,1.60359508041627,3,0.05906649
102,1.60359508041627,4,0.05899393
102,1.60359508041627,5,0.05890595
102,1.60359508041627,6,0.05905938
102,1.60359508041627,7,0.05901012
102,1.60359508041627,8,0.0590455
102,1.60359508041627,9,0.05915134
102,1.60359508041627,10,0.0590792
102,1.60359508041627,11,0.05920896
102,1.60359508041627,12,0.05904922
102,1.60359508041627,13,0.05907452
102,1.60359508041627,14,0.05901743
102,1.60359508041627,15,0.05893677
102,1.60359508041627,16,0.0588165
102,1.60359508041627,17,0.05865864
102,1.60359508041627,18,0.05895513
102,1.60359508041627,19,0.05910559
102,1.60359508041627,20,0.058967
102,1.60359508041627,21,0.05926931
102,1.60359508041627,22,0.05914853
102,1.60359508041627,23,0.05915359
103,1.61893063142796,0,0.05873621
103,1.61893063142796,1,0.05890173
103,1.61893063142796,2,0.05910559
103,1.61893063142796,3,0.05902718
103,1.61893063142796,4,0.05890273
103,1.61893063142796,5,0.05888361
103,1.61893063142796,6,0.05862673
103,1.61893063142796,7,0.05867344
103,1.61893063142796,8,0.05900644
103,1.61893063142796,9,0.05886241
103,1.61893063142796,10,0.05872178
103,1.61893063142796,11,0.05866951
103,1.61893063142796,12,0.05832187
103,1.61893063142796,13,0.05864354
103,1.61893063142796,14,0.05831473
103,1.61893063142796,15,0.05872107
103,1.61893063142796,16,0.05884778
103,1.61893063142796,17,0.0585497
103,1.61893063142796,18,0.05871898
103,1.61893063142796,19,0.05854639
103,1.61893063142796,20,0.05865353
103,1.61893063142796,21,0.05853958
103,1.61893063142796,22,0.05873587
103,1.61893063142796,23,0.05893882
104,1.63495284890286,0,0.05858253
104,1.63495284890286,1,0.05862372
104,1.63495284890286,2,0.059026
104,1.63495284890286,3,0.05920796
104,1.63495284890286,4,0.05903412
104,1.63495284890286,5,0.05889378
104,1.63495284890286,6,0.05891088
104,1.63495284890286,7,0.05889984
104,1.63495284890286,8,0.05889365
104,1.63495284890286,9,0.05902542
104,1.63495284890286,10,0.05865654
104,1.63495284890286,11,0.05848718
104,1.63495284890286,12,0.05860762
104,1.63495284890286,13,0.05844808
104,1.63495284890286,14,0.05881466
104,1.63495284890286,15,0.05862874
104,1.63495284890286,16,0.05840304
104,1.63495284890286,17,0.05868624
104,1.63495284890286,18,0.05877903
104,1.63495284890286,19,0.05844406
104,1.63495284890286,20,0.05873901
104,1.63495284890286,21,0.05916857
104,1.63495284890286,22,0.05877481
104,1.63495284890286,23,0.05878342
105,1.65097506637776,0,0.05890565
105,1.65097506637776,1,0.0590613
105,1.65097506637776,2,0.05896679
105,1.65097506637776,3,0.05884172
105,1.65097506637776,4,0.05882875
105,1.65097506637776,5,0.05897273
105,1.65097506637776,6,0.05864316
105,1.65097506637776,7,0.05885259
105,1.65097506637776,8,0.05855944
105,1.65097506637776,9,0.05872826
105,1.65097506637776,10,0.05896102
105,1.65097506637776,11,0.05857914
105,1.65097506637776,12,0.05849283
105,1.65097506637776,13,0.05899895
105,1.65097506637776,14,0.05869205
105,1.65097506637776,15,0.05887676
105,1.65097506637776,16,0.05888512
105,1.65097506637776,17,0.05892071
105,1.65097506637776,18,0.05876017
105,1.65097506637776,19,0.05877526
105,1.65097506637776,20,0.05868715
105,1.65097506637776,21,0.05882863
105,1.65097506637776,22,0.05884059
105,1.65097506637776,23,0.05891285
106,1.66699728385266,0,0.05883013
106,1.66699728385266,1,0.05860778
106,1.66699728385266,2,0.05902141
106,1.66699728385266,3,0.05907653
106,1.66699728385266,4,0.05931091
106,1.66699728385266,5,0.05878948
106,1.66699728385266,6,0.05921983
106,1.66699728385266,7,0.05895111
106,1.66699728385266,8,0.05888453
106,1.66699728385266,9,0.05923498
106,1.66699728385266,10,0.05886773
106,1.66699728385266,11,0.05834333
106,1.66699728385266,12,0.05860887
106,1.66699728385266,13,0.05853285
106,1.66699728385266,14,0.05841793
106,1.66699728385266,15,0.05911044
106,1.66699728385266,16,0.05885785
106,1.66699728385266,17,0.05907155
106,1.66699728385266,18,0.05878652
106,1.66699728385266,19,0.05916074
106,1.66699728385266,20,0.05900853
106,1.66699728385266,21,0.0589177
106,1.66699728385266,22,0.0588806
106,1.66699728385266,23,0.05896884
107,1.68279061250649,0,0.0586897
107,1.68279061250649,1,0.05832162
107,1.68279061250649,2,0.05871911
107,1.68279061250649,3,0.0586772
107,1.68279061250649,4,0.05858855
107,1.68279061250649,5,0.05857952
107,1.68279061250649,6,0.05900518
107,1.68279061250649,7,0.0585354
107,1.68279061250649,8,0.05847873
107,1.68279061250649,9,0.0586897
107,1.68279061250649,10,0.05880123
107,1.68279061250649,11,0.05900012
107,1.68279061250649,12,0.05900824
107,1.68279061250649,13,0.05908827
107,1.68279061250649,14,0.05927471
107,1.68279061250649,15,0.05887387
107,1.68279061250649,16,0.05927666
107,1.68279061250649,17,0.05893338
107,1.68279061250649,18,0.05895964
107,1.68279061250649,19,0.05877016
107,1.68279061250649,20,0.05908263
107,1.68279061250649,21,0.05874934
107,1.68279061250649,22,0.05913265
107,1.68279061250649,23,0.05889871
108,1.69858394116031,0,0.05876435
108,1.69858394116031,1,0.05897219
108,1.69858394116031,2,0.05893367
108,1.69858394116031,3,0.05889741
108,1.69858394116031,4,0.05916154
108,1.69858394116031,5,0.05879547
108,1.69858394116031,6,0.05890352
108,1.69858394116031,7,0.05877731
108,1.69858394116031,8,0.0587705
108,1.69858394116031,9,0.05877046
108,1.69858394116031,10,0.05919023
108,1.69858394116031,11,0.05917099
108,1.69858394116031,12,0.05895771
108,1.69858394116031,13,0.05878346
108,1.69858394116031,14,0.05870066
108,1.69858394116031,15,0.05908848
108,1.69858394116031,16,0.05919316
108,1.69858394116031,17,0.05915527
108,1.69858394116031,18,0.05934772
108,1.69858394116031,19,0.05911821
108,1.69858394116031,20,0.05913845
108,1.69858394116031,21,0.05897499
108,1.69858394116031,22,0.05907239
108,1.69858394116031,23,0.05920177
109,1.71437726981414,0,0.05858796
109,1.71437726981414,1,0.05876745
109,1.71437726981414,2,0.05888182
109,1.71437726981414,3,0.05868908
109,1.71437726981414,4,0.05897892
109,1.71437726981414,5,0.05888571
109,1.71437726981414,6,0.05919684
109,1.71437726981414,7,0.05867482
109,1.71437726981414,8,0.05917258
109,1.71437726981414,9,0.05895705
109,1.71437726981414,10,0.05888989
109,1.71437726981414,11,0.05907715
109,1.71437726981414,12,0.05893472
109,1.71437726981414,13,0.05894513
109,1.71437726981414,14,0.05878037
109,1.71437726981414,15,0.05869598
109,1.71437726981414,16,0.05917174
109,1.71437726981414,17,0.0587664
109,1.71437726981414,18,0.05900728
109,1.71437726981414,19,0.05892882
109,1.71437726981414,20,0.05878204
109,1.71437726981414,21,0.05924986
109,1.71437726981414,22,0.05914356
109,1.71437726981414,23,0.05894242
110,1.7299417096469,0,0.05870597
110,1.7299417096469,1,0.05888797
110,1.7299417096469,2,0.05899929
110,1.7299417096469,3,0.05878229
110,1.7299417096469,4,0.05852248
110,1.7299417096469,5,0.0588865
110,1.7299417096469,6,0.05900648
110,1.7299417096469,7,0.05881135
110,1.7299417096469,8,0.05865286
110,1.7299417096469,9,0.05843073
110,1.7299417096469,10,0.05854681
110,1.7299417096469,11,0.05864927
110,1.7299417096469,12,0.05884439
110,1.7299417096469,13,0.05854464
110,1.7299417096469,14,0.05873035
110,1.7299417096469,15,0.05878229
110,1.7299417096469,16,0.05876389
110,1.7299417096469,17,0.05851035
110,1.7299417096469,18,0.05867767
110,1.7299417096469,19,0.05905641
110,1.7299417096469,20,0.05879321
110,1.7299417096469,21,0.05904236
110,1.7299417096469,22,0.0587853
110,1.7299417096469,23,0.05904817
111,1.74573503830073,0,0.05918061
111,1.74573503830073,1,0.0591329
111,1.74573503830073,2,0.05941763
111,1.74573503830073,3,0.05921477
111,1.74573503830073,4,0.05918759
111,1.74573503830073,5,0.05943277
111,1.74573503830073,6,0.05933337
111,1.74573503830073,7,0.05903329
111,1.74573503830073,8,0.05916079
111,1.74573503830073,9,0.05896708
111,1.74573503830073,10,0.05858562
111,1.74573503830073,11,0.05880843
111,1.74573503830073,12,0.05926905
111,1.74573503830073,13,0.05873433
111,1.74573503830073,14,0.05890076
111,1.74573503830073,15,0.05919583
111,1.74573503830073,16,0.05889169
111,1.74573503830073,17,0.05890277
111,1.74573503830073,18,0.05909417
111,1.74573503830073,19,0.05891607
111,1.74573503830073,20,0.05914657
111,1.74573503830073,21,0.05892163
111,1.74573503830073,22,0.05874227
111,1.74573503830073,23,0.05889261
112,1.76152836695456,0,0.05934345
112,1.76152836695456,1,0.05917781
112,1.76152836695456,2,0.05898419
112,1.76152836695456,3,0.05912616
112,1.76152836695456,4,0.05926416
112,1.76152836695456,5,0.05928238
112,1.76152836695456,6,0.05942713
112,1.76152836695456,7,0.05923463
112,1.76152836695456,8,0.05971951
112,1.76152836695456,9,0.05946643
112,1.76152836695456,10,0.05914649
112,1.76152836695456,11,0.05936849
112,1.76152836695456,12,0.05921084
112,1.76152836695456,13,0.05929515
112,1.76152836695456,14,0.0593537
112,1.76152836695456,15,0.05932116
112,1.76152836695456,16,0.05913653
112,1.76152836695456,17,0.05937247
112,1.76152836695456,18,0.0593112
112,1.76152836695456,19,0.05896583
112,1.76152836695456,20,0.05912959
112,1.76152836695456,21,0.05919077
112,1.76152836695456,22,0.05901308
112,1.76152836695456,23,0.05928293
113,1.77732169560839,0,0.05930327
113,1.77732169560839,1,0.05920094
113,1.77732169560839,2,0.05908665
113,1.77732169560839,3,0.05890888
113,1.77732169560839,4,0.05901568
113,1.77732169560839,5,0.05913068
113,1.77732169560839,6,0.058988
113,1.77732169560839,7,0.05880144
113,1.77732169560839,8,0.05893275
113,1.77732169560839,9,0.05890474
113,1.77732169560839,10,0.05910856
113,1.77732169560839,11,0.05898904
113,1.77732169560839,12,0.05916045
113,1.77732169560839,13,0.05917099
113,1.77732169560839,14,0.0590782
113,1.77732169560839,15,0.05882144
113,1.77732169560839,16,0.05925504
113,1.77732169560839,17,0.05918806
113,1.77732169560839,18,0.05925518
113,1.77732169560839,19,0.05913817
113,1.77732169560839,20,0.05895324
113,1.77732169560839,21,0.05901865
113,1.77732169560839,22,0.05880709
113,1.77732169560839,23,0.05911968
114,1.79288613544115,0,0.05911069
114,1.79288613544115,1,0.05883799
114,1.79288613544115,2,0.05902413
114,1.79288613544115,3,0.05902974
114,1.79288613544115,4,0.05903019
114,1.79288613544115,5,0.05914151
114,1.79288613544115,6,0.05863743
114,1.79288613544115,7,0.05909835
114,1.79288613544115,8,0.05894405
114,1.79288613544115,9,0.05874917
114,1.79288613544115,10,0.05903224
114,1.79288613544115,11,0.05927817
114,1.79288613544115,12,0.05905022
114,1.79288613544115,13,0.05907631
114,1.79288613544115,14,0.0587209
114,1.79288613544115,15,0.05869083
114,1.79288613544115,16,0.05897691
114,1.79288613544115,17,0.05887362
114,1.79288613544115,18,0.05885953
114,1.79288613544115,19,0.05864793
114,1.79288613544115,20,0.05893175
114,1.79288613544115,21,0.05862585
114,1.79288613544115,22,0.05866583
114,1.79288613544115,23,0.05874704
115,1.80890835291604,0,0.05904135
115,1.80890835291604,1,0.0589578
115,1.80890835291604,2,0.05902935
115,1.80890835291604,3,0.05890796
115,1.80890835291604,4,0.05898774
115,1.80890835291604,5,0.0590657
115,1.80890835291604,6,0.05896294
115,1.80890835291604,7,0.05905236
115,1.80890835291604,8,0.05903228
115,1.80890835291604,9,0.05911082
115,1.80890835291604,10,0.05901631
115,1.80890835291604,11,0.05929632
115,1.80890835291604,12,0.05917463
115,1.80890835291604,13,0.05899828
115,1.80890835291604,14,0.05916033
115,1.80890835291604,15,0.05897089
115,1.80890835291604,16,0.05873086
115,1.80890835291604,17,0.05886656
115,1.80890835291604,18,0.05872513
115,1.80890835291604,19,0.05845913
115,1.80890835291604,20,0.05878614
115,1.80890835291604,21,0.0590669
115,1.80890835291604,22,0.05868105
115,1.80890835291604,23,0.05903162
116,1.82515945921201,0,0.05925923
116,1.82515945921201,1,0.05903662
116,1.82515945921201,2,0.0592067
116,1.82515945921201,3,0.05911842
116,1.82515945921201,4,0.05931898
116,1.82515945921201,5,0.05909028
116,1.82515945921201,6,0.05872634
116,1.82515945921201,7,0.05903416
116,1.82515945921201,8,0.05905486
116,1.82515945921201,9,0.05905261
116,1.82515945921201,10,0.05918011
116,1.82515945921201,11,0.05909455
116,1.82515945921201,12,0.05910153
116,1.82515945921201,13,0.05893367
116,1.82515945921201,14,0.05945001
116,1.82515945921201,15,0.05914577
116,1.82515945921201,16,0.05906649
116,1.82515945921201,17,0.05924458
116,1.82515945921201,18,0.05915368
116,1.82515945921201,19,0.05912524
116,1.82515945921201,20,0.05913933
116,1.82515945921201,21,0.05900317
116,1.82515945921201,22,0.05899309
116,1.82515945921201,23,0.05902015
117,1.84118167668691,0,0.05900878
117,1.84118167668691,1,0.05904511
117,1.84118167668691,2,0.05875729
117,1.84118167668691,3,0.05887877
117,1.84118167668691,4,0.05873437
117,1.84118167668691,5,0.05875331
117,1.84118167668691,6,0.05867582
117,1.84118167668691,7,0.05862673
117,1.84118167668691,8,0.05889064
117,1.84118167668691,9,0.05900108
117,1.84118167668691,10,0.05875214
117,1.84118167668691,11,0.05891067
117,1.84118167668691,12,0.05928511
117,1.84118167668691,13,0.05897189
117,1.84118167668691,14,0.05887049
117,1.84118167668691,15,0.05909889
117,1.84118167668691,16,0.05893079
117,1.84118167668691,17,0.05854125
117,1.84118167668691,18,0.05887559
117,1.84118167668691,19,0.05863622
117,1.84118167668691,20,0.05880362
117,1.84118167668691,21,0.05904926
117,1.84118167668691,22,0.05886672
117,1.84118167668691,23,0.05891586
118,1.85720389416181,0,0.05868912
118,1.85720389416181,1,0.0587838
118,1.85720389416181,2,0.05915983
118,1.85720389416181,3,0.05887655
118,1.85720389416181,4,0.05914577
118,1.85720389416181,5,0.05904892
118,1.85720389416181,6,0.05901405
118,1.85720389416181,7,0.05892686
118,1.85720389416181,8,0.05878054
118,1.85720389416181,9,0.05903375
118,1.85720389416181,10,0.05916731
118,1.85720389416181,11,0.05894952
118,1.85720389416181,12,0.05894362
118,1.85720389416181,13,0.05901426
118,1.85720389416181,14,0.05857358
118,1.85720389416181,15,0.0587904
118,1.85720389416181,16,0.05913574
118,1.85720389416181,17,0.05888579
118,1.85720389416181,18,0.05882327
118,1.85720389416181,19,0.05880893
118,1.85720389416181,20,0.058679
118,1.85720389416181,21,0.05876004
118,1.85720389416181,22,0.05916447
118,1.85720389416181,23,0.05861096
119,1.87322611163671,0,0.0590534
119,1.87322611163671,1,0.05901012
119,1.87322611163671,2,0.05909576
119,1.87322611163671,3,0.0587922
119,1.87322611163671,4,0.05904616
119,1.87322611163671,5,0.05871806
119,1.87322611163671,6,0.05868682
119,1.87322611163671,7,0.05920679
119,1.87322611163671,8,0.05915092
119,1.87322611163671,9,0.05911048
119,1.87322611163671,10,0.05913151
119,1.87322611163671,11,0.05914054
119,1.87322611163671,12,0.05891983
119,1.87322611163671,13,0.05893422
119,1.87322611163671,14,0.05902877
119,1.87322611163671,15,0.05944545
119,1.87322611163671,16,0.05936322
119,1.87322611163671,17,0.05920055
119,1.87322611163671,18,0.05892276
119,1.87322611163671,19,0.05926939
119,1.87322611163671,20,0.05890988
119,1.87322611163671,21,0.05893192
119,1.87322611163671,22,0.05900317
119,1.87322611163671,23,0.05881027
120,1.88901944029054,0,0.05893711
120,1.88901944029054,1,0.05891247
120,1.88901944029054,2,0.05886359
120,1.88901944029054,3,0.05899105
120,1.88901944029054,4,0.05914054
120,1.88901944029054,5,0.05876143
120,1.88901944029054,6,0.05876853
120,1.88901944029054,7,0.05896186
120,1.88901944029054,8,0.05906686
120,1.88901944029054,9,0.058955
120,1.88901944029054,10,0.05891645
120,1.88901944029054,11,0.05900392
120,1.88901944029054,12,0.05885342
120,1.88901944029054,13,0.05889675
120,1.88901944029054,14,0.05877585
120,1.88901944029054,15,0.05889207
120,1.88901944029054,16,0.0586698
120,1.88901944029054,17,0.05915548
120,1.88901944029054,18,0.0588709
120,1.88901944029054,19,0.05921381
120,1.88901944029054,20,0.05888014
120,1.88901944029054,21,0.05881545
120,1.88901944029054,22,0.05916088
120,1.88901944029054,23,0.0589706
121,1.90504165776544,0,0.05891578
121,1.90504165776544,1,0.05898791
121,1.90504165776544,2,0.05878627
121,1.90504165776544,3,0.05893794
121,1.90504165776544,4,0.05880533
121,1.90504165776544,5,0.05884648
121,1.90504165776544,6,0.05899807
121,1.90504165776544,7,0.05919248
121,1.90504165776544,8,0.05915703
121,1.90504165776544,9,0.05949679
121,1.90504165776544,10,0.05932886
121,1.90504165776544,11,0.05893279
121,1.90504165776544,12,0.05909848
121,1.90504165776544,13,0.05918048
121,1.90504165776544,14,0.05896792
121,1.90504165776544,15,0.05892489
121,1.90504165776544,16,0.05911763
121,1.90504165776544,17,0.05901915
121,1.90504165776544,18,0.05908242
121,1.90504165776544,19,0.05874411
121,1.90504165776544,20,0.05886568
121,1.90504165776544,21,0.05877443
121,1.90504165776544,22,0.05912256
121,1.90504165776544,23,0.05900702
122,1.92083498641926,0,0.05893865
122,1.92083498641926,1,0.05908535
122,1.92083498641926,2,0.05895007
122,1.92083498641926,3,0.0592295
122,1.92083498641926,4,0.05903073
122,1.92083498641926,5,0.05895919
122,1.92083498641926,6,0.0592663
122,1.92083498641926,7,0.05925409
122,1.92083498641926,8,0.05935929
122,1.92083498641926,9,0.05888658
122,1.92083498641926,10,0.05888032
122,1.92083498641926,11,0.05912855
122,1.92083498641926,12,0.05900614
122,1.92083498641926,13,0.05911767
122,1.92083498641926,14,0.05932848
122,1.92083498641926,15,0.05890431
122,1.92083498641926,16,0.05889976
122,1.92083498641926,17,0.0591899
122,1.92083498641926,18,0.05900213
122,1.92083498641926,19,0.05896784
122,1.92083498641926,20,0.05908334
122,1.92083498641926,21,0.05920286
122,1.92083498641926,22,0.05911437
122,1.92083498641926,23,0.05906536
123,1.93685720389416,0,0.05930046
123,1.93685720389416,1,0.05914853
123,1.93685720389416,2,0.0589752
123,1.93685720389416,3,0.05894559
123,1.93685720389416,4,0.05897394
123,1.93685720389416,5,0.05915774
123,1.93685720389416,6,0.05899999
123,1.93685720389416,7,0.05876707
123,1.93685720389416,8,0.05901609
123,1.93685720389416,9,0.05921482
123,1.93685720389416,10,0.05935043
123,1.93685720389416,11,0.05907046
123,1.93685720389416,12,0.05892372
123,1.93685720389416,13,0.05885744
123,1.93685720389416,14,0.058988
123,1.93685720389416,15,0.05882026
123,1.93685720389416,16,0.05890565
123,1.93685720389416,17,0.05899652
123,1.93685720389416,18,0.05897311
123,1.93685720389416,19,0.05933583
123,1.93685720389416,20,0.05921402
123,1.93685720389416,21,0.05902233
123,1.93685720389416,22,0.05901526
123,1.93685720389416,23,0.0588538
124,1.95242164372692,0,0.05902538
124,1.95242164372692,1,0.05876134
124,1.95242164372692,2,0.05900126
124,1.95242164372692,3,0.05892397
124,1.95242164372692,4,0.0588809
124,1.95242164372692,5,0.05890779
124,1.95242164372692,6,0.05887362
124,1.95242164372692,7,0.05897516
124,1.95242164372692,8,0.05897415
124,1.95242164372692,9,0.05899585
124,1.95242164372692,10,0.05890879
124,1.95242164372692,11,0.05889997
124,1.95242164372692,12,0.05877711
124,1.95242164372692,13,0.05873826
124,1.95242164372692,14,0.05872174
124,1.95242164372692,15,0.05889127
124,1.95242164372692,16,0.05882541
124,1.95242164372692,17,0.05887095
124,1.95242164372692,18,0.0589348
124,1.95242164372692,19,0.05909931
124,1.95242164372692,20,0.05877443
124,1.95242164372692,21,0.0588809
124,1.95242164372692,22,0.05884184
124,1.95242164372692,23,0.05886267
125,1.96844386120182,0,0.05874896
125,1.96844386120182,1,0.05861844
125,1.96844386120182,2,0.05853163
125,1.96844386120182,3,0.05866077
125,1.96844386120182,4,0.05876523
125,1.96844386120182,5,0.0590082
125,1.96844386120182,6,0.05909551
125,1.96844386120182,7,0.05894823
125,1.96844386120182,8,0.05930351
125,1.96844386120182,9,0.05911846
125,1.96844386120182,10,0.05918964
125,1.96844386120182,11,0.05888964
125,1.96844386120182,12,0.05892824
125,1.96844386120182,13,0.05915079
125,1.96844386120182,14,0.0590503
125,1.96844386120182,15,0.05889687
125,1.96844386120182,16,0.05901644
125,1.96844386120182,17,0.0587127
125,1.96844386120182,18,0.05877192
125,1.96844386120182,19,0.05892652
125,1.96844386120182,20,0.05874319
125,1.96844386120182,21,0.05875804
125,1.96844386120182,22,0.05878656
125,1.96844386120182,23,0.05905629
126,1.98446607867672,0,0.0589941
126,1.98446607867672,1,0.05926897
126,1.98446607867672,2,0.0591055
126,1.98446607867672,3,0.05886952
126,1.98446607867672,4,0.05898415
126,1.98446607867672,5,0.05884276
126,1.98446607867672,6,0.05886961
126,1.98446607867672,7,0.05885756
126,1.98446607867672,8,0.05855409
126,1.98446607867672,9,0.05877129
126,1.98446607867672,10,0.05857847
126,1.98446607867672,11,0.05916158
126,1.98446607867672,12,0.05888148
126,1.98446607867672,13,0.05875352
126,1.98446607867672,14,0.05878923
126,1.98446607867672,15,0.05908614
126,1.98446607867672,16,0.05889579
126,1.98446607867672,17,0.05877104
126,1.98446607867672,18,0.05847338
126,1.98446607867672,19,0.05881432
126,1.98446607867672,20,0.05868954
126,1.98446607867672,21,0.05876942
126,1.98446607867672,22,0.05871985
126,1.98446607867672,23,0.05902037
127,2.00025940733055,0,0.05891573
127,2.00025940733055,1,0.05909957
127,2.00025940733055,2,0.05921289
127,2.00025940733055,3,0.05891164
127,2.00025940733055,4,0.0586874
127,2.00025940733055,5,0.05907958
127,2.00025940733055,6,0.0591998
127,2.00025940733055,7,0.05863024
127,2.00025940733055,8,0.05866654
127,2.00025940733055,9,0.05893765
127,2.00025940733055,10,0.05874947
127,2.00025940733055,11,0.05899619
127,2.00025940733055,12,0.05910847
127,2.00025940733055,13,0.05872538
127,2.00025940733055,14,0.05907196
127,2.00025940733055,15,0.0590082
127,2.00025940733055,16,0.05882541
127,2.00025940733055,17,0.05899034
127,2.00025940733055,18,0.05864555
127,2.00025940733055,19,0.05893188
127,2.00025940733055,20,0.05888157
127,2.00025940733055,21,0.05936707
127,2.00025940733055,22,0.058932
127,2.00025940733055,23,0.05894279
128,2.01628162480544,0,0.05909906
128,2.01628162480544,1,0.05862702
128,2.01628162480544,2,0.05884155
128,2.01628162480544,3,0.05890942
128,2.01628162480544,4,0.05894283
128,2.01628162480544,5,0.0591191
128,2.01628162480544,6,0.05888458
128,2.01628162480544,7,0.05903153
128,2.01628162480544,8,0.05903747
128,2.01628162480544,9,0.05887986
128,2.01628162480544,10,0.05891787
128,2.01628162480544,11,0.05913984
128,2.01628162480544,12,0.05882156
128,2.01628162480544,13,0.05912562
128,2.01628162480544,14,0.05876113
128,2.01628162480544,15,0.05893104
128,2.01628162480544,16,0.05903157
128,2.01628162480544,17,0.05930502
128,2.01628162480544,18,0.05921691
128,2.01628162480544,19,0.05887998
128,2.01628162480544,20,0.05889156
128,2.01628162480544,21,0.05920269
128,2.01628162480544,22,0.0592167
128,2.01628162480544,23,0.05934546
129,2.03207495345927,0,0.05910182
129,2.03207495345927,1,0.05921302
129,2.03207495345927,2,0.05911057
129,2.03207495345927,3,0.05915739
129,2.03207495345927,4,0.0591656
129,2.03207495345927,5,0.05918955
129,2.03207495345927,6,0.05919897
129,2.03207495345927,7,0.05910157
129,2.03207495345927,8,0.05891611
129,2.03207495345927,9,0.05875587
129,2.03207495345927,10,0.05886049
129,2.03207495345927,11,0.05902299
129,2.03207495345927,12,0.05890908
129,2.03207495345927,13,0.05913243
129,2.03207495345927,14,0.05905022
129,2.03207495345927,15,0.05916899
129,2.03207495345927,16,0.05910764
129,2.03207495345927,17,0.05891097
129,2.03207495345927,18,0.05904065
129,2.03207495345927,19,0.05899724
129,2.03207495345927,20,0.05894785
129,2.03207495345927,21,0.05915878
129,2.03207495345927,22,0.05912658
129,2.03207495345927,23,0.05929732
130,2.0478682821131,0,0.05899941
130,2.0478682821131,1,0.05896224
130,2.0478682821131,2,0.05892619
130,2.0478682821131,3,0.05889549
130,2.0478682821131,4,0.05914678
130,2.0478682821131,5,0.05889269
130,2.0478682821131,6,0.05904922
130,2.0478682821131,7,0.0588916
130,2.0478682821131,8,0.05916882
130,2.0478682821131,9,0.05911345
130,2.0478682821131,10,0.05910826
130,2.0478682821131,11,0.05888571
130,2.0478682821131,12,0.05898423
130,2.0478682821131,13,0.0588888
130,2.0478682821131,14,0.0589726
130,2.0478682821131,15,0.05871898
130,2.0478682821131,16,0.05885443
130,2.0478682821131,17,0.05904666
130,2.0478682821131,18,0.05877589
130,2.0478682821131,19,0.05894388
130,2.0478682821131,20,0.05911161
130,2.0478682821131,21,0.05853535
130,2.0478682821131,22,0.05882139
130,2.0478682821131,23,0.05906741
131,2.06366161076693,0,0.05898009
131,2.06366161076693,1,0.05929419
131,2.06366161076693,2,0.05942842
131,2.06366161076693,3,0.05928642
131,2.06366161076693,4,0.05902639
131,2.06366161076693,5,0.05910115
131,2.06366161076693,6,0.0590424
131,2.06366161076693,7,0.05914962
131,2.06366161076693,8,0.05905942
131,2.06366161076693,9,0.05897202
131,2.06366161076693,10,0.05933237
131,2.06366161076693,11,0.05880011
131,2.06366161076693,12,0.05916773
131,2.06366161076693,13,0.05927425
131,2.06366161076693,14,0.0591048
131,2.06366161076693,15,0.05953824
131,2.06366161076693,16,0.0594978
131,2.06366161076693,17,0.05952118
131,2.06366161076693,18,0.05930217
131,2.06366161076693,19,0.05932622
131,2.06366161076693,20,0.05944896
131,2.06366161076693,21,0.05928063
131,2.06366161076693,22,0.05950988
131,2.06366161076693,23,0.05921983
132,2.07945493942076,0,0.05958591
132,2.07945493942076,1,0.05916969
132,2.07945493942076,2,0.05919115
132,2.07945493942076,3,0.05941149
132,2.07945493942076,4,0.05938631
132,2.07945493942076,5,0.05927454
132,2.07945493942076,6,0.05944862
132,2.07945493942076,7,0.05934311
132,2.07945493942076,8,0.05933229
132,2.07945493942076,9,0.05908928
132,2.07945493942076,10,0.05941061
132,2.07945493942076,11,0.05924204
132,2.07945493942076,12,0.05967356
132,2.07945493942076,13,0.05935349
132,2.07945493942076,14,0.0594758
132,2.07945493942076,15,0.05976472
132,2.07945493942076,16,0.05925998
132,2.07945493942076,17,0.05947764
132,2.07945493942076,18,0.05930711
132,2.07945493942076,19,0.05927838
132,2.07945493942076,20,0.05936344
132,2.07945493942076,21,0.05931012
132,2.07945493942076,22,0.05913787
132,2.07945493942076,23,0.05933534
133,2.09524826807459,0,0.05984928
133,2.09524826807459,1,0.05955392
133,2.09524826807459,2,0.0594487
133,2.09524826807459,3,0.05930535
133,2.09524826807459,4,0.0597288
133,2.09524826807459,5,0.05945962
133,2.09524826807459,6,0.0593095
133,2.09524826807459,7,0.05945189
133,2.09524826807459,8,0.05923414
133,2.09524826807459,9,0.05935039
133,2.09524826807459,10,0.05917296
133,2.09524826807459,11,0.05927704
133,2.09524826807459,12,0.05941571
133,2.09524826807459,13,0.05942475
133,2.09524826807459,14,0.05966666
133,2.09524826807459,15,0.05942035
133,2.09524826807459,16,0.05946079
133,2.09524826807459,17,0.05948287
133,2.09524826807459,18,0.05926993
133,2.09524826807459,19,0.05913335
133,2.09524826807459,20,0.05926922
133,2.09524826807459,21,0.05876933
133,2.09524826807459,22,0.05921025
133,2.09524826807459,23,0.05921983
134,2.11081270790735,0,0.05909609
134,2.11081270790735,1,0.05912365
134,2.11081270790735,2,0.05907239
134,2.11081270790735,3,0.05889741
134,2.11081270790735,4,0.05891791
134,2.11081270790735,5,0.05899807
134,2.11081270790735,6,0.05887463
134,2.11081270790735,7,0.05891097
134,2.11081270790735,8,0.05865228
134,2.11081270790735,9,0.05905139
134,2.11081270790735,10,0.05888964
134,2.11081270790735,11,0.05911082
134,2.11081270790735,12,0.05916354
134,2.11081270790735,13,0.05900979
134,2.11081270790735,14,0.05908033
134,2.11081270790735,15,0.0588349
134,2.11081270790735,16,0.05912416
134,2.11081270790735,17,0.05912607
134,2.11081270790735,18,0.05889591
134,2.11081270790735,19,0.05914841
134,2.11081270790735,20,0.05931991
134,2.11081270790735,21,0.05955477
134,2.11081270790735,22,0.05920177
134,2.11081270790735,23,0.05947183
135,2.1263771477401,0,0.05927454
135,2.1263771477401,1,0.05936005
135,2.1263771477401,2,0.05937933
135,2.1263771477401,3,0.05930196
135,2.1263771477401,4,0.0593805
135,2.1263771477401,5,0.05904905
135,2.1263771477401,6,0.05909793
135,2.1263771477401,7,0.05910877
135,2.1263771477401,8,0.05903726
135,2.1263771477401,9,0.05931078
135,2.1263771477401,10,0.05932421
135,2.1263771477401,11,0.05929865
135,2.1263771477401,12,0.05907025
135,2.1263771477401,13,0.05942161
135,2.1263771477401,14,0.05910433
135,2.1263771477401,15,0.0593976
135,2.1263771477401,16,0.05901919
135,2.1263771477401,17,0.05930465
135,2.1263771477401,18,0.05932442
135,2.1263771477401,19,0.05929528
135,2.1263771477401,20,0.05906745
135,2.1263771477401,21,0.05939184
135,2.1263771477401,22,0.05914804
135,2.1263771477401,23,0.05939154
136,2.14194158757286,0,0.05903944
136,2.14194158757286,1,0.05913068
136,2.14194158757286,2,0.05926391
136,2.14194158757286,3,0.05956775
136,2.14194158757286,4,0.05963145
136,2.14194158757286,5,0.05935942
136,2.14194158757286,6,0.05941144
136,2.14194158757286,7,0.05901522
136,2.14194158757286,8,0.05931413
136,2.14194158757286,9,0.05934395
136,2.14194158757286,10,0.05937858
136,2.14194158757286,11,0.05922564
136,2.14194158757286,12,0.05910713
136,2.14194158757286,13,0.05926881
136,2.14194158757286,14,0.05919103
136,2.14194158757286,15,0.05940559
136,2.14194158757286,16,0.05927202
136,2.14194158757286,17,0.05973587
136,2.14194158757286,18,0.05920997
136,2.14194158757286,19,0.05922966
136,2.14194158757286,20,0.05927892
136,2.14194158757286,21,0.0589982
136,2.14194158757286,22,0.05907175
136,2.14194158757286,23,0.0590531
137,2.15750602740562,0,0.05891691
137,2.15750602740562,1,0.05899515
137,2.15750602740562,2,0.05890189
137,2.15750602740562,3,0.05893493
137,2.15750602740562,4,0.05897804
137,2.15750602740562,5,0.0591449
137,2.15750602740562,6,0.05916179
137,2.15750602740562,7,0.05911449
137,2.15750602740562,8,0.05901977
137,2.15750602740562,9,0.05916576
137,2.15750602740562,10,0.05908439
137,2.15750602740562,11,0.05910458
137,2.15750602740562,12,0.05890875
137,2.15750602740562,13,0.05872906
137,2.15750602740562,14,0.05882938
137,2.15750602740562,15,0.0586588
137,2.15750602740562,16,0.05900644
137,2.15750602740562,17,0.05915974
137,2.15750602740562,18,0.05898428
137,2.15750602740562,19,0.05916668
137,2.15750602740562,20,0.05887851
137,2.15750602740562,21,0.05914586
137,2.15750602740562,22,0.05897097
137,2.15750602740562,23,0.05891812
138,2.17261268959624,0,0.05891975
138,2.17261268959624,1,0.05909927
138,2.17261268959624,2,0.05891695
138,2.17261268959624,3,0.05923418
138,2.17261268959624,4,0.0591487
138,2.17261268959624,5,0.05930209
138,2.17261268959624,6,0.05910358
138,2.17261268959624,7,0.05904868
138,2.17261268959624,8,0.05925484
138,2.17261268959624,9,0.05896328
138,2.17261268959624,10,0.0590332
138,2.17261268959624,11,0.05891992
138,2.17261268959624,12,0.05851211
138,2.17261268959624,13,0.05887759
138,2.17261268959624,14,0.05894233
138,2.17261268959624,15,0.0591357
138,2.17261268959624,16,0.0589596
138,2.17261268959624,17,0.05901823
138,2.17261268959624,18,0.05890962
138,2.17261268959624,19,0.0591528
138,2.17261268959624,20,0.05895312
138,2.17261268959624,21,0.05911734
138,2.17261268959624,22,0.05914373
138,2.17261268959624,23,0.05911223
139,2.18771935178686,0,0.0591461
139,2.18771935178686,1,0.05922443
139,2.18771935178686,2,0.05887688
139,2.18771935178686,3,0.05923062
139,2.18771935178686,4,0.05936436
139,2.18771935178686,5,0.05930815
139,2.18771935178686,6,0.05958144
139,2.18771935178686,7,0.05899118
139,2.18771935178686,8,0.05889691
139,2.18771935178686,9,0.05883653
139,2.18771935178686,10,0.05917057
139,2.18771935178686,11,0.05908188
139,2.18771935178686,12,0.05909735
139,2.18771935178686,13,0.0589936
139,2.18771935178686,14,0.05903726
139,2.18771935178686,15,0.05906319
139,2.18771935178686,16,0.05914569
139,2.18771935178686,17,0.05925015
139,2.18771935178686,18,0.0591152
139,2.18771935178686,19,0.05881759
139,2.18771935178686,20,0.0593373
139,2.18771935178686,21,0.05902839
139,2.18771935178686,22,0.05893091
139,2.18771935178686,23,0.05925078
140,2.20328379161962,0,0.05901919
140,2.20328379161962,1,0.05869607
140,2.20328379161962,2,0.05888278
140,2.20328379161962,3,0.05886484
140,2.20328379161962,4,0.05897733
140,2.20328379161962,5,0.05896286
140,2.20328379161962,6,0.05866884
140,2.20328379161962,7,0.05876498
140,2.20328379161962,8,0.05895584
140,2.20328379161962,9,0.05878238
140,2.20328379161962,10,0.05894559
140,2.20328379161962,11,0.05886388
140,2.20328379161962,12,0.05869163
140,2.20328379161962,13,0.05893192
140,2.20328379161962,14,0.05869615
140,2.20328379161962,15,0.05881031
140,2.20328379161962,16,0.05866884
140,2.20328379161962,17,0.05875979
140,2.20328379161962,18,0.05870187
140,2.20328379161962,19,0.05886555
140,2.20328379161962,20,0.05855037
140,2.20328379161962,21,0.05884088
140,2.20328379161962,22,0.05890962
140,2.20328379161962,23,0.05870254
141,2.21884823145238,0,0.05901375
141,2.21884823145238,1,0.05904608
141,2.21884823145238,2,0.05885962
141,2.21884823145238,3,0.05903228
141,2.21884823145238,4,0.05864851
141,2.21884823145238,5,0.05853121
141,2.21884823145238,6,0.05868088
141,2.21884823145238,7,0.05872546
141,2.21884823145238,8,0.05868406
141,2.21884823145238,9,0.05899816
141,2.21884823145238,10,0.05914682
141,2.21884823145238,11,0.0585865
141,2.21884823145238,12,0.05896504
141,2.21884823145238,13,0.05882766
141,2.21884823145238,14,0.0588165
141,2.21884823145238,15,0.05903194
141,2.21884823145238,16,0.05881248
141,2.21884823145238,17,0.05896299
141,2.21884823145238,18,0.0587843
141,2.21884823145238,19,0.05904737
141,2.21884823145238,20,0.05902534
141,2.21884823145238,21,0.05912231
141,2.21884823145238,22,0.05905649
141,2.21884823145238,23,0.05907326
142,2.23487044892727,0,0.05869259
142,2.23487044892727,1,0.05889169
142,2.23487044892727,2,0.05861611
142,2.23487044892727,3,0.05939145
142,2.23487044892727,4,0.05877827
142,2.23487044892727,5,0.05863204
142,2.23487044892727,6,0.0590378
142,2.23487044892727,7,0.05892677
142,2.23487044892727,8,0.05881955
142,2.23487044892727,9,0.05894614
142,2.23487044892727,10,0.05903809
142,2.23487044892727,11,0.05875519
142,2.23487044892727,12,0.05870811
142,2.23487044892727,13,0.0589077
142,2.23487044892727,14,0.05892004
142,2.23487044892727,15,0.05874206
142,2.23487044892727,16,0.05883322
142,2.23487044892727,17,0.05877029
142,2.23487044892727,18,0.05893995
142,2.23487044892727,19,0.05900313
142,2.23487044892727,20,0.05862656
142,2.23487044892727,21,0.05882867
142,2.23487044892727,22,0.05898795
142,2.23487044892727,23,0.05856743
143,2.2506637775811,0,0.05875666
143,2.2506637775811,1,0.05876238
143,2.2506637775811,2,0.05871894
143,2.2506637775811,3,0.05888563
143,2.2506637775811,4,0.05861142
143,2.2506637775811,5,0.05876999
143,2.2506637775811,6,0.05873663
143,2.2506637775811,7,0.058564
143,2.2506637775811,8,0.05846941
143,2.2506637775811,9,0.05863304
143,2.2506637775811,10,0.05861786
143,2.2506637775811,11,0.05850316
143,2.2506637775811,12,0.05850537
143,2.2506637775811,13,0.05859658
143,2.2506637775811,14,0.05868774
143,2.2506637775811,15,0.05885622
143,2.2506637775811,16,0.05881654
143,2.2506637775811,17,0.0587092
143,2.2506637775811,18,0.05869113
143,2.2506637775811,19,0.05917379
143,2.2506637775811,20,0.05899715
143,2.2506637775811,21,0.05870514
143,2.2506637775811,22,0.05870292
143,2.2506637775811,23,0.05858366
144,2.266685995056,0,0.05859172
144,2.266685995056,1,0.05864182
144,2.266685995056,2,0.05877652
144,2.266685995056,3,0.05876385
144,2.266685995056,4,0.05848438
144,2.266685995056,5,0.0588346
144,2.266685995056,6,0.05849161
144,2.266685995056,7,0.0586356
144,2.266685995056,8,0.05866709
144,2.266685995056,9,0.05863668
144,2.266685995056,10,0.05869493
144,2.266685995056,11,0.05875043
144,2.266685995056,12,0.05887922
144,2.266685995056,13,0.05884657
144,2.266685995056,14,0.05869046
144,2.266685995056,15,0.05869104
144,2.266685995056,16,0.05874829
144,2.266685995056,17,0.05898516
144,2.266685995056,18,0.05910851
144,2.266685995056,19,0.05908652
144,2.266685995056,20,0.05912792
144,2.266685995056,21,0.05904378
144,2.266685995056,22,0.05883548
144,2.266685995056,23,0.05886045
145,2.28293710135197,0,0.05878727
145,2.28293710135197,1,0.05883151
145,2.28293710135197,2,0.05894204
145,2.28293710135197,3,0.05887667
145,2.28293710135197,4,0.05873014
145,2.28293710135197,5,0.05909869
145,2.28293710135197,6,0.05882871
145,2.28293710135197,7,0.05897905
145,2.28293710135197,8,0.05902538
145,2.28293710135197,9,0.05889691
145,2.28293710135197,10,0.05933367
145,2.28293710135197,11,0.05889947
145,2.28293710135197,12,0.05896491
145,2.28293710135197,13,0.05875168
145,2.28293710135197,14,0.05888784
145,2.28293710135197,15,0.0590887
145,2.28293710135197,16,0.05905419
145,2.28293710135197,17,0.0589831
145,2.28293710135197,18,0.05901719
145,2.28293710135197,19,0.0588364
145,2.28293710135197,20,0.0588525
145,2.28293710135197,21,0.05894296
145,2.28293710135197,22,0.05923209
145,2.28293710135197,23,0.05910053
146,2.29918820764794,0,0.05879802
146,2.29918820764794,1,0.05900381
146,2.29918820764794,2,0.05847183
146,2.29918820764794,3,0.05837841
146,2.29918820764794,4,0.05878977
146,2.29918820764794,5,0.05859436
146,2.29918820764794,6,0.05859675
146,2.29918820764794,7,0.05854234
146,2.29918820764794,8,0.05871802
146,2.29918820764794,9,0.05890775
146,2.29918820764794,10,0.05869878
146,2.29918820764794,11,0.05892698
146,2.29918820764794,12,0.05876197
146,2.29918820764794,13,0.05901648
146,2.29918820764794,14,0.05866716
146,2.29918820764794,15,0.05862585
146,2.29918820764794,16,0.05866892
146,2.29918820764794,17,0.05885962
146,2.29918820764794,18,0.05889704
146,2.29918820764794,19,0.05850814
146,2.29918820764794,20,0.05878547
146,2.29918820764794,21,0.05873425
146,2.29918820764794,22,0.05862685
146,2.29918820764794,23,0.058723
147,2.31543931394391,0,0.05877844
147,2.31543931394391,1,0.0587843
147,2.31543931394391,2,0.05866457
147,2.31543931394391,3,0.05877543
147,2.31543931394391,4,0.05899021
147,2.31543931394391,5,0.05889127
147,2.31543931394391,6,0.05902216
147,2.31543931394391,7,0.05897507
147,2.31543931394391,8,0.05863208
147,2.31543931394391,9,0.05860658
147,2.31543931394391,10,0.05886936
147,2.31543931394391,11,0.05863062
147,2.31543931394391,12,0.0585244
147,2.31543931394391,13,0.05878451
147,2.31543931394391,14,0.05851888
147,2.31543931394391,15,0.05859265
147,2.31543931394391,16,0.05857166
147,2.31543931394391,17,0.05857136
147,2.31543931394391,18,0.05844528
147,2.31543931394391,19,0.05846652
147,2.31543931394391,20,0.05875804
147,2.31543931394391,21,0.05863363
147,2.31543931394391,22,0.05879559
147,2.31543931394391,23,0.0586491
148,2.33169042023988,0,0.05903324
148,2.33169042023988,1,0.05886664
148,2.33169042023988,2,0.05871124
148,2.33169042023988,3,0.05878434
148,2.33169042023988,4,0.05871513
148,2.33169042023988,5,0.05902199
148,2.33169042023988,6,0.05905018
148,2.33169042023988,7,0.05926015
148,2.33169042023988,8,0.05931125
148,2.33169042023988,9,0.05894091
148,2.33169042023988,10,0.05891607
148,2.33169042023988,11,0.05927006
148,2.33169042023988,12,0.0589867
148,2.33169042023988,13,0.05913683
148,2.33169042023988,14,0.05879647
148,2.33169042023988,15,0.05873412
148,2.33169042023988,16,0.05892101
148,2.33169042023988,17,0.05886467
148,2.33169042023988,18,0.0589251
148,2.33169042023988,19,0.05875122
148,2.33169042023988,20,0.05883874
148,2.33169042023988,21,0.05870196
148,2.33169042023988,22,0.05882357
148,2.33169042023988,23,0.05877941
149,2.3474837488937,0,0.0587181
149,2.3474837488937,1,0.05896901
149,2.3474837488937,2,0.05887864
149,2.3474837488937,3,0.05865521
149,2.3474837488937,4,0.05909655
149,2.3474837488937,5,0.05879739
149,2.3474837488937,6,0.0588569
149,2.3474837488937,7,0.05843767
149,2.3474837488937,8,0.05853933
149,2.3474837488937,9,0.05871915
149,2.3474837488937,10,0.05888504
149,2.3474837488937,11,0.05868306
149,2.3474837488937,12,0.05835161
149,2.3474837488937,13,0.05857814
149,2.3474837488937,14,0.05840722
149,2.3474837488937,15,0.05824932
149,2.3474837488937,16,0.05873031
149,2.3474837488937,17,0.05854786
149,2.3474837488937,18,0.05873851
149,2.3474837488937,19,0.05876063
149,2.3474837488937,20,0.05898691
149,2.3474837488937,21,0.05895805
149,2.3474837488937,22,0.05897136
149,2.3474837488937,23,0.05883064
150,2.36373485518967,0,0.0588855
150,2.36373485518967,1,0.05901714
150,2.36373485518967,2,0.05906164
150,2.36373485518967,3,0.05888554
150,2.36373485518967,4,0.05873223
150,2.36373485518967,5,0.05934943
150,2.36373485518967,6,0.05892861
150,2.36373485518967,7,0.05897529
150,2.36373485518967,8,0.0590294
150,2.36373485518967,9,0.05921741
150,2.36373485518967,10,0.05880751
150,2.36373485518967,11,0.05872617
150,2.36373485518967,12,0.05861364
150,2.36373485518967,13,0.05904817
150,2.36373485518967,14,0.05921486
150,2.36373485518967,15,0.05893715
150,2.36373485518967,16,0.05889081
150,2.36373485518967,17,0.05869853
150,2.36373485518967,18,0.05900209
150,2.36373485518967,19,0.05891281
150,2.36373485518967,20,0.05889257
150,2.36373485518967,21,0.05912173
150,2.36373485518967,22,0.05903709
150,2.36373485518967,23,0.05887868
