pos_index,position,sample_index,voltage
0,-0.010376293221839,0,0.07165544
0,-0.010376293221839,1,0.07176188
0,-0.010376293221839,2,0.07168691
0,-0.010376293221839,3,0.07188043
0,-0.010376293221839,4,0.07166671
0,-0.010376293221839,5,0.07162901
0,-0.010376293221839,6,0.07157221
0,-0.010376293221839,7,0.07185353
0,-0.010376293221839,8,0.0721203
0,-0.010376293221839,9,0.0718977
0,-0.010376293221839,10,0.07165319
0,-0.010376293221839,11,0.07164437
1,-0.010376293221839,0,0.07145987
1,-0.010376293221839,1,0.07140943
1,-0.010376293221839,2,0.07156508
1,-0.010376293221839,3,0.07153868
1,-0.010376293221839,4,0.07136606
1,-0.010376293221839,5,0.07139322
1,-0.010376293221839,6,0.07170226
1,-0.010376293221839,7,0.07169195
1,-0.010376293221839,8,0.07147043
1,-0.010376293221839,9,0.07156779
1,-0.010376293221839,10,0.07172764
1,-0.010376293221839,11,0.07157562
1,-0.010376293221839,12,0.07143465
1,-0.010376293221839,13,0.07162159
1,-0.010376293221839,14,0.07137718
1,-0.010376293221839,15,0.07163471
2,-0.000610370189519944,0,0.07156458
2,-0.000610370189519944,1,0.07144137
2,-0.000610370189519944,2,0.0715894
2,-0.000610370189519944,3,0.0715114
2,-0.000610370189519944,4,0.07175454
2,-0.000610370189519944,5,0.07166097
2,-0.000610370189519944,6,0.07151196
2,-0.000610370189519944,7,0.07172652
2,-0.000610370189519944,8,0.07162505
2,-0.000610370189519944,9,0.07155212
2,-0.000610370189519944,10,0.07165415
2,-0.000610370189519944,11,0.07146186
2,-0.000610370189519944,12,0.07182322
2,-0.000610370189519944,13,0.07143073
2,-0.000610370189519944,14,0.07172737
2,-0.000610370189519944,15,0.07133127
3,0.00915555284279916,0,0.07142937
3,0.00915555284279916,1,0.07181481
3,0.00915555284279916,2,0.07173591
3,0.00915555284279916,3,0.07178891
3,0.00915555284279916,4,0.07130072
3,0.00915555284279916,5,0.07150161
3,0.00915555284279916,6,0.07154773
3,0.00915555284279916,7,0.071694
3,0.00915555284279916,8,0.07152493
3,0.00915555284279916,9,0.07172693
3,0.00915555284279916,10,0.07152834
3,0.00915555284279916,11,0.07154926
3,0.00915555284279916,12,0.07170296
3,0.00915555284279916,13,0.07151905
3,0.00915555284279916,14,0.07147928
3,0.00915555284279916,15,0.07129612
4,0.0195318460646382,0,0.07156613
4,0.0195318460646382,1,0.07140065
4,0.0195318460646382,2,0.0715583
4,0.0195318460646382,3,0.07172218
4,0.0195318460646382,4,0.07161392
4,0.0195318460646382,5,0.07158291
4,0.0195318460646382,6,0.07146215
4,0.0195318460646382,7,0.071495
4,0.0195318460646382,8,0.07165826
4,0.0195318460646382,9,0.07148993
4,0.0195318460646382,10,0.07172568
4,0.0195318460646382,11,0.07138395
4,0.0195318460646382,12,0.07186569
4,0.0195318460646382,13,0.07160225
4,0.0195318460646382,14,0.07171644
4,0.0195318460646382,15,0.07176411
5,0.0286873989074374,0,0.07176561
5,0.0286873989074374,1,0.07175276
5,0.0286873989074374,2,0.07178592
5,0.0286873989074374,3,0.07141931
5,0.0286873989074374,4,0.07163124
5,0.0286873989074374,5,0.07194778
5,0.0286873989074374,6,0.07160113
5,0.0286873989074374,7,0.07161198
5,0.0286873989074374,8,0.07173575
5,0.0286873989074374,9,0.07173411
5,0.0286873989074374,10,0.0718109
5,0.0286873989074374,11,0.07169404
5,0.0286873989074374,12,0.07190768
5,0.0286873989074374,13,0.07154152
5,0.0286873989074374,14,0.07199904
5,0.0286873989074374,15,0.07173011
6,0.0396740623187963,0,0.07169548
6,0.0396740623187963,1,0.07157955
6,0.0396740623187963,2,0.07157233
6,0.0396740623187963,3,0.07170878
6,0.0396740623187963,4,0.07196265
6,0.0396740623187963,5,0.07177394
6,0.0396740623187963,6,0.07158875
6,0.0396740623187963,7,0.07172916
6,0.0396740623187963,8,0.07146649
6,0.0396740623187963,9,0.07172445
6,0.0396740623187963,10,0.07186504
6,0.0396740623187963,11,0.07143056
6,0.0396740623187963,12,0.07136627
6,0.0396740623187963,13,0.07139174
6,0.0396740623187963,14,0.07128644
6,0.0396740623187963,15,0.07122345
7,0.0494399853511154,0,0.07176609
7,0.0494399853511154,1,0.07181628
7,0.0494399853511154,2,0.07183249
7,0.0494399853511154,3,0.07180661
7,0.0494399853511154,4,0.07176838
7,0.0494399853511154,5,0.07181496
7,0.0494399853511154,6,0.07192683
7,0.0494399853511154,7,0.07191576
7,0.0494399853511154,8,0.07203633
7,0.0494399853511154,9,0.07189945
7,0.0494399853511154,10,0.07185228
7,0.0494399853511154,11,0.07144946
7,0.0494399853511154,12,0.07165319
7,0.0494399853511154,13,0.07174015
7,0.0494399853511154,14,0.0715991
7,0.0494399853511154,15,0.07167126
8,0.0585955381939146,0,0.07195848
8,0.0585955381939146,1,0.0717087
8,0.0585955381939146,2,0.07167383
8,0.0585955381939146,3,0.07162144
8,0.0585955381939146,4,0.07167137
8,0.0585955381939146,5,0.0718235
8,0.0585955381939146,6,0.07155129
8,0.0585955381939146,7,0.07149716
8,0.0585955381939146,8,0.07174033
8,0.0585955381939146,9,0.07173689
8,0.0585955381939146,10,0.07178236
8,0.0585955381939146,11,0.07162627
8,0.0585955381939146,12,0.07169726
8,0.0585955381939146,13,0.07166348
8,0.0585955381939146,14,0.07159735
8,0.0585955381939146,15,0.07152409
9,0.0695822016052736,0,0.0714802
9,0.0695822016052736,1,0.0714414
9,0.0695822016052736,2,0.07135969
9,0.0695822016052736,3,0.07137458
9,0.0695822016052736,4,0.07131974
9,0.0695822016052736,5,0.07148727
9,0.0695822016052736,6,0.0718299
9,0.0695822016052736,7,0.0716343
9,0.0695822016052736,8,0.07119042
9,0.0695822016052736,9,0.07159022
9,0.0695822016052736,10,0.07174041
9,0.0695822016052736,11,0.07168116
9,0.0695822016052736,12,0.07165687
9,0.0695822016052736,13,0.07169297
9,0.0695822016052736,14,0.07181519
9,0.0695822016052736,15,0.07159917
10,0.0793481246375927,0,0.07159419
10,0.0793481246375927,1,0.07176081
10,0.0793481246375927,2,0.07139271
10,0.0793481246375927,3,0.07155249
10,0.0793481246375927,4,0.07155978
10,0.0793481246375927,5,0.07175134
10,0.0793481246375927,6,0.07139732
10,0.0793481246375927,7,0.07181022
10,0.0793481246375927,8,0.0715736
10,0.0793481246375927,9,0.07137391
10,0.0793481246375927,10,0.07129756
10,0.0793481246375927,11,0.07146351
10,0.0793481246375927,12,0.07150151
10,0.0793481246375927,13,0.07115354
10,0.0793481246375927,14,0.07163979
10,0.0793481246375927,15,0.07162262
11,0.0891140476699118,0,0.07161764
11,0.0891140476699118,1,0.071586
11,0.0891140476699118,2,0.07175042
11,0.0891140476699118,3,0.07163176
11,0.0891140476699118,4,0.07161912
11,0.0891140476699118,5,0.07165772
11,0.0891140476699118,6,0.07173415
11,0.0891140476699118,7,0.07169756
11,0.0891140476699118,8,0.07153479
11,0.0891140476699118,9,0.07168797
11,0.0891140476699118,10,0.07150146
11,0.0891140476699118,11,0.07164086
11,0.0891140476699118,12,0.07148462
11,0.0891140476699118,13,0.07166634
11,0.0891140476699118,14,0.07156054
11,0.0891140476699118,15,0.07153901
12,0.100100711081271,0,0.07181215
12,0.100100711081271,1,0.07128904
12,0.100100711081271,2,0.07143778
12,0.100100711081271,3,0.07163857
12,0.100100711081271,4,0.07143408
12,0.100100711081271,5,0.0715482
12,0.100100711081271,6,0.07160158
12,0.100100711081271,7,0.07189767
12,0.100100711081271,8,0.07166851
12,0.100100711081271,9,0.07177013
12,0.100100711081271,10,0.07154642
12,0.100100711081271,11,0.07150803
12,0.100100711081271,12,0.07158975
12,0.100100711081271,13,0.07163985
12,0.100100711081271,14,0.0714828
12,0.100100711081271,15,0.07147738
13,0.10925626392407,0,0.07133713
13,0.10925626392407,1,0.07142251
13,0.10925626392407,2,0.07149513
13,0.10925626392407,3,0.07153084
13,0.10925626392407,4,0.07161395
13,0.10925626392407,5,0.07152317
13,0.10925626392407,6,0.07153908
13,0.10925626392407,7,0.07157096
13,0.10925626392407,8,0.07142774
13,0.10925626392407,9,0.07158744
13,0.10925626392407,10,0.07192583
13,0.10925626392407,11,0.07179526
13,0.10925626392407,12,0.07154147
13,0.10925626392407,13,0.07167807
13,0.10925626392407,14,0.07165777
13,0.10925626392407,15,0.07159413
14,0.119022186956389,0,0.07156429
14,0.119022186956389,1,0.07150133
14,0.119022186956389,2,0.07171097
14,0.119022186956389,3,0.07160666
14,0.119022186956389,4,0.07195377
14,0.119022186956389,5,0.07203324
14,0.119022186956389,6,0.07159872
14,0.119022186956389,7,0.07170855
14,0.119022186956389,8,0.07180799
14,0.119022186956389,9,0.07179178
14,0.119022186956389,10,0.07175315
14,0.119022186956389,11,0.07185369
14,0.119022186956389,12,0.07191119
14,0.119022186956389,13,0.07179993
14,0.119022186956389,14,0.07186898
14,0.119022186956389,15,0.07174817
15,0.128788109988708,0,0.07189904
15,0.128788109988708,1,0.07154788
15,0.128788109988708,2,0.07167208
15,0.128788109988708,3,0.07146317
15,0.128788109988708,4,0.07156666
15,0.128788109988708,5,0.07162191
15,0.128788109988708,6,0.07196926
15,0.128788109988708,7,0.07171838
15,0.128788109988708,8,0.0716804
15,0.128788109988708,9,0.07170613
15,0.128788109988708,10,0.07188386
15,0.128788109988708,11,0.07191191
15,0.128788109988708,12,0.07163575
15,0.128788109988708,13,0.071699
15,0.128788109988708,14,0.07208358
15,0.128788109988708,15,0.07197912
16,0.139164403210547,0,0.0723014
16,0.139164403210547,1,0.07195102
16,0.139164403210547,2,0.07148338
16,0.139164403210547,3,0.07167394
16,0.139164403210547,4,0.07183731
16,0.139164403210547,5,0.07169122
16,0.139164403210547,6,0.07190997
16,0.139164403210547,7,0.07186198
16,0.139164403210547,8,0.07202184
16,0.139164403210547,9,0.07190122
16,0.139164403210547,10,0.07177792
16,0.139164403210547,11,0.07201798
16,0.139164403210547,12,0.07199781
16,0.139164403210547,13,0.07202516
16,0.139164403210547,14,0.07174903
16,0.139164403210547,15,0.07218014
17,0.149540696432386,0,0.07191254
17,0.149540696432386,1,0.07174675
17,0.149540696432386,2,0.07178212
17,0.149540696432386,3,0.07186934
17,0.149540696432386,4,0.07210293
17,0.149540696432386,5,0.07215319
17,0.149540696432386,6,0.07184618
17,0.149540696432386,7,0.07204042
17,0.149540696432386,8,0.07187065
17,0.149540696432386,9,0.07188259
17,0.149540696432386,10,0.07187048
17,0.149540696432386,11,0.07177159
17,0.149540696432386,12,0.07176615
17,0.149540696432386,13,0.07160755
17,0.149540696432386,14,0.07188113
17,0.149540696432386,15,0.0718883
18,0.159306619464705,0,0.07192593
18,0.159306619464705,1,0.07196342
18,0.159306619464705,2,0.07219979
18,0.159306619464705,3,0.07213183
18,0.159306619464705,4,0.07210682
18,0.159306619464705,5,0.07191576
18,0.159306619464705,6,0.07209981
18,0.159306619464705,7,0.07172193
18,0.159306619464705,8,0.07173871
18,0.159306619464705,9,0.07226071
18,0.159306619464705,10,0.07193919
18,0.159306619464705,11,0.07217234
18,0.159306619464705,12,0.07195278
18,0.159306619464705,13,0.07192765
18,0.159306619464705,14,0.07191795
18,0.159306619464705,15,0.07159621
19,0.169682912686544,0,0.0717338
19,0.169682912686544,1,0.07176043
19,0.169682912686544,2,0.07173946
19,0.169682912686544,3,0.07185207
19,0.169682912686544,4,0.07154079
19,0.169682912686544,5,0.0717744
19,0.169682912686544,6,0.07170267
19,0.169682912686544,7,0.0717499
19,0.169682912686544,8,0.07170656
19,0.169682912686544,9,0.07175346
19,0.169682912686544,10,0.07187497
19,0.169682912686544,11,0.07184276
19,0.169682912686544,12,0.07170067
19,0.169682912686544,13,0.07179893
19,0.169682912686544,14,0.07160167
19,0.169682912686544,15,0.071874
20,0.179448835718864,0,0.07154623
20,0.179448835718864,1,0.07174704
20,0.179448835718864,2,0.07194354
20,0.179448835718864,3,0.07179932
20,0.179448835718864,4,0.07191332
20,0.179448835718864,5,0.07201438
20,0.179448835718864,6,0.07161562
20,0.179448835718864,7,0.07179011
20,0.179448835718864,8,0.07195781
20,0.179448835718864,9,0.07225131
20,0.179448835718864,10,0.07203077
20,0.179448835718864,11,0.07199271
20,0.179448835718864,12,0.07202812
20,0.179448835718864,13,0.07208888
20,0.179448835718864,14,0.07199356
20,0.179448835718864,15,0.07178974
21,0.189214758751183,0,0.07162528
21,0.189214758751183,1,0.07183377
21,0.189214758751183,2,0.07219803
21,0.189214758751183,3,0.07204161
21,0.189214758751183,4,0.072106
21,0.189214758751183,5,0.07216279
21,0.189214758751183,6,0.07227608
21,0.189214758751183,7,0.07217494
21,0.189214758751183,8,0.07219002
21,0.189214758751183,9,0.07193524
21,0.189214758751183,10,0.07236933
21,0.189214758751183,11,0.07222033
21,0.189214758751183,12,0.07198604
21,0.189214758751183,13,0.07211683
21,0.189214758751183,14,0.07232127
21,0.189214758751183,15,0.07217913
22,0.198980681783502,0,0.07187044
22,0.198980681783502,1,0.07220019
22,0.198980681783502,2,0.07184088
22,0.198980681783502,3,0.0719933
22,0.198980681783502,4,0.07190413
22,0.198980681783502,5,0.07184289
22,0.198980681783502,6,0.07167733
22,0.198980681783502,7,0.07180524
22,0.198980681783502,8,0.07198592
22,0.198980681783502,9,0.07179517
22,0.198980681783502,10,0.07179162
22,0.198980681783502,11,0.07184559
22,0.198980681783502,12,0.0720082
22,0.198980681783502,13,0.071946
22,0.198980681783502,14,0.07179937
22,0.198980681783502,15,0.07187057
23,0.209967345194861,0,0.07177656
23,0.209967345194861,1,0.07181457
23,0.209967345194861,2,0.07193172
23,0.209967345194861,3,0.07181067
23,0.209967345194861,4,0.07199729
23,0.209967345194861,5,0.07176501
23,0.209967345194861,6,0.07172579
23,0.209967345194861,7,0.07190578
23,0.209967345194861,8,0.07185077
23,0.209967345194861,9,0.07173765
23,0.209967345194861,10,0.07156796
23,0.209967345194861,11,0.07142578
23,0.209967345194861,12,0.07134969
23,0.209967345194861,13,0.07185264
23,0.209967345194861,14,0.07188208
23,0.209967345194861,15,0.07175284
24,0.21912289803766,0,0.07197552
24,0.21912289803766,1,0.07194986
24,0.21912289803766,2,0.07187305
24,0.21912289803766,3,0.07182142
24,0.21912289803766,4,0.0720677
24,0.21912289803766,5,0.07212719
24,0.21912289803766,6,0.07185809
24,0.21912289803766,7,0.07222626
24,0.21912289803766,8,0.07212045
24,0.21912289803766,9,0.0721624
24,0.21912289803766,10,0.07202931
24,0.21912289803766,11,0.07194906
24,0.21912289803766,12,0.07221145
24,0.21912289803766,13,0.07211402
24,0.21912289803766,14,0.07182132
24,0.21912289803766,15,0.07197297
25,0.230109561449019,0,0.07169918
25,0.230109561449019,1,0.07176619
25,0.230109561449019,2,0.07185555
25,0.230109561449019,3,0.07193054
25,0.230109561449019,4,0.07180905
25,0.230109561449019,5,0.07215669
25,0.230109561449019,6,0.0717598
25,0.230109561449019,7,0.07206839
25,0.230109561449019,8,0.0717128
25,0.230109561449019,9,0.07201356
25,0.230109561449019,10,0.07206281
25,0.230109561449019,11,0.07172508
25,0.230109561449019,12,0.07190089
25,0.230109561449019,13,0.07188401
25,0.230109561449019,14,0.07195534
25,0.230109561449019,15,0.07189744
26,0.239265114291818,0,0.07208811
26,0.239265114291818,1,0.07209837
26,0.239265114291818,2,0.07205208
26,0.239265114291818,3,0.07186043
26,0.239265114291818,4,0.07205777
26,0.239265114291818,5,0.07227882
26,0.239265114291818,6,0.07239817
26,0.239265114291818,7,0.07229185
26,0.239265114291818,8,0.07204852
26,0.239265114291818,9,0.07224343
26,0.239265114291818,10,0.07196877
26,0.239265114291818,11,0.07220314
26,0.239265114291818,12,0.07219344
26,0.239265114291818,13,0.0719453
26,0.239265114291818,14,0.07186993
26,0.239265114291818,15,0.07205877
27,0.249031037324137,0,0.07187675
27,0.249031037324137,1,0.07188813
27,0.249031037324137,2,0.07189114
27,0.249031037324137,3,0.07186569
27,0.249031037324137,4,0.07184007
27,0.249031037324137,5,0.07150939
27,0.249031037324137,6,0.07135219
27,0.249031037324137,7,0.07188161
27,0.249031037324137,8,0.07189684
27,0.249031037324137,9,0.07190478
27,0.249031037324137,10,0.07201145
27,0.249031037324137,11,0.07169852
27,0.249031037324137,12,0.07177747
27,0.249031037324137,13,0.07178251
27,0.249031037324137,14,0.07155668
27,0.249031037324137,15,0.07180629
28,0.259407330545976,0,0.07194575
28,0.259407330545976,1,0.07195583
28,0.259407330545976,2,0.07149146
28,0.259407330545976,3,0.07188269
28,0.259407330545976,4,0.07170586
28,0.259407330545976,5,0.07198712
28,0.259407330545976,6,0.07150316
28,0.259407330545976,7,0.07164813
28,0.259407330545976,8,0.07163779
28,0.259407330545976,9,0.07194307
28,0.259407330545976,10,0.0716766
28,0.259407330545976,11,0.07194425
28,0.259407330545976,12,0.07173982
28,0.259407330545976,13,0.07186358
28,0.259407330545976,14,0.0717195
28,0.259407330545976,15,0.07197076
29,0.269173253578295,0,0.07185732
29,0.269173253578295,1,0.07209747
29,0.269173253578295,2,0.07181863
29,0.269173253578295,3,0.07185858
29,0.269173253578295,4,0.07207377
29,0.269173253578295,5,0.07208756
29,0.269173253578295,6,0.07182579
29,0.269173253578295,7,0.07206855
29,0.269173253578295,8,0.07194988
29,0.269173253578295,9,0.0719793
29,0.269173253578295,10,0.07199024
29,0.269173253578295,11,0.07184139
29,0.269173253578295,12,0.0718574
29,0.269173253578295,13,0.0721544
29,0.269173253578295,14,0.07176199
29,0.269173253578295,15,0.0718042
30,0.278939176610614,0,0.07166738
30,0.278939176610614,1,0.07177404
30,0.278939176610614,2,0.07170094
30,0.278939176610614,3,0.07191373
30,0.278939176610614,4,0.07230366
30,0.278939176610614,5,0.07157311
30,0.278939176610614,6,0.07157357
30,0.278939176610614,7,0.0720503
30,0.278939176610614,8,0.07216869
30,0.278939176610614,9,0.07198296
30,0.278939176610614,10,0.07201252
30,0.278939176610614,11,0.07173267
30,0.278939176610614,12,0.07203406
30,0.278939176610614,13,0.07171252
30,0.278939176610614,14,0.07191823
30,0.278939176610614,15,0.07168811
31,0.289925840021973,0,0.07179993
31,0.289925840021973,1,0.07177038
31,0.289925840021973,2,0.0716484
31,0.289925840021973,3,0.07161111
31,0.289925840021973,4,0.07165844
31,0.289925840021973,5,0.07175382
31,0.289925840021973,6,0.07149991
31,0.289925840021973,7,0.0718741
31,0.289925840021973,8,0.07190475
31,0.289925840021973,9,0.07166015
31,0.289925840021973,10,0.07182421
31,0.289925840021973,11,0.07162906
31,0.289925840021973,12,0.07170986
31,0.289925840021973,13,0.07169264
31,0.289925840021973,14,0.07175938
31,0.289925840021973,15,0.07157917
32,0.299691763054292,0,0.07160211
32,0.299691763054292,1,0.07132187
32,0.299691763054292,2,0.07138272
32,0.299691763054292,3,0.07169493
32,0.299691763054292,4,0.07159015
32,0.299691763054292,5,0.07177008
32,0.299691763054292,6,0.0717399
32,0.299691763054292,7,0.07148185
32,0.299691763054292,8,0.07121346
32,0.299691763054292,9,0.07166065
32,0.299691763054292,10,0.07158823
32,0.299691763054292,11,0.07146256
32,0.299691763054292,12,0.0717251
32,0.299691763054292,13,0.07191231
32,0.299691763054292,14,0.07162502
32,0.299691763054292,15,0.07153737
33,0.308847315897092,0,0.07190133
33,0.308847315897092,1,0.07165778
33,0.308847315897092,2,0.0715519
33,0.308847315897092,3,0.07157663
33,0.308847315897092,4,0.07180271
33,0.308847315897092,5,0.07156283
33,0.308847315897092,6,0.07198906
33,0.308847315897092,7,0.07172266
33,0.308847315897092,8,0.07148847
33,0.308847315897092,9,0.0718498
33,0.308847315897092,10,0.07189165
33,0.308847315897092,11,0.07166104
33,0.308847315897092,12,0.07175819
33,0.308847315897092,13,0.0716949
33,0.308847315897092,14,0.07183837
33,0.308847315897092,15,0.07188037
34,0.319833979308451,0,0.07171676
34,0.319833979308451,1,0.07161803
34,0.319833979308451,2,0.07173953
34,0.319833979308451,3,0.07185835
34,0.319833979308451,4,0.07171459
34,0.319833979308451,5,0.07169081
34,0.319833979308451,6,0.07175178
34,0.319833979308451,7,0.07168902
34,0.319833979308451,8,0.07186638
34,0.319833979308451,9,0.07162473
34,0.319833979308451,10,0.0717132
34,0.319833979308451,11,0.07173257
34,0.319833979308451,12,0.07186922
34,0.319833979308451,13,0.07196247
34,0.319833979308451,14,0.07184423
34,0.319833979308451,15,0.07159648
35,0.32898953215125,0,0.07173222
35,0.32898953215125,1,0.07162809
35,0.32898953215125,2,0.07177222
35,0.32898953215125,3,0.07187735
35,0.32898953215125,4,0.07180537
35,0.32898953215125,5,0.07182165
35,0.32898953215125,6,0.07209662
35,0.32898953215125,7,0.07227211
35,0.32898953215125,8,0.0717986
35,0.32898953215125,9,0.07198965
35,0.32898953215125,10,0.07213713
35,0.32898953215125,11,0.07223106
35,0.32898953215125,12,0.07220159
35,0.32898953215125,13,0.07223018
35,0.32898953215125,14,0.07211395
35,0.32898953215125,15,0.07197094
36,0.339365825373089,0,0.07195236
36,0.339365825373089,1,0.0716328
36,0.339365825373089,2,0.07176948
36,0.339365825373089,3,0.07176853
36,0.339365825373089,4,0.07201988
36,0.339365825373089,5,0.07191721
36,0.339365825373089,6,0.07183807
36,0.339365825373089,7,0.07143102
36,0.339365825373089,8,0.07205676
36,0.339365825373089,9,0.07192549
36,0.339365825373089,10,0.07183792
36,0.339365825373089,11,0.07172882
36,0.339365825373089,12,0.07206752
36,0.339365825373089,13,0.07184039
36,0.339365825373089,14,0.07179993
36,0.339365825373089,15,0.07183393
37,0.349742118594928,0,0.07174055
37,0.349742118594928,1,0.07195611
37,0.349742118594928,2,0.07214776
37,0.349742118594928,3,0.07195869
37,0.349742118594928,4,0.07177217
37,0.349742118594928,5,0.07180732
37,0.349742118594928,6,0.07221387
37,0.349742118594928,7,0.07203802
37,0.349742118594928,8,0.07213342
37,0.349742118594928,9,0.07192997
37,0.349742118594928,10,0.07221091
37,0.349742118594928,11,0.07209912
37,0.349742118594928,12,0.07200849
37,0.349742118594928,13,0.07217494
37,0.349742118594928,14,0.07181437
37,0.349742118594928,15,0.07188591
38,0.359508041627247,0,0.07185145
38,0.359508041627247,1,0.07184224
38,0.359508041627247,2,0.07174041
38,0.359508041627247,3,0.0717987
38,0.359508041627247,4,0.07179849
38,0.359508041627247,5,0.07171401
38,0.359508041627247,6,0.07197142
38,0.359508041627247,7,0.07191046
38,0.359508041627247,8,0.07201064
38,0.359508041627247,9,0.07222681
38,0.359508041627247,10,0.07204217
38,0.359508041627247,11,0.07194139
38,0.359508041627247,12,0.07157221
38,0.359508041627247,13,0.07154802
38,0.359508041627247,14,0.07158405
38,0.359508041627247,15,0.07200648
39,0.369273964659566,0,0.07199937
39,0.369273964659566,1,0.07198985
39,0.369273964659566,2,0.07175999
39,0.369273964659566,3,0.07213914
39,0.369273964659566,4,0.07181128
39,0.369273964659566,5,0.07172039
39,0.369273964659566,6,0.07205771
39,0.369273964659566,7,0.07189127
39,0.369273964659566,8,0.07209462
39,0.369273964659566,9,0.07199045
39,0.369273964659566,10,0.07225098
39,0.369273964659566,11,0.07189183
39,0.369273964659566,12,0.07191253
39,0.369273964659566,13,0.07203808
39,0.369273964659566,14,0.0721483
39,0.369273964659566,15,0.07214747
40,0.379039887691885,0,0.07203922
40,0.379039887691885,1,0.07227125
40,0.379039887691885,2,0.07191746
40,0.379039887691885,3,0.07211935
40,0.379039887691885,4,0.07228049
40,0.379039887691885,5,0.07203934
40,0.379039887691885,6,0.07210463
40,0.379039887691885,7,0.07210998
40,0.379039887691885,8,0.07247181
40,0.379039887691885,9,0.07216714
40,0.379039887691885,10,0.07231469
40,0.379039887691885,11,0.0721605
40,0.379039887691885,12,0.071938
40,0.379039887691885,13,0.07223585
40,0.379039887691885,14,0.07205821
40,0.379039887691885,15,0.07208551
41,0.389416180913724,0,0.0721956
41,0.389416180913724,1,0.0725219
41,0.389416180913724,2,0.07211335
41,0.389416180913724,3,0.07185766
41,0.389416180913724,4,0.07209197
41,0.389416180913724,5,0.07211032
41,0.389416180913724,6,0.0718813
41,0.389416180913724,7,0.07235721
41,0.389416180913724,8,0.07216827
41,0.389416180913724,9,0.07207007
41,0.389416180913724,10,0.0725018
41,0.389416180913724,11,0.07236127
41,0.389416180913724,12,0.07227326
41,0.389416180913724,13,0.07219043
41,0.389416180913724,14,0.07223459
41,0.389416180913724,15,0.07239043
42,0.399182103946043,0,0.07206526
42,0.399182103946043,1,0.07207918
42,0.399182103946043,2,0.07192461
42,0.399182103946043,3,0.07221521
42,0.399182103946043,4,0.07215723
42,0.399182103946043,5,0.07225291
42,0.399182103946043,6,0.07199701
42,0.399182103946043,7,0.07198754
42,0.399182103946043,8,0.07196208
42,0.399182103946043,9,0.07230179
42,0.399182103946043,10,0.0722919
42,0.399182103946043,11,0.07209629
42,0.399182103946043,12,0.0724218
42,0.399182103946043,13,0.07214289
42,0.399182103946043,14,0.07264531
42,0.399182103946043,15,0.07234761
43,0.408337656788842,0,0.07240556
43,0.408337656788842,1,0.07268797
43,0.408337656788842,2,0.07282659
43,0.408337656788842,3,0.07254181
43,0.408337656788842,4,0.07244377
43,0.408337656788842,5,0.07260311
43,0.408337656788842,6,0.07237127
43,0.408337656788842,7,0.07233783
43,0.408337656788842,8,0.07222862
43,0.408337656788842,9,0.07230111
43,0.408337656788842,10,0.07225746
43,0.408337656788842,11,0.072202
43,0.408337656788842,12,0.07249701
43,0.408337656788842,13,0.07225037
43,0.408337656788842,14,0.07231382
43,0.408337656788842,15,0.07242464
44,0.419934690389721,0,0.07216749
44,0.419934690389721,1,0.07230345
44,0.419934690389721,2,0.07219437
44,0.419934690389721,3,0.07239039
44,0.419934690389721,4,0.07237715
44,0.419934690389721,5,0.072384
44,0.419934690389721,6,0.0727581
44,0.419934690389721,7,0.07263841
44,0.419934690389721,8,0.07225983
44,0.419934690389721,9,0.07255362
44,0.419934690389721,10,0.07231274
44,0.419934690389721,11,0.0723943
44,0.419934690389721,12,0.07223423
44,0.419934690389721,13,0.07231633
44,0.419934690389721,14,0.072116
44,0.419934690389721,15,0.07231375
45,0.429090243232521,0,0.07224415
45,0.429090243232521,1,0.07219712
45,0.429090243232521,2,0.07210154
45,0.429090243232521,3,0.07209397
45,0.429090243232521,4,0.07217429
45,0.429090243232521,5,0.07219777
45,0.429090243232521,6,0.07243691
45,0.429090243232521,7,0.07238454
45,0.429090243232521,8,0.0723602
45,0.429090243232521,9,0.07239968
45,0.429090243232521,10,0.07237018
45,0.429090243232521,11,0.07233207
45,0.429090243232521,12,0.07248355
45,0.429090243232521,13,0.07201685
45,0.429090243232521,14,0.07221889
45,0.429090243232521,15,0.07214287
46,0.43946653645436,0,0.07259442
46,0.43946653645436,1,0.07267616
46,0.43946653645436,2,0.07262166
46,0.43946653645436,3,0.07243576
46,0.43946653645436,4,0.0722253
46,0.43946653645436,5,0.07262114
46,0.43946653645436,6,0.07244001
46,0.43946653645436,7,0.07272778
46,0.43946653645436,8,0.07254881
46,0.43946653645436,9,0.07255476
46,0.43946653645436,10,0.07259054
46,0.43946653645436,11,0.07251056
46,0.43946653645436,12,0.07251035
46,0.43946653645436,13,0.07230286
46,0.43946653645436,14,0.07238981
46,0.43946653645436,15,0.07243723
47,0.449842829676199,0,0.07248668
47,0.449842829676199,1,0.07225437
47,0.449842829676199,2,0.07231041
47,0.449842829676199,3,0.07209464
47,0.449842829676199,4,0.07241794
47,0.449842829676199,5,0.07260031
47,0.449842829676199,6,0.07220695
47,0.449842829676199,7,0.07236156
47,0.449842829676199,8,0.07247047
47,0.449842829676199,9,0.07240097
47,0.449842829676199,10,0.07246839
47,0.449842829676199,11,0.0723552
47,0.449842829676199,12,0.07249489
47,0.449842829676199,13,0.07241408
47,0.449842829676199,14,0.07237327
47,0.449842829676199,15,0.07243557
48,0.458998382518998,0,0.07267511
48,0.458998382518998,1,0.07251082
48,0.458998382518998,2,0.07237016
48,0.458998382518998,3,0.07246931
48,0.458998382518998,4,0.07236294
48,0.458998382518998,5,0.07213425
48,0.458998382518998,6,0.07249281
48,0.458998382518998,7,0.07221568
48,0.458998382518998,8,0.07221286
48,0.458998382518998,9,0.07248583
48,0.458998382518998,10,0.07246682
48,0.458998382518998,11,0.07237775
48,0.458998382518998,12,0.07247139
48,0.458998382518998,13,0.07264324
48,0.458998382518998,14,0.07236367
48,0.458998382518998,15,0.07226608
49,0.469374675740837,0,0.07226361
49,0.469374675740837,1,0.07260299
49,0.469374675740837,2,0.07206961
49,0.469374675740837,3,0.07221325
49,0.469374675740837,4,0.07241915
49,0.469374675740837,5,0.07240281
49,0.469374675740837,6,0.07237078
49,0.469374675740837,7,0.07238568
49,0.469374675740837,8,0.07241331
49,0.469374675740837,9,0.07249746
49,0.469374675740837,10,0.07210877
49,0.469374675740837,11,0.07244136
49,0.469374675740837,12,0.0722731
49,0.469374675740837,13,0.0723462
49,0.469374675740837,14,0.07236914
49,0.469374675740837,15,0.07250258
50,0.479140598773156,0,0.07230911
50,0.479140598773156,1,0.07209917
50,0.479140598773156,2,0.07227498
50,0.479140598773156,3,0.07238571
50,0.479140598773156,4,0.07233487
50,0.479140598773156,5,0.07268222
50,0.479140598773156,6,0.07255829
50,0.479140598773156,7,0.07250439
50,0.479140598773156,8,0.07263876
50,0.479140598773156,9,0.07263808
50,0.479140598773156,10,0.0723491
50,0.479140598773156,11,0.072597
50,0.479140598773156,12,0.07233506
50,0.479140598773156,13,0.07236622
50,0.479140598773156,14,0.07216059
50,0.479140598773156,15,0.07242788
51,0.489516891994995,0,0.07248517
51,0.489516891994995,1,0.07253084
51,0.489516891994995,2,0.07248107
51,0.489516891994995,3,0.07261635
51,0.489516891994995,4,0.07256491
51,0.489516891994995,5,0.0728541
51,0.489516891994995,6,0.072717
51,0.489516891994995,7,0.07272761
51,0.489516891994995,8,0.07259412
51,0.489516891994995,9,0.0727753
51,0.489516891994995,10,0.07264794
51,0.489516891994995,11,0.07278471
51,0.489516891994995,12,0.0728071
51,0.489516891994995,13,0.07235279
51,0.489516891994995,14,0.07239864
51,0.489516891994995,15,0.07245924
52,0.498672444837794,0,0.07269466
52,0.498672444837794,1,0.07259968
52,0.498672444837794,2,0.07266782
52,0.498672444837794,3,0.0726609
52,0.498672444837794,4,0.07280492
52,0.498672444837794,5,0.07284697
52,0.498672444837794,6,0.07261349
52,0.498672444837794,7,0.07277481
52,0.498672444837794,8,0.07271673
52,0.498672444837794,9,0.07265526
52,0.498672444837794,10,0.07274979
52,0.498672444837794,11,0.07268907
52,0.498672444837794,12,0.07272699
52,0.498672444837794,13,0.07287679
52,0.498672444837794,14,0.07288592
52,0.498672444837794,15,0.07278466
53,0.509659108249153,0,0.07268613
53,0.509659108249153,1,0.07221799
53,0.509659108249153,2,0.07246336
53,0.509659108249153,3,0.07229977
53,0.509659108249153,4,0.07255446
53,0.509659108249153,5,0.07270508
53,0.509659108249153,6,0.07285348
53,0.509659108249153,7,0.07295192
53,0.509659108249153,8,0.07239795
53,0.509659108249153,9,0.07268274
53,0.509659108249153,10,0.07246232
53,0.509659108249153,11,0.07249408
53,0.509659108249153,12,0.07249624
53,0.509659108249153,13,0.07236755
53,0.509659108249153,14,0.07250407
53,0.509659108249153,15,0.07249741
54,0.518814661091952,0,0.07256392
54,0.518814661091952,1,0.07254547
54,0.518814661091952,2,0.07236595
54,0.518814661091952,3,0.07249735
54,0.518814661091952,4,0.07256146
54,0.518814661091952,5,0.07284094
54,0.518814661091952,6,0.07253991
54,0.518814661091952,7,0.07280751
54,0.518814661091952,8,0.07228537
54,0.518814661091952,9,0.07245512
54,0.518814661091952,10,0.07246192
54,0.518814661091952,11,0.07232808
54,0.518814661091952,12,0.07275287
54,0.518814661091952,13,0.07268194
54,0.518814661091952,14,0.07265351
54,0.518814661091952,15,0.07270819
55,0.529190954313791,0,0.07263324
55,0.529190954313791,1,0.0726599
55,0.529190954313791,2,0.07270833
55,0.529190954313791,3,0.07287644
55,0.529190954313791,4,0.07249885
55,0.529190954313791,5,0.07251871
55,0.529190954313791,6,0.07249004
55,0.529190954313791,7,0.07274725
55,0.529190954313791,8,0.07267232
55,0.529190954313791,9,0.07262282
55,0.529190954313791,10,0.0726418
55,0.529190954313791,11,0.07239462
55,0.529190954313791,12,0.07271004
55,0.529190954313791,13,0.07250115
55,0.529190954313791,14,0.07296627
55,0.529190954313791,15,0.07316443
56,0.53895687734611,0,0.07276069
56,0.53895687734611,1,0.07268935
56,0.53895687734611,2,0.0726953
56,0.53895687734611,3,0.0728533
56,0.53895687734611,4,0.07282541
56,0.53895687734611,5,0.07279539
56,0.53895687734611,6,0.07293624
56,0.53895687734611,7,0.07295304
56,0.53895687734611,8,0.07288975
56,0.53895687734611,9,0.07269499
56,0.53895687734611,10,0.07268149
56,0.53895687734611,11,0.07266767
56,0.53895687734611,12,0.07251593
56,0.53895687734611,13,0.07270852
56,0.53895687734611,14,0.07280996
56,0.53895687734611,15,0.07268089
57,0.54933317056795,0,0.07278009
57,0.54933317056795,1,0.07301319
57,0.54933317056795,2,0.07281442
57,0.54933317056795,3,0.07287381
57,0.54933317056795,4,0.07272849
57,0.54933317056795,5,0.07275435
57,0.54933317056795,6,0.07292116
57,0.54933317056795,7,0.07293669
57,0.54933317056795,8,0.07284311
57,0.54933317056795,9,0.07285246
57,0.54933317056795,10,0.07262848
57,0.54933317056795,11,0.07282207
57,0.54933317056795,12,0.07283799
57,0.54933317056795,13,0.072629
57,0.54933317056795,14,0.07291473
57,0.54933317056795,15,0.072655
58,0.558488723410749,0,0.0731561
58,0.558488723410749,1,0.07308941
58,0.558488723410749,2,0.07322673
58,0.558488723410749,3,0.07311416
58,0.558488723410749,4,0.07295045
58,0.558488723410749,5,0.07340526
58,0.558488723410749,6,0.0729375
58,0.558488723410749,7,0.07247978
58,0.558488723410749,8,0.07284562
58,0.558488723410749,9,0.07294723
58,0.558488723410749,10,0.07307922
58,0.558488723410749,11,0.07309214
58,0.558488723410749,12,0.07326457
58,0.558488723410749,13,0.07295187
58,0.558488723410749,14,0.0731601
58,0.558488723410749,15,0.07300332
59,0.569475386822108,0,0.07269298
59,0.569475386822108,1,0.07295202
59,0.569475386822108,2,0.07265487
59,0.569475386822108,3,0.07311584
59,0.569475386822108,4,0.07264538
59,0.569475386822108,5,0.07294205
59,0.569475386822108,6,0.07293212
59,0.569475386822108,7,0.07301356
59,0.569475386822108,8,0.07312654
59,0.569475386822108,9,0.0729913
59,0.569475386822108,10,0.07312464
59,0.569475386822108,11,0.0728002
59,0.569475386822108,12,0.07298001
59,0.569475386822108,13,0.07291752
59,0.569475386822108,14,0.0725852
59,0.569475386822108,15,0.07275092
60,0.579241309854427,0,0.07298688
60,0.579241309854427,1,0.07333613
60,0.579241309854427,2,0.07335188
60,0.579241309854427,3,0.0729901
60,0.579241309854427,4,0.0732378
60,0.579241309854427,5,0.07325887
60,0.579241309854427,6,0.07298946
60,0.579241309854427,7,0.07327139
60,0.579241309854427,8,0.07315004
60,0.579241309854427,9,0.07309323
60,0.579241309854427,10,0.07315517
60,0.579241309854427,11,0.07306363
60,0.579241309854427,12,0.07300262
60,0.579241309854427,13,0.07274116
60,0.579241309854427,14,0.07289514
60,0.579241309854427,15,0.0731979
61,0.588396862697226,0,0.07331207
61,0.588396862697226,1,0.07352615
61,0.588396862697226,2,0.07307167
61,0.588396862697226,3,0.07310303
61,0.588396862697226,4,0.07317877
61,0.588396862697226,5,0.07308602
61,0.588396862697226,6,0.07278286
61,0.588396862697226,7,0.07278466
61,0.588396862697226,8,0.07296611
61,0.588396862697226,9,0.07293606
61,0.588396862697226,10,0.07279577
61,0.588396862697226,11,0.07290421
61,0.588396862697226,12,0.0728924
61,0.588396862697226,13,0.07281625
61,0.588396862697226,14,0.07293898
61,0.588396862697226,15,0.07269619
62,0.599993896298105,0,0.07287765
62,0.599993896298105,1,0.07310284
62,0.599993896298105,2,0.07280079
62,0.599993896298105,3,0.07301361
62,0.599993896298105,4,0.07290262
62,0.599993896298105,5,0.0728308
62,0.599993896298105,6,0.0731969
62,0.599993896298105,7,0.07285044
62,0.599993896298105,8,0.07307068
62,0.599993896298105,9,0.07329914
62,0.599993896298105,10,0.07302814
62,0.599993896298105,11,0.07283908
62,0.599993896298105,12,0.07302193
62,0.599993896298105,13,0.07297608
62,0.599993896298105,14,0.07307706
62,0.599993896298105,15,0.07291818
63,0.609149449140904,0,0.0730581
63,0.609149449140904,1,0.07287071
63,0.609149449140904,2,0.07308907
63,0.609149449140904,3,0.07268457
63,0.609149449140904,4,0.07271006
63,0.609149449140904,5,0.07291951
63,0.609149449140904,6,0.0729649
63,0.609149449140904,7,0.07295742
63,0.609149449140904,8,0.0730015
63,0.609149449140904,9,0.07298563
63,0.609149449140904,10,0.07293296
63,0.609149449140904,11,0.07353111
63,0.609149449140904,12,0.07295571
63,0.609149449140904,13,0.07310213
63,0.609149449140904,14,0.07316273
63,0.609149449140904,15,0.07316985
64,0.619525742362743,0,0.07302778
64,0.619525742362743,1,0.07322665
64,0.619525742362743,2,0.07317964
64,0.619525742362743,3,0.07340655
64,0.619525742362743,4,0.07299459
64,0.619525742362743,5,0.07319732
64,0.619525742362743,6,0.0734193
64,0.619525742362743,7,0.07316463
64,0.619525742362743,8,0.07307979
64,0.619525742362743,9,0.07308995
64,0.619525742362743,10,0.07270958
64,0.619525742362743,11,0.07319099
64,0.619525742362743,12,0.07308708
64,0.619525742362743,13,0.07313237
64,0.619525742362743,14,0.0731569
64,0.619525742362743,15,0.07271717
65,0.629291665395062,0,0.07298251
65,0.629291665395062,1,0.07312429
65,0.629291665395062,2,0.07302316
65,0.629291665395062,3,0.07317418
65,0.629291665395062,4,0.07314418
65,0.629291665395062,5,0.07305086
65,0.629291665395062,6,0.07317754
65,0.629291665395062,7,0.07311793
65,0.629291665395062,8,0.07284269
65,0.629291665395062,9,0.07292265
65,0.629291665395062,10,0.07284024
65,0.629291665395062,11,0.07311778
65,0.629291665395062,12,0.07330277
65,0.629291665395062,13,0.07317636
65,0.629291665395062,14,0.07325954
65,0.629291665395062,15,0.0729957
66,0.639057588427381,0,0.07325412
66,0.639057588427381,1,0.0731717
66,0.639057588427381,2,0.07332787
66,0.639057588427381,3,0.07281657
66,0.639057588427381,4,0.07313875
66,0.639057588427381,5,0.0730068
66,0.639057588427381,6,0.07288231
66,0.639057588427381,7,0.07308988
66,0.639057588427381,8,0.07296291
66,0.639057588427381,9,0.07314133
66,0.639057588427381,10,0.07350459
66,0.639057588427381,11,0.07308582
66,0.639057588427381,12,0.07312907
66,0.639057588427381,13,0.07343354
66,0.639057588427381,14,0.07337611
66,0.639057588427381,15,0.07357638
67,0.6488235114597,0,0.07332394
67,0.6488235114597,1,0.07355773
67,0.6488235114597,2,0.07336551
67,0.6488235114597,3,0.07335331
67,0.6488235114597,4,0.07355335
67,0.6488235114597,5,0.07351484
67,0.6488235114597,6,0.07343186
67,0.6488235114597,7,0.07327372
67,0.6488235114597,8,0.07335521
67,0.6488235114597,9,0.07334654
67,0.6488235114597,10,0.07337644
67,0.6488235114597,11,0.07338216
67,0.6488235114597,12,0.07337175
67,0.6488235114597,13,0.07327722
67,0.6488235114597,14,0.07336176
67,0.6488235114597,15,0.07342039
68,0.659199804681539,0,0.07357321
68,0.659199804681539,1,0.07365762
68,0.659199804681539,2,0.07372867
68,0.659199804681539,3,0.07344627
68,0.659199804681539,4,0.07367664
68,0.659199804681539,5,0.07354146
68,0.659199804681539,6,0.0735271
68,0.659199804681539,7,0.07353824
68,0.659199804681539,8,0.0733465
68,0.659199804681539,9,0.07355107
68,0.659199804681539,10,0.07357469
68,0.659199804681539,11,0.07354528
68,0.659199804681539,12,0.07351086
68,0.659199804681539,13,0.07337876
68,0.659199804681539,14,0.0732211
68,0.659199804681539,15,0.07345077
69,0.668965727713858,0,0.07348721
69,0.668965727713858,1,0.07339598
69,0.668965727713858,2,0.07354733
69,0.668965727713858,3,0.07366581
69,0.668965727713858,4,0.07326494
69,0.668965727713858,5,0.07347221
69,0.668965727713858,6,0.07347386
69,0.668965727713858,7,0.07333166
69,0.668965727713858,8,0.07334934
69,0.668965727713858,9,0.07349085
69,0.668965727713858,10,0.07328257
69,0.668965727713858,11,0.0735516
69,0.668965727713858,12,0.0734906
69,0.668965727713858,13,0.07358509
69,0.668965727713858,14,0.0732599
69,0.668965727713858,15,0.07318225
70,0.678731650746178,0,0.07325626
70,0.678731650746178,1,0.0730599
70,0.678731650746178,2,0.07353423
70,0.678731650746178,3,0.07337618
70,0.678731650746178,4,0.0732956
70,0.678731650746178,5,0.07341288
70,0.678731650746178,6,0.07345757
70,0.678731650746178,7,0.07334915
70,0.678731650746178,8,0.07331938
70,0.678731650746178,9,0.07312489
70,0.678731650746178,10,0.07324109
70,0.678731650746178,11,0.07330677
70,0.678731650746178,12,0.0730574
70,0.678731650746178,13,0.07318573
70,0.678731650746178,14,0.07340159
70,0.678731650746178,15,0.07345483
71,0.689107943968016,0,0.07333904
71,0.689107943968016,1,0.07329915
71,0.689107943968016,2,0.07344279
71,0.689107943968016,3,0.07350869
71,0.689107943968016,4,0.07373194
71,0.689107943968016,5,0.0737657
71,0.689107943968016,6,0.07364526
71,0.689107943968016,7,0.07355545
71,0.689107943968016,8,0.07357055
71,0.689107943968016,9,0.07357485
71,0.689107943968016,10,0.07336532
71,0.689107943968016,11,0.07338621
71,0.689107943968016,12,0.07326397
71,0.689107943968016,13,0.07334395
71,0.689107943968016,14,0.07359233
71,0.689107943968016,15,0.07334614
72,0.700094607379376,0,0.07363152
72,0.700094607379376,1,0.07336383
72,0.700094607379376,2,0.07341315
72,0.700094607379376,3,0.07346264
72,0.700094607379376,4,0.07359355
72,0.700094607379376,5,0.07361927
72,0.700094607379376,6,0.07344247
72,0.700094607379376,7,0.07367062
72,0.700094607379376,8,0.07365879
72,0.700094607379376,9,0.07361013
72,0.700094607379376,10,0.07327539
72,0.700094607379376,11,0.07326356
72,0.700094607379376,12,0.07333545
72,0.700094607379376,13,0.07366142
72,0.700094607379376,14,0.07341078
72,0.700094607379376,15,0.07350539
73,0.709250160222175,0,0.07333762
73,0.709250160222175,1,0.07332531
73,0.709250160222175,2,0.07350454
73,0.709250160222175,3,0.07341342
73,0.709250160222175,4,0.07362699
73,0.709250160222175,5,0.07322074
73,0.709250160222175,6,0.07353666
73,0.709250160222175,7,0.0735442
73,0.709250160222175,8,0.07365265
73,0.709250160222175,9,0.07359007
73,0.709250160222175,10,0.07343949
73,0.709250160222175,11,0.07367425
73,0.709250160222175,12,0.07328639
73,0.709250160222175,13,0.0734711
73,0.709250160222175,14,0.07330615
73,0.709250160222175,15,0.07339694
74,0.718405713064974,0,0.07348844
74,0.718405713064974,1,0.07313927
74,0.718405713064974,2,0.07338473
74,0.718405713064974,3,0.07345678
74,0.718405713064974,4,0.07340486
74,0.718405713064974,5,0.07325357
74,0.718405713064974,6,0.07329652
74,0.718405713064974,7,0.0736237
74,0.718405713064974,8,0.07350887
74,0.718405713064974,9,0.07358139
74,0.718405713064974,10,0.07330656
74,0.718405713064974,11,0.07311018
74,0.718405713064974,12,0.0732083
74,0.718405713064974,13,0.07317893
74,0.718405713064974,14,0.07332294
74,0.718405713064974,15,0.07357432
75,0.728782006286813,0,0.07366052
75,0.728782006286813,1,0.07360733
75,0.728782006286813,2,0.07357928
75,0.728782006286813,3,0.07360284
75,0.728782006286813,4,0.07338879
75,0.728782006286813,5,0.07375343
75,0.728782006286813,6,0.07357907
75,0.728782006286813,7,0.07367505
75,0.728782006286813,8,0.07375931
75,0.728782006286813,9,0.07344506
75,0.728782006286813,10,0.07351362
75,0.728782006286813,11,0.07360591
75,0.728782006286813,12,0.07385063
75,0.728782006286813,13,0.07362211
75,0.728782006286813,14,0.07344338
75,0.728782006286813,15,0.07390425
76,0.738547929319132,0,0.07374351
76,0.738547929319132,1,0.07324143
76,0.738547929319132,2,0.07355198
76,0.738547929319132,3,0.07376199
76,0.738547929319132,4,0.07344349
76,0.738547929319132,5,0.07346657
76,0.738547929319132,6,0.07347237
76,0.738547929319132,7,0.07368065
76,0.738547929319132,8,0.07374272
76,0.738547929319132,9,0.07371118
76,0.738547929319132,10,0.07388233
76,0.738547929319132,11,0.07382327
76,0.738547929319132,12,0.07381471
76,0.738547929319132,13,0.07355113
76,0.738547929319132,14,0.07356682
76,0.738547929319132,15,0.07349651
77,0.749534592730491,0,0.07388872
77,0.749534592730491,1,0.07349551
77,0.749534592730491,2,0.07349403
77,0.749534592730491,3,0.07358029
77,0.749534592730491,4,0.07344981
77,0.749534592730491,5,0.0734667
77,0.749534592730491,6,0.07364257
77,0.749534592730491,7,0.07351426
77,0.749534592730491,8,0.07378529
77,0.749534592730491,9,0.07358197
77,0.749534592730491,10,0.07374467
77,0.749534592730491,11,0.07397091
77,0.749534592730491,12,0.07377858
77,0.749534592730491,13,0.0742642
77,0.749534592730491,14,0.07365345
77,0.749534592730491,15,0.07369824
78,0.75930051576281,0,0.07386073
78,0.75930051576281,1,0.07348981
78,0.75930051576281,2,0.07352044
78,0.75930051576281,3,0.07378693
78,0.75930051576281,4,0.07399289
78,0.75930051576281,5,0.07359508
78,0.75930051576281,6,0.07362582
78,0.75930051576281,7,0.07379945
78,0.75930051576281,8,0.07376692
78,0.75930051576281,9,0.07402199
78,0.75930051576281,10,0.07371118
78,0.75930051576281,11,0.07366101
78,0.75930051576281,12,0.07373755
78,0.75930051576281,13,0.07376111
78,0.75930051576281,14,0.07364199
78,0.75930051576281,15,0.07396526
79,0.769066438795129,0,0.07384805
79,0.769066438795129,1,0.0738248
79,0.769066438795129,2,0.07394022
79,0.769066438795129,3,0.07397166
79,0.769066438795129,4,0.0741578
79,0.769066438795129,5,0.07425299
79,0.769066438795129,6,0.07372899
79,0.769066438795129,7,0.07389928
79,0.769066438795129,8,0.07399368
79,0.769066438795129,9,0.07395881
79,0.769066438795129,10,0.07382978
79,0.769066438795129,11,0.07389765
79,0.769066438795129,12,0.07388513
79,0.769066438795129,13,0.07395126
79,0.769066438795129,14,0.07409848
79,0.769066438795129,15,0.07429461
80,0.778832361827448,0,0.07382206
80,0.778832361827448,1,0.07399807
80,0.778832361827448,2,0.07385539
80,0.778832361827448,3,0.07383046
80,0.778832361827448,4,0.07390061
80,0.778832361827448,5,0.07415236
80,0.778832361827448,6,0.07394635
80,0.778832361827448,7,0.07423323
80,0.778832361827448,8,0.07409626
80,0.778832361827448,9,0.07395179
80,0.778832361827448,10,0.07375962
80,0.778832361827448,11,0.07384171
80,0.778832361827448,12,0.0738358
80,0.778832361827448,13,0.07422151
80,0.778832361827448,14,0.07422563
80,0.778832361827448,15,0.07407212
81,0.789208655049287,0,0.07430434
81,0.789208655049287,1,0.07403383
81,0.789208655049287,2,0.07393267
81,0.789208655049287,3,0.07378846
81,0.789208655049287,4,0.07388698
81,0.789208655049287,5,0.07404518
81,0.789208655049287,6,0.07417903
81,0.789208655049287,7,0.07393774
81,0.789208655049287,8,0.07383088
81,0.789208655049287,9,0.07341025
81,0.789208655049287,10,0.0737199
81,0.789208655049287,11,0.07391281
81,0.789208655049287,12,0.07392617
81,0.789208655049287,13,0.07361816
81,0.789208655049287,14,0.07412648
81,0.789208655049287,15,0.07412945
82,0.798364207892086,0,0.07405686
82,0.798364207892086,1,0.0742026
82,0.798364207892086,2,0.07422262
82,0.798364207892086,3,0.07429519
82,0.798364207892086,4,0.07415848
82,0.798364207892086,5,0.07411344
82,0.798364207892086,6,0.07428025
82,0.798364207892086,7,0.07428516
82,0.798364207892086,8,0.07412932
82,0.798364207892086,9,0.07384799
82,0.798364207892086,10,0.07388962
82,0.798364207892086,11,0.07381297
82,0.798364207892086,12,0.07430725
82,0.798364207892086,13,0.07421533
82,0.798364207892086,14,0.07423952
82,0.798364207892086,15,0.0741251
83,0.808740501113926,0,0.07397229
83,0.808740501113926,1,0.07382835
83,0.808740501113926,2,0.07391857
83,0.808740501113926,3,0.07391751
83,0.808740501113926,4,0.07371984
83,0.808740501113926,5,0.07354406
83,0.808740501113926,6,0.07378128
83,0.808740501113926,7,0.07374172
83,0.808740501113926,8,0.07416241
83,0.808740501113926,9,0.0737545
83,0.808740501113926,10,0.07375978
83,0.808740501113926,11,0.0738154
83,0.808740501113926,12,0.07368867
83,0.808740501113926,13,0.07395332
83,0.808740501113926,14,0.07365201
83,0.808740501113926,15,0.0738959
84,0.819116794335765,0,0.07386046
84,0.819116794335765,1,0.07402653
84,0.819116794335765,2,0.07388116
84,0.819116794335765,3,0.07392628
84,0.819116794335765,4,0.07404318
84,0.819116794335765,5,0.07398671
84,0.819116794335765,6,0.07400884
84,0.819116794335765,7,0.07386817
84,0.819116794335765,8,0.07377758
84,0.819116794335765,9,0.07377985
84,0.819116794335765,10,0.07410149
84,0.819116794335765,11,0.07389237
84,0.819116794335765,12,0.07379237
84,0.819116794335765,13,0.07358529
84,0.819116794335765,14,0.07363602
84,0.819116794335765,15,0.07378909
85,0.828882717368084,0,0.07348727
85,0.828882717368084,1,0.07353913
85,0.828882717368084,2,0.07365446
85,0.828882717368084,3,0.07372628
85,0.828882717368084,4,0.07363803
85,0.828882717368084,5,0.07341194
85,0.828882717368084,6,0.07344607
85,0.828882717368084,7,0.07353095
85,0.828882717368084,8,0.07360913
85,0.828882717368084,9,0.07350222
85,0.828882717368084,10,0.07352794
85,0.828882717368084,11,0.073952
85,0.828882717368084,12,0.07350016
85,0.828882717368084,13,0.07332004
85,0.828882717368084,14,0.07349301
85,0.828882717368084,15,0.07339985
86,0.838648640400403,0,0.0735992
86,0.838648640400403,1,0.07355705
86,0.838648640400403,2,0.07356724
86,0.838648640400403,3,0.07353079
86,0.838648640400403,4,0.07377541
86,0.838648640400403,5,0.07367452
86,0.838648640400403,6,0.07345124
86,0.838648640400403,7,0.07339033
86,0.838648640400403,8,0.07344706
86,0.838648640400403,9,0.07343677
86,0.838648640400403,10,0.07341527
86,0.838648640400403,11,0.07345109
86,0.838648640400403,12,0.07353253
86,0.838648640400403,13,0.07346139
86,0.838648640400403,14,0.07369205
86,0.838648640400403,15,0.073732
87,0.848414563432722,0,0.07372221
87,0.848414563432722,1,0.07359201
87,0.848414563432722,2,0.07369459
87,0.848414563432722,3,0.07378571
87,0.848414563432722,4,0.07382491
87,0.848414563432722,5,0.07360533
87,0.848414563432722,6,0.07379775
87,0.848414563432722,7,0.07375914
87,0.848414563432722,8,0.07326604
87,0.848414563432722,9,0.07334411
87,0.848414563432722,10,0.07350708
87,0.848414563432722,11,0.0734833
87,0.848414563432722,12,0.07355867
87,0.848414563432722,13,0.07363982
87,0.848414563432722,14,0.07384145
87,0.848414563432722,15,0.07347088
88,0.858790856654561,0,0.07364061
88,0.858790856654561,1,0.07348192
88,0.858790856654561,2,0.07359656
88,0.858790856654561,3,0.07351389
88,0.858790856654561,4,0.07373416
88,0.858790856654561,5,0.07350592
88,0.858790856654561,6,0.07372788
88,0.858790856654561,7,0.07359651
88,0.858790856654561,8,0.07382032
88,0.858790856654561,9,0.07377315
88,0.858790856654561,10,0.07360554
88,0.858790856654561,11,0.07342722
88,0.858790856654561,12,0.07383765
88,0.858790856654561,13,0.07352111
88,0.858790856654561,14,0.07360242
88,0.858790856654561,15,0.07350654
89,0.86855677968688,0,0.07360258
89,0.86855677968688,1,0.07332389
89,0.86855677968688,2,0.0735711
89,0.86855677968688,3,0.07360385
89,0.86855677968688,4,0.07370327
89,0.86855677968688,5,0.07358863
89,0.86855677968688,6,0.07346788
89,0.86855677968688,7,0.07346318
89,0.86855677968688,8,0.07352244
89,0.86855677968688,9,0.07352661
89,0.86855677968688,10,0.07376506
89,0.86855677968688,11,0.07381319
89,0.86855677968688,12,0.07373522
89,0.86855677968688,13,0.07380468
89,0.86855677968688,14,0.07368144
89,0.86855677968688,15,0.07368863
90,0.878933072908719,0,0.0735383
90,0.878933072908719,1,0.07377473
90,0.878933072908719,2,0.07355589
90,0.878933072908719,3,0.07356269
90,0.878933072908719,4,0.07388164
90,0.878933072908719,5,0.07367966
90,0.878933072908719,6,0.07351459
90,0.878933072908719,7,0.07352377
90,0.878933072908719,8,0.07357924
90,0.878933072908719,9,0.07359925
90,0.878933072908719,10,0.07379914
90,0.878933072908719,11,0.07377468
90,0.878933072908719,12,0.07386517
90,0.878933072908719,13,0.07371562
90,0.878933072908719,14,0.07370991
90,0.878933072908719,15,0.0738566
91,0.888698995941038,0,0.07376136
91,0.888698995941038,1,0.07373469
91,0.888698995941038,2,0.07354019
91,0.888698995941038,3,0.07401085
91,0.888698995941038,4,0.07405047
91,0.888698995941038,5,0.07368947
91,0.888698995941038,6,0.07365197
91,0.888698995941038,7,0.07387684
91,0.888698995941038,8,0.07363157
91,0.888698995941038,9,0.07373279
91,0.888698995941038,10,0.0739538
91,0.888698995941038,11,0.07385316
91,0.888698995941038,12,0.07363209
91,0.888698995941038,13,0.07379057
91,0.888698995941038,14,0.07368726
91,0.888698995941038,15,0.07363138
92,0.898464918973357,0,0.07369638
92,0.898464918973357,1,0.07385359
92,0.898464918973357,2,0.0734021
92,0.898464918973357,3,0.07364018
92,0.898464918973357,4,0.07361775
92,0.898464918973357,5,0.0735048
92,0.898464918973357,6,0.07383939
92,0.898464918973357,7,0.07382951
92,0.898464918973357,8,0.07373712
92,0.898464918973357,9,0.07371488
92,0.898464918973357,10,0.07393241
92,0.898464918973357,11,0.07404175
92,0.898464918973357,12,0.07374313
92,0.898464918973357,13,0.07358463
92,0.898464918973357,14,0.07387895
92,0.898464918973357,15,0.07375877
93,0.908841212195196,0,0.07386262
93,0.908841212195196,1,0.07405089
93,0.908841212195196,2,0.07376184
93,0.908841212195196,3,0.07397641
93,0.908841212195196,4,0.07380954
93,0.908841212195196,5,0.07360015
93,0.908841212195196,6,0.07426314
93,0.908841212195196,7,0.07390156
93,0.908841212195196,8,0.07408474
93,0.908841212195196,9,0.07409833
93,0.908841212195196,10,0.07423662
93,0.908841212195196,11,0.07418448
93,0.908841212195196,12,0.07420234
93,0.908841212195196,13,0.07406927
93,0.908841212195196,14,0.07400943
93,0.908841212195196,15,0.07414576
94,0.918607135227516,0,0.07404508
94,0.918607135227516,1,0.07405084
94,0.918607135227516,2,0.07424507
94,0.918607135227516,3,0.07400456
94,0.918607135227516,4,0.07418855
94,0.918607135227516,5,0.07378186
94,0.918607135227516,6,0.07406134
94,0.918607135227516,7,0.07382569
94,0.918607135227516,8,0.07391714
94,0.918607135227516,9,0.07407418
94,0.918607135227516,10,0.07421485
94,0.918607135227516,11,0.07407894
94,0.918607135227516,12,0.07436656
94,0.918607135227516,13,0.07450817
94,0.918607135227516,14,0.07434041
94,0.918607135227516,15,0.07410128
95,0.927762688070315,0,0.07423254
95,0.927762688070315,1,0.07421971
95,0.927762688070315,2,0.07404465
95,0.927762688070315,3,0.07414132
95,0.927762688070315,4,0.07428806
95,0.927762688070315,5,0.07423863
95,0.927762688070315,6,0.07436085
95,0.927762688070315,7,0.07405965
95,0.927762688070315,8,0.07437898
95,0.927762688070315,9,0.07415902
95,0.927762688070315,10,0.07439873
95,0.927762688070315,11,0.07424253
95,0.927762688070315,12,0.07423942
95,0.927762688070315,13,0.07429387
95,0.927762688070315,14,0.07412025
95,0.927762688070315,15,0.07401644
96,0.938749351481674,0,0.07412992
96,0.938749351481674,1,0.07419463
96,0.938749351481674,2,0.07428442
96,0.938749351481674,3,0.07443406
96,0.938749351481674,4,0.07425811
96,0.938749351481674,5,0.07435673
96,0.938749351481674,6,0.07439001
96,0.938749351481674,7,0.07435108
96,0.938749351481674,8,0.07397963
96,0.938749351481674,9,0.07410202
96,0.938749351481674,10,0.07426429
96,0.938749351481674,11,0.07410546
96,0.938749351481674,12,0.07427444
96,0.938749351481674,13,0.07444346
96,0.938749351481674,14,0.07441014
96,0.938749351481674,15,0.07470458
97,0.948515274513993,0,0.07404375
97,0.948515274513993,1,0.07442315
97,0.948515274513993,2,0.07440164
97,0.948515274513993,3,0.07441024
97,0.948515274513993,4,0.07432392
97,0.948515274513993,5,0.07445113
97,0.948515274513993,6,0.07450078
97,0.948515274513993,7,0.07445488
97,0.948515274513993,8,0.07410773
97,0.948515274513993,9,0.07436609
97,0.948515274513993,10,0.0743131
97,0.948515274513993,11,0.0743777
97,0.948515274513993,12,0.07421633
97,0.948515274513993,13,0.07425094
97,0.948515274513993,14,0.07429535
97,0.948515274513993,15,0.0741663
98,0.958891567735832,0,0.07418643
98,0.958891567735832,1,0.07420846
98,0.958891567735832,2,0.07414211
98,0.958891567735832,3,0.0740286
98,0.958891567735832,4,0.07426086
98,0.958891567735832,5,0.07436988
98,0.958891567735832,6,0.07433475
98,0.958891567735832,7,0.07417376
98,0.958891567735832,8,0.07431274
98,0.958891567735832,9,0.07423573
98,0.958891567735832,10,0.07404814
98,0.958891567735832,11,0.07424111
98,0.958891567735832,12,0.07414851
98,0.958891567735832,13,0.0739154
98,0.958891567735832,14,0.0742934
98,0.958891567735832,15,0.07417598
99,0.968657490768151,0,0.07439139
99,0.968657490768151,1,0.07414702
99,0.968657490768151,2,0.07415679
99,0.968657490768151,3,0.07424101
99,0.968657490768151,4,0.07447669
99,0.968657490768151,5,0.0743093
99,0.968657490768151,6,0.07409917
99,0.968657490768151,7,0.07422066
99,0.968657490768151,8,0.07445418
99,0.968657490768151,9,0.07421559
99,0.968657490768151,10,0.07442717
99,0.968657490768151,11,0.07438093
99,0.968657490768151,12,0.07423916
99,0.968657490768151,13,0.07438287
99,0.968657490768151,14,0.07431997
99,0.968657490768151,15,0.07432477
100,0.97842341380047,0,0.07429926
100,0.97842341380047,1,0.07410514
100,0.97842341380047,2,0.07430444
100,0.97842341380047,3,0.07448879
100,0.97842341380047,4,0.07397044
100,0.97842341380047,5,0.07444739
100,0.97842341380047,6,0.07442726
100,0.97842341380047,7,0.07456067
100,0.97842341380047,8,0.07445893
100,0.97842341380047,9,0.074269
100,0.97842341380047,10,0.07431585
100,0.97842341380047,11,0.07453955
100,0.97842341380047,12,0.07412912
100,0.97842341380047,13,0.07426118
100,0.97842341380047,14,0.07417291
100,0.97842341380047,15,0.07418162
101,0.988189336832789,0,0.07434918
101,0.988189336832789,1,0.07397567
101,0.988189336832789,2,0.07418569
101,0.988189336832789,3,0.0743093
101,0.988189336832789,4,0.07431425
101,0.988189336832789,5,0.07402125
101,0.988189336832789,6,0.07407477
101,0.988189336832789,7,0.07428463
101,0.988189336832789,8,0.07354257
101,0.988189336832789,9,0.07382597
101,0.988189336832789,10,0.07408554
101,0.988189336832789,11,0.07420175
101,0.988189336832789,12,0.07414011
101,0.988189336832789,13,0.07435812
101,0.988189336832789,14,0.07431247
101,0.988189336832789,15,0.07434024
102,0.998565630054628,0,0.07430017
102,0.998565630054628,1,0.07391202
102,0.998565630054628,2,0.07388122
102,0.998565630054628,3,0.07401834
102,0.998565630054628,4,0.07399939
102,0.998565630054628,5,0.07398671
102,0.998565630054628,6,0.07405934
102,0.998565630054628,7,0.07413461
102,0.998565630054628,8,0.07422204
102,0.998565630054628,9,0.07428167
102,0.998565630054628,10,0.07400118
102,0.998565630054628,11,0.07416778
102,0.998565630054628,12,0.07427982
102,0.998565630054628,13,0.07454266
102,0.998565630054628,14,0.0745311
102,0.998565630054628,15,0.07451875
103,1.00894192327647,0,0.07393537
103,1.00894192327647,1,0.07428463
103,1.00894192327647,2,0.07410075
103,1.00894192327647,3,0.07439135
103,1.00894192327647,4,0.07430434
103,1.00894192327647,5,0.07435436
103,1.00894192327647,6,0.07433139
103,1.00894192327647,7,0.07456248
103,1.00894192327647,8,0.07450607
103,1.00894192327647,9,0.0743121
103,1.00894192327647,10,0.07422198
103,1.00894192327647,11,0.07439835
103,1.00894192327647,12,0.07439487
103,1.00894192327647,13,0.07425859
103,1.00894192327647,14,0.0742109
103,1.00894192327647,15,0.07415612
104,1.01870784630879,0,0.07456826
104,1.01870784630879,1,0.07435567
104,1.01870784630879,2,0.07405231
104,1.01870784630879,3,0.07433517
104,1.01870784630879,4,0.07437707
104,1.01870784630879,5,0.07419859
104,1.01870784630879,6,0.07432535
104,1.01870784630879,7,0.07438134
104,1.01870784630879,8,0.07432584
104,1.01870784630879,9,0.07464763
104,1.01870784630879,10,0.07461851
104,1.01870784630879,11,0.07463347
104,1.01870784630879,12,0.07474867
104,1.01870784630879,13,0.07468644
104,1.01870784630879,14,0.07462903
104,1.01870784630879,15,0.07474503
105,1.02786339915159,0,0.07467532
105,1.02786339915159,1,0.07460409
105,1.02786339915159,2,0.07490711
105,1.02786339915159,3,0.07451705
105,1.02786339915159,4,0.07440026
105,1.02786339915159,5,0.07444587
105,1.02786339915159,6,0.07437157
105,1.02786339915159,7,0.07418764
105,1.02786339915159,8,0.07430688
105,1.02786339915159,9,0.0743141
105,1.02786339915159,10,0.07421032
105,1.02786339915159,11,0.07431454
105,1.02786339915159,12,0.07445356
105,1.02786339915159,13,0.07425293
105,1.02786339915159,14,0.07399574
105,1.02786339915159,15,0.07443089
106,1.03946043275246,0,0.07417149
106,1.03946043275246,1,0.07387092
106,1.03946043275246,2,0.07396399
106,1.03946043275246,3,0.07424618
106,1.03946043275246,4,0.07415041
106,1.03946043275246,5,0.07422811
106,1.03946043275246,6,0.07459044
106,1.03946043275246,7,0.07440978
106,1.03946043275246,8,0.07404999
106,1.03946043275246,9,0.0745332
106,1.03946043275246,10,0.07453447
106,1.03946043275246,11,0.07435937
106,1.03946043275246,12,0.07439065
106,1.03946043275246,13,0.07437988
106,1.03946043275246,14,0.07450092
106,1.03946043275246,15,0.07438828
107,1.04861598559526,0,0.07447543
107,1.04861598559526,1,0.07470205
107,1.04861598559526,2,0.07437903
107,1.04861598559526,3,0.07444089
107,1.04861598559526,4,0.07457268
107,1.04861598559526,5,0.07412399
107,1.04861598559526,6,0.074257
107,1.04861598559526,7,0.07442121
107,1.04861598559526,8,0.07429329
107,1.04861598559526,9,0.07426435
107,1.04861598559526,10,0.07444078
107,1.04861598559526,11,0.07412991
107,1.04861598559526,12,0.07433683
107,1.04861598559526,13,0.07424892
107,1.04861598559526,14,0.0741092
107,1.04861598559526,15,0.07417168
108,1.05777153843806,0,0.07438774
108,1.05777153843806,1,0.07441912
108,1.05777153843806,2,0.07451785
108,1.05777153843806,3,0.07427543
108,1.05777153843806,4,0.07436831
108,1.05777153843806,5,0.07468262
108,1.05777153843806,6,0.07419272
108,1.05777153843806,7,0.07443158
108,1.05777153843806,8,0.07431295
108,1.05777153843806,9,0.07435694
108,1.05777153843806,10,0.07430248
108,1.05777153843806,11,0.07415278
108,1.05777153843806,12,0.07453252
108,1.05777153843806,13,0.07430407
108,1.05777153843806,14,0.0742512
108,1.05777153843806,15,0.07450175
109,1.06936857203894,0,0.07463957
109,1.06936857203894,1,0.07442054
109,1.06936857203894,2,0.07434322
109,1.06936857203894,3,0.07456708
109,1.06936857203894,4,0.07471519
109,1.06936857203894,5,0.07469924
109,1.06936857203894,6,0.07446814
109,1.06936857203894,7,0.07427439
109,1.06936857203894,8,0.07450278
109,1.06936857203894,9,0.07426059
109,1.06936857203894,10,0.07443418
109,1.06936857203894,11,0.07454891
109,1.06936857203894,12,0.0740474
109,1.06936857203894,13,0.07432187
109,1.06936857203894,14,0.07439149
109,1.06936857203894,15,0.0744823
110,1.07852412488174,0,0.07455519
110,1.07852412488174,1,0.07408416
110,1.07852412488174,2,0.07429699
110,1.07852412488174,3,0.07429741
110,1.07852412488174,4,0.07434363
110,1.07852412488174,5,0.07427402
110,1.07852412488174,6,0.07433481
110,1.07852412488174,7,0.07427877
110,1.07852412488174,8,0.07432695
110,1.07852412488174,9,0.07439461
110,1.07852412488174,10,0.07439721
110,1.07852412488174,11,0.07438843
110,1.07852412488174,12,0.07431632
110,1.07852412488174,13,0.07434728
110,1.07852412488174,14,0.0742873
110,1.07852412488174,15,0.07466638
111,1.08890041810358,0,0.07462966
111,1.08890041810358,1,0.07468065
111,1.08890041810358,2,0.07441975
111,1.08890041810358,3,0.07457784
111,1.08890041810358,4,0.07442783
111,1.08890041810358,5,0.07460642
111,1.08890041810358,6,0.07431172
111,1.08890041810358,7,0.07417671
111,1.08890041810358,8,0.07443824
111,1.08890041810358,9,0.07417238
111,1.08890041810358,10,0.07428631
111,1.08890041810358,11,0.07439233
111,1.08890041810358,12,0.07429172
111,1.08890041810358,13,0.07431581
111,1.08890041810358,14,0.07446501
111,1.08890041810358,15,0.07471096
112,1.0986663411359,0,0.07416832
112,1.0986663411359,1,0.07449085
112,1.0986663411359,2,0.07416837
112,1.0986663411359,3,0.07452577
112,1.0986663411359,4,0.07445139
112,1.0986663411359,5,0.07421385
112,1.0986663411359,6,0.07444811
112,1.0986663411359,7,0.0748245
112,1.0986663411359,8,0.07408998
112,1.0986663411359,9,0.0742176
112,1.0986663411359,10,0.07408501
112,1.0986663411359,11,0.0743029
112,1.0986663411359,12,0.07465408
112,1.0986663411359,13,0.07450481
112,1.0986663411359,14,0.07461102
112,1.0986663411359,15,0.07434906
113,1.10904263435774,0,0.0744886
113,1.10904263435774,1,0.07444336
113,1.10904263435774,2,0.07421364
113,1.10904263435774,3,0.07435357
113,1.10904263435774,4,0.07461662
113,1.10904263435774,5,0.07443059
113,1.10904263435774,6,0.07449751
113,1.10904263435774,7,0.07425579
113,1.10904263435774,8,0.07408248
113,1.10904263435774,9,0.07420572
113,1.10904263435774,10,0.07437585
113,1.10904263435774,11,0.07408559
113,1.10904263435774,12,0.07428256
113,1.10904263435774,13,0.07431733
113,1.10904263435774,14,0.07424744
113,1.10904263435774,15,0.07430469
114,1.11880855739006,0,0.07421152
114,1.11880855739006,1,0.07419652
114,1.11880855739006,2,0.07423265
114,1.11880855739006,3,0.07434443
114,1.11880855739006,4,0.07414977
114,1.11880855739006,5,0.07436022
114,1.11880855739006,6,0.07414581
114,1.11880855739006,7,0.07414999
114,1.11880855739006,8,0.07441644
114,1.11880855739006,9,0.07430381
114,1.11880855739006,10,0.07399347
114,1.11880855739006,11,0.07433654
114,1.11880855739006,12,0.07432831
114,1.11880855739006,13,0.07446545
114,1.11880855739006,14,0.07439139
114,1.11880855739006,15,0.07434733
115,1.1291848506119,0,0.07446165
115,1.1291848506119,1,0.07457976
115,1.1291848506119,2,0.07460325
115,1.1291848506119,3,0.07424998
115,1.1291848506119,4,0.07440296
115,1.1291848506119,5,0.07441241
115,1.1291848506119,6,0.07434902
115,1.1291848506119,7,0.07432218
115,1.1291848506119,8,0.07438479
115,1.1291848506119,9,0.07436846
115,1.1291848506119,10,0.07473548
115,1.1291848506119,11,0.07470442
115,1.1291848506119,12,0.07432363
115,1.1291848506119,13,0.07444964
115,1.1291848506119,14,0.0749514
115,1.1291848506119,15,0.07465175
116,1.1383404034547,0,0.07501867
116,1.1383404034547,1,0.07502756
116,1.1383404034547,2,0.074771
116,1.1383404034547,3,0.07484562
116,1.1383404034547,4,0.07495982
116,1.1383404034547,5,0.07471317
116,1.1383404034547,6,0.07466951
116,1.1383404034547,7,0.07456348
116,1.1383404034547,8,0.07470228
116,1.1383404034547,9,0.07482955
116,1.1383404034547,10,0.07479919
116,1.1383404034547,11,0.07477056
116,1.1383404034547,12,0.07471482
116,1.1383404034547,13,0.07487557
116,1.1383404034547,14,0.07465973
116,1.1383404034547,15,0.07438152
117,1.14932706686605,0,0.07486243
117,1.14932706686605,1,0.0748053
117,1.14932706686605,2,0.07485125
117,1.14932706686605,3,0.07485193
117,1.14932706686605,4,0.07477788
117,1.14932706686605,5,0.07476652
117,1.14932706686605,6,0.07474978
117,1.14932706686605,7,0.07490711
117,1.14932706686605,8,0.07477199
117,1.14932706686605,9,0.07497486
117,1.14932706686605,10,0.07483622
117,1.14932706686605,11,0.07493362
117,1.14932706686605,12,0.07514645
117,1.14932706686605,13,0.07499406
117,1.14932706686605,14,0.0748883
117,1.14932706686605,15,0.07478775
118,1.15909298989837,0,0.0748004
118,1.15909298989837,1,0.07468978
118,1.15909298989837,2,0.07468778
118,1.15909298989837,3,0.07477107
118,1.15909298989837,4,0.0748902
118,1.15909298989837,5,0.07465845
118,1.15909298989837,6,0.07477456
118,1.15909298989837,7,0.07505198
118,1.15909298989837,8,0.0750556
118,1.15909298989837,9,0.07485851
118,1.15909298989837,10,0.07500841
118,1.15909298989837,11,0.07474732
118,1.15909298989837,12,0.07479675
118,1.15909298989837,13,0.07480431
118,1.15909298989837,14,0.07503352
118,1.15909298989837,15,0.0747977
119,1.17007965330973,0,0.07479833
119,1.17007965330973,1,0.07465655
119,1.17007965330973,2,0.07463708
119,1.17007965330973,3,0.07472813
119,1.17007965330973,4,0.07480156
119,1.17007965330973,5,0.07478365
119,1.17007965330973,6,0.07463785
119,1.17007965330973,7,0.07476526
119,1.17007965330973,8,0.07483388
119,1.17007965330973,9,0.07462618
119,1.17007965330973,10,0.07487997
119,1.17007965330973,11,0.07463099
119,1.17007965330973,12,0.07454609
119,1.17007965330973,13,0.07452465
119,1.17007965330973,14,0.07487989
119,1.17007965330973,15,0.07469366
120,1.17923520615253,0,0.07489678
120,1.17923520615253,1,0.07486431
120,1.17923520615253,2,0.07463237
120,1.17923520615253,3,0.0744077
120,1.17923520615253,4,0.07437315
120,1.17923520615253,5,0.07438958
120,1.17923520615253,6,0.07430496
120,1.17923520615253,7,0.07435578
120,1.17923520615253,8,0.07459401
120,1.17923520615253,9,0.07456538
120,1.17923520615253,10,0.07455276
120,1.17923520615253,11,0.07474899
120,1.17923520615253,12,0.07471317
120,1.17923520615253,13,0.07453745
120,1.17923520615253,14,0.07466267
120,1.17923520615253,15,0.07467943
121,1.18900112918485,0,0.07487357
121,1.18900112918485,1,0.07486473
121,1.18900112918485,2,0.07483457
121,1.18900112918485,3,0.07488672
121,1.18900112918485,4,0.07482141
121,1.18900112918485,5,0.07476786
121,1.18900112918485,6,0.07478607
121,1.18900112918485,7,0.07485209
121,1.18900112918485,8,0.0746761
121,1.18900112918485,9,0.07487983
121,1.18900112918485,10,0.07489653
121,1.18900112918485,11,0.07496191
121,1.18900112918485,12,0.07496551
121,1.18900112918485,13,0.0745367
121,1.18900112918485,14,0.07450145
121,1.18900112918485,15,0.07434431
122,1.19998779259621,0,0.07504049
122,1.19998779259621,1,0.07491608
122,1.19998779259621,2,0.07488245
122,1.19998779259621,3,0.07513708
122,1.19998779259621,4,0.07496372
122,1.19998779259621,5,0.07506741
122,1.19998779259621,6,0.07519853
122,1.19998779259621,7,0.07501476
122,1.19998779259621,8,0.07510157
122,1.19998779259621,9,0.07513404
122,1.19998779259621,10,0.07484705
122,1.19998779259621,11,0.0746744
122,1.19998779259621,12,0.07480586
122,1.19998779259621,13,0.07494298
122,1.19998779259621,14,0.07498664
122,1.19998779259621,15,0.07492918
123,1.20914334543901,0,0.07510102
123,1.20914334543901,1,0.07485093
123,1.20914334543901,2,0.07510532
123,1.20914334543901,3,0.0751102
123,1.20914334543901,4,0.07507564
123,1.20914334543901,5,0.07507496
123,1.20914334543901,6,0.07479911
123,1.20914334543901,7,0.07502928
123,1.20914334543901,8,0.07475835
123,1.20914334543901,9,0.07515707
123,1.20914334543901,10,0.07494783
123,1.20914334543901,11,0.07503349
123,1.20914334543901,12,0.07490312
123,1.20914334543901,13,0.07500929
123,1.20914334543901,14,0.07486873
123,1.20914334543901,15,0.07539216
124,1.21951963866085,0,0.0751855
124,1.21951963866085,1,0.07517471
124,1.21951963866085,2,0.07542447
124,1.21951963866085,3,0.0749888
124,1.21951963866085,4,0.0750104
124,1.21951963866085,5,0.07514523
124,1.21951963866085,6,0.07514104
124,1.21951963866085,7,0.07498354
124,1.21951963866085,8,0.07557116
124,1.21951963866085,9,0.07538491
124,1.21951963866085,10,0.07528839
124,1.21951963866085,11,0.07530595
124,1.21951963866085,12,0.07523328
124,1.21951963866085,13,0.07523353
124,1.21951963866085,14,0.07529787
124,1.21951963866085,15,0.0751745
125,1.22989593188269,0,0.0750165
125,1.22989593188269,1,0.07507733
125,1.22989593188269,2,0.07504196
125,1.22989593188269,3,0.07509267
125,1.22989593188269,4,0.07531266
125,1.22989593188269,5,0.07510085
125,1.22989593188269,6,0.07529982
125,1.22989593188269,7,0.07517874
125,1.22989593188269,8,0.07547679
125,1.22989593188269,9,0.07540163
125,1.22989593188269,10,0.07517238
125,1.22989593188269,11,0.07516021
125,1.22989593188269,12,0.07547139
125,1.22989593188269,13,0.07528862
125,1.22989593188269,14,0.0751064
125,1.22989593188269,15,0.07520111
126,1.23966185491501,0,0.07522316
126,1.23966185491501,1,0.07535067
126,1.23966185491501,2,0.07532388
126,1.23966185491501,3,0.0751776
126,1.23966185491501,4,0.07551103
126,1.23966185491501,5,0.0753696
126,1.23966185491501,6,0.07526077
126,1.23966185491501,7,0.07536127
126,1.23966185491501,8,0.07500886
126,1.23966185491501,9,0.07543477
126,1.23966185491501,10,0.07538053
126,1.23966185491501,11,0.07517336
126,1.23966185491501,12,0.07541393
126,1.23966185491501,13,0.0753101
126,1.23966185491501,14,0.07542287
126,1.23966185491501,15,0.07496217
127,1.24942777794732,0,0.0753592
127,1.24942777794732,1,0.07535978
127,1.24942777794732,2,0.07547951
127,1.24942777794732,3,0.07523359
127,1.24942777794732,4,0.07520209
127,1.24942777794732,5,0.07519599
127,1.24942777794732,6,0.07508283
127,1.24942777794732,7,0.07487265
127,1.24942777794732,8,0.07533678
127,1.24942777794732,9,0.07529293
127,1.24942777794732,10,0.07511464
127,1.24942777794732,11,0.07510929
127,1.24942777794732,12,0.07552381
127,1.24942777794732,13,0.07521
127,1.24942777794732,14,0.07531045
127,1.24942777794732,15,0.07516704
128,1.25980407116916,0,0.07538518
128,1.25980407116916,1,0.07514199
128,1.25980407116916,2,0.07505799
128,1.25980407116916,3,0.07506872
128,1.25980407116916,4,0.07500105
128,1.25980407116916,5,0.07485669
128,1.25980407116916,6,0.07506222
128,1.25980407116916,7,0.0750448
128,1.25980407116916,8,0.07525409
128,1.25980407116916,9,0.07509367
128,1.25980407116916,10,0.07510699
128,1.25980407116916,11,0.07492988
128,1.25980407116916,12,0.07502124
128,1.25980407116916,13,0.07490809
128,1.25980407116916,14,0.07510129
128,1.25980407116916,15,0.07497105
129,1.26895962401196,0,0.07464328
129,1.26895962401196,1,0.0747379
129,1.26895962401196,2,0.0749202
129,1.26895962401196,3,0.07503023
129,1.26895962401196,4,0.07509249
129,1.26895962401196,5,0.07481592
129,1.26895962401196,6,0.07502493
129,1.26895962401196,7,0.0747445
129,1.26895962401196,8,0.07494212
129,1.26895962401196,9,0.07500567
129,1.26895962401196,10,0.07514694
129,1.26895962401196,11,0.07463491
129,1.26895962401196,12,0.07479098
129,1.26895962401196,13,0.07465868
129,1.26895962401196,14,0.07465703
129,1.26895962401196,15,0.07507257
130,1.2793359172338,0,0.07475094
130,1.2793359172338,1,0.07466318
130,1.2793359172338,2,0.07512225
130,1.2793359172338,3,0.07513119
130,1.2793359172338,4,0.07484853
130,1.2793359172338,5,0.07478017
130,1.2793359172338,6,0.07485972
130,1.2793359172338,7,0.07478516
130,1.2793359172338,8,0.0748571
130,1.2793359172338,9,0.07476732
130,1.2793359172338,10,0.07498687
130,1.2793359172338,11,0.07477836
130,1.2793359172338,12,0.07516139
130,1.2793359172338,13,0.07478373
130,1.2793359172338,14,0.07499603
130,1.2793359172338,15,0.07482065
131,1.28971221045564,0,0.07499845
131,1.28971221045564,1,0.07483091
131,1.28971221045564,2,0.0749194
131,1.28971221045564,3,0.07478683
131,1.28971221045564,4,0.07495537
131,1.28971221045564,5,0.07469137
131,1.28971221045564,6,0.07472067
131,1.28971221045564,7,0.07498426
131,1.28971221045564,8,0.07486568
131,1.28971221045564,9,0.07502615
131,1.28971221045564,10,0.07484288
131,1.28971221045564,11,0.07484914
131,1.28971221045564,12,0.07488085
131,1.28971221045564,13,0.07484434
131,1.28971221045564,14,0.07473661
131,1.28971221045564,15,0.07495937
132,1.30008850367748,0,0.0746338
132,1.30008850367748,1,0.07520183
132,1.30008850367748,2,0.07491916
132,1.30008850367748,3,0.07533259
132,1.30008850367748,4,0.07482126
132,1.30008850367748,5,0.07488253
132,1.30008850367748,6,0.07505225
132,1.30008850367748,7,0.07491512
132,1.30008850367748,8,0.07501248
132,1.30008850367748,9,0.07490357
132,1.30008850367748,10,0.07517063
132,1.30008850367748,11,0.07530268
132,1.30008850367748,12,0.07533588
132,1.30008850367748,13,0.07545937
132,1.30008850367748,14,0.07531574
132,1.30008850367748,15,0.07543784
133,1.30924405652028,0,0.07542107
133,1.30924405652028,1,0.07506137
133,1.30924405652028,2,0.07498965
133,1.30924405652028,3,0.07498522
133,1.30924405652028,4,0.07513374
133,1.30924405652028,5,0.07507549
133,1.30924405652028,6,0.07526273
133,1.30924405652028,7,0.07523774
133,1.30924405652028,8,0.07517281
133,1.30924405652028,9,0.07516461
133,1.30924405652028,10,0.07496377
133,1.30924405652028,11,0.07501373
133,1.30924405652028,12,0.0753161
133,1.30924405652028,13,0.07520941
133,1.30924405652028,14,0.07525907
133,1.30924405652028,15,0.07503314
134,1.31962034974212,0,0.07509181
134,1.31962034974212,1,0.07500598
134,1.31962034974212,2,0.07486209
134,1.31962034974212,3,0.07486464
134,1.31962034974212,4,0.07506984
134,1.31962034974212,5,0.07490596
134,1.31962034974212,6,0.0749287
134,1.31962034974212,7,0.07495676
134,1.31962034974212,8,0.07517243
134,1.31962034974212,9,0.07474399
134,1.31962034974212,10,0.07491617
134,1.31962034974212,11,0.07476275
134,1.31962034974212,12,0.07493003
134,1.31962034974212,13,0.07494871
134,1.31962034974212,14,0.07527792
134,1.31962034974212,15,0.07450483
135,1.32938627277444,0,0.07482626
135,1.32938627277444,1,0.07510293
135,1.32938627277444,2,0.07528678
135,1.32938627277444,3,0.07493568
135,1.32938627277444,4,0.07465237
135,1.32938627277444,5,0.07473718
135,1.32938627277444,6,0.07481561
135,1.32938627277444,7,0.07479478
135,1.32938627277444,8,0.07479112
135,1.32938627277444,9,0.07480823
135,1.32938627277444,10,0.07499187
135,1.32938627277444,11,0.07468837
135,1.32938627277444,12,0.07465767
135,1.32938627277444,13,0.07475282
135,1.32938627277444,14,0.07503209
135,1.32938627277444,15,0.07477413
136,1.33915219580676,0,0.07504118
136,1.33915219580676,1,0.07495266
136,1.33915219580676,2,0.07507788
136,1.33915219580676,3,0.07498801
136,1.33915219580676,4,0.07508645
136,1.33915219580676,5,0.07500906
136,1.33915219580676,6,0.07522305
136,1.33915219580676,7,0.07505728
136,1.33915219580676,8,0.07497164
136,1.33915219580676,9,0.07531198
136,1.33915219580676,10,0.07507336
136,1.33915219580676,11,0.07497409
136,1.33915219580676,12,0.07474293
136,1.33915219580676,13,0.07499707
136,1.33915219580676,14,0.07493669
136,1.33915219580676,15,0.07492704
137,1.35013885921812,0,0.0748765
137,1.35013885921812,1,0.07485048
137,1.35013885921812,2,0.0750804
137,1.35013885921812,3,0.07465819
137,1.35013885921812,4,0.0747508
137,1.35013885921812,5,0.0747677
137,1.35013885921812,6,0.07480858
137,1.35013885921812,7,0.07487798
137,1.35013885921812,8,0.07469644
137,1.35013885921812,9,0.07479575
137,1.35013885921812,10,0.07482163
137,1.35013885921812,11,0.07505261
137,1.35013885921812,12,0.07507092
137,1.35013885921812,13,0.07487948
137,1.35013885921812,14,0.07491497
137,1.35013885921812,15,0.07478444
138,1.35990478225043,0,0.0746518
138,1.35990478225043,1,0.07496413
138,1.35990478225043,2,0.07492512
138,1.35990478225043,3,0.07487907
138,1.35990478225043,4,0.07486019
138,1.35990478225043,5,0.07501232
138,1.35990478225043,6,0.07503431
138,1.35990478225043,7,0.07503029
138,1.35990478225043,8,0.07461273
138,1.35990478225043,9,0.07461458
138,1.35990478225043,10,0.07465381
138,1.35990478225043,11,0.07476976
138,1.35990478225043,12,0.07450256
138,1.35990478225043,13,0.07471558
138,1.35990478225043,14,0.07479354
138,1.35990478225043,15,0.07452941
139,1.37028107547227,0,0.07498669
139,1.37028107547227,1,0.07454357
139,1.37028107547227,2,0.07483839
139,1.37028107547227,3,0.07448525
139,1.37028107547227,4,0.07461119
139,1.37028107547227,5,0.07487304
139,1.37028107547227,6,0.07453258
139,1.37028107547227,7,0.07468134
139,1.37028107547227,8,0.07471254
139,1.37028107547227,9,0.07458651
139,1.37028107547227,10,0.07494794
139,1.37028107547227,11,0.07465286
139,1.37028107547227,12,0.07489865
139,1.37028107547227,13,0.0747583
139,1.37028107547227,14,0.07463664
139,1.37028107547227,15,0.07494767
140,1.38065736869411,0,0.07462189
140,1.38065736869411,1,0.07488529
140,1.38065736869411,2,0.07463899
140,1.38065736869411,3,0.07487103
140,1.38065736869411,4,0.07482226
140,1.38065736869411,5,0.07492402
140,1.38065736869411,6,0.07519602
140,1.38065736869411,7,0.07500539
140,1.38065736869411,8,0.07517356
140,1.38065736869411,9,0.07508574
140,1.38065736869411,10,0.07490341
140,1.38065736869411,11,0.07493166
140,1.38065736869411,12,0.07488977
140,1.38065736869411,13,0.07511719
140,1.38065736869411,14,0.07517236
140,1.38065736869411,15,0.07485733
141,1.39042329172643,0,0.07465629
141,1.39042329172643,1,0.07475607
141,1.39042329172643,2,0.07493977
141,1.39042329172643,3,0.07471334
141,1.39042329172643,4,0.07476667
141,1.39042329172643,5,0.07494157
141,1.39042329172643,6,0.07497535
141,1.39042329172643,7,0.07492682
141,1.39042329172643,8,0.0751766
141,1.39042329172643,9,0.07501385
141,1.39042329172643,10,0.0747429
141,1.39042329172643,11,0.07478186
141,1.39042329172643,12,0.07472877
141,1.39042329172643,13,0.07488804
141,1.39042329172643,14,0.07454215
141,1.39042329172643,15,0.07469115
142,1.39957884456923,0,0.07500008
142,1.39957884456923,1,0.0748517
142,1.39957884456923,2,0.07499984
142,1.39957884456923,3,0.07504693
142,1.39957884456923,4,0.07485928
142,1.39957884456923,5,0.07493361
142,1.39957884456923,6,0.07503503
142,1.39957884456923,7,0.07513791
142,1.39957884456923,8,0.07514627
142,1.39957884456923,9,0.07503692
142,1.39957884456923,10,0.07493274
142,1.39957884456923,11,0.07508213
142,1.39957884456923,12,0.07486849
142,1.39957884456923,13,0.07470816
142,1.39957884456923,14,0.07495432
142,1.39957884456923,15,0.07504234
143,1.41117587817011,0,0.0751939
143,1.41117587817011,1,0.07496013
143,1.41117587817011,2,0.07521319
143,1.41117587817011,3,0.07521801
143,1.41117587817011,4,0.07493446
143,1.41117587817011,5,0.07494172
143,1.41117587817011,6,0.07496155
143,1.41117587817011,7,0.07504307
143,1.41117587817011,8,0.07538226
143,1.41117587817011,9,0.07518511
143,1.41117587817011,10,0.07480109
143,1.41117587817011,11,0.07479083
143,1.41117587817011,12,0.07505947
143,1.41117587817011,13,0.07496923
143,1.41117587817011,14,0.07522734
143,1.41117587817011,15,0.07494148
144,1.41972106082339,0,0.07452602
144,1.41972106082339,1,0.07488063
144,1.41972106082339,2,0.07470999
144,1.41972106082339,3,0.07481681
144,1.41972106082339,4,0.07507562
144,1.41972106082339,5,0.07500087
144,1.41972106082339,6,0.07485776
144,1.41972106082339,7,0.07469036
144,1.41972106082339,8,0.07504439
144,1.41972106082339,9,0.07509018
144,1.41972106082339,10,0.07480166
144,1.41972106082339,11,0.07478485
144,1.41972106082339,12,0.07464383
144,1.41972106082339,13,0.07512753
144,1.41972106082339,14,0.07476321
144,1.41972106082339,15,0.07434361
145,1.43009735404523,0,0.07495257
145,1.43009735404523,1,0.0749593
145,1.43009735404523,2,0.07490889
145,1.43009735404523,3,0.0747537
145,1.43009735404523,4,0.0748163
145,1.43009735404523,5,0.0748359
145,1.43009735404523,6,0.07481688
145,1.43009735404523,7,0.07497714
145,1.43009735404523,8,0.07490255
145,1.43009735404523,9,0.07495578
145,1.43009735404523,10,0.07485075
145,1.43009735404523,11,0.07483879
145,1.43009735404523,12,0.07475054
145,1.43009735404523,13,0.07450711
145,1.43009735404523,14,0.07474758
145,1.43009735404523,15,0.07450783
146,1.43986327707755,0,0.07461819
146,1.43986327707755,1,0.07457254
146,1.43986327707755,2,0.07463247
146,1.43986327707755,3,0.07494386
146,1.43986327707755,4,0.07459618
146,1.43986327707755,5,0.074894
146,1.43986327707755,6,0.0748402
146,1.43986327707755,7,0.07499371
146,1.43986327707755,8,0.07467646
146,1.43986327707755,9,0.07474182
146,1.43986327707755,10,0.07488976
146,1.43986327707755,11,0.07487202
146,1.43986327707755,12,0.07502768
146,1.43986327707755,13,0.0748606
146,1.43986327707755,14,0.07501247
146,1.43986327707755,15,0.07500771
147,1.44962920010987,0,0.07505733
147,1.44962920010987,1,0.0751096
147,1.44962920010987,2,0.07508841
147,1.44962920010987,3,0.07514441
147,1.44962920010987,4,0.07512335
147,1.44962920010987,5,0.07493753
147,1.44962920010987,6,0.07501705
147,1.44962920010987,7,0.0745169
147,1.44962920010987,8,0.07479892
147,1.44962920010987,9,0.07450353
147,1.44962920010987,10,0.0747061
147,1.44962920010987,11,0.07482136
147,1.44962920010987,12,0.0749401
147,1.44962920010987,13,0.07496875
147,1.44962920010987,14,0.0751002
147,1.44962920010987,15,0.07477655
148,1.45939512314219,0,0.07472939
148,1.45939512314219,1,0.07465052
148,1.45939512314219,2,0.07472692
148,1.45939512314219,3,0.07455292
148,1.45939512314219,4,0.07462072
148,1.45939512314219,5,0.07479232
148,1.45939512314219,6,0.0751888
148,1.45939512314219,7,0.07490879
148,1.45939512314219,8,0.07497218
148,1.45939512314219,9,0.07514172
148,1.45939512314219,10,0.07509547
148,1.45939512314219,11,0.07484988
148,1.45939512314219,12,0.07493722
148,1.45939512314219,13,0.07492346
148,1.45939512314219,14,0.07487839
148,1.45939512314219,15,0.07469997
149,1.46977141636402,0,0.07476082
149,1.46977141636402,1,0.07500343
149,1.46977141636402,2,0.07500415
149,1.46977141636402,3,0.07473284
149,1.46977141636402,4,0.07480219
149,1.46977141636402,5,0.07435879
149,1.46977141636402,6,0.07495394
149,1.46977141636402,7,0.07497869
149,1.46977141636402,8,0.07462057
149,1.46977141636402,9,0.07480404
149,1.46977141636402,10,0.07482364
149,1.46977141636402,11,0.07477407
149,1.46977141636402,12,0.07511655
149,1.46977141636402,13,0.07496384
149,1.46977141636402,14,0.075087
149,1.46977141636402,15,0.07492384
150,1.48014770958586,0,0.07493694
150,1.48014770958586,1,0.07507484
150,1.48014770958586,2,0.07499947
150,1.48014770958586,3,0.07477271
150,1.48014770958586,4,0.07530642
150,1.48014770958586,5,0.07481229
150,1.48014770958586,6,0.07524187
150,1.48014770958586,7,0.07531852
150,1.48014770958586,8,0.0746861
150,1.48014770958586,9,0.07528678
150,1.48014770958586,10,0.07482823
150,1.48014770958586,11,0.07480263
150,1.48014770958586,12,0.07475733
150,1.48014770958586,13,0.07512584
150,1.48014770958586,14,0.07475372
150,1.48014770958586,15,0.07487673
151,1.48991363261818,0,0.07489705
151,1.48991363261818,1,0.07477772
151,1.48991363261818,2,0.07508253
151,1.48991363261818,3,0.07507678
151,1.48991363261818,4,0.07484534
151,1.48991363261818,5,0.07476088
151,1.48991363261818,6,0.07506061
151,1.48991363261818,7,0.07517072
151,1.48991363261818,8,0.07520766
151,1.48991363261818,9,0.07500099
151,1.48991363261818,10,0.074777
151,1.48991363261818,11,0.07480799
151,1.48991363261818,12,0.07480805
151,1.48991363261818,13,0.07491709
151,1.48991363261818,14,0.07497284
151,1.48991363261818,15,0.07503656
152,1.4996795556505,0,0.07453369
152,1.4996795556505,1,0.07485185
152,1.4996795556505,2,0.07491376
152,1.4996795556505,3,0.07461651
152,1.4996795556505,4,0.0747202
152,1.4996795556505,5,0.07482919
152,1.4996795556505,6,0.07459206
152,1.4996795556505,7,0.07482191
152,1.4996795556505,8,0.07462191
152,1.4996795556505,9,0.07499357
152,1.4996795556505,10,0.07501506
152,1.4996795556505,11,0.07506358
152,1.4996795556505,12,0.0748997
152,1.4996795556505,13,0.07483916
152,1.4996795556505,14,0.07469827
152,1.4996795556505,15,0.07456885
153,1.51005584887234,0,0.07487094
153,1.51005584887234,1,0.07499436
153,1.51005584887234,2,0.07468984
153,1.51005584887234,3,0.07481484
153,1.51005584887234,4,0.07498394
153,1.51005584887234,5,0.07522907
153,1.51005584887234,6,0.07505057
153,1.51005584887234,7,0.07492365
153,1.51005584887234,8,0.07507157
153,1.51005584887234,9,0.07509858
153,1.51005584887234,10,0.07492091
153,1.51005584887234,11,0.07495327
153,1.51005584887234,12,0.07494588
153,1.51005584887234,13,0.07503503
153,1.51005584887234,14,0.0749613
153,1.51005584887234,15,0.07503206
154,1.51982177190466,0,0.07493974
154,1.51982177190466,1,0.07498216
154,1.51982177190466,2,0.07502701
154,1.51982177190466,3,0.07482865
154,1.51982177190466,4,0.07465063
154,1.51982177190466,5,0.07470543
154,1.51982177190466,6,0.07489184
154,1.51982177190466,7,0.07465589
154,1.51982177190466,8,0.0747479
154,1.51982177190466,9,0.07495602
154,1.51982177190466,10,0.074977
154,1.51982177190466,11,0.07519156
154,1.51982177190466,12,0.07493254
154,1.51982177190466,13,0.07508925
154,1.51982177190466,14,0.07487857
154,1.51982177190466,15,0.07509065
155,1.52897732474746,0,0.07495896
155,1.52897732474746,1,0.07462191
155,1.52897732474746,2,0.07469238
155,1.52897732474746,3,0.07461483
155,1.52897732474746,4,0.07459883
155,1.52897732474746,5,0.07432531
155,1.52897732474746,6,0.07452545
155,1.52897732474746,7,0.07489305
155,1.52897732474746,8,0.07473493
155,1.52897732474746,9,0.07477826
155,1.52897732474746,10,0.07489215
155,1.52897732474746,11,0.07457052
155,1.52897732474746,12,0.07473881
155,1.52897732474746,13,0.07480087
155,1.52897732474746,14,0.07506567
155,1.52897732474746,15,0.07475187
156,1.53996398815882,0,0.07456201
156,1.53996398815882,1,0.0745279
156,1.53996398815882,2,0.0746104
156,1.53996398815882,3,0.07459232
156,1.53996398815882,4,0.07459711
156,1.53996398815882,5,0.07456243
156,1.53996398815882,6,0.074963
156,1.53996398815882,7,0.07476131
156,1.53996398815882,8,0.07477357
156,1.53996398815882,9,0.07458999
156,1.53996398815882,10,0.07487726
156,1.53996398815882,11,0.07463145
156,1.53996398815882,12,0.0748386
156,1.53996398815882,13,0.0745535
156,1.53996398815882,14,0.07452767
156,1.53996398815882,15,0.07458235
157,1.54911954100162,0,0.07455613
157,1.54911954100162,1,0.07443603
157,1.54911954100162,2,0.07467517
157,1.54911954100162,3,0.07453977
157,1.54911954100162,4,0.07486695
157,1.54911954100162,5,0.07483664
157,1.54911954100162,6,0.07450844
157,1.54911954100162,7,0.07454731
157,1.54911954100162,8,0.07462259
157,1.54911954100162,9,0.07472264
157,1.54911954100162,10,0.07475232
157,1.54911954100162,11,0.07482289
157,1.54911954100162,12,0.07452486
157,1.54911954100162,13,0.07484086
157,1.54911954100162,14,0.07464537
157,1.54911954100162,15,0.07467632
158,1.55949583422346,0,0.07478967
158,1.55949583422346,1,0.07467632
158,1.55949583422346,2,0.07487413
158,1.55949583422346,3,0.07475582
158,1.55949583422346,4,0.07486109
158,1.55949583422346,5,0.07460596
158,1.55949583422346,6,0.07457307
158,1.55949583422346,7,0.07460643
158,1.55949583422346,8,0.0747681
158,1.55949583422346,9,0.07462349
158,1.55949583422346,10,0.07478798
158,1.55949583422346,11,0.07490579
158,1.55949583422346,12,0.0747196
158,1.55949583422346,13,0.07474846
158,1.55949583422346,14,0.07525864
158,1.55949583422346,15,0.074913
159,1.5698721274453,0,0.07489204
159,1.5698721274453,1,0.07518201
159,1.5698721274453,2,0.07515614
159,1.5698721274453,3,0.07505893
159,1.5698721274453,4,0.0748734
159,1.5698721274453,5,0.07481791
159,1.5698721274453,6,0.07491348
159,1.5698721274453,7,0.07494345
159,1.5698721274453,8,0.07483689
159,1.5698721274453,9,0.07459106
159,1.5698721274453,10,0.07489516
159,1.5698721274453,11,0.07498178
159,1.5698721274453,12,0.07493272
159,1.5698721274453,13,0.07480119
159,1.5698721274453,14,0.07479373
159,1.5698721274453,15,0.07514982
160,1.57963805047761,0,0.07489186
160,1.57963805047761,1,0.0750731
160,1.57963805047761,2,0.07508646
160,1.57963805047761,3,0.07508659
160,1.57963805047761,4,0.07491538
160,1.57963805047761,5,0.07481354
160,1.57963805047761,6,0.07508377
160,1.57963805047761,7,0.07486959
160,1.57963805047761,8,0.07495271
160,1.57963805047761,9,0.07500832
160,1.57963805047761,10,0.07508883
160,1.57963805047761,11,0.07508153
160,1.57963805047761,12,0.07525618
160,1.57963805047761,13,0.07522536
160,1.57963805047761,14,0.07538225
160,1.57963805047761,15,0.07531717
161,1.58940397350993,0,0.07503214
161,1.58940397350993,1,0.07512605
161,1.58940397350993,2,0.07496575
161,1.58940397350993,3,0.0748559
161,1.58940397350993,4,0.07497451
161,1.58940397350993,5,0.07486917
161,1.58940397350993,6,0.07517043
161,1.58940397350993,7,0.07525287
161,1.58940397350993,8,0.07503539
161,1.58940397350993,9,0.07536429
161,1.58940397350993,10,0.07511743
161,1.58940397350993,11,0.07488384
161,1.58940397350993,12,0.07487648
161,1.58940397350993,13,0.07469364
161,1.58940397350993,14,0.0748434
161,1.58940397350993,15,0.0748364
162,1.59978026673177,0,0.07475269
162,1.59978026673177,1,0.07487376
162,1.59978026673177,2,0.0750021
162,1.59978026673177,3,0.07468513
162,1.59978026673177,4,0.07497456
162,1.59978026673177,5,0.07493666
162,1.59978026673177,6,0.07498427
162,1.59978026673177,7,0.0748237
162,1.59978026673177,8,0.07458824
162,1.59978026673177,9,0.07458506
162,1.59978026673177,10,0.07471783
162,1.59978026673177,11,0.07471839
162,1.59978026673177,12,0.07470425
162,1.59978026673177,13,0.07483824
162,1.59978026673177,14,0.07486226
162,1.59978026673177,15,0.07492466
163,1.61015655995361,0,0.07520715
163,1.61015655995361,1,0.07488821
163,1.61015655995361,2,0.0747143
163,1.61015655995361,3,0.07478709
163,1.61015655995361,4,0.07481305
163,1.61015655995361,5,0.07509429
163,1.61015655995361,6,0.07498199
163,1.61015655995361,7,0.07513441
163,1.61015655995361,8,0.07485534
163,1.61015655995361,9,0.07476952
163,1.61015655995361,10,0.07509849
163,1.61015655995361,11,0.07513496
163,1.61015655995361,12,0.07497799
163,1.61015655995361,13,0.0749211
163,1.61015655995361,14,0.07480208
163,1.61015655995361,15,0.07503702
164,1.61992248298593,0,0.07519676
164,1.61992248298593,1,0.07501888
164,1.61992248298593,2,0.07512888
164,1.61992248298593,3,0.07530042
164,1.61992248298593,4,0.0747536
164,1.61992248298593,5,0.07488043
164,1.61992248298593,6,0.07473675
164,1.61992248298593,7,0.07485178
164,1.61992248298593,8,0.07486505
164,1.61992248298593,9,0.07499205
164,1.61992248298593,10,0.07497011
164,1.61992248298593,11,0.07510412
164,1.61992248298593,12,0.07494537
164,1.61992248298593,13,0.07516903
164,1.61992248298593,14,0.07461952
164,1.61992248298593,15,0.07501552
165,1.62968840601825,0,0.07522027
165,1.62968840601825,1,0.07515993
165,1.62968840601825,2,0.07500756
165,1.62968840601825,3,0.07488228
165,1.62968840601825,4,0.07489736
165,1.62968840601825,5,0.07506143
165,1.62968840601825,6,0.07511818
165,1.62968840601825,7,0.07510967
165,1.62968840601825,8,0.07501891
165,1.62968840601825,9,0.07480466
165,1.62968840601825,10,0.07496057
165,1.62968840601825,11,0.0750177
165,1.62968840601825,12,0.07515024
165,1.62968840601825,13,0.07488592
165,1.62968840601825,14,0.07498822
165,1.62968840601825,15,0.07523244
166,1.64006469924009,0,0.07524224
166,1.64006469924009,1,0.07521702
166,1.64006469924009,2,0.07528993
166,1.64006469924009,3,0.0752159
166,1.64006469924009,4,0.07537532
166,1.64006469924009,5,0.07508653
166,1.64006469924009,6,0.07510567
166,1.64006469924009,7,0.07508712
166,1.64006469924009,8,0.07494222
166,1.64006469924009,9,0.07502574
166,1.64006469924009,10,0.07517043
166,1.64006469924009,11,0.07505251
166,1.64006469924009,12,0.07525461
166,1.64006469924009,13,0.07495145
166,1.64006469924009,14,0.07515663
166,1.64006469924009,15,0.07522355
167,1.65044099246193,0,0.07486679
167,1.65044099246193,1,0.07486996
167,1.65044099246193,2,0.07491775
167,1.65044099246193,3,0.07494357
167,1.65044099246193,4,0.07498272
167,1.65044099246193,5,0.07521798
167,1.65044099246193,6,0.07503548
167,1.65044099246193,7,0.07499544
167,1.65044099246193,8,0.0750729
167,1.65044099246193,9,0.07483973
167,1.65044099246193,10,0.07485002
167,1.65044099246193,11,0.07514705
167,1.65044099246193,12,0.07478672
167,1.65044099246193,13,0.07519002
167,1.65044099246193,14,0.07508074
167,1.65044099246193,15,0.07516164
168,1.66020691549425,0,0.07499384
168,1.66020691549425,1,0.07495922
168,1.66020691549425,2,0.07515898
168,1.66020691549425,3,0.07529269
168,1.66020691549425,4,0.07499298
168,1.66020691549425,5,0.07509428
168,1.66020691549425,6,0.07479541
168,1.66020691549425,7,0.07512829
168,1.66020691549425,8,0.07515787
168,1.66020691549425,9,0.07511924
168,1.66020691549425,10,0.07523613
168,1.66020691549425,11,0.07498753
168,1.66020691549425,12,0.07529965
168,1.66020691549425,13,0.07524579
168,1.66020691549425,14,0.07485346
168,1.66020691549425,15,0.07532255
169,1.67058320871609,0,0.07506626
169,1.67058320871609,1,0.07503103
169,1.67058320871609,2,0.07511109
169,1.67058320871609,3,0.07532502
169,1.67058320871609,4,0.07497519
169,1.67058320871609,5,0.07496884
169,1.67058320871609,6,0.07537062
169,1.67058320871609,7,0.07536814
169,1.67058320871609,8,0.07538825
169,1.67058320871609,9,0.0754734
169,1.67058320871609,10,0.07529954
169,1.67058320871609,11,0.07530244
169,1.67058320871609,12,0.07533827
169,1.67058320871609,13,0.07524481
169,1.67058320871609,14,0.07555822
169,1.67058320871609,15,0.07537919
170,1.67973876155889,0,0.07508622
170,1.67973876155889,1,0.07506826
170,1.67973876155889,2,0.07508184
170,1.67973876155889,3,0.0751433
170,1.67973876155889,4,0.07490714
170,1.67973876155889,5,0.07485819
170,1.67973876155889,6,0.07513387
170,1.67973876155889,7,0.07527384
170,1.67973876155889,8,0.07536729
170,1.67973876155889,9,0.07527083
170,1.67973876155889,10,0.075014
170,1.67973876155889,11,0.0750427
170,1.67973876155889,12,0.07509881
170,1.67973876155889,13,0.07499971
170,1.67973876155889,14,0.07501856
170,1.67973876155889,15,0.07539005
171,1.69072542497024,0,0.0749532
171,1.69072542497024,1,0.07497366
171,1.69072542497024,2,0.07502324
171,1.69072542497024,3,0.07475824
171,1.69072542497024,4,0.07473245
171,1.69072542497024,5,0.07531719
171,1.69072542497024,6,0.07520607
171,1.69072542497024,7,0.07506924
171,1.69072542497024,8,0.07499602
171,1.69072542497024,9,0.07471708
171,1.69072542497024,10,0.07468809
171,1.69072542497024,11,0.0749219
171,1.69072542497024,12,0.07504811
171,1.69072542497024,13,0.07525271
171,1.69072542497024,14,0.07509916
171,1.69072542497024,15,0.07485244
172,1.69988097781304,0,0.07471278
172,1.69988097781304,1,0.07494149
172,1.69988097781304,2,0.07474604
172,1.69988097781304,3,0.07475212
172,1.69988097781304,4,0.07492039
172,1.69988097781304,5,0.07491887
172,1.69988097781304,6,0.07484942
172,1.69988097781304,7,0.07481399
172,1.69988097781304,8,0.07475634
172,1.69988097781304,9,0.074802
172,1.69988097781304,10,0.07505506
172,1.69988097781304,11,0.07494572
172,1.69988097781304,12,0.0750051
172,1.69988097781304,13,0.07508478
172,1.69988097781304,14,0.07480779
172,1.69988097781304,15,0.07512059
173,1.70964690084536,0,0.07514645
173,1.70964690084536,1,0.07529038
173,1.70964690084536,2,0.07509774
173,1.70964690084536,3,0.07524819
173,1.70964690084536,4,0.07516873
173,1.70964690084536,5,0.07538736
173,1.70964690084536,6,0.07530587
173,1.70964690084536,7,0.07524945
173,1.70964690084536,8,0.07498688
173,1.70964690084536,9,0.07534004
173,1.70964690084536,10,0.07544179
173,1.70964690084536,11,0.07545871
173,1.70964690084536,12,0.07581431
173,1.70964690084536,13,0.07559253
173,1.70964690084536,14,0.07557432
173,1.70964690084536,15,0.07531855
174,1.7200231940672,0,0.07555485
174,1.7200231940672,1,0.07558481
174,1.7200231940672,2,0.07564656
174,1.7200231940672,3,0.07580495
174,1.7200231940672,4,0.07558648
174,1.7200231940672,5,0.07577904
174,1.7200231940672,6,0.07567775
174,1.7200231940672,7,0.07567769
174,1.7200231940672,8,0.07549669
174,1.7200231940672,9,0.0754713
174,1.7200231940672,10,0.0755293
174,1.7200231940672,11,0.07574766
174,1.7200231940672,12,0.0756702
174,1.7200231940672,13,0.07579169
174,1.7200231940672,14,0.07561341
174,1.7200231940672,15,0.07589626
175,1.73039948728904,0,0.07567198
175,1.73039948728904,1,0.07548044
175,1.73039948728904,2,0.07562101
175,1.73039948728904,3,0.07554542
175,1.73039948728904,4,0.0755293
175,1.73039948728904,5,0.07578783
175,1.73039948728904,6,0.0755982
175,1.73039948728904,7,0.07564811
175,1.73039948728904,8,0.07578105
175,1.73039948728904,9,0.07572409
175,1.73039948728904,10,0.07562128
175,1.73039948728904,11,0.07538112
175,1.73039948728904,12,0.07533421
175,1.73039948728904,13,0.07547361
175,1.73039948728904,14,0.07562801
175,1.73039948728904,15,0.07548378
176,1.73894466994232,0,0.07574324
176,1.73894466994232,1,0.07548451
176,1.73894466994232,2,0.07542092
176,1.73894466994232,3,0.07538918
176,1.73894466994232,4,0.07554036
176,1.73894466994232,5,0.07578439
176,1.73894466994232,6,0.07539672
176,1.73894466994232,7,0.07530834
176,1.73894466994232,8,0.07542639
176,1.73894466994232,9,0.07541123
176,1.73894466994232,10,0.07561678
176,1.73894466994232,11,0.0757453
176,1.73894466994232,12,0.07569121
176,1.73894466994232,13,0.07559495
176,1.73894466994232,14,0.0756117
176,1.73894466994232,15,0.07557058
177,1.74993133335368,0,0.07525572
177,1.74993133335368,1,0.07553405
177,1.74993133335368,2,0.07540015
177,1.74993133335368,3,0.0754357
177,1.74993133335368,4,0.07543917
177,1.74993133335368,5,0.07544752
177,1.74993133335368,6,0.07559109
177,1.74993133335368,7,0.07548623
177,1.74993133335368,8,0.0756958
177,1.74993133335368,9,0.07561941
177,1.74993133335368,10,0.07541725
177,1.74993133335368,11,0.07561392
177,1.74993133335368,12,0.07547753
177,1.74993133335368,13,0.07534243
177,1.74993133335368,14,0.07545297
177,1.74993133335368,15,0.07542067
178,1.759697256386,0,0.07524016
178,1.759697256386,1,0.07547998
178,1.759697256386,2,0.0750455
178,1.759697256386,3,0.07547756
178,1.759697256386,4,0.07515652
178,1.759697256386,5,0.07534695
178,1.759697256386,6,0.07523321
178,1.759697256386,7,0.07521541
178,1.759697256386,8,0.07542359
178,1.759697256386,9,0.07532769
178,1.759697256386,10,0.07487416
178,1.759697256386,11,0.07534008
178,1.759697256386,12,0.07511007
178,1.759697256386,13,0.07524823
178,1.759697256386,14,0.07534078
178,1.759697256386,15,0.07525637
179,1.77007354960784,0,0.0750704
179,1.77007354960784,1,0.07505604
179,1.77007354960784,2,0.0751717
179,1.77007354960784,3,0.07509566
179,1.77007354960784,4,0.07506699
179,1.77007354960784,5,0.07512692
179,1.77007354960784,6,0.07497216
179,1.77007354960784,7,0.07520396
179,1.77007354960784,8,0.07516594
179,1.77007354960784,9,0.07517163
179,1.77007354960784,10,0.0750726
179,1.77007354960784,11,0.07512862
179,1.77007354960784,12,0.0751949
179,1.77007354960784,13,0.07519509
179,1.77007354960784,14,0.07518412
179,1.77007354960784,15,0.07529228
180,1.77922910245064,0,0.07509462
180,1.77922910245064,1,0.07514951
180,1.77922910245064,2,0.07524407
180,1.77922910245064,3,0.0752532
180,1.77922910245064,4,0.07508845
180,1.77922910245064,5,0.07514919
180,1.77922910245064,6,0.07506453
180,1.77922910245064,7,0.0749018
180,1.77922910245064,8,0.07497559
180,1.77922910245064,9,0.07500479
180,1.77922910245064,10,0.07516498
180,1.77922910245064,11,0.07505992
180,1.77922910245064,12,0.07511872
180,1.77922910245064,13,0.07500619
180,1.77922910245064,14,0.07488634
180,1.77922910245064,15,0.07509186
181,1.78960539567248,0,0.07515673
181,1.78960539567248,1,0.0750765
181,1.78960539567248,2,0.07537908
181,1.78960539567248,3,0.07520805
181,1.78960539567248,4,0.07500323
181,1.78960539567248,5,0.0753927
181,1.78960539567248,6,0.07534648
181,1.78960539567248,7,0.07534488
181,1.78960539567248,8,0.07531189
181,1.78960539567248,9,0.07528629
181,1.78960539567248,10,0.07522106
181,1.78960539567248,11,0.07535663
181,1.78960539567248,12,0.07512118
181,1.78960539567248,13,0.07536297
181,1.78960539567248,14,0.07512767
181,1.78960539567248,15,0.07516284
182,1.80059205908383,0,0.07552087
182,1.80059205908383,1,0.07527605
182,1.80059205908383,2,0.07518441
182,1.80059205908383,3,0.07528576
182,1.80059205908383,4,0.07553034
182,1.80059205908383,5,0.07519968
182,1.80059205908383,6,0.07533296
182,1.80059205908383,7,0.07518438
182,1.80059205908383,8,0.07545575
182,1.80059205908383,9,0.07512303
182,1.80059205908383,10,0.07559585
182,1.80059205908383,11,0.07509719
182,1.80059205908383,12,0.07527483
182,1.80059205908383,13,0.07529893
182,1.80059205908383,14,0.07498197
182,1.80059205908383,15,0.07513138
183,1.80974761192663,0,0.07507179
183,1.80974761192663,1,0.0750207
183,1.80974761192663,2,0.07502027
183,1.80974761192663,3,0.07544575
183,1.80974761192663,4,0.07525533
183,1.80974761192663,5,0.07528843
183,1.80974761192663,6,0.07535397
183,1.80974761192663,7,0.07552821
183,1.80974761192663,8,0.0754163
183,1.80974761192663,9,0.07525432
183,1.80974761192663,10,0.07544634
183,1.80974761192663,11,0.07518086
183,1.80974761192663,12,0.07501855
183,1.80974761192663,13,0.07533268
183,1.80974761192663,14,0.07538739
183,1.80974761192663,15,0.07533375
184,1.82073427533799,0,0.07521757
184,1.82073427533799,1,0.07539227
184,1.82073427533799,2,0.07543603
184,1.82073427533799,3,0.07535834
184,1.82073427533799,4,0.07553471
184,1.82073427533799,5,0.07544249
184,1.82073427533799,6,0.07547385
184,1.82073427533799,7,0.07541114
184,1.82073427533799,8,0.07544449
184,1.82073427533799,9,0.07559419
184,1.82073427533799,10,0.07535844
184,1.82073427533799,11,0.07569493
184,1.82073427533799,12,0.07555564
184,1.82073427533799,13,0.07543515
184,1.82073427533799,14,0.07539863
184,1.82073427533799,15,0.07547306
185,1.82988982818079,0,0.07564722
185,1.82988982818079,1,0.07558866
185,1.82988982818079,2,0.07554933
185,1.82988982818079,3,0.07564021
185,1.82988982818079,4,0.07554448
185,1.82988982818079,5,0.075647
185,1.82988982818079,6,0.07546912
185,1.82988982818079,7,0.07570185
185,1.82988982818079,8,0.07544094
185,1.82988982818079,9,0.07552718
185,1.82988982818079,10,0.07569045
185,1.82988982818079,11,0.07568914
185,1.82988982818079,12,0.07553003
185,1.82988982818079,13,0.07560378
185,1.82988982818079,14,0.07558178
185,1.82988982818079,15,0.07571527
186,1.83965575121311,0,0.07568625
186,1.83965575121311,1,0.07544108
186,1.83965575121311,2,0.075506
186,1.83965575121311,3,0.07535345
186,1.83965575121311,4,0.0755505
186,1.83965575121311,5,0.075526
186,1.83965575121311,6,0.07521103
186,1.83965575121311,7,0.07531361
186,1.83965575121311,8,0.07544789
186,1.83965575121311,9,0.07522882
186,1.83965575121311,10,0.07493544
186,1.83965575121311,11,0.0749599
186,1.83965575121311,12,0.0752431
186,1.83965575121311,13,0.07510703
186,1.83965575121311,14,0.07538658
186,1.83965575121311,15,0.07535928
187,1.85064241462447,0,0.07549166
187,1.85064241462447,1,0.07539107
187,1.85064241462447,2,0.07515346
187,1.85064241462447,3,0.07520129
187,1.85064241462447,4,0.07515313
187,1.85064241462447,5,0.07543711
187,1.85064241462447,6,0.075156
187,1.85064241462447,7,0.07520439
187,1.85064241462447,8,0.07540195
187,1.85064241462447,9,0.07531483
187,1.85064241462447,10,0.07517628
187,1.85064241462447,11,0.07507765
187,1.85064241462447,12,0.07555859
187,1.85064241462447,13,0.07537463
187,1.85064241462447,14,0.07531928
187,1.85064241462447,15,0.07552688
188,1.85979796746727,0,0.07549274
188,1.85979796746727,1,0.07538731
188,1.85979796746727,2,0.0755666
188,1.85979796746727,3,0.07561789
188,1.85979796746727,4,0.07536647
188,1.85979796746727,5,0.07549344
188,1.85979796746727,6,0.07557986
188,1.85979796746727,7,0.07551801
188,1.85979796746727,8,0.07535505
188,1.85979796746727,9,0.07540736
188,1.85979796746727,10,0.0754362
188,1.85979796746727,11,0.07539764
188,1.85979796746727,12,0.07530522
188,1.85979796746727,13,0.07518346
188,1.85979796746727,14,0.07524916
188,1.85979796746727,15,0.07513659
189,1.86895352031007,0,0.07535505
189,1.86895352031007,1,0.07539334
189,1.86895352031007,2,0.07544822
189,1.86895352031007,3,0.07544001
189,1.86895352031007,4,0.07550302
189,1.86895352031007,5,0.07525206
189,1.86895352031007,6,0.07548923
189,1.86895352031007,7,0.07568949
189,1.86895352031007,8,0.07541838
189,1.86895352031007,9,0.07547157
189,1.86895352031007,10,0.07566119
189,1.86895352031007,11,0.07562537
189,1.86895352031007,12,0.07555199
189,1.86895352031007,13,0.07560083
189,1.86895352031007,14,0.07519434
189,1.86895352031007,15,0.07550401
190,1.87994018372143,0,0.07529477
190,1.87994018372143,1,0.07545655
190,1.87994018372143,2,0.07540947
190,1.87994018372143,3,0.0752544
190,1.87994018372143,4,0.07537911
190,1.87994018372143,5,0.07533922
190,1.87994018372143,6,0.07523824
190,1.87994018372143,7,0.07524744
190,1.87994018372143,8,0.07512408
190,1.87994018372143,9,0.07524125
190,1.87994018372143,10,0.07508764
190,1.87994018372143,11,0.07504014
190,1.87994018372143,12,0.07534284
190,1.87994018372143,13,0.07506599
190,1.87994018372143,14,0.07492282
190,1.87994018372143,15,0.0753732
191,1.88970610675375,0,0.07538902
191,1.88970610675375,1,0.07549247
191,1.88970610675375,2,0.07532212
191,1.88970610675375,3,0.0755429
191,1.88970610675375,4,0.07532471
191,1.88970610675375,5,0.07534982
191,1.88970610675375,6,0.07544444
191,1.88970610675375,7,0.07517663
191,1.88970610675375,8,0.07504138
191,1.88970610675375,9,0.07518534
191,1.88970610675375,10,0.07544176
191,1.88970610675375,11,0.07541906
191,1.88970610675375,12,0.07569408
191,1.88970610675375,13,0.07523513
191,1.88970610675375,14,0.07563927
191,1.88970610675375,15,0.07548609
192,1.90008239997558,0,0.07536999
192,1.90008239997558,1,0.07561266
192,1.90008239997558,2,0.07566507
192,1.90008239997558,3,0.07536784
192,1.90008239997558,4,0.07534149
192,1.90008239997558,5,0.07562239
192,1.90008239997558,6,0.07563797
192,1.90008239997558,7,0.07538284
192,1.90008239997558,8,0.07535291
192,1.90008239997558,9,0.07513376
192,1.90008239997558,10,0.07532588
192,1.90008239997558,11,0.0756263
192,1.90008239997558,12,0.07511588
192,1.90008239997558,13,0.07515303
192,1.90008239997558,14,0.07524665
192,1.90008239997558,15,0.07511887
193,1.9098483230079,0,0.07531427
193,1.9098483230079,1,0.07551786
193,1.9098483230079,2,0.07518086
193,1.9098483230079,3,0.07523092
193,1.9098483230079,4,0.07535515
193,1.9098483230079,5,0.07555043
193,1.9098483230079,6,0.07532956
193,1.9098483230079,7,0.07526813
193,1.9098483230079,8,0.07517754
193,1.9098483230079,9,0.07535104
193,1.9098483230079,10,0.07501435
193,1.9098483230079,11,0.07517238
193,1.9098483230079,12,0.07507756
193,1.9098483230079,13,0.07528194
193,1.9098483230079,14,0.07535037
193,1.9098483230079,15,0.07535131
194,1.91961424604022,0,0.07549462
194,1.91961424604022,1,0.07503042
194,1.91961424604022,2,0.0752487
194,1.91961424604022,3,0.07540374
194,1.91961424604022,4,0.07537614
194,1.91961424604022,5,0.07518443
194,1.91961424604022,6,0.07515817
194,1.91961424604022,7,0.07538462
194,1.91961424604022,8,0.07533472
194,1.91961424604022,9,0.07525516
194,1.91961424604022,10,0.07517888
194,1.91961424604022,11,0.07529724
194,1.91961424604022,12,0.07549727
194,1.91961424604022,13,0.07543223
194,1.91961424604022,14,0.07539281
194,1.91961424604022,15,0.07550079
195,1.92999053926206,0,0.0754125
195,1.92999053926206,1,0.07512846
195,1.92999053926206,2,0.07514548
195,1.92999053926206,3,0.07504164
195,1.92999053926206,4,0.07488703
195,1.92999053926206,5,0.07487296
195,1.92999053926206,6,0.07511447
195,1.92999053926206,7,0.07500191
195,1.92999053926206,8,0.07482987
195,1.92999053926206,9,0.07542286
195,1.92999053926206,10,0.0751036
195,1.92999053926206,11,0.07532958
195,1.92999053926206,12,0.07516261
195,1.92999053926206,13,0.07501104
195,1.92999053926206,14,0.07537193
195,1.92999053926206,15,0.07511187
196,1.9403668324839,0,0.07531257
196,1.9403668324839,1,0.07546798
196,1.9403668324839,2,0.07548061
196,1.9403668324839,3,0.07527211
196,1.9403668324839,4,0.07524224
196,1.9403668324839,5,0.07519986
196,1.9403668324839,6,0.07564727
196,1.9403668324839,7,0.07551368
196,1.9403668324839,8,0.07538537
196,1.9403668324839,9,0.07545734
196,1.9403668324839,10,0.07530601
196,1.9403668324839,11,0.07546661
196,1.9403668324839,12,0.07559505
196,1.9403668324839,13,0.07557504
196,1.9403668324839,14,0.07532906
196,1.9403668324839,15,0.07542443
197,1.95013275551622,0,0.07477139
197,1.95013275551622,1,0.07503116
197,1.95013275551622,2,0.07494323
197,1.95013275551622,3,0.07519705
197,1.95013275551622,4,0.07501554
197,1.95013275551622,5,0.07504281
197,1.95013275551622,6,0.07511865
197,1.95013275551622,7,0.07492355
197,1.95013275551622,8,0.07516545
197,1.95013275551622,9,0.07489821
197,1.95013275551622,10,0.07485341
197,1.95013275551622,11,0.07525836
197,1.95013275551622,12,0.07499151
197,1.95013275551622,13,0.0750024
197,1.95013275551622,14,0.07532451
197,1.95013275551622,15,0.07502241
198,1.95928830835902,0,0.07500639
198,1.95928830835902,1,0.07534342
198,1.95928830835902,2,0.07492658
198,1.95928830835902,3,0.07493852
198,1.95928830835902,4,0.07501294
198,1.95928830835902,5,0.07498779
198,1.95928830835902,6,0.07512905
198,1.95928830835902,7,0.07515607
198,1.95928830835902,8,0.0750825
198,1.95928830835902,9,0.07500672
198,1.95928830835902,10,0.07497338
198,1.95928830835902,11,0.07527804
198,1.95928830835902,12,0.07512461
198,1.95928830835902,13,0.07525457
198,1.95928830835902,14,0.07518013
198,1.95928830835902,15,0.0750689
199,1.96966460158086,0,0.07533913
199,1.96966460158086,1,0.07520943
199,1.96966460158086,2,0.07505956
199,1.96966460158086,3,0.07521056
199,1.96966460158086,4,0.07523505
199,1.96966460158086,5,0.07522059
199,1.96966460158086,6,0.0752837
199,1.96966460158086,7,0.07517803
199,1.96966460158086,8,0.07531478
199,1.96966460158086,9,0.07521228
199,1.96966460158086,10,0.07509711
199,1.96966460158086,11,0.07510623
199,1.96966460158086,12,0.07525118
199,1.96966460158086,13,0.07505933
199,1.96966460158086,14,0.07514111
199,1.96966460158086,15,0.075278
200,1.9800408948027,0,0.07527369
200,1.9800408948027,1,0.07529361
200,1.9800408948027,2,0.07518156
200,1.9800408948027,3,0.07530336
200,1.9800408948027,4,0.07529551
200,1.9800408948027,5,0.07518573
200,1.9800408948027,6,0.07523941
200,1.9800408948027,7,0.07559332
200,1.9800408948027,8,0.0754509
200,1.9800408948027,9,0.07581232
200,1.9800408948027,10,0.07541668
200,1.9800408948027,11,0.07527475
200,1.9800408948027,12,0.07553277
200,1.9800408948027,13,0.07526407
200,1.9800408948027,14,0.07538906
200,1.9800408948027,15,0.07541052
