position,voltage_mean,voltage_std,n_samples
8.0001220740379,0.01824332625,0.00019779527780874252,16
9.00051881466109,0.016749889375,0.00027524135986595335,16
9.9984740745262,0.01510476,0.00024573364820980445,16
10.9970397045808,0.01281552625,0.00023935137308659328,16
11.9956053346355,0.012122166875,0.00026504823062790717,16
12.9746391186254,0.01805901,0.0002168978849309053,16
13.9744254890591,0.018595759375,0.0002298048929654444,16
14.9424726096377,0.018316735625,0.00019070919625731046,16
