pos_index,position,sample_index,voltage
0,1.49174474318674,0,0.06253907
0,1.49174474318674,1,0.06246462
0,1.49174474318674,2,0.06230601
0,1.49174474318674,3,0.06256153
0,1.49174474318674,4,0.06264286
0,1.49174474318674,5,0.06278652
0,1.49174474318674,6,0.06268214
0,1.49174474318674,7,0.06253169
0,1.49174474318674,8,0.06238995
0,1.49174474318674,9,0.06285859
0,1.49174474318674,10,0.06243628
0,1.49174474318674,11,0.06262059
1,1.49235511337626,0,0.06250308
1,1.49235511337626,1,0.06257101
1,1.49235511337626,2,0.06269961
1,1.49235511337626,3,0.06262146
1,1.49235511337626,4,0.06257092
1,1.49235511337626,5,0.06267193
1,1.49235511337626,6,0.06252366
1,1.49235511337626,7,0.06262264
1,1.49235511337626,8,0.06274419
1,1.49235511337626,9,0.06261171
1,1.49235511337626,10,0.06272155
1,1.49235511337626,11,0.06286389
1,1.49235511337626,12,0.06273565
1,1.49235511337626,13,0.0628711
1,1.49235511337626,14,0.0629814
1,1.49235511337626,15,0.06260514
2,1.5027314065981,0,0.06301704
2,1.5027314065981,1,0.06244403
2,1.5027314065981,2,0.06249569
2,1.5027314065981,3,0.06254975
2,1.5027314065981,4,0.06273329
2,1.5027314065981,5,0.06273146
2,1.5027314065981,6,0.06283492
2,1.5027314065981,7,0.06286672
2,1.5027314065981,8,0.06305407
2,1.5027314065981,9,0.06281707
2,1.5027314065981,10,0.06278867
2,1.5027314065981,11,0.0627695
2,1.5027314065981,12,0.06278971
2,1.5027314065981,13,0.06285545
2,1.5027314065981,14,0.06263994
2,1.5027314065981,15,0.06305987
3,1.51310769981994,0,0.06297798
3,1.51310769981994,1,0.06308473
3,1.51310769981994,2,0.0630075
3,1.51310769981994,3,0.06285085
3,1.51310769981994,4,0.06296229
3,1.51310769981994,5,0.0631799
3,1.51310769981994,6,0.06286316
3,1.51310769981994,7,0.06283976
3,1.51310769981994,8,0.06296106
3,1.51310769981994,9,0.06278971
3,1.51310769981994,10,0.06287014
3,1.51310769981994,11,0.06269524
3,1.51310769981994,12,0.06292388
3,1.51310769981994,13,0.06277662
3,1.51310769981994,14,0.06264541
3,1.51310769981994,15,0.06313112
4,1.52287362285226,0,0.06253689
4,1.52287362285226,1,0.06256184
4,1.52287362285226,2,0.06282388
4,1.52287362285226,3,0.06272727
4,1.52287362285226,4,0.06254792
4,1.52287362285226,5,0.06258136
4,1.52287362285226,6,0.06273369
4,1.52287362285226,7,0.06266138
4,1.52287362285226,8,0.06289627
4,1.52287362285226,9,0.06288004
4,1.52287362285226,10,0.06288492
4,1.52287362285226,11,0.06280148
4,1.52287362285226,12,0.06257964
4,1.52287362285226,13,0.06269309
4,1.52287362285226,14,0.06265599
4,1.52287362285226,15,0.06285203
5,1.53263954588458,0,0.06275358
5,1.53263954588458,1,0.06268953
5,1.53263954588458,2,0.06276955
5,1.53263954588458,3,0.06271912
5,1.53263954588458,4,0.06277648
5,1.53263954588458,5,0.06287725
5,1.53263954588458,6,0.06296959
5,1.53263954588458,7,0.06273351
5,1.53263954588458,8,0.0628789
5,1.53263954588458,9,0.06305052
5,1.53263954588458,10,0.06301882
5,1.53263954588458,11,0.0627565
5,1.53263954588458,12,0.06295226
5,1.53263954588458,13,0.06291389
5,1.53263954588458,14,0.06279094
5,1.53263954588458,15,0.06295116
6,1.54301583910642,0,0.0627935
6,1.54301583910642,1,0.06295266
6,1.54301583910642,2,0.06288401
6,1.54301583910642,3,0.06273839
6,1.54301583910642,4,0.06265997
6,1.54301583910642,5,0.06266307
6,1.54301583910642,6,0.06301595
6,1.54301583910642,7,0.06272033
6,1.54301583910642,8,0.06279614
6,1.54301583910642,9,0.06278684
6,1.54301583910642,10,0.06272325
6,1.54301583910642,11,0.06278652
6,1.54301583910642,12,0.06287694
6,1.54301583910642,13,0.06253301
6,1.54301583910642,14,0.06260303
6,1.54301583910642,15,0.06260669
7,1.55339213232826,0,0.06281873
7,1.55339213232826,1,0.06261513
7,1.55339213232826,2,0.0628105
7,1.55339213232826,3,0.06264113
7,1.55339213232826,4,0.06270026
7,1.55339213232826,5,0.06270435
7,1.55339213232826,6,0.06273478
7,1.55339213232826,7,0.06264409
7,1.55339213232826,8,0.06295103
7,1.55339213232826,9,0.06269049
7,1.55339213232826,10,0.06264815
7,1.55339213232826,11,0.06285787
7,1.55339213232826,12,0.06290696
7,1.55339213232826,13,0.062932
7,1.55339213232826,14,0.06302926
7,1.55339213232826,15,0.06279943
8,1.56315805536058,0,0.0626893
8,1.56315805536058,1,0.06272936
8,1.56315805536058,2,0.06271836
8,1.56315805536058,3,0.06287666
8,1.56315805536058,4,0.06292119
8,1.56315805536058,5,0.06277949
8,1.56315805536058,6,0.06306005
8,1.56315805536058,7,0.06278834
8,1.56315805536058,8,0.06287009
8,1.56315805536058,9,0.06297648
8,1.56315805536058,10,0.0629461
8,1.56315805536058,11,0.06284857
8,1.56315805536058,12,0.06281672
8,1.56315805536058,13,0.06278842
8,1.56315805536058,14,0.06285568
8,1.56315805536058,15,0.0628279
9,1.57231360820338,0,0.06261604
9,1.57231360820338,1,0.06270222
9,1.57231360820338,2,0.06260072
9,1.57231360820338,3,0.0625103
9,1.57231360820338,4,0.06278355
9,1.57231360820338,5,0.06296644
9,1.57231360820338,6,0.06283784
9,1.57231360820338,7,0.06267138
9,1.57231360820338,8,0.06285577
9,1.57231360820338,9,0.06293634
9,1.57231360820338,10,0.06288999
9,1.57231360820338,11,0.06285595
9,1.57231360820338,12,0.06300239
9,1.57231360820338,13,0.06281179
9,1.57231360820338,14,0.06268197
9,1.57231360820338,15,0.06314732
10,1.58330027161473,0,0.06298145
10,1.58330027161473,1,0.0626554
10,1.58330027161473,2,0.0629352
10,1.58330027161473,3,0.06253976
10,1.58330027161473,4,0.06263816
10,1.58330027161473,5,0.06281197
10,1.58330027161473,6,0.06288013
10,1.58330027161473,7,0.06295837
10,1.58330027161473,8,0.06281686
10,1.58330027161473,9,0.06292991
10,1.58330027161473,10,0.06285846
10,1.58330027161473,11,0.06308884
10,1.58330027161473,12,0.06306954
10,1.58330027161473,13,0.06291024
10,1.58330027161473,14,0.06280591
10,1.58330027161473,15,0.06280646
11,1.59245582445753,0,0.06309359
11,1.59245582445753,1,0.06281243
11,1.59245582445753,2,0.06274965
11,1.59245582445753,3,0.06277767
11,1.59245582445753,4,0.06265426
11,1.59245582445753,5,0.06296535
11,1.59245582445753,6,0.06296129
11,1.59245582445753,7,0.06289632
11,1.59245582445753,8,0.06307073
11,1.59245582445753,9,0.0629507
11,1.59245582445753,10,0.06279031
11,1.59245582445753,11,0.0627253
11,1.59245582445753,12,0.06266758
11,1.59245582445753,13,0.06292835
11,1.59245582445753,14,0.06261586
11,1.59245582445753,15,0.06293026
12,1.60344248786889,0,0.06227275
12,1.60344248786889,1,0.0623894
12,1.60344248786889,2,0.06256106
12,1.60344248786889,3,0.0621432
12,1.60344248786889,4,0.06238128
12,1.60344248786889,5,0.06227886
12,1.60344248786889,6,0.06239187
12,1.60344248786889,7,0.0624179
12,1.60344248786889,8,0.06232015
12,1.60344248786889,9,0.06238049
12,1.60344248786889,10,0.06240122
12,1.60344248786889,11,0.06253871
12,1.60344248786889,12,0.06225583
12,1.60344248786889,13,0.06261653
12,1.60344248786889,14,0.06260732
12,1.60344248786889,15,0.06258921
13,1.61259804071169,0,0.06232157
13,1.61259804071169,1,0.06244341
13,1.61259804071169,2,0.06286927
13,1.61259804071169,3,0.06262197
13,1.61259804071169,4,0.06303145
13,1.61259804071169,5,0.06298944
13,1.61259804071169,6,0.06295408
13,1.61259804071169,7,0.0628399
13,1.61259804071169,8,0.06312893
13,1.61259804071169,9,0.0628107
13,1.61259804071169,10,0.06259765
13,1.61259804071169,11,0.06283469
13,1.61259804071169,12,0.06265295
13,1.61259804071169,13,0.06274013
13,1.61259804071169,14,0.06260116
13,1.61259804071169,15,0.06269633
14,1.62236396374401,0,0.06261298
14,1.62236396374401,1,0.0626852
14,1.62236396374401,2,0.06243822
14,1.62236396374401,3,0.06256918
14,1.62236396374401,4,0.06230953
14,1.62236396374401,5,0.06241344
14,1.62236396374401,6,0.06255957
14,1.62236396374401,7,0.06247941
14,1.62236396374401,8,0.06224657
14,1.62236396374401,9,0.06246248
14,1.62236396374401,10,0.06259199
14,1.62236396374401,11,0.06269842
14,1.62236396374401,12,0.06250468
14,1.62236396374401,13,0.0623889
14,1.62236396374401,14,0.06262425
14,1.62236396374401,15,0.06248051
15,1.63335062715537,0,0.06274687
15,1.63335062715537,1,0.06288318
15,1.63335062715537,2,0.06283063
15,1.63335062715537,3,0.06278779
15,1.63335062715537,4,0.06262434
15,1.63335062715537,5,0.06282488
15,1.63335062715537,6,0.06284884
15,1.63335062715537,7,0.06296704
15,1.63335062715537,8,0.06284665
15,1.63335062715537,9,0.06283701
15,1.63335062715537,10,0.06279286
15,1.63335062715537,11,0.06259441
15,1.63335062715537,12,0.06280668
15,1.63335062715537,13,0.0627462
15,1.63335062715537,14,0.06270048
15,1.63335062715537,15,0.06286575
16,1.64311655018769,0,0.06287807
16,1.64311655018769,1,0.0628522
16,1.64311655018769,2,0.06285422
16,1.64311655018769,3,0.06304559
16,1.64311655018769,4,0.06273501
16,1.64311655018769,5,0.06311836
16,1.64311655018769,6,0.06275859
16,1.64311655018769,7,0.06299824
16,1.64311655018769,8,0.06313623
16,1.64311655018769,9,0.0626951
16,1.64311655018769,10,0.06284067
16,1.64311655018769,11,0.06278844
16,1.64311655018769,12,0.06265226
16,1.64311655018769,13,0.06289309
16,1.64311655018769,14,0.06290905
16,1.64311655018769,15,0.0629741
17,1.65288247322001,0,0.06269492
17,1.65288247322001,1,0.06251851
17,1.65288247322001,2,0.06262416
17,1.65288247322001,3,0.0628841
17,1.65288247322001,4,0.06288633
17,1.65288247322001,5,0.06288136
17,1.65288247322001,6,0.06268498
17,1.65288247322001,7,0.06269459
17,1.65288247322001,8,0.06296914
17,1.65288247322001,9,0.06273128
17,1.65288247322001,10,0.06265797
17,1.65288247322001,11,0.06269769
17,1.65288247322001,12,0.06297611
17,1.65288247322001,13,0.06295741
17,1.65288247322001,14,0.06277134
17,1.65288247322001,15,0.06293637
18,1.66325876644185,0,0.06282283
18,1.66325876644185,1,0.06280254
18,1.66325876644185,2,0.06271029
18,1.66325876644185,3,0.06273866
18,1.66325876644185,4,0.06292567
18,1.66325876644185,5,0.06260906
18,1.66325876644185,6,0.06267224
18,1.66325876644185,7,0.06263493
18,1.66325876644185,8,0.06250354
18,1.66325876644185,9,0.06233995
18,1.66325876644185,10,0.06257284
18,1.66325876644185,11,0.06257179
18,1.66325876644185,12,0.06272617
18,1.66325876644185,13,0.06273273
18,1.66325876644185,14,0.06298939
18,1.66325876644185,15,0.06260932
19,1.67241431928465,0,0.06238625
19,1.67241431928465,1,0.06287795
19,1.67241431928465,2,0.06254875
19,1.67241431928465,3,0.06264633
19,1.67241431928465,4,0.06271252
19,1.67241431928465,5,0.06242932
19,1.67241431928465,6,0.06247238
19,1.67241431928465,7,0.0623029
19,1.67241431928465,8,0.06258711
19,1.67241431928465,9,0.06250167
19,1.67241431928465,10,0.06254848
19,1.67241431928465,11,0.06276818
19,1.67241431928465,12,0.0626889
19,1.67241431928465,13,0.0628055
19,1.67241431928465,14,0.06265221
19,1.67241431928465,15,0.06256376
20,1.68279061250648,0,0.0624003
20,1.68279061250648,1,0.0624822
20,1.68279061250648,2,0.06261486
20,1.68279061250648,3,0.06265212
20,1.68279061250648,4,0.06257097
20,1.68279061250648,5,0.06286849
20,1.68279061250648,6,0.0624644
20,1.68279061250648,7,0.06274952
20,1.68279061250648,8,0.06278474
20,1.68279061250648,9,0.06265759
20,1.68279061250648,10,0.06277201
20,1.68279061250648,11,0.062619
20,1.68279061250648,12,0.06264301
20,1.68279061250648,13,0.06249756
20,1.68279061250648,14,0.06252421
20,1.68279061250648,15,0.06247544
21,1.69316690572832,0,0.06236614
21,1.69316690572832,1,0.06228676
21,1.69316690572832,2,0.06248452
21,1.69316690572832,3,0.06244529
21,1.69316690572832,4,0.06242252
21,1.69316690572832,5,0.06251891
21,1.69316690572832,6,0.06240012
21,1.69316690572832,7,0.06231002
21,1.69316690572832,8,0.06237133
21,1.69316690572832,9,0.06246763
21,1.69316690572832,10,0.06236312
21,1.69316690572832,11,0.06219429
21,1.69316690572832,12,0.06228876
21,1.69316690572832,13,0.06217488
21,1.69316690572832,14,0.06224247
21,1.69316690572832,15,0.06244642
22,1.70232245857112,0,0.06297433
22,1.70232245857112,1,0.06282644
22,1.70232245857112,2,0.06284313
22,1.70232245857112,3,0.06263201
22,1.70232245857112,4,0.06246846
22,1.70232245857112,5,0.06238694
22,1.70232245857112,6,0.06268612
22,1.70232245857112,7,0.06262493
22,1.70232245857112,8,0.06272142
22,1.70232245857112,9,0.06264807
22,1.70232245857112,10,0.06266513
22,1.70232245857112,11,0.06271923
22,1.70232245857112,12,0.06228638
22,1.70232245857112,13,0.06245778
22,1.70232245857112,14,0.06246239
22,1.70232245857112,15,0.06234274
23,1.71269875179296,0,0.06218109
23,1.71269875179296,1,0.06241832
23,1.71269875179296,2,0.06238319
23,1.71269875179296,3,0.06260179
23,1.71269875179296,4,0.06235514
23,1.71269875179296,5,0.06227079
23,1.71269875179296,6,0.06242691
23,1.71269875179296,7,0.06239406
23,1.71269875179296,8,0.06237075
23,1.71269875179296,9,0.06214676
23,1.71269875179296,10,0.06235989
23,1.71269875179296,11,0.06237891
23,1.71269875179296,12,0.06248648
23,1.71269875179296,13,0.06247174
23,1.71269875179296,14,0.06285194
23,1.71269875179296,15,0.06256402
24,1.7230750450148,0,0.06257973
24,1.7230750450148,1,0.06258502
24,1.7230750450148,2,0.06271973
24,1.7230750450148,3,0.06247589
24,1.7230750450148,4,0.06254792
24,1.7230750450148,5,0.06273159
24,1.7230750450148,6,0.06237889
24,1.7230750450148,7,0.06247941
24,1.7230750450148,8,0.06268529
24,1.7230750450148,9,0.06261599
24,1.7230750450148,10,0.06237398
24,1.7230750450148,11,0.06256316
24,1.7230750450148,12,0.06254447
24,1.7230750450148,13,0.06302204
24,1.7230750450148,14,0.06271098
24,1.7230750450148,15,0.06278538
25,1.73345133823664,0,0.06257061
25,1.73345133823664,1,0.06279943
25,1.73345133823664,2,0.06273504
25,1.73345133823664,3,0.06286188
25,1.73345133823664,4,0.06281732
25,1.73345133823664,5,0.06281855
25,1.73345133823664,6,0.06271832
25,1.73345133823664,7,0.06234501
25,1.73345133823664,8,0.06253754
25,1.73345133823664,9,0.06240222
25,1.73345133823664,10,0.06254456
25,1.73345133823664,11,0.06288733
25,1.73345133823664,12,0.062631
25,1.73345133823664,13,0.062655
25,1.73345133823664,14,0.06247754
25,1.73345133823664,15,0.06240523
26,1.74260689107944,0,0.06222016
26,1.74260689107944,1,0.06252288
26,1.74260689107944,2,0.06261019
26,1.74260689107944,3,0.06246786
26,1.74260689107944,4,0.06248835
26,1.74260689107944,5,0.06255093
26,1.74260689107944,6,0.06227681
26,1.74260689107944,7,0.06249507
26,1.74260689107944,8,0.06270112
26,1.74260689107944,9,0.06270824
26,1.74260689107944,10,0.06277626
26,1.74260689107944,11,0.0625223
26,1.74260689107944,12,0.06254469
26,1.74260689107944,13,0.06265035
26,1.74260689107944,14,0.06276442
26,1.74260689107944,15,0.06242339
27,1.75298318430128,0,0.06269236
27,1.75298318430128,1,0.0624288
27,1.75298318430128,2,0.06281987
27,1.75298318430128,3,0.06290809
27,1.75298318430128,4,0.06270126
27,1.75298318430128,5,0.06266037
27,1.75298318430128,6,0.06241754
27,1.75298318430128,7,0.06247571
27,1.75298318430128,8,0.06278566
27,1.75298318430128,9,0.06254783
27,1.75298318430128,10,0.06290846
27,1.75298318430128,11,0.0623019
27,1.75298318430128,12,0.06256485
27,1.75298318430128,13,0.06267826
27,1.75298318430128,14,0.06278578
27,1.75298318430128,15,0.06283657
28,1.7627491073336,0,0.0626431
28,1.7627491073336,1,0.06241335
28,1.7627491073336,2,0.06292114
28,1.7627491073336,3,0.06289907
28,1.7627491073336,4,0.06233922
28,1.7627491073336,5,0.06261015
28,1.7627491073336,6,0.06280982
28,1.7627491073336,7,0.06262197
28,1.7627491073336,8,0.06257393
28,1.7627491073336,9,0.06260508
28,1.7627491073336,10,0.06280053
28,1.7627491073336,11,0.06243338
28,1.7627491073336,12,0.06288379
28,1.7627491073336,13,0.06261836
28,1.7627491073336,14,0.06243492
28,1.7627491073336,15,0.06261718
29,1.77312540055544,0,0.06261718
29,1.77312540055544,1,0.06241513
29,1.77312540055544,2,0.0628336
29,1.77312540055544,3,0.06270733
29,1.77312540055544,4,0.06275664
29,1.77312540055544,5,0.0628237
29,1.77312540055544,6,0.06258822
29,1.77312540055544,7,0.06276212
29,1.77312540055544,8,0.06268132
29,1.77312540055544,9,0.0626821
29,1.77312540055544,10,0.0626887
29,1.77312540055544,11,0.06254623
29,1.77312540055544,12,0.06237412
29,1.77312540055544,13,0.06263428
29,1.77312540055544,14,0.06297224
29,1.77312540055544,15,0.06252841
30,1.78350169377728,0,0.06220189
30,1.78350169377728,1,0.06249246
30,1.78350169377728,2,0.06223497
30,1.78350169377728,3,0.06236029
30,1.78350169377728,4,0.06268118
30,1.78350169377728,5,0.062391
30,1.78350169377728,6,0.06244201
30,1.78350169377728,7,0.06254309
30,1.78350169377728,8,0.06263296
30,1.78350169377728,9,0.06254026
30,1.78350169377728,10,0.06261876
30,1.78350169377728,11,0.0627003
30,1.78350169377728,12,0.0626362
30,1.78350169377728,13,0.06278059
30,1.78350169377728,14,0.0626238
30,1.78350169377728,15,0.06264454
31,1.7932676168096,0,0.06264934
31,1.7932676168096,1,0.06281243
31,1.7932676168096,2,0.06259086
31,1.7932676168096,3,0.06259574
31,1.7932676168096,4,0.0625467
31,1.7932676168096,5,0.06274341
31,1.7932676168096,6,0.06282174
31,1.7932676168096,7,0.06271745
31,1.7932676168096,8,0.06258361
31,1.7932676168096,9,0.06258689
31,1.7932676168096,10,0.06258269
31,1.7932676168096,11,0.06218076
31,1.7932676168096,12,0.06249651
31,1.7932676168096,13,0.06263065
31,1.7932676168096,14,0.06248735
31,1.7932676168096,15,0.06249835
32,1.80242316965239,0,0.06252627
32,1.80242316965239,1,0.06262092
32,1.80242316965239,2,0.06249159
32,1.80242316965239,3,0.06266896
32,1.80242316965239,4,0.06242011
32,1.80242316965239,5,0.06231299
32,1.80242316965239,6,0.06233132
32,1.80242316965239,7,0.06266011
32,1.80242316965239,8,0.06233419
32,1.80242316965239,9,0.06243839
32,1.80242316965239,10,0.06243552
32,1.80242316965239,11,0.06270956
32,1.80242316965239,12,0.06242823
32,1.80242316965239,13,0.06260487
32,1.80242316965239,14,0.06264436
32,1.80242316965239,15,0.06238475
33,1.81279946287423,0,0.06241431
33,1.81279946287423,1,0.06227088
33,1.81279946287423,2,0.06246618
33,1.81279946287423,3,0.06248561
33,1.81279946287423,4,0.06249373
33,1.81279946287423,5,0.06214839
33,1.81279946287423,6,0.06259829
33,1.81279946287423,7,0.06249054
33,1.81279946287423,8,0.06254636
33,1.81279946287423,9,0.06224666
33,1.81279946287423,10,0.06240318
33,1.81279946287423,11,0.0623466
33,1.81279946287423,12,0.06240184
33,1.81279946287423,13,0.06208848
33,1.81279946287423,14,0.06221842
33,1.81279946287423,15,0.06199099
34,1.82317575609607,0,0.06255687
34,1.82317575609607,1,0.06195547
34,1.82317575609607,2,0.06268
34,1.82317575609607,3,0.06267826
34,1.82317575609607,4,0.06250568
34,1.82317575609607,5,0.06226742
34,1.82317575609607,6,0.06260964
34,1.82317575609607,7,0.06226276
34,1.82317575609607,8,0.06247618
34,1.82317575609607,9,0.06257027
34,1.82317575609607,10,0.06264838
34,1.82317575609607,11,0.06248784
34,1.82317575609607,12,0.06230063
34,1.82317575609607,13,0.06221362
34,1.82317575609607,14,0.0623263
34,1.82317575609607,15,0.06246777
35,1.83294167912839,0,0.06242744
35,1.83294167912839,1,0.06229387
35,1.83294167912839,2,0.06224889
35,1.83294167912839,3,0.06222951
35,1.83294167912839,4,0.0624586
35,1.83294167912839,5,0.06242832
35,1.83294167912839,6,0.06234528
35,1.83294167912839,7,0.06233917
35,1.83294167912839,8,0.06224565
35,1.83294167912839,9,0.06206299
35,1.83294167912839,10,0.06222183
35,1.83294167912839,11,0.06227175
35,1.83294167912839,12,0.0622858
35,1.83294167912839,13,0.06248635
35,1.83294167912839,14,0.06237588
35,1.83294167912839,15,0.06235117
36,1.84270760216071,0,0.06216606
36,1.84270760216071,1,0.06224325
36,1.84270760216071,2,0.06225529
36,1.84270760216071,3,0.06230797
36,1.84270760216071,4,0.06219478
36,1.84270760216071,5,0.06238822
36,1.84270760216071,6,0.06231403
36,1.84270760216071,7,0.06223296
36,1.84270760216071,8,0.06241322
36,1.84270760216071,9,0.06235802
36,1.84270760216071,10,0.06261093
36,1.84270760216071,11,0.0624024
36,1.84270760216071,12,0.06248356
36,1.84270760216071,13,0.06244323
36,1.84270760216071,14,0.06259295
36,1.84270760216071,15,0.06227891
37,1.85308389538255,0,0.06238164
37,1.85308389538255,1,0.06244716
37,1.85308389538255,2,0.06223959
37,1.85308389538255,3,0.06236395
37,1.85308389538255,4,0.06248844
37,1.85308389538255,5,0.06224601
37,1.85308389538255,6,0.06225844
37,1.85308389538255,7,0.06236221
37,1.85308389538255,8,0.06241632
37,1.85308389538255,9,0.06232128
37,1.85308389538255,10,0.06232931
37,1.85308389538255,11,0.06235719
37,1.85308389538255,12,0.06255171
37,1.85308389538255,13,0.06221075
37,1.85308389538255,14,0.06255358
37,1.85308389538255,15,0.06249255
38,1.86346018860439,0,0.06205827
38,1.86346018860439,1,0.06228069
38,1.86346018860439,2,0.06219966
38,1.86346018860439,3,0.06227663
38,1.86346018860439,4,0.06237307
38,1.86346018860439,5,0.06214665
38,1.86346018860439,6,0.06211083
38,1.86346018860439,7,0.06207936
38,1.86346018860439,8,0.06195303
38,1.86346018860439,9,0.06234214
38,1.86346018860439,10,0.06191153
38,1.86346018860439,11,0.06207591
38,1.86346018860439,12,0.0623358
38,1.86346018860439,13,0.062052
38,1.86346018860439,14,0.06216672
38,1.86346018860439,15,0.06238899
39,1.87261574144719,0,0.0624175
39,1.87261574144719,1,0.0622841
39,1.87261574144719,2,0.06239492
39,1.87261574144719,3,0.06220834
39,1.87261574144719,4,0.06237434
39,1.87261574144719,5,0.06234484
39,1.87261574144719,6,0.06232425
39,1.87261574144719,7,0.06223238
39,1.87261574144719,8,0.06231905
39,1.87261574144719,9,0.06222043
39,1.87261574144719,10,0.06243451
39,1.87261574144719,11,0.06214023
39,1.87261574144719,12,0.06214816
39,1.87261574144719,13,0.06254373
39,1.87261574144719,14,0.0623067
39,1.87261574144719,15,0.0620588
40,1.88299203466903,0,0.0624394
40,1.88299203466903,1,0.06227567
40,1.88299203466903,2,0.06227677
40,1.88299203466903,3,0.0623966
40,1.88299203466903,4,0.06223689
40,1.88299203466903,5,0.06233913
40,1.88299203466903,6,0.06225355
40,1.88299203466903,7,0.06249712
40,1.88299203466903,8,0.06232855
40,1.88299203466903,9,0.06241208
40,1.88299203466903,10,0.06243839
40,1.88299203466903,11,0.0624222
40,1.88299203466903,12,0.06239602
40,1.88299203466903,13,0.06268743
40,1.88299203466903,14,0.06240711
40,1.88299203466903,15,0.06234187
41,1.89275795770135,0,0.06274638
41,1.89275795770135,1,0.06260975
41,1.89275795770135,2,0.06253748
41,1.89275795770135,3,0.0627242
41,1.89275795770135,4,0.06269209
41,1.89275795770135,5,0.06255194
41,1.89275795770135,6,0.06235797
41,1.89275795770135,7,0.06215337
41,1.89275795770135,8,0.06258392
41,1.89275795770135,9,0.06264104
41,1.89275795770135,10,0.06246728
41,1.89275795770135,11,0.06270777
41,1.89275795770135,12,0.06272662
41,1.89275795770135,13,0.06238529
41,1.89275795770135,14,0.06242343
41,1.89275795770135,15,0.06256267
42,1.90313425092318,0,0.06247571
42,1.90313425092318,1,0.06226842
42,1.90313425092318,2,0.06244337
42,1.90313425092318,3,0.06233607
42,1.90313425092318,4,0.06224661
42,1.90313425092318,5,0.06251581
42,1.90313425092318,6,0.06230989
42,1.90313425092318,7,0.06262634
42,1.90313425092318,8,0.0624634
42,1.90313425092318,9,0.06214302
42,1.90313425092318,10,0.06240336
42,1.90313425092318,11,0.06235431
42,1.90313425092318,12,0.06239921
42,1.90313425092318,13,0.06248429
42,1.90313425092318,14,0.06252179
42,1.90313425092318,15,0.06236326
43,1.91228980376598,0,0.06259684
43,1.91228980376598,1,0.06238875
43,1.91228980376598,2,0.06253
43,1.91228980376598,3,0.0625545
43,1.91228980376598,4,0.06259378
43,1.91228980376598,5,0.06263337
43,1.91228980376598,6,0.0625998
43,1.91228980376598,7,0.06235906
43,1.91228980376598,8,0.0624781
43,1.91228980376598,9,0.06241977
43,1.91228980376598,10,0.06253361
43,1.91228980376598,11,0.06253069
43,1.91228980376598,12,0.0622577
43,1.91228980376598,13,0.06264615
43,1.91228980376598,14,0.06239633
43,1.91228980376598,15,0.0624634
44,1.92266609698782,0,0.06265286
44,1.92266609698782,1,0.06250769
44,1.92266609698782,2,0.06247138
44,1.92266609698782,3,0.06262512
44,1.92266609698782,4,0.06256777
44,1.92266609698782,5,0.06284395
44,1.92266609698782,6,0.06289897
44,1.92266609698782,7,0.06256001
44,1.92266609698782,8,0.06244752
44,1.92266609698782,9,0.06266823
44,1.92266609698782,10,0.06267626
44,1.92266609698782,11,0.06217505
44,1.92266609698782,12,0.06258528
44,1.92266609698782,13,0.06261577
44,1.92266609698782,14,0.06258462
44,1.92266609698782,15,0.06267744
45,1.93243202002014,0,0.06280389
45,1.93243202002014,1,0.06268036
45,1.93243202002014,2,0.06272963
45,1.93243202002014,3,0.06252703
45,1.93243202002014,4,0.0627466
45,1.93243202002014,5,0.06279272
45,1.93243202002014,6,0.0629684
45,1.93243202002014,7,0.06308643
45,1.93243202002014,8,0.06294034
45,1.93243202002014,9,0.06277566
45,1.93243202002014,10,0.06266988
45,1.93243202002014,11,0.06275318
45,1.93243202002014,12,0.06294578
45,1.93243202002014,13,0.06278173
45,1.93243202002014,14,0.06284377
45,1.93243202002014,15,0.06268205
46,1.9434186834315,0,0.06241248
46,1.9434186834315,1,0.06265509
46,1.9434186834315,2,0.06274368
46,1.9434186834315,3,0.06280965
46,1.9434186834315,4,0.0627867
46,1.9434186834315,5,0.06249382
46,1.9434186834315,6,0.06282684
46,1.9434186834315,7,0.06286093
46,1.9434186834315,8,0.0625056
46,1.9434186834315,9,0.06284003
46,1.9434186834315,10,0.06278625
46,1.9434186834315,11,0.06283998
46,1.9434186834315,12,0.0628491
46,1.9434186834315,13,0.06267005
46,1.9434186834315,14,0.06276335
46,1.9434186834315,15,0.06271841
47,1.95135349589526,0,0.0625467
47,1.95135349589526,1,0.06271043
47,1.95135349589526,2,0.06271243
47,1.95135349589526,3,0.06257069
47,1.95135349589526,4,0.06254929
47,1.95135349589526,5,0.06275668
47,1.95135349589526,6,0.06287812
47,1.95135349589526,7,0.06291827
47,1.95135349589526,8,0.0629258
47,1.95135349589526,9,0.06322926
47,1.95135349589526,10,0.06284264
47,1.95135349589526,11,0.06290983
47,1.95135349589526,12,0.06291293
47,1.95135349589526,13,0.06267411
47,1.95135349589526,14,0.06275973
47,1.95135349589526,15,0.06295969
48,1.9617297891171,0,0.06232285
48,1.9617297891171,1,0.06249788
48,1.9617297891171,2,0.06248804
48,1.9617297891171,3,0.06247352
48,1.9617297891171,4,0.06257188
48,1.9617297891171,5,0.06232935
48,1.9617297891171,6,0.06250633
48,1.9617297891171,7,0.0625659
48,1.9617297891171,8,0.06247466
48,1.9617297891171,9,0.06243958
48,1.9617297891171,10,0.0626139
48,1.9617297891171,11,0.06225172
48,1.9617297891171,12,0.06239368
48,1.9617297891171,13,0.06235724
48,1.9617297891171,14,0.06250651
48,1.9617297891171,15,0.06249469
49,1.97271645252846,0,0.06256882
49,1.97271645252846,1,0.06264153
49,1.97271645252846,2,0.06277151
49,1.97271645252846,3,0.06276627
49,1.97271645252846,4,0.06269838
49,1.97271645252846,5,0.06272405
49,1.97271645252846,6,0.06279761
49,1.97271645252846,7,0.06264169
49,1.97271645252846,8,0.06239633
49,1.97271645252846,9,0.06256367
49,1.97271645252846,10,0.06294313
49,1.97271645252846,11,0.06279469
49,1.97271645252846,12,0.06276544
49,1.97271645252846,13,0.06279241
49,1.97271645252846,14,0.06291101
49,1.97271645252846,15,0.06266604
50,1.98187200537126,0,0.06263776
50,1.98187200537126,1,0.06275906
50,1.98187200537126,2,0.06297415
50,1.98187200537126,3,0.06262316
50,1.98187200537126,4,0.06295162
50,1.98187200537126,5,0.0626509
50,1.98187200537126,6,0.0626232
50,1.98187200537126,7,0.0629451
50,1.98187200537126,8,0.06233328
50,1.98187200537126,9,0.06284765
50,1.98187200537126,10,0.06258584
50,1.98187200537126,11,0.06262416
50,1.98187200537126,12,0.06240066
50,1.98187200537126,13,0.06276065
50,1.98187200537126,14,0.06281978
50,1.98187200537126,15,0.06261617
51,1.9922482985931,0,0.06258886
51,1.9922482985931,1,0.06293131
51,1.9922482985931,2,0.06300609
51,1.9922482985931,3,0.06269173
51,1.9922482985931,4,0.06288619
51,1.9922482985931,5,0.06279409
51,1.9922482985931,6,0.06273893
51,1.9922482985931,7,0.06294592
51,1.9922482985931,8,0.06245501
51,1.9922482985931,9,0.06287196
51,1.9922482985931,10,0.06307989
51,1.9922482985931,11,0.0628954
51,1.9922482985931,12,0.06274415
51,1.9922482985931,13,0.06293263
51,1.9922482985931,14,0.06303979
51,1.9922482985931,15,0.06303237
52,2.00262459181494,0,0.06303442
52,2.00262459181494,1,0.06254612
52,2.00262459181494,2,0.06281576
52,2.00262459181494,3,0.0626066
52,2.00262459181494,4,0.0627503
52,2.00262459181494,5,0.0628824
52,2.00262459181494,6,0.06266595
52,2.00262459181494,7,0.06268939
52,2.00262459181494,8,0.06254016
52,2.00262459181494,9,0.06245773
52,2.00262459181494,10,0.06237992
52,2.00262459181494,11,0.06262382
52,2.00262459181494,12,0.06257991
52,2.00262459181494,13,0.06238686
52,2.00262459181494,14,0.06264514
52,2.00262459181494,15,0.06249045
53,2.01300088503678,0,0.06264961
53,2.01300088503678,1,0.06274687
53,2.01300088503678,2,0.06254761
53,2.01300088503678,3,0.06270335
53,2.01300088503678,4,0.06242517
53,2.01300088503678,5,0.06265355
53,2.01300088503678,6,0.0628101
53,2.01300088503678,7,0.06264048
53,2.01300088503678,8,0.06268332
53,2.01300088503678,9,0.06268141
53,2.01300088503678,10,0.06274082
53,2.01300088503678,11,0.06255984
53,2.01300088503678,12,0.06245222
53,2.01300088503678,13,0.06262088
53,2.01300088503678,14,0.0624061
53,2.01300088503678,15,0.06267612
54,2.02215643787957,0,0.06233589
54,2.02215643787957,1,0.06254692
54,2.02215643787957,2,0.06218068
54,2.02215643787957,3,0.06227083
54,2.02215643787957,4,0.06245327
54,2.02215643787957,5,0.06279272
54,2.02215643787957,6,0.06260705
54,2.02215643787957,7,0.06262808
54,2.02215643787957,8,0.062642
54,2.02215643787957,9,0.06269323
54,2.02215643787957,10,0.0626389
54,2.02215643787957,11,0.06274176
54,2.02215643787957,12,0.06267927
54,2.02215643787957,13,0.06261111
54,2.02215643787957,14,0.0628861
54,2.02215643787957,15,0.06251969
55,2.03253273110141,0,0.06288419
55,2.03253273110141,1,0.06284492
55,2.03253273110141,2,0.06281567
55,2.03253273110141,3,0.06284163
55,2.03253273110141,4,0.06308866
55,2.03253273110141,5,0.063109
55,2.03253273110141,6,0.06275272
55,2.03253273110141,7,0.06283487
55,2.03253273110141,8,0.06290986
55,2.03253273110141,9,0.06293821
55,2.03253273110141,10,0.06282908
55,2.03253273110141,11,0.06266526
55,2.03253273110141,12,0.06290143
55,2.03253273110141,13,0.06276139
55,2.03253273110141,14,0.06272867
55,2.03253273110141,15,0.0628876
56,2.04168828394421,0,0.06289984
56,2.04168828394421,1,0.06267128
56,2.04168828394421,2,0.06290221
56,2.04168828394421,3,0.06273935
56,2.04168828394421,4,0.06277635
56,2.04168828394421,5,0.06279993
56,2.04168828394421,6,0.06298533
56,2.04168828394421,7,0.06234013
56,2.04168828394421,8,0.06261554
56,2.04168828394421,9,0.06275764
56,2.04168828394421,10,0.06261759
56,2.04168828394421,11,0.0623602
56,2.04168828394421,12,0.06251842
56,2.04168828394421,13,0.06243246
56,2.04168828394421,14,0.06264697
56,2.04168828394421,15,0.06243666
57,2.05206457716605,0,0.06278456
57,2.05206457716605,1,0.06261918
57,2.05206457716605,2,0.06284975
57,2.05206457716605,3,0.06267927
57,2.05206457716605,4,0.0627284
57,2.05206457716605,5,0.06252444
57,2.05206457716605,6,0.06250013
57,2.05206457716605,7,0.06248858
57,2.05206457716605,8,0.06242321
57,2.05206457716605,9,0.06247221
57,2.05206457716605,10,0.06256978
57,2.05206457716605,11,0.06262963
57,2.05206457716605,12,0.06258269
57,2.05206457716605,13,0.06289313
57,2.05206457716605,14,0.06265327
57,2.05206457716605,15,0.06250887
58,2.06122013000885,0,0.0625645
58,2.06122013000885,1,0.06275997
58,2.06122013000885,2,0.06284979
58,2.06122013000885,3,0.06313063
58,2.06122013000885,4,0.06261212
58,2.06122013000885,5,0.06269433
58,2.06122013000885,6,0.06294057
58,2.06122013000885,7,0.06279993
58,2.06122013000885,8,0.06284993
58,2.06122013000885,9,0.06285253
58,2.06122013000885,10,0.06291477
58,2.06122013000885,11,0.06264492
58,2.06122013000885,12,0.06288981
58,2.06122013000885,13,0.06278757
58,2.06122013000885,14,0.06264164
58,2.06122013000885,15,0.06285626
59,2.07220679342021,0,0.06256468
59,2.07220679342021,1,0.06265181
59,2.07220679342021,2,0.06247214
59,2.07220679342021,3,0.06248827
59,2.07220679342021,4,0.06251983
59,2.07220679342021,5,0.06254168
59,2.07220679342021,6,0.06229989
59,2.07220679342021,7,0.06272282
59,2.07220679342021,8,0.06291001
59,2.07220679342021,9,0.06259181
59,2.07220679342021,10,0.06263337
59,2.07220679342021,11,0.06232494
59,2.07220679342021,12,0.06242225
59,2.07220679342021,13,0.06279761
59,2.07220679342021,14,0.06273756
59,2.07220679342021,15,0.0625694
60,2.08136234626301,0,0.06253666
60,2.08136234626301,1,0.06256927
60,2.08136234626301,2,0.06246846
60,2.08136234626301,3,0.06269974
60,2.08136234626301,4,0.06292036
60,2.08136234626301,5,0.06253361
60,2.08136234626301,6,0.06264405
60,2.08136234626301,7,0.06261267
60,2.08136234626301,8,0.06278242
60,2.08136234626301,9,0.06255966
60,2.08136234626301,10,0.06271959
60,2.08136234626301,11,0.06278766
60,2.08136234626301,12,0.062567
60,2.08136234626301,13,0.06269633
60,2.08136234626301,14,0.06270704
60,2.08136234626301,15,0.06270476
61,2.09112826929533,0,0.06258278
61,2.09112826929533,1,0.06258301
61,2.09112826929533,2,0.06275291
61,2.09112826929533,3,0.06253684
61,2.09112826929533,4,0.0625535
61,2.09112826929533,5,0.06248932
61,2.09112826929533,6,0.06212426
61,2.09112826929533,7,0.06227279
61,2.09112826929533,8,0.06232547
61,2.09112826929533,9,0.06227061
61,2.09112826929533,10,0.06233874
61,2.09112826929533,11,0.06267001
61,2.09112826929533,12,0.06244035
61,2.09112826929533,13,0.06238233
61,2.09112826929533,14,0.06233154
61,2.09112826929533,15,0.06265837
62,2.10211493270669,0,0.06183447
62,2.10211493270669,1,0.06201665
62,2.10211493270669,2,0.0620115
62,2.10211493270669,3,0.06200675
62,2.10211493270669,4,0.06204397
62,2.10211493270669,5,0.06191167
62,2.10211493270669,6,0.06246959
62,2.10211493270669,7,0.06201997
62,2.10211493270669,8,0.06214049
62,2.10211493270669,9,0.06252091
62,2.10211493270669,10,0.06199008
62,2.10211493270669,11,0.06182531
62,2.10211493270669,12,0.06181423
62,2.10211493270669,13,0.06207919
62,2.10211493270669,14,0.06204468
62,2.10211493270669,15,0.06202207
63,2.11127048554949,0,0.06222545
63,2.11127048554949,1,0.06240327
63,2.11127048554949,2,0.06213753
63,2.11127048554949,3,0.06214342
63,2.11127048554949,4,0.06208469
63,2.11127048554949,5,0.06221764
63,2.11127048554949,6,0.06223143
63,2.11127048554949,7,0.06232175
63,2.11127048554949,8,0.06236479
63,2.11127048554949,9,0.06203341
63,2.11127048554949,10,0.06237115
63,2.11127048554949,11,0.06196751
63,2.11127048554949,12,0.06226731
63,2.11127048554949,13,0.06228196
63,2.11127048554949,14,0.06267949
63,2.11127048554949,15,0.06256316
64,2.12225714896084,0,0.06219155
64,2.12225714896084,1,0.06250724
64,2.12225714896084,2,0.06190751
64,2.12225714896084,3,0.06219547
64,2.12225714896084,4,0.06213808
64,2.12225714896084,5,0.06220829
64,2.12225714896084,6,0.06234889
64,2.12225714896084,7,0.06242348
64,2.12225714896084,8,0.06211819
64,2.12225714896084,9,0.06210921
64,2.12225714896084,10,0.06203393
64,2.12225714896084,11,0.06228169
64,2.12225714896084,12,0.06203279
64,2.12225714896084,13,0.0620034
64,2.12225714896084,14,0.06239938
64,2.12225714896084,15,0.06206645
65,2.13202307199316,0,0.06220181
65,2.13202307199316,1,0.06229492
65,2.13202307199316,2,0.06269249
65,2.13202307199316,3,0.06229177
65,2.13202307199316,4,0.06252933
65,2.13202307199316,5,0.06252763
65,2.13202307199316,6,0.06238264
65,2.13202307199316,7,0.06180178
65,2.13202307199316,8,0.06224657
65,2.13202307199316,9,0.06200268
65,2.13202307199316,10,0.06206181
65,2.13202307199316,11,0.06204283
65,2.13202307199316,12,0.06177212
65,2.13202307199316,13,0.06202211
65,2.13202307199316,14,0.06189019
65,2.13202307199316,15,0.06216436
66,2.14178899502548,0,0.06214464
66,2.14178899502548,1,0.06235413
66,2.14178899502548,2,0.06202276
66,2.14178899502548,3,0.0623019
66,2.14178899502548,4,0.06229675
66,2.14178899502548,5,0.06228082
66,2.14178899502548,6,0.06195059
66,2.14178899502548,7,0.06217536
66,2.14178899502548,8,0.06184079
66,2.14178899502548,9,0.06212448
66,2.14178899502548,10,0.06188348
66,2.14178899502548,11,0.06199164
66,2.14178899502548,12,0.06221035
66,2.14178899502548,13,0.0622498
66,2.14178899502548,14,0.06200195
66,2.14178899502548,15,0.06201089
67,2.1515549180578,0,0.06246083
67,2.1515549180578,1,0.06233986
67,2.1515549180578,2,0.06244228
67,2.1515549180578,3,0.06262241
67,2.1515549180578,4,0.06265592
67,2.1515549180578,5,0.06263091
67,2.1515549180578,6,0.06272037
67,2.1515549180578,7,0.06283309
67,2.1515549180578,8,0.06241495
67,2.1515549180578,9,0.06272055
67,2.1515549180578,10,0.06248556
67,2.1515549180578,11,0.06271116
67,2.1515549180578,12,0.06256595
67,2.1515549180578,13,0.06279241
67,2.1515549180578,14,0.06270204
67,2.1515549180578,15,0.06278761
68,2.16254158146916,0,0.06297909
68,2.16254158146916,1,0.06294891
68,2.16254158146916,2,0.06332926
68,2.16254158146916,3,0.06295627
68,2.16254158146916,4,0.06303524
68,2.16254158146916,5,0.06282165
68,2.16254158146916,6,0.06299856
68,2.16254158146916,7,0.0628679
68,2.16254158146916,8,0.06328751
68,2.16254158146916,9,0.06287629
68,2.16254158146916,10,0.06305809
68,2.16254158146916,11,0.06292506
68,2.16254158146916,12,0.06321507
68,2.16254158146916,13,0.06276932
68,2.16254158146916,14,0.06304386
68,2.16254158146916,15,0.06278861
69,2.17169713431196,0,0.06306557
69,2.17169713431196,1,0.06300969
69,2.17169713431196,2,0.06278151
69,2.17169713431196,3,0.06304258
69,2.17169713431196,4,0.06342296
69,2.17169713431196,5,0.06329235
69,2.17169713431196,6,0.06321461
69,2.17169713431196,7,0.06331247
69,2.17169713431196,8,0.06307461
69,2.17169713431196,9,0.06308332
69,2.17169713431196,10,0.06308337
69,2.17169713431196,11,0.06330362
69,2.17169713431196,12,0.06338596
69,2.17169713431196,13,0.06352843
69,2.17169713431196,14,0.0634309
69,2.17169713431196,15,0.06333341
70,2.18268379772332,0,0.06346607
70,2.18268379772332,1,0.06351396
70,2.18268379772332,2,0.06331124
70,2.18268379772332,3,0.06360936
70,2.18268379772332,4,0.06346803
70,2.18268379772332,5,0.06313396
70,2.18268379772332,6,0.0633746
70,2.18268379772332,7,0.06342716
70,2.18268379772332,8,0.06353217
70,2.18268379772332,9,0.06334577
70,2.18268379772332,10,0.06366374
70,2.18268379772332,11,0.06338582
70,2.18268379772332,12,0.06355876
70,2.18268379772332,13,0.06310002
70,2.18268379772332,14,0.06346077
70,2.18268379772332,15,0.06348017
71,2.19183935056612,0,0.06384075
71,2.19183935056612,1,0.06354941
71,2.19183935056612,2,0.06374736
71,2.19183935056612,3,0.06357323
71,2.19183935056612,4,0.06374732
71,2.19183935056612,5,0.06379417
71,2.19183935056612,6,0.06365088
71,2.19183935056612,7,0.06393097
71,2.19183935056612,8,0.06366342
71,2.19183935056612,9,0.06358066
71,2.19183935056612,10,0.06386355
71,2.19183935056612,11,0.06382313
71,2.19183935056612,12,0.06374006
71,2.19183935056612,13,0.06357441
71,2.19183935056612,14,0.06370192
71,2.19183935056612,15,0.06375192
72,2.20221564378796,0,0.06423339
72,2.20221564378796,1,0.0639037
72,2.20221564378796,2,0.06397478
72,2.20221564378796,3,0.06408992
72,2.20221564378796,4,0.06422313
72,2.20221564378796,5,0.06383573
72,2.20221564378796,6,0.0639058
72,2.20221564378796,7,0.06399494
72,2.20221564378796,8,0.06439474
72,2.20221564378796,9,0.06377035
72,2.20221564378796,10,0.06388933
72,2.20221564378796,11,0.06388272
72,2.20221564378796,12,0.06414193
72,2.20221564378796,13,0.06385776
72,2.20221564378796,14,0.06384658
72,2.20221564378796,15,0.06400328
73,2.21137119663076,0,0.06446984
73,2.21137119663076,1,0.06430013
73,2.21137119663076,2,0.06421487
73,2.21137119663076,3,0.06456227
73,2.21137119663076,4,0.06445044
73,2.21137119663076,5,0.0644353
73,2.21137119663076,6,0.06477781
73,2.21137119663076,7,0.06458297
73,2.21137119663076,8,0.06446774
73,2.21137119663076,9,0.0644426
73,2.21137119663076,10,0.06417559
73,2.21137119663076,11,0.0642619
73,2.21137119663076,12,0.06436647
73,2.21137119663076,13,0.06453361
73,2.21137119663076,14,0.06442257
73,2.21137119663076,15,0.0642349
74,2.2217474898526,0,0.06441624
74,2.2217474898526,1,0.06429092
74,2.2217474898526,2,0.06434529
74,2.2217474898526,3,0.0640703
74,2.2217474898526,4,0.06417846
74,2.2217474898526,5,0.06410734
74,2.2217474898526,6,0.06398294
74,2.2217474898526,7,0.06425899
74,2.2217474898526,8,0.0638704
74,2.2217474898526,9,0.06375293
74,2.2217474898526,10,0.06413421
74,2.2217474898526,11,0.06427304
74,2.2217474898526,12,0.06371018
74,2.2217474898526,13,0.06442417
74,2.2217474898526,14,0.06391496
74,2.2217474898526,15,0.06405018
75,2.23212378307443,0,0.06413043
75,2.23212378307443,1,0.06465487
75,2.23212378307443,2,0.06441966
75,2.23212378307443,3,0.06434849
75,2.23212378307443,4,0.06443275
75,2.23212378307443,5,0.06439849
75,2.23212378307443,6,0.06444575
75,2.23212378307443,7,0.06404895
75,2.23212378307443,8,0.06432833
75,2.23212378307443,9,0.06439735
75,2.23212378307443,10,0.06429338
75,2.23212378307443,11,0.06442431
75,2.23212378307443,12,0.06450783
75,2.23212378307443,13,0.0642187
75,2.23212378307443,14,0.06464557
75,2.23212378307443,15,0.06465236
76,2.24188970610675,0,0.06489451
76,2.24188970610675,1,0.06475482
76,2.24188970610675,2,0.06458845
76,2.24188970610675,3,0.06417286
76,2.24188970610675,4,0.06462906
76,2.24188970610675,5,0.06433206
76,2.24188970610675,6,0.06443088
76,2.24188970610675,7,0.0644254
76,2.24188970610675,8,0.06433316
76,2.24188970610675,9,0.06422691
76,2.24188970610675,10,0.06449758
76,2.24188970610675,11,0.06435934
76,2.24188970610675,12,0.06457417
76,2.24188970610675,13,0.06443466
76,2.24188970610675,14,0.06450683
76,2.24188970610675,15,0.0642499
77,2.25226599932859,0,0.06464332
77,2.25226599932859,1,0.06490331
77,2.25226599932859,2,0.06473767
77,2.25226599932859,3,0.06466199
77,2.25226599932859,4,0.06471541
77,2.25226599932859,5,0.06444233
77,2.25226599932859,6,0.06478141
77,2.25226599932859,7,0.06455182
77,2.25226599932859,8,0.06478785
77,2.25226599932859,9,0.06485605
77,2.25226599932859,10,0.06485021
77,2.25226599932859,11,0.06454182
77,2.25226599932859,12,0.06478475
77,2.25226599932859,13,0.06471582
77,2.25226599932859,14,0.0649066
77,2.25226599932859,15,0.06463726
78,2.26203192236091,0,0.0647998
78,2.26203192236091,1,0.06474766
78,2.26203192236091,2,0.06471331
78,2.26203192236091,3,0.06488305
78,2.26203192236091,4,0.06482736
78,2.26203192236091,5,0.06483311
78,2.26203192236091,6,0.06476066
78,2.26203192236091,7,0.06481738
78,2.26203192236091,8,0.06455889
78,2.26203192236091,9,0.06468835
78,2.26203192236091,10,0.06475104
78,2.26203192236091,11,0.06489843
78,2.26203192236091,12,0.0646698
78,2.26203192236091,13,0.0647014
78,2.26203192236091,14,0.06431615
78,2.26203192236091,15,0.06459352
79,2.27179784539323,0,0.06496129
79,2.27179784539323,1,0.06474059
79,2.27179784539323,2,0.0645854
79,2.27179784539323,3,0.06496563
79,2.27179784539323,4,0.0646191
79,2.27179784539323,5,0.06491513
79,2.27179784539323,6,0.06538735
79,2.27179784539323,7,0.0648884
79,2.27179784539323,8,0.06512155
79,2.27179784539323,9,0.06497052
79,2.27179784539323,10,0.06492038
79,2.27179784539323,11,0.06524943
79,2.27179784539323,12,0.06472366
79,2.27179784539323,13,0.0649274
79,2.27179784539323,14,0.06477599
79,2.27179784539323,15,0.06487964
80,2.28217413861507,0,0.06504323
80,2.28217413861507,1,0.06504359
80,2.28217413861507,2,0.06505993
80,2.28217413861507,3,0.06531987
80,2.28217413861507,4,0.06509587
80,2.28217413861507,5,0.06508908
80,2.28217413861507,6,0.06483827
80,2.28217413861507,7,0.06469533
80,2.28217413861507,8,0.06506499
80,2.28217413861507,9,0.06497061
80,2.28217413861507,10,0.06518268
80,2.28217413861507,11,0.06501503
80,2.28217413861507,12,0.06495258
80,2.28217413861507,13,0.06471272
80,2.28217413861507,14,0.06484082
80,2.28217413861507,15,0.06477954
81,2.29255043183691,0,0.0648602
81,2.29255043183691,1,0.06527599
81,2.29255043183691,2,0.06514405
81,2.29255043183691,3,0.06495756
81,2.29255043183691,4,0.06500417
81,2.29255043183691,5,0.06541311
81,2.29255043183691,6,0.0651409
81,2.29255043183691,7,0.06509332
81,2.29255043183691,8,0.06504296
81,2.29255043183691,9,0.06523351
81,2.29255043183691,10,0.06471869
81,2.29255043183691,11,0.0649091
81,2.29255043183691,12,0.06501663
81,2.29255043183691,13,0.06503981
81,2.29255043183691,14,0.06482393
81,2.29255043183691,15,0.06504228
82,2.30170598467971,0,0.06503685
82,2.30170598467971,1,0.0649851
82,2.30170598467971,2,0.06477119
82,2.30170598467971,3,0.06535658
82,2.30170598467971,4,0.06518867
82,2.30170598467971,5,0.06517037
82,2.30170598467971,6,0.06510719
82,2.30170598467971,7,0.06534008
82,2.30170598467971,8,0.0653247
82,2.30170598467971,9,0.06518104
82,2.30170598467971,10,0.06521152
82,2.30170598467971,11,0.06507627
82,2.30170598467971,12,0.06521306
82,2.30170598467971,13,0.06511431
82,2.30170598467971,14,0.06516421
82,2.30170598467971,15,0.0650413
83,2.31330301828059,0,0.06531494
83,2.31330301828059,1,0.06532475
83,2.31330301828059,2,0.06532948
83,2.31330301828059,3,0.06533798
83,2.31330301828059,4,0.06490213
83,2.31330301828059,5,0.06500372
83,2.31330301828059,6,0.06501941
83,2.31330301828059,7,0.065028
83,2.31330301828059,8,0.06503465
83,2.31330301828059,9,0.06528273
83,2.31330301828059,10,0.0651112
83,2.31330301828059,11,0.0652471
83,2.31330301828059,12,0.06536118
83,2.31330301828059,13,0.06559965
83,2.31330301828059,14,0.0655022
83,2.31330301828059,15,0.06493137
84,2.32184820093387,0,0.06507307
84,2.32184820093387,1,0.0654284
84,2.32184820093387,2,0.06566712
84,2.32184820093387,3,0.06570421
84,2.32184820093387,4,0.06559176
84,2.32184820093387,5,0.06552584
84,2.32184820093387,6,0.06584874
84,2.32184820093387,7,0.06556571
84,2.32184820093387,8,0.06563581
84,2.32184820093387,9,0.06558177
84,2.32184820093387,10,0.06559855
84,2.32184820093387,11,0.06540608
84,2.32184820093387,12,0.06554153
84,2.32184820093387,13,0.06551735
84,2.32184820093387,14,0.06568945
84,2.32184820093387,15,0.06563573
85,2.33283486434523,0,0.06547803
85,2.33283486434523,1,0.06533315
85,2.33283486434523,2,0.06553087
85,2.33283486434523,3,0.06515135
85,2.33283486434523,4,0.06526668
85,2.33283486434523,5,0.06551028
85,2.33283486434523,6,0.06589094
85,2.33283486434523,7,0.06558884
85,2.33283486434523,8,0.06566311
85,2.33283486434523,9,0.06565322
85,2.33283486434523,10,0.06577461
85,2.33283486434523,11,0.06552647
85,2.33283486434523,12,0.06573112
85,2.33283486434523,13,0.06545445
85,2.33283486434523,14,0.0656589
85,2.33283486434523,15,0.06566726
86,2.3413800469985,0,0.06574193
86,2.3413800469985,1,0.06562072
86,2.3413800469985,2,0.06571124
86,2.3413800469985,3,0.06557981
86,2.3413800469985,4,0.06598948
86,2.3413800469985,5,0.06544852
86,2.3413800469985,6,0.06549919
86,2.3413800469985,7,0.06524555
86,2.3413800469985,8,0.06557789
86,2.3413800469985,9,0.06568141
86,2.3413800469985,10,0.0658018
86,2.3413800469985,11,0.06585208
86,2.3413800469985,12,0.06572171
86,2.3413800469985,13,0.06546635
86,2.3413800469985,14,0.06553623
86,2.3413800469985,15,0.06552232
87,2.35175634022034,0,0.0655724
87,2.35175634022034,1,0.06630324
87,2.35175634022034,2,0.06605051
87,2.35175634022034,3,0.06590494
87,2.35175634022034,4,0.06588325
87,2.35175634022034,5,0.06585786
87,2.35175634022034,6,0.06615771
87,2.35175634022034,7,0.06592081
87,2.35175634022034,8,0.06607073
87,2.35175634022034,9,0.06601529
87,2.35175634022034,10,0.0657642
87,2.35175634022034,11,0.06605075
87,2.35175634022034,12,0.06581289
87,2.35175634022034,13,0.06587464
87,2.35175634022034,14,0.06586278
87,2.35175634022034,15,0.06607719
88,2.36152226325266,0,0.06655802
88,2.36152226325266,1,0.06624383
88,2.36152226325266,2,0.06624484
88,2.36152226325266,3,0.06635638
88,2.36152226325266,4,0.06631332
88,2.36152226325266,5,0.06655052
88,2.36152226325266,6,0.06635079
88,2.36152226325266,7,0.06625196
88,2.36152226325266,8,0.06648514
88,2.36152226325266,9,0.06614695
88,2.36152226325266,10,0.06610609
88,2.36152226325266,11,0.06624025
88,2.36152226325266,12,0.06611584
88,2.36152226325266,13,0.0661926
88,2.36152226325266,14,0.06629439
88,2.36152226325266,15,0.06598007
89,2.37128818628498,0,0.06652021
89,2.37128818628498,1,0.06673384
89,2.37128818628498,2,0.0666666
89,2.37128818628498,3,0.06669183
89,2.37128818628498,4,0.06645808
89,2.37128818628498,5,0.06629363
89,2.37128818628498,6,0.06639422
89,2.37128818628498,7,0.06667377
89,2.37128818628498,8,0.06641985
89,2.37128818628498,9,0.06641933
89,2.37128818628498,10,0.06640365
89,2.37128818628498,11,0.06678527
89,2.37128818628498,12,0.06676682
89,2.37128818628498,13,0.06632618
89,2.37128818628498,14,0.06654148
89,2.37128818628498,15,0.06622582
90,2.38166447950682,0,0.0662173
90,2.38166447950682,1,0.06629927
90,2.38166447950682,2,0.06629407
90,2.38166447950682,3,0.06648767
90,2.38166447950682,4,0.06634242
90,2.38166447950682,5,0.06646893
90,2.38166447950682,6,0.06646396
90,2.38166447950682,7,0.06642568
90,2.38166447950682,8,0.06632259
90,2.38166447950682,9,0.06636264
90,2.38166447950682,10,0.06653967
90,2.38166447950682,11,0.06650081
90,2.38166447950682,12,0.06660313
90,2.38166447950682,13,0.066539
90,2.38166447950682,14,0.0664447
90,2.38166447950682,15,0.06655739
91,2.39204077272866,0,0.06642845
91,2.39204077272866,1,0.06647844
91,2.39204077272866,2,0.06673256
91,2.39204077272866,3,0.06657594
91,2.39204077272866,4,0.06661197
91,2.39204077272866,5,0.06671697
91,2.39204077272866,6,0.06691803
91,2.39204077272866,7,0.0667325
91,2.39204077272866,8,0.06680816
91,2.39204077272866,9,0.06668294
91,2.39204077272866,10,0.06704888
91,2.39204077272866,11,0.06670488
91,2.39204077272866,12,0.06661192
91,2.39204077272866,13,0.06678292
91,2.39204077272866,14,0.06673504
91,2.39204077272866,15,0.06666115
92,2.40119632557146,0,0.06675377
92,2.40119632557146,1,0.06653422
92,2.40119632557146,2,0.06652418
92,2.40119632557146,3,0.06646755
92,2.40119632557146,4,0.06656452
92,2.40119632557146,5,0.06656982
92,2.40119632557146,6,0.06640881
92,2.40119632557146,7,0.06662029
92,2.40119632557146,8,0.06653536
92,2.40119632557146,9,0.06657016
92,2.40119632557146,10,0.06657111
92,2.40119632557146,11,0.06646311
92,2.40119632557146,12,0.06684548
92,2.40119632557146,13,0.06670039
92,2.40119632557146,14,0.06665852
92,2.40119632557146,15,0.06677729
93,2.41218298898282,0,0.06688214
93,2.41218298898282,1,0.06678512
93,2.41218298898282,2,0.06668696
93,2.41218298898282,3,0.06654822
93,2.41218298898282,4,0.0664578
93,2.41218298898282,5,0.06661212
93,2.41218298898282,6,0.0667455
93,2.41218298898282,7,0.06688864
93,2.41218298898282,8,0.06675005
93,2.41218298898282,9,0.06664132
93,2.41218298898282,10,0.06659348
93,2.41218298898282,11,0.06688353
93,2.41218298898282,12,0.06648809
93,2.41218298898282,13,0.06675989
93,2.41218298898282,14,0.06674718
93,2.41218298898282,15,0.06648394
94,2.42255928220466,0,0.06723169
94,2.42255928220466,1,0.06696735
94,2.42255928220466,2,0.06714213
94,2.42255928220466,3,0.06681891
94,2.42255928220466,4,0.06676175
94,2.42255928220466,5,0.06687626
94,2.42255928220466,6,0.0669036
94,2.42255928220466,7,0.06695875
94,2.42255928220466,8,0.06705582
94,2.42255928220466,9,0.06700478
94,2.42255928220466,10,0.06691889
94,2.42255928220466,11,0.06687044
94,2.42255928220466,12,0.06706638
94,2.42255928220466,13,0.0669631
94,2.42255928220466,14,0.06701797
94,2.42255928220466,15,0.06699153
95,2.43171483504746,0,0.0668484
95,2.43171483504746,1,0.06637569
95,2.43171483504746,2,0.06656925
95,2.43171483504746,3,0.06682445
95,2.43171483504746,4,0.06693882
95,2.43171483504746,5,0.06683999
95,2.43171483504746,6,0.06690059
95,2.43171483504746,7,0.06709439
95,2.43171483504746,8,0.06670292
95,2.43171483504746,9,0.06682508
95,2.43171483504746,10,0.06712722
95,2.43171483504746,11,0.06686006
95,2.43171483504746,12,0.06694365
95,2.43171483504746,13,0.06692549
95,2.43171483504746,14,0.06672405
95,2.43171483504746,15,0.06707034
96,2.44270149845882,0,0.06691163
96,2.44270149845882,1,0.0669034
96,2.44270149845882,2,0.06711006
96,2.44270149845882,3,0.0670475
96,2.44270149845882,4,0.06705539
96,2.44270149845882,5,0.06688353
96,2.44270149845882,6,0.06667678
96,2.44270149845882,7,0.06696339
96,2.44270149845882,8,0.06673709
96,2.44270149845882,9,0.06686604
96,2.44270149845882,10,0.0670778
96,2.44270149845882,11,0.06685457
96,2.44270149845882,12,0.06705811
96,2.44270149845882,13,0.06719064
96,2.44270149845882,14,0.06694858
96,2.44270149845882,15,0.06693954
97,2.45185705130161,0,0.06699302
97,2.45185705130161,1,0.06710231
97,2.45185705130161,2,0.06685896
97,2.45185705130161,3,0.06680725
97,2.45185705130161,4,0.0668332
97,2.45185705130161,5,0.06666937
97,2.45185705130161,6,0.06673294
97,2.45185705130161,7,0.06676777
97,2.45185705130161,8,0.06668758
97,2.45185705130161,9,0.06700272
97,2.45185705130161,10,0.06683239
97,2.45185705130161,11,0.06688462
97,2.45185705130161,12,0.06665183
97,2.45185705130161,13,0.0666817
97,2.45185705130161,14,0.06667701
97,2.45185705130161,15,0.06665862
98,2.46223334452345,0,0.0667434
98,2.46223334452345,1,0.0670239
98,2.46223334452345,2,0.06672481
98,2.46223334452345,3,0.06675932
98,2.46223334452345,4,0.06718304
98,2.46223334452345,5,0.06701897
98,2.46223334452345,6,0.06712621
98,2.46223334452345,7,0.06699359
98,2.46223334452345,8,0.06693906
98,2.46223334452345,9,0.0669782
98,2.46223334452345,10,0.06700487
98,2.46223334452345,11,0.06661007
98,2.46223334452345,12,0.06669369
98,2.46223334452345,13,0.06693753
98,2.46223334452345,14,0.06673776
98,2.46223334452345,15,0.06678402
99,2.47199926755577,0,0.06679487
99,2.47199926755577,1,0.06693868
99,2.47199926755577,2,0.06694896
99,2.47199926755577,3,0.06661245
99,2.47199926755577,4,0.06691096
99,2.47199926755577,5,0.06689557
99,2.47199926755577,6,0.06686623
99,2.47199926755577,7,0.06675272
99,2.47199926755577,8,0.06700458
99,2.47199926755577,9,0.06674866
99,2.47199926755577,10,0.06692974
99,2.47199926755577,11,0.06702805
99,2.47199926755577,12,0.0667389
99,2.47199926755577,13,0.06692482
99,2.47199926755577,14,0.06709042
99,2.47199926755577,15,0.06698446
100,2.48176519058809,0,0.06720311
100,2.48176519058809,1,0.06696473
100,2.48176519058809,2,0.06735189
100,2.48176519058809,3,0.06740006
100,2.48176519058809,4,0.06729583
100,2.48176519058809,5,0.06726768
100,2.48176519058809,6,0.0669339
100,2.48176519058809,7,0.0671644
100,2.48176519058809,8,0.06700516
100,2.48176519058809,9,0.06704712
100,2.48176519058809,10,0.06709199
100,2.48176519058809,11,0.06699517
100,2.48176519058809,12,0.06709898
100,2.48176519058809,13,0.06713859
100,2.48176519058809,14,0.06718122
100,2.48176519058809,15,0.06719026
101,2.49153111362041,0,0.0672241
101,2.49153111362041,1,0.06714911
101,2.49153111362041,2,0.06701591
101,2.49153111362041,3,0.06739333
101,2.49153111362041,4,0.06724947
101,2.49153111362041,5,0.06740049
101,2.49153111362041,6,0.06730229
101,2.49153111362041,7,0.06724957
101,2.49153111362041,8,0.06719288
101,2.49153111362041,9,0.06726758
101,2.49153111362041,10,0.06698456
101,2.49153111362041,11,0.06726639
101,2.49153111362041,12,0.06698279
101,2.49153111362041,13,0.06707914
101,2.49153111362041,14,0.06727222
101,2.49153111362041,15,0.06692205
102,2.50373851741081,0,0.06709037
102,2.50373851741081,1,0.06743108
102,2.50373851741081,2,0.06703197
102,2.50373851741081,3,0.06718963
102,2.50373851741081,4,0.06704726
102,2.50373851741081,5,0.0671103
102,2.50373851741081,6,0.06726041
102,2.50373851741081,7,0.06736427
102,2.50373851741081,8,0.06715618
102,2.50373851741081,9,0.06735915
102,2.50373851741081,10,0.06714246
102,2.50373851741081,11,0.06712855
102,2.50373851741081,12,0.06715747
102,2.50373851741081,13,0.06723915
102,2.50373851741081,14,0.06700668
102,2.50373851741081,15,0.06724388
103,2.51350444044313,0,0.06736417
103,2.51350444044313,1,0.06726648
103,2.51350444044313,2,0.06739438
103,2.51350444044313,3,0.06700148
103,2.51350444044313,4,0.06710313
103,2.51350444044313,5,0.06700061
103,2.51350444044313,6,0.06714825
103,2.51350444044313,7,0.06702571
103,2.51350444044313,8,0.06711398
103,2.51350444044313,9,0.06720053
103,2.51350444044313,10,0.06739327
103,2.51350444044313,11,0.06721224
103,2.51350444044313,12,0.06721368
103,2.51350444044313,13,0.06699379
103,2.51350444044313,14,0.06699159
103,2.51350444044313,15,0.06702614
104,2.52327036347545,0,0.06732547
104,2.52327036347545,1,0.06714399
104,2.52327036347545,2,0.0670639
104,2.52327036347545,3,0.06735232
104,2.52327036347545,4,0.06720947
104,2.52327036347545,5,0.06723657
104,2.52327036347545,6,0.06733306
104,2.52327036347545,7,0.06709702
104,2.52327036347545,8,0.06734113
104,2.52327036347545,9,0.06735524
104,2.52327036347545,10,0.06719026
104,2.52327036347545,11,0.067633
104,2.52327036347545,12,0.06740021
104,2.52327036347545,13,0.06716875
104,2.52327036347545,14,0.06702618
104,2.52327036347545,15,0.06718142
105,2.53242591631825,0,0.06735338
105,2.53242591631825,1,0.06754215
105,2.53242591631825,2,0.06730677
105,2.53242591631825,3,0.06730391
105,2.53242591631825,4,0.06729487
105,2.53242591631825,5,0.06743754
105,2.53242591631825,6,0.06732044
105,2.53242591631825,7,0.0675075
105,2.53242591631825,8,0.06736398
105,2.53242591631825,9,0.06729296
105,2.53242591631825,10,0.06760098
105,2.53242591631825,11,0.06751285
105,2.53242591631825,12,0.06749938
105,2.53242591631825,13,0.06769838
105,2.53242591631825,14,0.06733836
105,2.53242591631825,15,0.06727079
106,2.54341257972961,0,0.0676491
106,2.54341257972961,1,0.06740059
106,2.54341257972961,2,0.06771836
106,2.54341257972961,3,0.06755199
106,2.54341257972961,4,0.06775044
106,2.54341257972961,5,0.06760203
106,2.54341257972961,6,0.06741842
106,2.54341257972961,7,0.06732526
106,2.54341257972961,8,0.06742444
106,2.54341257972961,9,0.06744757
106,2.54341257972961,10,0.06765718
106,2.54341257972961,11,0.06744838
106,2.54341257972961,12,0.06733741
106,2.54341257972961,13,0.06729119
106,2.54341257972961,14,0.06735294
106,2.54341257972961,15,0.06745244
107,2.5525681325724,0,0.06761427
107,2.5525681325724,1,0.06732708
107,2.5525681325724,2,0.06718839
107,2.5525681325724,3,0.0674014
107,2.5525681325724,4,0.0672088
107,2.5525681325724,5,0.0675929
107,2.5525681325724,6,0.06727313
107,2.5525681325724,7,0.06730705
107,2.5525681325724,8,0.0672382
107,2.5525681325724,9,0.06725535
107,2.5525681325724,10,0.06704406
107,2.5525681325724,11,0.06737526
107,2.5525681325724,12,0.06727996
107,2.5525681325724,13,0.06745694
107,2.5525681325724,14,0.06746051
107,2.5525681325724,15,0.0671699
108,2.56294442579424,0,0.06715522
108,2.56294442579424,1,0.06727991
108,2.56294442579424,2,0.06747586
108,2.56294442579424,3,0.06732833
108,2.56294442579424,4,0.06722385
108,2.56294442579424,5,0.06737641
108,2.56294442579424,6,0.06722968
108,2.56294442579424,7,0.06728479
108,2.56294442579424,8,0.06729683
108,2.56294442579424,9,0.06738319
108,2.56294442579424,10,0.06744241
108,2.56294442579424,11,0.06724656
108,2.56294442579424,12,0.06720259
108,2.56294442579424,13,0.06694508
108,2.56294442579424,14,0.06715317
108,2.56294442579424,15,0.06732632
109,2.57271034882656,0,0.06715479
109,2.57271034882656,1,0.06731901
109,2.57271034882656,2,0.06743553
109,2.57271034882656,3,0.0671092
109,2.57271034882656,4,0.06719154
109,2.57271034882656,5,0.06702967
109,2.57271034882656,6,0.06720694
109,2.57271034882656,7,0.06699287
109,2.57271034882656,8,0.06716248
109,2.57271034882656,9,0.06724995
109,2.57271034882656,10,0.06702901
109,2.57271034882656,11,0.06744622
109,2.57271034882656,12,0.06726887
109,2.57271034882656,13,0.06703574
109,2.57271034882656,14,0.06694274
109,2.57271034882656,15,0.06720273
110,2.58247627185888,0,0.06704674
110,2.58247627185888,1,0.06705185
110,2.58247627185888,2,0.06731461
110,2.58247627185888,3,0.06727083
110,2.58247627185888,4,0.06721453
110,2.58247627185888,5,0.06719236
110,2.58247627185888,6,0.0674035
110,2.58247627185888,7,0.06708793
110,2.58247627185888,8,0.06714509
110,2.58247627185888,9,0.06695364
110,2.58247627185888,10,0.06711541
110,2.58247627185888,11,0.06724565
110,2.58247627185888,12,0.06740441
110,2.58247627185888,13,0.06710399
110,2.58247627185888,14,0.06700797
110,2.58247627185888,15,0.06693992
111,2.59346293527024,0,0.06697973
111,2.59346293527024,1,0.06699379
111,2.59346293527024,2,0.06698499
111,2.59346293527024,3,0.06683788
111,2.59346293527024,4,0.06685805
111,2.59346293527024,5,0.06702599
111,2.59346293527024,6,0.06712416
111,2.59346293527024,7,0.0670865
111,2.59346293527024,8,0.06709094
111,2.59346293527024,9,0.06728364
111,2.59346293527024,10,0.0671621
111,2.59346293527024,11,0.06703273
111,2.59346293527024,12,0.06716115
111,2.59346293527024,13,0.06701467
111,2.59346293527024,14,0.0670563
111,2.59346293527024,15,0.06691894
112,2.60322885830256,0,0.06708879
112,2.60322885830256,1,0.06698471
112,2.60322885830256,2,0.06713969
112,2.60322885830256,3,0.06730907
112,2.60322885830256,4,0.06730285
112,2.60322885830256,5,0.06704406
112,2.60322885830256,6,0.06714328
112,2.60322885830256,7,0.06714242
112,2.60322885830256,8,0.06744231
112,2.60322885830256,9,0.06724192
112,2.60322885830256,10,0.06709003
112,2.60322885830256,11,0.06713405
112,2.60322885830256,12,0.06742807
112,2.60322885830256,13,0.0670951
112,2.60322885830256,14,0.06737516
112,2.60322885830256,15,0.06706691
113,2.61238441114536,0,0.0671363
113,2.61238441114536,1,0.06720541
113,2.61238441114536,2,0.06703202
113,2.61238441114536,3,0.06724957
113,2.61238441114536,4,0.06715895
113,2.61238441114536,5,0.06708287
113,2.61238441114536,6,0.06714442
113,2.61238441114536,7,0.06713773
113,2.61238441114536,8,0.06702017
113,2.61238441114536,9,0.06722605
113,2.61238441114536,10,0.06702561
113,2.61238441114536,11,0.06750143
113,2.61238441114536,12,0.06736499
113,2.61238441114536,13,0.06726677
113,2.61238441114536,14,0.06740331
113,2.61238441114536,15,0.0672478
114,2.6227607043672,0,0.06730893
114,2.6227607043672,1,0.06713836
114,2.6227607043672,2,0.06750339
114,2.6227607043672,3,0.06708999
114,2.6227607043672,4,0.06738339
114,2.6227607043672,5,0.06722242
114,2.6227607043672,6,0.06724446
114,2.6227607043672,7,0.06715551
114,2.6227607043672,8,0.06714978
114,2.6227607043672,9,0.06704698
114,2.6227607043672,10,0.06734147
114,2.6227607043672,11,0.06715747
114,2.6227607043672,12,0.06728201
114,2.6227607043672,13,0.06721339
114,2.6227607043672,14,0.06700683
114,2.6227607043672,15,0.06716836
115,2.63313699758904,0,0.06716139
115,2.63313699758904,1,0.06708779
115,2.63313699758904,2,0.06707541
115,2.63313699758904,3,0.06699488
115,2.63313699758904,4,0.06712627
115,2.63313699758904,5,0.06687856
115,2.63313699758904,6,0.06696086
115,2.63313699758904,7,0.06702533
115,2.63313699758904,8,0.06714232
115,2.63313699758904,9,0.06687139
115,2.63313699758904,10,0.06711236
115,2.63313699758904,11,0.06728947
115,2.63313699758904,12,0.06719226
115,2.63313699758904,13,0.06723246
115,2.63313699758904,14,0.06722156
115,2.63313699758904,15,0.06744336
116,2.64229255043184,0,0.06721104
116,2.64229255043184,1,0.06733019
116,2.64229255043184,2,0.06727504
116,2.64229255043184,3,0.06725463
116,2.64229255043184,4,0.06729712
116,2.64229255043184,5,0.06729707
116,2.64229255043184,6,0.06739715
116,2.64229255043184,7,0.06730291
116,2.64229255043184,8,0.06711207
116,2.64229255043184,9,0.06739686
116,2.64229255043184,10,0.06757303
116,2.64229255043184,11,0.06700406
116,2.64229255043184,12,0.06700454
116,2.64229255043184,13,0.06706093
116,2.64229255043184,14,0.06729788
116,2.64229255043184,15,0.06747381
117,2.65205847346416,0,0.06763057
117,2.65205847346416,1,0.06713028
117,2.65205847346416,2,0.06718878
117,2.65205847346416,3,0.06719776
117,2.65205847346416,4,0.06726782
117,2.65205847346416,5,0.06730954
117,2.65205847346416,6,0.06717128
117,2.65205847346416,7,0.06728823
117,2.65205847346416,8,0.0669112
117,2.65205847346416,9,0.06743716
117,2.65205847346416,10,0.06737449
117,2.65205847346416,11,0.06742887
117,2.65205847346416,12,0.06741431
117,2.65205847346416,13,0.06741053
117,2.65205847346416,14,0.06732522
117,2.65205847346416,15,0.0675832
118,2.66182439649648,0,0.06729573
118,2.66182439649648,1,0.06756805
118,2.66182439649648,2,0.06739151
118,2.66182439649648,3,0.0672401
118,2.66182439649648,4,0.06696253
118,2.66182439649648,5,0.06727729
118,2.66182439649648,6,0.06717663
118,2.66182439649648,7,0.06721434
118,2.66182439649648,8,0.06727385
118,2.66182439649648,9,0.06733712
118,2.66182439649648,10,0.06743151
118,2.66182439649648,11,0.06741737
118,2.66182439649648,12,0.0673278
118,2.66182439649648,13,0.06746235
118,2.66182439649648,14,0.06728861
118,2.66182439649648,15,0.06710351
119,2.67281105990783,0,0.06746066
119,2.67281105990783,1,0.06729616
119,2.67281105990783,2,0.06711637
119,2.67281105990783,3,0.06734711
119,2.67281105990783,4,0.06708421
119,2.67281105990783,5,0.06714251
119,2.67281105990783,6,0.06725167
119,2.67281105990783,7,0.06737717
119,2.67281105990783,8,0.06722443
119,2.67281105990783,9,0.06707402
119,2.67281105990783,10,0.0669394
119,2.67281105990783,11,0.06717721
119,2.67281105990783,12,0.06714318
119,2.67281105990783,13,0.06714877
119,2.67281105990783,14,0.06711637
119,2.67281105990783,15,0.0671697
120,2.68196661275063,0,0.06718586
120,2.68196661275063,1,0.06721186
120,2.68196661275063,2,0.06733593
120,2.68196661275063,3,0.06726199
120,2.68196661275063,4,0.06729516
120,2.68196661275063,5,0.06731686
120,2.68196661275063,6,0.06731805
120,2.68196661275063,7,0.06726839
120,2.68196661275063,8,0.06716359
120,2.68196661275063,9,0.0673212
120,2.68196661275063,10,0.06713219
120,2.68196661275063,11,0.06729066
120,2.68196661275063,12,0.06722184
120,2.68196661275063,13,0.067174
120,2.68196661275063,14,0.06695803
120,2.68196661275063,15,0.06732441
121,2.69234290597247,0,0.06748064
121,2.69234290597247,1,0.06703369
121,2.69234290597247,2,0.06723174
121,2.69234290597247,3,0.06774516
121,2.69234290597247,4,0.06739701
121,2.69234290597247,5,0.06744733
121,2.69234290597247,6,0.0675411
121,2.69234290597247,7,0.067435
121,2.69234290597247,8,0.06722906
121,2.69234290597247,9,0.06744317
121,2.69234290597247,10,0.06740609
121,2.69234290597247,11,0.06733712
121,2.69234290597247,12,0.06717023
121,2.69234290597247,13,0.06733493
121,2.69234290597247,14,0.06699894
121,2.69234290597247,15,0.06678627
122,2.70210882900479,0,0.06709673
122,2.70210882900479,1,0.06709352
122,2.70210882900479,2,0.0670561
122,2.70210882900479,3,0.06737713
122,2.70210882900479,4,0.06739514
122,2.70210882900479,5,0.06735934
122,2.70210882900479,6,0.06710375
122,2.70210882900479,7,0.067476
122,2.70210882900479,8,0.06734385
122,2.70210882900479,9,0.06747939
122,2.70210882900479,10,0.0673213
122,2.70210882900479,11,0.06723958
122,2.70210882900479,12,0.06743275
122,2.70210882900479,13,0.06717271
122,2.70210882900479,14,0.06735419
122,2.70210882900479,15,0.06737111
123,2.71187475203711,0,0.06695574
123,2.71187475203711,1,0.06734792
123,2.71187475203711,2,0.06722414
123,2.71187475203711,3,0.0671385
123,2.71187475203711,4,0.06733832
123,2.71187475203711,5,0.06715384
123,2.71187475203711,6,0.0671483
123,2.71187475203711,7,0.06692448
123,2.71187475203711,8,0.06724077
123,2.71187475203711,9,0.06732054
123,2.71187475203711,10,0.06727293
123,2.71187475203711,11,0.06715073
123,2.71187475203711,12,0.06744069
123,2.71187475203711,13,0.0672749
123,2.71187475203711,14,0.0670931
123,2.71187475203711,15,0.06735681
124,2.72286141544847,0,0.06740408
124,2.72286141544847,1,0.06717099
124,2.72286141544847,2,0.06752021
124,2.72286141544847,3,0.06739013
124,2.72286141544847,4,0.06730916
124,2.72286141544847,5,0.06727107
124,2.72286141544847,6,0.06738816
124,2.72286141544847,7,0.06722395
124,2.72286141544847,8,0.06728059
124,2.72286141544847,9,0.06723996
124,2.72286141544847,10,0.06742778
124,2.72286141544847,11,0.06714476
124,2.72286141544847,12,0.06696109
124,2.72286141544847,13,0.06737421
124,2.72286141544847,14,0.06718017
124,2.72286141544847,15,0.067566
125,2.73262733848079,0,0.06732097
125,2.73262733848079,1,0.06746262
125,2.73262733848079,2,0.06748079
125,2.73262733848079,3,0.06742233
125,2.73262733848079,4,0.06755023
125,2.73262733848079,5,0.06739456
125,2.73262733848079,6,0.06722041
125,2.73262733848079,7,0.06730831
125,2.73262733848079,8,0.0671287
125,2.73262733848079,9,0.06738286
125,2.73262733848079,10,0.06743017
125,2.73262733848079,11,0.06719337
125,2.73262733848079,12,0.06715947
125,2.73262733848079,13,0.06734396
125,2.73262733848079,14,0.06743748
125,2.73262733848079,15,0.06717511
126,2.74239326151311,0,0.06712057
126,2.74239326151311,1,0.06746233
126,2.74239326151311,2,0.06728799
126,2.74239326151311,3,0.0675412
126,2.74239326151311,4,0.06764854
126,2.74239326151311,5,0.0675065
126,2.74239326151311,6,0.06709792
126,2.74239326151311,7,0.06718227
126,2.74239326151311,8,0.06722834
126,2.74239326151311,9,0.06749459
126,2.74239326151311,10,0.0672098
126,2.74239326151311,11,0.06728636
126,2.74239326151311,12,0.06726696
126,2.74239326151311,13,0.06756303
126,2.74239326151311,14,0.067277
126,2.74239326151311,15,0.06761341
127,2.75276955473495,0,0.06719159
127,2.75276955473495,1,0.06743754
127,2.75276955473495,2,0.06757503
127,2.75276955473495,3,0.06742974
127,2.75276955473495,4,0.06742836
127,2.75276955473495,5,0.06700095
127,2.75276955473495,6,0.06743868
127,2.75276955473495,7,0.06722882
127,2.75276955473495,8,0.06735685
127,2.75276955473495,9,0.06711327
127,2.75276955473495,10,0.06712406
127,2.75276955473495,11,0.06740604
127,2.75276955473495,12,0.06728985
127,2.75276955473495,13,0.06757885
127,2.75276955473495,14,0.06741827
127,2.75276955473495,15,0.0676342
128,2.76253547776727,0,0.0673872
128,2.76253547776727,1,0.06756485
128,2.76253547776727,2,0.067672
128,2.76253547776727,3,0.06727867
128,2.76253547776727,4,0.06742945
128,2.76253547776727,5,0.06748289
128,2.76253547776727,6,0.06723638
128,2.76253547776727,7,0.06726271
128,2.76253547776727,8,0.06771521
128,2.76253547776727,9,0.06763835
128,2.76253547776727,10,0.06771147
128,2.76253547776727,11,0.06757408
128,2.76253547776727,12,0.06782442
128,2.76253547776727,13,0.06764433
128,2.76253547776727,14,0.06758563
128,2.76253547776727,15,0.06768371
129,2.77169103061006,0,0.0676906
129,2.77169103061006,1,0.06774785
129,2.77169103061006,2,0.06746583
129,2.77169103061006,3,0.06773284
129,2.77169103061006,4,0.06752275
129,2.77169103061006,5,0.06731647
129,2.77169103061006,6,0.06746267
129,2.77169103061006,7,0.06754392
129,2.77169103061006,8,0.06739844
129,2.77169103061006,9,0.06754974
129,2.77169103061006,10,0.06754979
129,2.77169103061006,11,0.06745359
129,2.77169103061006,12,0.06756485
129,2.77169103061006,13,0.0671946
129,2.77169103061006,14,0.06763209
129,2.77169103061006,15,0.0675023
130,2.78267769402142,0,0.06752637
130,2.78267769402142,1,0.06744255
130,2.78267769402142,2,0.0676775
130,2.78267769402142,3,0.06763706
130,2.78267769402142,4,0.06760438
130,2.78267769402142,5,0.06741344
130,2.78267769402142,6,0.06757584
130,2.78267769402142,7,0.0675096
130,2.78267769402142,8,0.06742124
130,2.78267769402142,9,0.06742654
130,2.78267769402142,10,0.06761459
130,2.78267769402142,11,0.06785786
130,2.78267769402142,12,0.06788645
130,2.78267769402142,13,0.06766416
130,2.78267769402142,14,0.0676914
130,2.78267769402142,15,0.06741019
131,2.79244361705374,0,0.0675939
131,2.79244361705374,1,0.06765351
131,2.79244361705374,2,0.06771845
131,2.79244361705374,3,0.06770545
131,2.79244361705374,4,0.06788003
131,2.79244361705374,5,0.06786092
131,2.79244361705374,6,0.06746754
131,2.79244361705374,7,0.06733325
131,2.79244361705374,8,0.06765562
131,2.79244361705374,9,0.06778241
131,2.79244361705374,10,0.06768495
131,2.79244361705374,11,0.06759065
131,2.79244361705374,12,0.06791005
131,2.79244361705374,13,0.06794351
131,2.79244361705374,14,0.06769427
131,2.79244361705374,15,0.06792902
132,2.80281991027558,0,0.06788296
132,2.80281991027558,1,0.06771754
132,2.80281991027558,2,0.06781681
132,2.80281991027558,3,0.06789098
132,2.80281991027558,4,0.06771211
132,2.80281991027558,5,0.06771115
132,2.80281991027558,6,0.06768175
132,2.80281991027558,7,0.06770149
132,2.80281991027558,8,0.06763625
132,2.80281991027558,9,0.06797836
132,2.80281991027558,10,0.06753675
132,2.80281991027558,11,0.06780563
132,2.80281991027558,12,0.06799053
132,2.80281991027558,13,0.06790026
132,2.80281991027558,14,0.0676657
132,2.80281991027558,15,0.06778866
133,2.8125858333079,0,0.06741259
133,2.8125858333079,1,0.06749699
133,2.8125858333079,2,0.06764065
133,2.8125858333079,3,0.06767453
133,2.8125858333079,4,0.06775138
133,2.8125858333079,5,0.06787565
133,2.8125858333079,6,0.06775434
133,2.8125858333079,7,0.06777661
133,2.8125858333079,8,0.06785284
133,2.8125858333079,9,0.06760972
133,2.8125858333079,10,0.06744475
133,2.8125858333079,11,0.06756389
133,2.8125858333079,12,0.06765135
133,2.8125858333079,13,0.06776242
133,2.8125858333079,14,0.0679641
133,2.8125858333079,15,0.06805602
134,2.82235175634022,0,0.06781255
134,2.82235175634022,1,0.0678581
134,2.82235175634022,2,0.06792607
134,2.82235175634022,3,0.06810591
134,2.82235175634022,4,0.06772362
134,2.82235175634022,5,0.06808549
134,2.82235175634022,6,0.06811684
134,2.82235175634022,7,0.06781466
134,2.82235175634022,8,0.06811809
134,2.82235175634022,9,0.06813873
134,2.82235175634022,10,0.06779884
134,2.82235175634022,11,0.06805056
134,2.82235175634022,12,0.0676873
134,2.82235175634022,13,0.06820115
134,2.82235175634022,14,0.06763682
134,2.82235175634022,15,0.06775101
135,2.83211767937254,0,0.0678386
135,2.83211767937254,1,0.06760146
135,2.83211767937254,2,0.06764576
135,2.83211767937254,3,0.06779888
135,2.83211767937254,4,0.06804133
135,2.83211767937254,5,0.06788515
135,2.83211767937254,6,0.06763177
135,2.83211767937254,7,0.0675509
135,2.83211767937254,8,0.06745932
135,2.83211767937254,9,0.06750985
135,2.83211767937254,10,0.06747104
135,2.83211767937254,11,0.06760399
135,2.83211767937254,12,0.0675733
135,2.83211767937254,13,0.0676796
135,2.83211767937254,14,0.06763329
135,2.83211767937254,15,0.0676104
136,2.84249397259438,0,0.06811001
136,2.84249397259438,1,0.06762971
136,2.84249397259438,2,0.0678408
136,2.84249397259438,3,0.06791345
136,2.84249397259438,4,0.06815126
136,2.84249397259438,5,0.06788128
136,2.84249397259438,6,0.06797839
136,2.84249397259438,7,0.06805482
136,2.84249397259438,8,0.06814776
136,2.84249397259438,9,0.06804153
136,2.84249397259438,10,0.06816301
136,2.84249397259438,11,0.06772041
136,2.84249397259438,12,0.0677349
136,2.84249397259438,13,0.06775741
136,2.84249397259438,14,0.06783693
136,2.84249397259438,15,0.06766445
137,2.8522598956267,0,0.06774168
137,2.8522598956267,1,0.06751285
137,2.8522598956267,2,0.0677055
137,2.8522598956267,3,0.06790158
137,2.8522598956267,4,0.06789896
137,2.8522598956267,5,0.06778067
137,2.8522598956267,6,0.06785666
137,2.8522598956267,7,0.06771807
137,2.8522598956267,8,0.06761513
137,2.8522598956267,9,0.06744021
137,2.8522598956267,10,0.06738731
137,2.8522598956267,11,0.06759902
137,2.8522598956267,12,0.06775636
137,2.8522598956267,13,0.06771749
137,2.8522598956267,14,0.06748346
137,2.8522598956267,15,0.06741263
138,2.86263618884854,0,0.06748269
138,2.86263618884854,1,0.06771745
138,2.86263618884854,2,0.06768991
138,2.86263618884854,3,0.06780586
138,2.86263618884854,4,0.06772266
138,2.86263618884854,5,0.06749531
138,2.86263618884854,6,0.06759405
138,2.86263618884854,7,0.0678722
138,2.86263618884854,8,0.06768806
138,2.86263618884854,9,0.06764801
138,2.86263618884854,10,0.06736451
138,2.86263618884854,11,0.06749441
138,2.86263618884854,12,0.06747724
138,2.86263618884854,13,0.06758406
138,2.86263618884854,14,0.06750301
138,2.86263618884854,15,0.06757144
139,2.87240211188086,0,0.0677889
139,2.87240211188086,1,0.06771529
139,2.87240211188086,2,0.06759635
139,2.87240211188086,3,0.06777221
139,2.87240211188086,4,0.06771649
139,2.87240211188086,5,0.06774158
139,2.87240211188086,6,0.06768404
139,2.87240211188086,7,0.06796018
139,2.87240211188086,8,0.06758158
139,2.87240211188086,9,0.06773781
139,2.87240211188086,10,0.06750181
139,2.87240211188086,11,0.06781064
139,2.87240211188086,12,0.06749063
139,2.87240211188086,13,0.06751538
139,2.87240211188086,14,0.0678019
139,2.87240211188086,15,0.06780175
140,2.88338877529222,0,0.06783206
140,2.88338877529222,1,0.06789309
140,2.88338877529222,2,0.06799502
140,2.88338877529222,3,0.067964
140,2.88338877529222,4,0.0677857
140,2.88338877529222,5,0.06795511
140,2.88338877529222,6,0.06758378
140,2.88338877529222,7,0.0678449
140,2.88338877529222,8,0.06782427
140,2.88338877529222,9,0.06789781
140,2.88338877529222,10,0.06770426
140,2.88338877529222,11,0.06787086
140,2.88338877529222,12,0.06802121
140,2.88338877529222,13,0.06778196
140,2.88338877529222,14,0.06790743
140,2.88338877529222,15,0.06784425
141,2.89254432813501,0,0.06804931
141,2.89254432813501,1,0.06765895
141,2.89254432813501,2,0.06739313
141,2.89254432813501,3,0.06737502
141,2.89254432813501,4,0.06738739
141,2.89254432813501,5,0.06716397
141,2.89254432813501,6,0.06757876
141,2.89254432813501,7,0.06744742
141,2.89254432813501,8,0.06725186
141,2.89254432813501,9,0.06728283
141,2.89254432813501,10,0.06748652
141,2.89254432813501,11,0.0674599
141,2.89254432813501,12,0.06769484
141,2.89254432813501,13,0.06739146
141,2.89254432813501,14,0.06750789
141,2.89254432813501,15,0.06731021
142,2.90169988097781,0,0.06736317
142,2.90169988097781,1,0.06722447
142,2.90169988097781,2,0.06737225
142,2.90169988097781,3,0.06742865
142,2.90169988097781,4,0.06725406
142,2.90169988097781,5,0.06733976
142,2.90169988097781,6,0.06709133
142,2.90169988097781,7,0.06762005
142,2.90169988097781,8,0.0676147
142,2.90169988097781,9,0.06787607
142,2.90169988097781,10,0.06784181
142,2.90169988097781,11,0.06744809
142,2.90169988097781,12,0.06758893
142,2.90169988097781,13,0.06746367
142,2.90169988097781,14,0.06764619
142,2.90169988097781,15,0.06791335
143,2.91268654438917,0,0.0675475
143,2.91268654438917,1,0.06772007
143,2.91268654438917,2,0.06753675
143,2.91268654438917,3,0.06774846
143,2.91268654438917,4,0.06767745
143,2.91268654438917,5,0.06794044
143,2.91268654438917,6,0.06761589
143,2.91268654438917,7,0.06780212
143,2.91268654438917,8,0.06750984
143,2.91268654438917,9,0.06767143
143,2.91268654438917,10,0.06756676
143,2.91268654438917,11,0.06754
143,2.91268654438917,12,0.06752575
143,2.91268654438917,13,0.06780668
143,2.91268654438917,14,0.06770359
143,2.91268654438917,15,0.06755874
144,2.92184209723197,0,0.0677639
144,2.92184209723197,1,0.06753006
144,2.92184209723197,2,0.06755591
144,2.92184209723197,3,0.06752103
144,2.92184209723197,4,0.06773121
144,2.92184209723197,5,0.0676696
144,2.92184209723197,6,0.06758903
144,2.92184209723197,7,0.06779301
144,2.92184209723197,8,0.06761006
144,2.92184209723197,9,0.06744871
144,2.92184209723197,10,0.06723585
144,2.92184209723197,11,0.06764069
144,2.92184209723197,12,0.06749707
144,2.92184209723197,13,0.06777135
144,2.92184209723197,14,0.06745689
144,2.92184209723197,15,0.06731203
145,2.93282876064333,0,0.06757971
145,2.93282876064333,1,0.06770774
145,2.93282876064333,2,0.0677011
145,2.93282876064333,3,0.0677444
145,2.93282876064333,4,0.0676091
145,2.93282876064333,5,0.06780266
145,2.93282876064333,6,0.06754617
145,2.93282876064333,7,0.06724488
145,2.93282876064333,8,0.06746673
145,2.93282876064333,9,0.06734098
145,2.93282876064333,10,0.06780004
145,2.93282876064333,11,0.06758382
145,2.93282876064333,12,0.06754865
145,2.93282876064333,13,0.06746654
145,2.93282876064333,14,0.06751974
145,2.93282876064333,15,0.06734797
146,2.94259468367565,0,0.06732699
146,2.94259468367565,1,0.0673753
146,2.94259468367565,2,0.06716182
146,2.94259468367565,3,0.06738118
146,2.94259468367565,4,0.06717534
146,2.94259468367565,5,0.06748164
146,2.94259468367565,6,0.06764829
146,2.94259468367565,7,0.06737622
146,2.94259468367565,8,0.0674253
146,2.94259468367565,9,0.06752245
146,2.94259468367565,10,0.06724933
146,2.94259468367565,11,0.06753474
146,2.94259468367565,12,0.06753761
146,2.94259468367565,13,0.06757703
146,2.94259468367565,14,0.06748083
146,2.94259468367565,15,0.06755146
147,2.95236060670797,0,0.06756566
147,2.95236060670797,1,0.06765164
147,2.95236060670797,2,0.06758316
147,2.95236060670797,3,0.06731093
147,2.95236060670797,4,0.06736221
147,2.95236060670797,5,0.06739237
147,2.95236060670797,6,0.06741612
147,2.95236060670797,7,0.06740919
147,2.95236060670797,8,0.06742057
147,2.95236060670797,9,0.06771994
147,2.95236060670797,10,0.06760848
147,2.95236060670797,11,0.0674719
147,2.95236060670797,12,0.06780051
147,2.95236060670797,13,0.06767649
147,2.95236060670797,14,0.06792951
147,2.95236060670797,15,0.06776873
148,2.96212652974029,0,0.06753474
148,2.96212652974029,1,0.06783071
148,2.96212652974029,2,0.06768342
148,2.96212652974029,3,0.06769442
148,2.96212652974029,4,0.06787827
148,2.96212652974029,5,0.06767529
148,2.96212652974029,6,0.06773093
148,2.96212652974029,7,0.06756098
148,2.96212652974029,8,0.06794566
148,2.96212652974029,9,0.06768303
148,2.96212652974029,10,0.06777705
148,2.96212652974029,11,0.06774765
148,2.96212652974029,12,0.06786307
148,2.96212652974029,13,0.06774513
148,2.96212652974029,14,0.06797118
148,2.96212652974029,15,0.06777886
149,2.97250282296213,0,0.0676256
149,2.97250282296213,1,0.06791048
149,2.97250282296213,2,0.06782723
149,2.97250282296213,3,0.06763501
149,2.97250282296213,4,0.06769732
149,2.97250282296213,5,0.06766436
149,2.97250282296213,6,0.06793499
149,2.97250282296213,7,0.06783663
149,2.97250282296213,8,0.06769231
149,2.97250282296213,9,0.06777733
149,2.97250282296213,10,0.06803349
149,2.97250282296213,11,0.06780002
149,2.97250282296213,12,0.06782469
149,2.97250282296213,13,0.06778851
149,2.97250282296213,14,0.06776954
149,2.97250282296213,15,0.0677012
150,2.98287911618397,0,0.06760556
150,2.98287911618397,1,0.06762712
150,2.98287911618397,2,0.06743046
150,2.98287911618397,3,0.06769346
150,2.98287911618397,4,0.06787134
150,2.98287911618397,5,0.06760117
150,2.98287911618397,6,0.06771267
150,2.98287911618397,7,0.06778278
150,2.98287911618397,8,0.06775808
150,2.98287911618397,9,0.06796233
150,2.98287911618397,10,0.06801734
150,2.98287911618397,11,0.06798718
150,2.98287911618397,12,0.06765598
150,2.98287911618397,13,0.06780099
150,2.98287911618397,14,0.06763897
150,2.98287911618397,15,0.06775808
151,2.99203466902676,0,0.06763625
151,2.99203466902676,1,0.0676873
151,2.99203466902676,2,0.06766292
151,2.99203466902676,3,0.0674784
151,2.99203466902676,4,0.06718872
151,2.99203466902676,5,0.06757584
151,2.99203466902676,6,0.06753054
151,2.99203466902676,7,0.06746047
151,2.99203466902676,8,0.06745899
151,2.99203466902676,9,0.06728584
151,2.99203466902676,10,0.06748184
151,2.99203466902676,11,0.06754243
151,2.99203466902676,12,0.06728704
151,2.99203466902676,13,0.06732876
151,2.99203466902676,14,0.06751271
151,2.99203466902676,15,0.06737927
152,3.00180059205908,0,0.06709725
152,3.00180059205908,1,0.06711947
152,3.00180059205908,2,0.06715976
152,3.00180059205908,3,0.06719322
152,3.00180059205908,4,0.06722055
152,3.00180059205908,5,0.06745455
152,3.00180059205908,6,0.06733411
152,3.00180059205908,7,0.06740528
152,3.00180059205908,8,0.06753001
152,3.00180059205908,9,0.06741755
152,3.00180059205908,10,0.06764031
152,3.00180059205908,11,0.06754617
152,3.00180059205908,12,0.0676234
152,3.00180059205908,13,0.06744718
152,3.00180059205908,14,0.06774957
152,3.00180059205908,15,0.06785796
153,3.01278725547044,0,0.06732264
153,3.01278725547044,1,0.06737751
153,3.01278725547044,2,0.06749913
153,3.01278725547044,3,0.06751452
153,3.01278725547044,4,0.06756303
153,3.01278725547044,5,0.06764776
153,3.01278725547044,6,0.0676102
153,3.01278725547044,7,0.06753579
153,3.01278725547044,8,0.06745545
153,3.01278725547044,9,0.067789
153,3.01278725547044,10,0.06771434
153,3.01278725547044,11,0.06771544
153,3.01278725547044,12,0.06776734
153,3.01278725547044,13,0.06772743
153,3.01278725547044,14,0.06766377
153,3.01278725547044,15,0.06784558
154,3.02255317850276,0,0.06745865
154,3.02255317850276,1,0.06756035
154,3.02255317850276,2,0.06761517
154,3.02255317850276,3,0.06751969
154,3.02255317850276,4,0.06770942
154,3.02255317850276,5,0.06751777
154,3.02255317850276,6,0.06756628
154,3.02255317850276,7,0.067607
154,3.02255317850276,8,0.06745316
154,3.02255317850276,9,0.06746688
154,3.02255317850276,10,0.06756648
154,3.02255317850276,11,0.06785992
154,3.02255317850276,12,0.06739251
154,3.02255317850276,13,0.06741244
154,3.02255317850276,14,0.06760677
154,3.02255317850276,15,0.06762498
155,3.03231910153508,0,0.06748728
155,3.03231910153508,1,0.06758172
155,3.03231910153508,2,0.06726457
155,3.03231910153508,3,0.06745703
155,3.03231910153508,4,0.06748747
155,3.03231910153508,5,0.06726949
155,3.03231910153508,6,0.0672121
155,3.03231910153508,7,0.06731103
155,3.03231910153508,8,0.06754869
155,3.03231910153508,9,0.06741707
155,3.03231910153508,10,0.06763387
155,3.03231910153508,11,0.06741311
155,3.03231910153508,12,0.06708626
155,3.03231910153508,13,0.06702485
155,3.03231910153508,14,0.0669338
155,3.03231910153508,15,0.06704712
156,3.04269539475692,0,0.0674708
156,3.04269539475692,1,0.06725502
156,3.04269539475692,2,0.06716564
156,3.04269539475692,3,0.06724183
156,3.04269539475692,4,0.06726075
156,3.04269539475692,5,0.06708755
156,3.04269539475692,6,0.06716765
156,3.04269539475692,7,0.06722118
156,3.04269539475692,8,0.06697467
156,3.04269539475692,9,0.06723456
156,3.04269539475692,10,0.06696682
156,3.04269539475692,11,0.0672143
156,3.04269539475692,12,0.06705123
156,3.04269539475692,13,0.06702399
156,3.04269539475692,14,0.06690422
156,3.04269539475692,15,0.06693247
157,3.05246131778924,0,0.06741741
157,3.05246131778924,1,0.06746047
157,3.05246131778924,2,0.06715838
157,3.05246131778924,3,0.06742716
157,3.05246131778924,4,0.0672987
157,3.05246131778924,5,0.06761909
157,3.05246131778924,6,0.06751256
157,3.05246131778924,7,0.06762516
157,3.05246131778924,8,0.0677176
157,3.05246131778924,9,0.06740532
157,3.05246131778924,10,0.06744255
157,3.05246131778924,11,0.06762286
157,3.05246131778924,12,0.06778546
157,3.05246131778924,13,0.0676188
157,3.05246131778924,14,0.0677197
157,3.05246131778924,15,0.06736809
158,3.0634479812006,0,0.06727719
158,3.0634479812006,1,0.06732737
158,3.0634479812006,2,0.06752542
158,3.0634479812006,3,0.06761327
158,3.0634479812006,4,0.06738004
158,3.0634479812006,5,0.06728302
158,3.0634479812006,6,0.06749712
158,3.0634479812006,7,0.06776892
158,3.0634479812006,8,0.06754602
158,3.0634479812006,9,0.06756781
158,3.0634479812006,10,0.06740402
158,3.0634479812006,11,0.06742219
158,3.0634479812006,12,0.06735959
158,3.0634479812006,13,0.06737354
158,3.0634479812006,14,0.0674189
158,3.0634479812006,15,0.06737124
159,3.0726035340434,0,0.0673691
159,3.0726035340434,1,0.06767941
159,3.0726035340434,2,0.06778183
159,3.0726035340434,3,0.06762167
159,3.0726035340434,4,0.06743151
159,3.0726035340434,5,0.06745575
159,3.0726035340434,6,0.06758966
159,3.0726035340434,7,0.06721357
159,3.0726035340434,8,0.06729268
159,3.0726035340434,9,0.06748145
159,3.0726035340434,10,0.06729363
159,3.0726035340434,11,0.06731541
159,3.0726035340434,12,0.06743797
159,3.0726035340434,13,0.06750201
159,3.0726035340434,14,0.0675366
159,3.0726035340434,15,0.0672878
160,3.08236945707572,0,0.0673106
160,3.08236945707572,1,0.0673127
160,3.08236945707572,2,0.06715322
160,3.08236945707572,3,0.06733941
160,3.08236945707572,4,0.06724684
160,3.08236945707572,5,0.06733205
160,3.08236945707572,6,0.0671308
160,3.08236945707572,7,0.06727409
160,3.08236945707572,8,0.067027
160,3.08236945707572,9,0.06706222
160,3.08236945707572,10,0.0675173
160,3.08236945707572,11,0.06696061
160,3.08236945707572,12,0.06710719
160,3.08236945707572,13,0.0670422
160,3.08236945707572,14,0.06714848
160,3.08236945707572,15,0.06704545
161,3.09274575029756,0,0.06749541
161,3.09274575029756,1,0.0674837
161,3.09274575029756,2,0.06747974
161,3.09274575029756,3,0.0673203
161,3.09274575029756,4,0.06711164
161,3.09274575029756,5,0.06730194
161,3.09274575029756,6,0.06742419
161,3.09274575029756,7,0.06719857
161,3.09274575029756,8,0.0672325
161,3.09274575029756,9,0.06750272
161,3.09274575029756,10,0.06722042
161,3.09274575029756,11,0.06727537
161,3.09274575029756,12,0.06749063
161,3.09274575029756,13,0.06752566
161,3.09274575029756,14,0.06735093
161,3.09274575029756,15,0.06745946
162,3.10251167332988,0,0.06729788
162,3.10251167332988,1,0.06727686
162,3.10251167332988,2,0.06733722
162,3.10251167332988,3,0.06727977
162,3.10251167332988,4,0.06732398
162,3.10251167332988,5,0.0675389
162,3.10251167332988,6,0.06723872
162,3.10251167332988,7,0.06753369
162,3.10251167332988,8,0.06727781
162,3.10251167332988,9,0.06733707
162,3.10251167332988,10,0.06723791
162,3.10251167332988,11,0.06708005
162,3.10251167332988,12,0.06673762
162,3.10251167332988,13,0.06709601
162,3.10251167332988,14,0.06740116
162,3.10251167332988,15,0.06732669
163,3.11227759636219,0,0.06724054
163,3.11227759636219,1,0.06760384
163,3.11227759636219,2,0.06745397
163,3.11227759636219,3,0.06760834
163,3.11227759636219,4,0.06725081
163,3.11227759636219,5,0.06740818
163,3.11227759636219,6,0.06714939
163,3.11227759636219,7,0.06743653
163,3.11227759636219,8,0.06715198
163,3.11227759636219,9,0.06744771
163,3.11227759636219,10,0.06730204
163,3.11227759636219,11,0.06712263
163,3.11227759636219,12,0.06723962
163,3.11227759636219,13,0.06706992
163,3.11227759636219,14,0.0673421
163,3.11227759636219,15,0.06717133
164,3.12326425977355,0,0.06714126
164,3.12326425977355,1,0.06723585
164,3.12326425977355,2,0.0672499
164,3.12326425977355,3,0.06717525
164,3.12326425977355,4,0.06710733
164,3.12326425977355,5,0.06715891
164,3.12326425977355,6,0.06724388
164,3.12326425977355,7,0.06727676
164,3.12326425977355,8,0.06708722
164,3.12326425977355,9,0.06731915
164,3.12326425977355,10,0.06697519
164,3.12326425977355,11,0.06703967
164,3.12326425977355,12,0.06706614
164,3.12326425977355,13,0.067041
164,3.12326425977355,14,0.06687535
164,3.12326425977355,15,0.06701596
165,3.13241981261635,0,0.06753985
165,3.13241981261635,1,0.0673126
165,3.13241981261635,2,0.06768523
165,3.13241981261635,3,0.06760972
165,3.13241981261635,4,0.06734113
165,3.13241981261635,5,0.06725827
165,3.13241981261635,6,0.06752264
165,3.13241981261635,7,0.06728316
165,3.13241981261635,8,0.06763759
165,3.13241981261635,9,0.06738906
165,3.13241981261635,10,0.06725076
165,3.13241981261635,11,0.06740647
165,3.13241981261635,12,0.06752284
165,3.13241981261635,13,0.06738515
165,3.13241981261635,14,0.06755386
165,3.13241981261635,15,0.06770364
166,3.14279610583819,0,0.0672119
166,3.14279610583819,1,0.0670432
166,3.14279610583819,2,0.06700808
166,3.14279610583819,3,0.06723996
166,3.14279610583819,4,0.06732378
166,3.14279610583819,5,0.06708741
166,3.14279610583819,6,0.06757384
166,3.14279610583819,7,0.06722552
166,3.14279610583819,8,0.06725711
166,3.14279610583819,9,0.06706858
166,3.14279610583819,10,0.06746525
166,3.14279610583819,11,0.06726137
166,3.14279610583819,12,0.06731619
166,3.14279610583819,13,0.0674113
166,3.14279610583819,14,0.06741765
166,3.14279610583819,15,0.06735475
167,3.15195165868099,0,0.0671275
167,3.15195165868099,1,0.06728804
167,3.15195165868099,2,0.0674805
167,3.15195165868099,3,0.06698614
167,3.15195165868099,4,0.06751893
167,3.15195165868099,5,0.06718156
167,3.15195165868099,6,0.0674686
167,3.15195165868099,7,0.06742816
167,3.15195165868099,8,0.06747065
167,3.15195165868099,9,0.06716856
167,3.15195165868099,10,0.06714237
167,3.15195165868099,11,0.06723686
167,3.15195165868099,12,0.06713697
167,3.15195165868099,13,0.06712211
167,3.15195165868099,14,0.06738979
167,3.15195165868099,15,0.06747949
168,3.16232795190283,0,0.06775334
168,3.16232795190283,1,0.0676991
168,3.16232795190283,2,0.06778058
168,3.16232795190283,3,0.06755596
168,3.16232795190283,4,0.06770015
168,3.16232795190283,5,0.06753116
168,3.16232795190283,6,0.06770675
168,3.16232795190283,7,0.06771128
168,3.16232795190283,8,0.06738906
168,3.16232795190283,9,0.06758563
168,3.16232795190283,10,0.06765388
168,3.16232795190283,11,0.06764844
168,3.16232795190283,12,0.06745631
168,3.16232795190283,13,0.06737411
168,3.16232795190283,14,0.06710231
168,3.16232795190283,15,0.06737746
169,3.17209387493515,0,0.0677727
169,3.17209387493515,1,0.06752284
169,3.17209387493515,2,0.06777987
169,3.17209387493515,3,0.06801061
169,3.17209387493515,4,0.0679154
169,3.17209387493515,5,0.06789108
169,3.17209387493515,6,0.06775492
169,3.17209387493515,7,0.06792988
169,3.17209387493515,8,0.0677857
169,3.17209387493515,9,0.06807173
169,3.17209387493515,10,0.06757919
169,3.17209387493515,11,0.06792429
169,3.17209387493515,12,0.06778589
169,3.17209387493515,13,0.06778632
169,3.17209387493515,14,0.06812597
169,3.17209387493515,15,0.06811523
170,3.18185979796747,0,0.06789108
170,3.18185979796747,1,0.06749976
170,3.18185979796747,2,0.06785877
170,3.18185979796747,3,0.0678311
170,3.18185979796747,4,0.06794719
170,3.18185979796747,5,0.0678981
170,3.18185979796747,6,0.0677716
170,3.18185979796747,7,0.06761092
170,3.18185979796747,8,0.06776663
170,3.18185979796747,9,0.06758406
170,3.18185979796747,10,0.06754138
170,3.18185979796747,11,0.0678139
170,3.18185979796747,12,0.0675986
170,3.18185979796747,13,0.0678971
170,3.18185979796747,14,0.06769809
170,3.18185979796747,15,0.06735232
171,3.19284646137883,0,0.06730768
171,3.19284646137883,1,0.06748872
171,3.19284646137883,2,0.06755782
171,3.19284646137883,3,0.06761474
171,3.19284646137883,4,0.06750568
171,3.19284646137883,5,0.0674025
171,3.19284646137883,6,0.06740633
171,3.19284646137883,7,0.06763414
171,3.19284646137883,8,0.06751648
171,3.19284646137883,9,0.06771448
171,3.19284646137883,10,0.06771749
171,3.19284646137883,11,0.06742553
171,3.19284646137883,12,0.0675129
171,3.19284646137883,13,0.06742405
171,3.19284646137883,14,0.06745765
171,3.19284646137883,15,0.06779645
172,3.20200201422163,0,0.06756686
172,3.20200201422163,1,0.06752542
172,3.20200201422163,2,0.06739088
172,3.20200201422163,3,0.06753574
172,3.20200201422163,4,0.06762774
172,3.20200201422163,5,0.0674523
172,3.20200201422163,6,0.06769103
172,3.20200201422163,7,0.0677724
172,3.20200201422163,8,0.0678807
172,3.20200201422163,9,0.0677618
172,3.20200201422163,10,0.06782178
172,3.20200201422163,11,0.06734075
172,3.20200201422163,12,0.06773078
172,3.20200201422163,13,0.0675249
172,3.20200201422163,14,0.06766215
172,3.20200201422163,15,0.06777375
173,3.21176793725394,0,0.06766947
173,3.21176793725394,1,0.06738606
173,3.21176793725394,2,0.06752805
173,3.21176793725394,3,0.06765337
173,3.21176793725394,4,0.06749493
173,3.21176793725394,5,0.06742363
173,3.21176793725394,6,0.06749077
173,3.21176793725394,7,0.06737641
173,3.21176793725394,8,0.06755816
173,3.21176793725394,9,0.06732924
173,3.21176793725394,10,0.06733325
173,3.21176793725394,11,0.06753574
173,3.21176793725394,12,0.06727599
173,3.21176793725394,13,0.06726079
173,3.21176793725394,14,0.06757818
173,3.21176793725394,15,0.06716731
174,3.22214423047578,0,0.06752982
174,3.22214423047578,1,0.06729501
174,3.22214423047578,2,0.06746224
174,3.22214423047578,3,0.06737712
174,3.22214423047578,4,0.06711379
174,3.22214423047578,5,0.06731389
174,3.22214423047578,6,0.06753416
174,3.22214423047578,7,0.06725693
174,3.22214423047578,8,0.06727624
174,3.22214423047578,9,0.06728947
174,3.22214423047578,10,0.06737009
174,3.22214423047578,11,0.06755897
174,3.22214423047578,12,0.06739184
174,3.22214423047578,13,0.06728794
174,3.22214423047578,14,0.06729406
174,3.22214423047578,15,0.06721568
175,3.23252052369762,0,0.06747141
175,3.23252052369762,1,0.06711633
175,3.23252052369762,2,0.06724068
175,3.23252052369762,3,0.06732904
175,3.23252052369762,4,0.06759873
175,3.23252052369762,5,0.06726821
175,3.23252052369762,6,0.0672077
175,3.23252052369762,7,0.0676513
175,3.23252052369762,8,0.06748021
175,3.23252052369762,9,0.06741526
175,3.23252052369762,10,0.0671299
175,3.23252052369762,11,0.06716234
175,3.23252052369762,12,0.06747567
175,3.23252052369762,13,0.06707369
175,3.23252052369762,14,0.06721855
175,3.23252052369762,15,0.06695588
176,3.2410657063509,0,0.06747868
176,3.2410657063509,1,0.06740656
176,3.2410657063509,2,0.06716827
176,3.2410657063509,3,0.06736517
176,3.2410657063509,4,0.06707881
176,3.2410657063509,5,0.06708593
176,3.2410657063509,6,0.06699593
176,3.2410657063509,7,0.06726806
176,3.2410657063509,8,0.06724775
176,3.2410657063509,9,0.06726419
176,3.2410657063509,10,0.06717855
176,3.2410657063509,11,0.06716062
176,3.2410657063509,12,0.06701515
176,3.2410657063509,13,0.06694002
176,3.2410657063509,14,0.06726018
176,3.2410657063509,15,0.06726094
177,3.25266273995178,0,0.06711952
177,3.25266273995178,1,0.06715752
177,3.25266273995178,2,0.06743118
177,3.25266273995178,3,0.06739352
177,3.25266273995178,4,0.06730305
177,3.25266273995178,5,0.06746563
177,3.25266273995178,6,0.06707436
177,3.25266273995178,7,0.0672931
177,3.25266273995178,8,0.06728579
177,3.25266273995178,9,0.06731891
177,3.25266273995178,10,0.06736723
177,3.25266273995178,11,0.06742181
177,3.25266273995178,12,0.06727399
177,3.25266273995178,13,0.06710599
177,3.25266273995178,14,0.06722677
177,3.25266273995178,15,0.06701003
178,3.26120792260506,0,0.06729086
178,3.26120792260506,1,0.06740656
178,3.26120792260506,2,0.06720851
178,3.26120792260506,3,0.06729984
178,3.26120792260506,4,0.06735338
178,3.26120792260506,5,0.06699536
178,3.26120792260506,6,0.06708511
178,3.26120792260506,7,0.06709668
178,3.26120792260506,8,0.06746248
178,3.26120792260506,9,0.06745431
178,3.26120792260506,10,0.0674576
178,3.26120792260506,11,0.06729511
178,3.26120792260506,12,0.0673309
178,3.26120792260506,13,0.06739829
178,3.26120792260506,14,0.06734104
178,3.26120792260506,15,0.06753273
179,3.27219458601642,0,0.06723872
179,3.27219458601642,1,0.06727193
179,3.27219458601642,2,0.06697796
179,3.27219458601642,3,0.06692549
179,3.27219458601642,4,0.06719126
179,3.27219458601642,5,0.06702002
179,3.27219458601642,6,0.06742224
179,3.27219458601642,7,0.06731858
179,3.27219458601642,8,0.06738606
179,3.27219458601642,9,0.06734319
179,3.27219458601642,10,0.06718686
179,3.27219458601642,11,0.0672899
179,3.27219458601642,12,0.06738395
179,3.27219458601642,13,0.06716248
179,3.27219458601642,14,0.06698752
179,3.27219458601642,15,0.06708793
180,3.28196050904874,0,0.06746005
180,3.28196050904874,1,0.0675485
180,3.28196050904874,2,0.06732441
180,3.28196050904874,3,0.06745932
180,3.28196050904874,4,0.0673494
180,3.28196050904874,5,0.06726964
180,3.28196050904874,6,0.06724589
180,3.28196050904874,7,0.06734238
180,3.28196050904874,8,0.06743634
180,3.28196050904874,9,0.06733397
180,3.28196050904874,10,0.06728976
180,3.28196050904874,11,0.06738228
180,3.28196050904874,12,0.06732168
180,3.28196050904874,13,0.06739127
180,3.28196050904874,14,0.0675443
180,3.28196050904874,15,0.06733789
181,3.29111606189154,0,0.06718662
181,3.29111606189154,1,0.0669546
181,3.29111606189154,2,0.06715848
181,3.29111606189154,3,0.06724995
181,3.29111606189154,4,0.06714858
181,3.29111606189154,5,0.0672631
181,3.29111606189154,6,0.06714939
181,3.29111606189154,7,0.06737535
181,3.29111606189154,8,0.06752762
181,3.29111606189154,9,0.06728961
181,3.29111606189154,10,0.06727676
181,3.29111606189154,11,0.06717922
181,3.29111606189154,12,0.06706122
181,3.29111606189154,13,0.06718381
181,3.29111606189154,14,0.06740212
181,3.29111606189154,15,0.06698203
182,3.30149235511338,0,0.06750783
182,3.30149235511338,1,0.06723742
182,3.30149235511338,2,0.06721143
182,3.30149235511338,3,0.06721181
182,3.30149235511338,4,0.06713773
182,3.30149235511338,5,0.06714839
182,3.30149235511338,6,0.06698437
182,3.30149235511338,7,0.06751057
182,3.30149235511338,8,0.0670744
182,3.30149235511338,9,0.06715876
182,3.30149235511338,10,0.06715403
182,3.30149235511338,11,0.06730878
182,3.30149235511338,12,0.06741831
182,3.30149235511338,13,0.06745656
182,3.30149235511338,14,0.06727504
182,3.30149235511338,15,0.06723585
183,3.3112582781457,0,0.06707317
183,3.3112582781457,1,0.06707656
183,3.3112582781457,2,0.06684706
183,3.3112582781457,3,0.06700707
183,3.3112582781457,4,0.06710462
183,3.3112582781457,5,0.06732149
183,3.3112582781457,6,0.06716034
183,3.3112582781457,7,0.06710122
183,3.3112582781457,8,0.06724522
183,3.3112582781457,9,0.06715021
183,3.3112582781457,10,0.06681132
183,3.3112582781457,11,0.06697371
183,3.3112582781457,12,0.0669935
183,3.3112582781457,13,0.06688295
183,3.3112582781457,14,0.06671501
183,3.3112582781457,15,0.06681313
184,3.32224494155705,0,0.06697897
184,3.32224494155705,1,0.06703622
184,3.32224494155705,2,0.06691579
184,3.32224494155705,3,0.06714514
184,3.32224494155705,4,0.06708182
184,3.32224494155705,5,0.06707045
184,3.32224494155705,6,0.06697553
184,3.32224494155705,7,0.06674651
184,3.32224494155705,8,0.06710371
184,3.32224494155705,9,0.06714126
184,3.32224494155705,10,0.06723031
184,3.32224494155705,11,0.06686011
184,3.32224494155705,12,0.06709281
184,3.32224494155705,13,0.0670063
184,3.32224494155705,14,0.0670551
184,3.32224494155705,15,0.06703819
185,3.33140049439985,0,0.06699574
185,3.33140049439985,1,0.06681724
185,3.33140049439985,2,0.0669576
185,3.33140049439985,3,0.06664877
185,3.33140049439985,4,0.06695053
185,3.33140049439985,5,0.06708516
185,3.33140049439985,6,0.06711221
185,3.33140049439985,7,0.06668357
185,3.33140049439985,8,0.06684319
185,3.33140049439985,9,0.0669935
185,3.33140049439985,10,0.0669902
185,3.33140049439985,11,0.06696802
185,3.33140049439985,12,0.06731293
185,3.33140049439985,13,0.0669795
185,3.33140049439985,14,0.0670465
185,3.33140049439985,15,0.06693734
186,3.34238715781121,0,0.06706007
186,3.34238715781121,1,0.06701711
186,3.34238715781121,2,0.06704975
186,3.34238715781121,3,0.06689552
186,3.34238715781121,4,0.06695306
186,3.34238715781121,5,0.06735414
186,3.34238715781121,6,0.06704817
186,3.34238715781121,7,0.06703914
186,3.34238715781121,8,0.06729171
186,3.34238715781121,9,0.06719346
186,3.34238715781121,10,0.06736192
186,3.34238715781121,11,0.06709921
186,3.34238715781121,12,0.06717644
186,3.34238715781121,13,0.06733798
186,3.34238715781121,14,0.06725483
186,3.34238715781121,15,0.06701797
187,3.35154271065401,0,0.06731772
187,3.35154271065401,1,0.06710844
187,3.35154271065401,2,0.06701285
187,3.35154271065401,3,0.06733325
187,3.35154271065401,4,0.06731327
187,3.35154271065401,5,0.06731781
187,3.35154271065401,6,0.06738792
187,3.35154271065401,7,0.06703364
187,3.35154271065401,8,0.06688912
187,3.35154271065401,9,0.06714256
187,3.35154271065401,10,0.06746821
187,3.35154271065401,11,0.06733416
187,3.35154271065401,12,0.06719551
187,3.35154271065401,13,0.06718165
187,3.35154271065401,14,0.06705371
187,3.35154271065401,15,0.06713248
188,3.36130863368633,0,0.06727508
188,3.36130863368633,1,0.06739849
188,3.36130863368633,2,0.067279
188,3.36130863368633,3,0.06719365
188,3.36130863368633,4,0.06720751
188,3.36130863368633,5,0.06717066
188,3.36130863368633,6,0.06741621
188,3.36130863368633,7,0.06736221
188,3.36130863368633,8,0.06721195
188,3.36130863368633,9,0.06738415
188,3.36130863368633,10,0.06741039
188,3.36130863368633,11,0.06718171
188,3.36130863368633,12,0.06744771
188,3.36130863368633,13,0.06731519
188,3.36130863368633,14,0.06737091
188,3.36130863368633,15,0.06738868
189,3.37168492690817,0,0.06734324
189,3.37168492690817,1,0.06763481
189,3.37168492690817,2,0.06749421
189,3.37168492690817,3,0.0675811
189,3.37168492690817,4,0.06726892
189,3.37168492690817,5,0.0675215
189,3.37168492690817,6,0.06727151
189,3.37168492690817,7,0.06714103
189,3.37168492690817,8,0.06765863
189,3.37168492690817,9,0.06740297
189,3.37168492690817,10,0.06735486
189,3.37168492690817,11,0.06757905
189,3.37168492690817,12,0.06741966
189,3.37168492690817,13,0.06736972
189,3.37168492690817,14,0.06736001
189,3.37168492690817,15,0.0673831
190,3.38206122013001,0,0.06730519
190,3.38206122013001,1,0.0672509
190,3.38206122013001,2,0.06757565
190,3.38206122013001,3,0.06730142
190,3.38206122013001,4,0.0675507
190,3.38206122013001,5,0.06749932
190,3.38206122013001,6,0.06737727
190,3.38206122013001,7,0.06753851
190,3.38206122013001,8,0.06744952
190,3.38206122013001,9,0.06750301
190,3.38206122013001,10,0.06741383
190,3.38206122013001,11,0.0675823
190,3.38206122013001,12,0.06750607
190,3.38206122013001,13,0.06750133
190,3.38206122013001,14,0.06733081
190,3.38206122013001,15,0.06726543
191,3.39121677297281,0,0.06756681
191,3.39121677297281,1,0.06731265
191,3.39121677297281,2,0.06730071
191,3.39121677297281,3,0.06730194
191,3.39121677297281,4,0.06695985
191,3.39121677297281,5,0.06713114
191,3.39121677297281,6,0.06731327
191,3.39121677297281,7,0.06720039
191,3.39121677297281,8,0.06722639
191,3.39121677297281,9,0.06703498
191,3.39121677297281,10,0.06714156
191,3.39121677297281,11,0.06697232
191,3.39121677297281,12,0.06708187
191,3.39121677297281,13,0.06713831
191,3.39121677297281,14,0.06703507
191,3.39121677297281,15,0.06726099
192,3.40220343638417,0,0.06735274
192,3.40220343638417,1,0.06768318
192,3.40220343638417,2,0.06775334
192,3.40220343638417,3,0.06745837
192,3.40220343638417,4,0.06731896
192,3.40220343638417,5,0.06709506
192,3.40220343638417,6,0.0675021
192,3.40220343638417,7,0.06750061
192,3.40220343638417,8,0.06729435
192,3.40220343638417,9,0.06750587
192,3.40220343638417,10,0.0675398
192,3.40220343638417,11,0.06726405
192,3.40220343638417,12,0.06742248
192,3.40220343638417,13,0.06763711
192,3.40220343638417,14,0.06750859
192,3.40220343638417,15,0.06748064
193,3.41135898922697,0,0.06753598
193,3.41135898922697,1,0.06726199
193,3.41135898922697,2,0.06726471
193,3.41135898922697,3,0.06721917
193,3.41135898922697,4,0.06718171
193,3.41135898922697,5,0.067345
193,3.41135898922697,6,0.06747519
193,3.41135898922697,7,0.06741101
193,3.41135898922697,8,0.06757995
193,3.41135898922697,9,0.06726176
193,3.41135898922697,10,0.06734581
193,3.41135898922697,11,0.06726887
193,3.41135898922697,12,0.06737201
193,3.41135898922697,13,0.06740656
193,3.41135898922697,14,0.06730071
193,3.41135898922697,15,0.06717936
194,3.42112491225928,0,0.06697983
194,3.42112491225928,1,0.06722548
194,3.42112491225928,2,0.06732307
194,3.42112491225928,3,0.06720416
194,3.42112491225928,4,0.0671351
194,3.42112491225928,5,0.06717324
194,3.42112491225928,6,0.06721105
194,3.42112491225928,7,0.06714901
194,3.42112491225928,8,0.06708191
194,3.42112491225928,9,0.06740598
194,3.42112491225928,10,0.06728125
194,3.42112491225928,11,0.06693261
194,3.42112491225928,12,0.06725607
194,3.42112491225928,13,0.06719298
194,3.42112491225928,14,0.06731896
194,3.42112491225928,15,0.06692845
195,3.43150120548112,0,0.06750076
195,3.43150120548112,1,0.06720565
195,3.43150120548112,2,0.06701032
195,3.43150120548112,3,0.06722041
195,3.43150120548112,4,0.06705123
195,3.43150120548112,5,0.06724268
195,3.43150120548112,6,0.06732699
195,3.43150120548112,7,0.06768227
195,3.43150120548112,8,0.06763229
195,3.43150120548112,9,0.06729402
195,3.43150120548112,10,0.06722184
195,3.43150120548112,11,0.06709859
195,3.43150120548112,12,0.0671925
195,3.43150120548112,13,0.06696931
195,3.43150120548112,14,0.06725864
195,3.43150120548112,15,0.06741364
196,3.44187749870296,0,0.06744671
196,3.44187749870296,1,0.06747509
196,3.44187749870296,2,0.06725382
196,3.44187749870296,3,0.06746363
196,3.44187749870296,4,0.06703704
196,3.44187749870296,5,0.06744882
196,3.44187749870296,6,0.06737947
196,3.44187749870296,7,0.06724072
196,3.44187749870296,8,0.06716168
196,3.44187749870296,9,0.06722758
196,3.44187749870296,10,0.06720398
196,3.44187749870296,11,0.06705433
196,3.44187749870296,12,0.06717415
196,3.44187749870296,13,0.0671406
196,3.44187749870296,14,0.06732799
196,3.44187749870296,15,0.0675085
197,3.45164342173528,0,0.06728015
197,3.45164342173528,1,0.06710877
197,3.45164342173528,2,0.06719957
197,3.45164342173528,3,0.06719197
197,3.45164342173528,4,0.0675108
197,3.45164342173528,5,0.06718829
197,3.45164342173528,6,0.067315
197,3.45164342173528,7,0.06730529
197,3.45164342173528,8,0.06717554
197,3.45164342173528,9,0.0672327
197,3.45164342173528,10,0.06734057
197,3.45164342173528,11,0.06742042
197,3.45164342173528,12,0.06727466
197,3.45164342173528,13,0.067329
197,3.45164342173528,14,0.0674513
197,3.45164342173528,15,0.06732904
198,3.4614093447676,0,0.06738395
198,3.4614093447676,1,0.06730868
198,3.4614093447676,2,0.06728121
198,3.4614093447676,3,0.06748289
198,3.4614093447676,4,0.067146
198,3.4614093447676,5,0.06748724
198,3.4614093447676,6,0.06732976
198,3.4614093447676,7,0.06734931
198,3.4614093447676,8,0.06718959
198,3.4614093447676,9,0.06733009
198,3.4614093447676,10,0.06699684
198,3.4614093447676,11,0.06735796
198,3.4614093447676,12,0.06740446
198,3.4614093447676,13,0.06727193
198,3.4614093447676,14,0.06754143
198,3.4614093447676,15,0.06717998
199,3.47239600817896,0,0.0671645
199,3.47239600817896,1,0.06731528
199,3.47239600817896,2,0.06688257
199,3.47239600817896,3,0.0670085
199,3.47239600817896,4,0.0670184
199,3.47239600817896,5,0.06706585
199,3.47239600817896,6,0.06702662
199,3.47239600817896,7,0.06680352
199,3.47239600817896,8,0.06713219
199,3.47239600817896,9,0.06692659
199,3.47239600817896,10,0.06722964
199,3.47239600817896,11,0.06726094
199,3.47239600817896,12,0.06706624
199,3.47239600817896,13,0.06716182
199,3.47239600817896,14,0.06692439
199,3.47239600817896,15,0.06685667
200,3.48155156102176,0,0.06723843
200,3.48155156102176,1,0.0672066
200,3.48155156102176,2,0.06736517
200,3.48155156102176,3,0.06729306
200,3.48155156102176,4,0.06696047
200,3.48155156102176,5,0.06736121
200,3.48155156102176,6,0.06734792
200,3.48155156102176,7,0.06737526
200,3.48155156102176,8,0.06738472
200,3.48155156102176,9,0.06713405
200,3.48155156102176,10,0.06708827
200,3.48155156102176,11,0.06676792
200,3.48155156102176,12,0.06685418
200,3.48155156102176,13,0.06680524
200,3.48155156102176,14,0.06720923
200,3.48155156102176,15,0.06686838
