position,voltage_mean,voltage_std,n_samples
0.992461928159429,0.0231063125,0.00020921841680705377,16
1.98431348612934,0.023223108125000003,0.0002282960885894332,16
2.97677541428877,0.08418922625,0.0007071563699500523,16
3.97045808282723,0.21056589375,0.0005723449511316947,16
4.9641407513657,0.23545635,0.0003256354652828853,16
